fund_type,fund_code,fund_description,department_number,department_description,appropriation_authority,appropriation_authority_description,appropriation_account,appropriation_account_description,appropration,revised_appropriation,recommendation
LOCAL,0100,Corporate Fund,1,Office of the Mayor,2005,Office of the Mayor,5,Salaries and Wages - on Payroll,6528090,6528090,7028929
LOCAL,0100,Corporate Fund,1,Office of the Mayor,2005,Office of the Mayor,126,Office Conveniences,1200,1200,1200
LOCAL,0100,Corporate Fund,1,Office of the Mayor,2005,Office of the Mayor,130,Postage,5000,5000,5000
LOCAL,0100,Corporate Fund,1,Office of the Mayor,2005,Office of the Mayor,150,Publications and Reproduction - Outside Services to Be Expended with the Prior Approval of Graphics Services,1000,1000,1300
LOCAL,0100,Corporate Fund,1,Office of the Mayor,2005,Office of the Mayor,157,Rental of Equipment and Services,42500,42500,40000
LOCAL,0100,Corporate Fund,1,Office of the Mayor,2005,Office of the Mayor,159,Lease Purchase Agreements for Equipment and Machinery,53744,53744,52000
LOCAL,0100,Corporate Fund,1,Office of the Mayor,2005,Office of the Mayor,162,Repair/Maintenance of Equipment,6984,6984,6984
LOCAL,0100,Corporate Fund,1,Office of the Mayor,2005,Office of the Mayor,166,Dues  Subscriptions and Memberships,22000,22000,22000
LOCAL,0100,Corporate Fund,1,Office of the Mayor,2005,Office of the Mayor,169,Technical Meeting Costs,5286,5286,6000
LOCAL,0100,Corporate Fund,1,Office of the Mayor,2005,Office of the Mayor,181,Mobile Communication Services,40000,40000,40000
LOCAL,0100,Corporate Fund,1,Office of the Mayor,2005,Office of the Mayor,190,Telephone - Non-Centrex Billings,48000,48000,19800
LOCAL,0100,Corporate Fund,1,Office of the Mayor,2005,Office of the Mayor,196,Data Circuits,444,444,0
LOCAL,0100,Corporate Fund,1,Office of the Mayor,2005,Office of the Mayor,197,Telephone - Maintenance and Repair of Equipment and Voicemail,3300,3300,2800
LOCAL,0100,Corporate Fund,1,Office of the Mayor,2005,Office of the Mayor,229,Transportation and Expense Allowance,1000,1000,1000
LOCAL,0100,Corporate Fund,1,Office of the Mayor,2005,Office of the Mayor,245,Reimbursement to Travelers,25780,25780,25780
LOCAL,0100,Corporate Fund,1,Office of the Mayor,2005,Office of the Mayor,270,Local Transportation,1050,1050,1050
LOCAL,0100,Corporate Fund,1,Office of the Mayor,2005,Office of the Mayor,350,Stationery and Office Supplies,30000,30000,30000
LOCAL,0355,Special Events and Municipal Hotel Operators' Occupation Tax Fund,1,Office of the Mayor,2005,Office of the Mayor,5,Salaries and Wages - on Payroll,410803,410803,436020
LOCAL,0100,Corporate Fund,3,Office of Inspector General,2005,Office of Inspector General,5,Salaries and Wages - on Payroll,4965802,4965802,5537227
LOCAL,0100,Corporate Fund,3,Office of Inspector General,2005,Office of Inspector General,15,Schedule Salary Adjustments,41517,41517,63088
LOCAL,0100,Corporate Fund,3,Office of Inspector General,2005,Office of Inspector General,130,Postage,820,820,820
LOCAL,0100,Corporate Fund,3,Office of Inspector General,2005,Office of Inspector General,138,For Professional Services for Information Technology Maintenance,100549,150549,63549
LOCAL,0100,Corporate Fund,3,Office of Inspector General,2005,Office of Inspector General,140,For Professional and Technical Services and Other Third Party Benefit Agreements,222315,222315,181837
LOCAL,0100,Corporate Fund,3,Office of Inspector General,2005,Office of Inspector General,149,For Software Maintenance and Licensing,262137,262137,425954
LOCAL,0100,Corporate Fund,3,Office of Inspector General,2005,Office of Inspector General,157,Rental of Equipment and Services,46235,46235,35185
LOCAL,0100,Corporate Fund,3,Office of Inspector General,2005,Office of Inspector General,159,Lease Purchase Agreements for Equipment and Machinery,36940,36940,46700
LOCAL,0100,Corporate Fund,3,Office of Inspector General,2005,Office of Inspector General,162,Repair/Maintenance of Equipment,115,115,65
LOCAL,0100,Corporate Fund,3,Office of Inspector General,2005,Office of Inspector General,166,Dues  Subscriptions and Memberships,3760,3760,6760
LOCAL,0100,Corporate Fund,3,Office of Inspector General,2005,Office of Inspector General,169,Technical Meeting Costs,101273,51273,101273
LOCAL,0100,Corporate Fund,3,Office of Inspector General,2005,Office of Inspector General,181,Mobile Communication Services,42233,42233,20233
LOCAL,0100,Corporate Fund,3,Office of Inspector General,2005,Office of Inspector General,189,Telephone - Non-Centrex Billings,22708,22708,26708
LOCAL,0100,Corporate Fund,3,Office of Inspector General,2005,Office of Inspector General,245,Reimbursement to Travelers,558,558,558
LOCAL,0100,Corporate Fund,3,Office of Inspector General,2005,Office of Inspector General,270,Local Transportation,29467,29467,28467
LOCAL,0100,Corporate Fund,3,Office of Inspector General,2005,Office of Inspector General,320,Gasoline,709,709,709
LOCAL,0100,Corporate Fund,3,Office of Inspector General,2005,Office of Inspector General,340,Material and Supplies,2552,2552,2552
LOCAL,0100,Corporate Fund,3,Office of Inspector General,2005,Office of Inspector General,348,Books and Related Material,2032,2032,1200
LOCAL,0100,Corporate Fund,3,Office of Inspector General,2005,Office of Inspector General,350,Stationery and Office Supplies,12842,12842,12842
LOCAL,0100,Corporate Fund,3,Office of Inspector General,2005,Office of Inspector General,700,Contingencies,980,980,20000
LOCAL,0100,Corporate Fund,3,Office of Inspector General,2005,Office of Inspector General,9438,For Services Provided by the Department of Fleet and Facilities Management,1000,1000,3000
LOCAL,0200,Water Fund,3,Office of Inspector General,2005,Office of Inspector General,5,Salaries and Wages - on Payroll,972226,972226,1022933
LOCAL,0200,Water Fund,3,Office of Inspector General,2005,Office of Inspector General,15,Schedule Salary Adjustments,5890,5890,4967
LOCAL,0200,Water Fund,3,Office of Inspector General,2005,Office of Inspector General,130,Postage,683,683,683
LOCAL,0200,Water Fund,3,Office of Inspector General,2005,Office of Inspector General,138,For Professional Services for Information Technology Maintenance,7597,7597,7597
LOCAL,0200,Water Fund,3,Office of Inspector General,2005,Office of Inspector General,140,For Professional and Technical Services and Other Third Party Benefit Agreements,47352,47352,30621
LOCAL,0200,Water Fund,3,Office of Inspector General,2005,Office of Inspector General,149,For Software Maintenance and Licensing,13457,13457,8457
LOCAL,0200,Water Fund,3,Office of Inspector General,2005,Office of Inspector General,154,For the Rental and Maintenance of Data Processing  Office Automation and Data Communications Hardware,10031,10031,10031
LOCAL,0200,Water Fund,3,Office of Inspector General,2005,Office of Inspector General,157,Rental of Equipment and Services,21334,21334,10334
LOCAL,0200,Water Fund,3,Office of Inspector General,2005,Office of Inspector General,159,Lease Purchase Agreements for Equipment and Machinery,2437,2437,2437
LOCAL,0200,Water Fund,3,Office of Inspector General,2005,Office of Inspector General,162,Repair/Maintenance of Equipment,1632,1632,1632
LOCAL,0200,Water Fund,3,Office of Inspector General,2005,Office of Inspector General,166,Dues  Subscriptions and Memberships,5093,5093,5093
LOCAL,0200,Water Fund,3,Office of Inspector General,2005,Office of Inspector General,169,Technical Meeting Costs,7854,7854,7854
LOCAL,0200,Water Fund,3,Office of Inspector General,2005,Office of Inspector General,181,Mobile Communication Services,4501,4501,2501
LOCAL,0200,Water Fund,3,Office of Inspector General,2005,Office of Inspector General,189,Telephone - Non-Centrex Billings,14062,14062,14062
LOCAL,0200,Water Fund,3,Office of Inspector General,2005,Office of Inspector General,245,Reimbursement to Travelers,558,558,558
LOCAL,0200,Water Fund,3,Office of Inspector General,2005,Office of Inspector General,270,Local Transportation,1615,1615,1615
LOCAL,0200,Water Fund,3,Office of Inspector General,2005,Office of Inspector General,320,Gasoline,1132,1132,1132
LOCAL,0200,Water Fund,3,Office of Inspector General,2005,Office of Inspector General,340,Material and Supplies,1608,1608,1608
LOCAL,0200,Water Fund,3,Office of Inspector General,2005,Office of Inspector General,348,Books and Related Material,1082,1082,1082
LOCAL,0200,Water Fund,3,Office of Inspector General,2005,Office of Inspector General,350,Stationery and Office Supplies,4498,4498,4498
LOCAL,0200,Water Fund,3,Office of Inspector General,2005,Office of Inspector General,700,Contingencies,8577,8577,1215
LOCAL,0314,Sewer Fund,3,Office of Inspector General,2005,Office of Inspector General,5,Salaries and Wages - on Payroll,622368,622368,641078
LOCAL,0314,Sewer Fund,3,Office of Inspector General,2005,Office of Inspector General,15,Schedule Salary Adjustments,1600,1600,1485
LOCAL,0314,Sewer Fund,3,Office of Inspector General,2005,Office of Inspector General,130,Postage,519,519,519
LOCAL,0314,Sewer Fund,3,Office of Inspector General,2005,Office of Inspector General,138,For Professional Services for Information Technology Maintenance,11612,11612,11612
LOCAL,0314,Sewer Fund,3,Office of Inspector General,2005,Office of Inspector General,140,For Professional and Technical Services and Other Third Party Benefit Agreements,33274,33274,30443
LOCAL,0314,Sewer Fund,3,Office of Inspector General,2005,Office of Inspector General,149,For Software Maintenance and Licensing,13432,13432,15267
LOCAL,0314,Sewer Fund,3,Office of Inspector General,2005,Office of Inspector General,154,For the Rental and Maintenance of Data Processing  Office Automation and Data Communications Hardware,9599,9599,9599
LOCAL,0314,Sewer Fund,3,Office of Inspector General,2005,Office of Inspector General,157,Rental of Equipment and Services,9359,9359,9359
LOCAL,0314,Sewer Fund,3,Office of Inspector General,2005,Office of Inspector General,159,Lease Purchase Agreements for Equipment and Machinery,1917,1917,1917
LOCAL,0314,Sewer Fund,3,Office of Inspector General,2005,Office of Inspector General,162,Repair/Maintenance of Equipment,54,54,54
LOCAL,0314,Sewer Fund,3,Office of Inspector General,2005,Office of Inspector General,166,Dues  Subscriptions and Memberships,1611,1611,1611
LOCAL,0314,Sewer Fund,3,Office of Inspector General,2005,Office of Inspector General,169,Technical Meeting Costs,11530,11530,11530
LOCAL,0314,Sewer Fund,3,Office of Inspector General,2005,Office of Inspector General,181,Mobile Communication Services,4061,4061,6061
LOCAL,0314,Sewer Fund,3,Office of Inspector General,2005,Office of Inspector General,189,Telephone - Non-Centrex Billings,19856,19856,21856
LOCAL,0314,Sewer Fund,3,Office of Inspector General,2005,Office of Inspector General,245,Reimbursement to Travelers,558,558,558
LOCAL,0314,Sewer Fund,3,Office of Inspector General,2005,Office of Inspector General,270,Local Transportation,1615,1615,1615
LOCAL,0314,Sewer Fund,3,Office of Inspector General,2005,Office of Inspector General,320,Gasoline,180,180,180
LOCAL,0314,Sewer Fund,3,Office of Inspector General,2005,Office of Inspector General,340,Material and Supplies,1291,1291,1291
LOCAL,0314,Sewer Fund,3,Office of Inspector General,2005,Office of Inspector General,348,Books and Related Material,1082,1082,1082
LOCAL,0314,Sewer Fund,3,Office of Inspector General,2005,Office of Inspector General,350,Stationery and Office Supplies,8759,8759,8759
LOCAL,0314,Sewer Fund,3,Office of Inspector General,2005,Office of Inspector General,700,Contingencies,26182,26182,1725
LOCAL,0610,Chicago Midway Airport Fund,3,Office of Inspector General,2005,Office of Inspector General,5,Salaries and Wages - on Payroll,209268,209268,182502
LOCAL,0610,Chicago Midway Airport Fund,3,Office of Inspector General,2005,Office of Inspector General,15,Schedule Salary Adjustments,2720,2720,2408
LOCAL,0610,Chicago Midway Airport Fund,3,Office of Inspector General,2005,Office of Inspector General,130,Postage,100,100,100
LOCAL,0610,Chicago Midway Airport Fund,3,Office of Inspector General,2005,Office of Inspector General,138,For Professional Services for Information Technology Maintenance,200,200,278
LOCAL,0610,Chicago Midway Airport Fund,3,Office of Inspector General,2005,Office of Inspector General,154,For the Rental and Maintenance of Data Processing  Office Automation and Data Communications Hardware,2000,2000,12000
LOCAL,0610,Chicago Midway Airport Fund,3,Office of Inspector General,2005,Office of Inspector General,157,Rental of Equipment and Services,2030,2030,13030
LOCAL,0610,Chicago Midway Airport Fund,3,Office of Inspector General,2005,Office of Inspector General,169,Technical Meeting Costs,1396,1396,7396
LOCAL,0610,Chicago Midway Airport Fund,3,Office of Inspector General,2005,Office of Inspector General,181,Mobile Communication Services,1448,1448,1448
LOCAL,0610,Chicago Midway Airport Fund,3,Office of Inspector General,2005,Office of Inspector General,270,Local Transportation,300,300,300
LOCAL,0610,Chicago Midway Airport Fund,3,Office of Inspector General,2005,Office of Inspector General,320,Gasoline,200,200,200
LOCAL,0610,Chicago Midway Airport Fund,3,Office of Inspector General,2005,Office of Inspector General,340,Material and Supplies,200,200,200
LOCAL,0610,Chicago Midway Airport Fund,3,Office of Inspector General,2005,Office of Inspector General,350,Stationery and Office Supplies,100,100,100
LOCAL,0740,Chicago O'Hare Airport Fund,3,Office of Inspector General,2005,Office of Inspector General,5,Salaries and Wages - on Payroll,749691,749691,780089
LOCAL,0740,Chicago O'Hare Airport Fund,3,Office of Inspector General,2005,Office of Inspector General,15,Schedule Salary Adjustments,10079,10079,10855
LOCAL,0740,Chicago O'Hare Airport Fund,3,Office of Inspector General,2005,Office of Inspector General,20,Overtime,3000,3000,3000
LOCAL,0740,Chicago O'Hare Airport Fund,3,Office of Inspector General,2005,Office of Inspector General,130,Postage,610,610,610
LOCAL,0740,Chicago O'Hare Airport Fund,3,Office of Inspector General,2005,Office of Inspector General,138,For Professional Services for Information Technology Maintenance,2412,2412,2412
LOCAL,0740,Chicago O'Hare Airport Fund,3,Office of Inspector General,2005,Office of Inspector General,140,For Professional and Technical Services and Other Third Party Benefit Agreements,17477,17477,4729
LOCAL,0740,Chicago O'Hare Airport Fund,3,Office of Inspector General,2005,Office of Inspector General,149,For Software Maintenance and Licensing,4141,4141,2306
LOCAL,0740,Chicago O'Hare Airport Fund,3,Office of Inspector General,2005,Office of Inspector General,154,For the Rental and Maintenance of Data Processing  Office Automation and Data Communications Hardware,20257,20257,10257
LOCAL,0740,Chicago O'Hare Airport Fund,3,Office of Inspector General,2005,Office of Inspector General,157,Rental of Equipment and Services,18054,18054,8054
LOCAL,0740,Chicago O'Hare Airport Fund,3,Office of Inspector General,2005,Office of Inspector General,159,Lease Purchase Agreements for Equipment and Machinery,206,206,206
LOCAL,0740,Chicago O'Hare Airport Fund,3,Office of Inspector General,2005,Office of Inspector General,162,Repair/Maintenance of Equipment,65,65,65
LOCAL,0740,Chicago O'Hare Airport Fund,3,Office of Inspector General,2005,Office of Inspector General,166,Dues  Subscriptions and Memberships,1610,1610,1610
LOCAL,0740,Chicago O'Hare Airport Fund,3,Office of Inspector General,2005,Office of Inspector General,169,Technical Meeting Costs,11447,11447,5447
LOCAL,0740,Chicago O'Hare Airport Fund,3,Office of Inspector General,2005,Office of Inspector General,181,Mobile Communication Services,4757,4757,2757
LOCAL,0740,Chicago O'Hare Airport Fund,3,Office of Inspector General,2005,Office of Inspector General,189,Telephone - Non-Centrex Billings,5258,5258,3258
LOCAL,0740,Chicago O'Hare Airport Fund,3,Office of Inspector General,2005,Office of Inspector General,245,Reimbursement to Travelers,558,558,558
LOCAL,0740,Chicago O'Hare Airport Fund,3,Office of Inspector General,2005,Office of Inspector General,270,Local Transportation,1315,1315,1315
LOCAL,0740,Chicago O'Hare Airport Fund,3,Office of Inspector General,2005,Office of Inspector General,320,Gasoline,1956,1956,1956
LOCAL,0740,Chicago O'Hare Airport Fund,3,Office of Inspector General,2005,Office of Inspector General,340,Material and Supplies,1685,1685,1685
LOCAL,0740,Chicago O'Hare Airport Fund,3,Office of Inspector General,2005,Office of Inspector General,348,Books and Related Material,1082,1082,1082
LOCAL,0740,Chicago O'Hare Airport Fund,3,Office of Inspector General,2005,Office of Inspector General,350,Stationery and Office Supplies,2812,2812,2812
LOCAL,0740,Chicago O'Hare Airport Fund,3,Office of Inspector General,2005,Office of Inspector General,700,Contingencies,1201,1201,1201
LOCAL,0100,Corporate Fund,5,Office of Budget and Management,2005,Office of Budget and Management,5,Salaries and Wages - on Payroll,2934777,2934777,3054769
LOCAL,0100,Corporate Fund,5,Office of Budget and Management,2005,Office of Budget and Management,15,Schedule Salary Adjustments,16785,16785,15013
LOCAL,0100,Corporate Fund,5,Office of Budget and Management,2005,Office of Budget and Management,39,For the Employment of Students as Trainees,37500,37500,37500
LOCAL,0100,Corporate Fund,5,Office of Budget and Management,2005,Office of Budget and Management,130,Postage,1500,1500,5000
LOCAL,0100,Corporate Fund,5,Office of Budget and Management,2005,Office of Budget and Management,140,For Professional and Technical Services and Other Third Party Benefit Agreements,5500,4900,5500
LOCAL,0100,Corporate Fund,5,Office of Budget and Management,2005,Office of Budget and Management,152,Advertising,1000,800,1000
LOCAL,0100,Corporate Fund,5,Office of Budget and Management,2005,Office of Budget and Management,157,Rental of Equipment and Services,10000,10000,10000
LOCAL,0100,Corporate Fund,5,Office of Budget and Management,2005,Office of Budget and Management,169,Technical Meeting Costs,1000,1800,1000
LOCAL,0100,Corporate Fund,5,Office of Budget and Management,2005,Office of Budget and Management,181,Mobile Communication Services,4986,4986,5100
LOCAL,0100,Corporate Fund,5,Office of Budget and Management,2005,Office of Budget and Management,190,Telephone - Non-Centrex Billings,8000,8000,4500
LOCAL,0100,Corporate Fund,5,Office of Budget and Management,2005,Office of Budget and Management,197,Telephone - Maintenance and Repair of Equipment and Voicemail,2000,2000,1209
LOCAL,0100,Corporate Fund,5,Office of Budget and Management,2005,Office of Budget and Management,245,Reimbursement to Travelers,500,800,500
LOCAL,0100,Corporate Fund,5,Office of Budget and Management,2005,Office of Budget and Management,270,Local Transportation,500,200,500
LOCAL,0100,Corporate Fund,5,Office of Budget and Management,2005,Office of Budget and Management,348,Books and Related Material,400,400,400
LOCAL,0100,Corporate Fund,5,Office of Budget and Management,2005,Office of Budget and Management,350,Stationery and Office Supplies,5400,5400,5400
LOCAL,0200,Water Fund,5,Office of Budget and Management,2005,Office of Budget and Management,5,Salaries and Wages - on Payroll,124080,124080,130356
LOCAL,0B21,Tax Increment Financing Administration Fund,5,Office of Budget and Management,2005,Office of Budget and Management,5,Salaries and Wages - on Payroll,96720,96720,99624
LOCAL,0100,Corporate Fund,6,Department of Innovation and Technology,2005,Department of Innovation and Technology,5,Salaries and Wages - on Payroll,8949363,8949363,9793162
LOCAL,0100,Corporate Fund,6,Department of Innovation and Technology,2005,Department of Innovation and Technology,15,Schedule Salary Adjustments,16835,16835,18255
LOCAL,0100,Corporate Fund,6,Department of Innovation and Technology,2005,Department of Innovation and Technology,39,For the Employment of Students as Trainees,0,0,78000
LOCAL,0100,Corporate Fund,6,Department of Innovation and Technology,2005,Department of Innovation and Technology,130,Postage,4786,4786,78
LOCAL,0100,Corporate Fund,6,Department of Innovation and Technology,2005,Department of Innovation and Technology,138,For Professional Services for Information Technology Maintenance,2538419,2538419,2524431
LOCAL,0100,Corporate Fund,6,Department of Innovation and Technology,2005,Department of Innovation and Technology,140,For Professional and Technical Services and Other Third Party Benefit Agreements,2455910,2455910,1125262
LOCAL,0100,Corporate Fund,6,Department of Innovation and Technology,2005,Department of Innovation and Technology,149,For Software Maintenance and Licensing,7124796,7124796,8352533
LOCAL,0100,Corporate Fund,6,Department of Innovation and Technology,2005,Department of Innovation and Technology,162,Repair/Maintenance of Equipment,817560,817560,1098177
LOCAL,0100,Corporate Fund,6,Department of Innovation and Technology,2005,Department of Innovation and Technology,166,Dues  Subscriptions and Memberships,349,349,20500
LOCAL,0100,Corporate Fund,6,Department of Innovation and Technology,2005,Department of Innovation and Technology,169,Technical Meeting Costs,62700,62700,72700
LOCAL,0100,Corporate Fund,6,Department of Innovation and Technology,2005,Department of Innovation and Technology,181,Mobile Communication Services,32400,32400,30000
LOCAL,0100,Corporate Fund,6,Department of Innovation and Technology,2005,Department of Innovation and Technology,190,Telephone - Non-Centrex Billings,31000,31000,25190
LOCAL,0100,Corporate Fund,6,Department of Innovation and Technology,2005,Department of Innovation and Technology,196,Data Circuits,748170,748170,699037
LOCAL,0100,Corporate Fund,6,Department of Innovation and Technology,2005,Department of Innovation and Technology,197,Telephone - Maintenance and Repair of Equipment and Voicemail,9505,9505,9505
LOCAL,0100,Corporate Fund,6,Department of Innovation and Technology,2005,Department of Innovation and Technology,245,Reimbursement to Travelers,3150,3440,5000
LOCAL,0100,Corporate Fund,6,Department of Innovation and Technology,2005,Department of Innovation and Technology,270,Local Transportation,900,610,900
LOCAL,0100,Corporate Fund,6,Department of Innovation and Technology,2005,Department of Innovation and Technology,340,Material and Supplies,10300,10300,7750
LOCAL,0100,Corporate Fund,6,Department of Innovation and Technology,2005,Department of Innovation and Technology,348,Books and Related Material,2400,2400,2700
LOCAL,0100,Corporate Fund,6,Department of Innovation and Technology,2005,Department of Innovation and Technology,350,Stationery and Office Supplies,6750,6750,6750
LOCAL,0100,Corporate Fund,6,Department of Innovation and Technology,2005,Department of Innovation and Technology,9438,For Services Provided by the Department of Fleet and Facilities Management,0,0,3000
LOCAL,0200,Water Fund,6,Department of Innovation and Technology,2005,Department of Innovation and Technology,138,For Professional Services for Information Technology Maintenance,934000,934000,934000
LOCAL,0200,Water Fund,6,Department of Innovation and Technology,2005,Department of Innovation and Technology,139,For Professional Services for Information Technology Development,820000,820000,820000
LOCAL,0200,Water Fund,6,Department of Innovation and Technology,2005,Department of Innovation and Technology,140,For Professional and Technical Services and Other Third Party Benefit Agreements,4477958,4477958,4477958
LOCAL,0200,Water Fund,6,Department of Innovation and Technology,2005,Department of Innovation and Technology,149,For Software Maintenance and Licensing,123827,123827,123827
LOCAL,0200,Water Fund,6,Department of Innovation and Technology,2005,Department of Innovation and Technology,197,Telephone - Maintenance and Repair of Equipment and Voicemail,21593,21593,21593
LOCAL,0346,Library Fund,6,Department of Innovation and Technology,2005,Department of Innovation and Technology,5,Salaries and Wages - on Payroll,1156922,1156922,1230233
LOCAL,0346,Library Fund,6,Department of Innovation and Technology,2005,Department of Innovation and Technology,15,Schedule Salary Adjustments,6939,6939,0
LOCAL,0100,Corporate Fund,15,City Council,2005,City Council,5,Salaries and Wages - on Payroll,6431073,6431073,6569719
LOCAL,0100,Corporate Fund,15,City Council,2005,City Council,17,Salary Allowance for Three Full-Time Salaried Employees Per Alderman,9270500,9270500,9548615
LOCAL,0100,Corporate Fund,15,City Council,2005,City Council,39,For the Employment of Students as Trainees,175000,175000,210000
LOCAL,0100,Corporate Fund,15,City Council,2005,City Council,181,Mobile Communication Services,1350,1350,0
LOCAL,0100,Corporate Fund,15,City Council,2005,City Council,190,Telephone - Non-Centrex Billings,66000,66000,38160
LOCAL,0100,Corporate Fund,15,City Council,2005,City Council,197,Telephone - Maintenance and Repair of Equipment and Voicemail,2800,2800,1760
LOCAL,0100,Corporate Fund,15,City Council,2005,City Council,245,Reimbursement to Travelers,1000,1000,1000
LOCAL,0100,Corporate Fund,15,City Council,2005,City Council,700,Contingencies,43000,43000,43000
LOCAL,0100,Corporate Fund,15,City Council,2005,City Council,982,For Expense in Connection with Recognition and Awards to Citizens of Chicago for Acts of Heroism. to Be Expended on Order of the City Council,1000,1000,1000
LOCAL,0100,Corporate Fund,15,City Council,2005,City Council,9008,Her Designee,4850000,4850000,4850000
LOCAL,0100,Corporate Fund,15,City Council,2005,City Council,9010,Chairman of the Committee on Finance,92072,92072,92072
LOCAL,0100,Corporate Fund,15,City Council,2005,City Council,9072,Of the City Council,4000,4000,4000
LOCAL,0100,Corporate Fund,15,City Council,2010,Committee on Finance,5,Salaries and Wages - on Payroll,1821680,1821680,1885500
LOCAL,0100,Corporate Fund,15,City Council,2010,Committee on Finance,130,Postage,16000,16000,16000
LOCAL,0100,Corporate Fund,15,City Council,2010,Committee on Finance,140,For Professional and Technical Services and Other Third Party Benefit Agreements,12500,12500,12500
LOCAL,0100,Corporate Fund,15,City Council,2010,Committee on Finance,143,Court Reporting,72000,72000,72000
LOCAL,0100,Corporate Fund,15,City Council,2010,Committee on Finance,157,Rental of Equipment and Services,65000,65000,65000
LOCAL,0100,Corporate Fund,15,City Council,2010,Committee on Finance,166,Dues  Subscriptions and Memberships,2000,2000,2000
LOCAL,0100,Corporate Fund,15,City Council,2010,Committee on Finance,169,Technical Meeting Costs,2500,2500,2500
LOCAL,0100,Corporate Fund,15,City Council,2010,Committee on Finance,190,Telephone - Non-Centrex Billings,19000,19000,8800
LOCAL,0100,Corporate Fund,21,Department of Housing,2010,Department of Housing,152,Advertising,0,0,10000
LOCAL,0100,Corporate Fund,15,City Council,2010,Committee on Finance,197,Telephone - Maintenance and Repair of Equipment and Voicemail,1400,1400,1120
LOCAL,0100,Corporate Fund,15,City Council,2010,Committee on Finance,229,Transportation and Expense Allowance,8000,8000,8000
LOCAL,0100,Corporate Fund,15,City Council,2010,Committee on Finance,340,Material and Supplies,3500,3500,3500
LOCAL,0100,Corporate Fund,15,City Council,2010,Committee on Finance,348,Books and Related Material,3000,3000,3000
LOCAL,0100,Corporate Fund,15,City Council,2010,Committee on Finance,350,Stationery and Office Supplies,45000,45000,45000
LOCAL,0100,Corporate Fund,15,City Council,2010,Committee on Finance,700,Contingencies,100,100,100
LOCAL,0100,Corporate Fund,15,City Council,2010,Committee on Finance,9005,For the Payment of Legal Fees Pursuant to Sec. 2-152-170 of the Municipal Code. to Be Expended at the Direction of the Committee on Finance,50000,50000,50000
LOCAL,0100,Corporate Fund,15,City Council,2010,Committee on Finance,9006,For Legal Assistance to the City Council. to Be Expended at the Direction of the Chairman of the Committee on Finance,50000,50000,50000
LOCAL,0100,Corporate Fund,15,City Council,2010,Committee on Finance,9010,Chairman of the Committee on Finance,92500,92500,92500
LOCAL,0100,Corporate Fund,15,City Council,2012,Council Office of Financial Analysis,5,Salaries and Wages - on Payroll,274056,274056,282216
LOCAL,0100,Corporate Fund,15,City Council,2012,Council Office of Financial Analysis,700,Contingencies,27160,27160,27160
LOCAL,0100,Corporate Fund,15,City Council,2214,Committee on the Budget and Government Operations,0,Personnel Services,492468,492468,507242
LOCAL,0100,Corporate Fund,15,City Council,2214,Committee on the Budget and Government Operations,100,Contractual Services,15000,15000,15000
LOCAL,0100,Corporate Fund,15,City Council,2214,Committee on the Budget and Government Operations,300,Commodities and Materials,12000,12000,12000
LOCAL,0100,Corporate Fund,15,City Council,2214,Committee on the Budget and Government Operations,400,Equipment,9500,9500,9500
LOCAL,0100,Corporate Fund,15,City Council,2214,Committee on the Budget and Government Operations,700,Contingencies,15000,15000,15000
LOCAL,0100,Corporate Fund,15,City Council,2220,Committee on Aviation,0,Personnel Services,108046,108046,111287
LOCAL,0100,Corporate Fund,15,City Council,2220,Committee on Aviation,100,Contractual Services,200,200,200
LOCAL,0100,Corporate Fund,15,City Council,2220,Committee on Aviation,300,Commodities and Materials,500,500,500
LOCAL,0100,Corporate Fund,15,City Council,2220,Committee on Aviation,700,Contingencies,750,750,750
LOCAL,0100,Corporate Fund,15,City Council,2225,Committee on License and Consumer Protection,0,Personnel Services,107246,107246,100463
LOCAL,0100,Corporate Fund,15,City Council,2225,Committee on License and Consumer Protection,100,Contractual Services,7500,7500,26500
LOCAL,0100,Corporate Fund,15,City Council,2225,Committee on License and Consumer Protection,300,Commodities and Materials,10500,10500,1500
LOCAL,0100,Corporate Fund,15,City Council,2235,Committee on Public Safety,0,Personnel Services,159355,159355,164136
LOCAL,0100,Corporate Fund,15,City Council,2235,Committee on Public Safety,100,Contractual Services,1000,1000,1000
LOCAL,0100,Corporate Fund,15,City Council,2235,Committee on Public Safety,300,Commodities and Materials,1000,1000,1000
LOCAL,0100,Corporate Fund,15,City Council,2235,Committee on Public Safety,700,Contingencies,500,500,500
LOCAL,0100,Corporate Fund,15,City Council,2240,Committee on Health and Environmental Protection,0,Personnel Services,90300,90300,93609
LOCAL,0100,Corporate Fund,15,City Council,2240,Committee on Health and Environmental Protection,100,Contractual Services,2006,2006,2506
LOCAL,0100,Corporate Fund,15,City Council,2240,Committee on Health and Environmental Protection,300,Commodities and Materials,800,800,800
LOCAL,0100,Corporate Fund,15,City Council,2240,Committee on Health and Environmental Protection,700,Contingencies,500,500,0
LOCAL,0100,Corporate Fund,15,City Council,2245,Committee on Committees  Rules and Ethics,0,Personnel Services,105068,105068,128220
LOCAL,0100,Corporate Fund,15,City Council,2245,Committee on Committees  Rules and Ethics,100,Contractual Services,40000,40000,20000
LOCAL,0100,Corporate Fund,15,City Council,2245,Committee on Committees  Rules and Ethics,300,Commodities and Materials,500,500,500
LOCAL,0100,Corporate Fund,15,City Council,2255,Committee on Economic  Capital and Technology Development,0,Personnel Services,102575,102575,105652
LOCAL,0100,Corporate Fund,15,City Council,2255,Committee on Economic  Capital and Technology Development,100,Contractual Services,1000,1000,1000
LOCAL,0100,Corporate Fund,15,City Council,2255,Committee on Economic  Capital and Technology Development,300,Commodities and Materials,500,500,500
LOCAL,0100,Corporate Fund,15,City Council,2255,Committee on Economic  Capital and Technology Development,700,Contingencies,1000,1000,1000
LOCAL,0100,Corporate Fund,15,City Council,2260,Committee on Education and Child Development,0,Personnel Services,163483,163483,168387
LOCAL,0100,Corporate Fund,15,City Council,2260,Committee on Education and Child Development,100,Contractual Services,3000,3000,3000
LOCAL,0100,Corporate Fund,15,City Council,2260,Committee on Education and Child Development,700,Contingencies,2000,2000,2000
LOCAL,0100,Corporate Fund,15,City Council,2275,Committee on Zoning  Landmarks and Building Standards,0,Personnel Services,310574,310574,319891
LOCAL,0100,Corporate Fund,15,City Council,2275,Committee on Zoning  Landmarks and Building Standards,100,Contractual Services,15300,15300,15300
LOCAL,0100,Corporate Fund,15,City Council,2275,Committee on Zoning  Landmarks and Building Standards,300,Commodities and Materials,74700,74700,74700
LOCAL,0100,Corporate Fund,15,City Council,2280,Committee on Housing and Real Estate,0,Personnel Services,198164,198164,204109
LOCAL,0100,Corporate Fund,15,City Council,2280,Committee on Housing and Real Estate,300,Commodities and Materials,8000,8000,8000
LOCAL,0100,Corporate Fund,15,City Council,2286,Committee on Human Relations,0,Personnel Services,92556,92556,95333
LOCAL,0100,Corporate Fund,15,City Council,2286,Committee on Human Relations,300,Commodities and Materials,1000,1000,1000
LOCAL,0100,Corporate Fund,15,City Council,2290,Committee on Workforce Development and Audit,0,Personnel Services,503565,503565,508672
LOCAL,0100,Corporate Fund,15,City Council,2290,Committee on Workforce Development and Audit,100,Contractual Services,30000,30000,40000
LOCAL,0100,Corporate Fund,15,City Council,2290,Committee on Workforce Development and Audit,300,Commodities and Materials,5000,5000,5000
LOCAL,0100,Corporate Fund,15,City Council,2295,Legislative Reference Bureau,0,Personnel Services,362144,362144,373008
LOCAL,0100,Corporate Fund,15,City Council,2295,Legislative Reference Bureau,300,Commodities and Materials,4000,4000,4000
LOCAL,0300,Vehicle Tax Fund,15,City Council,2230,Committee on Transportation and Public Way,0,Personnel Services,437750,437750,450883
LOCAL,0300,Vehicle Tax Fund,15,City Council,2230,Committee on Transportation and Public Way,9000,Purposes as Specified,16387,16387,16387
LOCAL,0300,Vehicle Tax Fund,15,City Council,2265,Committee on Pedestrian and Traffic Safety,0,Personnel Services,244379,244379,251710
LOCAL,0300,Vehicle Tax Fund,15,City Council,2265,Committee on Pedestrian and Traffic Safety,300,Commodities and Materials,5000,5000,5000
LOCAL,0355,Special Events and Municipal Hotel Operators' Occupation Tax Fund,15,City Council,2155,Committee on Special Events  Cultural Affairs and Recreation,0,Personnel Services,153388,153388,162990
LOCAL,0355,Special Events and Municipal Hotel Operators' Occupation Tax Fund,15,City Council,2155,Committee on Special Events  Cultural Affairs and Recreation,300,Commodities and Materials,8720,8720,3720
LOCAL,0100,Corporate Fund,21,Department of Housing,2010,Department of Housing,5,Salaries and Wages - on Payroll,0,0,1382165
LOCAL,0100,Corporate Fund,21,Department of Housing,2010,Department of Housing,15,Schedule Salary Adjustments,0,0,10755
LOCAL,0100,Corporate Fund,21,Department of Housing,2010,Department of Housing,135,For Delegate Agencies,0,0,1186281
LOCAL,0100,Corporate Fund,21,Department of Housing,2010,Department of Housing,140,For Professional and Technical Services and Other Third Party Benefit Agreements,0,0,270500
LOCAL,0100,Corporate Fund,21,Department of Housing,2010,Department of Housing,169,Technical Meeting Costs,0,0,3400
LOCAL,0100,Corporate Fund,21,Department of Housing,2010,Department of Housing,245,Reimbursement to Travelers,0,0,3000
LOCAL,0100,Corporate Fund,21,Department of Housing,2010,Department of Housing,9110,Property Management  Maintenance and Security,0,0,50000
LOCAL,0100,Corporate Fund,21,Department of Housing,2010,Department of Housing,9183,Foreclosure Prevention Program,0,0,482150
LOCAL,0100,Corporate Fund,21,Department of Housing,2010,Department of Housing,9211,Single-Family Troubled Building Initiative,0,0,75000
LOCAL,0100,Corporate Fund,21,Department of Housing,2010,Department of Housing,9212,Multi-Family Troubled Building Initiative,0,0,175000
LOCAL,0100,Corporate Fund,21,Department of Housing,2010,Department of Housing,9224,Micro Market Recovery Program,0,0,700000
LOCAL,0996,Affordable Housing Opportunity Fund,21,Department of Housing,2010,Department of Housing,5,Salaries and Wages - on Payroll,0,0,1254912
LOCAL,0996,Affordable Housing Opportunity Fund,21,Department of Housing,2010,Department of Housing,15,Schedule Salary Adjustments,0,0,4257
LOCAL,0996,Affordable Housing Opportunity Fund,21,Department of Housing,2010,Department of Housing,39,For the Employment of Students as Trainees,0,0,15000
LOCAL,0996,Affordable Housing Opportunity Fund,21,Department of Housing,2010,Department of Housing,169,Technical Meeting Costs,0,0,4000
LOCAL,0996,Affordable Housing Opportunity Fund,21,Department of Housing,2010,Department of Housing,245,Reimbursement to Travelers,0,0,4000
LOCAL,0996,Affordable Housing Opportunity Fund,21,Department of Housing,2010,Department of Housing,9213,Affordable Housing Density Program,0,0,26246344
LOCAL,0B21,Tax Increment Financing Administration Fund,21,Department of Housing,2010,Department of Housing,5,Salaries and Wages - on Payroll,0,0,209664
LOCAL,0355,Special Events and Municipal Hotel Operators' Occupation Tax Fund,23,Department of Cultural Affairs and Special Events,2015,Department of Cultural Affairs and Special Events,5,Salaries and Wages - on Payroll,6182950,6182950,6465606
LOCAL,0355,Special Events and Municipal Hotel Operators' Occupation Tax Fund,23,Department of Cultural Affairs and Special Events,2015,Department of Cultural Affairs and Special Events,15,Schedule Salary Adjustments,30032,30032,23967
LOCAL,0355,Special Events and Municipal Hotel Operators' Occupation Tax Fund,23,Department of Cultural Affairs and Special Events,2015,Department of Cultural Affairs and Special Events,39,For the Employment of Students as Trainees,100000,100000,100000
LOCAL,0355,Special Events and Municipal Hotel Operators' Occupation Tax Fund,23,Department of Cultural Affairs and Special Events,2015,Department of Cultural Affairs and Special Events,125,Office and Building Services,25000,25000,25000
LOCAL,0355,Special Events and Municipal Hotel Operators' Occupation Tax Fund,23,Department of Cultural Affairs and Special Events,2015,Department of Cultural Affairs and Special Events,130,Postage,45000,45000,45000
LOCAL,0355,Special Events and Municipal Hotel Operators' Occupation Tax Fund,23,Department of Cultural Affairs and Special Events,2015,Department of Cultural Affairs and Special Events,135,For Delegate Agencies,742000,742000,742000
LOCAL,0355,Special Events and Municipal Hotel Operators' Occupation Tax Fund,23,Department of Cultural Affairs and Special Events,2015,Department of Cultural Affairs and Special Events,138,For Professional Services for Information Technology Maintenance,71550,71550,71550
LOCAL,0355,Special Events and Municipal Hotel Operators' Occupation Tax Fund,23,Department of Cultural Affairs and Special Events,2015,Department of Cultural Affairs and Special Events,140,For Professional and Technical Services and Other Third Party Benefit Agreements,1487702,1487702,1891178
LOCAL,0355,Special Events and Municipal Hotel Operators' Occupation Tax Fund,23,Department of Cultural Affairs and Special Events,2015,Department of Cultural Affairs and Special Events,150,Publications and Reproduction - Outside Services to Be Expended with the Prior Approval of Graphics Services,100000,100000,80000
LOCAL,0355,Special Events and Municipal Hotel Operators' Occupation Tax Fund,23,Department of Cultural Affairs and Special Events,2015,Department of Cultural Affairs and Special Events,152,Advertising,169000,169000,189000
LOCAL,0355,Special Events and Municipal Hotel Operators' Occupation Tax Fund,23,Department of Cultural Affairs and Special Events,2015,Department of Cultural Affairs and Special Events,153,Promotions,12000,12000,12000
LOCAL,0100,Corporate Fund,25,City Clerk,2005,City Clerk,130,Postage,46241,46241,50243
LOCAL,0100,Corporate Fund,25,City Clerk,2005,City Clerk,135,For Delegate Agencies,443470,443470,200000
LOCAL,0355,Special Events and Municipal Hotel Operators' Occupation Tax Fund,23,Department of Cultural Affairs and Special Events,2015,Department of Cultural Affairs and Special Events,159,Lease Purchase Agreements for Equipment and Machinery,31524,31524,31524
LOCAL,0355,Special Events and Municipal Hotel Operators' Occupation Tax Fund,23,Department of Cultural Affairs and Special Events,2015,Department of Cultural Affairs and Special Events,166,Dues  Subscriptions and Memberships,39500,39500,39500
LOCAL,0355,Special Events and Municipal Hotel Operators' Occupation Tax Fund,23,Department of Cultural Affairs and Special Events,2015,Department of Cultural Affairs and Special Events,172,For the Cost of Insurance Premiums and Expenses,404750,404750,404750
LOCAL,0355,Special Events and Municipal Hotel Operators' Occupation Tax Fund,23,Department of Cultural Affairs and Special Events,2015,Department of Cultural Affairs and Special Events,181,Mobile Communication Services,11450,11450,11450
LOCAL,0355,Special Events and Municipal Hotel Operators' Occupation Tax Fund,23,Department of Cultural Affairs and Special Events,2015,Department of Cultural Affairs and Special Events,189,Telephone - Non-Centrex Billings,39800,39800,48600
LOCAL,0355,Special Events and Municipal Hotel Operators' Occupation Tax Fund,23,Department of Cultural Affairs and Special Events,2015,Department of Cultural Affairs and Special Events,190,Telephone - Non-Centrex Billings,77000,77000,45200
LOCAL,0355,Special Events and Municipal Hotel Operators' Occupation Tax Fund,23,Department of Cultural Affairs and Special Events,2015,Department of Cultural Affairs and Special Events,191,Telephone - Relocations of Phone Lines,25000,25000,0
LOCAL,0355,Special Events and Municipal Hotel Operators' Occupation Tax Fund,23,Department of Cultural Affairs and Special Events,2015,Department of Cultural Affairs and Special Events,197,Telephone - Maintenance and Repair of Equipment and Voicemail,14520,14520,5200
LOCAL,0355,Special Events and Municipal Hotel Operators' Occupation Tax Fund,23,Department of Cultural Affairs and Special Events,2015,Department of Cultural Affairs and Special Events,229,Transportation and Expense Allowance,4500,4500,4500
LOCAL,0355,Special Events and Municipal Hotel Operators' Occupation Tax Fund,23,Department of Cultural Affairs and Special Events,2015,Department of Cultural Affairs and Special Events,245,Reimbursement to Travelers,6000,6000,6000
LOCAL,0355,Special Events and Municipal Hotel Operators' Occupation Tax Fund,23,Department of Cultural Affairs and Special Events,2015,Department of Cultural Affairs and Special Events,340,Material and Supplies,50000,50000,50000
LOCAL,0355,Special Events and Municipal Hotel Operators' Occupation Tax Fund,23,Department of Cultural Affairs and Special Events,2015,Department of Cultural Affairs and Special Events,350,Stationery and Office Supplies,45000,45000,45000
LOCAL,0355,Special Events and Municipal Hotel Operators' Occupation Tax Fund,23,Department of Cultural Affairs and Special Events,2015,Department of Cultural Affairs and Special Events,9188,For Expenses Related to the Operation of Millennium Park,7080707,7080707,8308160
LOCAL,0355,Special Events and Municipal Hotel Operators' Occupation Tax Fund,23,Department of Cultural Affairs and Special Events,2015,Department of Cultural Affairs and Special Events,9219,Implementation of Cultural Plan,1250000,1250000,1250000
LOCAL,0355,Special Events and Municipal Hotel Operators' Occupation Tax Fund,23,Department of Cultural Affairs and Special Events,2015,Department of Cultural Affairs and Special Events,9288,For Expenses Related to Programming for Millennium Park,265500,265500,1465500
LOCAL,0355,Special Events and Municipal Hotel Operators' Occupation Tax Fund,23,Department of Cultural Affairs and Special Events,2015,Department of Cultural Affairs and Special Events,9438,For Services Provided by the Department of Fleet and Facilities Management,0,0,10000
LOCAL,0355,Special Events and Municipal Hotel Operators' Occupation Tax Fund,23,Department of Cultural Affairs and Special Events,2015,Department of Cultural Affairs and Special Events,9803,For Programming and Marketing,2400741,2400741,2400741
LOCAL,0355,Special Events and Municipal Hotel Operators' Occupation Tax Fund,23,Department of Cultural Affairs and Special Events,2015,Department of Cultural Affairs and Special Events,9805,For Festival Production,7240253,7240253,7240253
LOCAL,0355,Special Events and Municipal Hotel Operators' Occupation Tax Fund,23,Department of Cultural Affairs and Special Events,2015,Department of Cultural Affairs and Special Events,9807,For Redemption Expenses,2500000,2500000,2500000
LOCAL,0355,Special Events and Municipal Hotel Operators' Occupation Tax Fund,23,Department of Cultural Affairs and Special Events,2015,Department of Cultural Affairs and Special Events,9813,For Local Promotions and Marketing,853720,853720,853720
LOCAL,0100,Corporate Fund,25,City Clerk,2005,City Clerk,5,Salaries and Wages - on Payroll,2626642,2626642,2791274
LOCAL,0100,Corporate Fund,25,City Clerk,2005,City Clerk,15,Schedule Salary Adjustments,8051,8051,10391
LOCAL,0100,Corporate Fund,25,City Clerk,2005,City Clerk,20,Overtime,60000,60000,60000
LOCAL,0100,Corporate Fund,25,City Clerk,2005,City Clerk,138,For Professional Services for Information Technology Maintenance,52180,52180,0
LOCAL,0100,Corporate Fund,25,City Clerk,2005,City Clerk,140,For Professional and Technical Services and Other Third Party Benefit Agreements,352099,352099,101976
LOCAL,0100,Corporate Fund,25,City Clerk,2005,City Clerk,149,For Software Maintenance and Licensing,0,0,366323
LOCAL,0100,Corporate Fund,25,City Clerk,2005,City Clerk,150,Publications and Reproduction - Outside Services to Be Expended with the Prior Approval of Graphics Services,4000,4000,4000
LOCAL,0100,Corporate Fund,25,City Clerk,2005,City Clerk,152,Advertising,143180,143180,57780
LOCAL,0100,Corporate Fund,25,City Clerk,2005,City Clerk,157,Rental of Equipment and Services,0,0,20820
LOCAL,0100,Corporate Fund,25,City Clerk,2005,City Clerk,159,Lease Purchase Agreements for Equipment and Machinery,178772,178772,215028
LOCAL,0100,Corporate Fund,25,City Clerk,2005,City Clerk,162,Repair/Maintenance of Equipment,30115,30115,22406
LOCAL,0100,Corporate Fund,25,City Clerk,2005,City Clerk,166,Dues  Subscriptions and Memberships,0,0,10399
LOCAL,0100,Corporate Fund,25,City Clerk,2005,City Clerk,168,Educational Development through Cooperative Education Program and Apprenticeship Program,49630,49630,0
LOCAL,0100,Corporate Fund,25,City Clerk,2005,City Clerk,190,Telephone - Non-Centrex Billings,6355,6355,14300
LOCAL,0100,Corporate Fund,25,City Clerk,2005,City Clerk,197,Telephone - Maintenance and Repair of Equipment and Voicemail,5024,5024,4755
LOCAL,0100,Corporate Fund,25,City Clerk,2005,City Clerk,340,Material and Supplies,15690,15690,15690
LOCAL,0100,Corporate Fund,25,City Clerk,2005,City Clerk,350,Stationery and Office Supplies,178100,178100,161300
LOCAL,0300,Vehicle Tax Fund,25,City Clerk,2005,City Clerk,5,Salaries and Wages - on Payroll,3871272,3871272,4084029
LOCAL,0300,Vehicle Tax Fund,25,City Clerk,2005,City Clerk,15,Schedule Salary Adjustments,14228,14228,18420
LOCAL,0300,Vehicle Tax Fund,25,City Clerk,2005,City Clerk,20,Overtime,65000,65000,65000
LOCAL,0300,Vehicle Tax Fund,25,City Clerk,2005,City Clerk,39,For the Employment of Students as Trainees,100000,100000,100000
LOCAL,0300,Vehicle Tax Fund,25,City Clerk,2005,City Clerk,130,Postage,912600,912600,724750
LOCAL,0300,Vehicle Tax Fund,25,City Clerk,2005,City Clerk,139,For Professional Services for Information Technology Development,75000,75000,235000
LOCAL,0300,Vehicle Tax Fund,25,City Clerk,2005,City Clerk,140,For Professional and Technical Services and Other Third Party Benefit Agreements,840473,840473,177723
LOCAL,0300,Vehicle Tax Fund,25,City Clerk,2005,City Clerk,149,For Software Maintenance and Licensing,0,0,630300
LOCAL,0300,Vehicle Tax Fund,25,City Clerk,2005,City Clerk,154,For the Rental and Maintenance of Data Processing  Office Automation and Data Communications Hardware,24161,24161,23225
LOCAL,0300,Vehicle Tax Fund,25,City Clerk,2005,City Clerk,157,Rental of Equipment and Services,74200,74200,74200
LOCAL,0300,Vehicle Tax Fund,25,City Clerk,2005,City Clerk,162,Repair/Maintenance of Equipment,10275,10275,10275
LOCAL,0300,Vehicle Tax Fund,25,City Clerk,2005,City Clerk,181,Mobile Communication Services,25500,25500,21500
LOCAL,0300,Vehicle Tax Fund,25,City Clerk,2005,City Clerk,190,Telephone - Non-Centrex Billings,12517,12517,0
LOCAL,0300,Vehicle Tax Fund,25,City Clerk,2005,City Clerk,197,Telephone - Maintenance and Repair of Equipment and Voicemail,3275,3275,2960
LOCAL,0300,Vehicle Tax Fund,25,City Clerk,2005,City Clerk,229,Transportation and Expense Allowance,26000,26000,26000
LOCAL,0300,Vehicle Tax Fund,25,City Clerk,2005,City Clerk,338,License Sticker  Tag and Plates,280170,280170,280170
LOCAL,0300,Vehicle Tax Fund,25,City Clerk,2005,City Clerk,340,Material and Supplies,5400,5400,5400
LOCAL,0300,Vehicle Tax Fund,25,City Clerk,2005,City Clerk,350,Stationery and Office Supplies,137000,137000,142500
LOCAL,0300,Vehicle Tax Fund,25,City Clerk,2005,City Clerk,9438,For Services Provided by the Department of Fleet and Facilities Management,20000,20000,28750
LOCAL,0100,Corporate Fund,27,Department of Finance,2011,City Comptroller,5,Salaries and Wages - on Payroll,2805988,2805988,2898540
LOCAL,0100,Corporate Fund,27,Department of Finance,2011,City Comptroller,15,Schedule Salary Adjustments,3148,3148,2362
LOCAL,0100,Corporate Fund,27,Department of Finance,2011,City Comptroller,20,Overtime,4700,4700,4700
LOCAL,0100,Corporate Fund,27,Department of Finance,2011,City Comptroller,140,For Professional and Technical Services and Other Third Party Benefit Agreements,38668,38668,0
LOCAL,0100,Corporate Fund,27,Department of Finance,2011,City Comptroller,166,Dues  Subscriptions and Memberships,4165,4165,4165
LOCAL,0100,Corporate Fund,27,Department of Finance,2011,City Comptroller,169,Technical Meeting Costs,885,885,885
LOCAL,0100,Corporate Fund,27,Department of Finance,2011,City Comptroller,181,Mobile Communication Services,5000,5000,5000
LOCAL,0100,Corporate Fund,27,Department of Finance,2011,City Comptroller,270,Local Transportation,1000,1000,500
LOCAL,0100,Corporate Fund,27,Department of Finance,2011,City Comptroller,348,Books and Related Material,100,100,100
LOCAL,0100,Corporate Fund,27,Department of Finance,2011,City Comptroller,350,Stationery and Office Supplies,17820,17820,11350
LOCAL,0100,Corporate Fund,27,Department of Finance,2012,Accounting and Financial Reporting,5,Salaries and Wages - on Payroll,4524148,4524148,4738859
LOCAL,0100,Corporate Fund,27,Department of Finance,2012,Accounting and Financial Reporting,15,Schedule Salary Adjustments,23343,23343,22402
LOCAL,0100,Corporate Fund,27,Department of Finance,2012,Accounting and Financial Reporting,20,Overtime,9000,9000,9000
LOCAL,0100,Corporate Fund,27,Department of Finance,2012,Accounting and Financial Reporting,140,For Professional and Technical Services and Other Third Party Benefit Agreements,124600,124600,77500
LOCAL,0100,Corporate Fund,27,Department of Finance,2012,Accounting and Financial Reporting,142,Accounting and Auditing,583658,583658,583658
LOCAL,0100,Corporate Fund,27,Department of Finance,2012,Accounting and Financial Reporting,149,For Software Maintenance and Licensing,26000,26000,26000
LOCAL,0100,Corporate Fund,27,Department of Finance,2012,Accounting and Financial Reporting,150,Publications and Reproduction - Outside Services to Be Expended with the Prior Approval of Graphics Services,10000,10000,0
LOCAL,0100,Corporate Fund,27,Department of Finance,2012,Accounting and Financial Reporting,166,Dues  Subscriptions and Memberships,2250,2250,2250
LOCAL,0100,Corporate Fund,27,Department of Finance,2012,Accounting and Financial Reporting,169,Technical Meeting Costs,15424,15424,15424
LOCAL,0100,Corporate Fund,27,Department of Finance,2012,Accounting and Financial Reporting,190,Telephone - Non-Centrex Billings,5700,5700,5700
LOCAL,0100,Corporate Fund,27,Department of Finance,2012,Accounting and Financial Reporting,245,Reimbursement to Travelers,3000,3000,3000
LOCAL,0100,Corporate Fund,27,Department of Finance,2012,Accounting and Financial Reporting,348,Books and Related Material,600,600,600
LOCAL,0100,Corporate Fund,27,Department of Finance,2012,Accounting and Financial Reporting,350,Stationery and Office Supplies,14400,14400,9000
LOCAL,0100,Corporate Fund,27,Department of Finance,2015,Financial Strategy and Operations,5,Salaries and Wages - on Payroll,5856367,5856367,5849271
LOCAL,0100,Corporate Fund,27,Department of Finance,2015,Financial Strategy and Operations,15,Schedule Salary Adjustments,22194,22194,10778
LOCAL,0100,Corporate Fund,27,Department of Finance,2015,Financial Strategy and Operations,39,For the Employment of Students as Trainees,40000,40000,20000
LOCAL,0100,Corporate Fund,27,Department of Finance,2015,Financial Strategy and Operations,130,Postage,84660,84660,110000
LOCAL,0100,Corporate Fund,27,Department of Finance,2015,Financial Strategy and Operations,138,For Professional Services for Information Technology Maintenance,49400,49400,0
LOCAL,0100,Corporate Fund,27,Department of Finance,2015,Financial Strategy and Operations,140,For Professional and Technical Services and Other Third Party Benefit Agreements,310279,310279,234326
LOCAL,0100,Corporate Fund,27,Department of Finance,2015,Financial Strategy and Operations,149,For Software Maintenance and Licensing,181116,181116,187558
LOCAL,0610,Chicago Midway Airport Fund,31,Department of Law,2005,Department of Law,130,Postage,771,771,462
LOCAL,0100,Corporate Fund,27,Department of Finance,2015,Financial Strategy and Operations,150,Publications and Reproduction - Outside Services to Be Expended with the Prior Approval of Graphics Services,269480,269480,265480
LOCAL,0100,Corporate Fund,27,Department of Finance,2015,Financial Strategy and Operations,152,Advertising,12500,12500,10500
LOCAL,0100,Corporate Fund,27,Department of Finance,2015,Financial Strategy and Operations,162,Repair/Maintenance of Equipment,600,600,450
LOCAL,0100,Corporate Fund,27,Department of Finance,2015,Financial Strategy and Operations,166,Dues  Subscriptions and Memberships,13650,13650,8539
LOCAL,0100,Corporate Fund,27,Department of Finance,2015,Financial Strategy and Operations,169,Technical Meeting Costs,57500,57500,37500
LOCAL,0100,Corporate Fund,27,Department of Finance,2015,Financial Strategy and Operations,178,Freight and Express Charges,4300,4300,4300
LOCAL,0100,Corporate Fund,27,Department of Finance,2015,Financial Strategy and Operations,245,Reimbursement to Travelers,6704,6704,3788
LOCAL,0100,Corporate Fund,27,Department of Finance,2015,Financial Strategy and Operations,340,Material and Supplies,30000,30000,12941
LOCAL,0100,Corporate Fund,27,Department of Finance,2015,Financial Strategy and Operations,348,Books and Related Material,1600,1600,1600
LOCAL,0100,Corporate Fund,27,Department of Finance,2015,Financial Strategy and Operations,350,Stationery and Office Supplies,29700,29700,20500
LOCAL,0100,Corporate Fund,27,Department of Finance,2015,Financial Strategy and Operations,440,Machinery and Equipment,156750,156750,156750
LOCAL,0100,Corporate Fund,27,Department of Finance,2020,Revenue Services and Operations,5,Salaries and Wages - on Payroll,23328623,23328623,23568232
LOCAL,0100,Corporate Fund,27,Department of Finance,2020,Revenue Services and Operations,11,Contract Wage Increment - Salary,216659,216659,217359
LOCAL,0100,Corporate Fund,27,Department of Finance,2020,Revenue Services and Operations,12,Contract Wage Increment - Prevailing Rate,31771,31771,33143
LOCAL,0100,Corporate Fund,27,Department of Finance,2020,Revenue Services and Operations,15,Schedule Salary Adjustments,89594,89594,87900
LOCAL,0100,Corporate Fund,27,Department of Finance,2020,Revenue Services and Operations,20,Overtime,245865,245865,188015
LOCAL,0100,Corporate Fund,27,Department of Finance,2020,Revenue Services and Operations,39,For the Employment of Students as Trainees,15000,15000,7500
LOCAL,0100,Corporate Fund,27,Department of Finance,2020,Revenue Services and Operations,91,Uniform Allowance,101275,101275,101275
LOCAL,0100,Corporate Fund,27,Department of Finance,2020,Revenue Services and Operations,130,Postage,461141,672141,262956
LOCAL,0100,Corporate Fund,27,Department of Finance,2020,Revenue Services and Operations,138,For Professional Services for Information Technology Maintenance,20500250,19690974,19350000
LOCAL,0100,Corporate Fund,27,Department of Finance,2020,Revenue Services and Operations,139,For Professional Services for Information Technology Development,409750,10000,0
LOCAL,0100,Corporate Fund,27,Department of Finance,2020,Revenue Services and Operations,140,For Professional and Technical Services and Other Third Party Benefit Agreements,6316156,6316156,6927771
LOCAL,0100,Corporate Fund,27,Department of Finance,2020,Revenue Services and Operations,149,For Software Maintenance and Licensing,98760,98760,140540
LOCAL,0100,Corporate Fund,27,Department of Finance,2020,Revenue Services and Operations,150,Publications and Reproduction - Outside Services to Be Expended with the Prior Approval of Graphics Services,5000,5000,0
LOCAL,0100,Corporate Fund,27,Department of Finance,2020,Revenue Services and Operations,152,Advertising,2500,2500,2500
LOCAL,0100,Corporate Fund,27,Department of Finance,2020,Revenue Services and Operations,156,Lock Box Rental,12586,12586,12586
LOCAL,0100,Corporate Fund,27,Department of Finance,2020,Revenue Services and Operations,157,Rental of Equipment and Services,13700,13700,5000
LOCAL,0100,Corporate Fund,27,Department of Finance,2020,Revenue Services and Operations,159,Lease Purchase Agreements for Equipment and Machinery,115666,680416,109500
LOCAL,0100,Corporate Fund,27,Department of Finance,2020,Revenue Services and Operations,162,Repair/Maintenance of Equipment,578767,1012043,718064
LOCAL,0100,Corporate Fund,27,Department of Finance,2020,Revenue Services and Operations,169,Technical Meeting Costs,9214,9214,11214
LOCAL,0100,Corporate Fund,27,Department of Finance,2020,Revenue Services and Operations,178,Freight and Express Charges,1750,1750,1750
LOCAL,0100,Corporate Fund,27,Department of Finance,2020,Revenue Services and Operations,179,Messenger Service,40000,40000,25000
LOCAL,0100,Corporate Fund,27,Department of Finance,2020,Revenue Services and Operations,181,Mobile Communication Services,208000,208000,190000
LOCAL,0100,Corporate Fund,27,Department of Finance,2020,Revenue Services and Operations,189,Telephone - Non-Centrex Billings,19400,19400,23800
LOCAL,0100,Corporate Fund,27,Department of Finance,2020,Revenue Services and Operations,190,Telephone - Non-Centrex Billings,133132,133132,94000
LOCAL,0100,Corporate Fund,27,Department of Finance,2020,Revenue Services and Operations,196,Data Circuits,52120,52120,25700
LOCAL,0100,Corporate Fund,27,Department of Finance,2020,Revenue Services and Operations,197,Telephone - Maintenance and Repair of Equipment and Voicemail,96440,96440,180260
LOCAL,0100,Corporate Fund,27,Department of Finance,2020,Revenue Services and Operations,228,Out of Town Travel for Auditors Only,2500,2500,2500
LOCAL,0100,Corporate Fund,27,Department of Finance,2020,Revenue Services and Operations,229,Transportation and Expense Allowance,7500,7500,2500
LOCAL,0100,Corporate Fund,27,Department of Finance,2020,Revenue Services and Operations,339,Revenue Stamps,41850,41850,45150
LOCAL,0100,Corporate Fund,27,Department of Finance,2020,Revenue Services and Operations,340,Material and Supplies,28000,28000,21500
LOCAL,0100,Corporate Fund,27,Department of Finance,2020,Revenue Services and Operations,348,Books and Related Material,270,270,0
LOCAL,0100,Corporate Fund,27,Department of Finance,2020,Revenue Services and Operations,350,Stationery and Office Supplies,153339,153339,143000
LOCAL,0100,Corporate Fund,27,Department of Finance,2020,Revenue Services and Operations,421,Machinery and Equipment,153100,153100,160000
LOCAL,0100,Corporate Fund,27,Department of Finance,2020,Revenue Services and Operations,9438,For Services Provided by the Department of Fleet and Facilities Management,45000,45000,115000
LOCAL,0200,Water Fund,27,Department of Finance,2011,City Comptroller,140,For Professional and Technical Services and Other Third Party Benefit Agreements,6552,6552,4552
LOCAL,0200,Water Fund,27,Department of Finance,2012,Accounting and Financial Reporting,5,Salaries and Wages - on Payroll,269350,269350,420957
LOCAL,0200,Water Fund,27,Department of Finance,2012,Accounting and Financial Reporting,15,Schedule Salary Adjustments,0,0,3624
LOCAL,0200,Water Fund,27,Department of Finance,2015,Financial Strategy and Operations,5,Salaries and Wages - on Payroll,254084,254084,213791
LOCAL,0200,Water Fund,27,Department of Finance,2015,Financial Strategy and Operations,140,For Professional and Technical Services and Other Third Party Benefit Agreements,19788,19788,20994
LOCAL,0200,Water Fund,27,Department of Finance,2015,Financial Strategy and Operations,149,For Software Maintenance and Licensing,8198,8198,10640
LOCAL,0200,Water Fund,27,Department of Finance,2015,Financial Strategy and Operations,154,For the Rental and Maintenance of Data Processing  Office Automation and Data Communications Hardware,50000,50000,50000
LOCAL,0200,Water Fund,27,Department of Finance,2015,Financial Strategy and Operations,166,Dues  Subscriptions and Memberships,1644,1644,432
LOCAL,0200,Water Fund,27,Department of Finance,2015,Financial Strategy and Operations,245,Reimbursement to Travelers,283,283,382
LOCAL,0200,Water Fund,27,Department of Finance,2020,Revenue Services and Operations,5,Salaries and Wages - on Payroll,2360877,2360877,2437887
LOCAL,0200,Water Fund,27,Department of Finance,2020,Revenue Services and Operations,15,Schedule Salary Adjustments,8741,8741,6625
LOCAL,0200,Water Fund,27,Department of Finance,2020,Revenue Services and Operations,20,Overtime,4000,4000,1000
LOCAL,0200,Water Fund,27,Department of Finance,2020,Revenue Services and Operations,125,Office and Building Services,2000,2000,1000
LOCAL,0200,Water Fund,27,Department of Finance,2020,Revenue Services and Operations,130,Postage,1356890,1356890,1356890
LOCAL,0200,Water Fund,27,Department of Finance,2020,Revenue Services and Operations,140,For Professional and Technical Services and Other Third Party Benefit Agreements,4830793,4830793,4955193
LOCAL,0200,Water Fund,27,Department of Finance,2020,Revenue Services and Operations,149,For Software Maintenance and Licensing,0,0,11500
LOCAL,0200,Water Fund,27,Department of Finance,2020,Revenue Services and Operations,156,Lock Box Rental,1577,1577,1577
LOCAL,0200,Water Fund,27,Department of Finance,2020,Revenue Services and Operations,159,Lease Purchase Agreements for Equipment and Machinery,18542,18542,18542
LOCAL,0200,Water Fund,27,Department of Finance,2020,Revenue Services and Operations,179,Messenger Service,445,445,445
LOCAL,0200,Water Fund,27,Department of Finance,2020,Revenue Services and Operations,340,Material and Supplies,3400,3400,3400
LOCAL,0200,Water Fund,27,Department of Finance,2020,Revenue Services and Operations,348,Books and Related Material,1400,1400,1400
LOCAL,0200,Water Fund,27,Department of Finance,2020,Revenue Services and Operations,350,Stationery and Office Supplies,27387,27387,27387
LOCAL,0200,Water Fund,27,Department of Finance,2020,Revenue Services and Operations,9438,For Services Provided by the Department of Fleet and Facilities Management,30000,30000,30000
LOCAL,0300,Vehicle Tax Fund,27,Department of Finance,2015,Financial Strategy and Operations,5,Salaries and Wages - on Payroll,399509,399509,465566
LOCAL,0300,Vehicle Tax Fund,27,Department of Finance,2015,Financial Strategy and Operations,15,Schedule Salary Adjustments,0,0,1404
LOCAL,0300,Vehicle Tax Fund,27,Department of Finance,2020,Revenue Services and Operations,5,Salaries and Wages - on Payroll,440906,440906,468294
LOCAL,0300,Vehicle Tax Fund,27,Department of Finance,2020,Revenue Services and Operations,15,Schedule Salary Adjustments,1406,1406,0
LOCAL,0300,Vehicle Tax Fund,27,Department of Finance,2020,Revenue Services and Operations,130,Postage,2000,2000,1000
LOCAL,0300,Vehicle Tax Fund,27,Department of Finance,2020,Revenue Services and Operations,140,For Professional and Technical Services and Other Third Party Benefit Agreements,220000,220000,108000
LOCAL,0300,Vehicle Tax Fund,27,Department of Finance,2020,Revenue Services and Operations,149,For Software Maintenance and Licensing,0,0,52500
LOCAL,0300,Vehicle Tax Fund,27,Department of Finance,2020,Revenue Services and Operations,350,Stationery and Office Supplies,500,500,500
LOCAL,0300,Vehicle Tax Fund,27,Department of Finance,2020,Revenue Services and Operations,421,Machinery and Equipment,1177575,1177575,1177575
LOCAL,0314,Sewer Fund,27,Department of Finance,2011,City Comptroller,140,For Professional and Technical Services and Other Third Party Benefit Agreements,9100,9100,5100
LOCAL,0314,Sewer Fund,27,Department of Finance,2015,Financial Strategy and Operations,140,For Professional and Technical Services and Other Third Party Benefit Agreements,13383,13383,16074
LOCAL,0314,Sewer Fund,27,Department of Finance,2015,Financial Strategy and Operations,149,For Software Maintenance and Licensing,5545,5545,8146
LOCAL,0314,Sewer Fund,27,Department of Finance,2015,Financial Strategy and Operations,154,For the Rental and Maintenance of Data Processing  Office Automation and Data Communications Hardware,50000,50000,40000
LOCAL,0314,Sewer Fund,27,Department of Finance,2015,Financial Strategy and Operations,166,Dues  Subscriptions and Memberships,1112,1112,330
LOCAL,0314,Sewer Fund,27,Department of Finance,2015,Financial Strategy and Operations,245,Reimbursement to Travelers,191,191,292
LOCAL,0610,Chicago Midway Airport Fund,27,Department of Finance,2011,City Comptroller,140,For Professional and Technical Services and Other Third Party Benefit Agreements,6552,6552,6552
LOCAL,0610,Chicago Midway Airport Fund,27,Department of Finance,2012,Accounting and Financial Reporting,5,Salaries and Wages - on Payroll,145535,145535,153601
LOCAL,0610,Chicago Midway Airport Fund,27,Department of Finance,2012,Accounting and Financial Reporting,15,Schedule Salary Adjustments,0,0,2440
LOCAL,0610,Chicago Midway Airport Fund,27,Department of Finance,2012,Accounting and Financial Reporting,20,Overtime,500,500,500
LOCAL,0610,Chicago Midway Airport Fund,27,Department of Finance,2012,Accounting and Financial Reporting,39,For the Employment of Students as Trainees,5000,5000,2500
LOCAL,0610,Chicago Midway Airport Fund,27,Department of Finance,2012,Accounting and Financial Reporting,130,Postage,1000,1000,500
LOCAL,0610,Chicago Midway Airport Fund,27,Department of Finance,2012,Accounting and Financial Reporting,140,For Professional and Technical Services and Other Third Party Benefit Agreements,10000,10000,10000
LOCAL,0610,Chicago Midway Airport Fund,27,Department of Finance,2012,Accounting and Financial Reporting,166,Dues  Subscriptions and Memberships,350,350,350
LOCAL,0610,Chicago Midway Airport Fund,27,Department of Finance,2012,Accounting and Financial Reporting,169,Technical Meeting Costs,420,420,420
LOCAL,0610,Chicago Midway Airport Fund,27,Department of Finance,2012,Accounting and Financial Reporting,245,Reimbursement to Travelers,420,420,420
LOCAL,0610,Chicago Midway Airport Fund,27,Department of Finance,2012,Accounting and Financial Reporting,270,Local Transportation,420,420,420
LOCAL,0610,Chicago Midway Airport Fund,27,Department of Finance,2012,Accounting and Financial Reporting,348,Books and Related Material,254,254,254
LOCAL,0610,Chicago Midway Airport Fund,27,Department of Finance,2012,Accounting and Financial Reporting,350,Stationery and Office Supplies,500,500,500
LOCAL,0610,Chicago Midway Airport Fund,27,Department of Finance,2015,Financial Strategy and Operations,5,Salaries and Wages - on Payroll,179640,179640,187358
LOCAL,0610,Chicago Midway Airport Fund,27,Department of Finance,2015,Financial Strategy and Operations,15,Schedule Salary Adjustments,0,0,818
LOCAL,0610,Chicago Midway Airport Fund,27,Department of Finance,2015,Financial Strategy and Operations,140,For Professional and Technical Services and Other Third Party Benefit Agreements,40259,40259,26855
LOCAL,0610,Chicago Midway Airport Fund,27,Department of Finance,2015,Financial Strategy and Operations,149,For Software Maintenance and Licensing,6322,6322,8542
LOCAL,0610,Chicago Midway Airport Fund,27,Department of Finance,2015,Financial Strategy and Operations,154,For the Rental and Maintenance of Data Processing  Office Automation and Data Communications Hardware,50000,50000,0
LOCAL,0610,Chicago Midway Airport Fund,27,Department of Finance,2015,Financial Strategy and Operations,166,Dues  Subscriptions and Memberships,1268,1268,347
LOCAL,0610,Chicago Midway Airport Fund,27,Department of Finance,2015,Financial Strategy and Operations,245,Reimbursement to Travelers,218,218,306
LOCAL,0740,Chicago O'Hare Airport Fund,27,Department of Finance,2011,City Comptroller,140,For Professional and Technical Services and Other Third Party Benefit Agreements,6552,6552,6552
LOCAL,0740,Chicago O'Hare Airport Fund,27,Department of Finance,2012,Accounting and Financial Reporting,5,Salaries and Wages - on Payroll,1972298,1972298,2060999
LOCAL,0740,Chicago O'Hare Airport Fund,27,Department of Finance,2012,Accounting and Financial Reporting,15,Schedule Salary Adjustments,6915,6915,3916
LOCAL,0740,Chicago O'Hare Airport Fund,27,Department of Finance,2012,Accounting and Financial Reporting,20,Overtime,2000,2000,2000
LOCAL,0740,Chicago O'Hare Airport Fund,27,Department of Finance,2012,Accounting and Financial Reporting,39,For the Employment of Students as Trainees,15000,15000,7500
LOCAL,0740,Chicago O'Hare Airport Fund,27,Department of Finance,2012,Accounting and Financial Reporting,130,Postage,1500,1500,1000
LOCAL,0740,Chicago O'Hare Airport Fund,27,Department of Finance,2012,Accounting and Financial Reporting,140,For Professional and Technical Services and Other Third Party Benefit Agreements,80000,80000,74650
LOCAL,0740,Chicago O'Hare Airport Fund,27,Department of Finance,2012,Accounting and Financial Reporting,149,For Software Maintenance and Licensing,3000,3000,1500
LOCAL,0740,Chicago O'Hare Airport Fund,27,Department of Finance,2012,Accounting and Financial Reporting,159,Lease Purchase Agreements for Equipment and Machinery,15000,15000,15000
LOCAL,0740,Chicago O'Hare Airport Fund,27,Department of Finance,2012,Accounting and Financial Reporting,166,Dues  Subscriptions and Memberships,425,425,425
LOCAL,0740,Chicago O'Hare Airport Fund,27,Department of Finance,2012,Accounting and Financial Reporting,169,Technical Meeting Costs,1500,1500,1500
LOCAL,0740,Chicago O'Hare Airport Fund,27,Department of Finance,2012,Accounting and Financial Reporting,190,Telephone - Non-Centrex Billings,5700,5700,1000
LOCAL,0740,Chicago O'Hare Airport Fund,27,Department of Finance,2012,Accounting and Financial Reporting,348,Books and Related Material,900,900,900
LOCAL,0740,Chicago O'Hare Airport Fund,27,Department of Finance,2012,Accounting and Financial Reporting,350,Stationery and Office Supplies,9500,9500,5000
LOCAL,0740,Chicago O'Hare Airport Fund,27,Department of Finance,2015,Financial Strategy and Operations,5,Salaries and Wages - on Payroll,165322,165322,173983
LOCAL,0740,Chicago O'Hare Airport Fund,27,Department of Finance,2015,Financial Strategy and Operations,15,Schedule Salary Adjustments,155,155,0
LOCAL,0740,Chicago O'Hare Airport Fund,27,Department of Finance,2015,Financial Strategy and Operations,140,For Professional and Technical Services and Other Third Party Benefit Agreements,70289,70289,78752
LOCAL,0740,Chicago O'Hare Airport Fund,27,Department of Finance,2015,Financial Strategy and Operations,149,For Software Maintenance and Licensing,29120,29120,39913
LOCAL,0740,Chicago O'Hare Airport Fund,27,Department of Finance,2015,Financial Strategy and Operations,154,For the Rental and Maintenance of Data Processing  Office Automation and Data Communications Hardware,50000,50000,40000
LOCAL,0740,Chicago O'Hare Airport Fund,27,Department of Finance,2015,Financial Strategy and Operations,166,Dues  Subscriptions and Memberships,5841,5841,1624
LOCAL,0740,Chicago O'Hare Airport Fund,27,Department of Finance,2015,Financial Strategy and Operations,245,Reimbursement to Travelers,1004,1004,1432
LOCAL,0B21,Tax Increment Financing Administration Fund,27,Department of Finance,2012,Accounting and Financial Reporting,5,Salaries and Wages - on Payroll,536592,536592,546732
LOCAL,0B21,Tax Increment Financing Administration Fund,27,Department of Finance,2012,Accounting and Financial Reporting,15,Schedule Salary Adjustments,1896,1896,2000
LOCAL,0B21,Tax Increment Financing Administration Fund,27,Department of Finance,2012,Accounting and Financial Reporting,142,Accounting and Auditing,250000,250000,220000
LOCAL,0100,Corporate Fund,28,City Treasurer,2005,City Treasurer,5,Salaries and Wages - on Payroll,861537,861537,843373
LOCAL,0100,Corporate Fund,28,City Treasurer,2005,City Treasurer,15,Schedule Salary Adjustments,1411,1411,5407
LOCAL,0100,Corporate Fund,28,City Treasurer,2005,City Treasurer,39,For the Employment of Students as Trainees,19900,19900,0
LOCAL,0100,Corporate Fund,28,City Treasurer,2005,City Treasurer,130,Postage,1000,1000,1000
LOCAL,0100,Corporate Fund,28,City Treasurer,2005,City Treasurer,138,For Professional Services for Information Technology Maintenance,64000,64000,64000
LOCAL,0100,Corporate Fund,28,City Treasurer,2005,City Treasurer,139,For Professional Services for Information Technology Development,72161,63661,72161
LOCAL,0100,Corporate Fund,28,City Treasurer,2005,City Treasurer,140,For Professional and Technical Services and Other Third Party Benefit Agreements,186425,186425,213591
LOCAL,0100,Corporate Fund,28,City Treasurer,2005,City Treasurer,142,Accounting and Auditing,100000,100000,100000
LOCAL,0100,Corporate Fund,28,City Treasurer,2005,City Treasurer,149,For Software Maintenance and Licensing,16000,16000,16000
LOCAL,0100,Corporate Fund,28,City Treasurer,2005,City Treasurer,159,Lease Purchase Agreements for Equipment and Machinery,4440,8440,4440
LOCAL,0100,Corporate Fund,28,City Treasurer,2005,City Treasurer,166,Dues  Subscriptions and Memberships,238995,238995,263995
LOCAL,0100,Corporate Fund,28,City Treasurer,2005,City Treasurer,169,Technical Meeting Costs,37657,37657,37657
LOCAL,0100,Corporate Fund,28,City Treasurer,2005,City Treasurer,179,Messenger Service,500,500,500
LOCAL,0100,Corporate Fund,28,City Treasurer,2005,City Treasurer,181,Mobile Communication Services,3360,3360,3360
LOCAL,0100,Corporate Fund,28,City Treasurer,2005,City Treasurer,190,Telephone - Non-Centrex Billings,4000,8500,1100
LOCAL,0100,Corporate Fund,28,City Treasurer,2005,City Treasurer,196,Data Circuits,1500,1500,1810
LOCAL,0100,Corporate Fund,28,City Treasurer,2005,City Treasurer,197,Telephone - Maintenance and Repair of Equipment and Voicemail,520,520,410
LOCAL,0100,Corporate Fund,28,City Treasurer,2005,City Treasurer,229,Transportation and Expense Allowance,14500,14500,0
LOCAL,0100,Corporate Fund,28,City Treasurer,2005,City Treasurer,245,Reimbursement to Travelers,0,0,14500
LOCAL,0100,Corporate Fund,28,City Treasurer,2005,City Treasurer,270,Local Transportation,500,500,500
LOCAL,0100,Corporate Fund,28,City Treasurer,2005,City Treasurer,350,Stationery and Office Supplies,6500,6500,6500
LOCAL,0100,Corporate Fund,28,City Treasurer,2005,City Treasurer,540,Construction of Buildings and Other Structures,40000,40000,0
LOCAL,0100,Corporate Fund,28,City Treasurer,2005,City Treasurer,9438,For Services Provided by the Department of Fleet and Facilities Management,6000,6000,6000
LOCAL,0200,Water Fund,28,City Treasurer,2005,City Treasurer,5,Salaries and Wages - on Payroll,310308,310308,309787
LOCAL,0200,Water Fund,28,City Treasurer,2005,City Treasurer,138,For Professional Services for Information Technology Maintenance,50000,50000,50000
LOCAL,0200,Water Fund,28,City Treasurer,2005,City Treasurer,139,For Professional Services for Information Technology Development,45238,45238,45238
LOCAL,0200,Water Fund,28,City Treasurer,2005,City Treasurer,140,For Professional and Technical Services and Other Third Party Benefit Agreements,46582,46582,51212
LOCAL,0314,Sewer Fund,28,City Treasurer,2005,City Treasurer,5,Salaries and Wages - on Payroll,146148,146148,145259
LOCAL,0314,Sewer Fund,28,City Treasurer,2005,City Treasurer,138,For Professional Services for Information Technology Maintenance,25000,25000,25000
LOCAL,0314,Sewer Fund,28,City Treasurer,2005,City Treasurer,139,For Professional Services for Information Technology Development,29207,29207,29207
LOCAL,0314,Sewer Fund,28,City Treasurer,2005,City Treasurer,140,For Professional and Technical Services and Other Third Party Benefit Agreements,22857,22857,25358
LOCAL,0610,Chicago Midway Airport Fund,28,City Treasurer,2005,City Treasurer,5,Salaries and Wages - on Payroll,246780,246780,203225
LOCAL,0610,Chicago Midway Airport Fund,28,City Treasurer,2005,City Treasurer,15,Schedule Salary Adjustments,852,852,0
LOCAL,0610,Chicago Midway Airport Fund,28,City Treasurer,2005,City Treasurer,138,For Professional Services for Information Technology Maintenance,50000,50000,50000
LOCAL,0610,Chicago Midway Airport Fund,28,City Treasurer,2005,City Treasurer,139,For Professional Services for Information Technology Development,15555,15555,15555
LOCAL,0610,Chicago Midway Airport Fund,28,City Treasurer,2005,City Treasurer,140,For Professional and Technical Services and Other Third Party Benefit Agreements,45765,45765,49218
LOCAL,0740,Chicago O'Hare Airport Fund,28,City Treasurer,2005,City Treasurer,5,Salaries and Wages - on Payroll,802740,802740,821446
LOCAL,0740,Chicago O'Hare Airport Fund,28,City Treasurer,2005,City Treasurer,15,Schedule Salary Adjustments,0,0,1666
LOCAL,0740,Chicago O'Hare Airport Fund,28,City Treasurer,2005,City Treasurer,138,For Professional Services for Information Technology Maintenance,100000,100000,100000
LOCAL,0740,Chicago O'Hare Airport Fund,28,City Treasurer,2005,City Treasurer,140,For Professional and Technical Services and Other Third Party Benefit Agreements,136478,136478,146490
LOCAL,0B21,Tax Increment Financing Administration Fund,28,City Treasurer,2005,City Treasurer,5,Salaries and Wages - on Payroll,299280,299280,299637
LOCAL,0B21,Tax Increment Financing Administration Fund,28,City Treasurer,2005,City Treasurer,138,For Professional Services for Information Technology Maintenance,75000,75000,75000
LOCAL,0B21,Tax Increment Financing Administration Fund,28,City Treasurer,2005,City Treasurer,139,For Professional Services for Information Technology Development,10000,10000,10000
LOCAL,0B21,Tax Increment Financing Administration Fund,28,City Treasurer,2005,City Treasurer,140,For Professional and Technical Services and Other Third Party Benefit Agreements,22882,22882,25120
LOCAL,0100,Corporate Fund,30,Department of Administrative Hearings,2005,Department of Administrative Hearings,5,Salaries and Wages - on Payroll,3100138,3100138,3111425
LOCAL,0100,Corporate Fund,30,Department of Administrative Hearings,2005,Department of Administrative Hearings,15,Schedule Salary Adjustments,14650,14650,12488
LOCAL,0100,Corporate Fund,30,Department of Administrative Hearings,2005,Department of Administrative Hearings,20,Overtime,1480,1480,1480
LOCAL,0100,Corporate Fund,30,Department of Administrative Hearings,2005,Department of Administrative Hearings,130,Postage,63633,63633,62000
LOCAL,0100,Corporate Fund,30,Department of Administrative Hearings,2005,Department of Administrative Hearings,138,For Professional Services for Information Technology Maintenance,1159487,1159487,1048075
LOCAL,0100,Corporate Fund,30,Department of Administrative Hearings,2005,Department of Administrative Hearings,140,For Professional and Technical Services and Other Third Party Benefit Agreements,3996617,3996617,3991688
LOCAL,0100,Corporate Fund,30,Department of Administrative Hearings,2005,Department of Administrative Hearings,143,Court Reporting,77500,77500,65001
LOCAL,0100,Corporate Fund,30,Department of Administrative Hearings,2005,Department of Administrative Hearings,157,Rental of Equipment and Services,360,360,360
LOCAL,0100,Corporate Fund,30,Department of Administrative Hearings,2005,Department of Administrative Hearings,159,Lease Purchase Agreements for Equipment and Machinery,42392,42392,31922
LOCAL,0100,Corporate Fund,30,Department of Administrative Hearings,2005,Department of Administrative Hearings,162,Repair/Maintenance of Equipment,2175,2175,2175
LOCAL,0100,Corporate Fund,30,Department of Administrative Hearings,2005,Department of Administrative Hearings,166,Dues  Subscriptions and Memberships,1673,1673,2085
LOCAL,0100,Corporate Fund,30,Department of Administrative Hearings,2005,Department of Administrative Hearings,169,Technical Meeting Costs,970,970,670
LOCAL,0100,Corporate Fund,30,Department of Administrative Hearings,2005,Department of Administrative Hearings,179,Messenger Service,4165,4165,3600
LOCAL,0100,Corporate Fund,30,Department of Administrative Hearings,2005,Department of Administrative Hearings,181,Mobile Communication Services,0,0,420
LOCAL,0100,Corporate Fund,30,Department of Administrative Hearings,2005,Department of Administrative Hearings,190,Telephone - Non-Centrex Billings,25800,25800,20000
LOCAL,0100,Corporate Fund,30,Department of Administrative Hearings,2005,Department of Administrative Hearings,197,Telephone - Maintenance and Repair of Equipment and Voicemail,1410,1410,1180
LOCAL,0100,Corporate Fund,30,Department of Administrative Hearings,2005,Department of Administrative Hearings,229,Transportation and Expense Allowance,700,700,1500
LOCAL,0100,Corporate Fund,30,Department of Administrative Hearings,2005,Department of Administrative Hearings,340,Material and Supplies,25272,25272,14232
LOCAL,0100,Corporate Fund,30,Department of Administrative Hearings,2005,Department of Administrative Hearings,348,Books and Related Material,1813,1813,1930
LOCAL,0100,Corporate Fund,30,Department of Administrative Hearings,2005,Department of Administrative Hearings,350,Stationery and Office Supplies,12419,12419,12581
LOCAL,0100,Corporate Fund,30,Department of Administrative Hearings,2005,Department of Administrative Hearings,424,Furniture and Furnishings,0,0,6000
LOCAL,0100,Corporate Fund,30,Department of Administrative Hearings,2005,Department of Administrative Hearings,9438,For Services Provided by the Department of Fleet and Facilities Management,0,0,21850
LOCAL,0100,Corporate Fund,31,Department of Law,2005,Department of Law,5,Salaries and Wages - on Payroll,25916165,25916165,27446088
LOCAL,0100,Corporate Fund,31,Department of Law,2005,Department of Law,15,Schedule Salary Adjustments,435033,435033,39748
LOCAL,0100,Corporate Fund,31,Department of Law,2005,Department of Law,20,Overtime,15132,15132,15132
LOCAL,0100,Corporate Fund,31,Department of Law,2005,Department of Law,39,For the Employment of Students as Trainees,7344,7344,7344
LOCAL,0100,Corporate Fund,31,Department of Law,2005,Department of Law,130,Postage,90586,90586,84908
LOCAL,0100,Corporate Fund,31,Department of Law,2005,Department of Law,138,For Professional Services for Information Technology Maintenance,224400,224400,220490
LOCAL,0100,Corporate Fund,31,Department of Law,2005,Department of Law,140,For Professional and Technical Services and Other Third Party Benefit Agreements,849624,847794,843424
LOCAL,0100,Corporate Fund,31,Department of Law,2005,Department of Law,141,Appraisals,4406,4406,5570
LOCAL,0100,Corporate Fund,31,Department of Law,2005,Department of Law,143,Court Reporting,941102,941102,971329
LOCAL,0100,Corporate Fund,31,Department of Law,2005,Department of Law,145,Legal Expenses,116145,116145,140910
LOCAL,0100,Corporate Fund,31,Department of Law,2005,Department of Law,149,For Software Maintenance and Licensing,112935,112935,209151
LOCAL,0100,Corporate Fund,31,Department of Law,2005,Department of Law,150,Publications and Reproduction - Outside Services to Be Expended with the Prior Approval of Graphics Services,5407,5407,5532
LOCAL,0100,Corporate Fund,31,Department of Law,2005,Department of Law,157,Rental of Equipment and Services,57668,54668,39819
LOCAL,0100,Corporate Fund,31,Department of Law,2005,Department of Law,159,Lease Purchase Agreements for Equipment and Machinery,166367,166367,160583
LOCAL,0100,Corporate Fund,31,Department of Law,2005,Department of Law,162,Repair/Maintenance of Equipment,2477,1977,2618
LOCAL,0100,Corporate Fund,31,Department of Law,2005,Department of Law,166,Dues  Subscriptions and Memberships,110813,110813,103638
LOCAL,0100,Corporate Fund,31,Department of Law,2005,Department of Law,169,Technical Meeting Costs,28170,33000,26071
LOCAL,0100,Corporate Fund,31,Department of Law,2005,Department of Law,178,Freight and Express Charges,8771,9271,8504
LOCAL,0100,Corporate Fund,31,Department of Law,2005,Department of Law,181,Mobile Communication Services,24030,24030,21227
LOCAL,0100,Corporate Fund,31,Department of Law,2005,Department of Law,190,Telephone - Non-Centrex Billings,108761,108761,61599
LOCAL,0100,Corporate Fund,31,Department of Law,2005,Department of Law,191,Telephone - Relocations of Phone Lines,1170,1170,0
LOCAL,0100,Corporate Fund,31,Department of Law,2005,Department of Law,197,Telephone - Maintenance and Repair of Equipment and Voicemail,5466,5466,4775
LOCAL,0100,Corporate Fund,31,Department of Law,2005,Department of Law,229,Transportation and Expense Allowance,6091,6091,5719
LOCAL,0100,Corporate Fund,31,Department of Law,2005,Department of Law,245,Reimbursement to Travelers,43655,43655,40620
LOCAL,0100,Corporate Fund,31,Department of Law,2005,Department of Law,270,Local Transportation,30518,30518,35982
LOCAL,0100,Corporate Fund,31,Department of Law,2005,Department of Law,348,Books and Related Material,16741,16741,15728
LOCAL,0100,Corporate Fund,31,Department of Law,2005,Department of Law,350,Stationery and Office Supplies,84674,84674,77526
LOCAL,0100,Corporate Fund,31,Department of Law,2005,Department of Law,9438,For Services Provided by the Department of Fleet and Facilities Management,14157,14157,27000
LOCAL,0200,Water Fund,31,Department of Law,2005,Department of Law,5,Salaries and Wages - on Payroll,1441266,1441266,1534743
LOCAL,0200,Water Fund,31,Department of Law,2005,Department of Law,15,Schedule Salary Adjustments,29878,29878,0
LOCAL,0200,Water Fund,31,Department of Law,2005,Department of Law,20,Overtime,869,869,869
LOCAL,0200,Water Fund,31,Department of Law,2005,Department of Law,39,For the Employment of Students as Trainees,422,422,422
LOCAL,0200,Water Fund,31,Department of Law,2005,Department of Law,130,Postage,1182,1182,1746
LOCAL,0200,Water Fund,31,Department of Law,2005,Department of Law,138,For Professional Services for Information Technology Maintenance,12887,12887,12669
LOCAL,0200,Water Fund,31,Department of Law,2005,Department of Law,140,For Professional and Technical Services and Other Third Party Benefit Agreements,48975,48975,59873
LOCAL,0200,Water Fund,31,Department of Law,2005,Department of Law,141,Appraisals,253,253,1000
LOCAL,0200,Water Fund,31,Department of Law,2005,Department of Law,143,Court Reporting,50922,50922,53160
LOCAL,0200,Water Fund,31,Department of Law,2005,Department of Law,145,Legal Expenses,6670,6670,14630
LOCAL,0200,Water Fund,31,Department of Law,2005,Department of Law,149,For Software Maintenance and Licensing,6486,6486,12011
LOCAL,0200,Water Fund,31,Department of Law,2005,Department of Law,150,Publications and Reproduction - Outside Services to Be Expended with the Prior Approval of Graphics Services,311,311,350
LOCAL,0200,Water Fund,31,Department of Law,2005,Department of Law,157,Rental of Equipment and Services,3312,3312,1201
LOCAL,0200,Water Fund,31,Department of Law,2005,Department of Law,159,Lease Purchase Agreements for Equipment and Machinery,13510,13510,8418
LOCAL,0200,Water Fund,31,Department of Law,2005,Department of Law,162,Repair/Maintenance of Equipment,200,200,150
LOCAL,0200,Water Fund,31,Department of Law,2005,Department of Law,166,Dues  Subscriptions and Memberships,6364,6364,6092
LOCAL,0200,Water Fund,31,Department of Law,2005,Department of Law,169,Technical Meeting Costs,1618,1618,1497
LOCAL,0200,Water Fund,31,Department of Law,2005,Department of Law,178,Freight and Express Charges,504,504,629
LOCAL,0200,Water Fund,31,Department of Law,2005,Department of Law,181,Mobile Communication Services,1380,1380,1219
LOCAL,0200,Water Fund,31,Department of Law,2005,Department of Law,190,Telephone - Non-Centrex Billings,6447,6447,6447
LOCAL,0200,Water Fund,31,Department of Law,2005,Department of Law,191,Telephone - Relocations of Phone Lines,100,100,0
LOCAL,0200,Water Fund,31,Department of Law,2005,Department of Law,197,Telephone - Maintenance and Repair of Equipment and Voicemail,314,314,0
LOCAL,0200,Water Fund,31,Department of Law,2005,Department of Law,229,Transportation and Expense Allowance,350,350,328
LOCAL,0200,Water Fund,31,Department of Law,2005,Department of Law,245,Reimbursement to Travelers,2507,2507,2073
LOCAL,0200,Water Fund,31,Department of Law,2005,Department of Law,270,Local Transportation,1753,1753,2064
LOCAL,0200,Water Fund,31,Department of Law,2005,Department of Law,348,Books and Related Material,961,961,903
LOCAL,0200,Water Fund,31,Department of Law,2005,Department of Law,350,Stationery and Office Supplies,4288,4288,4085
LOCAL,0200,Water Fund,31,Department of Law,2005,Department of Law,9438,For Services Provided by the Department of Fleet and Facilities Management,195,195,350
LOCAL,0300,Vehicle Tax Fund,31,Department of Law,2005,Department of Law,5,Salaries and Wages - on Payroll,1331221,1331221,1435281
LOCAL,0300,Vehicle Tax Fund,31,Department of Law,2005,Department of Law,15,Schedule Salary Adjustments,18112,18112,0
LOCAL,0300,Vehicle Tax Fund,31,Department of Law,2005,Department of Law,20,Overtime,661,661,661
LOCAL,0300,Vehicle Tax Fund,31,Department of Law,2005,Department of Law,39,For the Employment of Students as Trainees,321,321,321
LOCAL,0300,Vehicle Tax Fund,31,Department of Law,2005,Department of Law,130,Postage,1400,1400,1477
LOCAL,0300,Vehicle Tax Fund,31,Department of Law,2005,Department of Law,138,For Professional Services for Information Technology Maintenance,9827,9827,9663
LOCAL,0300,Vehicle Tax Fund,31,Department of Law,2005,Department of Law,140,For Professional and Technical Services and Other Third Party Benefit Agreements,37278,37278,36961
LOCAL,0300,Vehicle Tax Fund,31,Department of Law,2005,Department of Law,141,Appraisals,0,0,210
LOCAL,0300,Vehicle Tax Fund,31,Department of Law,2005,Department of Law,143,Court Reporting,38745,38745,38734
LOCAL,0300,Vehicle Tax Fund,31,Department of Law,2005,Department of Law,145,Legal Expenses,5075,5075,4323
LOCAL,0300,Vehicle Tax Fund,31,Department of Law,2005,Department of Law,149,For Software Maintenance and Licensing,4935,4935,9139
LOCAL,0300,Vehicle Tax Fund,31,Department of Law,2005,Department of Law,150,Publications and Reproduction - Outside Services to Be Expended with the Prior Approval of Graphics Services,236,236,100
LOCAL,0300,Vehicle Tax Fund,31,Department of Law,2005,Department of Law,157,Rental of Equipment and Services,2520,2520,448
LOCAL,0314,Sewer Fund,31,Department of Law,2005,Department of Law,350,Stationery and Office Supplies,2610,2610,2487
LOCAL,0300,Vehicle Tax Fund,31,Department of Law,2005,Department of Law,159,Lease Purchase Agreements for Equipment and Machinery,6475,6475,6405
LOCAL,0300,Vehicle Tax Fund,31,Department of Law,2005,Department of Law,162,Repair/Maintenance of Equipment,200,200,114
LOCAL,0300,Vehicle Tax Fund,31,Department of Law,2005,Department of Law,166,Dues  Subscriptions and Memberships,4842,4842,4583
LOCAL,0300,Vehicle Tax Fund,31,Department of Law,2005,Department of Law,169,Technical Meeting Costs,1231,1231,1139
LOCAL,0300,Vehicle Tax Fund,31,Department of Law,2005,Department of Law,178,Freight and Express Charges,383,383,275
LOCAL,0300,Vehicle Tax Fund,31,Department of Law,2005,Department of Law,181,Mobile Communication Services,1050,1050,928
LOCAL,0300,Vehicle Tax Fund,31,Department of Law,2005,Department of Law,190,Telephone - Non-Centrex Billings,4752,4752,4752
LOCAL,0300,Vehicle Tax Fund,31,Department of Law,2005,Department of Law,191,Telephone - Relocations of Phone Lines,100,100,0
LOCAL,0300,Vehicle Tax Fund,31,Department of Law,2005,Department of Law,197,Telephone - Maintenance and Repair of Equipment and Voicemail,239,239,0
LOCAL,0300,Vehicle Tax Fund,31,Department of Law,2005,Department of Law,229,Transportation and Expense Allowance,266,266,250
LOCAL,0300,Vehicle Tax Fund,31,Department of Law,2005,Department of Law,245,Reimbursement to Travelers,1908,1908,1659
LOCAL,0300,Vehicle Tax Fund,31,Department of Law,2005,Department of Law,270,Local Transportation,1334,1334,1065
LOCAL,0300,Vehicle Tax Fund,31,Department of Law,2005,Department of Law,348,Books and Related Material,732,732,687
LOCAL,0300,Vehicle Tax Fund,31,Department of Law,2005,Department of Law,350,Stationery and Office Supplies,3263,3263,3108
LOCAL,0300,Vehicle Tax Fund,31,Department of Law,2005,Department of Law,9438,For Services Provided by the Department of Fleet and Facilities Management,148,148,300
LOCAL,0314,Sewer Fund,31,Department of Law,2005,Department of Law,5,Salaries and Wages - on Payroll,716663,716663,728759
LOCAL,0314,Sewer Fund,31,Department of Law,2005,Department of Law,15,Schedule Salary Adjustments,9327,9327,0
LOCAL,0314,Sewer Fund,31,Department of Law,2005,Department of Law,20,Overtime,529,529,529
LOCAL,0314,Sewer Fund,31,Department of Law,2005,Department of Law,39,For the Employment of Students as Trainees,257,257,257
LOCAL,0314,Sewer Fund,31,Department of Law,2005,Department of Law,130,Postage,720,720,644
LOCAL,0314,Sewer Fund,31,Department of Law,2005,Department of Law,138,For Professional Services for Information Technology Maintenance,7881,7881,7751
LOCAL,0314,Sewer Fund,31,Department of Law,2005,Department of Law,140,For Professional and Technical Services and Other Third Party Benefit Agreements,29842,29842,30599
LOCAL,0314,Sewer Fund,31,Department of Law,2005,Department of Law,141,Appraisals,154,154,320
LOCAL,0314,Sewer Fund,31,Department of Law,2005,Department of Law,143,Court Reporting,30996,30996,23220
LOCAL,0314,Sewer Fund,31,Department of Law,2005,Department of Law,145,Legal Expenses,4060,4060,5518
LOCAL,0314,Sewer Fund,31,Department of Law,2005,Department of Law,149,For Software Maintenance and Licensing,3948,3948,7311
LOCAL,0314,Sewer Fund,31,Department of Law,2005,Department of Law,150,Publications and Reproduction - Outside Services to Be Expended with the Prior Approval of Graphics Services,189,189,100
LOCAL,0314,Sewer Fund,31,Department of Law,2005,Department of Law,157,Rental of Equipment and Services,2016,2016,409
LOCAL,0314,Sewer Fund,31,Department of Law,2005,Department of Law,159,Lease Purchase Agreements for Equipment and Machinery,5180,5180,5124
LOCAL,0314,Sewer Fund,31,Department of Law,2005,Department of Law,162,Repair/Maintenance of Equipment,200,200,100
LOCAL,0314,Sewer Fund,31,Department of Law,2005,Department of Law,166,Dues  Subscriptions and Memberships,3890,3890,3686
LOCAL,0314,Sewer Fund,31,Department of Law,2005,Department of Law,169,Technical Meeting Costs,985,985,911
LOCAL,0314,Sewer Fund,31,Department of Law,2005,Department of Law,178,Freight and Express Charges,307,307,310
LOCAL,0314,Sewer Fund,31,Department of Law,2005,Department of Law,181,Mobile Communication Services,840,840,742
LOCAL,0314,Sewer Fund,31,Department of Law,2005,Department of Law,190,Telephone - Non-Centrex Billings,3602,3602,3602
LOCAL,0314,Sewer Fund,31,Department of Law,2005,Department of Law,191,Telephone - Relocations of Phone Lines,100,100,0
LOCAL,0314,Sewer Fund,31,Department of Law,2005,Department of Law,197,Telephone - Maintenance and Repair of Equipment and Voicemail,191,191,0
LOCAL,0314,Sewer Fund,31,Department of Law,2005,Department of Law,229,Transportation and Expense Allowance,213,213,200
LOCAL,0314,Sewer Fund,31,Department of Law,2005,Department of Law,245,Reimbursement to Travelers,1526,1526,1751
LOCAL,0314,Sewer Fund,31,Department of Law,2005,Department of Law,270,Local Transportation,1067,1067,1214
LOCAL,0314,Sewer Fund,31,Department of Law,2005,Department of Law,348,Books and Related Material,585,585,550
LOCAL,0314,Sewer Fund,31,Department of Law,2005,Department of Law,9438,For Services Provided by the Department of Fleet and Facilities Management,119,119,300
LOCAL,0610,Chicago Midway Airport Fund,31,Department of Law,2005,Department of Law,5,Salaries and Wages - on Payroll,349719,349719,373469
LOCAL,0610,Chicago Midway Airport Fund,31,Department of Law,2005,Department of Law,15,Schedule Salary Adjustments,3339,3339,0
LOCAL,0610,Chicago Midway Airport Fund,31,Department of Law,2005,Department of Law,138,For Professional Services for Information Technology Maintenance,8437,8437,8297
LOCAL,0610,Chicago Midway Airport Fund,31,Department of Law,2005,Department of Law,140,For Professional and Technical Services and Other Third Party Benefit Agreements,25312,25312,29495
LOCAL,0610,Chicago Midway Airport Fund,31,Department of Law,2005,Department of Law,141,Appraisals,165,165,200
LOCAL,0610,Chicago Midway Airport Fund,31,Department of Law,2005,Department of Law,143,Court Reporting,17230,17230,5180
LOCAL,0610,Chicago Midway Airport Fund,31,Department of Law,2005,Department of Law,145,Legal Expenses,4350,4350,4098
LOCAL,0610,Chicago Midway Airport Fund,31,Department of Law,2005,Department of Law,149,For Software Maintenance and Licensing,4230,4230,7833
LOCAL,0610,Chicago Midway Airport Fund,31,Department of Law,2005,Department of Law,150,Publications and Reproduction - Outside Services to Be Expended with the Prior Approval of Graphics Services,203,203,100
LOCAL,0610,Chicago Midway Airport Fund,31,Department of Law,2005,Department of Law,157,Rental of Equipment and Services,2160,2160,370
LOCAL,0610,Chicago Midway Airport Fund,31,Department of Law,2005,Department of Law,159,Lease Purchase Agreements for Equipment and Machinery,5550,5550,5490
LOCAL,0610,Chicago Midway Airport Fund,31,Department of Law,2005,Department of Law,162,Repair/Maintenance of Equipment,200,200,100
LOCAL,0610,Chicago Midway Airport Fund,31,Department of Law,2005,Department of Law,166,Dues  Subscriptions and Memberships,4160,4160,3942
LOCAL,0610,Chicago Midway Airport Fund,31,Department of Law,2005,Department of Law,169,Technical Meeting Costs,1055,1055,976
LOCAL,0610,Chicago Midway Airport Fund,31,Department of Law,2005,Department of Law,178,Freight and Express Charges,329,329,265
LOCAL,0610,Chicago Midway Airport Fund,31,Department of Law,2005,Department of Law,181,Mobile Communication Services,900,900,795
LOCAL,0610,Chicago Midway Airport Fund,31,Department of Law,2005,Department of Law,190,Telephone - Non-Centrex Billings,4073,4073,4073
LOCAL,0610,Chicago Midway Airport Fund,31,Department of Law,2005,Department of Law,191,Telephone - Relocations of Phone Lines,100,100,0
LOCAL,0610,Chicago Midway Airport Fund,31,Department of Law,2005,Department of Law,197,Telephone - Maintenance and Repair of Equipment and Voicemail,205,205,0
LOCAL,0610,Chicago Midway Airport Fund,31,Department of Law,2005,Department of Law,229,Transportation and Expense Allowance,228,228,214
LOCAL,0610,Chicago Midway Airport Fund,31,Department of Law,2005,Department of Law,245,Reimbursement to Travelers,5500,5500,6143
LOCAL,0610,Chicago Midway Airport Fund,31,Department of Law,2005,Department of Law,270,Local Transportation,800,800,1034
LOCAL,0610,Chicago Midway Airport Fund,31,Department of Law,2005,Department of Law,348,Books and Related Material,627,627,589
LOCAL,0610,Chicago Midway Airport Fund,31,Department of Law,2005,Department of Law,350,Stationery and Office Supplies,2797,2797,2664
LOCAL,0610,Chicago Midway Airport Fund,31,Department of Law,2005,Department of Law,9438,For Services Provided by the Department of Fleet and Facilities Management,127,127,300
LOCAL,0740,Chicago O'Hare Airport Fund,31,Department of Law,2005,Department of Law,5,Salaries and Wages - on Payroll,1780334,1780334,1927813
LOCAL,0740,Chicago O'Hare Airport Fund,31,Department of Law,2005,Department of Law,15,Schedule Salary Adjustments,15314,15314,0
LOCAL,0740,Chicago O'Hare Airport Fund,31,Department of Law,2005,Department of Law,20,Overtime,1134,1134,1134
LOCAL,0740,Chicago O'Hare Airport Fund,31,Department of Law,2005,Department of Law,130,Postage,1542,1542,806
LOCAL,0740,Chicago O'Hare Airport Fund,31,Department of Law,2005,Department of Law,138,For Professional Services for Information Technology Maintenance,16809,16809,16516
LOCAL,0740,Chicago O'Hare Airport Fund,31,Department of Law,2005,Department of Law,140,For Professional and Technical Services and Other Third Party Benefit Agreements,63881,63881,54203
LOCAL,0740,Chicago O'Hare Airport Fund,31,Department of Law,2005,Department of Law,141,Appraisals,330,330,200
LOCAL,0740,Chicago O'Hare Airport Fund,31,Department of Law,2005,Department of Law,143,Court Reporting,28005,28005,15647
LOCAL,0740,Chicago O'Hare Airport Fund,31,Department of Law,2005,Department of Law,145,Legal Expenses,8700,8700,6492
LOCAL,0740,Chicago O'Hare Airport Fund,31,Department of Law,2005,Department of Law,149,For Software Maintenance and Licensing,8460,8460,15667
LOCAL,0740,Chicago O'Hare Airport Fund,31,Department of Law,2005,Department of Law,150,Publications and Reproduction - Outside Services to Be Expended with the Prior Approval of Graphics Services,405,405,567
LOCAL,0300,Vehicle Tax Fund,67,Department of Buildings,2005,Department of Buildings,15,Schedule Salary Adjustments,0,0,5328
LOCAL,0740,Chicago O'Hare Airport Fund,31,Department of Law,2005,Department of Law,157,Rental of Equipment and Services,4320,4320,748
LOCAL,0740,Chicago O'Hare Airport Fund,31,Department of Law,2005,Department of Law,159,Lease Purchase Agreements for Equipment and Machinery,11100,11100,10980
LOCAL,0740,Chicago O'Hare Airport Fund,31,Department of Law,2005,Department of Law,162,Repair/Maintenance of Equipment,200,200,196
LOCAL,0740,Chicago O'Hare Airport Fund,31,Department of Law,2005,Department of Law,166,Dues  Subscriptions and Memberships,8301,8301,7785
LOCAL,0740,Chicago O'Hare Airport Fund,31,Department of Law,2005,Department of Law,169,Technical Meeting Costs,2110,2110,1953
LOCAL,0740,Chicago O'Hare Airport Fund,31,Department of Law,2005,Department of Law,178,Freight and Express Charges,657,657,509
LOCAL,0740,Chicago O'Hare Airport Fund,31,Department of Law,2005,Department of Law,181,Mobile Communication Services,1800,1800,1590
LOCAL,0740,Chicago O'Hare Airport Fund,31,Department of Law,2005,Department of Law,190,Telephone - Non-Centrex Billings,8147,8147,8147
LOCAL,0740,Chicago O'Hare Airport Fund,31,Department of Law,2005,Department of Law,191,Telephone - Relocations of Phone Lines,100,100,0
LOCAL,0740,Chicago O'Hare Airport Fund,31,Department of Law,2005,Department of Law,197,Telephone - Maintenance and Repair of Equipment and Voicemail,409,409,0
LOCAL,0740,Chicago O'Hare Airport Fund,31,Department of Law,2005,Department of Law,229,Transportation and Expense Allowance,456,456,428
LOCAL,0740,Chicago O'Hare Airport Fund,31,Department of Law,2005,Department of Law,245,Reimbursement to Travelers,11270,11270,10278
LOCAL,0740,Chicago O'Hare Airport Fund,31,Department of Law,2005,Department of Law,270,Local Transportation,2286,2286,1764
LOCAL,0740,Chicago O'Hare Airport Fund,31,Department of Law,2005,Department of Law,348,Books and Related Material,1254,1254,1178
LOCAL,0740,Chicago O'Hare Airport Fund,31,Department of Law,2005,Department of Law,350,Stationery and Office Supplies,5593,5593,5328
LOCAL,0740,Chicago O'Hare Airport Fund,31,Department of Law,2005,Department of Law,9438,For Services Provided by the Department of Fleet and Facilities Management,254,254,500
LOCAL,0B21,Tax Increment Financing Administration Fund,31,Department of Law,2005,Department of Law,5,Salaries and Wages - on Payroll,1210175,1210175,1177426
LOCAL,0B21,Tax Increment Financing Administration Fund,31,Department of Law,2005,Department of Law,15,Schedule Salary Adjustments,15212,15212,0
LOCAL,0100,Corporate Fund,33,Department of Human Resources,2005,Department of Human Resources,5,Salaries and Wages - on Payroll,5705968,5705968,6076775
LOCAL,0100,Corporate Fund,33,Department of Human Resources,2005,Department of Human Resources,15,Schedule Salary Adjustments,44839,44839,37298
LOCAL,0100,Corporate Fund,33,Department of Human Resources,2005,Department of Human Resources,39,For the Employment of Students as Trainees,48000,48000,48000
LOCAL,0100,Corporate Fund,33,Department of Human Resources,2005,Department of Human Resources,50,Stipends,21000,21000,21000
LOCAL,0100,Corporate Fund,33,Department of Human Resources,2005,Department of Human Resources,130,Postage,14480,14480,14480
LOCAL,0100,Corporate Fund,33,Department of Human Resources,2005,Department of Human Resources,140,For Professional and Technical Services and Other Third Party Benefit Agreements,350685,350685,350685
LOCAL,0100,Corporate Fund,33,Department of Human Resources,2005,Department of Human Resources,143,Court Reporting,211575,211575,211575
LOCAL,0100,Corporate Fund,33,Department of Human Resources,2005,Department of Human Resources,149,For Software Maintenance and Licensing,30470,30470,30470
LOCAL,0100,Corporate Fund,33,Department of Human Resources,2005,Department of Human Resources,152,Advertising,9000,9000,9000
LOCAL,0100,Corporate Fund,99,Finance General,2005,Finance General,135,For Delegate Agencies,2150000,2888000,4275000
LOCAL,0100,Corporate Fund,33,Department of Human Resources,2005,Department of Human Resources,159,Lease Purchase Agreements for Equipment and Machinery,21154,21154,21154
LOCAL,0100,Corporate Fund,33,Department of Human Resources,2005,Department of Human Resources,162,Repair/Maintenance of Equipment,3500,3500,3500
LOCAL,0100,Corporate Fund,33,Department of Human Resources,2005,Department of Human Resources,166,Dues  Subscriptions and Memberships,2040,1620,2040
LOCAL,0100,Corporate Fund,33,Department of Human Resources,2005,Department of Human Resources,178,Freight and Express Charges,500,500,500
LOCAL,0100,Corporate Fund,33,Department of Human Resources,2005,Department of Human Resources,181,Mobile Communication Services,3036,3456,3000
LOCAL,0100,Corporate Fund,33,Department of Human Resources,2005,Department of Human Resources,190,Telephone - Non-Centrex Billings,11250,11250,6000
LOCAL,0100,Corporate Fund,33,Department of Human Resources,2005,Department of Human Resources,197,Telephone - Maintenance and Repair of Equipment and Voicemail,1975,1975,1310
LOCAL,0100,Corporate Fund,33,Department of Human Resources,2005,Department of Human Resources,245,Reimbursement to Travelers,0,0,1500
LOCAL,0100,Corporate Fund,33,Department of Human Resources,2005,Department of Human Resources,270,Local Transportation,2560,2560,2560
LOCAL,0100,Corporate Fund,33,Department of Human Resources,2005,Department of Human Resources,340,Material and Supplies,18475,18475,18475
LOCAL,0100,Corporate Fund,33,Department of Human Resources,2005,Department of Human Resources,350,Stationery and Office Supplies,11300,11300,11300
LOCAL,0100,Corporate Fund,33,Department of Human Resources,2005,Department of Human Resources,9067,For Physical Exams,210000,210000,0
LOCAL,0100,Corporate Fund,33,Department of Human Resources,2005,Department of Human Resources,9438,For Services Provided by the Department of Fleet and Facilities Management,2000,2000,3000
LOCAL,0200,Water Fund,33,Department of Human Resources,2005,Department of Human Resources,5,Salaries and Wages - on Payroll,252973,252973,281874
LOCAL,0200,Water Fund,33,Department of Human Resources,2005,Department of Human Resources,15,Schedule Salary Adjustments,3897,3897,1429
LOCAL,0200,Water Fund,33,Department of Human Resources,2005,Department of Human Resources,140,For Professional and Technical Services and Other Third Party Benefit Agreements,3808,3808,3808
LOCAL,0200,Water Fund,33,Department of Human Resources,2005,Department of Human Resources,350,Stationery and Office Supplies,208,208,208
LOCAL,0200,Water Fund,33,Department of Human Resources,2005,Department of Human Resources,9067,For Physical Exams,28584,28584,0
LOCAL,0610,Chicago Midway Airport Fund,33,Department of Human Resources,2005,Department of Human Resources,5,Salaries and Wages - on Payroll,95580,95580,100930
LOCAL,0610,Chicago Midway Airport Fund,33,Department of Human Resources,2005,Department of Human Resources,15,Schedule Salary Adjustments,349,349,380
LOCAL,0740,Chicago O'Hare Airport Fund,33,Department of Human Resources,2005,Department of Human Resources,5,Salaries and Wages - on Payroll,258035,258035,277289
LOCAL,0740,Chicago O'Hare Airport Fund,33,Department of Human Resources,2005,Department of Human Resources,15,Schedule Salary Adjustments,3332,3332,497
LOCAL,0740,Chicago O'Hare Airport Fund,33,Department of Human Resources,2005,Department of Human Resources,130,Postage,295,295,295
LOCAL,0740,Chicago O'Hare Airport Fund,33,Department of Human Resources,2005,Department of Human Resources,140,For Professional and Technical Services and Other Third Party Benefit Agreements,5950,5950,5950
LOCAL,0740,Chicago O'Hare Airport Fund,33,Department of Human Resources,2005,Department of Human Resources,9067,For Physical Exams,26416,26416,0
LOCAL,0100,Corporate Fund,35,Department of Procurement Services,2005,Department of Procurement Services,5,Salaries and Wages - on Payroll,6089649,6089649,6449134
LOCAL,0100,Corporate Fund,41,Department of Public Health,1005,Department of Public Health,245,Reimbursement to Travelers,5400,5400,5400
LOCAL,0100,Corporate Fund,35,Department of Procurement Services,2005,Department of Procurement Services,12,Contract Wage Increment - Prevailing Rate,2238,2238,2376
LOCAL,0100,Corporate Fund,35,Department of Procurement Services,2005,Department of Procurement Services,15,Schedule Salary Adjustments,36147,36147,35203
LOCAL,0100,Corporate Fund,35,Department of Procurement Services,2005,Department of Procurement Services,39,For the Employment of Students as Trainees,30000,30000,30000
LOCAL,0100,Corporate Fund,35,Department of Procurement Services,2005,Department of Procurement Services,130,Postage,6018,6018,6018
LOCAL,0100,Corporate Fund,35,Department of Procurement Services,2005,Department of Procurement Services,140,For Professional and Technical Services and Other Third Party Benefit Agreements,475500,475500,472400
LOCAL,0100,Corporate Fund,35,Department of Procurement Services,2005,Department of Procurement Services,149,For Software Maintenance and Licensing,0,0,2000
LOCAL,0100,Corporate Fund,35,Department of Procurement Services,2005,Department of Procurement Services,152,Advertising,26000,26000,29000
LOCAL,0100,Corporate Fund,35,Department of Procurement Services,2005,Department of Procurement Services,157,Rental of Equipment and Services,26100,26100,26100
LOCAL,0100,Corporate Fund,35,Department of Procurement Services,2005,Department of Procurement Services,160,Repair or Maintenance of Property,11356,11356,11356
LOCAL,0100,Corporate Fund,35,Department of Procurement Services,2005,Department of Procurement Services,162,Repair/Maintenance of Equipment,41378,41378,41378
LOCAL,0100,Corporate Fund,35,Department of Procurement Services,2005,Department of Procurement Services,166,Dues  Subscriptions and Memberships,10660,10660,10880
LOCAL,0100,Corporate Fund,35,Department of Procurement Services,2005,Department of Procurement Services,168,Educational Development through Cooperative Education Program and Apprenticeship Program,1700,1700,1500
LOCAL,0100,Corporate Fund,35,Department of Procurement Services,2005,Department of Procurement Services,169,Technical Meeting Costs,7800,7800,6300
LOCAL,0100,Corporate Fund,35,Department of Procurement Services,2005,Department of Procurement Services,171,Miscellaneous Supplies,8000,8000,8000
LOCAL,0100,Corporate Fund,35,Department of Procurement Services,2005,Department of Procurement Services,178,Freight and Express Charges,500,500,500
LOCAL,0100,Corporate Fund,35,Department of Procurement Services,2005,Department of Procurement Services,181,Mobile Communication Services,12362,12362,11589
LOCAL,0100,Corporate Fund,35,Department of Procurement Services,2005,Department of Procurement Services,188,Vehicle Tracking Service,960,960,960
LOCAL,0100,Corporate Fund,35,Department of Procurement Services,2005,Department of Procurement Services,190,Telephone - Non-Centrex Billings,14826,14826,5600
LOCAL,0100,Corporate Fund,35,Department of Procurement Services,2005,Department of Procurement Services,197,Telephone - Maintenance and Repair of Equipment and Voicemail,7260,7260,5640
LOCAL,0100,Corporate Fund,35,Department of Procurement Services,2005,Department of Procurement Services,229,Transportation and Expense Allowance,200,200,200
LOCAL,0100,Corporate Fund,35,Department of Procurement Services,2005,Department of Procurement Services,245,Reimbursement to Travelers,5000,5000,5000
LOCAL,0100,Corporate Fund,35,Department of Procurement Services,2005,Department of Procurement Services,270,Local Transportation,1890,1890,290
LOCAL,0100,Corporate Fund,35,Department of Procurement Services,2005,Department of Procurement Services,340,Material and Supplies,2250,2250,2250
LOCAL,0100,Corporate Fund,35,Department of Procurement Services,2005,Department of Procurement Services,350,Stationery and Office Supplies,19385,19385,19385
LOCAL,0100,Corporate Fund,35,Department of Procurement Services,2005,Department of Procurement Services,446,For the Purchase of Data Processing  Office Automation and Data Communication Hardware,4000,4000,3460
LOCAL,0200,Water Fund,35,Department of Procurement Services,2005,Department of Procurement Services,5,Salaries and Wages - on Payroll,176905,176905,250338
LOCAL,0200,Water Fund,35,Department of Procurement Services,2005,Department of Procurement Services,15,Schedule Salary Adjustments,0,0,1834
LOCAL,0610,Chicago Midway Airport Fund,35,Department of Procurement Services,2005,Department of Procurement Services,5,Salaries and Wages - on Payroll,330759,330759,355447
LOCAL,0740,Chicago O'Hare Airport Fund,99,Finance General,2005,Finance General,43,,95833,95833,95833
LOCAL,0610,Chicago Midway Airport Fund,35,Department of Procurement Services,2005,Department of Procurement Services,15,Schedule Salary Adjustments,852,852,4623
LOCAL,0100,Corporate Fund,38,Department of Fleet and Facility Management,2126,Bureau of Facility Management,12,Contract Wage Increment - Prevailing Rate,334340,334340,395983
LOCAL,0610,Chicago Midway Airport Fund,35,Department of Procurement Services,2005,Department of Procurement Services,140,For Professional and Technical Services and Other Third Party Benefit Agreements,23000,23000,23000
LOCAL,0610,Chicago Midway Airport Fund,35,Department of Procurement Services,2005,Department of Procurement Services,245,Reimbursement to Travelers,400,400,400
LOCAL,0610,Chicago Midway Airport Fund,35,Department of Procurement Services,2005,Department of Procurement Services,270,Local Transportation,100,100,0
LOCAL,0610,Chicago Midway Airport Fund,35,Department of Procurement Services,2005,Department of Procurement Services,350,Stationery and Office Supplies,200,200,200
LOCAL,0740,Chicago O'Hare Airport Fund,35,Department of Procurement Services,2005,Department of Procurement Services,5,Salaries and Wages - on Payroll,1370949,1370949,1486586
LOCAL,0740,Chicago O'Hare Airport Fund,35,Department of Procurement Services,2005,Department of Procurement Services,15,Schedule Salary Adjustments,14815,14815,14177
LOCAL,0740,Chicago O'Hare Airport Fund,35,Department of Procurement Services,2005,Department of Procurement Services,140,For Professional and Technical Services and Other Third Party Benefit Agreements,97000,97000,97000
LOCAL,0740,Chicago O'Hare Airport Fund,35,Department of Procurement Services,2005,Department of Procurement Services,245,Reimbursement to Travelers,1600,1600,1600
LOCAL,0740,Chicago O'Hare Airport Fund,35,Department of Procurement Services,2005,Department of Procurement Services,270,Local Transportation,300,300,300
LOCAL,0740,Chicago O'Hare Airport Fund,35,Department of Procurement Services,2005,Department of Procurement Services,350,Stationery and Office Supplies,600,600,600
LOCAL,0100,Corporate Fund,38,Department of Fleet and Facility Management,2103,Bureau of Finance and Administration,5,Salaries and Wages - on Payroll,2984146,2984146,2998998
LOCAL,0100,Corporate Fund,38,Department of Fleet and Facility Management,2103,Bureau of Finance and Administration,15,Schedule Salary Adjustments,13705,13705,17998
LOCAL,0100,Corporate Fund,38,Department of Fleet and Facility Management,2103,Bureau of Finance and Administration,140,For Professional and Technical Services and Other Third Party Benefit Agreements,22000,22000,22000
LOCAL,0100,Corporate Fund,38,Department of Fleet and Facility Management,2103,Bureau of Finance and Administration,143,Court Reporting,4000,4000,2000
LOCAL,0100,Corporate Fund,38,Department of Fleet and Facility Management,2103,Bureau of Finance and Administration,148,Testing and Inspecting,1000,1000,1000
LOCAL,0100,Corporate Fund,38,Department of Fleet and Facility Management,2103,Bureau of Finance and Administration,152,Advertising,1200,1200,1200
LOCAL,0100,Corporate Fund,38,Department of Fleet and Facility Management,2103,Bureau of Finance and Administration,159,Lease Purchase Agreements for Equipment and Machinery,88238,88238,88238
LOCAL,0100,Corporate Fund,38,Department of Fleet and Facility Management,2103,Bureau of Finance and Administration,166,Dues  Subscriptions and Memberships,700,700,425
LOCAL,0100,Corporate Fund,38,Department of Fleet and Facility Management,2103,Bureau of Finance and Administration,181,Mobile Communication Services,122240,122240,0
LOCAL,0100,Corporate Fund,81,Department of Streets and Sanitation,2005,Commissioner's Office,130,Postage,5500,5500,250
LOCAL,0100,Corporate Fund,38,Department of Fleet and Facility Management,2103,Bureau of Finance and Administration,189,Telephone - Non-Centrex Billings,83300,83300,107200
LOCAL,0100,Corporate Fund,38,Department of Fleet and Facility Management,2103,Bureau of Finance and Administration,190,Telephone - Non-Centrex Billings,231000,231000,193000
LOCAL,0100,Corporate Fund,38,Department of Fleet and Facility Management,2103,Bureau of Finance and Administration,191,Telephone - Relocations of Phone Lines,9000,9000,0
LOCAL,0100,Corporate Fund,38,Department of Fleet and Facility Management,2103,Bureau of Finance and Administration,196,Data Circuits,77320,77320,75800
LOCAL,0100,Corporate Fund,38,Department of Fleet and Facility Management,2103,Bureau of Finance and Administration,197,Telephone - Maintenance and Repair of Equipment and Voicemail,11885,11885,9325
LOCAL,0100,Corporate Fund,38,Department of Fleet and Facility Management,2103,Bureau of Finance and Administration,340,Material and Supplies,9500,10000,9500
LOCAL,0100,Corporate Fund,38,Department of Fleet and Facility Management,2103,Bureau of Finance and Administration,350,Stationery and Office Supplies,32000,31500,32000
LOCAL,0100,Corporate Fund,38,Department of Fleet and Facility Management,2126,Bureau of Facility Management,5,Salaries and Wages - on Payroll,32689261,32689261,34246952
LOCAL,0100,Corporate Fund,38,Department of Fleet and Facility Management,2131,Bureau of Asset Management,179,Messenger Service,3000,3000,3000
LOCAL,0100,Corporate Fund,38,Department of Fleet and Facility Management,2126,Bureau of Facility Management,15,Schedule Salary Adjustments,27846,27846,20020
LOCAL,0100,Corporate Fund,38,Department of Fleet and Facility Management,2126,Bureau of Facility Management,20,Overtime,510000,510000,510000
LOCAL,0100,Corporate Fund,38,Department of Fleet and Facility Management,2126,Bureau of Facility Management,125,Office and Building Services,20408810,20408810,22945287
LOCAL,0100,Corporate Fund,38,Department of Fleet and Facility Management,2126,Bureau of Facility Management,130,Postage,45000,45000,12500
LOCAL,0100,Corporate Fund,38,Department of Fleet and Facility Management,2126,Bureau of Facility Management,140,For Professional and Technical Services and Other Third Party Benefit Agreements,5757379,5757379,6680831
LOCAL,0100,Corporate Fund,38,Department of Fleet and Facility Management,2126,Bureau of Facility Management,149,For Software Maintenance and Licensing,0,0,20000
LOCAL,0100,Corporate Fund,38,Department of Fleet and Facility Management,2126,Bureau of Facility Management,157,Rental of Equipment and Services,357425,357425,697425
LOCAL,0100,Corporate Fund,38,Department of Fleet and Facility Management,2126,Bureau of Facility Management,160,Repair or Maintenance of Property,1875000,1875000,1362000
LOCAL,0100,Corporate Fund,38,Department of Fleet and Facility Management,2126,Bureau of Facility Management,161,Operation  Repair or Maintenance of Facilities,0,0,825000
LOCAL,0100,Corporate Fund,38,Department of Fleet and Facility Management,2126,Bureau of Facility Management,162,Repair/Maintenance of Equipment,2300000,2300000,2500000
LOCAL,0100,Corporate Fund,38,Department of Fleet and Facility Management,2126,Bureau of Facility Management,191,Telephone - Relocations of Phone Lines,0,0,9000
LOCAL,0100,Corporate Fund,38,Department of Fleet and Facility Management,2126,Bureau of Facility Management,229,Transportation and Expense Allowance,11000,11000,0
LOCAL,0100,Corporate Fund,38,Department of Fleet and Facility Management,2126,Bureau of Facility Management,245,Reimbursement to Travelers,0,0,2500
LOCAL,0100,Corporate Fund,38,Department of Fleet and Facility Management,2126,Bureau of Facility Management,313,Cleaning and Sanitation Supplies,732710,732710,745210
LOCAL,0100,Corporate Fund,38,Department of Fleet and Facility Management,2126,Bureau of Facility Management,319,Clothing,105400,105400,85000
LOCAL,0100,Corporate Fund,38,Department of Fleet and Facility Management,2126,Bureau of Facility Management,340,Material and Supplies,3204780,3204780,5675000
LOCAL,0100,Corporate Fund,38,Department of Fleet and Facility Management,2126,Bureau of Facility Management,342,Drugs  Medicine and Chemical Materials,1440,1440,1440
LOCAL,0100,Corporate Fund,38,Department of Fleet and Facility Management,2131,Bureau of Asset Management,5,Salaries and Wages - on Payroll,3723593,3723593,4000104
LOCAL,0100,Corporate Fund,38,Department of Fleet and Facility Management,2131,Bureau of Asset Management,15,Schedule Salary Adjustments,36110,36110,39049
LOCAL,0100,Corporate Fund,38,Department of Fleet and Facility Management,2131,Bureau of Asset Management,20,Overtime,10000,10000,10000
LOCAL,0100,Corporate Fund,38,Department of Fleet and Facility Management,2131,Bureau of Asset Management,140,For Professional and Technical Services and Other Third Party Benefit Agreements,1557082,1557082,1543170
LOCAL,0100,Corporate Fund,38,Department of Fleet and Facility Management,2131,Bureau of Asset Management,141,Appraisals,30000,30000,30000
LOCAL,0100,Corporate Fund,38,Department of Fleet and Facility Management,2131,Bureau of Asset Management,149,For Software Maintenance and Licensing,89700,89700,114670
LOCAL,0100,Corporate Fund,38,Department of Fleet and Facility Management,2131,Bureau of Asset Management,155,Rental of Property,12350849,12350849,12593212
LOCAL,0100,Corporate Fund,38,Department of Fleet and Facility Management,2131,Bureau of Asset Management,159,Lease Purchase Agreements for Equipment and Machinery,285000,285000,375000
LOCAL,0100,Corporate Fund,38,Department of Fleet and Facility Management,2131,Bureau of Asset Management,160,Repair or Maintenance of Property,200000,200000,240000
LOCAL,0100,Corporate Fund,38,Department of Fleet and Facility Management,2131,Bureau of Asset Management,162,Repair/Maintenance of Equipment,50000,50000,50000
LOCAL,0100,Corporate Fund,38,Department of Fleet and Facility Management,2131,Bureau of Asset Management,166,Dues  Subscriptions and Memberships,2200,2200,2200
LOCAL,0100,Corporate Fund,38,Department of Fleet and Facility Management,2131,Bureau of Asset Management,169,Technical Meeting Costs,23295,23295,49145
LOCAL,0100,Corporate Fund,38,Department of Fleet and Facility Management,2131,Bureau of Asset Management,181,Mobile Communication Services,0,0,139020
LOCAL,0100,Corporate Fund,38,Department of Fleet and Facility Management,2131,Bureau of Asset Management,185,Waste Disposal Services,1000,1000,1000
LOCAL,0100,Corporate Fund,38,Department of Fleet and Facility Management,2131,Bureau of Asset Management,315,Motor Vehicle Diesel Fuel,2670764,2670764,3437659
LOCAL,0100,Corporate Fund,38,Department of Fleet and Facility Management,2131,Bureau of Asset Management,318,Other Fuel,110000,110000,110000
LOCAL,0100,Corporate Fund,38,Department of Fleet and Facility Management,2131,Bureau of Asset Management,319,Clothing,0,0,45000
LOCAL,0100,Corporate Fund,38,Department of Fleet and Facility Management,2131,Bureau of Asset Management,320,Gasoline,12567943,12567943,12762449
LOCAL,0100,Corporate Fund,38,Department of Fleet and Facility Management,2131,Bureau of Asset Management,322,Natural Gas,4025916,4025916,3475222
LOCAL,0100,Corporate Fund,38,Department of Fleet and Facility Management,2131,Bureau of Asset Management,325,Alternative Fuel,349201,349201,305754
LOCAL,0100,Corporate Fund,38,Department of Fleet and Facility Management,2131,Bureau of Asset Management,331,Electricity,11756912,11756912,11429149
LOCAL,0100,Corporate Fund,38,Department of Fleet and Facility Management,2131,Bureau of Asset Management,332,Electricity - Street Lighting,3341211,3341211,3116513
LOCAL,0100,Corporate Fund,38,Department of Fleet and Facility Management,2131,Bureau of Asset Management,340,Material and Supplies,270440,270440,253425
LOCAL,0100,Corporate Fund,38,Department of Fleet and Facility Management,2131,Bureau of Asset Management,350,Stationery and Office Supplies,410000,410000,470000
LOCAL,0100,Corporate Fund,38,Department of Fleet and Facility Management,2131,Bureau of Asset Management,446,For the Purchase of Data Processing  Office Automation and Data Communication Hardware,0,0,3600
LOCAL,0100,Corporate Fund,38,Department of Fleet and Facility Management,2131,Bureau of Asset Management,9067,For Physical Exams,46500,46500,43920
LOCAL,0100,Corporate Fund,38,Department of Fleet and Facility Management,2131,Bureau of Asset Management,9160,For Expenses Related to Services Provided by PBC,513695,513695,529106
LOCAL,0100,Corporate Fund,38,Department of Fleet and Facility Management,2140,Bureau of Fleet Operations,5,Salaries and Wages - on Payroll,35465514,35465514,36939075
LOCAL,0100,Corporate Fund,38,Department of Fleet and Facility Management,2140,Bureau of Fleet Operations,12,Contract Wage Increment - Prevailing Rate,275874,275874,376667
LOCAL,0100,Corporate Fund,38,Department of Fleet and Facility Management,2140,Bureau of Fleet Operations,15,Schedule Salary Adjustments,19163,19163,42963
LOCAL,0100,Corporate Fund,38,Department of Fleet and Facility Management,2140,Bureau of Fleet Operations,20,Overtime,945817,945817,945817
LOCAL,0100,Corporate Fund,38,Department of Fleet and Facility Management,2140,Bureau of Fleet Operations,140,For Professional and Technical Services and Other Third Party Benefit Agreements,4459458,4459458,4101649
LOCAL,0100,Corporate Fund,38,Department of Fleet and Facility Management,2140,Bureau of Fleet Operations,148,Testing and Inspecting,102060,102060,49970
LOCAL,0100,Corporate Fund,38,Department of Fleet and Facility Management,2140,Bureau of Fleet Operations,149,For Software Maintenance and Licensing,381271,381271,372969
LOCAL,0100,Corporate Fund,38,Department of Fleet and Facility Management,2140,Bureau of Fleet Operations,157,Rental of Equipment and Services,3124999,3124999,290375
LOCAL,0100,Corporate Fund,38,Department of Fleet and Facility Management,2140,Bureau of Fleet Operations,159,Lease Purchase Agreements for Equipment and Machinery,0,0,2732808
LOCAL,0100,Corporate Fund,38,Department of Fleet and Facility Management,2140,Bureau of Fleet Operations,161,Operation  Repair or Maintenance of Facilities,57501,57501,121801
LOCAL,0100,Corporate Fund,38,Department of Fleet and Facility Management,2140,Bureau of Fleet Operations,162,Repair/Maintenance of Equipment,536376,536376,1386036
LOCAL,0100,Corporate Fund,38,Department of Fleet and Facility Management,2140,Bureau of Fleet Operations,166,Dues  Subscriptions and Memberships,5000,5000,5000
LOCAL,0100,Corporate Fund,38,Department of Fleet and Facility Management,2140,Bureau of Fleet Operations,176,Maintenance and Operation - City Owned Vehicles,6618167,6618167,6693452
LOCAL,0100,Corporate Fund,38,Department of Fleet and Facility Management,2140,Bureau of Fleet Operations,185,Waste Disposal Services,4704,4704,4704
LOCAL,0100,Corporate Fund,38,Department of Fleet and Facility Management,2140,Bureau of Fleet Operations,188,Vehicle Tracking Service,108500,108500,105880
LOCAL,0100,Corporate Fund,38,Department of Fleet and Facility Management,2140,Bureau of Fleet Operations,245,Reimbursement to Travelers,5000,5000,7500
LOCAL,0100,Corporate Fund,38,Department of Fleet and Facility Management,2140,Bureau of Fleet Operations,319,Clothing,22300,22300,16100
LOCAL,0100,Corporate Fund,38,Department of Fleet and Facility Management,2140,Bureau of Fleet Operations,338,License Sticker  Tag and Plates,100000,100000,100000
LOCAL,0100,Corporate Fund,38,Department of Fleet and Facility Management,2140,Bureau of Fleet Operations,340,Material and Supplies,48912,48912,48912
LOCAL,0100,Corporate Fund,38,Department of Fleet and Facility Management,2140,Bureau of Fleet Operations,342,Drugs  Medicine and Chemical Materials,3885,3885,4201
LOCAL,0100,Corporate Fund,38,Department of Fleet and Facility Management,2140,Bureau of Fleet Operations,345,Apparatus and Instruments,47004,47004,47004
LOCAL,0100,Corporate Fund,38,Department of Fleet and Facility Management,2140,Bureau of Fleet Operations,348,Books and Related Material,588,588,588
LOCAL,0100,Corporate Fund,38,Department of Fleet and Facility Management,2140,Bureau of Fleet Operations,360,Repair Parts and Material,20570427,20570427,20104703
LOCAL,0200,Water Fund,38,Department of Fleet and Facility Management,2126,Bureau of Facility Management,125,Office and Building Services,160325,160325,239361
LOCAL,0200,Water Fund,38,Department of Fleet and Facility Management,2126,Bureau of Facility Management,313,Cleaning and Sanitation Supplies,6274,6274,6274
LOCAL,0200,Water Fund,38,Department of Fleet and Facility Management,2131,Bureau of Asset Management,140,For Professional and Technical Services and Other Third Party Benefit Agreements,122206,122206,134427
LOCAL,0200,Water Fund,38,Department of Fleet and Facility Management,2131,Bureau of Asset Management,155,Rental of Property,331171,331171,338559
LOCAL,0200,Water Fund,38,Department of Fleet and Facility Management,2131,Bureau of Asset Management,315,Motor Vehicle Diesel Fuel,981805,981805,1261412
LOCAL,0200,Water Fund,38,Department of Fleet and Facility Management,2131,Bureau of Asset Management,320,Gasoline,190396,190396,222268
LOCAL,0200,Water Fund,38,Department of Fleet and Facility Management,2131,Bureau of Asset Management,322,Natural Gas,9089259,9089259,9486919
LOCAL,0200,Water Fund,38,Department of Fleet and Facility Management,2131,Bureau of Asset Management,331,Electricity,12370092,12370092,12723877
LOCAL,0200,Water Fund,38,Department of Fleet and Facility Management,2140,Bureau of Fleet Operations,5,Salaries and Wages - on Payroll,4062568,4062568,4398671
LOCAL,0200,Water Fund,38,Department of Fleet and Facility Management,2140,Bureau of Fleet Operations,12,Contract Wage Increment - Prevailing Rate,31583,31583,44662
LOCAL,0200,Water Fund,38,Department of Fleet and Facility Management,2140,Bureau of Fleet Operations,15,Schedule Salary Adjustments,3138,3138,0
LOCAL,0200,Water Fund,38,Department of Fleet and Facility Management,2140,Bureau of Fleet Operations,20,Overtime,120000,120000,120000
LOCAL,0200,Water Fund,38,Department of Fleet and Facility Management,2140,Bureau of Fleet Operations,140,For Professional and Technical Services and Other Third Party Benefit Agreements,398930,398930,325462
LOCAL,0200,Water Fund,38,Department of Fleet and Facility Management,2140,Bureau of Fleet Operations,149,For Software Maintenance and Licensing,12883,12883,20134
LOCAL,0200,Water Fund,38,Department of Fleet and Facility Management,2140,Bureau of Fleet Operations,160,Repair or Maintenance of Property,65800,65800,0
LOCAL,0200,Water Fund,38,Department of Fleet and Facility Management,2140,Bureau of Fleet Operations,161,Operation  Repair or Maintenance of Facilities,50000,50000,50000
LOCAL,0200,Water Fund,38,Department of Fleet and Facility Management,2140,Bureau of Fleet Operations,162,Repair/Maintenance of Equipment,0,0,104469
LOCAL,0200,Water Fund,38,Department of Fleet and Facility Management,2140,Bureau of Fleet Operations,176,Maintenance and Operation - City Owned Vehicles,219516,219516,219516
LOCAL,0200,Water Fund,38,Department of Fleet and Facility Management,2140,Bureau of Fleet Operations,360,Repair Parts and Material,1465798,1465798,1493346
LOCAL,0300,Vehicle Tax Fund,38,Department of Fleet and Facility Management,2126,Bureau of Facility Management,125,Office and Building Services,541740,541740,470606
LOCAL,0300,Vehicle Tax Fund,38,Department of Fleet and Facility Management,2126,Bureau of Facility Management,140,For Professional and Technical Services and Other Third Party Benefit Agreements,750087,750087,772628
LOCAL,0300,Vehicle Tax Fund,38,Department of Fleet and Facility Management,2126,Bureau of Facility Management,313,Cleaning and Sanitation Supplies,38426,38426,38426
LOCAL,0300,Vehicle Tax Fund,38,Department of Fleet and Facility Management,2126,Bureau of Facility Management,340,Material and Supplies,0,0,300000
LOCAL,0300,Vehicle Tax Fund,38,Department of Fleet and Facility Management,2131,Bureau of Asset Management,140,For Professional and Technical Services and Other Third Party Benefit Agreements,2929329,2929329,4577666
LOCAL,0300,Vehicle Tax Fund,38,Department of Fleet and Facility Management,2131,Bureau of Asset Management,155,Rental of Property,1992885,1992885,2679005
LOCAL,0300,Vehicle Tax Fund,38,Department of Fleet and Facility Management,2131,Bureau of Asset Management,315,Motor Vehicle Diesel Fuel,4611989,4611989,6067298
LOCAL,0300,Vehicle Tax Fund,38,Department of Fleet and Facility Management,2131,Bureau of Asset Management,320,Gasoline,901554,901554,1000146
LOCAL,0300,Vehicle Tax Fund,38,Department of Fleet and Facility Management,2131,Bureau of Asset Management,322,Natural Gas,1024529,1024529,918846
LOCAL,0300,Vehicle Tax Fund,38,Department of Fleet and Facility Management,2131,Bureau of Asset Management,325,Alternative Fuel,478384,478384,418864
LOCAL,0300,Vehicle Tax Fund,38,Department of Fleet and Facility Management,2131,Bureau of Asset Management,331,Electricity,1971638,1971638,1788469
LOCAL,0300,Vehicle Tax Fund,38,Department of Fleet and Facility Management,2140,Bureau of Fleet Operations,148,Testing and Inspecting,56000,56000,0
LOCAL,0300,Vehicle Tax Fund,38,Department of Fleet and Facility Management,2140,Bureau of Fleet Operations,157,Rental of Equipment and Services,3567876,3567876,3567876
LOCAL,0300,Vehicle Tax Fund,38,Department of Fleet and Facility Management,2140,Bureau of Fleet Operations,162,Repair/Maintenance of Equipment,0,0,56000
LOCAL,0310,Motor Fuel Tax Fund,38,Department of Fleet and Facility Management,2131,Bureau of Asset Management,332,Electricity - Street Lighting,15175066,15175066,14197447
LOCAL,0314,Sewer Fund,38,Department of Fleet and Facility Management,2131,Bureau of Asset Management,140,For Professional and Technical Services and Other Third Party Benefit Agreements,87988,87988,96787
LOCAL,0314,Sewer Fund,38,Department of Fleet and Facility Management,2131,Bureau of Asset Management,155,Rental of Property,402120,402120,414788
LOCAL,0314,Sewer Fund,38,Department of Fleet and Facility Management,2131,Bureau of Asset Management,315,Motor Vehicle Diesel Fuel,483575,483575,621292
LOCAL,0314,Sewer Fund,38,Department of Fleet and Facility Management,2131,Bureau of Asset Management,320,Gasoline,182930,182930,213552
LOCAL,0314,Sewer Fund,38,Department of Fleet and Facility Management,2131,Bureau of Asset Management,325,Alternative Fuel,28797,28797,25214
LOCAL,0314,Sewer Fund,38,Department of Fleet and Facility Management,2140,Bureau of Fleet Operations,5,Salaries and Wages - on Payroll,2587406,2587406,2652773
LOCAL,0314,Sewer Fund,38,Department of Fleet and Facility Management,2140,Bureau of Fleet Operations,12,Contract Wage Increment - Prevailing Rate,23210,23210,29746
LOCAL,0314,Sewer Fund,38,Department of Fleet and Facility Management,2140,Bureau of Fleet Operations,20,Overtime,60000,60000,60000
LOCAL,0314,Sewer Fund,38,Department of Fleet and Facility Management,2140,Bureau of Fleet Operations,140,For Professional and Technical Services and Other Third Party Benefit Agreements,203747,203747,203747
LOCAL,0314,Sewer Fund,38,Department of Fleet and Facility Management,2140,Bureau of Fleet Operations,149,For Software Maintenance and Licensing,7730,7730,20134
LOCAL,0314,Sewer Fund,38,Department of Fleet and Facility Management,2140,Bureau of Fleet Operations,161,Operation  Repair or Maintenance of Facilities,50000,50000,50000
LOCAL,0314,Sewer Fund,38,Department of Fleet and Facility Management,2140,Bureau of Fleet Operations,162,Repair/Maintenance of Equipment,45120,45120,107801
LOCAL,0314,Sewer Fund,38,Department of Fleet and Facility Management,2140,Bureau of Fleet Operations,176,Maintenance and Operation - City Owned Vehicles,250501,250501,175416
LOCAL,0314,Sewer Fund,38,Department of Fleet and Facility Management,2140,Bureau of Fleet Operations,360,Repair Parts and Material,754603,754603,754603
LOCAL,0346,Library Fund,38,Department of Fleet and Facility Management,2126,Bureau of Facility Management,125,Office and Building Services,3721388,3721388,3223143
LOCAL,0346,Library Fund,38,Department of Fleet and Facility Management,2126,Bureau of Facility Management,140,For Professional and Technical Services and Other Third Party Benefit Agreements,4222145,4222145,4356157
LOCAL,0346,Library Fund,38,Department of Fleet and Facility Management,2126,Bureau of Facility Management,160,Repair or Maintenance of Property,425000,425000,625000
LOCAL,0346,Library Fund,38,Department of Fleet and Facility Management,2126,Bureau of Facility Management,161,Operation  Repair or Maintenance of Facilities,0,0,100000
LOCAL,0346,Library Fund,38,Department of Fleet and Facility Management,2126,Bureau of Facility Management,162,Repair/Maintenance of Equipment,300000,300000,300000
LOCAL,0346,Library Fund,38,Department of Fleet and Facility Management,2126,Bureau of Facility Management,313,Cleaning and Sanitation Supplies,207272,207272,213490
LOCAL,0346,Library Fund,38,Department of Fleet and Facility Management,2126,Bureau of Facility Management,340,Material and Supplies,645000,645000,570000
LOCAL,0346,Library Fund,38,Department of Fleet and Facility Management,2131,Bureau of Asset Management,155,Rental of Property,1185035,1185035,1562549
LOCAL,0346,Library Fund,38,Department of Fleet and Facility Management,2131,Bureau of Asset Management,315,Motor Vehicle Diesel Fuel,25981,25981,31127
LOCAL,0346,Library Fund,38,Department of Fleet and Facility Management,2131,Bureau of Asset Management,320,Gasoline,6746,6746,7925
LOCAL,0346,Library Fund,38,Department of Fleet and Facility Management,2131,Bureau of Asset Management,322,Natural Gas,586501,586501,611095
LOCAL,0346,Library Fund,38,Department of Fleet and Facility Management,2131,Bureau of Asset Management,331,Electricity,3276366,3276366,3161131
LOCAL,0346,Library Fund,38,Department of Fleet and Facility Management,2140,Bureau of Fleet Operations,176,Maintenance and Operation - City Owned Vehicles,37485,37485,28185
LOCAL,0346,Library Fund,38,Department of Fleet and Facility Management,2140,Bureau of Fleet Operations,360,Repair Parts and Material,15000,15000,24300
LOCAL,0100,Corporate Fund,39,Board of Election Commissioners,2005,Election and Administration Division,245,Reimbursement to Travelers,2068,2068,3550
LOCAL,0610,Chicago Midway Airport Fund,38,Department of Fleet and Facility Management,2131,Bureau of Asset Management,140,For Professional and Technical Services and Other Third Party Benefit Agreements,14665,14665,16132
LOCAL,0610,Chicago Midway Airport Fund,38,Department of Fleet and Facility Management,2131,Bureau of Asset Management,315,Motor Vehicle Diesel Fuel,227388,227388,274351
LOCAL,0610,Chicago Midway Airport Fund,38,Department of Fleet and Facility Management,2131,Bureau of Asset Management,320,Gasoline,323253,323253,368368
LOCAL,0610,Chicago Midway Airport Fund,38,Department of Fleet and Facility Management,2131,Bureau of Asset Management,322,Natural Gas,882098,882098,764612
LOCAL,0610,Chicago Midway Airport Fund,38,Department of Fleet and Facility Management,2131,Bureau of Asset Management,331,Electricity,5993720,5993720,5825337
LOCAL,0610,Chicago Midway Airport Fund,38,Department of Fleet and Facility Management,2140,Bureau of Fleet Operations,5,Salaries and Wages - on Payroll,1290228,1290228,1453854
LOCAL,0610,Chicago Midway Airport Fund,38,Department of Fleet and Facility Management,2140,Bureau of Fleet Operations,12,Contract Wage Increment - Prevailing Rate,6329,6329,13755
LOCAL,0610,Chicago Midway Airport Fund,38,Department of Fleet and Facility Management,2140,Bureau of Fleet Operations,20,Overtime,115000,115000,115000
LOCAL,0610,Chicago Midway Airport Fund,38,Department of Fleet and Facility Management,2140,Bureau of Fleet Operations,140,For Professional and Technical Services and Other Third Party Benefit Agreements,214000,214000,214000
LOCAL,0610,Chicago Midway Airport Fund,38,Department of Fleet and Facility Management,2140,Bureau of Fleet Operations,148,Testing and Inspecting,5890,5890,5890
LOCAL,0610,Chicago Midway Airport Fund,38,Department of Fleet and Facility Management,2140,Bureau of Fleet Operations,149,For Software Maintenance and Licensing,6580,6580,5500
LOCAL,0610,Chicago Midway Airport Fund,38,Department of Fleet and Facility Management,2140,Bureau of Fleet Operations,162,Repair/Maintenance of Equipment,30550,30550,72338
LOCAL,0610,Chicago Midway Airport Fund,38,Department of Fleet and Facility Management,2140,Bureau of Fleet Operations,176,Maintenance and Operation - City Owned Vehicles,315000,315000,275050
LOCAL,0610,Chicago Midway Airport Fund,38,Department of Fleet and Facility Management,2140,Bureau of Fleet Operations,319,Clothing,600,600,0
LOCAL,0610,Chicago Midway Airport Fund,38,Department of Fleet and Facility Management,2140,Bureau of Fleet Operations,338,License Sticker  Tag and Plates,2014,2014,2014
LOCAL,0610,Chicago Midway Airport Fund,38,Department of Fleet and Facility Management,2140,Bureau of Fleet Operations,342,Drugs  Medicine and Chemical Materials,158,158,0
LOCAL,0610,Chicago Midway Airport Fund,38,Department of Fleet and Facility Management,2140,Bureau of Fleet Operations,350,Stationery and Office Supplies,846,846,846
LOCAL,0610,Chicago Midway Airport Fund,38,Department of Fleet and Facility Management,2140,Bureau of Fleet Operations,360,Repair Parts and Material,507795,507795,657795
LOCAL,0610,Chicago Midway Airport Fund,38,Department of Fleet and Facility Management,2140,Bureau of Fleet Operations,440,Machinery and Equipment,30690,30690,30690
LOCAL,0610,Chicago Midway Airport Fund,38,Department of Fleet and Facility Management,2140,Bureau of Fleet Operations,450,Vehicles,380000,380000,380000
LOCAL,0740,Chicago O'Hare Airport Fund,38,Department of Fleet and Facility Management,2131,Bureau of Asset Management,140,For Professional and Technical Services and Other Third Party Benefit Agreements,29329,29329,32262
LOCAL,0740,Chicago O'Hare Airport Fund,38,Department of Fleet and Facility Management,2131,Bureau of Asset Management,155,Rental of Property,420000,420000,423190
LOCAL,0740,Chicago O'Hare Airport Fund,38,Department of Fleet and Facility Management,2131,Bureau of Asset Management,315,Motor Vehicle Diesel Fuel,835605,835605,1032081
LOCAL,0740,Chicago O'Hare Airport Fund,38,Department of Fleet and Facility Management,2131,Bureau of Asset Management,320,Gasoline,761260,761260,859525
LOCAL,0740,Chicago O'Hare Airport Fund,38,Department of Fleet and Facility Management,2131,Bureau of Asset Management,322,Natural Gas,6169353,6169353,4596401
LOCAL,0740,Chicago O'Hare Airport Fund,38,Department of Fleet and Facility Management,2131,Bureau of Asset Management,325,Alternative Fuel,26860,26860,23518
LOCAL,0740,Chicago O'Hare Airport Fund,38,Department of Fleet and Facility Management,2131,Bureau of Asset Management,331,Electricity,22964180,22964180,21021991
LOCAL,0740,Chicago O'Hare Airport Fund,38,Department of Fleet and Facility Management,2140,Bureau of Fleet Operations,5,Salaries and Wages - on Payroll,6615136,6615136,6916241
LOCAL,0740,Chicago O'Hare Airport Fund,38,Department of Fleet and Facility Management,2140,Bureau of Fleet Operations,12,Contract Wage Increment - Prevailing Rate,44117,44117,74501
LOCAL,0740,Chicago O'Hare Airport Fund,38,Department of Fleet and Facility Management,2140,Bureau of Fleet Operations,15,Schedule Salary Adjustments,1827,1827,3331
LOCAL,0740,Chicago O'Hare Airport Fund,38,Department of Fleet and Facility Management,2140,Bureau of Fleet Operations,20,Overtime,700000,700000,700000
LOCAL,0740,Chicago O'Hare Airport Fund,38,Department of Fleet and Facility Management,2140,Bureau of Fleet Operations,140,For Professional and Technical Services and Other Third Party Benefit Agreements,765000,765000,765000
LOCAL,0740,Chicago O'Hare Airport Fund,38,Department of Fleet and Facility Management,2140,Bureau of Fleet Operations,148,Testing and Inspecting,9670,9670,9670
LOCAL,0740,Chicago O'Hare Airport Fund,38,Department of Fleet and Facility Management,2140,Bureau of Fleet Operations,149,For Software Maintenance and Licensing,37499,37499,46244
LOCAL,0740,Chicago O'Hare Airport Fund,38,Department of Fleet and Facility Management,2140,Bureau of Fleet Operations,162,Repair/Maintenance of Equipment,229369,229369,375655
LOCAL,0740,Chicago O'Hare Airport Fund,38,Department of Fleet and Facility Management,2140,Bureau of Fleet Operations,176,Maintenance and Operation - City Owned Vehicles,1320000,1320000,1168127
LOCAL,0740,Chicago O'Hare Airport Fund,38,Department of Fleet and Facility Management,2140,Bureau of Fleet Operations,319,Clothing,3000,3000,0
LOCAL,0100,Corporate Fund,41,Department of Public Health,1005,Department of Public Health,270,Local Transportation,3150,3150,3150
LOCAL,0740,Chicago O'Hare Airport Fund,38,Department of Fleet and Facility Management,2140,Bureau of Fleet Operations,338,License Sticker  Tag and Plates,10200,10200,10200
LOCAL,0740,Chicago O'Hare Airport Fund,38,Department of Fleet and Facility Management,2140,Bureau of Fleet Operations,342,Drugs  Medicine and Chemical Materials,158,158,0
LOCAL,0740,Chicago O'Hare Airport Fund,38,Department of Fleet and Facility Management,2140,Bureau of Fleet Operations,350,Stationery and Office Supplies,1034,1034,1034
LOCAL,0740,Chicago O'Hare Airport Fund,38,Department of Fleet and Facility Management,2140,Bureau of Fleet Operations,360,Repair Parts and Material,2669850,2669850,2669850
LOCAL,0740,Chicago O'Hare Airport Fund,38,Department of Fleet and Facility Management,2140,Bureau of Fleet Operations,440,Machinery and Equipment,38000,38000,38000
LOCAL,0740,Chicago O'Hare Airport Fund,38,Department of Fleet and Facility Management,2140,Bureau of Fleet Operations,450,Vehicles,8000000,8000000,0
LOCAL,0100,Corporate Fund,39,Board of Election Commissioners,2005,Election and Administration Division,5,Salaries and Wages - on Payroll,6180054,6180054,6020740
LOCAL,0100,Corporate Fund,39,Board of Election Commissioners,2005,Election and Administration Division,20,Overtime,499800,499800,499800
LOCAL,0100,Corporate Fund,39,Board of Election Commissioners,2005,Election and Administration Division,55,Extra Hire,1712100,1712100,12503094
LOCAL,0100,Corporate Fund,39,Board of Election Commissioners,2005,Election and Administration Division,130,Postage,69179,69179,973515
LOCAL,0100,Corporate Fund,39,Board of Election Commissioners,2005,Election and Administration Division,138,For Professional Services for Information Technology Maintenance,345700,345700,1865188
LOCAL,0100,Corporate Fund,39,Board of Election Commissioners,2005,Election and Administration Division,140,For Professional and Technical Services and Other Third Party Benefit Agreements,645050,645050,906388
LOCAL,0100,Corporate Fund,39,Board of Election Commissioners,2005,Election and Administration Division,143,Court Reporting,50000,50000,437000
LOCAL,0100,Corporate Fund,39,Board of Election Commissioners,2005,Election and Administration Division,145,Legal Expenses,1324589,1324589,2612810
LOCAL,0100,Corporate Fund,39,Board of Election Commissioners,2005,Election and Administration Division,149,For Software Maintenance and Licensing,701224,701224,1014453
LOCAL,0100,Corporate Fund,39,Board of Election Commissioners,2005,Election and Administration Division,150,Publications and Reproduction - Outside Services to Be Expended with the Prior Approval of Graphics Services,40600,40600,971945
LOCAL,0100,Corporate Fund,39,Board of Election Commissioners,2005,Election and Administration Division,152,Advertising,49450,49450,210600
LOCAL,0100,Corporate Fund,39,Board of Election Commissioners,2005,Election and Administration Division,154,For the Rental and Maintenance of Data Processing  Office Automation and Data Communications Hardware,806464,806464,94168
LOCAL,0100,Corporate Fund,39,Board of Election Commissioners,2005,Election and Administration Division,155,Rental of Property,775245,775245,1106586
LOCAL,0100,Corporate Fund,39,Board of Election Commissioners,2005,Election and Administration Division,157,Rental of Equipment and Services,74663,74663,647201
LOCAL,0100,Corporate Fund,39,Board of Election Commissioners,2005,Election and Administration Division,159,Lease Purchase Agreements for Equipment and Machinery,532787,457787,333435
LOCAL,0100,Corporate Fund,39,Board of Election Commissioners,2005,Election and Administration Division,162,Repair/Maintenance of Equipment,281556,281556,285484
LOCAL,0100,Corporate Fund,39,Board of Election Commissioners,2005,Election and Administration Division,166,Dues  Subscriptions and Memberships,6164,6164,5841
LOCAL,0100,Corporate Fund,39,Board of Election Commissioners,2005,Election and Administration Division,169,Technical Meeting Costs,29493,29493,55420
LOCAL,0100,Corporate Fund,39,Board of Election Commissioners,2005,Election and Administration Division,172,For the Cost of Insurance Premiums and Expenses,1350,1350,1350
LOCAL,0100,Corporate Fund,39,Board of Election Commissioners,2005,Election and Administration Division,178,Freight and Express Charges,6376,6376,1653200
LOCAL,0100,Corporate Fund,39,Board of Election Commissioners,2005,Election and Administration Division,181,Mobile Communication Services,506966,506966,665000
LOCAL,0100,Corporate Fund,39,Board of Election Commissioners,2005,Election and Administration Division,190,Telephone - Non-Centrex Billings,351258,426258,539201
LOCAL,0100,Corporate Fund,39,Board of Election Commissioners,2005,Election and Administration Division,229,Transportation and Expense Allowance,5150,5150,12350
LOCAL,0100,Corporate Fund,39,Board of Election Commissioners,2005,Election and Administration Division,270,Local Transportation,7718,7718,48900
LOCAL,0100,Corporate Fund,39,Board of Election Commissioners,2005,Election and Administration Division,340,Material and Supplies,510985,510985,594550
LOCAL,0100,Corporate Fund,39,Board of Election Commissioners,2005,Election and Administration Division,350,Stationery and Office Supplies,90388,90388,124600
LOCAL,0100,Corporate Fund,41,Department of Public Health,1005,Department of Public Health,5,Salaries and Wages - on Payroll,15988383,15988383,16938725
LOCAL,0100,Corporate Fund,41,Department of Public Health,1005,Department of Public Health,11,Contract Wage Increment - Salary,0,0,97605
LOCAL,0100,Corporate Fund,41,Department of Public Health,1005,Department of Public Health,15,Schedule Salary Adjustments,50283,50283,85432
LOCAL,0100,Corporate Fund,41,Department of Public Health,1005,Department of Public Health,20,Overtime,53538,53538,76850
LOCAL,0100,Corporate Fund,41,Department of Public Health,1005,Department of Public Health,50,Stipends,43700,43700,43700
LOCAL,0100,Corporate Fund,41,Department of Public Health,1005,Department of Public Health,91,Uniform Allowance,12000,12000,12500
LOCAL,0100,Corporate Fund,41,Department of Public Health,1005,Department of Public Health,125,Office and Building Services,142090,142090,142090
LOCAL,0100,Corporate Fund,41,Department of Public Health,1005,Department of Public Health,130,Postage,20099,20099,20099
LOCAL,0100,Corporate Fund,41,Department of Public Health,1005,Department of Public Health,135,For Delegate Agencies,12482290,12482290,14212290
LOCAL,0100,Corporate Fund,41,Department of Public Health,1005,Department of Public Health,140,For Professional and Technical Services and Other Third Party Benefit Agreements,2058540,2058540,2292794
LOCAL,0100,Corporate Fund,41,Department of Public Health,1005,Department of Public Health,148,Testing and Inspecting,1000,1000,2000
LOCAL,0100,Corporate Fund,41,Department of Public Health,1005,Department of Public Health,149,For Software Maintenance and Licensing,26510,26510,24315
LOCAL,0100,Corporate Fund,41,Department of Public Health,1005,Department of Public Health,150,Publications and Reproduction - Outside Services to Be Expended with the Prior Approval of Graphics Services,70000,70000,70000
LOCAL,0100,Corporate Fund,41,Department of Public Health,1005,Department of Public Health,152,Advertising,55000,55000,55000
LOCAL,0100,Corporate Fund,41,Department of Public Health,1005,Department of Public Health,157,Rental of Equipment and Services,31920,31920,0
LOCAL,0100,Corporate Fund,41,Department of Public Health,1005,Department of Public Health,159,Lease Purchase Agreements for Equipment and Machinery,153173,153173,153173
LOCAL,0100,Corporate Fund,41,Department of Public Health,1005,Department of Public Health,162,Repair/Maintenance of Equipment,4180,4180,17300
LOCAL,0100,Corporate Fund,41,Department of Public Health,1005,Department of Public Health,166,Dues  Subscriptions and Memberships,90000,90000,82534
LOCAL,0100,Corporate Fund,41,Department of Public Health,1005,Department of Public Health,169,Technical Meeting Costs,16176,16176,18676
LOCAL,0100,Corporate Fund,41,Department of Public Health,1005,Department of Public Health,179,Messenger Service,5000,5000,5000
LOCAL,0100,Corporate Fund,41,Department of Public Health,1005,Department of Public Health,181,Mobile Communication Services,211884,211884,211884
LOCAL,0100,Corporate Fund,41,Department of Public Health,1005,Department of Public Health,189,Telephone - Non-Centrex Billings,9700,9700,12000
LOCAL,0100,Corporate Fund,41,Department of Public Health,1005,Department of Public Health,190,Telephone - Non-Centrex Billings,118884,118884,116300
LOCAL,0100,Corporate Fund,41,Department of Public Health,1005,Department of Public Health,196,Data Circuits,230000,230000,230000
LOCAL,0100,Corporate Fund,41,Department of Public Health,1005,Department of Public Health,197,Telephone - Maintenance and Repair of Equipment and Voicemail,14875,14875,12235
LOCAL,0100,Corporate Fund,41,Department of Public Health,1005,Department of Public Health,330,Food,800,800,5500
LOCAL,0100,Corporate Fund,41,Department of Public Health,1005,Department of Public Health,340,Material and Supplies,17552,17552,18920
LOCAL,0100,Corporate Fund,41,Department of Public Health,1005,Department of Public Health,342,Drugs  Medicine and Chemical Materials,966122,966122,1013092
LOCAL,0100,Corporate Fund,41,Department of Public Health,1005,Department of Public Health,350,Stationery and Office Supplies,20675,20675,20000
LOCAL,0100,Corporate Fund,41,Department of Public Health,1005,Department of Public Health,445,Technical and Scientific Equipment,10930,10930,3010
LOCAL,0100,Corporate Fund,41,Department of Public Health,1005,Department of Public Health,446,For the Purchase of Data Processing  Office Automation and Data Communication Hardware,2505,2505,1640
LOCAL,0100,Corporate Fund,45,Commission on Human Relations,2005,Commission on Human Relations,5,Salaries and Wages - on Payroll,1094070,1094070,1066589
LOCAL,0100,Corporate Fund,45,Commission on Human Relations,2005,Commission on Human Relations,15,Schedule Salary Adjustments,5422,5422,1404
LOCAL,0100,Corporate Fund,45,Commission on Human Relations,2005,Commission on Human Relations,130,Postage,4437,4437,3000
LOCAL,0100,Corporate Fund,45,Commission on Human Relations,2005,Commission on Human Relations,138,For Professional Services for Information Technology Maintenance,7200,7200,7200
LOCAL,0100,Corporate Fund,45,Commission on Human Relations,2005,Commission on Human Relations,139,For Professional Services for Information Technology Development,40000,40000,0
LOCAL,0100,Corporate Fund,45,Commission on Human Relations,2005,Commission on Human Relations,140,For Professional and Technical Services and Other Third Party Benefit Agreements,54000,54000,49200
LOCAL,0100,Corporate Fund,45,Commission on Human Relations,2005,Commission on Human Relations,143,Court Reporting,8660,8660,8660
LOCAL,0100,Corporate Fund,45,Commission on Human Relations,2005,Commission on Human Relations,159,Lease Purchase Agreements for Equipment and Machinery,4994,4994,4994
LOCAL,0100,Corporate Fund,45,Commission on Human Relations,2005,Commission on Human Relations,166,Dues  Subscriptions and Memberships,5290,5290,5290
LOCAL,0100,Corporate Fund,45,Commission on Human Relations,2005,Commission on Human Relations,169,Technical Meeting Costs,0,0,3000
LOCAL,0100,Corporate Fund,45,Commission on Human Relations,2005,Commission on Human Relations,190,Telephone - Non-Centrex Billings,3500,3500,3000
LOCAL,0100,Corporate Fund,45,Commission on Human Relations,2005,Commission on Human Relations,197,Telephone - Maintenance and Repair of Equipment and Voicemail,410,410,345
LOCAL,0100,Corporate Fund,45,Commission on Human Relations,2005,Commission on Human Relations,270,Local Transportation,600,600,800
LOCAL,0100,Corporate Fund,45,Commission on Human Relations,2005,Commission on Human Relations,350,Stationery and Office Supplies,1500,1500,2500
LOCAL,0100,Corporate Fund,45,Commission on Human Relations,2005,Commission on Human Relations,446,For the Purchase of Data Processing  Office Automation and Data Communication Hardware,1410,1410,0
LOCAL,0100,Corporate Fund,48,Mayor's Office for People with Disabilities,2005,Mayor's Office for People with Disabilities,5,Salaries and Wages - on Payroll,1179492,1179492,1264115
LOCAL,0100,Corporate Fund,48,Mayor's Office for People with Disabilities,2005,Mayor's Office for People with Disabilities,15,Schedule Salary Adjustments,4714,4714,4265
LOCAL,0100,Corporate Fund,48,Mayor's Office for People with Disabilities,2005,Mayor's Office for People with Disabilities,39,For the Employment of Students as Trainees,7525,7525,7525
LOCAL,0100,Corporate Fund,48,Mayor's Office for People with Disabilities,2005,Mayor's Office for People with Disabilities,130,Postage,1683,1683,1683
LOCAL,0100,Corporate Fund,48,Mayor's Office for People with Disabilities,2005,Mayor's Office for People with Disabilities,135,For Delegate Agencies,200000,200000,200000
LOCAL,0100,Corporate Fund,48,Mayor's Office for People with Disabilities,2005,Mayor's Office for People with Disabilities,140,For Professional and Technical Services and Other Third Party Benefit Agreements,140644,140644,25409
LOCAL,0100,Corporate Fund,48,Mayor's Office for People with Disabilities,2005,Mayor's Office for People with Disabilities,157,Rental of Equipment and Services,14796,14796,14796
LOCAL,0100,Corporate Fund,57,Chicago Police Department,1005,Chicago Police Department,15,Schedule Salary Adjustments,12651582,12651582,14958143
LOCAL,0100,Corporate Fund,48,Mayor's Office for People with Disabilities,2005,Mayor's Office for People with Disabilities,159,Lease Purchase Agreements for Equipment and Machinery,16201,16201,16572
LOCAL,0100,Corporate Fund,48,Mayor's Office for People with Disabilities,2005,Mayor's Office for People with Disabilities,162,Repair/Maintenance of Equipment,775,775,775
LOCAL,0100,Corporate Fund,48,Mayor's Office for People with Disabilities,2005,Mayor's Office for People with Disabilities,169,Technical Meeting Costs,3580,3580,3580
LOCAL,0100,Corporate Fund,48,Mayor's Office for People with Disabilities,2005,Mayor's Office for People with Disabilities,181,Mobile Communication Services,1868,1868,1868
LOCAL,0100,Corporate Fund,48,Mayor's Office for People with Disabilities,2005,Mayor's Office for People with Disabilities,190,Telephone - Non-Centrex Billings,10056,10056,10056
LOCAL,0100,Corporate Fund,48,Mayor's Office for People with Disabilities,2005,Mayor's Office for People with Disabilities,197,Telephone - Maintenance and Repair of Equipment and Voicemail,920,920,920
LOCAL,0100,Corporate Fund,48,Mayor's Office for People with Disabilities,2005,Mayor's Office for People with Disabilities,245,Reimbursement to Travelers,2234,2234,2234
LOCAL,0100,Corporate Fund,48,Mayor's Office for People with Disabilities,2005,Mayor's Office for People with Disabilities,270,Local Transportation,9727,9727,9774
LOCAL,0100,Corporate Fund,48,Mayor's Office for People with Disabilities,2005,Mayor's Office for People with Disabilities,340,Material and Supplies,1199,1199,1199
LOCAL,0100,Corporate Fund,48,Mayor's Office for People with Disabilities,2005,Mayor's Office for People with Disabilities,350,Stationery and Office Supplies,9387,9387,7387
LOCAL,0100,Corporate Fund,48,Mayor's Office for People with Disabilities,2005,Mayor's Office for People with Disabilities,9438,For Services Provided by the Department of Fleet and Facilities Management,23000,23000,23000
LOCAL,0100,Corporate Fund,50,Department of Family and Support Services,2005,Department of Family and Support Services,5,Salaries and Wages - on Payroll,4354405,4354405,6955963
LOCAL,0100,Corporate Fund,50,Department of Family and Support Services,2005,Department of Family and Support Services,15,Schedule Salary Adjustments,22114,22114,38989
LOCAL,0100,Corporate Fund,50,Department of Family and Support Services,2005,Department of Family and Support Services,125,Office and Building Services,31853,31853,31497
LOCAL,0100,Corporate Fund,50,Department of Family and Support Services,2005,Department of Family and Support Services,130,Postage,30032,30032,2000
LOCAL,0100,Corporate Fund,50,Department of Family and Support Services,2005,Department of Family and Support Services,135,For Delegate Agencies,0,0,1325000
LOCAL,0100,Corporate Fund,50,Department of Family and Support Services,2005,Department of Family and Support Services,140,For Professional and Technical Services and Other Third Party Benefit Agreements,365466,365466,365466
LOCAL,0100,Corporate Fund,50,Department of Family and Support Services,2005,Department of Family and Support Services,152,Advertising,1780,1780,2136
LOCAL,0100,Corporate Fund,50,Department of Family and Support Services,2005,Department of Family and Support Services,159,Lease Purchase Agreements for Equipment and Machinery,45457,45457,45457
LOCAL,0100,Corporate Fund,50,Department of Family and Support Services,2005,Department of Family and Support Services,166,Dues  Subscriptions and Memberships,11479,11479,11479
LOCAL,0100,Corporate Fund,50,Department of Family and Support Services,2005,Department of Family and Support Services,169,Technical Meeting Costs,29560,29560,29560
LOCAL,0100,Corporate Fund,50,Department of Family and Support Services,2005,Department of Family and Support Services,181,Mobile Communication Services,32220,32220,32220
LOCAL,0100,Corporate Fund,50,Department of Family and Support Services,2005,Department of Family and Support Services,190,Telephone - Non-Centrex Billings,49500,49500,40100
LOCAL,0100,Corporate Fund,50,Department of Family and Support Services,2005,Department of Family and Support Services,196,Data Circuits,46900,46900,46220
LOCAL,0100,Corporate Fund,50,Department of Family and Support Services,2005,Department of Family and Support Services,197,Telephone - Maintenance and Repair of Equipment and Voicemail,4300,4300,4300
LOCAL,0100,Corporate Fund,50,Department of Family and Support Services,2005,Department of Family and Support Services,245,Reimbursement to Travelers,3000,3000,4000
LOCAL,0100,Corporate Fund,50,Department of Family and Support Services,2005,Department of Family and Support Services,270,Local Transportation,800,800,800
LOCAL,0100,Corporate Fund,50,Department of Family and Support Services,2005,Department of Family and Support Services,340,Material and Supplies,5310,5310,5310
LOCAL,0100,Corporate Fund,50,Department of Family and Support Services,2005,Department of Family and Support Services,350,Stationery and Office Supplies,18150,18150,17150
LOCAL,0100,Corporate Fund,50,Department of Family and Support Services,2005,Department of Family and Support Services,9143,Workforce Services for Target Populations,1300000,1300000,1300000
LOCAL,0100,Corporate Fund,50,Department of Family and Support Services,2005,Department of Family and Support Services,9204,Youth Mentoring Programs,7000000,7000000,7414700
LOCAL,0100,Corporate Fund,50,Department of Family and Support Services,2005,Department of Family and Support Services,9253,Early Childhood Education Program,15075000,15075000,15075000
LOCAL,0100,Corporate Fund,50,Department of Family and Support Services,2005,Department of Family and Support Services,9254,Violence Reduction Program,3105000,3105000,6294025
LOCAL,0100,Corporate Fund,50,Department of Family and Support Services,2005,Department of Family and Support Services,9255,Homeless Services for Youth,1540979,1540979,1540979
LOCAL,0100,Corporate Fund,50,Department of Family and Support Services,2005,Department of Family and Support Services,9259,Summer Programs,17663403,17663403,17663403
LOCAL,0100,Corporate Fund,50,Department of Family and Support Services,2005,Department of Family and Support Services,9260,After School Programs,19756201,19756201,17167176
LOCAL,0100,Corporate Fund,50,Department of Family and Support Services,2005,Department of Family and Support Services,9261,Children's Advocacy Center,900000,900000,900000
LOCAL,0100,Corporate Fund,50,Department of Family and Support Services,2005,Department of Family and Support Services,9262,Earned Income Tax Credit,850000,850000,850000
LOCAL,0100,Corporate Fund,50,Department of Family and Support Services,2005,Department of Family and Support Services,9263,Homeless Services,7899876,7899876,9593069
LOCAL,0100,Corporate Fund,50,Department of Family and Support Services,2005,Department of Family and Support Services,9290,Homeless Supportive Services,1800000,1800000,3100000
LOCAL,0100,Corporate Fund,50,Department of Family and Support Services,2005,Department of Family and Support Services,9438,For Services Provided by the Department of Fleet and Facilities Management,94105,94105,214856
LOCAL,0B39,Human Capital Innovation Fund,50,Department of Family and Support Services,2005,Department of Family and Support Services,9204,Youth Mentoring Programs,0,0,1991000
LOCAL,0B39,Human Capital Innovation Fund,50,Department of Family and Support Services,2005,Department of Family and Support Services,9254,Violence Reduction Program,0,0,1192000
LOCAL,0B39,Human Capital Innovation Fund,50,Department of Family and Support Services,2005,Department of Family and Support Services,9259,Summer Programs,0,0,500000
LOCAL,0B39,Human Capital Innovation Fund,50,Department of Family and Support Services,2005,Department of Family and Support Services,9260,After School Programs,0,0,1000000
LOCAL,0100,Corporate Fund,54,Department of Planning and Development,2005,Department of Planning and Development,5,Salaries and Wages - on Payroll,9404828,9404828,8600185
LOCAL,0100,Corporate Fund,54,Department of Planning and Development,2005,Department of Planning and Development,15,Schedule Salary Adjustments,37681,37681,37629
LOCAL,0100,Corporate Fund,54,Department of Planning and Development,2005,Department of Planning and Development,20,Overtime,0,0,20000
LOCAL,0100,Corporate Fund,54,Department of Planning and Development,2005,Department of Planning and Development,39,For the Employment of Students as Trainees,20000,20000,20000
LOCAL,0100,Corporate Fund,54,Department of Planning and Development,2005,Department of Planning and Development,50,Stipends,62000,62000,62000
LOCAL,0100,Corporate Fund,54,Department of Planning and Development,2005,Department of Planning and Development,130,Postage,36765,36765,27000
LOCAL,0100,Corporate Fund,54,Department of Planning and Development,2005,Department of Planning and Development,135,For Delegate Agencies,2290154,2290154,741223
LOCAL,0100,Corporate Fund,54,Department of Planning and Development,2005,Department of Planning and Development,138,For Professional Services for Information Technology Maintenance,29000,29000,19000
LOCAL,0100,Corporate Fund,54,Department of Planning and Development,2005,Department of Planning and Development,140,For Professional and Technical Services and Other Third Party Benefit Agreements,812985,812985,783647
LOCAL,0100,Corporate Fund,54,Department of Planning and Development,2005,Department of Planning and Development,141,Appraisals,60875,60875,80000
LOCAL,0100,Corporate Fund,54,Department of Planning and Development,2005,Department of Planning and Development,143,Court Reporting,64395,64395,64395
LOCAL,0100,Corporate Fund,54,Department of Planning and Development,2005,Department of Planning and Development,149,For Software Maintenance and Licensing,51310,51310,58228
LOCAL,0100,Corporate Fund,54,Department of Planning and Development,2005,Department of Planning and Development,150,Publications and Reproduction - Outside Services to Be Expended with the Prior Approval of Graphics Services,930,930,930
LOCAL,0100,Corporate Fund,54,Department of Planning and Development,2005,Department of Planning and Development,152,Advertising,42695,42695,41045
LOCAL,0100,Corporate Fund,54,Department of Planning and Development,2005,Department of Planning and Development,159,Lease Purchase Agreements for Equipment and Machinery,58543,58543,41107
LOCAL,0100,Corporate Fund,54,Department of Planning and Development,2005,Department of Planning and Development,166,Dues  Subscriptions and Memberships,5480,5480,6652
LOCAL,0100,Corporate Fund,54,Department of Planning and Development,2005,Department of Planning and Development,169,Technical Meeting Costs,24116,24116,22666
LOCAL,0100,Corporate Fund,54,Department of Planning and Development,2005,Department of Planning and Development,179,Messenger Service,1120,1120,1000
LOCAL,0100,Corporate Fund,54,Department of Planning and Development,2005,Department of Planning and Development,181,Mobile Communication Services,8055,8055,9600
LOCAL,0100,Corporate Fund,54,Department of Planning and Development,2005,Department of Planning and Development,190,Telephone - Non-Centrex Billings,24048,24048,18100
LOCAL,0100,Corporate Fund,54,Department of Planning and Development,2005,Department of Planning and Development,197,Telephone - Maintenance and Repair of Equipment and Voicemail,1460,1460,1310
LOCAL,0100,Corporate Fund,54,Department of Planning and Development,2005,Department of Planning and Development,229,Transportation and Expense Allowance,2340,2340,1189
LOCAL,0100,Corporate Fund,54,Department of Planning and Development,2005,Department of Planning and Development,245,Reimbursement to Travelers,5470,5470,5383
LOCAL,0100,Corporate Fund,54,Department of Planning and Development,2005,Department of Planning and Development,340,Material and Supplies,7850,7850,9971
LOCAL,0100,Corporate Fund,54,Department of Planning and Development,2005,Department of Planning and Development,348,Books and Related Material,2948,2948,2948
LOCAL,0100,Corporate Fund,54,Department of Planning and Development,2005,Department of Planning and Development,350,Stationery and Office Supplies,10500,10500,10500
LOCAL,0100,Corporate Fund,54,Department of Planning and Development,2005,Department of Planning and Development,446,For the Purchase of Data Processing  Office Automation and Data Communication Hardware,20500,20500,17510
LOCAL,0100,Corporate Fund,54,Department of Planning and Development,2005,Department of Planning and Development,9110,Property Management  Maintenance and Security,70000,70000,0
LOCAL,0100,Corporate Fund,54,Department of Planning and Development,2005,Department of Planning and Development,9183,Foreclosure Prevention Program,339000,339000,0
LOCAL,0100,Corporate Fund,54,Department of Planning and Development,2005,Department of Planning and Development,9211,Single-Family Troubled Building Initiative,75000,75000,0
LOCAL,0100,Corporate Fund,54,Department of Planning and Development,2005,Department of Planning and Development,9212,Multi-Family Troubled Building Initiative,175000,175000,0
LOCAL,0100,Corporate Fund,54,Department of Planning and Development,2005,Department of Planning and Development,9224,Micro Market Recovery Program,700000,700000,0
LOCAL,0100,Corporate Fund,54,Department of Planning and Development,2005,Department of Planning and Development,9438,For Services Provided by the Department of Fleet and Facilities Management,0,0,86250
LOCAL,0934,Affordable Housing Opportunity Fund,54,Department of Planning and Development,2005,Department of Planning and Development,5,Salaries and Wages - on Payroll,1013787,1013787,0
LOCAL,0934,Affordable Housing Opportunity Fund,54,Department of Planning and Development,2005,Department of Planning and Development,15,Schedule Salary Adjustments,4813,4813,0
LOCAL,0934,Affordable Housing Opportunity Fund,54,Department of Planning and Development,2005,Department of Planning and Development,39,For the Employment of Students as Trainees,15000,15000,0
LOCAL,0934,Affordable Housing Opportunity Fund,54,Department of Planning and Development,2005,Department of Planning and Development,9213,Affordable Housing Density Program,37611196,37611196,0
LOCAL,0B21,Tax Increment Financing Administration Fund,54,Department of Planning and Development,2005,Department of Planning and Development,5,Salaries and Wages - on Payroll,3679850,3679850,3500256
LOCAL,0B21,Tax Increment Financing Administration Fund,54,Department of Planning and Development,2005,Department of Planning and Development,15,Schedule Salary Adjustments,20211,20211,19691
LOCAL,0B21,Tax Increment Financing Administration Fund,54,Department of Planning and Development,2005,Department of Planning and Development,138,For Professional Services for Information Technology Maintenance,120000,120000,120000
LOCAL,0B21,Tax Increment Financing Administration Fund,54,Department of Planning and Development,2005,Department of Planning and Development,140,For Professional and Technical Services and Other Third Party Benefit Agreements,92354,92354,10000
LOCAL,0B21,Tax Increment Financing Administration Fund,54,Department of Planning and Development,2005,Department of Planning and Development,166,Dues  Subscriptions and Memberships,4275,4275,4275
LOCAL,0B21,Tax Increment Financing Administration Fund,54,Department of Planning and Development,2005,Department of Planning and Development,169,Technical Meeting Costs,13800,13800,13800
LOCAL,0B21,Tax Increment Financing Administration Fund,54,Department of Planning and Development,2005,Department of Planning and Development,9454,For Services Provided by the Department of Planning and Development,125000,125000,125000
LOCAL,0B41,Neighborhood Opportunity Fund,54,Department of Planning and Development,2005,Department of Planning and Development,5,Salaries and Wages - on Payroll,0,0,297334
LOCAL,0B41,Neighborhood Opportunity Fund,54,Department of Planning and Development,2005,Department of Planning and Development,15,Schedule Salary Adjustments,0,0,3420
LOCAL,0B41,Neighborhood Opportunity Fund,54,Department of Planning and Development,2005,Department of Planning and Development,140,For Professional and Technical Services and Other Third Party Benefit Agreements,0,0,502072
LOCAL,0B41,Neighborhood Opportunity Fund,54,Department of Planning and Development,2005,Department of Planning and Development,9266,Neighborhood Opportunity Program,0,0,11799011
LOCAL,0B82,Neighborhood Opportunity Fund,54,Department of Planning and Development,2005,Department of Planning and Development,140,For Professional and Technical Services and Other Third Party Benefit Agreements,931797,931797,0
LOCAL,0B82,Neighborhood Opportunity Fund,54,Department of Planning and Development,2005,Department of Planning and Development,9266,Neighborhood Opportunity Program,22381203,22381203,0
LOCAL,0100,Corporate Fund,55,Police Board,2005,Police Board,5,Salaries and Wages - on Payroll,172272,172272,177432
LOCAL,0100,Corporate Fund,55,Police Board,2005,Police Board,15,Schedule Salary Adjustments,0,0,1903
LOCAL,0100,Corporate Fund,55,Police Board,2005,Police Board,50,Stipends,111000,111000,111000
LOCAL,0100,Corporate Fund,55,Police Board,2005,Police Board,130,Postage,250,250,150
LOCAL,0100,Corporate Fund,55,Police Board,2005,Police Board,140,For Professional and Technical Services and Other Third Party Benefit Agreements,114350,114652,100026
LOCAL,0100,Corporate Fund,55,Police Board,2005,Police Board,143,Court Reporting,70000,69348,70000
LOCAL,0100,Corporate Fund,55,Police Board,2005,Police Board,157,Rental of Equipment and Services,2516,2516,2400
LOCAL,0100,Corporate Fund,55,Police Board,2005,Police Board,169,Technical Meeting Costs,600,600,600
LOCAL,0100,Corporate Fund,55,Police Board,2005,Police Board,181,Mobile Communication Services,617,967,617
LOCAL,0100,Corporate Fund,55,Police Board,2005,Police Board,245,Reimbursement to Travelers,824,824,1200
LOCAL,0100,Corporate Fund,55,Police Board,2005,Police Board,270,Local Transportation,500,500,300
LOCAL,0100,Corporate Fund,55,Police Board,2005,Police Board,348,Books and Related Material,90,90,100
LOCAL,0100,Corporate Fund,55,Police Board,2005,Police Board,350,Stationery and Office Supplies,500,500,250
LOCAL,0100,Corporate Fund,57,Chicago Police Department,1005,Chicago Police Department,3,Scheduled Wage Adjustments,0,0,1762845
LOCAL,0100,Corporate Fund,57,Chicago Police Department,1005,Chicago Police Department,5,Salaries and Wages - on Payroll,1184115077,1184115077,1195012863
LOCAL,0100,Corporate Fund,57,Chicago Police Department,1005,Chicago Police Department,11,Contract Wage Increment - Salary,476236,476236,487458
LOCAL,0100,Corporate Fund,57,Chicago Police Department,1005,Chicago Police Department,20,Overtime,95000000,95000000,95000000
LOCAL,0100,Corporate Fund,57,Chicago Police Department,1005,Chicago Police Department,21,Sworn/Civilian Holiday Premium Pay,3942818,3942818,3942818
LOCAL,0100,Corporate Fund,57,Chicago Police Department,1005,Chicago Police Department,22,Duty Availability,40250000,40250000,40250000
LOCAL,0346,Library Fund,91,Chicago Public Library,2005,Chicago Public Library,169,Technical Meeting Costs,30000,30000,28000
LOCAL,0100,Corporate Fund,57,Chicago Police Department,1005,Chicago Police Department,24,Compensatory Time Payment,16435725,16435725,16435725
LOCAL,0100,Corporate Fund,57,Chicago Police Department,1005,Chicago Police Department,27,Supervisors Quarterly Payment,9209311,9209311,9209311
LOCAL,0100,Corporate Fund,57,Chicago Police Department,1005,Chicago Police Department,32,Reimbursable Overtime,6000000,6000000,10400000
LOCAL,0100,Corporate Fund,57,Chicago Police Department,1005,Chicago Police Department,60,Specialty Pay,15000000,15000000,15000000
LOCAL,0100,Corporate Fund,57,Chicago Police Department,1005,Chicago Police Department,70,Tuition Reimbursement and Educational Programs,7500000,7500000,7500000
LOCAL,0100,Corporate Fund,57,Chicago Police Department,1005,Chicago Police Department,88,Furlough/Supervisors Compensation Time Buy-Back,14305886,14305886,14305886
LOCAL,0100,Corporate Fund,57,Chicago Police Department,1005,Chicago Police Department,91,Uniform Allowance,21701525,21701525,21701525
LOCAL,0100,Corporate Fund,57,Chicago Police Department,1005,Chicago Police Department,125,Office and Building Services,500,500,500
LOCAL,0100,Corporate Fund,57,Chicago Police Department,1005,Chicago Police Department,130,Postage,195000,195000,195000
LOCAL,0100,Corporate Fund,57,Chicago Police Department,1005,Chicago Police Department,138,For Professional Services for Information Technology Maintenance,1758260,1758260,2111500
LOCAL,0100,Corporate Fund,57,Chicago Police Department,1005,Chicago Police Department,140,For Professional and Technical Services and Other Third Party Benefit Agreements,17215573,17197853,14317419
LOCAL,0100,Corporate Fund,57,Chicago Police Department,1005,Chicago Police Department,145,Legal Expenses,17000,17000,17000
LOCAL,0100,Corporate Fund,57,Chicago Police Department,1005,Chicago Police Department,148,Testing and Inspecting,1200,1200,1200
LOCAL,0100,Corporate Fund,57,Chicago Police Department,1005,Chicago Police Department,149,For Software Maintenance and Licensing,4187440,4187440,9144475
LOCAL,0100,Corporate Fund,57,Chicago Police Department,1005,Chicago Police Department,152,Advertising,2400,2400,2400
LOCAL,0100,Corporate Fund,57,Chicago Police Department,1005,Chicago Police Department,154,For the Rental and Maintenance of Data Processing  Office Automation and Data Communications Hardware,760357,760357,760357
LOCAL,0100,Corporate Fund,57,Chicago Police Department,1005,Chicago Police Department,157,Rental of Equipment and Services,6564061,6564061,6108763
LOCAL,0100,Corporate Fund,57,Chicago Police Department,1005,Chicago Police Department,161,Operation  Repair or Maintenance of Facilities,185000,185000,170000
LOCAL,0100,Corporate Fund,57,Chicago Police Department,1005,Chicago Police Department,162,Repair/Maintenance of Equipment,378792,378792,362499
LOCAL,0100,Corporate Fund,57,Chicago Police Department,1005,Chicago Police Department,166,Dues  Subscriptions and Memberships,64097,64097,141960
LOCAL,0100,Corporate Fund,57,Chicago Police Department,1005,Chicago Police Department,169,Technical Meeting Costs,385565,385565,301015
LOCAL,0100,Corporate Fund,57,Chicago Police Department,1005,Chicago Police Department,176,Maintenance and Operation - City Owned Vehicles,3000,3000,3000
LOCAL,0100,Corporate Fund,57,Chicago Police Department,1005,Chicago Police Department,178,Freight and Express Charges,24000,24000,24000
LOCAL,0100,Corporate Fund,57,Chicago Police Department,1005,Chicago Police Department,181,Mobile Communication Services,3104507,3104507,3104507
LOCAL,0100,Corporate Fund,57,Chicago Police Department,1005,Chicago Police Department,185,Waste Disposal Services,29200,29200,33700
LOCAL,0100,Corporate Fund,57,Chicago Police Department,1005,Chicago Police Department,189,Telephone - Non-Centrex Billings,312250,391600,455355
LOCAL,0100,Corporate Fund,57,Chicago Police Department,1005,Chicago Police Department,190,Telephone - Non-Centrex Billings,720000,665000,595000
LOCAL,0100,Corporate Fund,57,Chicago Police Department,1005,Chicago Police Department,196,Data Circuits,930000,930000,750000
LOCAL,0100,Corporate Fund,57,Chicago Police Department,1005,Chicago Police Department,197,Telephone - Maintenance and Repair of Equipment and Voicemail,27630,21000,27630
LOCAL,0100,Corporate Fund,57,Chicago Police Department,1005,Chicago Police Department,245,Reimbursement to Travelers,111570,111570,227930
LOCAL,0100,Corporate Fund,57,Chicago Police Department,1005,Chicago Police Department,313,Cleaning and Sanitation Supplies,381,381,381
LOCAL,0100,Corporate Fund,57,Chicago Police Department,1005,Chicago Police Department,319,Clothing,5000,5000,5000
LOCAL,0100,Corporate Fund,57,Chicago Police Department,1005,Chicago Police Department,320,Gasoline,55000,55000,40000
LOCAL,0100,Corporate Fund,57,Chicago Police Department,1005,Chicago Police Department,330,Food,179158,179158,181238
LOCAL,0100,Corporate Fund,57,Chicago Police Department,1005,Chicago Police Department,338,License Sticker  Tag and Plates,750,750,750
LOCAL,0100,Corporate Fund,57,Chicago Police Department,1005,Chicago Police Department,340,Material and Supplies,6091958,6091958,5367555
LOCAL,0100,Corporate Fund,57,Chicago Police Department,1005,Chicago Police Department,342,Drugs  Medicine and Chemical Materials,9966,9966,9966
LOCAL,0100,Corporate Fund,57,Chicago Police Department,1005,Chicago Police Department,345,Apparatus and Instruments,20111,20111,20111
LOCAL,0100,Corporate Fund,57,Chicago Police Department,1005,Chicago Police Department,348,Books and Related Material,24992,24992,15907
LOCAL,0100,Corporate Fund,57,Chicago Police Department,1005,Chicago Police Department,350,Stationery and Office Supplies,495035,495035,430235
LOCAL,0100,Corporate Fund,57,Chicago Police Department,1005,Chicago Police Department,360,Repair Parts and Material,568494,568494,568494
LOCAL,0100,Corporate Fund,57,Chicago Police Department,1005,Chicago Police Department,430,Livestock,36250,36250,36600
LOCAL,0100,Corporate Fund,57,Chicago Police Department,1005,Chicago Police Department,931,For the Payment of Tort and Non-Tort Judgments  Outside Counsel Expenses and Expert Costs  as Approved by the Corporation Counsel,19844350,19844350,35000000
LOCAL,0100,Corporate Fund,57,Chicago Police Department,1005,Chicago Police Department,937,For Cost and Administration of Hospital and Medical Expenses for Employees Injured on Duty Who Are Not Covered Under Workers' Compensation Act,19000000,19000000,19000000
LOCAL,0100,Corporate Fund,57,Chicago Police Department,1005,Chicago Police Department,9067,For Physical Exams,2036069,2036069,1667870
LOCAL,0610,Chicago Midway Airport Fund,57,Chicago Police Department,1005,Chicago Police Department,5,Salaries and Wages - on Payroll,4249581,4249581,6887261
LOCAL,0610,Chicago Midway Airport Fund,57,Chicago Police Department,1005,Chicago Police Department,15,Schedule Salary Adjustments,2143,2143,10409
LOCAL,0610,Chicago Midway Airport Fund,57,Chicago Police Department,1005,Chicago Police Department,20,Overtime,825000,825000,825000
LOCAL,0610,Chicago Midway Airport Fund,57,Chicago Police Department,1005,Chicago Police Department,21,Sworn/Civilian Holiday Premium Pay,25750,25750,25750
LOCAL,0610,Chicago Midway Airport Fund,57,Chicago Police Department,1005,Chicago Police Department,22,Duty Availability,180000,180000,180000
LOCAL,0610,Chicago Midway Airport Fund,57,Chicago Police Department,1005,Chicago Police Department,24,Compensatory Time Payment,350000,350000,350000
LOCAL,0610,Chicago Midway Airport Fund,57,Chicago Police Department,1005,Chicago Police Department,27,Supervisors Quarterly Payment,60000,60000,60000
LOCAL,0610,Chicago Midway Airport Fund,57,Chicago Police Department,1005,Chicago Police Department,60,Specialty Pay,103000,103000,103000
LOCAL,0610,Chicago Midway Airport Fund,57,Chicago Police Department,1005,Chicago Police Department,70,Tuition Reimbursement and Educational Programs,30000,30000,30000
LOCAL,0610,Chicago Midway Airport Fund,57,Chicago Police Department,1005,Chicago Police Department,88,Furlough/Supervisors Compensation Time Buy-Back,75000,75000,75000
LOCAL,0610,Chicago Midway Airport Fund,57,Chicago Police Department,1005,Chicago Police Department,91,Uniform Allowance,90000,90000,90000
LOCAL,0740,Chicago O'Hare Airport Fund,58,Office of Emergency Management and Communications,2705,Office of Emergency Management and Communications,5,Salaries and Wages - on Payroll,6245671,6245671,6222241
LOCAL,0610,Chicago Midway Airport Fund,57,Chicago Police Department,1005,Chicago Police Department,937,For Cost and Administration of Hospital and Medical Expenses for Employees Injured on Duty Who Are Not Covered Under Workers' Compensation Act,65000,65000,65000
LOCAL,0740,Chicago O'Hare Airport Fund,57,Chicago Police Department,1005,Chicago Police Department,5,Salaries and Wages - on Payroll,13082748,13082748,20348652
LOCAL,0740,Chicago O'Hare Airport Fund,57,Chicago Police Department,1005,Chicago Police Department,15,Schedule Salary Adjustments,12082,12082,50888
LOCAL,0740,Chicago O'Hare Airport Fund,57,Chicago Police Department,1005,Chicago Police Department,20,Overtime,2060000,2060000,2060000
LOCAL,0740,Chicago O'Hare Airport Fund,57,Chicago Police Department,1005,Chicago Police Department,21,Sworn/Civilian Holiday Premium Pay,46350,46350,46350
LOCAL,0740,Chicago O'Hare Airport Fund,57,Chicago Police Department,1005,Chicago Police Department,22,Duty Availability,558000,558000,558000
LOCAL,0740,Chicago O'Hare Airport Fund,57,Chicago Police Department,1005,Chicago Police Department,24,Compensatory Time Payment,1000000,1000000,1000000
LOCAL,0740,Chicago O'Hare Airport Fund,57,Chicago Police Department,1005,Chicago Police Department,27,Supervisors Quarterly Payment,87500,87500,87500
LOCAL,0740,Chicago O'Hare Airport Fund,57,Chicago Police Department,1005,Chicago Police Department,60,Specialty Pay,190550,190550,190550
LOCAL,0740,Chicago O'Hare Airport Fund,57,Chicago Police Department,1005,Chicago Police Department,70,Tuition Reimbursement and Educational Programs,60000,60000,60000
LOCAL,0740,Chicago O'Hare Airport Fund,57,Chicago Police Department,1005,Chicago Police Department,88,Furlough/Supervisors Compensation Time Buy-Back,160000,160000,160000
LOCAL,0740,Chicago O'Hare Airport Fund,57,Chicago Police Department,1005,Chicago Police Department,91,Uniform Allowance,234000,234000,234000
LOCAL,0740,Chicago O'Hare Airport Fund,57,Chicago Police Department,1005,Chicago Police Department,937,For Cost and Administration of Hospital and Medical Expenses for Employees Injured on Duty Who Are Not Covered Under Workers' Compensation Act,160000,160000,160000
LOCAL,0994,Controlled Substances Fund,57,Chicago Police Department,1005,Chicago Police Department,140,For Professional and Technical Services and Other Third Party Benefit Agreements,0,0,100000
LOCAL,0B25,Chicago Police CTA Detail Fund,57,Chicago Police Department,1005,Chicago Police Department,6,Salary Provision,0,0,10754000
LOCAL,0100,Corporate Fund,58,Office of Emergency Management and Communications,2705,Office of Emergency Management and Communications,5,Salaries and Wages - on Payroll,23094826,23094826,23292589
LOCAL,0100,Corporate Fund,58,Office of Emergency Management and Communications,2705,Office of Emergency Management and Communications,11,Contract Wage Increment - Salary,535565,535565,535155
LOCAL,0100,Corporate Fund,58,Office of Emergency Management and Communications,2705,Office of Emergency Management and Communications,15,Schedule Salary Adjustments,64731,64731,68874
LOCAL,0100,Corporate Fund,58,Office of Emergency Management and Communications,2705,Office of Emergency Management and Communications,20,Overtime,100000,100000,100000
LOCAL,0100,Corporate Fund,58,Office of Emergency Management and Communications,2705,Office of Emergency Management and Communications,25,Crossing Guards - Vacation Payout,1100000,1100000,1100000
LOCAL,0100,Corporate Fund,58,Office of Emergency Management and Communications,2705,Office of Emergency Management and Communications,39,For the Employment of Students as Trainees,21000,21000,21000
LOCAL,0100,Corporate Fund,58,Office of Emergency Management and Communications,2705,Office of Emergency Management and Communications,91,Uniform Allowance,503250,503250,492250
LOCAL,0100,Corporate Fund,58,Office of Emergency Management and Communications,2705,Office of Emergency Management and Communications,130,Postage,6795,6795,12000
LOCAL,0100,Corporate Fund,58,Office of Emergency Management and Communications,2705,Office of Emergency Management and Communications,138,For Professional Services for Information Technology Maintenance,58250,58250,0
LOCAL,0100,Corporate Fund,58,Office of Emergency Management and Communications,2705,Office of Emergency Management and Communications,140,For Professional and Technical Services and Other Third Party Benefit Agreements,7300,7300,6800
LOCAL,0100,Corporate Fund,58,Office of Emergency Management and Communications,2705,Office of Emergency Management and Communications,152,Advertising,900,900,900
LOCAL,0100,Corporate Fund,58,Office of Emergency Management and Communications,2705,Office of Emergency Management and Communications,153,Promotions,550,550,550
LOCAL,0100,Corporate Fund,58,Office of Emergency Management and Communications,2705,Office of Emergency Management and Communications,154,For the Rental and Maintenance of Data Processing  Office Automation and Data Communications Hardware,80000,80000,81600
LOCAL,0100,Corporate Fund,58,Office of Emergency Management and Communications,2705,Office of Emergency Management and Communications,157,Rental of Equipment and Services,54673,54673,54324
LOCAL,0100,Corporate Fund,58,Office of Emergency Management and Communications,2705,Office of Emergency Management and Communications,162,Repair/Maintenance of Equipment,183219,183219,91150
LOCAL,0100,Corporate Fund,58,Office of Emergency Management and Communications,2705,Office of Emergency Management and Communications,166,Dues  Subscriptions and Memberships,1087,1087,1087
LOCAL,0100,Corporate Fund,58,Office of Emergency Management and Communications,2705,Office of Emergency Management and Communications,178,Freight and Express Charges,415,415,215
LOCAL,0100,Corporate Fund,59,Chicago Fire Department,2005,Chicago Fire Department,190,Telephone - Non-Centrex Billings,127000,127000,92000
LOCAL,0100,Corporate Fund,58,Office of Emergency Management and Communications,2705,Office of Emergency Management and Communications,181,Mobile Communication Services,488000,488000,459584
LOCAL,0100,Corporate Fund,58,Office of Emergency Management and Communications,2705,Office of Emergency Management and Communications,197,Telephone - Maintenance and Repair of Equipment and Voicemail,44280,44280,44280
LOCAL,0100,Corporate Fund,58,Office of Emergency Management and Communications,2705,Office of Emergency Management and Communications,229,Transportation and Expense Allowance,76000,76000,85000
LOCAL,0100,Corporate Fund,58,Office of Emergency Management and Communications,2705,Office of Emergency Management and Communications,245,Reimbursement to Travelers,3003,3003,4151
LOCAL,0100,Corporate Fund,58,Office of Emergency Management and Communications,2705,Office of Emergency Management and Communications,270,Local Transportation,1500,1500,800
LOCAL,0100,Corporate Fund,58,Office of Emergency Management and Communications,2705,Office of Emergency Management and Communications,319,Clothing,107500,107500,87400
LOCAL,0100,Corporate Fund,58,Office of Emergency Management and Communications,2705,Office of Emergency Management and Communications,340,Material and Supplies,6000,6000,17365
LOCAL,0100,Corporate Fund,58,Office of Emergency Management and Communications,2705,Office of Emergency Management and Communications,348,Books and Related Material,240,240,240
LOCAL,0100,Corporate Fund,58,Office of Emergency Management and Communications,2705,Office of Emergency Management and Communications,350,Stationery and Office Supplies,24625,24625,21900
LOCAL,0100,Corporate Fund,58,Office of Emergency Management and Communications,2705,Office of Emergency Management and Communications,423,Communication Devices,6700,6700,4500
LOCAL,0353,Emergency Communication Fund,58,Office of Emergency Management and Communications,2705,Office of Emergency Management and Communications,5,Salaries and Wages - on Payroll,53277995,53277995,54781875
LOCAL,0353,Emergency Communication Fund,58,Office of Emergency Management and Communications,2705,Office of Emergency Management and Communications,11,Contract Wage Increment - Salary,1083099,1083099,1166102
LOCAL,0353,Emergency Communication Fund,58,Office of Emergency Management and Communications,2705,Office of Emergency Management and Communications,12,Contract Wage Increment - Prevailing Rate,121670,121670,148289
LOCAL,0353,Emergency Communication Fund,58,Office of Emergency Management and Communications,2705,Office of Emergency Management and Communications,15,Schedule Salary Adjustments,435005,435005,401943
LOCAL,0353,Emergency Communication Fund,58,Office of Emergency Management and Communications,2705,Office of Emergency Management and Communications,20,Overtime,6020000,6020000,6020000
LOCAL,0353,Emergency Communication Fund,58,Office of Emergency Management and Communications,2705,Office of Emergency Management and Communications,91,Uniform Allowance,244202,244202,237000
LOCAL,0353,Emergency Communication Fund,58,Office of Emergency Management and Communications,2705,Office of Emergency Management and Communications,138,For Professional Services for Information Technology Maintenance,18430905,18430905,17041905
LOCAL,0353,Emergency Communication Fund,58,Office of Emergency Management and Communications,2705,Office of Emergency Management and Communications,139,For Professional Services for Information Technology Development,7500000,7500000,7500000
LOCAL,0353,Emergency Communication Fund,58,Office of Emergency Management and Communications,2705,Office of Emergency Management and Communications,140,For Professional and Technical Services and Other Third Party Benefit Agreements,4308534,4308534,4629069
LOCAL,0353,Emergency Communication Fund,58,Office of Emergency Management and Communications,2705,Office of Emergency Management and Communications,142,Accounting and Auditing,100000,100000,75000
LOCAL,0353,Emergency Communication Fund,58,Office of Emergency Management and Communications,2705,Office of Emergency Management and Communications,154,For the Rental and Maintenance of Data Processing  Office Automation and Data Communications Hardware,4000,4000,4000
LOCAL,0353,Emergency Communication Fund,58,Office of Emergency Management and Communications,2705,Office of Emergency Management and Communications,157,Rental of Equipment and Services,516172,516172,526272
LOCAL,0353,Emergency Communication Fund,58,Office of Emergency Management and Communications,2705,Office of Emergency Management and Communications,162,Repair/Maintenance of Equipment,274000,274000,388000
LOCAL,0353,Emergency Communication Fund,58,Office of Emergency Management and Communications,2705,Office of Emergency Management and Communications,166,Dues  Subscriptions and Memberships,11700,11700,19930
LOCAL,0353,Emergency Communication Fund,58,Office of Emergency Management and Communications,2705,Office of Emergency Management and Communications,169,Technical Meeting Costs,5564,5564,400
LOCAL,0353,Emergency Communication Fund,58,Office of Emergency Management and Communications,2705,Office of Emergency Management and Communications,181,Mobile Communication Services,355000,355000,355000
LOCAL,0353,Emergency Communication Fund,58,Office of Emergency Management and Communications,2705,Office of Emergency Management and Communications,189,Telephone - Non-Centrex Billings,2636100,2636100,2636100
LOCAL,0353,Emergency Communication Fund,58,Office of Emergency Management and Communications,2705,Office of Emergency Management and Communications,190,Telephone - Non-Centrex Billings,260000,260000,380000
LOCAL,0353,Emergency Communication Fund,58,Office of Emergency Management and Communications,2705,Office of Emergency Management and Communications,196,Data Circuits,1631000,1631000,1631000
LOCAL,0353,Emergency Communication Fund,58,Office of Emergency Management and Communications,2705,Office of Emergency Management and Communications,197,Telephone - Maintenance and Repair of Equipment and Voicemail,3218612,3218612,3218612
LOCAL,0353,Emergency Communication Fund,58,Office of Emergency Management and Communications,2705,Office of Emergency Management and Communications,319,Clothing,37238,37238,59400
LOCAL,0353,Emergency Communication Fund,58,Office of Emergency Management and Communications,2705,Office of Emergency Management and Communications,340,Material and Supplies,295000,295000,301082
LOCAL,0353,Emergency Communication Fund,58,Office of Emergency Management and Communications,2705,Office of Emergency Management and Communications,350,Stationery and Office Supplies,17684,17684,22750
LOCAL,0353,Emergency Communication Fund,58,Office of Emergency Management and Communications,2705,Office of Emergency Management and Communications,360,Repair Parts and Material,350100,350100,425100
LOCAL,0353,Emergency Communication Fund,58,Office of Emergency Management and Communications,2705,Office of Emergency Management and Communications,365,Electrical Supplies,115000,115000,115000
LOCAL,0353,Emergency Communication Fund,58,Office of Emergency Management and Communications,2705,Office of Emergency Management and Communications,401,Tools Less Than or Equal to $100/Unit,40000,40000,40000
LOCAL,0353,Emergency Communication Fund,58,Office of Emergency Management and Communications,2705,Office of Emergency Management and Communications,423,Communication Devices,16435,16435,14984
LOCAL,0610,Chicago Midway Airport Fund,58,Office of Emergency Management and Communications,2705,Office of Emergency Management and Communications,5,Salaries and Wages - on Payroll,7830532,7830532,7913371
LOCAL,0610,Chicago Midway Airport Fund,58,Office of Emergency Management and Communications,2705,Office of Emergency Management and Communications,11,Contract Wage Increment - Salary,240200,240200,250997
LOCAL,0610,Chicago Midway Airport Fund,58,Office of Emergency Management and Communications,2705,Office of Emergency Management and Communications,15,Schedule Salary Adjustments,17135,17135,16454
LOCAL,0610,Chicago Midway Airport Fund,58,Office of Emergency Management and Communications,2705,Office of Emergency Management and Communications,20,Overtime,145000,145000,145000
LOCAL,0610,Chicago Midway Airport Fund,58,Office of Emergency Management and Communications,2705,Office of Emergency Management and Communications,91,Uniform Allowance,7350,7350,6450
LOCAL,0610,Chicago Midway Airport Fund,58,Office of Emergency Management and Communications,2705,Office of Emergency Management and Communications,319,Clothing,56700,56700,56700
LOCAL,0610,Chicago Midway Airport Fund,58,Office of Emergency Management and Communications,2705,Office of Emergency Management and Communications,340,Material and Supplies,8250,8250,25750
LOCAL,0610,Chicago Midway Airport Fund,58,Office of Emergency Management and Communications,2705,Office of Emergency Management and Communications,423,Communication Devices,17500,17500,0
LOCAL,0740,Chicago O'Hare Airport Fund,58,Office of Emergency Management and Communications,2705,Office of Emergency Management and Communications,11,Contract Wage Increment - Salary,156829,156829,170842
LOCAL,0740,Chicago O'Hare Airport Fund,58,Office of Emergency Management and Communications,2705,Office of Emergency Management and Communications,15,Schedule Salary Adjustments,32045,32045,26764
LOCAL,0740,Chicago O'Hare Airport Fund,58,Office of Emergency Management and Communications,2705,Office of Emergency Management and Communications,20,Overtime,185000,185000,185000
LOCAL,0740,Chicago O'Hare Airport Fund,58,Office of Emergency Management and Communications,2705,Office of Emergency Management and Communications,91,Uniform Allowance,14050,14050,14550
LOCAL,0740,Chicago O'Hare Airport Fund,58,Office of Emergency Management and Communications,2705,Office of Emergency Management and Communications,319,Clothing,13695,13695,13695
LOCAL,0100,Corporate Fund,59,Chicago Fire Department,2005,Chicago Fire Department,196,Data Circuits,192000,192000,161000
LOCAL,0740,Chicago O'Hare Airport Fund,58,Office of Emergency Management and Communications,2705,Office of Emergency Management and Communications,340,Material and Supplies,6638,6638,4500
LOCAL,0740,Chicago O'Hare Airport Fund,58,Office of Emergency Management and Communications,2705,Office of Emergency Management and Communications,423,Communication Devices,35000,35000,25000
LOCAL,0100,Corporate Fund,59,Chicago Fire Department,2005,Chicago Fire Department,5,Salaries and Wages - on Payroll,456798185,456798185,455134203
LOCAL,0100,Corporate Fund,59,Chicago Fire Department,2005,Chicago Fire Department,11,Contract Wage Increment - Salary,0,0,25810
LOCAL,0100,Corporate Fund,59,Chicago Fire Department,2005,Chicago Fire Department,12,Contract Wage Increment - Prevailing Rate,2207,2207,2346
LOCAL,0100,Corporate Fund,59,Chicago Fire Department,2005,Chicago Fire Department,15,Schedule Salary Adjustments,2999777,2999777,3547956
LOCAL,0100,Corporate Fund,59,Chicago Fire Department,2005,Chicago Fire Department,20,Overtime,30000000,30000000,30000000
LOCAL,0100,Corporate Fund,59,Chicago Fire Department,2005,Chicago Fire Department,21,Sworn/Civilian Holiday Premium Pay,19560346,19560346,21154251
LOCAL,0100,Corporate Fund,59,Chicago Fire Department,2005,Chicago Fire Department,22,Duty Availability,17100000,17100000,16801200
LOCAL,0100,Corporate Fund,59,Chicago Fire Department,2005,Chicago Fire Department,24,Compensatory Time Payment,780000,780000,665523
LOCAL,0100,Corporate Fund,59,Chicago Fire Department,2005,Chicago Fire Department,28,Cooperative Education Program,4254000,4254000,4525318
LOCAL,0100,Corporate Fund,59,Chicago Fire Department,2005,Chicago Fire Department,60,Specialty Pay,17892550,17892550,18500000
LOCAL,0100,Corporate Fund,59,Chicago Fire Department,2005,Chicago Fire Department,61,Driver's Differential,4569000,4569000,3950000
LOCAL,0100,Corporate Fund,59,Chicago Fire Department,2005,Chicago Fire Department,62,Required Certifications,90000,90000,50000
LOCAL,0100,Corporate Fund,59,Chicago Fire Department,2005,Chicago Fire Department,63,Fitness Benefit,900000,900000,900000
LOCAL,0100,Corporate Fund,59,Chicago Fire Department,2005,Chicago Fire Department,70,Tuition Reimbursement and Educational Programs,595000,595000,595000
LOCAL,0100,Corporate Fund,59,Chicago Fire Department,2005,Chicago Fire Department,88,Furlough/Supervisors Compensation Time Buy-Back,4250000,4250000,7850000
LOCAL,0100,Corporate Fund,59,Chicago Fire Department,2005,Chicago Fire Department,91,Uniform Allowance,5054500,5054500,5081750
LOCAL,0100,Corporate Fund,59,Chicago Fire Department,2005,Chicago Fire Department,130,Postage,22398,22398,15360
LOCAL,0100,Corporate Fund,59,Chicago Fire Department,2005,Chicago Fire Department,138,For Professional Services for Information Technology Maintenance,516975,516975,244900
LOCAL,0100,Corporate Fund,59,Chicago Fire Department,2005,Chicago Fire Department,140,For Professional and Technical Services and Other Third Party Benefit Agreements,4832156,4832156,3738465
LOCAL,0100,Corporate Fund,59,Chicago Fire Department,2005,Chicago Fire Department,149,For Software Maintenance and Licensing,108320,108320,16000
LOCAL,0100,Corporate Fund,59,Chicago Fire Department,2005,Chicago Fire Department,157,Rental of Equipment and Services,80851,80851,91850
LOCAL,0100,Corporate Fund,59,Chicago Fire Department,2005,Chicago Fire Department,159,Lease Purchase Agreements for Equipment and Machinery,82500,82500,45000
LOCAL,0100,Corporate Fund,59,Chicago Fire Department,2005,Chicago Fire Department,160,Repair or Maintenance of Property,12000,12000,12000
LOCAL,0100,Corporate Fund,59,Chicago Fire Department,2005,Chicago Fire Department,162,Repair/Maintenance of Equipment,699447,699447,575910
LOCAL,0100,Corporate Fund,59,Chicago Fire Department,2005,Chicago Fire Department,166,Dues  Subscriptions and Memberships,5150,5150,7685
LOCAL,0100,Corporate Fund,59,Chicago Fire Department,2005,Chicago Fire Department,169,Technical Meeting Costs,5343,5343,12015
LOCAL,0100,Corporate Fund,59,Chicago Fire Department,2005,Chicago Fire Department,181,Mobile Communication Services,355556,355556,355556
LOCAL,0100,Corporate Fund,59,Chicago Fire Department,2005,Chicago Fire Department,186,Pagers,400,400,400
LOCAL,0100,Corporate Fund,59,Chicago Fire Department,2005,Chicago Fire Department,189,Telephone - Non-Centrex Billings,148800,148800,148800
LOCAL,0100,Corporate Fund,59,Chicago Fire Department,2005,Chicago Fire Department,197,Telephone - Maintenance and Repair of Equipment and Voicemail,7000,7000,7000
LOCAL,0100,Corporate Fund,59,Chicago Fire Department,2005,Chicago Fire Department,229,Transportation and Expense Allowance,43000,43000,28000
LOCAL,0100,Corporate Fund,59,Chicago Fire Department,2005,Chicago Fire Department,245,Reimbursement to Travelers,6000,6000,6000
LOCAL,0100,Corporate Fund,59,Chicago Fire Department,2005,Chicago Fire Department,270,Local Transportation,1900,1900,1900
LOCAL,0100,Corporate Fund,59,Chicago Fire Department,2005,Chicago Fire Department,318,Other Fuel,6000,6000,3500
LOCAL,0100,Corporate Fund,59,Chicago Fire Department,2005,Chicago Fire Department,338,License Sticker  Tag and Plates,3915,3915,3915
LOCAL,0100,Corporate Fund,59,Chicago Fire Department,2005,Chicago Fire Department,340,Material and Supplies,1274159,1274159,1246884
LOCAL,0100,Corporate Fund,59,Chicago Fire Department,2005,Chicago Fire Department,342,Drugs  Medicine and Chemical Materials,764005,764005,815505
LOCAL,0100,Corporate Fund,59,Chicago Fire Department,2005,Chicago Fire Department,345,Apparatus and Instruments,339500,339500,466682
LOCAL,0100,Corporate Fund,59,Chicago Fire Department,2005,Chicago Fire Department,348,Books and Related Material,6435,6435,6435
LOCAL,0100,Corporate Fund,59,Chicago Fire Department,2005,Chicago Fire Department,350,Stationery and Office Supplies,76080,76080,55000
LOCAL,0100,Corporate Fund,59,Chicago Fire Department,2005,Chicago Fire Department,360,Repair Parts and Material,256000,256000,256000
LOCAL,0100,Corporate Fund,59,Chicago Fire Department,2005,Chicago Fire Department,422,Office Machines,4000,4000,2000
LOCAL,0100,Corporate Fund,59,Chicago Fire Department,2005,Chicago Fire Department,424,Furniture and Furnishings,190000,190000,150000
LOCAL,0100,Corporate Fund,59,Chicago Fire Department,2005,Chicago Fire Department,931,For the Payment of Tort and Non-Tort Judgments  Outside Counsel Expenses and Expert Costs  as Approved by the Corporation Counsel,2702000,2702000,2702000
LOCAL,0100,Corporate Fund,59,Chicago Fire Department,2005,Chicago Fire Department,937,For Cost and Administration of Hospital and Medical Expenses for Employees Injured on Duty Who Are Not Covered Under Workers' Compensation Act,9000000,9000000,6000000
LOCAL,0100,Corporate Fund,59,Chicago Fire Department,2005,Chicago Fire Department,9067,For Physical Exams,1080000,1080000,584675
LOCAL,0100,Corporate Fund,59,Chicago Fire Department,2005,Chicago Fire Department,9438,For Services Provided by the Department of Fleet and Facilities Management,0,0,74750
LOCAL,0610,Chicago Midway Airport Fund,59,Chicago Fire Department,2005,Chicago Fire Department,5,Salaries and Wages - on Payroll,6438830,6438830,6401152
LOCAL,0610,Chicago Midway Airport Fund,59,Chicago Fire Department,2005,Chicago Fire Department,15,Schedule Salary Adjustments,15613,15613,33879
LOCAL,0610,Chicago Midway Airport Fund,59,Chicago Fire Department,2005,Chicago Fire Department,20,Overtime,192400,192400,192400
LOCAL,0610,Chicago Midway Airport Fund,59,Chicago Fire Department,2005,Chicago Fire Department,21,Sworn/Civilian Holiday Premium Pay,250206,250206,305000
LOCAL,0610,Chicago Midway Airport Fund,59,Chicago Fire Department,2005,Chicago Fire Department,22,Duty Availability,241200,241200,205200
LOCAL,0610,Chicago Midway Airport Fund,59,Chicago Fire Department,2005,Chicago Fire Department,24,Compensatory Time Payment,70000,70000,70000
LOCAL,0610,Chicago Midway Airport Fund,59,Chicago Fire Department,2005,Chicago Fire Department,28,Cooperative Education Program,60000,60000,72021
LOCAL,0610,Chicago Midway Airport Fund,59,Chicago Fire Department,2005,Chicago Fire Department,60,Specialty Pay,250580,250580,233438
LOCAL,0610,Chicago Midway Airport Fund,59,Chicago Fire Department,2005,Chicago Fire Department,61,Driver's Differential,50450,50450,50450
LOCAL,0610,Chicago Midway Airport Fund,59,Chicago Fire Department,2005,Chicago Fire Department,62,Required Certifications,17000,17000,10000
LOCAL,0610,Chicago Midway Airport Fund,59,Chicago Fire Department,2005,Chicago Fire Department,63,Fitness Benefit,9000,9000,9000
LOCAL,0610,Chicago Midway Airport Fund,59,Chicago Fire Department,2005,Chicago Fire Department,88,Furlough/Supervisors Compensation Time Buy-Back,140000,140000,125000
LOCAL,0610,Chicago Midway Airport Fund,59,Chicago Fire Department,2005,Chicago Fire Department,91,Uniform Allowance,72500,72500,65000
LOCAL,0610,Chicago Midway Airport Fund,59,Chicago Fire Department,2005,Chicago Fire Department,140,For Professional and Technical Services and Other Third Party Benefit Agreements,45000,45000,45000
LOCAL,0100,Corporate Fund,60,Civilian Office of Police Accountability,2005,Civilian Office of Police Accountability,320,Gasoline,240,240,500
LOCAL,0610,Chicago Midway Airport Fund,59,Chicago Fire Department,2005,Chicago Fire Department,937,For Cost and Administration of Hospital and Medical Expenses for Employees Injured on Duty Who Are Not Covered Under Workers' Compensation Act,157500,157500,157500
LOCAL,0740,Chicago O'Hare Airport Fund,59,Chicago Fire Department,2005,Chicago Fire Department,5,Salaries and Wages - on Payroll,24623284,24623284,24101470
LOCAL,0740,Chicago O'Hare Airport Fund,59,Chicago Fire Department,2005,Chicago Fire Department,12,Contract Wage Increment - Prevailing Rate,1104,1104,1173
LOCAL,0740,Chicago O'Hare Airport Fund,59,Chicago Fire Department,2005,Chicago Fire Department,15,Schedule Salary Adjustments,50343,50343,74769
LOCAL,0740,Chicago O'Hare Airport Fund,59,Chicago Fire Department,2005,Chicago Fire Department,20,Overtime,791800,791800,791800
LOCAL,0740,Chicago O'Hare Airport Fund,59,Chicago Fire Department,2005,Chicago Fire Department,21,Sworn/Civilian Holiday Premium Pay,935000,935000,1225000
LOCAL,0740,Chicago O'Hare Airport Fund,59,Chicago Fire Department,2005,Chicago Fire Department,22,Duty Availability,874800,874800,791400
LOCAL,0740,Chicago O'Hare Airport Fund,59,Chicago Fire Department,2005,Chicago Fire Department,24,Compensatory Time Payment,90000,90000,90000
LOCAL,0740,Chicago O'Hare Airport Fund,59,Chicago Fire Department,2005,Chicago Fire Department,28,Cooperative Education Program,210000,210000,236664
LOCAL,0740,Chicago O'Hare Airport Fund,59,Chicago Fire Department,2005,Chicago Fire Department,60,Specialty Pay,1123600,1123600,1200000
LOCAL,0740,Chicago O'Hare Airport Fund,59,Chicago Fire Department,2005,Chicago Fire Department,61,Driver's Differential,188000,188000,250000
LOCAL,0740,Chicago O'Hare Airport Fund,59,Chicago Fire Department,2005,Chicago Fire Department,62,Required Certifications,10000,10000,10000
LOCAL,0740,Chicago O'Hare Airport Fund,59,Chicago Fire Department,2005,Chicago Fire Department,63,Fitness Benefit,35700,35700,25000
LOCAL,0740,Chicago O'Hare Airport Fund,59,Chicago Fire Department,2005,Chicago Fire Department,88,Furlough/Supervisors Compensation Time Buy-Back,318200,318200,440000
LOCAL,0740,Chicago O'Hare Airport Fund,59,Chicago Fire Department,2005,Chicago Fire Department,91,Uniform Allowance,276750,276750,250000
LOCAL,0740,Chicago O'Hare Airport Fund,59,Chicago Fire Department,2005,Chicago Fire Department,140,For Professional and Technical Services and Other Third Party Benefit Agreements,176800,176800,176800
LOCAL,0740,Chicago O'Hare Airport Fund,59,Chicago Fire Department,2005,Chicago Fire Department,937,For Cost and Administration of Hospital and Medical Expenses for Employees Injured on Duty Who Are Not Covered Under Workers' Compensation Act,247500,247500,247500
LOCAL,0100,Corporate Fund,60,Civilian Office of Police Accountability,2005,Civilian Office of Police Accountability,5,Salaries and Wages - on Payroll,10051722,10051722,11148084
LOCAL,0100,Corporate Fund,60,Civilian Office of Police Accountability,2005,Civilian Office of Police Accountability,15,Schedule Salary Adjustments,56314,56314,61397
LOCAL,0100,Corporate Fund,60,Civilian Office of Police Accountability,2005,Civilian Office of Police Accountability,20,Overtime,100000,100000,50000
LOCAL,0100,Corporate Fund,60,Civilian Office of Police Accountability,2005,Civilian Office of Police Accountability,130,Postage,8500,8500,6000
LOCAL,0100,Corporate Fund,60,Civilian Office of Police Accountability,2005,Civilian Office of Police Accountability,140,For Professional and Technical Services and Other Third Party Benefit Agreements,2051280,2051280,1657162
LOCAL,0100,Corporate Fund,60,Civilian Office of Police Accountability,2005,Civilian Office of Police Accountability,149,For Software Maintenance and Licensing,294311,294311,336679
LOCAL,0100,Corporate Fund,60,Civilian Office of Police Accountability,2005,Civilian Office of Police Accountability,150,Publications and Reproduction - Outside Services to Be Expended with the Prior Approval of Graphics Services,30000,30000,35000
LOCAL,0100,Corporate Fund,60,Civilian Office of Police Accountability,2005,Civilian Office of Police Accountability,157,Rental of Equipment and Services,0,0,72000
LOCAL,0100,Corporate Fund,60,Civilian Office of Police Accountability,2005,Civilian Office of Police Accountability,159,Lease Purchase Agreements for Equipment and Machinery,36420,36420,25420
LOCAL,0100,Corporate Fund,60,Civilian Office of Police Accountability,2005,Civilian Office of Police Accountability,162,Repair/Maintenance of Equipment,225751,225751,97944
LOCAL,0100,Corporate Fund,60,Civilian Office of Police Accountability,2005,Civilian Office of Police Accountability,166,Dues  Subscriptions and Memberships,5475,5475,5475
LOCAL,0100,Corporate Fund,60,Civilian Office of Police Accountability,2005,Civilian Office of Police Accountability,169,Technical Meeting Costs,227800,227800,149300
LOCAL,0100,Corporate Fund,60,Civilian Office of Police Accountability,2005,Civilian Office of Police Accountability,181,Mobile Communication Services,82080,82080,61464
LOCAL,0100,Corporate Fund,60,Civilian Office of Police Accountability,2005,Civilian Office of Police Accountability,190,Telephone - Non-Centrex Billings,21000,21000,21000
LOCAL,0100,Corporate Fund,60,Civilian Office of Police Accountability,2005,Civilian Office of Police Accountability,197,Telephone - Maintenance and Repair of Equipment and Voicemail,160,160,160
LOCAL,0100,Corporate Fund,60,Civilian Office of Police Accountability,2005,Civilian Office of Police Accountability,245,Reimbursement to Travelers,15000,15000,50000
LOCAL,0100,Corporate Fund,60,Civilian Office of Police Accountability,2005,Civilian Office of Police Accountability,340,Material and Supplies,48340,48340,35700
LOCAL,0100,Corporate Fund,60,Civilian Office of Police Accountability,2005,Civilian Office of Police Accountability,350,Stationery and Office Supplies,35000,35000,35000
LOCAL,0100,Corporate Fund,60,Civilian Office of Police Accountability,2005,Civilian Office of Police Accountability,9438,For Services Provided by the Department of Fleet and Facilities Management,0,0,3000
LOCAL,0100,Corporate Fund,67,Department of Buildings,2005,Department of Buildings,5,Salaries and Wages - on Payroll,19116936,19116936,19718882
LOCAL,0100,Corporate Fund,67,Department of Buildings,2005,Department of Buildings,12,Contract Wage Increment - Prevailing Rate,95248,95248,106697
LOCAL,0100,Corporate Fund,67,Department of Buildings,2005,Department of Buildings,15,Schedule Salary Adjustments,66814,66814,27548
LOCAL,0100,Corporate Fund,67,Department of Buildings,2005,Department of Buildings,20,Overtime,100000,100000,100000
LOCAL,0100,Corporate Fund,67,Department of Buildings,2005,Department of Buildings,32,Reimbursable Overtime,250000,250000,250000
LOCAL,0100,Corporate Fund,67,Department of Buildings,2005,Department of Buildings,130,Postage,22267,22267,24000
LOCAL,0100,Corporate Fund,67,Department of Buildings,2005,Department of Buildings,140,For Professional and Technical Services and Other Third Party Benefit Agreements,1787275,1787275,1349575
LOCAL,0100,Corporate Fund,67,Department of Buildings,2005,Department of Buildings,143,Court Reporting,1500,1500,1500
LOCAL,0100,Corporate Fund,67,Department of Buildings,2005,Department of Buildings,154,For the Rental and Maintenance of Data Processing  Office Automation and Data Communications Hardware,12000,12000,12000
LOCAL,0100,Corporate Fund,67,Department of Buildings,2005,Department of Buildings,159,Lease Purchase Agreements for Equipment and Machinery,49260,49260,49236
LOCAL,0100,Corporate Fund,67,Department of Buildings,2005,Department of Buildings,162,Repair/Maintenance of Equipment,15000,15000,15000
LOCAL,0100,Corporate Fund,67,Department of Buildings,2005,Department of Buildings,166,Dues  Subscriptions and Memberships,1500,1500,1500
LOCAL,0100,Corporate Fund,67,Department of Buildings,2005,Department of Buildings,178,Freight and Express Charges,250,250,250
LOCAL,0100,Corporate Fund,67,Department of Buildings,2005,Department of Buildings,181,Mobile Communication Services,138393,138393,133000
LOCAL,0100,Corporate Fund,67,Department of Buildings,2005,Department of Buildings,190,Telephone - Non-Centrex Billings,61874,61874,54000
LOCAL,0100,Corporate Fund,67,Department of Buildings,2005,Department of Buildings,191,Telephone - Relocations of Phone Lines,500,500,500
LOCAL,0100,Corporate Fund,67,Department of Buildings,2005,Department of Buildings,196,Data Circuits,9100,9100,10100
LOCAL,0100,Corporate Fund,67,Department of Buildings,2005,Department of Buildings,197,Telephone - Maintenance and Repair of Equipment and Voicemail,6325,6325,5775
LOCAL,0100,Corporate Fund,78,Board of Ethics,2005,Board of Ethics,270,Local Transportation,1500,1500,1500
LOCAL,0100,Corporate Fund,67,Department of Buildings,2005,Department of Buildings,229,Transportation and Expense Allowance,155000,155000,155000
LOCAL,0100,Corporate Fund,67,Department of Buildings,2005,Department of Buildings,319,Clothing,10000,10000,10000
LOCAL,0100,Corporate Fund,67,Department of Buildings,2005,Department of Buildings,348,Books and Related Material,1000,1000,1000
LOCAL,0100,Corporate Fund,67,Department of Buildings,2005,Department of Buildings,350,Stationery and Office Supplies,31000,31000,31000
LOCAL,0100,Corporate Fund,67,Department of Buildings,2005,Department of Buildings,931,For the Payment of Tort and Non-Tort Judgments  Outside Counsel Expenses and Expert Costs  as Approved by the Corporation Counsel,300000,300000,300000
LOCAL,0100,Corporate Fund,67,Department of Buildings,2005,Department of Buildings,989,For Refunds for Cancelled Voucher Warrants and Payroll Checks and for Refunding Duplicate Payments and Payments Made in Error,100000,100000,100000
LOCAL,0100,Corporate Fund,67,Department of Buildings,2005,Department of Buildings,9019,For Board-Up and Demolition of Abandoned Buildings,3000000,3000000,3000000
LOCAL,0100,Corporate Fund,67,Department of Buildings,2005,Department of Buildings,9438,For Services Provided by the Department of Fleet and Facilities Management,0,0,28750
LOCAL,0200,Water Fund,67,Department of Buildings,2005,Department of Buildings,5,Salaries and Wages - on Payroll,2374877,2374877,2711937
LOCAL,0200,Water Fund,67,Department of Buildings,2005,Department of Buildings,12,Contract Wage Increment - Prevailing Rate,23681,23681,38170
LOCAL,0200,Water Fund,67,Department of Buildings,2005,Department of Buildings,15,Schedule Salary Adjustments,0,0,1694
LOCAL,0200,Water Fund,67,Department of Buildings,2005,Department of Buildings,181,Mobile Communication Services,24266,24266,27000
LOCAL,0200,Water Fund,67,Department of Buildings,2005,Department of Buildings,229,Transportation and Expense Allowance,17000,17000,17000
LOCAL,0200,Water Fund,67,Department of Buildings,2005,Department of Buildings,350,Stationery and Office Supplies,3008,3008,0
LOCAL,0300,Vehicle Tax Fund,67,Department of Buildings,2005,Department of Buildings,5,Salaries and Wages - on Payroll,477003,477003,508688
LOCAL,0300,Vehicle Tax Fund,67,Department of Buildings,2005,Department of Buildings,149,For Software Maintenance and Licensing,31000,31000,0
LOCAL,0300,Vehicle Tax Fund,67,Department of Buildings,2005,Department of Buildings,350,Stationery and Office Supplies,3008,3008,0
LOCAL,0314,Sewer Fund,67,Department of Buildings,2005,Department of Buildings,5,Salaries and Wages - on Payroll,1419735,1419735,1481158
LOCAL,0314,Sewer Fund,67,Department of Buildings,2005,Department of Buildings,12,Contract Wage Increment - Prevailing Rate,3075,3075,4562
LOCAL,0314,Sewer Fund,67,Department of Buildings,2005,Department of Buildings,15,Schedule Salary Adjustments,6324,6324,0
LOCAL,0314,Sewer Fund,67,Department of Buildings,2005,Department of Buildings,140,For Professional and Technical Services and Other Third Party Benefit Agreements,710000,710000,690000
LOCAL,0314,Sewer Fund,67,Department of Buildings,2005,Department of Buildings,181,Mobile Communication Services,9346,9346,14000
LOCAL,0314,Sewer Fund,67,Department of Buildings,2005,Department of Buildings,229,Transportation and Expense Allowance,15000,15000,15000
LOCAL,0314,Sewer Fund,67,Department of Buildings,2005,Department of Buildings,350,Stationery and Office Supplies,3008,3008,0
LOCAL,0100,Corporate Fund,70,Department of Business Affairs and Consumer Protection,2005,Department of Business Affairs and Consumer Protection,5,Salaries and Wages - on Payroll,13773084,13773084,14468072
LOCAL,0100,Corporate Fund,70,Department of Business Affairs and Consumer Protection,2005,Department of Business Affairs and Consumer Protection,15,Schedule Salary Adjustments,82587,82587,53222
LOCAL,0100,Corporate Fund,70,Department of Business Affairs and Consumer Protection,2005,Department of Business Affairs and Consumer Protection,20,Overtime,24700,24700,24700
LOCAL,0100,Corporate Fund,70,Department of Business Affairs and Consumer Protection,2005,Department of Business Affairs and Consumer Protection,39,For the Employment of Students as Trainees,21800,21800,21800
LOCAL,0100,Corporate Fund,78,Board of Ethics,2005,Board of Ethics,348,Books and Related Material,594,594,594
LOCAL,0100,Corporate Fund,70,Department of Business Affairs and Consumer Protection,2005,Department of Business Affairs and Consumer Protection,124,Investigation Costs,93509,93509,93509
LOCAL,0100,Corporate Fund,70,Department of Business Affairs and Consumer Protection,2005,Department of Business Affairs and Consumer Protection,130,Postage,84016,84016,101615
LOCAL,0100,Corporate Fund,70,Department of Business Affairs and Consumer Protection,2005,Department of Business Affairs and Consumer Protection,135,For Delegate Agencies,3357039,3357039,3357039
LOCAL,0100,Corporate Fund,70,Department of Business Affairs and Consumer Protection,2005,Department of Business Affairs and Consumer Protection,138,For Professional Services for Information Technology Maintenance,310338,310338,710338
LOCAL,0100,Corporate Fund,70,Department of Business Affairs and Consumer Protection,2005,Department of Business Affairs and Consumer Protection,140,For Professional and Technical Services and Other Third Party Benefit Agreements,263810,263810,263810
LOCAL,0100,Corporate Fund,70,Department of Business Affairs and Consumer Protection,2005,Department of Business Affairs and Consumer Protection,143,Court Reporting,6100,6100,6100
LOCAL,0100,Corporate Fund,70,Department of Business Affairs and Consumer Protection,2005,Department of Business Affairs and Consumer Protection,148,Testing and Inspecting,31709,31709,31709
LOCAL,0100,Corporate Fund,70,Department of Business Affairs and Consumer Protection,2005,Department of Business Affairs and Consumer Protection,150,Publications and Reproduction - Outside Services to Be Expended with the Prior Approval of Graphics Services,10452,10452,10452
LOCAL,0100,Corporate Fund,70,Department of Business Affairs and Consumer Protection,2005,Department of Business Affairs and Consumer Protection,152,Advertising,71683,71683,50683
LOCAL,0100,Corporate Fund,70,Department of Business Affairs and Consumer Protection,2005,Department of Business Affairs and Consumer Protection,154,For the Rental and Maintenance of Data Processing  Office Automation and Data Communications Hardware,2401,2401,2401
LOCAL,0100,Corporate Fund,70,Department of Business Affairs and Consumer Protection,2005,Department of Business Affairs and Consumer Protection,157,Rental of Equipment and Services,54821,54821,54821
LOCAL,0100,Corporate Fund,70,Department of Business Affairs and Consumer Protection,2005,Department of Business Affairs and Consumer Protection,159,Lease Purchase Agreements for Equipment and Machinery,36124,36124,36124
LOCAL,0100,Corporate Fund,70,Department of Business Affairs and Consumer Protection,2005,Department of Business Affairs and Consumer Protection,162,Repair/Maintenance of Equipment,29059,29059,29059
LOCAL,0100,Corporate Fund,70,Department of Business Affairs and Consumer Protection,2005,Department of Business Affairs and Consumer Protection,166,Dues  Subscriptions and Memberships,17065,17065,17065
LOCAL,0100,Corporate Fund,70,Department of Business Affairs and Consumer Protection,2005,Department of Business Affairs and Consumer Protection,169,Technical Meeting Costs,4118,4118,4118
LOCAL,0100,Corporate Fund,70,Department of Business Affairs and Consumer Protection,2005,Department of Business Affairs and Consumer Protection,179,Messenger Service,1000,1000,1000
LOCAL,0100,Corporate Fund,70,Department of Business Affairs and Consumer Protection,2005,Department of Business Affairs and Consumer Protection,181,Mobile Communication Services,68000,68000,54290
LOCAL,0346,Library Fund,91,Chicago Public Library,2005,Chicago Public Library,178,Freight and Express Charges,4001,4001,4001
LOCAL,0100,Corporate Fund,70,Department of Business Affairs and Consumer Protection,2005,Department of Business Affairs and Consumer Protection,188,Vehicle Tracking Service,0,0,13710
LOCAL,0100,Corporate Fund,70,Department of Business Affairs and Consumer Protection,2005,Department of Business Affairs and Consumer Protection,190,Telephone - Non-Centrex Billings,45600,45600,29200
LOCAL,0100,Corporate Fund,70,Department of Business Affairs and Consumer Protection,2005,Department of Business Affairs and Consumer Protection,196,Data Circuits,35000,35000,31760
LOCAL,0100,Corporate Fund,70,Department of Business Affairs and Consumer Protection,2005,Department of Business Affairs and Consumer Protection,197,Telephone - Maintenance and Repair of Equipment and Voicemail,87600,87600,4000
LOCAL,0100,Corporate Fund,70,Department of Business Affairs and Consumer Protection,2005,Department of Business Affairs and Consumer Protection,229,Transportation and Expense Allowance,21785,21785,21785
LOCAL,0100,Corporate Fund,70,Department of Business Affairs and Consumer Protection,2005,Department of Business Affairs and Consumer Protection,245,Reimbursement to Travelers,3092,3092,3092
LOCAL,0100,Corporate Fund,70,Department of Business Affairs and Consumer Protection,2005,Department of Business Affairs and Consumer Protection,270,Local Transportation,2466,2466,2466
LOCAL,0100,Corporate Fund,70,Department of Business Affairs and Consumer Protection,2005,Department of Business Affairs and Consumer Protection,338,License Sticker  Tag and Plates,76608,76608,76608
LOCAL,0100,Corporate Fund,70,Department of Business Affairs and Consumer Protection,2005,Department of Business Affairs and Consumer Protection,340,Material and Supplies,5385,5385,26385
LOCAL,0100,Corporate Fund,70,Department of Business Affairs and Consumer Protection,2005,Department of Business Affairs and Consumer Protection,348,Books and Related Material,472,472,472
LOCAL,0100,Corporate Fund,70,Department of Business Affairs and Consumer Protection,2005,Department of Business Affairs and Consumer Protection,350,Stationery and Office Supplies,37686,37686,37686
LOCAL,0100,Corporate Fund,70,Department of Business Affairs and Consumer Protection,2005,Department of Business Affairs and Consumer Protection,360,Repair Parts and Material,3083,3083,3083
LOCAL,0100,Corporate Fund,70,Department of Business Affairs and Consumer Protection,2005,Department of Business Affairs and Consumer Protection,540,Construction of Buildings and Other Structures,10000,10000,10000
LOCAL,0100,Corporate Fund,70,Department of Business Affairs and Consumer Protection,2005,Department of Business Affairs and Consumer Protection,9438,For Services Provided by the Department of Fleet and Facilities Management,0,0,103500
LOCAL,0B21,Tax Increment Financing Administration Fund,70,Department of Business Affairs and Consumer Protection,2005,Department of Business Affairs and Consumer Protection,9470,For Services Provided by Business Affairs and Consumer Protection,375000,375000,375000
LOCAL,0100,Corporate Fund,73,Chicago Animal Care and Control,2005,Chicago Animal Care and Control,5,Salaries and Wages - on Payroll,4759713,4759713,5098976
LOCAL,0100,Corporate Fund,73,Chicago Animal Care and Control,2005,Chicago Animal Care and Control,11,Contract Wage Increment - Salary,59196,59196,58250
LOCAL,0100,Corporate Fund,73,Chicago Animal Care and Control,2005,Chicago Animal Care and Control,15,Schedule Salary Adjustments,36418,36418,44771
LOCAL,0100,Corporate Fund,73,Chicago Animal Care and Control,2005,Chicago Animal Care and Control,20,Overtime,145000,145000,145000
LOCAL,0100,Corporate Fund,73,Chicago Animal Care and Control,2005,Chicago Animal Care and Control,91,Uniform Allowance,31180,31180,32550
LOCAL,0100,Corporate Fund,73,Chicago Animal Care and Control,2005,Chicago Animal Care and Control,130,Postage,2600,2600,2200
LOCAL,0100,Corporate Fund,73,Chicago Animal Care and Control,2005,Chicago Animal Care and Control,135,For Delegate Agencies,450000,450000,450000
LOCAL,0100,Corporate Fund,73,Chicago Animal Care and Control,2005,Chicago Animal Care and Control,140,For Professional and Technical Services and Other Third Party Benefit Agreements,262271,262271,262271
LOCAL,0100,Corporate Fund,73,Chicago Animal Care and Control,2005,Chicago Animal Care and Control,150,Publications and Reproduction - Outside Services to Be Expended with the Prior Approval of Graphics Services,1427,1427,1427
LOCAL,0100,Corporate Fund,73,Chicago Animal Care and Control,2005,Chicago Animal Care and Control,152,Advertising,2000,2000,2000
LOCAL,0100,Corporate Fund,73,Chicago Animal Care and Control,2005,Chicago Animal Care and Control,154,For the Rental and Maintenance of Data Processing  Office Automation and Data Communications Hardware,2200,2200,2200
LOCAL,0100,Corporate Fund,73,Chicago Animal Care and Control,2005,Chicago Animal Care and Control,157,Rental of Equipment and Services,2160,2160,2400
LOCAL,0100,Corporate Fund,73,Chicago Animal Care and Control,2005,Chicago Animal Care and Control,159,Lease Purchase Agreements for Equipment and Machinery,24907,24907,36000
LOCAL,0100,Corporate Fund,73,Chicago Animal Care and Control,2005,Chicago Animal Care and Control,162,Repair/Maintenance of Equipment,5220,5220,5220
LOCAL,0100,Corporate Fund,73,Chicago Animal Care and Control,2005,Chicago Animal Care and Control,168,Educational Development through Cooperative Education Program and Apprenticeship Program,5350,5350,5350
LOCAL,0100,Corporate Fund,73,Chicago Animal Care and Control,2005,Chicago Animal Care and Control,169,Technical Meeting Costs,1068,1068,1068
LOCAL,0100,Corporate Fund,73,Chicago Animal Care and Control,2005,Chicago Animal Care and Control,181,Mobile Communication Services,19140,19140,16800
LOCAL,0100,Corporate Fund,73,Chicago Animal Care and Control,2005,Chicago Animal Care and Control,190,Telephone - Non-Centrex Billings,7000,7000,5300
LOCAL,0100,Corporate Fund,73,Chicago Animal Care and Control,2005,Chicago Animal Care and Control,196,Data Circuits,2700,2700,2620
LOCAL,0100,Corporate Fund,73,Chicago Animal Care and Control,2005,Chicago Animal Care and Control,197,Telephone - Maintenance and Repair of Equipment and Voicemail,1015,1015,925
LOCAL,0100,Corporate Fund,73,Chicago Animal Care and Control,2005,Chicago Animal Care and Control,245,Reimbursement to Travelers,480,480,600
LOCAL,0100,Corporate Fund,73,Chicago Animal Care and Control,2005,Chicago Animal Care and Control,313,Cleaning and Sanitation Supplies,129228,129228,129228
LOCAL,0100,Corporate Fund,73,Chicago Animal Care and Control,2005,Chicago Animal Care and Control,330,Food,113278,113278,113278
LOCAL,0100,Corporate Fund,73,Chicago Animal Care and Control,2005,Chicago Animal Care and Control,340,Material and Supplies,20316,20316,20316
LOCAL,0100,Corporate Fund,73,Chicago Animal Care and Control,2005,Chicago Animal Care and Control,342,Drugs  Medicine and Chemical Materials,384200,384200,386400
LOCAL,0100,Corporate Fund,73,Chicago Animal Care and Control,2005,Chicago Animal Care and Control,350,Stationery and Office Supplies,9164,9164,9164
LOCAL,0100,Corporate Fund,73,Chicago Animal Care and Control,2005,Chicago Animal Care and Control,360,Repair Parts and Material,2093,2093,2093
LOCAL,0100,Corporate Fund,73,Chicago Animal Care and Control,2005,Chicago Animal Care and Control,9438,For Services Provided by the Department of Fleet and Facilities Management,0,0,6900
LOCAL,0100,Corporate Fund,77,License Appeal Commission,2005,License Appeal Commission,5,Salaries and Wages - on Payroll,84420,84420,88044
LOCAL,0100,Corporate Fund,77,License Appeal Commission,2005,License Appeal Commission,15,Schedule Salary Adjustments,0,0,2780
LOCAL,0100,Corporate Fund,77,License Appeal Commission,2005,License Appeal Commission,130,Postage,147,147,90
LOCAL,0100,Corporate Fund,77,License Appeal Commission,2005,License Appeal Commission,140,For Professional and Technical Services and Other Third Party Benefit Agreements,82223,82223,82223
LOCAL,0100,Corporate Fund,77,License Appeal Commission,2005,License Appeal Commission,143,Court Reporting,17500,17500,10000
LOCAL,0100,Corporate Fund,77,License Appeal Commission,2005,License Appeal Commission,157,Rental of Equipment and Services,884,884,884
LOCAL,0100,Corporate Fund,77,License Appeal Commission,2005,License Appeal Commission,162,Repair/Maintenance of Equipment,274,274,191
LOCAL,0100,Corporate Fund,77,License Appeal Commission,2005,License Appeal Commission,190,Telephone - Non-Centrex Billings,694,694,330
LOCAL,0100,Corporate Fund,77,License Appeal Commission,2005,License Appeal Commission,197,Telephone - Maintenance and Repair of Equipment and Voicemail,25,25,25
LOCAL,0100,Corporate Fund,77,License Appeal Commission,2005,License Appeal Commission,340,Material and Supplies,500,500,500
LOCAL,0100,Corporate Fund,78,Board of Ethics,2005,Board of Ethics,5,Salaries and Wages - on Payroll,760488,760488,796428
LOCAL,0100,Corporate Fund,78,Board of Ethics,2005,Board of Ethics,15,Schedule Salary Adjustments,5053,5053,0
LOCAL,0100,Corporate Fund,78,Board of Ethics,2005,Board of Ethics,130,Postage,3162,3162,3500
LOCAL,0100,Corporate Fund,78,Board of Ethics,2005,Board of Ethics,140,For Professional and Technical Services and Other Third Party Benefit Agreements,40000,40000,40000
LOCAL,0100,Corporate Fund,78,Board of Ethics,2005,Board of Ethics,149,For Software Maintenance and Licensing,0,0,5000
LOCAL,0100,Corporate Fund,78,Board of Ethics,2005,Board of Ethics,159,Lease Purchase Agreements for Equipment and Machinery,6541,6541,6540
LOCAL,0100,Corporate Fund,78,Board of Ethics,2005,Board of Ethics,166,Dues  Subscriptions and Memberships,3000,3000,3000
LOCAL,0100,Corporate Fund,78,Board of Ethics,2005,Board of Ethics,169,Technical Meeting Costs,1180,1180,1180
LOCAL,0100,Corporate Fund,78,Board of Ethics,2005,Board of Ethics,178,Freight and Express Charges,3644,3644,3644
LOCAL,0100,Corporate Fund,78,Board of Ethics,2005,Board of Ethics,190,Telephone - Non-Centrex Billings,2700,2700,2100
LOCAL,0100,Corporate Fund,78,Board of Ethics,2005,Board of Ethics,197,Telephone - Maintenance and Repair of Equipment and Voicemail,221,221,195
LOCAL,0100,Corporate Fund,78,Board of Ethics,2005,Board of Ethics,229,Transportation and Expense Allowance,165,165,165
LOCAL,0100,Corporate Fund,78,Board of Ethics,2005,Board of Ethics,245,Reimbursement to Travelers,2940,2940,420
LOCAL,0100,Corporate Fund,78,Board of Ethics,2005,Board of Ethics,350,Stationery and Office Supplies,2615,2615,2616
LOCAL,0100,Corporate Fund,81,Department of Streets and Sanitation,2005,Commissioner's Office,5,Salaries and Wages - on Payroll,1873718,1873718,2148390
LOCAL,0100,Corporate Fund,81,Department of Streets and Sanitation,2005,Commissioner's Office,12,Contract Wage Increment - Prevailing Rate,782,782,802
LOCAL,0100,Corporate Fund,81,Department of Streets and Sanitation,2005,Commissioner's Office,15,Schedule Salary Adjustments,8951,8951,10244
LOCAL,0100,Corporate Fund,81,Department of Streets and Sanitation,2005,Commissioner's Office,140,For Professional and Technical Services and Other Third Party Benefit Agreements,21800,21800,21800
LOCAL,0100,Corporate Fund,81,Department of Streets and Sanitation,2005,Commissioner's Office,154,For the Rental and Maintenance of Data Processing  Office Automation and Data Communications Hardware,500,500,500
LOCAL,0100,Corporate Fund,81,Department of Streets and Sanitation,2005,Commissioner's Office,157,Rental of Equipment and Services,700,700,350
LOCAL,0100,Corporate Fund,81,Department of Streets and Sanitation,2005,Commissioner's Office,166,Dues  Subscriptions and Memberships,300,300,300
LOCAL,0100,Corporate Fund,81,Department of Streets and Sanitation,2005,Commissioner's Office,169,Technical Meeting Costs,15,15,15
LOCAL,0100,Corporate Fund,81,Department of Streets and Sanitation,2005,Commissioner's Office,181,Mobile Communication Services,110500,110500,138398
LOCAL,0100,Corporate Fund,81,Department of Streets and Sanitation,2005,Commissioner's Office,190,Telephone - Non-Centrex Billings,49344,49344,40500
LOCAL,0100,Corporate Fund,81,Department of Streets and Sanitation,2005,Commissioner's Office,197,Telephone - Maintenance and Repair of Equipment and Voicemail,2730,2730,2610
LOCAL,0100,Corporate Fund,81,Department of Streets and Sanitation,2005,Commissioner's Office,245,Reimbursement to Travelers,40,40,0
LOCAL,0100,Corporate Fund,81,Department of Streets and Sanitation,2005,Commissioner's Office,348,Books and Related Material,150,150,150
LOCAL,0100,Corporate Fund,81,Department of Streets and Sanitation,2005,Commissioner's Office,350,Stationery and Office Supplies,6000,6000,4500
LOCAL,0100,Corporate Fund,81,Department of Streets and Sanitation,2005,Commissioner's Office,931,For the Payment of Tort and Non-Tort Judgments  Outside Counsel Expenses and Expert Costs  as Approved by the Corporation Counsel,540000,540000,540000
LOCAL,0100,Corporate Fund,81,Department of Streets and Sanitation,2005,Commissioner's Office,9067,For Physical Exams,0,0,50000
LOCAL,0100,Corporate Fund,81,Department of Streets and Sanitation,2006,Administrative Services Division,5,Salaries and Wages - on Payroll,1817900,1817900,2018945
LOCAL,0100,Corporate Fund,81,Department of Streets and Sanitation,2006,Administrative Services Division,15,Schedule Salary Adjustments,12963,12963,20329
LOCAL,0100,Corporate Fund,81,Department of Streets and Sanitation,2006,Administrative Services Division,20,Overtime,1000,1000,1000
LOCAL,0100,Corporate Fund,81,Department of Streets and Sanitation,2006,Administrative Services Division,130,Postage,3000,3000,150
LOCAL,0100,Corporate Fund,81,Department of Streets and Sanitation,2006,Administrative Services Division,140,For Professional and Technical Services and Other Third Party Benefit Agreements,1000,1000,1000
LOCAL,0100,Corporate Fund,81,Department of Streets and Sanitation,2006,Administrative Services Division,159,Lease Purchase Agreements for Equipment and Machinery,24480,24480,24480
LOCAL,0100,Corporate Fund,81,Department of Streets and Sanitation,2006,Administrative Services Division,162,Repair/Maintenance of Equipment,3000,3000,500
LOCAL,0100,Corporate Fund,81,Department of Streets and Sanitation,2006,Administrative Services Division,190,Telephone - Non-Centrex Billings,2800,2800,1800
LOCAL,0100,Corporate Fund,81,Department of Streets and Sanitation,2006,Administrative Services Division,197,Telephone - Maintenance and Repair of Equipment and Voicemail,28,28,25
LOCAL,0100,Corporate Fund,81,Department of Streets and Sanitation,2006,Administrative Services Division,229,Transportation and Expense Allowance,250,250,0
LOCAL,0100,Corporate Fund,81,Department of Streets and Sanitation,2006,Administrative Services Division,350,Stationery and Office Supplies,5250,5250,5250
LOCAL,0100,Corporate Fund,81,Department of Streets and Sanitation,2020,Bureau of Sanitation,5,Salaries and Wages - on Payroll,32868768,32868768,33739110
LOCAL,0100,Corporate Fund,81,Department of Streets and Sanitation,2020,Bureau of Sanitation,12,Contract Wage Increment - Prevailing Rate,328268,328268,340177
LOCAL,0100,Corporate Fund,81,Department of Streets and Sanitation,2020,Bureau of Sanitation,15,Schedule Salary Adjustments,0,0,1476
LOCAL,0100,Corporate Fund,81,Department of Streets and Sanitation,2020,Bureau of Sanitation,20,Overtime,2377983,2377983,2377983
LOCAL,0100,Corporate Fund,81,Department of Streets and Sanitation,2020,Bureau of Sanitation,126,Office Conveniences,454,454,900
LOCAL,0100,Corporate Fund,81,Department of Streets and Sanitation,2020,Bureau of Sanitation,130,Postage,980,980,490
LOCAL,0100,Corporate Fund,81,Department of Streets and Sanitation,2020,Bureau of Sanitation,140,For Professional and Technical Services and Other Third Party Benefit Agreements,12777268,12777268,12759716
LOCAL,0100,Corporate Fund,81,Department of Streets and Sanitation,2020,Bureau of Sanitation,157,Rental of Equipment and Services,903100,903100,2928795
LOCAL,0100,Corporate Fund,81,Department of Streets and Sanitation,2020,Bureau of Sanitation,159,Lease Purchase Agreements for Equipment and Machinery,83448,83448,83448
LOCAL,0100,Corporate Fund,81,Department of Streets and Sanitation,2020,Bureau of Sanitation,160,Repair or Maintenance of Property,500,500,0
LOCAL,0100,Corporate Fund,81,Department of Streets and Sanitation,2020,Bureau of Sanitation,162,Repair/Maintenance of Equipment,10487,10487,13910
LOCAL,0100,Corporate Fund,81,Department of Streets and Sanitation,2020,Bureau of Sanitation,166,Dues  Subscriptions and Memberships,1795,1795,1795
LOCAL,0100,Corporate Fund,81,Department of Streets and Sanitation,2020,Bureau of Sanitation,181,Mobile Communication Services,20000,20000,18000
LOCAL,0100,Corporate Fund,81,Department of Streets and Sanitation,2020,Bureau of Sanitation,185,Waste Disposal Services,43733391,43733391,43662056
LOCAL,0100,Corporate Fund,81,Department of Streets and Sanitation,2020,Bureau of Sanitation,188,Vehicle Tracking Service,178535,178535,178535
LOCAL,0100,Corporate Fund,81,Department of Streets and Sanitation,2020,Bureau of Sanitation,189,Telephone - Non-Centrex Billings,7600,7600,9650
LOCAL,0100,Corporate Fund,81,Department of Streets and Sanitation,2020,Bureau of Sanitation,190,Telephone - Non-Centrex Billings,62600,62600,0
LOCAL,0100,Corporate Fund,81,Department of Streets and Sanitation,2020,Bureau of Sanitation,196,Data Circuits,31000,31000,31200
LOCAL,0100,Corporate Fund,81,Department of Streets and Sanitation,2020,Bureau of Sanitation,197,Telephone - Maintenance and Repair of Equipment and Voicemail,2750,2750,2425
LOCAL,0100,Corporate Fund,81,Department of Streets and Sanitation,2020,Bureau of Sanitation,313,Cleaning and Sanitation Supplies,21803,21803,21803
LOCAL,0100,Corporate Fund,81,Department of Streets and Sanitation,2020,Bureau of Sanitation,319,Clothing,73250,73250,74000
LOCAL,0100,Corporate Fund,81,Department of Streets and Sanitation,2020,Bureau of Sanitation,340,Material and Supplies,54017,54017,72474
LOCAL,0100,Corporate Fund,81,Department of Streets and Sanitation,2020,Bureau of Sanitation,341,Chemicals,0,0,40000
LOCAL,0100,Corporate Fund,81,Department of Streets and Sanitation,2020,Bureau of Sanitation,350,Stationery and Office Supplies,10946,10946,10946
LOCAL,0100,Corporate Fund,81,Department of Streets and Sanitation,2020,Bureau of Sanitation,401,Tools Less Than or Equal to $100/Unit,33102,33102,33102
LOCAL,0100,Corporate Fund,81,Department of Streets and Sanitation,2020,Bureau of Sanitation,402,Tools Greater Than $100/Unit,0,0,13000
LOCAL,0100,Corporate Fund,81,Department of Streets and Sanitation,2025,Bureau of Rodent Control,5,Salaries and Wages - on Payroll,9458152,9458152,9475174
LOCAL,0100,Corporate Fund,81,Department of Streets and Sanitation,2025,Bureau of Rodent Control,12,Contract Wage Increment - Prevailing Rate,55396,55396,73082
LOCAL,0100,Corporate Fund,81,Department of Streets and Sanitation,2025,Bureau of Rodent Control,15,Schedule Salary Adjustments,8811,8811,0
LOCAL,0100,Corporate Fund,81,Department of Streets and Sanitation,2025,Bureau of Rodent Control,20,Overtime,5500,5500,5500
LOCAL,0100,Corporate Fund,81,Department of Streets and Sanitation,2025,Bureau of Rodent Control,140,For Professional and Technical Services and Other Third Party Benefit Agreements,1500000,1500000,2800000
LOCAL,0100,Corporate Fund,81,Department of Streets and Sanitation,2025,Bureau of Rodent Control,157,Rental of Equipment and Services,108814,108814,108814
LOCAL,0100,Corporate Fund,81,Department of Streets and Sanitation,2025,Bureau of Rodent Control,159,Lease Purchase Agreements for Equipment and Machinery,4000,4000,2900
LOCAL,0100,Corporate Fund,81,Department of Streets and Sanitation,2025,Bureau of Rodent Control,162,Repair/Maintenance of Equipment,3861,3861,0
LOCAL,0100,Corporate Fund,81,Department of Streets and Sanitation,2025,Bureau of Rodent Control,181,Mobile Communication Services,66500,66500,61500
LOCAL,0100,Corporate Fund,81,Department of Streets and Sanitation,2025,Bureau of Rodent Control,188,Vehicle Tracking Service,11774,11774,11774
LOCAL,0100,Corporate Fund,81,Department of Streets and Sanitation,2025,Bureau of Rodent Control,190,Telephone - Non-Centrex Billings,17200,17200,14600
LOCAL,0100,Corporate Fund,81,Department of Streets and Sanitation,2025,Bureau of Rodent Control,197,Telephone - Maintenance and Repair of Equipment and Voicemail,700,700,700
LOCAL,0100,Corporate Fund,81,Department of Streets and Sanitation,2025,Bureau of Rodent Control,313,Cleaning and Sanitation Supplies,304,304,304
LOCAL,0100,Corporate Fund,81,Department of Streets and Sanitation,2025,Bureau of Rodent Control,319,Clothing,16250,16250,16250
LOCAL,0100,Corporate Fund,81,Department of Streets and Sanitation,2025,Bureau of Rodent Control,340,Material and Supplies,72178,72178,573378
LOCAL,0100,Corporate Fund,81,Department of Streets and Sanitation,2025,Bureau of Rodent Control,350,Stationery and Office Supplies,4230,4230,4230
LOCAL,0100,Corporate Fund,81,Department of Streets and Sanitation,2025,Bureau of Rodent Control,401,Tools Less Than or Equal to $100/Unit,8722,8722,7222
LOCAL,0100,Corporate Fund,81,Department of Streets and Sanitation,2045,Bureau of Street Operations,5,Salaries and Wages - on Payroll,16577074,16577074,17306056
LOCAL,0100,Corporate Fund,81,Department of Streets and Sanitation,2045,Bureau of Street Operations,12,Contract Wage Increment - Prevailing Rate,102283,102283,122836
LOCAL,0100,Corporate Fund,81,Department of Streets and Sanitation,2045,Bureau of Street Operations,15,Schedule Salary Adjustments,69959,69959,81402
LOCAL,0100,Corporate Fund,81,Department of Streets and Sanitation,2045,Bureau of Street Operations,20,Overtime,2229000,2229000,1629000
LOCAL,0100,Corporate Fund,81,Department of Streets and Sanitation,2045,Bureau of Street Operations,135,For Delegate Agencies,625000,625000,825000
LOCAL,0100,Corporate Fund,81,Department of Streets and Sanitation,2045,Bureau of Street Operations,140,For Professional and Technical Services and Other Third Party Benefit Agreements,16600,16600,32360
LOCAL,0100,Corporate Fund,81,Department of Streets and Sanitation,2045,Bureau of Street Operations,157,Rental of Equipment and Services,2136129,2136129,234688
LOCAL,0100,Corporate Fund,81,Department of Streets and Sanitation,2045,Bureau of Street Operations,162,Repair/Maintenance of Equipment,70800,70800,100800
LOCAL,0100,Corporate Fund,81,Department of Streets and Sanitation,2045,Bureau of Street Operations,188,Vehicle Tracking Service,156185,156185,160000
LOCAL,0100,Corporate Fund,81,Department of Streets and Sanitation,2045,Bureau of Street Operations,319,Clothing,7725,7725,7725
LOCAL,0100,Corporate Fund,81,Department of Streets and Sanitation,2045,Bureau of Street Operations,340,Material and Supplies,266400,266400,242400
LOCAL,0100,Corporate Fund,81,Department of Streets and Sanitation,2045,Bureau of Street Operations,341,Chemicals,120000,120000,120000
LOCAL,0100,Corporate Fund,81,Department of Streets and Sanitation,2045,Bureau of Street Operations,362,Paints and Painting Supplies,270000,270000,270000
LOCAL,0100,Corporate Fund,81,Department of Streets and Sanitation,2060,Bureau of Forestry,5,Salaries and Wages - on Payroll,13933767,13933767,14851935
LOCAL,0100,Corporate Fund,81,Department of Streets and Sanitation,2060,Bureau of Forestry,12,Contract Wage Increment - Prevailing Rate,84248,84248,120933
LOCAL,0100,Corporate Fund,81,Department of Streets and Sanitation,2060,Bureau of Forestry,15,Schedule Salary Adjustments,5944,5944,2524
LOCAL,0100,Corporate Fund,81,Department of Streets and Sanitation,2060,Bureau of Forestry,20,Overtime,799938,799938,500000
LOCAL,0100,Corporate Fund,81,Department of Streets and Sanitation,2060,Bureau of Forestry,126,Office Conveniences,1280,1280,1280
LOCAL,0100,Corporate Fund,81,Department of Streets and Sanitation,2060,Bureau of Forestry,130,Postage,120,120,120
LOCAL,0100,Corporate Fund,81,Department of Streets and Sanitation,2060,Bureau of Forestry,140,For Professional and Technical Services and Other Third Party Benefit Agreements,1364854,1364854,1030350
LOCAL,0100,Corporate Fund,81,Department of Streets and Sanitation,2060,Bureau of Forestry,154,For the Rental and Maintenance of Data Processing  Office Automation and Data Communications Hardware,1500,1500,1500
LOCAL,0100,Corporate Fund,81,Department of Streets and Sanitation,2060,Bureau of Forestry,157,Rental of Equipment and Services,1059127,1059127,1059127
LOCAL,0100,Corporate Fund,81,Department of Streets and Sanitation,2060,Bureau of Forestry,159,Lease Purchase Agreements for Equipment and Machinery,7100,7100,7100
LOCAL,0100,Corporate Fund,81,Department of Streets and Sanitation,2060,Bureau of Forestry,160,Repair or Maintenance of Property,400,400,400
LOCAL,0100,Corporate Fund,81,Department of Streets and Sanitation,2060,Bureau of Forestry,162,Repair/Maintenance of Equipment,4700,4700,4700
LOCAL,0100,Corporate Fund,81,Department of Streets and Sanitation,2060,Bureau of Forestry,188,Vehicle Tracking Service,52411,52411,52411
LOCAL,0100,Corporate Fund,81,Department of Streets and Sanitation,2060,Bureau of Forestry,190,Telephone - Non-Centrex Billings,8100,8100,6100
LOCAL,0100,Corporate Fund,81,Department of Streets and Sanitation,2060,Bureau of Forestry,197,Telephone - Maintenance and Repair of Equipment and Voicemail,38,38,31
LOCAL,0100,Corporate Fund,81,Department of Streets and Sanitation,2060,Bureau of Forestry,229,Transportation and Expense Allowance,3500,3500,3500
LOCAL,0100,Corporate Fund,81,Department of Streets and Sanitation,2060,Bureau of Forestry,245,Reimbursement to Travelers,40,40,0
LOCAL,0100,Corporate Fund,81,Department of Streets and Sanitation,2060,Bureau of Forestry,313,Cleaning and Sanitation Supplies,2530,2530,2530
LOCAL,0100,Corporate Fund,81,Department of Streets and Sanitation,2060,Bureau of Forestry,319,Clothing,18000,18000,68000
LOCAL,0100,Corporate Fund,81,Department of Streets and Sanitation,2060,Bureau of Forestry,340,Material and Supplies,42445,42445,40945
LOCAL,0100,Corporate Fund,81,Department of Streets and Sanitation,2060,Bureau of Forestry,345,Apparatus and Instruments,500,500,500
LOCAL,0100,Corporate Fund,81,Department of Streets and Sanitation,2060,Bureau of Forestry,350,Stationery and Office Supplies,5400,5400,5400
LOCAL,0100,Corporate Fund,81,Department of Streets and Sanitation,2060,Bureau of Forestry,360,Repair Parts and Material,30000,30000,30000
LOCAL,0100,Corporate Fund,81,Department of Streets and Sanitation,2060,Bureau of Forestry,361,Building Materials and Supplies,1500,1500,1500
LOCAL,0100,Corporate Fund,81,Department of Streets and Sanitation,2060,Bureau of Forestry,362,Paints and Painting Supplies,800,800,800
LOCAL,0100,Corporate Fund,81,Department of Streets and Sanitation,2060,Bureau of Forestry,363,Structural Steels  Iron and Other Related Materials,270,270,270
LOCAL,0100,Corporate Fund,81,Department of Streets and Sanitation,2060,Bureau of Forestry,423,Communication Devices,900,900,900
LOCAL,0100,Corporate Fund,81,Department of Streets and Sanitation,2060,Bureau of Forestry,440,Machinery and Equipment,109901,109901,150150
LOCAL,0300,Vehicle Tax Fund,81,Department of Streets and Sanitation,2020,Bureau of Sanitation,5,Salaries and Wages - on Payroll,5218581,5218581,5160237
LOCAL,0300,Vehicle Tax Fund,81,Department of Streets and Sanitation,2020,Bureau of Sanitation,12,Contract Wage Increment - Prevailing Rate,42538,42538,48640
LOCAL,0300,Vehicle Tax Fund,81,Department of Streets and Sanitation,2020,Bureau of Sanitation,20,Overtime,20000,20000,20000
LOCAL,0300,Vehicle Tax Fund,81,Department of Streets and Sanitation,2020,Bureau of Sanitation,150,Publications and Reproduction - Outside Services to Be Expended with the Prior Approval of Graphics Services,30000,30000,30000
LOCAL,0300,Vehicle Tax Fund,81,Department of Streets and Sanitation,2020,Bureau of Sanitation,157,Rental of Equipment and Services,2208307,2208307,2208307
LOCAL,0300,Vehicle Tax Fund,81,Department of Streets and Sanitation,2020,Bureau of Sanitation,423,Communication Devices,500,500,500
LOCAL,0300,Vehicle Tax Fund,81,Department of Streets and Sanitation,2045,Bureau of Street Operations,5,Salaries and Wages - on Payroll,5383655,5383655,5816590
LOCAL,0300,Vehicle Tax Fund,81,Department of Streets and Sanitation,2045,Bureau of Street Operations,12,Contract Wage Increment - Prevailing Rate,24893,24893,39143
LOCAL,0300,Vehicle Tax Fund,81,Department of Streets and Sanitation,2045,Bureau of Street Operations,15,Schedule Salary Adjustments,12412,12412,5540
LOCAL,0300,Vehicle Tax Fund,81,Department of Streets and Sanitation,2045,Bureau of Street Operations,20,Overtime,1594000,1594000,1000000
LOCAL,0300,Vehicle Tax Fund,81,Department of Streets and Sanitation,2045,Bureau of Street Operations,126,Office Conveniences,4500,4500,4500
LOCAL,0300,Vehicle Tax Fund,81,Department of Streets and Sanitation,2045,Bureau of Street Operations,157,Rental of Equipment and Services,72306,72306,73098
LOCAL,0300,Vehicle Tax Fund,81,Department of Streets and Sanitation,2045,Bureau of Street Operations,159,Lease Purchase Agreements for Equipment and Machinery,1000,1000,1000
LOCAL,0300,Vehicle Tax Fund,81,Department of Streets and Sanitation,2045,Bureau of Street Operations,162,Repair/Maintenance of Equipment,5000,5000,5000
LOCAL,0300,Vehicle Tax Fund,81,Department of Streets and Sanitation,2045,Bureau of Street Operations,181,Mobile Communication Services,16000,16000,14000
LOCAL,0300,Vehicle Tax Fund,81,Department of Streets and Sanitation,2045,Bureau of Street Operations,185,Waste Disposal Services,1745000,1745000,1745000
LOCAL,0300,Vehicle Tax Fund,81,Department of Streets and Sanitation,2045,Bureau of Street Operations,190,Telephone - Non-Centrex Billings,20500,20500,15700
LOCAL,0300,Vehicle Tax Fund,81,Department of Streets and Sanitation,2045,Bureau of Street Operations,196,Data Circuits,10100,10100,6700
LOCAL,0300,Vehicle Tax Fund,81,Department of Streets and Sanitation,2045,Bureau of Street Operations,197,Telephone - Maintenance and Repair of Equipment and Voicemail,1780,1780,1678
LOCAL,0300,Vehicle Tax Fund,81,Department of Streets and Sanitation,2045,Bureau of Street Operations,313,Cleaning and Sanitation Supplies,1250,1250,1250
LOCAL,0300,Vehicle Tax Fund,81,Department of Streets and Sanitation,2045,Bureau of Street Operations,340,Material and Supplies,190341,190341,190341
LOCAL,0300,Vehicle Tax Fund,81,Department of Streets and Sanitation,2045,Bureau of Street Operations,341,Chemicals,30000,30000,0
LOCAL,0300,Vehicle Tax Fund,81,Department of Streets and Sanitation,2045,Bureau of Street Operations,350,Stationery and Office Supplies,10000,10000,10000
LOCAL,0300,Vehicle Tax Fund,81,Department of Streets and Sanitation,2045,Bureau of Street Operations,401,Tools Less Than or Equal to $100/Unit,22000,22000,22000
LOCAL,0300,Vehicle Tax Fund,81,Department of Streets and Sanitation,2045,Bureau of Street Operations,402,Tools Greater Than $100/Unit,11700,11700,11700
LOCAL,0300,Vehicle Tax Fund,81,Department of Streets and Sanitation,2045,Bureau of Street Operations,423,Communication Devices,0,0,17450
LOCAL,0300,Vehicle Tax Fund,81,Department of Streets and Sanitation,2045,Bureau of Street Operations,9438,For Services Provided by the Department of Fleet and Facilities Management,5000,5000,5000
LOCAL,0300,Vehicle Tax Fund,81,Department of Streets and Sanitation,2070,Bureau of Traffic Services,5,Salaries and Wages - on Payroll,13166874,13166874,13627019
LOCAL,0300,Vehicle Tax Fund,81,Department of Streets and Sanitation,2070,Bureau of Traffic Services,12,Contract Wage Increment - Prevailing Rate,74377,74377,78375
LOCAL,0300,Vehicle Tax Fund,81,Department of Streets and Sanitation,2070,Bureau of Traffic Services,15,Schedule Salary Adjustments,22670,22670,29835
LOCAL,0300,Vehicle Tax Fund,81,Department of Streets and Sanitation,2070,Bureau of Traffic Services,20,Overtime,600000,600000,600000
LOCAL,0300,Vehicle Tax Fund,81,Department of Streets and Sanitation,2070,Bureau of Traffic Services,91,Uniform Allowance,22500,22500,22500
LOCAL,0300,Vehicle Tax Fund,81,Department of Streets and Sanitation,2070,Bureau of Traffic Services,126,Office Conveniences,2350,2350,2350
LOCAL,0300,Vehicle Tax Fund,81,Department of Streets and Sanitation,2070,Bureau of Traffic Services,130,Postage,538800,538800,488000
LOCAL,0300,Vehicle Tax Fund,81,Department of Streets and Sanitation,2070,Bureau of Traffic Services,140,For Professional and Technical Services and Other Third Party Benefit Agreements,8825000,8825000,9044700
LOCAL,0300,Vehicle Tax Fund,81,Department of Streets and Sanitation,2070,Bureau of Traffic Services,150,Publications and Reproduction - Outside Services to Be Expended with the Prior Approval of Graphics Services,6800,6800,8000
LOCAL,0300,Vehicle Tax Fund,81,Department of Streets and Sanitation,2070,Bureau of Traffic Services,157,Rental of Equipment and Services,63700,63700,62450
LOCAL,0300,Vehicle Tax Fund,81,Department of Streets and Sanitation,2070,Bureau of Traffic Services,162,Repair/Maintenance of Equipment,26950,26950,32500
LOCAL,0300,Vehicle Tax Fund,81,Department of Streets and Sanitation,2070,Bureau of Traffic Services,166,Dues  Subscriptions and Memberships,200,200,0
LOCAL,0300,Vehicle Tax Fund,81,Department of Streets and Sanitation,2070,Bureau of Traffic Services,181,Mobile Communication Services,265000,265000,235000
LOCAL,0300,Vehicle Tax Fund,81,Department of Streets and Sanitation,2070,Bureau of Traffic Services,188,Vehicle Tracking Service,51363,51363,0
LOCAL,0300,Vehicle Tax Fund,81,Department of Streets and Sanitation,2070,Bureau of Traffic Services,189,Telephone - Non-Centrex Billings,2700,2700,2750
LOCAL,0300,Vehicle Tax Fund,81,Department of Streets and Sanitation,2070,Bureau of Traffic Services,190,Telephone - Non-Centrex Billings,15000,15000,11800
LOCAL,0300,Vehicle Tax Fund,81,Department of Streets and Sanitation,2070,Bureau of Traffic Services,197,Telephone - Maintenance and Repair of Equipment and Voicemail,25,25,0
LOCAL,0300,Vehicle Tax Fund,81,Department of Streets and Sanitation,2070,Bureau of Traffic Services,313,Cleaning and Sanitation Supplies,700,700,700
LOCAL,0300,Vehicle Tax Fund,81,Department of Streets and Sanitation,2070,Bureau of Traffic Services,319,Clothing,1400,1400,2500
LOCAL,0300,Vehicle Tax Fund,81,Department of Streets and Sanitation,2070,Bureau of Traffic Services,340,Material and Supplies,94500,94500,94850
LOCAL,0300,Vehicle Tax Fund,81,Department of Streets and Sanitation,2070,Bureau of Traffic Services,350,Stationery and Office Supplies,37000,37000,33000
LOCAL,0300,Vehicle Tax Fund,81,Department of Streets and Sanitation,2070,Bureau of Traffic Services,992,Tow Storage Refunds,500000,500000,400000
LOCAL,0300,Vehicle Tax Fund,81,Department of Streets and Sanitation,2070,Bureau of Traffic Services,9438,For Services Provided by the Department of Fleet and Facilities Management,28000,28000,28000
LOCAL,0310,Motor Fuel Tax Fund,81,Department of Streets and Sanitation,2045,Bureau of Street Operations,340,Material and Supplies,12657200,12657200,13052000
LOCAL,0B32,Garbage Collection Fund,81,Department of Streets and Sanitation,2020,Bureau of Sanitation,5,Salaries and Wages - on Payroll,58542225,58542225,58473139
LOCAL,0B32,Garbage Collection Fund,81,Department of Streets and Sanitation,2020,Bureau of Sanitation,12,Contract Wage Increment - Prevailing Rate,224478,224478,394495
LOCAL,0B32,Garbage Collection Fund,81,Department of Streets and Sanitation,2020,Bureau of Sanitation,15,Schedule Salary Adjustments,85664,85664,84830
LOCAL,0B32,Garbage Collection Fund,81,Department of Streets and Sanitation,2020,Bureau of Sanitation,20,Overtime,1277970,1277970,1277970
LOCAL,0100,Corporate Fund,84,Chicago Department of Transportation,2105,Commissioner's Office,5,Salaries and Wages - on Payroll,2766725,2766725,2750763
LOCAL,0100,Corporate Fund,84,Chicago Department of Transportation,2105,Commissioner's Office,15,Schedule Salary Adjustments,5260,5260,6485
LOCAL,0100,Corporate Fund,84,Chicago Department of Transportation,2105,Commissioner's Office,130,Postage,750,750,550
LOCAL,0100,Corporate Fund,84,Chicago Department of Transportation,2105,Commissioner's Office,140,For Professional and Technical Services and Other Third Party Benefit Agreements,66000,66000,66000
LOCAL,0100,Corporate Fund,84,Chicago Department of Transportation,2105,Commissioner's Office,159,Lease Purchase Agreements for Equipment and Machinery,15319,15319,15319
LOCAL,0100,Corporate Fund,84,Chicago Department of Transportation,2105,Commissioner's Office,166,Dues  Subscriptions and Memberships,102543,102543,102543
LOCAL,0100,Corporate Fund,84,Chicago Department of Transportation,2105,Commissioner's Office,168,Educational Development through Cooperative Education Program and Apprenticeship Program,0,0,8000
LOCAL,0100,Corporate Fund,84,Chicago Department of Transportation,2105,Commissioner's Office,178,Freight and Express Charges,250,250,250
LOCAL,0100,Corporate Fund,84,Chicago Department of Transportation,2105,Commissioner's Office,181,Mobile Communication Services,12751,12751,11600
LOCAL,0100,Corporate Fund,84,Chicago Department of Transportation,2105,Commissioner's Office,190,Telephone - Non-Centrex Billings,10622,10622,7100
LOCAL,0100,Corporate Fund,84,Chicago Department of Transportation,2105,Commissioner's Office,191,Telephone - Relocations of Phone Lines,400,400,400
LOCAL,0100,Corporate Fund,84,Chicago Department of Transportation,2105,Commissioner's Office,197,Telephone - Maintenance and Repair of Equipment and Voicemail,20,20,18
LOCAL,0100,Corporate Fund,84,Chicago Department of Transportation,2105,Commissioner's Office,245,Reimbursement to Travelers,2500,2500,2500
LOCAL,0100,Corporate Fund,84,Chicago Department of Transportation,2105,Commissioner's Office,270,Local Transportation,200,200,200
LOCAL,0100,Corporate Fund,84,Chicago Department of Transportation,2105,Commissioner's Office,340,Material and Supplies,1600,1600,1600
LOCAL,0100,Corporate Fund,84,Chicago Department of Transportation,2105,Commissioner's Office,350,Stationery and Office Supplies,5500,5500,5500
LOCAL,0100,Corporate Fund,84,Chicago Department of Transportation,2105,Commissioner's Office,931,For the Payment of Tort and Non-Tort Judgments  Outside Counsel Expenses and Expert Costs  as Approved by the Corporation Counsel,1300000,1300000,1300000
LOCAL,0100,Corporate Fund,84,Chicago Department of Transportation,2115,Division of Administration,5,Salaries and Wages - on Payroll,4823069,4823069,4901622
LOCAL,0100,Corporate Fund,84,Chicago Department of Transportation,2115,Division of Administration,12,Contract Wage Increment - Prevailing Rate,1104,1104,1173
LOCAL,0100,Corporate Fund,84,Chicago Department of Transportation,2115,Division of Administration,15,Schedule Salary Adjustments,18408,18408,33289
LOCAL,0100,Corporate Fund,84,Chicago Department of Transportation,2115,Division of Administration,39,For the Employment of Students as Trainees,10000,10000,5000
LOCAL,0100,Corporate Fund,84,Chicago Department of Transportation,2115,Division of Administration,130,Postage,500,500,250
LOCAL,0100,Corporate Fund,84,Chicago Department of Transportation,2115,Division of Administration,140,For Professional and Technical Services and Other Third Party Benefit Agreements,97750,97750,80750
LOCAL,0100,Corporate Fund,84,Chicago Department of Transportation,2115,Division of Administration,150,Publications and Reproduction - Outside Services to Be Expended with the Prior Approval of Graphics Services,1000,1000,1000
LOCAL,0100,Corporate Fund,84,Chicago Department of Transportation,2115,Division of Administration,152,Advertising,500,500,250
LOCAL,0100,Corporate Fund,84,Chicago Department of Transportation,2115,Division of Administration,159,Lease Purchase Agreements for Equipment and Machinery,17365,17365,17365
LOCAL,0100,Corporate Fund,84,Chicago Department of Transportation,2115,Division of Administration,160,Repair or Maintenance of Property,6250,6250,0
LOCAL,0100,Corporate Fund,84,Chicago Department of Transportation,2115,Division of Administration,166,Dues  Subscriptions and Memberships,1500,1500,400
LOCAL,0100,Corporate Fund,84,Chicago Department of Transportation,2115,Division of Administration,168,Educational Development through Cooperative Education Program and Apprenticeship Program,2400,2400,2400
LOCAL,0100,Corporate Fund,84,Chicago Department of Transportation,2115,Division of Administration,171,Miscellaneous Supplies,850,850,0
LOCAL,0100,Corporate Fund,84,Chicago Department of Transportation,2115,Division of Administration,178,Freight and Express Charges,300,300,300
LOCAL,0100,Corporate Fund,84,Chicago Department of Transportation,2115,Division of Administration,181,Mobile Communication Services,15190,15190,15120
LOCAL,0100,Corporate Fund,84,Chicago Department of Transportation,2115,Division of Administration,190,Telephone - Non-Centrex Billings,22700,22700,15500
LOCAL,0100,Corporate Fund,84,Chicago Department of Transportation,2115,Division of Administration,191,Telephone - Relocations of Phone Lines,500,500,500
LOCAL,0100,Corporate Fund,84,Chicago Department of Transportation,2115,Division of Administration,197,Telephone - Maintenance and Repair of Equipment and Voicemail,720,720,655
LOCAL,0100,Corporate Fund,84,Chicago Department of Transportation,2115,Division of Administration,270,Local Transportation,300,300,300
LOCAL,0100,Corporate Fund,84,Chicago Department of Transportation,2115,Division of Administration,348,Books and Related Material,2200,2200,2200
LOCAL,0100,Corporate Fund,84,Chicago Department of Transportation,2115,Division of Administration,350,Stationery and Office Supplies,12000,12000,12000
LOCAL,0100,Corporate Fund,84,Chicago Department of Transportation,2125,Division of Engineering,140,For Professional and Technical Services and Other Third Party Benefit Agreements,1791330,1791330,1991330
LOCAL,0100,Corporate Fund,84,Chicago Department of Transportation,2130,Division of Traffic Safety,5,Salaries and Wages - on Payroll,932986,932986,971163
LOCAL,0100,Corporate Fund,84,Chicago Department of Transportation,2130,Division of Traffic Safety,15,Schedule Salary Adjustments,3055,3055,3133
LOCAL,0100,Corporate Fund,84,Chicago Department of Transportation,2130,Division of Traffic Safety,130,Postage,250,250,0
LOCAL,0100,Corporate Fund,84,Chicago Department of Transportation,2130,Division of Traffic Safety,138,For Professional Services for Information Technology Maintenance,6000,6000,6000
LOCAL,0100,Corporate Fund,84,Chicago Department of Transportation,2130,Division of Traffic Safety,140,For Professional and Technical Services and Other Third Party Benefit Agreements,101000,101000,200300
LOCAL,0100,Corporate Fund,84,Chicago Department of Transportation,2130,Division of Traffic Safety,149,For Software Maintenance and Licensing,5000,5000,5000
LOCAL,0100,Corporate Fund,84,Chicago Department of Transportation,2130,Division of Traffic Safety,159,Lease Purchase Agreements for Equipment and Machinery,1400,1400,1400
LOCAL,0100,Corporate Fund,84,Chicago Department of Transportation,2130,Division of Traffic Safety,162,Repair/Maintenance of Equipment,14486360,14486360,15167117
LOCAL,0100,Corporate Fund,84,Chicago Department of Transportation,2130,Division of Traffic Safety,166,Dues  Subscriptions and Memberships,2600,2600,2100
LOCAL,0100,Corporate Fund,84,Chicago Department of Transportation,2130,Division of Traffic Safety,169,Technical Meeting Costs,2500,2500,2000
LOCAL,0100,Corporate Fund,84,Chicago Department of Transportation,2130,Division of Traffic Safety,181,Mobile Communication Services,3090,3090,3045
LOCAL,0100,Corporate Fund,84,Chicago Department of Transportation,2130,Division of Traffic Safety,229,Transportation and Expense Allowance,300,300,0
LOCAL,0100,Corporate Fund,84,Chicago Department of Transportation,2130,Division of Traffic Safety,245,Reimbursement to Travelers,0,0,2500
LOCAL,0100,Corporate Fund,84,Chicago Department of Transportation,2130,Division of Traffic Safety,345,Apparatus and Instruments,2000,2000,0
LOCAL,0100,Corporate Fund,84,Chicago Department of Transportation,2130,Division of Traffic Safety,348,Books and Related Material,1100,1100,350
LOCAL,0100,Corporate Fund,84,Chicago Department of Transportation,2130,Division of Traffic Safety,350,Stationery and Office Supplies,2000,2000,2000
LOCAL,0100,Corporate Fund,84,Chicago Department of Transportation,2140,Division of Sign Management,5,Salaries and Wages - on Payroll,3333691,3333691,3507104
LOCAL,0100,Corporate Fund,84,Chicago Department of Transportation,2140,Division of Sign Management,12,Contract Wage Increment - Prevailing Rate,20964,20964,29421
LOCAL,0100,Corporate Fund,84,Chicago Department of Transportation,2140,Division of Sign Management,15,Schedule Salary Adjustments,15885,15885,8755
LOCAL,0100,Corporate Fund,84,Chicago Department of Transportation,2140,Division of Sign Management,20,Overtime,29442,29442,29442
LOCAL,0100,Corporate Fund,84,Chicago Department of Transportation,2140,Division of Sign Management,130,Postage,200,200,200
LOCAL,0100,Corporate Fund,84,Chicago Department of Transportation,2140,Division of Sign Management,140,For Professional and Technical Services and Other Third Party Benefit Agreements,400000,400000,400000
LOCAL,0100,Corporate Fund,84,Chicago Department of Transportation,2140,Division of Sign Management,149,For Software Maintenance and Licensing,9000,9000,9000
LOCAL,0100,Corporate Fund,84,Chicago Department of Transportation,2140,Division of Sign Management,159,Lease Purchase Agreements for Equipment and Machinery,5540,5540,5540
LOCAL,0100,Corporate Fund,84,Chicago Department of Transportation,2140,Division of Sign Management,160,Repair or Maintenance of Property,5500,5500,5500
LOCAL,0100,Corporate Fund,84,Chicago Department of Transportation,2140,Division of Sign Management,162,Repair/Maintenance of Equipment,8250,8250,4000
LOCAL,0100,Corporate Fund,84,Chicago Department of Transportation,2140,Division of Sign Management,181,Mobile Communication Services,30209,30209,28200
LOCAL,0100,Corporate Fund,84,Chicago Department of Transportation,2140,Division of Sign Management,185,Waste Disposal Services,3000,3000,3000
LOCAL,0100,Corporate Fund,84,Chicago Department of Transportation,2140,Division of Sign Management,188,Vehicle Tracking Service,4272,4272,0
LOCAL,0100,Corporate Fund,84,Chicago Department of Transportation,2140,Division of Sign Management,319,Clothing,1300,1300,1300
LOCAL,0100,Corporate Fund,84,Chicago Department of Transportation,2140,Division of Sign Management,340,Material and Supplies,486283,486283,486283
LOCAL,0100,Corporate Fund,84,Chicago Department of Transportation,2140,Division of Sign Management,350,Stationery and Office Supplies,6400,6400,6400
LOCAL,0100,Corporate Fund,84,Chicago Department of Transportation,2140,Division of Sign Management,362,Paints and Painting Supplies,40000,40000,40000
LOCAL,0100,Corporate Fund,84,Chicago Department of Transportation,2140,Division of Sign Management,440,Machinery and Equipment,22800,22800,2800
LOCAL,0100,Corporate Fund,84,Chicago Department of Transportation,2140,Division of Sign Management,446,For the Purchase of Data Processing  Office Automation and Data Communication Hardware,5000,5000,1000
LOCAL,0100,Corporate Fund,84,Chicago Department of Transportation,2145,Division of Project Development,5,Salaries and Wages - on Payroll,3162348,3162348,3238500
LOCAL,0100,Corporate Fund,84,Chicago Department of Transportation,2145,Division of Project Development,15,Schedule Salary Adjustments,8751,8751,8139
LOCAL,0100,Corporate Fund,84,Chicago Department of Transportation,2145,Division of Project Development,130,Postage,500,500,250
LOCAL,0100,Corporate Fund,84,Chicago Department of Transportation,2145,Division of Project Development,140,For Professional and Technical Services and Other Third Party Benefit Agreements,668371,668371,872371
LOCAL,0100,Corporate Fund,84,Chicago Department of Transportation,2145,Division of Project Development,149,For Software Maintenance and Licensing,14000,14000,20000
LOCAL,0100,Corporate Fund,84,Chicago Department of Transportation,2145,Division of Project Development,150,Publications and Reproduction - Outside Services to Be Expended with the Prior Approval of Graphics Services,950,950,950
LOCAL,0100,Corporate Fund,84,Chicago Department of Transportation,2145,Division of Project Development,152,Advertising,1250,1250,1250
LOCAL,0100,Corporate Fund,84,Chicago Department of Transportation,2145,Division of Project Development,153,Promotions,2000,2000,2000
LOCAL,0100,Corporate Fund,84,Chicago Department of Transportation,2145,Division of Project Development,157,Rental of Equipment and Services,13500,13500,13500
LOCAL,0100,Corporate Fund,84,Chicago Department of Transportation,2145,Division of Project Development,159,Lease Purchase Agreements for Equipment and Machinery,23286,23286,23286
LOCAL,0100,Corporate Fund,84,Chicago Department of Transportation,2145,Division of Project Development,162,Repair/Maintenance of Equipment,8932,8932,8932
LOCAL,0100,Corporate Fund,84,Chicago Department of Transportation,2145,Division of Project Development,166,Dues  Subscriptions and Memberships,32589,32589,37635
LOCAL,0100,Corporate Fund,84,Chicago Department of Transportation,2145,Division of Project Development,169,Technical Meeting Costs,1700,1700,1700
LOCAL,0100,Corporate Fund,84,Chicago Department of Transportation,2145,Division of Project Development,178,Freight and Express Charges,200,200,200
LOCAL,0100,Corporate Fund,84,Chicago Department of Transportation,2145,Division of Project Development,181,Mobile Communication Services,5253,5253,5000
LOCAL,0100,Corporate Fund,84,Chicago Department of Transportation,2145,Division of Project Development,190,Telephone - Non-Centrex Billings,13300,13300,8700
LOCAL,0100,Corporate Fund,84,Chicago Department of Transportation,2145,Division of Project Development,197,Telephone - Maintenance and Repair of Equipment and Voicemail,58,58,51
LOCAL,0100,Corporate Fund,84,Chicago Department of Transportation,2145,Division of Project Development,245,Reimbursement to Travelers,2100,2100,2100
LOCAL,0100,Corporate Fund,84,Chicago Department of Transportation,2145,Division of Project Development,270,Local Transportation,50,50,150
LOCAL,0100,Corporate Fund,84,Chicago Department of Transportation,2145,Division of Project Development,312,Software Purchases,45000,45000,22200
LOCAL,0100,Corporate Fund,84,Chicago Department of Transportation,2145,Division of Project Development,345,Apparatus and Instruments,8200,8200,0
LOCAL,0100,Corporate Fund,84,Chicago Department of Transportation,2145,Division of Project Development,348,Books and Related Material,400,400,400
LOCAL,0100,Corporate Fund,84,Chicago Department of Transportation,2145,Division of Project Development,350,Stationery and Office Supplies,7550,7550,7250
LOCAL,0100,Corporate Fund,84,Chicago Department of Transportation,2145,Division of Project Development,9142,Ex-Offender/Re-Entry Initiatives,250000,250000,250000
LOCAL,0100,Corporate Fund,84,Chicago Department of Transportation,2150,Division of Electrical Operations,5,Salaries and Wages - on Payroll,7825750,7825750,8080611
LOCAL,0100,Corporate Fund,84,Chicago Department of Transportation,2150,Division of Electrical Operations,12,Contract Wage Increment - Prevailing Rate,76015,76015,97807
LOCAL,0100,Corporate Fund,84,Chicago Department of Transportation,2150,Division of Electrical Operations,15,Schedule Salary Adjustments,4858,4858,3156
LOCAL,0100,Corporate Fund,84,Chicago Department of Transportation,2150,Division of Electrical Operations,20,Overtime,148775,148775,148775
LOCAL,0100,Corporate Fund,84,Chicago Department of Transportation,2150,Division of Electrical Operations,39,For the Employment of Students as Trainees,4000,4000,0
LOCAL,0100,Corporate Fund,84,Chicago Department of Transportation,2150,Division of Electrical Operations,130,Postage,294,294,200
LOCAL,0100,Corporate Fund,84,Chicago Department of Transportation,2150,Division of Electrical Operations,149,For Software Maintenance and Licensing,7000,7000,2000
LOCAL,0100,Corporate Fund,84,Chicago Department of Transportation,2150,Division of Electrical Operations,157,Rental of Equipment and Services,38060,38060,38060
LOCAL,0100,Corporate Fund,84,Chicago Department of Transportation,2150,Division of Electrical Operations,159,Lease Purchase Agreements for Equipment and Machinery,22583,22583,25451
LOCAL,0100,Corporate Fund,84,Chicago Department of Transportation,2150,Division of Electrical Operations,162,Repair/Maintenance of Equipment,28398,28398,28398
LOCAL,0100,Corporate Fund,84,Chicago Department of Transportation,2150,Division of Electrical Operations,181,Mobile Communication Services,12637,12637,12000
LOCAL,0100,Corporate Fund,84,Chicago Department of Transportation,2150,Division of Electrical Operations,188,Vehicle Tracking Service,32771,32771,5696
LOCAL,0100,Corporate Fund,84,Chicago Department of Transportation,2150,Division of Electrical Operations,189,Telephone - Non-Centrex Billings,2300,2300,2500
LOCAL,0100,Corporate Fund,84,Chicago Department of Transportation,2150,Division of Electrical Operations,190,Telephone - Non-Centrex Billings,56000,56000,52800
LOCAL,0100,Corporate Fund,84,Chicago Department of Transportation,2150,Division of Electrical Operations,196,Data Circuits,64300,64300,16500
LOCAL,0100,Corporate Fund,84,Chicago Department of Transportation,2150,Division of Electrical Operations,197,Telephone - Maintenance and Repair of Equipment and Voicemail,180,180,162
LOCAL,0100,Corporate Fund,84,Chicago Department of Transportation,2150,Division of Electrical Operations,229,Transportation and Expense Allowance,16000,16000,14000
LOCAL,0100,Corporate Fund,84,Chicago Department of Transportation,2150,Division of Electrical Operations,319,Clothing,5600,5600,5600
LOCAL,0100,Corporate Fund,84,Chicago Department of Transportation,2150,Division of Electrical Operations,340,Material and Supplies,548070,548070,504670
LOCAL,0100,Corporate Fund,84,Chicago Department of Transportation,2150,Division of Electrical Operations,350,Stationery and Office Supplies,8955,8955,7900
LOCAL,0100,Corporate Fund,84,Chicago Department of Transportation,2150,Division of Electrical Operations,446,For the Purchase of Data Processing  Office Automation and Data Communication Hardware,21000,21000,10000
LOCAL,0100,Corporate Fund,84,Chicago Department of Transportation,2155,Division of In-House Construction,5,Salaries and Wages - on Payroll,10767278,10767278,11181466
LOCAL,0100,Corporate Fund,84,Chicago Department of Transportation,2155,Division of In-House Construction,12,Contract Wage Increment - Prevailing Rate,83199,83199,91244
LOCAL,0100,Corporate Fund,84,Chicago Department of Transportation,2155,Division of In-House Construction,15,Schedule Salary Adjustments,15964,15964,27093
LOCAL,0100,Corporate Fund,84,Chicago Department of Transportation,2155,Division of In-House Construction,20,Overtime,1648000,1648000,1500000
LOCAL,0100,Corporate Fund,84,Chicago Department of Transportation,2155,Division of In-House Construction,140,For Professional and Technical Services and Other Third Party Benefit Agreements,25000,25000,16500
LOCAL,0100,Corporate Fund,84,Chicago Department of Transportation,2155,Division of In-House Construction,157,Rental of Equipment and Services,70195,70195,70195
LOCAL,0100,Corporate Fund,84,Chicago Department of Transportation,2155,Division of In-House Construction,159,Lease Purchase Agreements for Equipment and Machinery,4488,4488,4488
LOCAL,0100,Corporate Fund,84,Chicago Department of Transportation,2155,Division of In-House Construction,160,Repair or Maintenance of Property,50000,50000,38000
LOCAL,0100,Corporate Fund,84,Chicago Department of Transportation,2155,Division of In-House Construction,162,Repair/Maintenance of Equipment,30149,30149,30149
LOCAL,0100,Corporate Fund,84,Chicago Department of Transportation,2155,Division of In-House Construction,181,Mobile Communication Services,11491,11491,11400
LOCAL,0100,Corporate Fund,84,Chicago Department of Transportation,2155,Division of In-House Construction,185,Waste Disposal Services,35365,35365,35365
LOCAL,0100,Corporate Fund,84,Chicago Department of Transportation,2155,Division of In-House Construction,188,Vehicle Tracking Service,12816,12816,12816
LOCAL,0100,Corporate Fund,84,Chicago Department of Transportation,2155,Division of In-House Construction,190,Telephone - Non-Centrex Billings,34000,34000,24000
LOCAL,0100,Corporate Fund,84,Chicago Department of Transportation,2155,Division of In-House Construction,197,Telephone - Maintenance and Repair of Equipment and Voicemail,2650,2650,1575
LOCAL,0100,Corporate Fund,84,Chicago Department of Transportation,2155,Division of In-House Construction,229,Transportation and Expense Allowance,1200,1200,0
LOCAL,0100,Corporate Fund,84,Chicago Department of Transportation,2155,Division of In-House Construction,245,Reimbursement to Travelers,50,50,50
LOCAL,0100,Corporate Fund,84,Chicago Department of Transportation,2155,Division of In-House Construction,313,Cleaning and Sanitation Supplies,2000,2000,2000
LOCAL,0100,Corporate Fund,84,Chicago Department of Transportation,2155,Division of In-House Construction,316,Gas - Bottled and Propane,16000,16000,16000
LOCAL,0100,Corporate Fund,84,Chicago Department of Transportation,2155,Division of In-House Construction,319,Clothing,5900,5900,5900
LOCAL,0100,Corporate Fund,84,Chicago Department of Transportation,2155,Division of In-House Construction,340,Material and Supplies,258161,258161,223537
LOCAL,0100,Corporate Fund,84,Chicago Department of Transportation,2155,Division of In-House Construction,350,Stationery and Office Supplies,2000,2000,2000
LOCAL,0100,Corporate Fund,84,Chicago Department of Transportation,2155,Division of In-House Construction,365,Electrical Supplies,21100,21100,21100
LOCAL,0100,Corporate Fund,84,Chicago Department of Transportation,2155,Division of In-House Construction,440,Machinery and Equipment,15325,15325,6500
LOCAL,0300,Vehicle Tax Fund,84,Chicago Department of Transportation,2125,Division of Engineering,5,Salaries and Wages - on Payroll,7270605,7270605,7721013
LOCAL,0300,Vehicle Tax Fund,84,Chicago Department of Transportation,2125,Division of Engineering,12,Contract Wage Increment - Prevailing Rate,18131,18131,24897
LOCAL,0300,Vehicle Tax Fund,84,Chicago Department of Transportation,2125,Division of Engineering,15,Schedule Salary Adjustments,15349,15349,17410
LOCAL,0300,Vehicle Tax Fund,84,Chicago Department of Transportation,2125,Division of Engineering,20,Overtime,30000,30000,30000
LOCAL,0300,Vehicle Tax Fund,84,Chicago Department of Transportation,2125,Division of Engineering,39,For the Employment of Students as Trainees,10000,10000,10000
LOCAL,0300,Vehicle Tax Fund,84,Chicago Department of Transportation,2125,Division of Engineering,140,For Professional and Technical Services and Other Third Party Benefit Agreements,2782623,2782623,6578623
LOCAL,0300,Vehicle Tax Fund,84,Chicago Department of Transportation,2125,Division of Engineering,144,Engineering and Architecture,783642,783642,858642
LOCAL,0300,Vehicle Tax Fund,84,Chicago Department of Transportation,2125,Division of Engineering,149,For Software Maintenance and Licensing,20000,20000,220000
LOCAL,0300,Vehicle Tax Fund,84,Chicago Department of Transportation,2125,Division of Engineering,150,Publications and Reproduction - Outside Services to Be Expended with the Prior Approval of Graphics Services,1000,1000,1000
LOCAL,0300,Vehicle Tax Fund,84,Chicago Department of Transportation,2125,Division of Engineering,152,Advertising,1000,1000,1000
LOCAL,0300,Vehicle Tax Fund,84,Chicago Department of Transportation,2125,Division of Engineering,159,Lease Purchase Agreements for Equipment and Machinery,21025,21025,21025
LOCAL,0300,Vehicle Tax Fund,84,Chicago Department of Transportation,2125,Division of Engineering,166,Dues  Subscriptions and Memberships,8000,8000,8500
LOCAL,0300,Vehicle Tax Fund,84,Chicago Department of Transportation,2125,Division of Engineering,169,Technical Meeting Costs,4500,4500,4500
LOCAL,0300,Vehicle Tax Fund,84,Chicago Department of Transportation,2125,Division of Engineering,181,Mobile Communication Services,16418,16418,16400
LOCAL,0300,Vehicle Tax Fund,84,Chicago Department of Transportation,2125,Division of Engineering,190,Telephone - Non-Centrex Billings,9500,9500,7000
LOCAL,0300,Vehicle Tax Fund,84,Chicago Department of Transportation,2125,Division of Engineering,197,Telephone - Maintenance and Repair of Equipment and Voicemail,40,40,37
LOCAL,0300,Vehicle Tax Fund,84,Chicago Department of Transportation,2125,Division of Engineering,229,Transportation and Expense Allowance,41378,41378,41378
LOCAL,0300,Vehicle Tax Fund,84,Chicago Department of Transportation,2125,Division of Engineering,245,Reimbursement to Travelers,5000,5000,8500
LOCAL,0300,Vehicle Tax Fund,84,Chicago Department of Transportation,2125,Division of Engineering,340,Material and Supplies,6000,6000,6000
LOCAL,0300,Vehicle Tax Fund,84,Chicago Department of Transportation,2125,Division of Engineering,350,Stationery and Office Supplies,12310,12310,12310
LOCAL,0300,Vehicle Tax Fund,84,Chicago Department of Transportation,2135,Division of Infrastructure Management,5,Salaries and Wages - on Payroll,5118203,5118203,5554884
LOCAL,0300,Vehicle Tax Fund,84,Chicago Department of Transportation,2135,Division of Infrastructure Management,15,Schedule Salary Adjustments,28477,28477,32188
LOCAL,0300,Vehicle Tax Fund,84,Chicago Department of Transportation,2135,Division of Infrastructure Management,20,Overtime,31424,31424,31424
LOCAL,0300,Vehicle Tax Fund,84,Chicago Department of Transportation,2135,Division of Infrastructure Management,39,For the Employment of Students as Trainees,10000,10000,0
LOCAL,0300,Vehicle Tax Fund,84,Chicago Department of Transportation,2135,Division of Infrastructure Management,126,Office Conveniences,300,300,300
LOCAL,0300,Vehicle Tax Fund,84,Chicago Department of Transportation,2135,Division of Infrastructure Management,130,Postage,29000,29000,23500
LOCAL,0300,Vehicle Tax Fund,84,Chicago Department of Transportation,2135,Division of Infrastructure Management,140,For Professional and Technical Services and Other Third Party Benefit Agreements,4795000,4795000,4795000
LOCAL,0300,Vehicle Tax Fund,84,Chicago Department of Transportation,2135,Division of Infrastructure Management,149,For Software Maintenance and Licensing,107769,107769,107769
LOCAL,0300,Vehicle Tax Fund,84,Chicago Department of Transportation,2135,Division of Infrastructure Management,150,Publications and Reproduction - Outside Services to Be Expended with the Prior Approval of Graphics Services,3900,3900,1900
LOCAL,0300,Vehicle Tax Fund,84,Chicago Department of Transportation,2135,Division of Infrastructure Management,152,Advertising,12000,12000,312000
LOCAL,0300,Vehicle Tax Fund,84,Chicago Department of Transportation,2135,Division of Infrastructure Management,157,Rental of Equipment and Services,7545,7545,7545
LOCAL,0300,Vehicle Tax Fund,84,Chicago Department of Transportation,2135,Division of Infrastructure Management,159,Lease Purchase Agreements for Equipment and Machinery,21333,21333,18465
LOCAL,0300,Vehicle Tax Fund,84,Chicago Department of Transportation,2135,Division of Infrastructure Management,160,Repair or Maintenance of Property,5800,5800,2600
LOCAL,0300,Vehicle Tax Fund,84,Chicago Department of Transportation,2135,Division of Infrastructure Management,162,Repair/Maintenance of Equipment,28628,28628,18628
LOCAL,0300,Vehicle Tax Fund,84,Chicago Department of Transportation,2135,Division of Infrastructure Management,166,Dues  Subscriptions and Memberships,1500,1500,1500
LOCAL,0300,Vehicle Tax Fund,84,Chicago Department of Transportation,2135,Division of Infrastructure Management,179,Messenger Service,450,450,0
LOCAL,0300,Vehicle Tax Fund,84,Chicago Department of Transportation,2135,Division of Infrastructure Management,181,Mobile Communication Services,34506,34506,34500
LOCAL,0300,Vehicle Tax Fund,84,Chicago Department of Transportation,2135,Division of Infrastructure Management,188,Vehicle Tracking Service,2274,2274,0
LOCAL,0300,Vehicle Tax Fund,84,Chicago Department of Transportation,2135,Division of Infrastructure Management,190,Telephone - Non-Centrex Billings,32300,32300,22500
LOCAL,0300,Vehicle Tax Fund,84,Chicago Department of Transportation,2135,Division of Infrastructure Management,196,Data Circuits,6600,6600,5900
LOCAL,0300,Vehicle Tax Fund,84,Chicago Department of Transportation,2135,Division of Infrastructure Management,197,Telephone - Maintenance and Repair of Equipment and Voicemail,5375,5375,5375
LOCAL,0300,Vehicle Tax Fund,84,Chicago Department of Transportation,2135,Division of Infrastructure Management,229,Transportation and Expense Allowance,92300,92300,80000
LOCAL,0300,Vehicle Tax Fund,84,Chicago Department of Transportation,2135,Division of Infrastructure Management,245,Reimbursement to Travelers,7989,7989,7989
LOCAL,0300,Vehicle Tax Fund,84,Chicago Department of Transportation,2135,Division of Infrastructure Management,270,Local Transportation,500,500,0
LOCAL,0300,Vehicle Tax Fund,84,Chicago Department of Transportation,2135,Division of Infrastructure Management,313,Cleaning and Sanitation Supplies,1600,1600,1600
LOCAL,0300,Vehicle Tax Fund,84,Chicago Department of Transportation,2135,Division of Infrastructure Management,319,Clothing,11000,11000,11000
LOCAL,0300,Vehicle Tax Fund,84,Chicago Department of Transportation,2135,Division of Infrastructure Management,340,Material and Supplies,14500,14500,14500
LOCAL,0300,Vehicle Tax Fund,84,Chicago Department of Transportation,2135,Division of Infrastructure Management,348,Books and Related Material,1050,1050,1050
LOCAL,0300,Vehicle Tax Fund,84,Chicago Department of Transportation,2135,Division of Infrastructure Management,350,Stationery and Office Supplies,11000,11000,11000
LOCAL,0300,Vehicle Tax Fund,84,Chicago Department of Transportation,2135,Division of Infrastructure Management,9438,For Services Provided by the Department of Fleet and Facilities Management,4000,4000,4000
LOCAL,0300,Vehicle Tax Fund,84,Chicago Department of Transportation,2150,Division of Electrical Operations,140,For Professional and Technical Services and Other Third Party Benefit Agreements,1464770,1464770,1464770
LOCAL,0300,Vehicle Tax Fund,84,Chicago Department of Transportation,2150,Division of Electrical Operations,157,Rental of Equipment and Services,4500,4500,4500
LOCAL,0300,Vehicle Tax Fund,84,Chicago Department of Transportation,2150,Division of Electrical Operations,159,Lease Purchase Agreements for Equipment and Machinery,7060,7060,7060
LOCAL,0300,Vehicle Tax Fund,84,Chicago Department of Transportation,2150,Division of Electrical Operations,162,Repair/Maintenance of Equipment,12000,12000,12000
LOCAL,0300,Vehicle Tax Fund,84,Chicago Department of Transportation,2150,Division of Electrical Operations,181,Mobile Communication Services,43980,43980,43100
LOCAL,0300,Vehicle Tax Fund,84,Chicago Department of Transportation,2150,Division of Electrical Operations,188,Vehicle Tracking Service,15095,15095,15095
LOCAL,0300,Vehicle Tax Fund,84,Chicago Department of Transportation,2150,Division of Electrical Operations,229,Transportation and Expense Allowance,117560,117560,117560
LOCAL,0300,Vehicle Tax Fund,84,Chicago Department of Transportation,2150,Division of Electrical Operations,319,Clothing,5830,5830,5830
LOCAL,0300,Vehicle Tax Fund,84,Chicago Department of Transportation,2150,Division of Electrical Operations,340,Material and Supplies,1239880,1239880,1019880
LOCAL,0300,Vehicle Tax Fund,84,Chicago Department of Transportation,2150,Division of Electrical Operations,350,Stationery and Office Supplies,8000,8000,8000
LOCAL,0300,Vehicle Tax Fund,84,Chicago Department of Transportation,2150,Division of Electrical Operations,440,Machinery and Equipment,3250,3250,3250
LOCAL,0300,Vehicle Tax Fund,84,Chicago Department of Transportation,2155,Division of In-House Construction,5,Salaries and Wages - on Payroll,42579133,42579133,45441914
LOCAL,0300,Vehicle Tax Fund,84,Chicago Department of Transportation,2155,Division of In-House Construction,12,Contract Wage Increment - Prevailing Rate,299930,299930,404633
LOCAL,0300,Vehicle Tax Fund,84,Chicago Department of Transportation,2155,Division of In-House Construction,15,Schedule Salary Adjustments,5234,5234,3685
LOCAL,0300,Vehicle Tax Fund,84,Chicago Department of Transportation,2155,Division of In-House Construction,20,Overtime,702000,702000,702000
LOCAL,0300,Vehicle Tax Fund,84,Chicago Department of Transportation,2155,Division of In-House Construction,40,For Adjustments in Wages of Per Diem Employees to Conform with Prevailing Rates,51407,51407,51407
LOCAL,0300,Vehicle Tax Fund,84,Chicago Department of Transportation,2155,Division of In-House Construction,140,For Professional and Technical Services and Other Third Party Benefit Agreements,24800,24800,18000
LOCAL,0300,Vehicle Tax Fund,84,Chicago Department of Transportation,2155,Division of In-House Construction,157,Rental of Equipment and Services,75300,75300,75300
LOCAL,0300,Vehicle Tax Fund,84,Chicago Department of Transportation,2155,Division of In-House Construction,159,Lease Purchase Agreements for Equipment and Machinery,12920,12920,12920
LOCAL,0300,Vehicle Tax Fund,84,Chicago Department of Transportation,2155,Division of In-House Construction,160,Repair or Maintenance of Property,32891,32891,14000
LOCAL,0300,Vehicle Tax Fund,84,Chicago Department of Transportation,2155,Division of In-House Construction,162,Repair/Maintenance of Equipment,15000,15000,8000
LOCAL,0300,Vehicle Tax Fund,84,Chicago Department of Transportation,2155,Division of In-House Construction,181,Mobile Communication Services,117855,117855,116200
LOCAL,0300,Vehicle Tax Fund,84,Chicago Department of Transportation,2155,Division of In-House Construction,185,Waste Disposal Services,98823,98823,98823
LOCAL,0300,Vehicle Tax Fund,84,Chicago Department of Transportation,2155,Division of In-House Construction,188,Vehicle Tracking Service,17658,17658,17658
LOCAL,0300,Vehicle Tax Fund,84,Chicago Department of Transportation,2155,Division of In-House Construction,190,Telephone - Non-Centrex Billings,26700,26700,19500
LOCAL,0300,Vehicle Tax Fund,84,Chicago Department of Transportation,2155,Division of In-House Construction,197,Telephone - Maintenance and Repair of Equipment and Voicemail,80,80,70
LOCAL,0300,Vehicle Tax Fund,84,Chicago Department of Transportation,2155,Division of In-House Construction,229,Transportation and Expense Allowance,18500,18500,18500
LOCAL,0300,Vehicle Tax Fund,84,Chicago Department of Transportation,2155,Division of In-House Construction,340,Material and Supplies,3130573,3130573,2301844
LOCAL,0300,Vehicle Tax Fund,84,Chicago Department of Transportation,2155,Division of In-House Construction,350,Stationery and Office Supplies,10500,10500,10500
LOCAL,0300,Vehicle Tax Fund,84,Chicago Department of Transportation,2155,Division of In-House Construction,9481,For Services Provided by the Department of Streets and Sanitation,35000,35000,35000
LOCAL,0310,Motor Fuel Tax Fund,84,Chicago Department of Transportation,2125,Division of Engineering,140,For Professional and Technical Services and Other Third Party Benefit Agreements,2100000,2100000,0
LOCAL,0310,Motor Fuel Tax Fund,84,Chicago Department of Transportation,2125,Division of Engineering,144,Engineering and Architecture,900000,900000,900000
LOCAL,0310,Motor Fuel Tax Fund,84,Chicago Department of Transportation,2150,Division of Electrical Operations,5,Salaries and Wages - on Payroll,16295146,16295146,17768306
LOCAL,0310,Motor Fuel Tax Fund,84,Chicago Department of Transportation,2150,Division of Electrical Operations,12,Contract Wage Increment - Prevailing Rate,204560,204560,262564
LOCAL,0310,Motor Fuel Tax Fund,84,Chicago Department of Transportation,2150,Division of Electrical Operations,20,Overtime,1250000,1250000,1250000
LOCAL,0310,Motor Fuel Tax Fund,84,Chicago Department of Transportation,2150,Division of Electrical Operations,340,Material and Supplies,2250825,2250825,2250825
LOCAL,0310,Motor Fuel Tax Fund,84,Chicago Department of Transportation,2155,Division of In-House Construction,5,Salaries and Wages - on Payroll,7510429,7510429,7899549
LOCAL,0310,Motor Fuel Tax Fund,84,Chicago Department of Transportation,2155,Division of In-House Construction,12,Contract Wage Increment - Prevailing Rate,56446,56446,93318
LOCAL,0310,Motor Fuel Tax Fund,84,Chicago Department of Transportation,2155,Division of In-House Construction,140,For Professional and Technical Services and Other Third Party Benefit Agreements,1088000,1088000,1088000
LOCAL,0310,Motor Fuel Tax Fund,84,Chicago Department of Transportation,2155,Division of In-House Construction,340,Material and Supplies,3119761,3119761,3907991
LOCAL,0610,Chicago Midway Airport Fund,85,Chicago Department of Aviation,2010,Chicago Midway Airport,5,Salaries and Wages - on Payroll,17578546,17578546,18708655
LOCAL,0610,Chicago Midway Airport Fund,85,Chicago Department of Aviation,2010,Chicago Midway Airport,11,Contract Wage Increment - Salary,97845,97845,133742
LOCAL,0610,Chicago Midway Airport Fund,85,Chicago Department of Aviation,2010,Chicago Midway Airport,12,Contract Wage Increment - Prevailing Rate,94812,94812,109306
LOCAL,0610,Chicago Midway Airport Fund,85,Chicago Department of Aviation,2010,Chicago Midway Airport,15,Schedule Salary Adjustments,61389,61389,42290
LOCAL,0610,Chicago Midway Airport Fund,85,Chicago Department of Aviation,2010,Chicago Midway Airport,20,Overtime,1200000,1200000,1200000
LOCAL,0610,Chicago Midway Airport Fund,85,Chicago Department of Aviation,2010,Chicago Midway Airport,39,For the Employment of Students as Trainees,10000,10000,10000
LOCAL,0610,Chicago Midway Airport Fund,85,Chicago Department of Aviation,2010,Chicago Midway Airport,49,Claims and Costs of Administration Pursuant to the Workers' Compensation Act,2050085,2050085,1050085
LOCAL,0610,Chicago Midway Airport Fund,85,Chicago Department of Aviation,2010,Chicago Midway Airport,91,Uniform Allowance,30500,30500,30500
LOCAL,0610,Chicago Midway Airport Fund,85,Chicago Department of Aviation,2010,Chicago Midway Airport,130,Postage,200,200,200
LOCAL,0610,Chicago Midway Airport Fund,85,Chicago Department of Aviation,2010,Chicago Midway Airport,138,For Professional Services for Information Technology Maintenance,5573100,5573100,6404000
LOCAL,0610,Chicago Midway Airport Fund,85,Chicago Department of Aviation,2010,Chicago Midway Airport,140,For Professional and Technical Services and Other Third Party Benefit Agreements,18680100,18680100,19642000
LOCAL,0610,Chicago Midway Airport Fund,85,Chicago Department of Aviation,2010,Chicago Midway Airport,141,Appraisals,8000,8000,8000
LOCAL,0610,Chicago Midway Airport Fund,85,Chicago Department of Aviation,2010,Chicago Midway Airport,142,Accounting and Auditing,292400,292400,266300
LOCAL,0610,Chicago Midway Airport Fund,85,Chicago Department of Aviation,2010,Chicago Midway Airport,144,Engineering and Architecture,40000,40000,40000
LOCAL,0610,Chicago Midway Airport Fund,85,Chicago Department of Aviation,2010,Chicago Midway Airport,148,Testing and Inspecting,12500,12500,12500
LOCAL,0610,Chicago Midway Airport Fund,85,Chicago Department of Aviation,2010,Chicago Midway Airport,149,For Software Maintenance and Licensing,203600,203600,110300
LOCAL,0610,Chicago Midway Airport Fund,85,Chicago Department of Aviation,2010,Chicago Midway Airport,152,Advertising,49300,49300,46800
LOCAL,0610,Chicago Midway Airport Fund,85,Chicago Department of Aviation,2010,Chicago Midway Airport,154,For the Rental and Maintenance of Data Processing  Office Automation and Data Communications Hardware,10000,10000,10000
LOCAL,0610,Chicago Midway Airport Fund,85,Chicago Department of Aviation,2010,Chicago Midway Airport,157,Rental of Equipment and Services,11259900,11259900,11264800
LOCAL,0610,Chicago Midway Airport Fund,85,Chicago Department of Aviation,2010,Chicago Midway Airport,160,Repair or Maintenance of Property,1775000,1775000,1780000
LOCAL,0610,Chicago Midway Airport Fund,85,Chicago Department of Aviation,2010,Chicago Midway Airport,161,Operation  Repair or Maintenance of Facilities,18863300,18863300,19970300
LOCAL,0610,Chicago Midway Airport Fund,85,Chicago Department of Aviation,2010,Chicago Midway Airport,162,Repair/Maintenance of Equipment,14162700,14162700,21523400
LOCAL,0610,Chicago Midway Airport Fund,85,Chicago Department of Aviation,2010,Chicago Midway Airport,163,Repair/Maintenance of Streets and Pavements,4570000,4570000,4570000
LOCAL,0610,Chicago Midway Airport Fund,85,Chicago Department of Aviation,2010,Chicago Midway Airport,166,Dues  Subscriptions and Memberships,51200,51200,51300
LOCAL,0610,Chicago Midway Airport Fund,85,Chicago Department of Aviation,2010,Chicago Midway Airport,168,Educational Development through Cooperative Education Program and Apprenticeship Program,277000,277000,222600
LOCAL,0610,Chicago Midway Airport Fund,85,Chicago Department of Aviation,2010,Chicago Midway Airport,169,Technical Meeting Costs,39000,39000,39200
LOCAL,0610,Chicago Midway Airport Fund,85,Chicago Department of Aviation,2010,Chicago Midway Airport,181,Mobile Communication Services,37600,37600,40300
LOCAL,0610,Chicago Midway Airport Fund,85,Chicago Department of Aviation,2010,Chicago Midway Airport,183,Water,520000,520000,520000
LOCAL,0610,Chicago Midway Airport Fund,85,Chicago Department of Aviation,2010,Chicago Midway Airport,185,Waste Disposal Services,500000,500000,500000
LOCAL,0610,Chicago Midway Airport Fund,85,Chicago Department of Aviation,2010,Chicago Midway Airport,189,Telephone - Non-Centrex Billings,17000,17000,13300
LOCAL,0610,Chicago Midway Airport Fund,85,Chicago Department of Aviation,2010,Chicago Midway Airport,190,Telephone - Non-Centrex Billings,482000,482000,482000
LOCAL,0610,Chicago Midway Airport Fund,85,Chicago Department of Aviation,2010,Chicago Midway Airport,191,Telephone - Relocations of Phone Lines,1000,1000,10000
LOCAL,0610,Chicago Midway Airport Fund,85,Chicago Department of Aviation,2010,Chicago Midway Airport,197,Telephone - Maintenance and Repair of Equipment and Voicemail,8000,8000,8000
LOCAL,0200,Water Fund,88,Department of Water Management,2005,Commissioner's Office,20,Overtime,82000,82000,82000
LOCAL,0610,Chicago Midway Airport Fund,85,Chicago Department of Aviation,2010,Chicago Midway Airport,229,Transportation and Expense Allowance,100,100,100
LOCAL,0610,Chicago Midway Airport Fund,85,Chicago Department of Aviation,2010,Chicago Midway Airport,245,Reimbursement to Travelers,12200,12200,12200
LOCAL,0610,Chicago Midway Airport Fund,85,Chicago Department of Aviation,2010,Chicago Midway Airport,270,Local Transportation,100,100,100
LOCAL,0610,Chicago Midway Airport Fund,85,Chicago Department of Aviation,2010,Chicago Midway Airport,313,Cleaning and Sanitation Supplies,39000,39000,39000
LOCAL,0610,Chicago Midway Airport Fund,85,Chicago Department of Aviation,2010,Chicago Midway Airport,319,Clothing,70900,70900,81800
LOCAL,0610,Chicago Midway Airport Fund,85,Chicago Department of Aviation,2010,Chicago Midway Airport,340,Material and Supplies,2532500,2532500,2538500
LOCAL,0610,Chicago Midway Airport Fund,85,Chicago Department of Aviation,2010,Chicago Midway Airport,345,Apparatus and Instruments,5300,5300,5300
LOCAL,0610,Chicago Midway Airport Fund,85,Chicago Department of Aviation,2010,Chicago Midway Airport,350,Stationery and Office Supplies,12000,12000,15000
LOCAL,0610,Chicago Midway Airport Fund,85,Chicago Department of Aviation,2010,Chicago Midway Airport,360,Repair Parts and Material,64500,64500,64500
LOCAL,0610,Chicago Midway Airport Fund,85,Chicago Department of Aviation,2010,Chicago Midway Airport,361,Building Materials and Supplies,6500,6500,6500
LOCAL,0610,Chicago Midway Airport Fund,85,Chicago Department of Aviation,2010,Chicago Midway Airport,362,Paints and Painting Supplies,70000,70000,70000
LOCAL,0610,Chicago Midway Airport Fund,85,Chicago Department of Aviation,2010,Chicago Midway Airport,364,Plumbing Supplies,2000,2000,2000
LOCAL,0610,Chicago Midway Airport Fund,85,Chicago Department of Aviation,2010,Chicago Midway Airport,365,Electrical Supplies,697000,697000,697000
LOCAL,0610,Chicago Midway Airport Fund,85,Chicago Department of Aviation,2010,Chicago Midway Airport,402,Tools Greater Than $100/Unit,15000,15000,15000
LOCAL,0610,Chicago Midway Airport Fund,85,Chicago Department of Aviation,2010,Chicago Midway Airport,423,Communication Devices,210000,210000,214500
LOCAL,0610,Chicago Midway Airport Fund,85,Chicago Department of Aviation,2010,Chicago Midway Airport,424,Furniture and Furnishings,50000,50000,50000
LOCAL,0610,Chicago Midway Airport Fund,85,Chicago Department of Aviation,2010,Chicago Midway Airport,440,Machinery and Equipment,24600,24600,24600
LOCAL,0610,Chicago Midway Airport Fund,85,Chicago Department of Aviation,2010,Chicago Midway Airport,446,For the Purchase of Data Processing  Office Automation and Data Communication Hardware,402000,402000,402000
LOCAL,0610,Chicago Midway Airport Fund,85,Chicago Department of Aviation,2010,Chicago Midway Airport,9438,For Services Provided by the Department of Fleet and Facilities Management,35000,35000,35000
LOCAL,0740,Chicago O'Hare Airport Fund,85,Chicago Department of Aviation,2015,Chicago-O'Hare International Airport,5,Salaries and Wages - on Payroll,109760796,109760796,116946046
LOCAL,0740,Chicago O'Hare Airport Fund,85,Chicago Department of Aviation,2015,Chicago-O'Hare International Airport,11,Contract Wage Increment - Salary,472652,472652,567556
LOCAL,0740,Chicago O'Hare Airport Fund,85,Chicago Department of Aviation,2015,Chicago-O'Hare International Airport,12,Contract Wage Increment - Prevailing Rate,737118,737118,977767
LOCAL,0740,Chicago O'Hare Airport Fund,85,Chicago Department of Aviation,2015,Chicago-O'Hare International Airport,15,Schedule Salary Adjustments,323983,323983,292120
LOCAL,0740,Chicago O'Hare Airport Fund,85,Chicago Department of Aviation,2015,Chicago-O'Hare International Airport,20,Overtime,8000000,8000000,8000000
LOCAL,0740,Chicago O'Hare Airport Fund,85,Chicago Department of Aviation,2015,Chicago-O'Hare International Airport,39,For the Employment of Students as Trainees,175000,175000,175000
LOCAL,0740,Chicago O'Hare Airport Fund,85,Chicago Department of Aviation,2015,Chicago-O'Hare International Airport,49,Claims and Costs of Administration Pursuant to the Workers' Compensation Act,12242520,12242520,7242520
LOCAL,0740,Chicago O'Hare Airport Fund,85,Chicago Department of Aviation,2015,Chicago-O'Hare International Airport,91,Uniform Allowance,153000,153000,153000
LOCAL,0740,Chicago O'Hare Airport Fund,85,Chicago Department of Aviation,2015,Chicago-O'Hare International Airport,130,Postage,25000,25000,25000
LOCAL,0200,Water Fund,88,Department of Water Management,2005,Commissioner's Office,130,Postage,200000,200000,200000
LOCAL,0740,Chicago O'Hare Airport Fund,85,Chicago Department of Aviation,2015,Chicago-O'Hare International Airport,138,For Professional Services for Information Technology Maintenance,12298800,12298800,15094800
LOCAL,0740,Chicago O'Hare Airport Fund,85,Chicago Department of Aviation,2015,Chicago-O'Hare International Airport,140,For Professional and Technical Services and Other Third Party Benefit Agreements,96906800,96806800,101588400
LOCAL,0740,Chicago O'Hare Airport Fund,85,Chicago Department of Aviation,2015,Chicago-O'Hare International Airport,141,Appraisals,84000,84000,84000
LOCAL,0740,Chicago O'Hare Airport Fund,85,Chicago Department of Aviation,2015,Chicago-O'Hare International Airport,142,Accounting and Auditing,1049400,1049400,1005000
LOCAL,0740,Chicago O'Hare Airport Fund,85,Chicago Department of Aviation,2015,Chicago-O'Hare International Airport,144,Engineering and Architecture,1005000,1005000,1055000
LOCAL,0740,Chicago O'Hare Airport Fund,85,Chicago Department of Aviation,2015,Chicago-O'Hare International Airport,147,Surveys,15000,115000,15000
LOCAL,0740,Chicago O'Hare Airport Fund,85,Chicago Department of Aviation,2015,Chicago-O'Hare International Airport,148,Testing and Inspecting,31500,31500,26500
LOCAL,0740,Chicago O'Hare Airport Fund,85,Chicago Department of Aviation,2015,Chicago-O'Hare International Airport,149,For Software Maintenance and Licensing,607900,607900,748900
LOCAL,0740,Chicago O'Hare Airport Fund,85,Chicago Department of Aviation,2015,Chicago-O'Hare International Airport,152,Advertising,219500,219500,257000
LOCAL,0740,Chicago O'Hare Airport Fund,85,Chicago Department of Aviation,2015,Chicago-O'Hare International Airport,154,For the Rental and Maintenance of Data Processing  Office Automation and Data Communications Hardware,50000,50000,50000
LOCAL,0740,Chicago O'Hare Airport Fund,85,Chicago Department of Aviation,2015,Chicago-O'Hare International Airport,155,Rental of Property,2819000,2819000,2349000
LOCAL,0740,Chicago O'Hare Airport Fund,85,Chicago Department of Aviation,2015,Chicago-O'Hare International Airport,157,Rental of Equipment and Services,48130900,48130900,70213400
LOCAL,0740,Chicago O'Hare Airport Fund,85,Chicago Department of Aviation,2015,Chicago-O'Hare International Airport,160,Repair or Maintenance of Property,2000000,2000000,2150000
LOCAL,0740,Chicago O'Hare Airport Fund,85,Chicago Department of Aviation,2015,Chicago-O'Hare International Airport,161,Operation  Repair or Maintenance of Facilities,35452900,35452900,36943900
LOCAL,0740,Chicago O'Hare Airport Fund,85,Chicago Department of Aviation,2015,Chicago-O'Hare International Airport,162,Repair/Maintenance of Equipment,16464400,16464400,17036000
LOCAL,0740,Chicago O'Hare Airport Fund,85,Chicago Department of Aviation,2015,Chicago-O'Hare International Airport,163,Repair/Maintenance of Streets and Pavements,9891000,9891000,13091000
LOCAL,0740,Chicago O'Hare Airport Fund,85,Chicago Department of Aviation,2015,Chicago-O'Hare International Airport,166,Dues  Subscriptions and Memberships,506400,506400,540700
LOCAL,0740,Chicago O'Hare Airport Fund,85,Chicago Department of Aviation,2015,Chicago-O'Hare International Airport,168,Educational Development through Cooperative Education Program and Apprenticeship Program,2253000,2253000,2140200
LOCAL,0740,Chicago O'Hare Airport Fund,85,Chicago Department of Aviation,2015,Chicago-O'Hare International Airport,169,Technical Meeting Costs,661800,661800,786700
LOCAL,0740,Chicago O'Hare Airport Fund,85,Chicago Department of Aviation,2015,Chicago-O'Hare International Airport,178,Freight and Express Charges,20000,20000,20000
LOCAL,0740,Chicago O'Hare Airport Fund,85,Chicago Department of Aviation,2015,Chicago-O'Hare International Airport,181,Mobile Communication Services,172000,172000,190000
LOCAL,0740,Chicago O'Hare Airport Fund,85,Chicago Department of Aviation,2015,Chicago-O'Hare International Airport,183,Water,11000000,11000000,11000000
LOCAL,0740,Chicago O'Hare Airport Fund,85,Chicago Department of Aviation,2015,Chicago-O'Hare International Airport,185,Waste Disposal Services,1595000,1595000,1958000
LOCAL,0740,Chicago O'Hare Airport Fund,85,Chicago Department of Aviation,2015,Chicago-O'Hare International Airport,189,Telephone - Non-Centrex Billings,342900,342900,476500
LOCAL,0740,Chicago O'Hare Airport Fund,85,Chicago Department of Aviation,2015,Chicago-O'Hare International Airport,190,Telephone - Non-Centrex Billings,946000,946000,985000
LOCAL,0740,Chicago O'Hare Airport Fund,85,Chicago Department of Aviation,2015,Chicago-O'Hare International Airport,191,Telephone - Relocations of Phone Lines,5000,5000,5000
LOCAL,0740,Chicago O'Hare Airport Fund,85,Chicago Department of Aviation,2015,Chicago-O'Hare International Airport,196,Data Circuits,430000,430000,430000
LOCAL,0740,Chicago O'Hare Airport Fund,85,Chicago Department of Aviation,2015,Chicago-O'Hare International Airport,197,Telephone - Maintenance and Repair of Equipment and Voicemail,44400,44400,40000
LOCAL,0740,Chicago O'Hare Airport Fund,85,Chicago Department of Aviation,2015,Chicago-O'Hare International Airport,229,Transportation and Expense Allowance,5500,5500,5500
LOCAL,0740,Chicago O'Hare Airport Fund,85,Chicago Department of Aviation,2015,Chicago-O'Hare International Airport,245,Reimbursement to Travelers,171000,171000,171000
LOCAL,0740,Chicago O'Hare Airport Fund,85,Chicago Department of Aviation,2015,Chicago-O'Hare International Airport,270,Local Transportation,6500,6500,6500
LOCAL,0740,Chicago O'Hare Airport Fund,85,Chicago Department of Aviation,2015,Chicago-O'Hare International Airport,313,Cleaning and Sanitation Supplies,450000,450000,450000
LOCAL,0740,Chicago O'Hare Airport Fund,85,Chicago Department of Aviation,2015,Chicago-O'Hare International Airport,314,Fuel Oil,360000,360000,360000
LOCAL,0740,Chicago O'Hare Airport Fund,85,Chicago Department of Aviation,2015,Chicago-O'Hare International Airport,319,Clothing,399900,399900,490000
LOCAL,0740,Chicago O'Hare Airport Fund,85,Chicago Department of Aviation,2015,Chicago-O'Hare International Airport,340,Material and Supplies,9925100,9925100,10654600
LOCAL,0740,Chicago O'Hare Airport Fund,85,Chicago Department of Aviation,2015,Chicago-O'Hare International Airport,345,Apparatus and Instruments,61200,61200,61200
LOCAL,0740,Chicago O'Hare Airport Fund,85,Chicago Department of Aviation,2015,Chicago-O'Hare International Airport,348,Books and Related Material,13100,13100,23100
LOCAL,0740,Chicago O'Hare Airport Fund,85,Chicago Department of Aviation,2015,Chicago-O'Hare International Airport,350,Stationery and Office Supplies,200000,200000,200000
LOCAL,0740,Chicago O'Hare Airport Fund,85,Chicago Department of Aviation,2015,Chicago-O'Hare International Airport,360,Repair Parts and Material,1507500,1507500,1554000
LOCAL,0740,Chicago O'Hare Airport Fund,85,Chicago Department of Aviation,2015,Chicago-O'Hare International Airport,361,Building Materials and Supplies,580000,580000,573000
LOCAL,0740,Chicago O'Hare Airport Fund,85,Chicago Department of Aviation,2015,Chicago-O'Hare International Airport,362,Paints and Painting Supplies,650000,650000,650000
LOCAL,0740,Chicago O'Hare Airport Fund,85,Chicago Department of Aviation,2015,Chicago-O'Hare International Airport,364,Plumbing Supplies,180000,180000,180000
LOCAL,0740,Chicago O'Hare Airport Fund,85,Chicago Department of Aviation,2015,Chicago-O'Hare International Airport,365,Electrical Supplies,4100000,4100000,4100000
LOCAL,0740,Chicago O'Hare Airport Fund,85,Chicago Department of Aviation,2015,Chicago-O'Hare International Airport,402,Tools Greater Than $100/Unit,35000,35000,35000
LOCAL,0740,Chicago O'Hare Airport Fund,85,Chicago Department of Aviation,2015,Chicago-O'Hare International Airport,423,Communication Devices,1627200,1627200,1599200
LOCAL,0740,Chicago O'Hare Airport Fund,85,Chicago Department of Aviation,2015,Chicago-O'Hare International Airport,424,Furniture and Furnishings,410000,410000,510000
LOCAL,0740,Chicago O'Hare Airport Fund,85,Chicago Department of Aviation,2015,Chicago-O'Hare International Airport,440,Machinery and Equipment,1352200,1352200,1648100
LOCAL,0740,Chicago O'Hare Airport Fund,85,Chicago Department of Aviation,2015,Chicago-O'Hare International Airport,446,For the Purchase of Data Processing  Office Automation and Data Communication Hardware,1653600,1653600,1739600
LOCAL,0740,Chicago O'Hare Airport Fund,85,Chicago Department of Aviation,2015,Chicago-O'Hare International Airport,9438,For Services Provided by the Department of Fleet and Facilities Management,90000,90000,90000
LOCAL,0740,Chicago O'Hare Airport Fund,85,Chicago Department of Aviation,2015,Chicago-O'Hare International Airport,9441,For Services Provided by the Chicago Department of Public Health,90000,90000,90000
LOCAL,0740,Chicago O'Hare Airport Fund,85,Chicago Department of Aviation,2015,Chicago-O'Hare International Airport,9481,For Services Provided by the Department of Streets and Sanitation,1200000,1200000,1200000
LOCAL,0740,Chicago O'Hare Airport Fund,85,Chicago Department of Aviation,2015,Chicago-O'Hare International Airport,9484,For Services Provided by the Chicago Department of Transportation,800000,800000,800000
LOCAL,0200,Water Fund,88,Department of Water Management,2005,Commissioner's Office,5,Salaries and Wages - on Payroll,4753032,4753032,4937202
LOCAL,0200,Water Fund,88,Department of Water Management,2005,Commissioner's Office,12,Contract Wage Increment - Prevailing Rate,28967,28967,30206
LOCAL,0200,Water Fund,88,Department of Water Management,2005,Commissioner's Office,15,Schedule Salary Adjustments,7925,7925,11765
LOCAL,0200,Water Fund,88,Department of Water Management,2005,Commissioner's Office,140,For Professional and Technical Services and Other Third Party Benefit Agreements,3509678,3509678,3204678
LOCAL,0200,Water Fund,88,Department of Water Management,2005,Commissioner's Office,150,Publications and Reproduction - Outside Services to Be Expended with the Prior Approval of Graphics Services,71900,71900,71900
LOCAL,0200,Water Fund,88,Department of Water Management,2005,Commissioner's Office,161,Operation  Repair or Maintenance of Facilities,36000,36000,36000
LOCAL,0200,Water Fund,88,Department of Water Management,2005,Commissioner's Office,162,Repair/Maintenance of Equipment,466675,466675,466675
LOCAL,0200,Water Fund,88,Department of Water Management,2005,Commissioner's Office,166,Dues  Subscriptions and Memberships,438000,438000,438000
LOCAL,0200,Water Fund,88,Department of Water Management,2005,Commissioner's Office,169,Technical Meeting Costs,22500,22500,22500
LOCAL,0200,Water Fund,88,Department of Water Management,2005,Commissioner's Office,181,Mobile Communication Services,12100,12100,12100
LOCAL,0200,Water Fund,88,Department of Water Management,2005,Commissioner's Office,189,Telephone - Non-Centrex Billings,14300,14300,17200
LOCAL,0200,Water Fund,88,Department of Water Management,2005,Commissioner's Office,190,Telephone - Non-Centrex Billings,284000,284000,195000
LOCAL,0200,Water Fund,88,Department of Water Management,2005,Commissioner's Office,196,Data Circuits,501700,501700,542600
LOCAL,0200,Water Fund,88,Department of Water Management,2005,Commissioner's Office,197,Telephone - Maintenance and Repair of Equipment and Voicemail,40580,40580,40580
LOCAL,0200,Water Fund,88,Department of Water Management,2005,Commissioner's Office,340,Material and Supplies,334200,334200,314100
LOCAL,0200,Water Fund,88,Department of Water Management,2005,Commissioner's Office,348,Books and Related Material,500,500,500
LOCAL,0200,Water Fund,88,Department of Water Management,2005,Commissioner's Office,350,Stationery and Office Supplies,14500,14500,14500
LOCAL,0200,Water Fund,88,Department of Water Management,2005,Commissioner's Office,424,Furniture and Furnishings,9000,9000,7500
LOCAL,0200,Water Fund,88,Department of Water Management,2005,Commissioner's Office,440,Machinery and Equipment,101000,101000,99828
LOCAL,0200,Water Fund,88,Department of Water Management,2010,Bureau of Administrative Support,5,Salaries and Wages - on Payroll,3711379,3711379,4124381
LOCAL,0200,Water Fund,88,Department of Water Management,2010,Bureau of Administrative Support,15,Schedule Salary Adjustments,15961,15961,14108
LOCAL,0200,Water Fund,88,Department of Water Management,2010,Bureau of Administrative Support,20,Overtime,800000,800000,800000
LOCAL,0200,Water Fund,88,Department of Water Management,2010,Bureau of Administrative Support,140,For Professional and Technical Services and Other Third Party Benefit Agreements,77950,77950,57950
LOCAL,0200,Water Fund,88,Department of Water Management,2010,Bureau of Administrative Support,149,For Software Maintenance and Licensing,80000,80000,80000
LOCAL,0200,Water Fund,88,Department of Water Management,2010,Bureau of Administrative Support,154,For the Rental and Maintenance of Data Processing  Office Automation and Data Communications Hardware,90000,90000,90000
LOCAL,0200,Water Fund,88,Department of Water Management,2010,Bureau of Administrative Support,159,Lease Purchase Agreements for Equipment and Machinery,190000,190000,291200
LOCAL,0200,Water Fund,88,Department of Water Management,2010,Bureau of Administrative Support,168,Educational Development through Cooperative Education Program and Apprenticeship Program,10500,10500,10500
LOCAL,0200,Water Fund,88,Department of Water Management,2010,Bureau of Administrative Support,169,Technical Meeting Costs,5000,5000,5000
LOCAL,0200,Water Fund,88,Department of Water Management,2010,Bureau of Administrative Support,191,Telephone - Relocations of Phone Lines,5000,5000,5000
LOCAL,0200,Water Fund,88,Department of Water Management,2010,Bureau of Administrative Support,312,Software Purchases,0,0,6426
LOCAL,0200,Water Fund,88,Department of Water Management,2010,Bureau of Administrative Support,350,Stationery and Office Supplies,31600,31600,31600
LOCAL,0200,Water Fund,88,Department of Water Management,2010,Bureau of Administrative Support,446,For the Purchase of Data Processing  Office Automation and Data Communication Hardware,96716,96716,96716
LOCAL,0200,Water Fund,88,Department of Water Management,2010,Bureau of Administrative Support,9438,For Services Provided by the Department of Fleet and Facilities Management,82500,82500,82500
LOCAL,0200,Water Fund,88,Department of Water Management,2015,Bureau of Engineering Services,5,Salaries and Wages - on Payroll,4358046,4358046,4553860
LOCAL,0200,Water Fund,88,Department of Water Management,2015,Bureau of Engineering Services,12,Contract Wage Increment - Prevailing Rate,24977,24977,37045
LOCAL,0200,Water Fund,88,Department of Water Management,2015,Bureau of Engineering Services,15,Schedule Salary Adjustments,5361,5361,1210
LOCAL,0200,Water Fund,88,Department of Water Management,2015,Bureau of Engineering Services,20,Overtime,13000,13000,13000
LOCAL,0200,Water Fund,88,Department of Water Management,2015,Bureau of Engineering Services,140,For Professional and Technical Services and Other Third Party Benefit Agreements,0,0,1800000
LOCAL,0200,Water Fund,88,Department of Water Management,2015,Bureau of Engineering Services,162,Repair/Maintenance of Equipment,3000,3000,3000
LOCAL,0200,Water Fund,88,Department of Water Management,2015,Bureau of Engineering Services,169,Technical Meeting Costs,9000,9000,10000
LOCAL,0200,Water Fund,88,Department of Water Management,2015,Bureau of Engineering Services,229,Transportation and Expense Allowance,40000,40000,40000
LOCAL,0200,Water Fund,88,Department of Water Management,2015,Bureau of Engineering Services,340,Material and Supplies,40000,40000,30000
LOCAL,0200,Water Fund,88,Department of Water Management,2015,Bureau of Engineering Services,345,Apparatus and Instruments,4000,4000,4000
LOCAL,0200,Water Fund,88,Department of Water Management,2015,Bureau of Engineering Services,348,Books and Related Material,1250,1250,1250
LOCAL,0200,Water Fund,88,Department of Water Management,2015,Bureau of Engineering Services,350,Stationery and Office Supplies,20000,20000,19000
LOCAL,0200,Water Fund,88,Department of Water Management,2015,Bureau of Engineering Services,424,Furniture and Furnishings,3500,3500,3500
LOCAL,0200,Water Fund,88,Department of Water Management,2020,Bureau of Water Supply,5,Salaries and Wages - on Payroll,52667457,52667457,56271703
LOCAL,0200,Water Fund,88,Department of Water Management,2020,Bureau of Water Supply,12,Contract Wage Increment - Prevailing Rate,577262,577262,681274
LOCAL,0200,Water Fund,88,Department of Water Management,2020,Bureau of Water Supply,15,Schedule Salary Adjustments,51207,51207,52147
LOCAL,0200,Water Fund,88,Department of Water Management,2020,Bureau of Water Supply,20,Overtime,4018673,4018673,4018673
LOCAL,0200,Water Fund,88,Department of Water Management,2020,Bureau of Water Supply,125,Office and Building Services,342000,342000,342000
LOCAL,0200,Water Fund,88,Department of Water Management,2020,Bureau of Water Supply,140,For Professional and Technical Services and Other Third Party Benefit Agreements,100000,100000,75000
LOCAL,0200,Water Fund,88,Department of Water Management,2020,Bureau of Water Supply,148,Testing and Inspecting,313000,313000,1323000
LOCAL,0200,Water Fund,88,Department of Water Management,2020,Bureau of Water Supply,157,Rental of Equipment and Services,191000,191000,191000
LOCAL,0200,Water Fund,88,Department of Water Management,2020,Bureau of Water Supply,159,Lease Purchase Agreements for Equipment and Machinery,170500,170500,170500
LOCAL,0200,Water Fund,88,Department of Water Management,2020,Bureau of Water Supply,160,Repair or Maintenance of Property,1406800,1406800,1406800
LOCAL,0200,Water Fund,88,Department of Water Management,2020,Bureau of Water Supply,162,Repair/Maintenance of Equipment,4617500,4617500,5792500
LOCAL,0200,Water Fund,88,Department of Water Management,2020,Bureau of Water Supply,169,Technical Meeting Costs,213800,213800,238800
LOCAL,0200,Water Fund,88,Department of Water Management,2020,Bureau of Water Supply,245,Reimbursement to Travelers,1000,1000,3000
LOCAL,0200,Water Fund,88,Department of Water Management,2020,Bureau of Water Supply,314,Fuel Oil,390000,390000,600000
LOCAL,0200,Water Fund,88,Department of Water Management,2020,Bureau of Water Supply,340,Material and Supplies,1943800,1943800,3083800
LOCAL,0200,Water Fund,88,Department of Water Management,2020,Bureau of Water Supply,342,Drugs  Medicine and Chemical Materials,11481879,11481879,11472328
LOCAL,0100,Corporate Fund,99,Finance General,2005,Finance General,96,,150000,211514,150000
LOCAL,0200,Water Fund,88,Department of Water Management,2020,Bureau of Water Supply,345,Apparatus and Instruments,350000,350000,348000
LOCAL,0200,Water Fund,88,Department of Water Management,2020,Bureau of Water Supply,348,Books and Related Material,6000,6000,6000
LOCAL,0200,Water Fund,88,Department of Water Management,2020,Bureau of Water Supply,350,Stationery and Office Supplies,66000,66000,75000
LOCAL,0200,Water Fund,88,Department of Water Management,2020,Bureau of Water Supply,360,Repair Parts and Material,1453687,1453687,1485687
LOCAL,0200,Water Fund,88,Department of Water Management,2020,Bureau of Water Supply,401,Tools Less Than or Equal to $100/Unit,18200,18200,18200
LOCAL,0200,Water Fund,88,Department of Water Management,2020,Bureau of Water Supply,402,Tools Greater Than $100/Unit,15500,15500,15500
LOCAL,0200,Water Fund,88,Department of Water Management,2020,Bureau of Water Supply,410,Equipment for Buildings,175000,175000,125000
LOCAL,0200,Water Fund,88,Department of Water Management,2020,Bureau of Water Supply,424,Furniture and Furnishings,2000,2000,2000
LOCAL,0200,Water Fund,88,Department of Water Management,2020,Bureau of Water Supply,440,Machinery and Equipment,862800,862800,857800
LOCAL,0200,Water Fund,88,Department of Water Management,2020,Bureau of Water Supply,445,Technical and Scientific Equipment,311000,311000,336000
LOCAL,0200,Water Fund,88,Department of Water Management,2020,Bureau of Water Supply,446,For the Purchase of Data Processing  Office Automation and Data Communication Hardware,143880,143880,143880
LOCAL,0200,Water Fund,88,Department of Water Management,2020,Bureau of Water Supply,450,Vehicles,360000,360000,240000
LOCAL,0200,Water Fund,88,Department of Water Management,2020,Bureau of Water Supply,9484,For Services Provided by the Chicago Department of Transportation,100000,100000,100000
LOCAL,0200,Water Fund,88,Department of Water Management,2025,Bureau of Operations and Distribution,5,Salaries and Wages - on Payroll,62558327,62558327,66282889
LOCAL,0200,Water Fund,88,Department of Water Management,2025,Bureau of Operations and Distribution,12,Contract Wage Increment - Prevailing Rate,710059,710059,812383
LOCAL,0200,Water Fund,88,Department of Water Management,2025,Bureau of Operations and Distribution,15,Schedule Salary Adjustments,17725,17725,9671
LOCAL,0200,Water Fund,88,Department of Water Management,2025,Bureau of Operations and Distribution,20,Overtime,3062356,3062356,3062356
LOCAL,0346,Library Fund,91,Chicago Public Library,2005,Chicago Public Library,5,Salaries and Wages - on Payroll,52177103,52177103,56863145
LOCAL,0200,Water Fund,88,Department of Water Management,2025,Bureau of Operations and Distribution,140,For Professional and Technical Services and Other Third Party Benefit Agreements,4740676,4740676,3341543
LOCAL,0200,Water Fund,88,Department of Water Management,2025,Bureau of Operations and Distribution,157,Rental of Equipment and Services,1175100,1175100,2574060
GRANTS,0Y16,Foster Grandparents,50,Department of Family and Support Services,2815,Foster Grandparents,330,Food,0,0,22913
LOCAL,0200,Water Fund,88,Department of Water Management,2025,Bureau of Operations and Distribution,160,Repair or Maintenance of Property,323800,323800,323800
LOCAL,0200,Water Fund,88,Department of Water Management,2025,Bureau of Operations and Distribution,162,Repair/Maintenance of Equipment,100000,100000,100000
LOCAL,0200,Water Fund,88,Department of Water Management,2025,Bureau of Operations and Distribution,169,Technical Meeting Costs,1327,1327,1500
LOCAL,0200,Water Fund,88,Department of Water Management,2025,Bureau of Operations and Distribution,181,Mobile Communication Services,285000,285000,285000
LOCAL,0200,Water Fund,88,Department of Water Management,2025,Bureau of Operations and Distribution,185,Waste Disposal Services,2942710,2942710,2942710
LOCAL,0200,Water Fund,88,Department of Water Management,2025,Bureau of Operations and Distribution,188,Vehicle Tracking Service,211321,211321,211321
LOCAL,0200,Water Fund,88,Department of Water Management,2025,Bureau of Operations and Distribution,316,Gas - Bottled and Propane,161440,161440,161440
LOCAL,0200,Water Fund,88,Department of Water Management,2025,Bureau of Operations and Distribution,340,Material and Supplies,1118300,1118300,1118300
LOCAL,0200,Water Fund,88,Department of Water Management,2025,Bureau of Operations and Distribution,350,Stationery and Office Supplies,56930,56930,56930
LOCAL,0200,Water Fund,88,Department of Water Management,2025,Bureau of Operations and Distribution,360,Repair Parts and Material,5861553,5861553,5861553
LOCAL,0200,Water Fund,88,Department of Water Management,2025,Bureau of Operations and Distribution,401,Tools Less Than or Equal to $100/Unit,3000,3000,3000
LOCAL,0200,Water Fund,88,Department of Water Management,2025,Bureau of Operations and Distribution,423,Communication Devices,1000,1000,1000
LOCAL,0200,Water Fund,88,Department of Water Management,2025,Bureau of Operations and Distribution,424,Furniture and Furnishings,3000,3000,3000
LOCAL,0200,Water Fund,88,Department of Water Management,2025,Bureau of Operations and Distribution,440,Machinery and Equipment,549391,549391,549391
LOCAL,0200,Water Fund,88,Department of Water Management,2025,Bureau of Operations and Distribution,446,For the Purchase of Data Processing  Office Automation and Data Communication Hardware,100000,100000,100000
LOCAL,0200,Water Fund,88,Department of Water Management,2025,Bureau of Operations and Distribution,521,Maintenance and Construction,2946315,2946315,2946315
LOCAL,0200,Water Fund,88,Department of Water Management,2025,Bureau of Operations and Distribution,9481,For Services Provided by the Department of Streets and Sanitation,367919,367919,367919
LOCAL,0200,Water Fund,88,Department of Water Management,2035,Bureau of Meter Services,5,Salaries and Wages - on Payroll,10959189,10959189,11363623
LOCAL,0200,Water Fund,88,Department of Water Management,2035,Bureau of Meter Services,12,Contract Wage Increment - Prevailing Rate,67945,67945,99668
LOCAL,0200,Water Fund,88,Department of Water Management,2035,Bureau of Meter Services,15,Schedule Salary Adjustments,19973,19973,13897
LOCAL,0200,Water Fund,88,Department of Water Management,2035,Bureau of Meter Services,20,Overtime,118000,118000,118000
LOCAL,0200,Water Fund,88,Department of Water Management,2035,Bureau of Meter Services,140,For Professional and Technical Services and Other Third Party Benefit Agreements,10000,10000,5000
LOCAL,0200,Water Fund,88,Department of Water Management,2035,Bureau of Meter Services,189,Telephone - Non-Centrex Billings,7100,7100,9000
LOCAL,0200,Water Fund,88,Department of Water Management,2035,Bureau of Meter Services,229,Transportation and Expense Allowance,31500,31500,31500
LOCAL,0200,Water Fund,88,Department of Water Management,2035,Bureau of Meter Services,340,Material and Supplies,40500,40500,40500
LOCAL,0200,Water Fund,88,Department of Water Management,2035,Bureau of Meter Services,350,Stationery and Office Supplies,12500,12500,12500
LOCAL,0200,Water Fund,88,Department of Water Management,2035,Bureau of Meter Services,360,Repair Parts and Material,104500,104500,104500
LOCAL,0100,Corporate Fund,99,Finance General,2005,Finance General,9067,For Physical Exams,0,0,210000
LOCAL,0200,Water Fund,88,Department of Water Management,2035,Bureau of Meter Services,401,Tools Less Than or Equal to $100/Unit,6000,6000,6000
LOCAL,0200,Water Fund,88,Department of Water Management,2035,Bureau of Meter Services,424,Furniture and Furnishings,5000,5000,5000
LOCAL,0200,Water Fund,88,Department of Water Management,2035,Bureau of Meter Services,446,For the Purchase of Data Processing  Office Automation and Data Communication Hardware,10000,10000,0
LOCAL,0200,Water Fund,88,Department of Water Management,2035,Bureau of Meter Services,450,Vehicles,56000,56000,61000
LOCAL,0314,Sewer Fund,88,Department of Water Management,2015,Bureau of Engineering Services,5,Salaries and Wages - on Payroll,2311518,2311518,2312710
LOCAL,0314,Sewer Fund,88,Department of Water Management,2015,Bureau of Engineering Services,15,Schedule Salary Adjustments,2831,2831,4686
LOCAL,0314,Sewer Fund,88,Department of Water Management,2015,Bureau of Engineering Services,150,Publications and Reproduction - Outside Services to Be Expended with the Prior Approval of Graphics Services,2000,2000,2000
LOCAL,0314,Sewer Fund,88,Department of Water Management,2015,Bureau of Engineering Services,162,Repair/Maintenance of Equipment,2800,2800,2800
LOCAL,0314,Sewer Fund,88,Department of Water Management,2015,Bureau of Engineering Services,169,Technical Meeting Costs,5000,5000,5000
LOCAL,0314,Sewer Fund,88,Department of Water Management,2015,Bureau of Engineering Services,348,Books and Related Material,500,500,500
LOCAL,0314,Sewer Fund,88,Department of Water Management,2015,Bureau of Engineering Services,350,Stationery and Office Supplies,6000,6000,6000
LOCAL,0314,Sewer Fund,88,Department of Water Management,2015,Bureau of Engineering Services,424,Furniture and Furnishings,3000,3000,3000
LOCAL,0314,Sewer Fund,88,Department of Water Management,2025,Bureau of Operations and Distribution,5,Salaries and Wages - on Payroll,49432480,49432480,51734962
LOCAL,0314,Sewer Fund,88,Department of Water Management,2025,Bureau of Operations and Distribution,12,Contract Wage Increment - Prevailing Rate,578169,578169,616460
LOCAL,0314,Sewer Fund,88,Department of Water Management,2025,Bureau of Operations and Distribution,15,Schedule Salary Adjustments,23153,23153,14880
LOCAL,0314,Sewer Fund,88,Department of Water Management,2025,Bureau of Operations and Distribution,20,Overtime,3000000,3000000,3000000
LOCAL,0314,Sewer Fund,88,Department of Water Management,2025,Bureau of Operations and Distribution,140,For Professional and Technical Services and Other Third Party Benefit Agreements,1850564,1850564,1298845
LOCAL,0314,Sewer Fund,88,Department of Water Management,2025,Bureau of Operations and Distribution,154,For the Rental and Maintenance of Data Processing  Office Automation and Data Communications Hardware,6924,6924,6924
LOCAL,0314,Sewer Fund,88,Department of Water Management,2025,Bureau of Operations and Distribution,157,Rental of Equipment and Services,885868,885868,1440587
LOCAL,0314,Sewer Fund,88,Department of Water Management,2025,Bureau of Operations and Distribution,185,Waste Disposal Services,2942918,2942918,2942918
LOCAL,0314,Sewer Fund,88,Department of Water Management,2025,Bureau of Operations and Distribution,190,Telephone - Non-Centrex Billings,31000,31000,28000
LOCAL,0314,Sewer Fund,88,Department of Water Management,2025,Bureau of Operations and Distribution,229,Transportation and Expense Allowance,104390,104390,104390
LOCAL,0314,Sewer Fund,88,Department of Water Management,2025,Bureau of Operations and Distribution,340,Material and Supplies,4282000,4282000,4282000
LOCAL,0314,Sewer Fund,88,Department of Water Management,2025,Bureau of Operations and Distribution,345,Apparatus and Instruments,1500,1500,1500
LOCAL,0314,Sewer Fund,88,Department of Water Management,2025,Bureau of Operations and Distribution,401,Tools Less Than or Equal to $100/Unit,67314,67314,50000
LOCAL,0314,Sewer Fund,88,Department of Water Management,2025,Bureau of Operations and Distribution,402,Tools Greater Than $100/Unit,124673,124673,124673
LOCAL,0314,Sewer Fund,88,Department of Water Management,2025,Bureau of Operations and Distribution,440,Machinery and Equipment,245923,245923,245923
LOCAL,0314,Sewer Fund,88,Department of Water Management,2025,Bureau of Operations and Distribution,9438,For Services Provided by the Department of Fleet and Facilities Management,5175000,5175000,5175000
LOCAL,0314,Sewer Fund,88,Department of Water Management,2025,Bureau of Operations and Distribution,9481,For Services Provided by the Department of Streets and Sanitation,7767702,7767702,7767702
LOCAL,0346,Library Fund,91,Chicago Public Library,2005,Chicago Public Library,12,Contract Wage Increment - Prevailing Rate,8185,8185,8461
LOCAL,0346,Library Fund,91,Chicago Public Library,2005,Chicago Public Library,15,Schedule Salary Adjustments,190102,190102,211369
LOCAL,0346,Library Fund,91,Chicago Public Library,2005,Chicago Public Library,20,Overtime,400000,400000,400000
LOCAL,0346,Library Fund,91,Chicago Public Library,2005,Chicago Public Library,123,For Services Provided by Performers and Exhibitors,86250,86250,86250
LOCAL,0346,Library Fund,91,Chicago Public Library,2005,Chicago Public Library,130,Postage,20000,20000,20000
LOCAL,0346,Library Fund,91,Chicago Public Library,2005,Chicago Public Library,135,For Delegate Agencies,500000,0,0
LOCAL,0346,Library Fund,91,Chicago Public Library,2005,Chicago Public Library,140,For Professional and Technical Services and Other Third Party Benefit Agreements,390169,890169,415429
LOCAL,0346,Library Fund,91,Chicago Public Library,2005,Chicago Public Library,149,For Software Maintenance and Licensing,432441,432441,432441
LOCAL,0346,Library Fund,91,Chicago Public Library,2005,Chicago Public Library,152,Advertising,63092,63092,63092
LOCAL,0346,Library Fund,91,Chicago Public Library,2005,Chicago Public Library,154,For the Rental and Maintenance of Data Processing  Office Automation and Data Communications Hardware,209972,209972,209972
LOCAL,0346,Library Fund,91,Chicago Public Library,2005,Chicago Public Library,157,Rental of Equipment and Services,228829,228829,279980
LOCAL,0346,Library Fund,91,Chicago Public Library,2005,Chicago Public Library,162,Repair/Maintenance of Equipment,173530,173530,173530
LOCAL,0346,Library Fund,91,Chicago Public Library,2005,Chicago Public Library,164,Bookbinding,56107,56107,56107
LOCAL,0346,Library Fund,91,Chicago Public Library,2005,Chicago Public Library,165,Graphic Design Services,13813,13813,13813
LOCAL,0346,Library Fund,91,Chicago Public Library,2005,Chicago Public Library,166,Dues  Subscriptions and Memberships,199732,199732,199732
LOCAL,0346,Library Fund,91,Chicago Public Library,2005,Chicago Public Library,181,Mobile Communication Services,2800,2800,2000
LOCAL,0346,Library Fund,91,Chicago Public Library,2005,Chicago Public Library,189,Telephone - Non-Centrex Billings,71000,71000,92500
LOCAL,0346,Library Fund,91,Chicago Public Library,2005,Chicago Public Library,190,Telephone - Non-Centrex Billings,327000,327000,249000
LOCAL,0346,Library Fund,91,Chicago Public Library,2005,Chicago Public Library,191,Telephone - Relocations of Phone Lines,9100,9100,9100
LOCAL,0346,Library Fund,91,Chicago Public Library,2005,Chicago Public Library,196,Data Circuits,1110885,1110885,1110885
LOCAL,0346,Library Fund,91,Chicago Public Library,2005,Chicago Public Library,197,Telephone - Maintenance and Repair of Equipment and Voicemail,20175,20175,18110
LOCAL,0346,Library Fund,91,Chicago Public Library,2005,Chicago Public Library,245,Reimbursement to Travelers,23880,23880,17880
LOCAL,0346,Library Fund,91,Chicago Public Library,2005,Chicago Public Library,340,Material and Supplies,37988,37988,37988
LOCAL,0346,Library Fund,91,Chicago Public Library,2005,Chicago Public Library,350,Stationery and Office Supplies,560291,560291,560291
LOCAL,0346,Library Fund,91,Chicago Public Library,2005,Chicago Public Library,361,Building Materials and Supplies,1312,1312,1312
LOCAL,0346,Library Fund,91,Chicago Public Library,2005,Chicago Public Library,365,Electrical Supplies,1220,1220,1220
LOCAL,0346,Library Fund,91,Chicago Public Library,2005,Chicago Public Library,446,For the Purchase of Data Processing  Office Automation and Data Communication Hardware,0,0,500000
LOCAL,0346,Library Fund,91,Chicago Public Library,2005,Chicago Public Library,9438,For Services Provided by the Department of Fleet and Facilities Management,35000,35000,20000
LOCAL,0100,Corporate Fund,99,Finance General,2005,Finance General,3,Scheduled Wage Adjustments,5731883,5670369,0
LOCAL,0100,Corporate Fund,99,Finance General,2005,Finance General,29,For Health Maintenance Organization Premiums (HMO) Provided to Eligible Employees and Their Families,107257226,107257226,93716768
LOCAL,0100,Corporate Fund,99,Finance General,2005,Finance General,39,For the Employment of Students as Trainees,298400,298400,298400
LOCAL,0100,Corporate Fund,99,Finance General,2005,Finance General,42,,231357278,231357278,232749404
LOCAL,0100,Corporate Fund,99,Finance General,2005,Finance General,43,,1006250,1006250,980705
LOCAL,0100,Corporate Fund,99,Finance General,2005,Finance General,45,For the Cost of Claims and Administration or Premiums for Term Life Insurance,2864540,2864540,2490346
LOCAL,0100,Corporate Fund,99,Finance General,2005,Finance General,49,Claims and Costs of Administration Pursuant to the Workers' Compensation Act,40000000,40000000,39000000
LOCAL,0100,Corporate Fund,99,Finance General,2005,Finance General,51,Claims Under Unemployment Insurance Act,3750673,3750673,3850673
LOCAL,0100,Corporate Fund,99,Finance General,2005,Finance General,52,Costs of Claims and Administration for Hospital and Medical Care to Eligible Annuitants and Their Eligible Dependents,7727290,7727290,7160130
LOCAL,0100,Corporate Fund,99,Finance General,2005,Finance General,56,For the Cost of Claims and Administration or Premiums for a Co-Insured Dental Plan for Employees,11747901,11747901,11116162
LOCAL,0100,Corporate Fund,99,Finance General,2005,Finance General,69,PAR Grant Reconciliation,0,0,600000
LOCAL,0100,Corporate Fund,99,Finance General,2005,Finance General,70,Tuition Reimbursement and Educational Programs,205000,205000,205000
LOCAL,0100,Corporate Fund,99,Finance General,2005,Finance General,95,For Payment of Allowances of Money to Families or Dependents of Policemen or Firemen Fatally Injured While in the Performance of Their Duties,200000,200000,200000
LOCAL,0100,Corporate Fund,99,Finance General,2005,Finance General,138,For Professional Services for Information Technology Maintenance,43149556,43149556,41799101
LOCAL,0100,Corporate Fund,99,Finance General,2005,Finance General,139,For Professional Services for Information Technology Development,2433852,2433852,10510683
LOCAL,0100,Corporate Fund,99,Finance General,2005,Finance General,140,For Professional and Technical Services and Other Third Party Benefit Agreements,38720317,37982317,56780209
LOCAL,0100,Corporate Fund,99,Finance General,2005,Finance General,142,Accounting and Auditing,1820000,1820000,1820000
LOCAL,0100,Corporate Fund,99,Finance General,2005,Finance General,145,Legal Expenses,1750000,1750000,2850000
LOCAL,0100,Corporate Fund,99,Finance General,2005,Finance General,149,For Software Maintenance and Licensing,38814,38814,0
LOCAL,0100,Corporate Fund,99,Finance General,2005,Finance General,170,Surety Bond Premiums,50000,50000,50000
LOCAL,0100,Corporate Fund,99,Finance General,2005,Finance General,172,For the Cost of Insurance Premiums and Expenses,1804948,1804948,2564948
LOCAL,0100,Corporate Fund,99,Finance General,2005,Finance General,196,Data Circuits,150000,150000,150000
LOCAL,0100,Corporate Fund,99,Finance General,2005,Finance General,340,Material and Supplies,115200,115200,115000
LOCAL,0100,Corporate Fund,99,Finance General,2005,Finance General,342,Drugs  Medicine and Chemical Materials,125000,125000,3125000
LOCAL,0100,Corporate Fund,99,Finance General,2005,Finance General,912,For Payment of Bonds,6478572,5000000,12000000
LOCAL,0100,Corporate Fund,99,Finance General,2005,Finance General,931,For the Payment of Tort and Non-Tort Judgments  Outside Counsel Expenses and Expert Costs  as Approved by the Corporation Counsel,15423400,15423400,15423400
LOCAL,0100,Corporate Fund,99,Finance General,2005,Finance General,934,Claims for Damages and Liabilities Against the City When Ordered Paid by the City Council,200000,200000,200000
LOCAL,0100,Corporate Fund,99,Finance General,2005,Finance General,947,For Financing Payments,0,1478572,1478572
LOCAL,0100,Corporate Fund,99,Finance General,2005,Finance General,991,To Provide for Matching and Supplementary Grant Funds Currently in Effect as Well as New Grants,8555830,8555830,8417000
LOCAL,0100,Corporate Fund,99,Finance General,2005,Finance General,9027,For the City Contribution to Social Security Tax,897841,897841,1057681
LOCAL,0100,Corporate Fund,99,Finance General,2005,Finance General,9076,City's Contribution to Medicare Tax,35305550,35305550,35342460
LOCAL,0100,Corporate Fund,99,Finance General,2005,Finance General,9097,For Capital Construction,4655000,4655000,0
LOCAL,0100,Corporate Fund,99,Finance General,2005,Finance General,9121,For Payment of Costs Associated with Lobbyist Activities on Behalf of the City of Chicago,480000,480000,480000
LOCAL,0100,Corporate Fund,99,Finance General,2005,Finance General,9176,West Nile Virus Program,425000,425000,425000
LOCAL,0100,Corporate Fund,99,Finance General,2005,Finance General,9180,For World Business Chicago Program,1200000,1200000,1200000
LOCAL,0100,Corporate Fund,99,Finance General,2005,Finance General,9240,CTA Capital,16000000,16000000,16000000
LOCAL,0100,Corporate Fund,99,Finance General,2005,Finance General,9241,Community Navigator Services for the Justice System,1000000,1000000,1000000
LOCAL,0100,Corporate Fund,99,Finance General,2005,Finance General,9291,Legal Protection Fund,1300000,1300000,1300000
LOCAL,0100,Corporate Fund,99,Finance General,2005,Finance General,9294,CPS Security,14000000,14000000,0
LOCAL,0100,Corporate Fund,99,Finance General,2005,Finance General,9377,For Transfers to Debt Service,118000000,118000000,16000000
LOCAL,0100,Corporate Fund,99,Finance General,2005,Finance General,9540,For Payment of General Obligation Certificate,4955500,4955500,15702325
LOCAL,0100,Corporate Fund,99,Finance General,2005,Finance General,9635,To Reimburse Midway Fund for Fire Department Salaries,2852109,2852109,2852109
LOCAL,0100,Corporate Fund,99,Finance General,2005,Finance General,9636,To Reimburse Midway Fund for Fire Department Benefits,1467410,1467410,1467410
LOCAL,0100,Corporate Fund,99,Finance General,2005,Finance General,9638,For Corporate Fund Subsidy of Chicago Public Library,15193000,15193000,7947000
LOCAL,0100,Corporate Fund,99,Finance General,2005,Finance General,9980,Municipal Fund Pension Allocation,81271000,81271000,81271000
LOCAL,0100,Corporate Fund,99,Finance General,2005,Finance General,9981,Laborers' Fund Pension Allocation,19753000,19753000,27056000
LOCAL,0100,Corporate Fund,99,Finance General,2005,Finance General,9982,Policemen's Fund Pension Allocation,0,0,18872000
LOCAL,0100,Corporate Fund,99,Finance General,2005,Finance General,9983,Firemen's Fund Pension Allocation,0,0,9575000
LOCAL,0200,Water Fund,99,Finance General,2005,Finance General,3,Scheduled Wage Adjustments,3442356,3442356,0
LOCAL,0200,Water Fund,99,Finance General,2005,Finance General,29,For Health Maintenance Organization Premiums (HMO) Provided to Eligible Employees and Their Families,6281710,6281710,6658567
LOCAL,0200,Water Fund,99,Finance General,2005,Finance General,42,,13531988,13531988,16722611
LOCAL,0200,Water Fund,99,Finance General,2005,Finance General,45,For the Cost of Claims and Administration or Premiums for Term Life Insurance,167767,167767,172447
LOCAL,0200,Water Fund,99,Finance General,2005,Finance General,49,Claims and Costs of Administration Pursuant to the Workers' Compensation Act,12000000,12000000,12000000
LOCAL,0200,Water Fund,99,Finance General,2005,Finance General,51,Claims Under Unemployment Insurance Act,483710,483710,483710
LOCAL,0200,Water Fund,99,Finance General,2005,Finance General,52,Costs of Claims and Administration for Hospital and Medical Care to Eligible Annuitants and Their Eligible Dependents,452562,452562,508726
LOCAL,0200,Water Fund,99,Finance General,2005,Finance General,56,For the Cost of Claims and Administration or Premiums for a Co-Insured Dental Plan for Employees,688037,688037,789802
LOCAL,0200,Water Fund,99,Finance General,2005,Finance General,70,Tuition Reimbursement and Educational Programs,40000,40000,40000
LOCAL,0200,Water Fund,99,Finance General,2005,Finance General,121,Investigation Costs. to Be Expended at the Direction of the Chairman of the Committee on Finance,602550,602550,602550
LOCAL,0200,Water Fund,99,Finance General,2005,Finance General,138,For Professional Services for Information Technology Maintenance,2803046,2803046,3569795
LOCAL,0200,Water Fund,99,Finance General,2005,Finance General,139,For Professional Services for Information Technology Development,3366200,3366200,2588532
LOCAL,0200,Water Fund,99,Finance General,2005,Finance General,140,For Professional and Technical Services and Other Third Party Benefit Agreements,2284243,2284243,4764720
LOCAL,0200,Water Fund,99,Finance General,2005,Finance General,142,Accounting and Auditing,442500,442500,442500
LOCAL,0200,Water Fund,99,Finance General,2005,Finance General,149,For Software Maintenance and Licensing,2268,2268,0
LOCAL,0200,Water Fund,99,Finance General,2005,Finance General,172,For the Cost of Insurance Premiums and Expenses,1000000,1000000,1120000
LOCAL,0200,Water Fund,99,Finance General,2005,Finance General,902,For Interest on Bonds,123152599,120152599,112717847
LOCAL,0200,Water Fund,99,Finance General,2005,Finance General,905,For Payment to Metropolitan Sanitary District for Wastewater Services,13000000,13000000,13000000
LOCAL,0200,Water Fund,99,Finance General,2005,Finance General,912,For Payment of Bonds,73835534,76835534,78304790
LOCAL,0200,Water Fund,99,Finance General,2005,Finance General,931,For the Payment of Tort and Non-Tort Judgments  Outside Counsel Expenses and Expert Costs  as Approved by the Corporation Counsel,6414000,6414000,6414000
LOCAL,0200,Water Fund,99,Finance General,2005,Finance General,934,Claims for Damages and Liabilities Against the City When Ordered Paid by the City Council,15000,15000,15000
LOCAL,0200,Water Fund,99,Finance General,2005,Finance General,943,For Interest on Loans,7560436,7560436,7168090
LOCAL,0200,Water Fund,99,Finance General,2005,Finance General,944,For Payment on Loans,18322603,18322603,18665640
LOCAL,0200,Water Fund,99,Finance General,2005,Finance General,958,For Payment of Water Pipe Extension Certificates,222000,222000,100000
LOCAL,0200,Water Fund,99,Finance General,2005,Finance General,959,For Bond Fees and Costs,61500,61500,62000
LOCAL,0200,Water Fund,99,Finance General,2005,Finance General,9027,For the City Contribution to Social Security Tax,37191,37191,37191
LOCAL,0200,Water Fund,99,Finance General,2005,Finance General,9067,For Physical Exams,0,0,28584
LOCAL,0200,Water Fund,99,Finance General,2005,Finance General,9076,City's Contribution to Medicare Tax,1574224,1574224,1574224
LOCAL,0200,Water Fund,99,Finance General,2005,Finance General,9097,For Capital Construction,100070346,100070346,76791755
LOCAL,0200,Water Fund,99,Finance General,2005,Finance General,9611,To Reimburse the Corporate Fund for Indirect Costs Chargeable to Fund,71516000,71516000,68737000
LOCAL,0200,Water Fund,99,Finance General,2005,Finance General,9645,To Reimburse the Corporate Fund for Indirect Pension Costs Chargeable to Fund,16770000,16770000,16938000
LOCAL,0200,Water Fund,99,Finance General,2005,Finance General,9765,Transfer for Contractual Services,625000,625000,625000
LOCAL,0200,Water Fund,99,Finance General,2005,Finance General,9773,Transfer for Services Provided by the Department of Police,1470301,1470301,1470301
LOCAL,0200,Water Fund,99,Finance General,2005,Finance General,9774,Transfer for Services Provided by the Office of Emergency Management and Communication,325000,325000,325000
LOCAL,0200,Water Fund,99,Finance General,2005,Finance General,9980,Municipal Fund Pension Allocation,24451000,24451000,30353000
LOCAL,0200,Water Fund,99,Finance General,2005,Finance General,9981,Laborers' Fund Pension Allocation,7684000,7684000,9722000
LOCAL,0300,Vehicle Tax Fund,99,Finance General,2005,Finance General,3,Scheduled Wage Adjustments,1283273,1283273,0
LOCAL,0300,Vehicle Tax Fund,99,Finance General,2005,Finance General,29,For Health Maintenance Organization Premiums (HMO) Provided to Eligible Employees and Their Families,4211293,4211293,4063763
LOCAL,0300,Vehicle Tax Fund,99,Finance General,2005,Finance General,42,,9071920,9071920,10083848
LOCAL,0300,Vehicle Tax Fund,99,Finance General,2005,Finance General,45,For the Cost of Claims and Administration or Premiums for Term Life Insurance,112472,112472,105245
LOCAL,0300,Vehicle Tax Fund,99,Finance General,2005,Finance General,49,Claims and Costs of Administration Pursuant to the Workers' Compensation Act,12500000,12500000,12500000
LOCAL,0300,Vehicle Tax Fund,99,Finance General,2005,Finance General,51,Claims Under Unemployment Insurance Act,291649,291649,291649
LOCAL,0300,Vehicle Tax Fund,99,Finance General,2005,Finance General,52,Costs of Claims and Administration for Hospital and Medical Care to Eligible Annuitants and Their Eligible Dependents,303400,303400,310479
LOCAL,0300,Vehicle Tax Fund,99,Finance General,2005,Finance General,56,For the Cost of Claims and Administration or Premiums for a Co-Insured Dental Plan for Employees,461264,461264,482021
LOCAL,0300,Vehicle Tax Fund,99,Finance General,2005,Finance General,70,Tuition Reimbursement and Educational Programs,20000,20000,20000
LOCAL,0300,Vehicle Tax Fund,99,Finance General,2005,Finance General,121,Investigation Costs. to Be Expended at the Direction of the Chairman of the Committee on Finance,113300,113300,113300
LOCAL,0300,Vehicle Tax Fund,99,Finance General,2005,Finance General,138,For Professional Services for Information Technology Maintenance,1805353,1805353,2308132
LOCAL,0300,Vehicle Tax Fund,99,Finance General,2005,Finance General,139,For Professional Services for Information Technology Development,50538,50538,13750
LOCAL,0300,Vehicle Tax Fund,99,Finance General,2005,Finance General,140,For Professional and Technical Services and Other Third Party Benefit Agreements,7302448,7302448,5743613
LOCAL,0300,Vehicle Tax Fund,99,Finance General,2005,Finance General,142,Accounting and Auditing,150000,150000,150000
LOCAL,0300,Vehicle Tax Fund,99,Finance General,2005,Finance General,149,For Software Maintenance and Licensing,1478,1478,0
LOCAL,0300,Vehicle Tax Fund,99,Finance General,2005,Finance General,931,For the Payment of Tort and Non-Tort Judgments  Outside Counsel Expenses and Expert Costs  as Approved by the Corporation Counsel,11800,11800,11800
LOCAL,0300,Vehicle Tax Fund,99,Finance General,2005,Finance General,934,Claims for Damages and Liabilities Against the City When Ordered Paid by the City Council,375000,375000,375000
LOCAL,0300,Vehicle Tax Fund,99,Finance General,2005,Finance General,989,For Refunds for Cancelled Voucher Warrants and Payroll Checks and for Refunding Duplicate Payments and Payments Made in Error,765000,765000,765000
LOCAL,0300,Vehicle Tax Fund,99,Finance General,2005,Finance General,991,To Provide for Matching and Supplementary Grant Funds Currently in Effect as Well as New Grants,782700,782700,1458000
LOCAL,0300,Vehicle Tax Fund,99,Finance General,2005,Finance General,9027,For the City Contribution to Social Security Tax,22477,22477,22477
LOCAL,0300,Vehicle Tax Fund,99,Finance General,2005,Finance General,9076,City's Contribution to Medicare Tax,951419,951419,951419
LOCAL,0300,Vehicle Tax Fund,99,Finance General,2005,Finance General,9581,Reserved for Excess Expenses Related to Snow Events,500000,500000,500000
LOCAL,0300,Vehicle Tax Fund,99,Finance General,2005,Finance General,9610,To Reimburse Corporate Fund for Pension Payments,14850686,14850686,29586000
LOCAL,0300,Vehicle Tax Fund,99,Finance General,2005,Finance General,9611,To Reimburse the Corporate Fund for Indirect Costs Chargeable to Fund,15170000,15170000,16801000
LOCAL,0300,Vehicle Tax Fund,99,Finance General,2005,Finance General,9774,Transfer for Services Provided by the Office of Emergency Management and Communication,10000,10000,10000
LOCAL,0310,Motor Fuel Tax Fund,99,Finance General,2005,Finance General,3,Scheduled Wage Adjustments,717751,717751,0
LOCAL,0310,Motor Fuel Tax Fund,99,Finance General,2005,Finance General,951,Debt Service Reserve,756816,756816,0
LOCAL,0310,Motor Fuel Tax Fund,99,Finance General,2005,Finance General,9189,For Payment of the Annual Contribution to the Chicago Transit Authority (CTA),3000000,3000000,3000000
LOCAL,0314,Sewer Fund,99,Finance General,2005,Finance General,3,Scheduled Wage Adjustments,1213678,1213678,0
LOCAL,0314,Sewer Fund,99,Finance General,2005,Finance General,29,For Health Maintenance Organization Premiums (HMO) Provided to Eligible Employees and Their Families,2310927,2310927,2476858
LOCAL,0314,Sewer Fund,99,Finance General,2005,Finance General,42,,4978172,4978172,6146092
LOCAL,0314,Sewer Fund,99,Finance General,2005,Finance General,45,For the Cost of Claims and Administration or Premiums for Term Life Insurance,61718,61718,64147
LOCAL,0314,Sewer Fund,99,Finance General,2005,Finance General,49,Claims and Costs of Administration Pursuant to the Workers' Compensation Act,5900000,5900000,5900000
LOCAL,0314,Sewer Fund,99,Finance General,2005,Finance General,51,Claims Under Unemployment Insurance Act,174278,174278,174278
LOCAL,0314,Sewer Fund,99,Finance General,2005,Finance General,52,Costs of Claims and Administration for Hospital and Medical Care to Eligible Annuitants and Their Eligible Dependents,166489,166489,189236
LOCAL,0314,Sewer Fund,99,Finance General,2005,Finance General,56,For the Cost of Claims and Administration or Premiums for a Co-Insured Dental Plan for Employees,253116,253116,293791
LOCAL,0314,Sewer Fund,99,Finance General,2005,Finance General,70,Tuition Reimbursement and Educational Programs,25000,25000,25000
LOCAL,0314,Sewer Fund,99,Finance General,2005,Finance General,121,Investigation Costs. to Be Expended at the Direction of the Chairman of the Committee on Finance,103000,103000,103000
LOCAL,0314,Sewer Fund,99,Finance General,2005,Finance General,138,For Professional Services for Information Technology Maintenance,1078926,1078926,1357879
LOCAL,0314,Sewer Fund,99,Finance General,2005,Finance General,139,For Professional Services for Information Technology Development,1544662,1544662,1192735
LOCAL,0314,Sewer Fund,99,Finance General,2005,Finance General,140,For Professional and Technical Services and Other Third Party Benefit Agreements,316393,316393,316393
LOCAL,0314,Sewer Fund,99,Finance General,2005,Finance General,142,Accounting and Auditing,150000,150000,150000
LOCAL,0314,Sewer Fund,99,Finance General,2005,Finance General,149,For Software Maintenance and Licensing,888,888,0
LOCAL,0314,Sewer Fund,99,Finance General,2005,Finance General,902,For Interest on Bonds,84607541,84607541,89314407
LOCAL,0314,Sewer Fund,99,Finance General,2005,Finance General,912,For Payment of Bonds,50015000,50015000,47821631
LOCAL,0314,Sewer Fund,99,Finance General,2005,Finance General,931,For the Payment of Tort and Non-Tort Judgments  Outside Counsel Expenses and Expert Costs  as Approved by the Corporation Counsel,250000,250000,250000
LOCAL,0314,Sewer Fund,99,Finance General,2005,Finance General,934,Claims for Damages and Liabilities Against the City When Ordered Paid by the City Council,25000,25000,25000
LOCAL,0314,Sewer Fund,99,Finance General,2005,Finance General,943,For Interest on Loans,4137158,4137158,4074908
LOCAL,0314,Sewer Fund,99,Finance General,2005,Finance General,944,For Payment on Loans,11293928,11293928,11731577
LOCAL,0314,Sewer Fund,99,Finance General,2005,Finance General,959,For Bond Fees and Costs,46090,46090,39000
LOCAL,0314,Sewer Fund,99,Finance General,2005,Finance General,9027,For the City Contribution to Social Security Tax,13087,13087,13087
LOCAL,0314,Sewer Fund,99,Finance General,2005,Finance General,9076,City's Contribution to Medicare Tax,553951,553951,553951
LOCAL,0314,Sewer Fund,99,Finance General,2005,Finance General,9097,For Capital Construction,38803557,38803557,33593236
LOCAL,0314,Sewer Fund,99,Finance General,2005,Finance General,9148,To Provide for Senior Citizens - Rebate of Sewer Services When Senior Occupies Multi-Family Residency or Condominium,350000,350000,350000
LOCAL,0314,Sewer Fund,99,Finance General,2005,Finance General,9376,For Transfers to Sewer Rate Stabilization Account,1631000,1631000,0
LOCAL,0314,Sewer Fund,99,Finance General,2005,Finance General,9611,To Reimburse the Corporate Fund for Indirect Costs Chargeable to Fund,38658000,38658000,39795000
LOCAL,0314,Sewer Fund,99,Finance General,2005,Finance General,9645,To Reimburse the Corporate Fund for Indirect Pension Costs Chargeable to Fund,10767000,10767000,10837000
LOCAL,0314,Sewer Fund,99,Finance General,2005,Finance General,9710,Transfer to Water Fund for Cost Allocable to Sewer Fund,10000000,10000000,10000000
LOCAL,0314,Sewer Fund,99,Finance General,2005,Finance General,9774,Transfer for Services Provided by the Office of Emergency Management and Communication,120000,120000,120000
LOCAL,0314,Sewer Fund,99,Finance General,2005,Finance General,9980,Municipal Fund Pension Allocation,6968000,6968000,8469000
LOCAL,0314,Sewer Fund,99,Finance General,2005,Finance General,9981,Laborers' Fund Pension Allocation,5779000,5779000,7369000
LOCAL,0346,Library Fund,99,Finance General,2005,Finance General,3,Scheduled Wage Adjustments,1117086,1117086,0
LOCAL,0346,Library Fund,99,Finance General,2005,Finance General,29,For Health Maintenance Organization Premiums (HMO) Provided to Eligible Employees and Their Families,2607669,2607669,3316774
LOCAL,0346,Library Fund,99,Finance General,2005,Finance General,42,,5703660,5703660,8230265
LOCAL,0346,Library Fund,99,Finance General,2005,Finance General,45,For the Cost of Claims and Administration or Premiums for Term Life Insurance,69644,69644,85900
LOCAL,0346,Library Fund,99,Finance General,2005,Finance General,49,Claims and Costs of Administration Pursuant to the Workers' Compensation Act,550000,550000,550000
LOCAL,0346,Library Fund,99,Finance General,2005,Finance General,51,Claims Under Unemployment Insurance Act,248969,248969,248969
LOCAL,0740,Chicago O'Hare Airport Fund,99,Finance General,2005,Finance General,42,,16374747,16374747,20655481
LOCAL,0346,Library Fund,99,Finance General,2005,Finance General,52,Costs of Claims and Administration for Hospital and Medical Care to Eligible Annuitants and Their Eligible Dependents,187868,187868,253407
LOCAL,0346,Library Fund,99,Finance General,2005,Finance General,56,For the Cost of Claims and Administration or Premiums for a Co-Insured Dental Plan for Employees,285618,285618,393417
LOCAL,0346,Library Fund,99,Finance General,2005,Finance General,70,Tuition Reimbursement and Educational Programs,85000,85000,85000
LOCAL,0346,Library Fund,99,Finance General,2005,Finance General,140,For Professional and Technical Services and Other Third Party Benefit Agreements,1707759,1707759,1568355
LOCAL,0346,Library Fund,99,Finance General,2005,Finance General,142,Accounting and Auditing,110000,110000,110000
LOCAL,0346,Library Fund,99,Finance General,2005,Finance General,190,Telephone - Non-Centrex Billings,280000,280000,144000
LOCAL,0346,Library Fund,99,Finance General,2005,Finance General,420,Furniture and Fixtures,1400000,1400000,752000
LOCAL,0346,Library Fund,99,Finance General,2005,Finance General,446,For the Purchase of Data Processing  Office Automation and Data Communication Hardware,880000,880000,578000
LOCAL,0346,Library Fund,99,Finance General,2005,Finance General,450,Vehicles,100000,100000,100000
LOCAL,0346,Library Fund,99,Finance General,2005,Finance General,955,Interest on Library Financing,1200000,1200000,1755000
LOCAL,0346,Library Fund,99,Finance General,2005,Finance General,9027,For the City Contribution to Social Security Tax,19150,19150,19150
LOCAL,0346,Library Fund,99,Finance General,2005,Finance General,9076,City's Contribution to Medicare Tax,810584,810584,810584
LOCAL,0346,Library Fund,99,Finance General,2005,Finance General,9112,Property Maintenance Contract for the Harold Washington Library Center,7335236,7335236,7835236
LOCAL,0346,Library Fund,99,Finance General,2005,Finance General,9199,For Purchase of Chicago Public Library Books and Materials,8415000,8415000,6385000
LOCAL,0346,Library Fund,99,Finance General,2005,Finance General,9980,Municipal Fund Pension Allocation,3141000,3141000,3141000
LOCAL,0353,Emergency Communication Fund,99,Finance General,2005,Finance General,29,For Health Maintenance Organization Premiums (HMO) Provided to Eligible Employees and Their Families,499312,499312,2648415
LOCAL,0353,Emergency Communication Fund,99,Finance General,2005,Finance General,42,,1075612,1075612,6571795
LOCAL,0353,Emergency Communication Fund,99,Finance General,2005,Finance General,45,For the Cost of Claims and Administration or Premiums for Term Life Insurance,13335,13335,68590
LOCAL,0353,Emergency Communication Fund,99,Finance General,2005,Finance General,51,Claims Under Unemployment Insurance Act,15063,15063,15063
LOCAL,0353,Emergency Communication Fund,99,Finance General,2005,Finance General,52,Costs of Claims and Administration for Hospital and Medical Care to Eligible Annuitants and Their Eligible Dependents,35973,35973,202344
LOCAL,0353,Emergency Communication Fund,99,Finance General,2005,Finance General,56,For the Cost of Claims and Administration or Premiums for a Co-Insured Dental Plan for Employees,54690,54690,314140
LOCAL,0353,Emergency Communication Fund,99,Finance General,2005,Finance General,138,For Professional Services for Information Technology Maintenance,0,0,1378016
LOCAL,0353,Emergency Communication Fund,99,Finance General,2005,Finance General,139,For Professional Services for Information Technology Development,0,0,8824
LOCAL,0353,Emergency Communication Fund,99,Finance General,2005,Finance General,9611,To Reimburse the Corporate Fund for Indirect Costs Chargeable to Fund,7813000,7813000,7930000
LOCAL,0353,Emergency Communication Fund,99,Finance General,2005,Finance General,9980,Municipal Fund Pension Allocation,10641000,10641000,12972000
LOCAL,0355,Special Events and Municipal Hotel Operators' Occupation Tax Fund,99,Finance General,2005,Finance General,3,Scheduled Wage Adjustments,107426,107426,0
LOCAL,0355,Special Events and Municipal Hotel Operators' Occupation Tax Fund,99,Finance General,2005,Finance General,29,For Health Maintenance Organization Premiums (HMO) Provided to Eligible Employees and Their Families,266255,266255,296651
LOCAL,0355,Special Events and Municipal Hotel Operators' Occupation Tax Fund,99,Finance General,2005,Finance General,42,,573562,573562,736112
LOCAL,0355,Special Events and Municipal Hotel Operators' Occupation Tax Fund,99,Finance General,2005,Finance General,45,For the Cost of Claims and Administration or Premiums for Term Life Insurance,7111,7111,7683
LOCAL,0355,Special Events and Municipal Hotel Operators' Occupation Tax Fund,99,Finance General,2005,Finance General,49,Claims and Costs of Administration Pursuant to the Workers' Compensation Act,55000,55000,55000
LOCAL,0355,Special Events and Municipal Hotel Operators' Occupation Tax Fund,99,Finance General,2005,Finance General,51,Claims Under Unemployment Insurance Act,28454,28454,28454
LOCAL,0355,Special Events and Municipal Hotel Operators' Occupation Tax Fund,99,Finance General,2005,Finance General,52,Costs of Claims and Administration for Hospital and Medical Care to Eligible Annuitants and Their Eligible Dependents,19182,19182,22665
LOCAL,0355,Special Events and Municipal Hotel Operators' Occupation Tax Fund,99,Finance General,2005,Finance General,56,For the Cost of Claims and Administration or Premiums for a Co-Insured Dental Plan for Employees,29163,29163,35187
LOCAL,0355,Special Events and Municipal Hotel Operators' Occupation Tax Fund,99,Finance General,2005,Finance General,135,For Delegate Agencies,75000,75000,0
LOCAL,0355,Special Events and Municipal Hotel Operators' Occupation Tax Fund,99,Finance General,2005,Finance General,138,For Professional Services for Information Technology Maintenance,140181,140181,202214
LOCAL,0355,Special Events and Municipal Hotel Operators' Occupation Tax Fund,99,Finance General,2005,Finance General,139,For Professional Services for Information Technology Development,4313,4313,992
LOCAL,0355,Special Events and Municipal Hotel Operators' Occupation Tax Fund,99,Finance General,2005,Finance General,140,For Professional and Technical Services and Other Third Party Benefit Agreements,4770476,4770476,5020476
LOCAL,0355,Special Events and Municipal Hotel Operators' Occupation Tax Fund,99,Finance General,2005,Finance General,149,For Software Maintenance and Licensing,112,112,0
LOCAL,0355,Special Events and Municipal Hotel Operators' Occupation Tax Fund,99,Finance General,2005,Finance General,160,Repair or Maintenance of Property,500000,500000,400000
LOCAL,0355,Special Events and Municipal Hotel Operators' Occupation Tax Fund,99,Finance General,2005,Finance General,161,Operation  Repair or Maintenance of Facilities,200000,200000,200000
LOCAL,0355,Special Events and Municipal Hotel Operators' Occupation Tax Fund,99,Finance General,2005,Finance General,991,To Provide for Matching and Supplementary Grant Funds Currently in Effect as Well as New Grants,318750,318750,248000
LOCAL,0355,Special Events and Municipal Hotel Operators' Occupation Tax Fund,99,Finance General,2005,Finance General,9027,For the City Contribution to Social Security Tax,1922,1922,1922
LOCAL,0355,Special Events and Municipal Hotel Operators' Occupation Tax Fund,99,Finance General,2005,Finance General,9076,City's Contribution to Medicare Tax,81372,81372,81372
LOCAL,0355,Special Events and Municipal Hotel Operators' Occupation Tax Fund,99,Finance General,2005,Finance General,9124,For the Sister Cities Program,528643,528643,528643
LOCAL,0355,Special Events and Municipal Hotel Operators' Occupation Tax Fund,99,Finance General,2005,Finance General,9610,To Reimburse Corporate Fund for Pension Payments,1349468,1349468,1645000
LOCAL,0355,Special Events and Municipal Hotel Operators' Occupation Tax Fund,99,Finance General,2005,Finance General,9611,To Reimburse the Corporate Fund for Indirect Costs Chargeable to Fund,6285000,6285000,6669000
LOCAL,0355,Special Events and Municipal Hotel Operators' Occupation Tax Fund,99,Finance General,2005,Finance General,9770,Transfer for Services Provided by the Department of Finance,80000,80000,80000
LOCAL,0355,Special Events and Municipal Hotel Operators' Occupation Tax Fund,99,Finance General,2005,Finance General,9771,Transfer for Services Provided by the Department of Fleet and Facilities Management,372000,372000,372000
LOCAL,0355,Special Events and Municipal Hotel Operators' Occupation Tax Fund,99,Finance General,2005,Finance General,9772,Transfer for Services Provided by the Chicago Department of Public Health,15000,15000,22000
LOCAL,0355,Special Events and Municipal Hotel Operators' Occupation Tax Fund,99,Finance General,2005,Finance General,9773,Transfer for Services Provided by the Department of Police,950000,950000,950000
LOCAL,0355,Special Events and Municipal Hotel Operators' Occupation Tax Fund,99,Finance General,2005,Finance General,9774,Transfer for Services Provided by the Office of Emergency Management and Communication,250000,250000,250000
LOCAL,0355,Special Events and Municipal Hotel Operators' Occupation Tax Fund,99,Finance General,2005,Finance General,9775,Transfer for Services Provided by the Fire Department,165000,165000,165000
LOCAL,0355,Special Events and Municipal Hotel Operators' Occupation Tax Fund,99,Finance General,2005,Finance General,9776,Transfer for Services Provided by the Department of Streets and Sanitation,60500,60500,60500
LOCAL,0355,Special Events and Municipal Hotel Operators' Occupation Tax Fund,99,Finance General,2005,Finance General,9777,Transfer for Services Provided by the Chicago Department of Transportation,5000,5000,5000
LOCAL,0355,Special Events and Municipal Hotel Operators' Occupation Tax Fund,99,Finance General,2005,Finance General,9805,For Festival Production,100000,100000,175000
LOCAL,0355,Special Events and Municipal Hotel Operators' Occupation Tax Fund,99,Finance General,2005,Finance General,9813,For Local Promotions and Marketing,25000,25000,25000
LOCAL,0383,Motor Fuel Tax Debt Service Fund,99,Finance General,2005,Finance General,902,For Interest on Bonds,7644000,7644000,7421000
LOCAL,0383,Motor Fuel Tax Debt Service Fund,99,Finance General,2005,Finance General,912,For Payment of Bonds,4515000,4515000,4740000
LOCAL,0383,Motor Fuel Tax Debt Service Fund,99,Finance General,2005,Finance General,943,For Interest on Loans,3367000,3367000,3222000
LOCAL,0383,Motor Fuel Tax Debt Service Fund,99,Finance General,2005,Finance General,944,For Payment on Loans,0,0,3035000
LOCAL,0383,Motor Fuel Tax Debt Service Fund,99,Finance General,2005,Finance General,959,For Bond Fees and Costs,18000,18000,18000
LOCAL,0505,Sales Tax Bond Redemption Fund,99,Finance General,2005,Finance General,902,For Interest on Bonds,24216000,24216000,0
LOCAL,0505,Sales Tax Bond Redemption Fund,99,Finance General,2005,Finance General,912,For Payment of Bonds,14635000,14635000,0
LOCAL,0505,Sales Tax Bond Redemption Fund,99,Finance General,2005,Finance General,959,For Bond Fees and Costs,72000,72000,0
LOCAL,0510,Bond Redemption and Interest Series Fund,99,Finance General,2005,Finance General,902,For Interest on Bonds,415957000,415957000,464929122
LOCAL,0510,Bond Redemption and Interest Series Fund,99,Finance General,2005,Finance General,912,For Payment of Bonds,199440000,199440000,155144900
LOCAL,0510,Bond Redemption and Interest Series Fund,99,Finance General,2005,Finance General,960,For Loss in Collection of Taxes,16599000,16599000,17078978
LOCAL,0516,Library Bond Redemption Fund,99,Finance General,2005,Finance General,902,For Interest on Bonds,2563000,2563000,2488000
LOCAL,0516,Library Bond Redemption Fund,99,Finance General,2005,Finance General,912,For Payment of Bonds,1605000,1605000,1680000
LOCAL,0516,Library Bond Redemption Fund,99,Finance General,2005,Finance General,960,For Loss in Collection of Taxes,170000,170000,170000
LOCAL,0521,"Library Note Redemption and Interest Tender Notes Series ""B"" Fund",99,Finance General,2005,Finance General,960,For Loss in Collection of Taxes,3437000,3437000,4037000
LOCAL,0521,"Library Note Redemption and Interest Tender Notes Series ""B"" Fund",99,Finance General,2005,Finance General,961,For Payment of Term Notes,83627000,83627000,98087000
LOCAL,0525,Emergency Communication Bond Redemption and Interest Fund,99,Finance General,2005,Finance General,902,For Interest on Bonds,5339000,5339000,4378000
LOCAL,0525,Emergency Communication Bond Redemption and Interest Fund,99,Finance General,2005,Finance General,912,For Payment of Bonds,16990000,16990000,17945000
LOCAL,0549,City Colleges Bond Redemption and Interest Fund,99,Finance General,2005,Finance General,902,For Interest on Bonds,24530000,24530000,25052000
LOCAL,0549,City Colleges Bond Redemption and Interest Fund,99,Finance General,2005,Finance General,912,For Payment of Bonds,10674000,10674000,10117000
LOCAL,0549,City Colleges Bond Redemption and Interest Fund,99,Finance General,2005,Finance General,960,For Loss in Collection of Taxes,1428000,1428000,1461000
LOCAL,0610,Chicago Midway Airport Fund,99,Finance General,2005,Finance General,29,For Health Maintenance Organization Premiums (HMO) Provided to Eligible Employees and Their Families,1578558,1578558,2173059
LOCAL,0610,Chicago Midway Airport Fund,99,Finance General,2005,Finance General,42,,3580510,3580510,5392242
LOCAL,0610,Chicago Midway Airport Fund,99,Finance General,2005,Finance General,43,,47917,47917,47917
LOCAL,0610,Chicago Midway Airport Fund,99,Finance General,2005,Finance General,45,For the Cost of Claims and Administration or Premiums for Term Life Insurance,42159,42159,56279
LOCAL,0610,Chicago Midway Airport Fund,99,Finance General,2005,Finance General,49,Claims and Costs of Administration Pursuant to the Workers' Compensation Act,175000,175000,175000
LOCAL,0610,Chicago Midway Airport Fund,99,Finance General,2005,Finance General,51,Claims Under Unemployment Insurance Act,93185,93185,93185
LOCAL,0610,Chicago Midway Airport Fund,99,Finance General,2005,Finance General,52,Costs of Claims and Administration for Hospital and Medical Care to Eligible Annuitants and Their Eligible Dependents,113726,113726,166026
LOCAL,0610,Chicago Midway Airport Fund,99,Finance General,2005,Finance General,56,For the Cost of Claims and Administration or Premiums for a Co-Insured Dental Plan for Employees,172900,172900,257756
LOCAL,0610,Chicago Midway Airport Fund,99,Finance General,2005,Finance General,138,For Professional Services for Information Technology Maintenance,513291,513291,1002838
LOCAL,0610,Chicago Midway Airport Fund,99,Finance General,2005,Finance General,139,For Professional Services for Information Technology Development,18456,18456,7054
LOCAL,0610,Chicago Midway Airport Fund,99,Finance General,2005,Finance General,140,For Professional and Technical Services and Other Third Party Benefit Agreements,1548748,1548748,1341783
LOCAL,0610,Chicago Midway Airport Fund,99,Finance General,2005,Finance General,142,Accounting and Auditing,600500,600500,470500
LOCAL,0610,Chicago Midway Airport Fund,99,Finance General,2005,Finance General,145,Legal Expenses,913000,913000,847000
LOCAL,0610,Chicago Midway Airport Fund,99,Finance General,2005,Finance General,149,For Software Maintenance and Licensing,458,458,0
LOCAL,0610,Chicago Midway Airport Fund,99,Finance General,2005,Finance General,161,Operation  Repair or Maintenance of Facilities,20000,20000,20000
LOCAL,0610,Chicago Midway Airport Fund,99,Finance General,2005,Finance General,172,For the Cost of Insurance Premiums and Expenses,3200000,3200000,3224000
LOCAL,0610,Chicago Midway Airport Fund,99,Finance General,2005,Finance General,902,For Interest on Bonds,71515000,71515000,75791162
LOCAL,0610,Chicago Midway Airport Fund,99,Finance General,2005,Finance General,912,For Payment of Bonds,35090000,35090000,48185000
LOCAL,0610,Chicago Midway Airport Fund,99,Finance General,2005,Finance General,931,For the Payment of Tort and Non-Tort Judgments  Outside Counsel Expenses and Expert Costs  as Approved by the Corporation Counsel,4500,4500,4500
LOCAL,0610,Chicago Midway Airport Fund,99,Finance General,2005,Finance General,959,For Bond Fees and Costs,2800817,2800817,2769400
LOCAL,0610,Chicago Midway Airport Fund,99,Finance General,2005,Finance General,9027,For the City Contribution to Social Security Tax,7025,7025,7025
LOCAL,0610,Chicago Midway Airport Fund,99,Finance General,2005,Finance General,9046,For Operations and Maintenance Reserve,1200000,1200000,1200000
LOCAL,0610,Chicago Midway Airport Fund,99,Finance General,2005,Finance General,9076,City's Contribution to Medicare Tax,278870,278870,278870
LOCAL,0610,Chicago Midway Airport Fund,99,Finance General,2005,Finance General,9611,To Reimburse the Corporate Fund for Indirect Costs Chargeable to Fund,7711000,7711000,7612000
LOCAL,0610,Chicago Midway Airport Fund,99,Finance General,2005,Finance General,9711,Transfer to O'Hare Fund for Administrative Salaries,3000000,3000000,3000000
LOCAL,0610,Chicago Midway Airport Fund,99,Finance General,2005,Finance General,9980,Municipal Fund Pension Allocation,5028000,5028000,6283000
LOCAL,0610,Chicago Midway Airport Fund,99,Finance General,2005,Finance General,9981,Laborers' Fund Pension Allocation,698000,698000,884000
LOCAL,0610,Chicago Midway Airport Fund,99,Finance General,2005,Finance General,9982,Policemen's Fund Pension Allocation,2538000,2538000,3386000
LOCAL,0610,Chicago Midway Airport Fund,99,Finance General,2005,Finance General,9983,Firemen's Fund Pension Allocation,3226000,3226000,3351000
LOCAL,0681,Municipal Employees' Annuity and Benefit Fund,99,Finance General,2005,Finance General,976,For the City's Contribution to Employees' Annuity and Benefit Fund,344000000,344000000,421000000
LOCAL,0681,Municipal Employees' Annuity and Benefit Fund,99,Finance General,2005,Finance General,980,Municipal Employees' Annuity and Benefit Obligation Fund,58200000,58200000,50002000
LOCAL,0682,Laborers' and Retirement Board Annuity and Benefit Fund,99,Finance General,2005,Finance General,976,For the City's Contribution to Employees' Annuity and Benefit Fund,48000000,48000000,60000000
LOCAL,0683,Policemen's Annuity and Benefit Fund,99,Finance General,2005,Finance General,976,For the City's Contribution to Employees' Annuity and Benefit Fund,557000000,557000000,579000000
LOCAL,0684,Firemen's Annuity and Benefit Fund,99,Finance General,2005,Finance General,976,For the City's Contribution to Employees' Annuity and Benefit Fund,238499000,238499000,248544000
LOCAL,0740,Chicago O'Hare Airport Fund,99,Finance General,2005,Finance General,3,Scheduled Wage Adjustments,1095758,1095758,0
LOCAL,0740,Chicago O'Hare Airport Fund,99,Finance General,2005,Finance General,29,For Health Maintenance Organization Premiums (HMO) Provided to Eligible Employees and Their Families,7580464,7580464,8324102
LOCAL,0740,Chicago O'Hare Airport Fund,99,Finance General,2005,Finance General,45,For the Cost of Claims and Administration or Premiums for Term Life Insurance,202453,202453,215582
LOCAL,0740,Chicago O'Hare Airport Fund,99,Finance General,2005,Finance General,49,Claims and Costs of Administration Pursuant to the Workers' Compensation Act,330000,330000,330000
LOCAL,0740,Chicago O'Hare Airport Fund,99,Finance General,2005,Finance General,51,Claims Under Unemployment Insurance Act,478731,478731,478731
LOCAL,0740,Chicago O'Hare Airport Fund,99,Finance General,2005,Finance General,52,Costs of Claims and Administration for Hospital and Medical Care to Eligible Annuitants and Their Eligible Dependents,546130,546130,635976
LOCAL,0740,Chicago O'Hare Airport Fund,99,Finance General,2005,Finance General,56,For the Cost of Claims and Administration or Premiums for a Co-Insured Dental Plan for Employees,830289,830289,987359
LOCAL,0740,Chicago O'Hare Airport Fund,99,Finance General,2005,Finance General,70,Tuition Reimbursement and Educational Programs,45000,45000,45000
LOCAL,0740,Chicago O'Hare Airport Fund,99,Finance General,2005,Finance General,135,For Delegate Agencies,970000,970000,970000
LOCAL,0740,Chicago O'Hare Airport Fund,99,Finance General,2005,Finance General,138,For Professional Services for Information Technology Maintenance,2836967,2836967,3479824
LOCAL,0740,Chicago O'Hare Airport Fund,99,Finance General,2005,Finance General,139,For Professional Services for Information Technology Development,101765,101765,27345
LOCAL,0740,Chicago O'Hare Airport Fund,99,Finance General,2005,Finance General,140,For Professional and Technical Services and Other Third Party Benefit Agreements,19993543,19993543,50979540
LOCAL,0740,Chicago O'Hare Airport Fund,99,Finance General,2005,Finance General,142,Accounting and Auditing,1549800,1549800,1077000
LOCAL,0740,Chicago O'Hare Airport Fund,99,Finance General,2005,Finance General,145,Legal Expenses,3504000,3504000,3530000
LOCAL,0740,Chicago O'Hare Airport Fund,99,Finance General,2005,Finance General,149,For Software Maintenance and Licensing,2534,2534,0
LOCAL,0740,Chicago O'Hare Airport Fund,99,Finance General,2005,Finance General,161,Operation  Repair or Maintenance of Facilities,30000,30000,30000
LOCAL,0740,Chicago O'Hare Airport Fund,99,Finance General,2005,Finance General,172,For the Cost of Insurance Premiums and Expenses,13750000,13750000,13846000
LOCAL,0740,Chicago O'Hare Airport Fund,99,Finance General,2005,Finance General,902,For Interest on Bonds,310617335,310617335,324183362
LOCAL,0740,Chicago O'Hare Airport Fund,99,Finance General,2005,Finance General,912,For Payment of Bonds,264405000,264405000,245735000
LOCAL,0740,Chicago O'Hare Airport Fund,99,Finance General,2005,Finance General,931,For the Payment of Tort and Non-Tort Judgments  Outside Counsel Expenses and Expert Costs  as Approved by the Corporation Counsel,8000,8000,8000
LOCAL,0740,Chicago O'Hare Airport Fund,99,Finance General,2005,Finance General,959,For Bond Fees and Costs,6077280,6077280,5924081
LOCAL,0740,Chicago O'Hare Airport Fund,99,Finance General,2005,Finance General,9027,For the City Contribution to Social Security Tax,36820,36820,36820
LOCAL,0740,Chicago O'Hare Airport Fund,99,Finance General,2005,Finance General,9046,For Operations and Maintenance Reserve,3000000,3000000,3000000
LOCAL,0740,Chicago O'Hare Airport Fund,99,Finance General,2005,Finance General,9047,For Special Capital Projects Requiring Airline Approval  Excluding Airline Improvement Program,2000000,2000000,2000000
LOCAL,0740,Chicago O'Hare Airport Fund,99,Finance General,2005,Finance General,9067,For Physical Exams,0,0,26416
LOCAL,0740,Chicago O'Hare Airport Fund,99,Finance General,2005,Finance General,9076,City's Contribution to Medicare Tax,1558575,1558575,1558575
LOCAL,0740,Chicago O'Hare Airport Fund,99,Finance General,2005,Finance General,9611,To Reimburse the Corporate Fund for Indirect Costs Chargeable to Fund,0,0,31538000
LOCAL,0740,Chicago O'Hare Airport Fund,99,Finance General,2005,Finance General,9626,To Reimburse Corporate Fund for Indirect Administrative and General Salaries Chargeable to O'Hare Fund,18520000,18520000,0
LOCAL,0740,Chicago O'Hare Airport Fund,99,Finance General,2005,Finance General,9629,To Reimburse Corporate Fund for Indirect Administrative and General Non-Salary Chargeable to O'Hare Fund,10838646,10838646,0
LOCAL,0740,Chicago O'Hare Airport Fund,99,Finance General,2005,Finance General,9980,Municipal Fund Pension Allocation,23678000,23678000,29673000
LOCAL,0740,Chicago O'Hare Airport Fund,99,Finance General,2005,Finance General,9981,Laborers' Fund Pension Allocation,3016000,3016000,3899000
LOCAL,0740,Chicago O'Hare Airport Fund,99,Finance General,2005,Finance General,9982,Policemen's Fund Pension Allocation,7840000,7840000,10120000
LOCAL,0740,Chicago O'Hare Airport Fund,99,Finance General,2005,Finance General,9983,Firemen's Fund Pension Allocation,12157000,12157000,12502000
LOCAL,0934,Affordable Housing Opportunity Fund,99,Finance General,2005,Finance General,9610,To Reimburse Corporate Fund for Pension Payments,221597,221597,0
LOCAL,0934,Affordable Housing Opportunity Fund,99,Finance General,2005,Finance General,9611,To Reimburse the Corporate Fund for Indirect Costs Chargeable to Fund,803000,803000,0
LOCAL,0934,Affordable Housing Opportunity Fund,99,Finance General,2005,Finance General,9668,To Reimburse Corporate Fund for Healthcare and Insurance Costs,265607,265607,0
LOCAL,0996,Affordable Housing Opportunity Fund,99,Finance General,2005,Finance General,29,For Health Maintenance Organization Premiums (HMO) Provided to Eligible Employees and Their Families,0,0,53612
LOCAL,0996,Affordable Housing Opportunity Fund,99,Finance General,2005,Finance General,42,,0,0,133032
LOCAL,0996,Affordable Housing Opportunity Fund,99,Finance General,2005,Finance General,45,For the Cost of Claims and Administration or Premiums for Term Life Insurance,0,0,1388
LOCAL,0996,Affordable Housing Opportunity Fund,99,Finance General,2005,Finance General,52,Costs of Claims and Administration for Hospital and Medical Care to Eligible Annuitants and Their Eligible Dependents,0,0,4096
LOCAL,0996,Affordable Housing Opportunity Fund,99,Finance General,2005,Finance General,56,For the Cost of Claims and Administration or Premiums for a Co-Insured Dental Plan for Employees,0,0,6359
LOCAL,0996,Affordable Housing Opportunity Fund,99,Finance General,2005,Finance General,9610,To Reimburse Corporate Fund for Pension Payments,0,0,283000
LOCAL,0996,Affordable Housing Opportunity Fund,99,Finance General,2005,Finance General,9611,To Reimburse the Corporate Fund for Indirect Costs Chargeable to Fund,0,0,577000
GRANTS,0U61,Local Health Protection,41,Department of Public Health,2730,Local Health Protection,801,Indirect Costs,0,0,815775
LOCAL,0B09,CTA Real Property Transfer Tax Fund,99,Finance General,2005,Finance General,9205,For Distribution of the Net Proceeds of the Real Property Transfer Tax - CTA Portion,67376000,67376000,63360000
LOCAL,0B09,CTA Real Property Transfer Tax Fund,99,Finance General,2005,Finance General,9640,To Reimburse Corporate Fund for Costs Incurred for Collection of the Real Property Transfer Tax - CTA Portion,664000,664000,640000
LOCAL,0B21,Tax Increment Financing Administration Fund,99,Finance General,2005,Finance General,3,Scheduled Wage Adjustments,94692,94692,0
LOCAL,0B21,Tax Increment Financing Administration Fund,99,Finance General,2005,Finance General,29,For Health Maintenance Organization Premiums (HMO) Provided to Eligible Employees and Their Families,0,0,239465
LOCAL,0B21,Tax Increment Financing Administration Fund,99,Finance General,2005,Finance General,42,,0,0,594211
LOCAL,0B21,Tax Increment Financing Administration Fund,99,Finance General,2005,Finance General,45,For the Cost of Claims and Administration or Premiums for Term Life Insurance,0,0,6202
LOCAL,0B21,Tax Increment Financing Administration Fund,99,Finance General,2005,Finance General,52,Costs of Claims and Administration for Hospital and Medical Care to Eligible Annuitants and Their Eligible Dependents,0,0,18296
LOCAL,0B21,Tax Increment Financing Administration Fund,99,Finance General,2005,Finance General,56,For the Cost of Claims and Administration or Premiums for a Co-Insured Dental Plan for Employees,0,0,28404
LOCAL,0B21,Tax Increment Financing Administration Fund,99,Finance General,2005,Finance General,138,For Professional Services for Information Technology Maintenance,111885,111885,165196
LOCAL,0B21,Tax Increment Financing Administration Fund,99,Finance General,2005,Finance General,139,For Professional Services for Information Technology Development,3623,3623,801
LOCAL,0B21,Tax Increment Financing Administration Fund,99,Finance General,2005,Finance General,142,Accounting and Auditing,435000,435000,435000
LOCAL,0B21,Tax Increment Financing Administration Fund,99,Finance General,2005,Finance General,149,For Software Maintenance and Licensing,89,89,0
LOCAL,0B21,Tax Increment Financing Administration Fund,99,Finance General,2005,Finance General,169,Technical Meeting Costs,10200,10200,10200
LOCAL,0B21,Tax Increment Financing Administration Fund,99,Finance General,2005,Finance General,9610,To Reimburse Corporate Fund for Pension Payments,1171052,1171052,1379000
LOCAL,0B21,Tax Increment Financing Administration Fund,99,Finance General,2005,Finance General,9611,To Reimburse the Corporate Fund for Indirect Costs Chargeable to Fund,534000,534000,513000
LOCAL,0B21,Tax Increment Financing Administration Fund,99,Finance General,2005,Finance General,9668,To Reimburse Corporate Fund for Healthcare and Insurance Costs,1405212,1405212,0
LOCAL,0B32,Garbage Collection Fund,99,Finance General,2005,Finance General,3,Scheduled Wage Adjustments,44946,44946,0
LOCAL,0B32,Garbage Collection Fund,99,Finance General,2005,Finance General,139,For Professional Services for Information Technology Development,252557,252557,197406
LOCAL,0B32,Garbage Collection Fund,99,Finance General,2005,Finance General,140,For Professional and Technical Services and Other Third Party Benefit Agreements,812160,812160,812160
LOCAL,0B39,Human Capital Innovation Fund,99,Finance General,2005,Finance General,9713,Transfer to Corporate Fund for Administrative Salaries,0,0,490000
LOCAL,0B41,Neighborhood Opportunity Fund,99,Finance General,2005,Finance General,29,For Health Maintenance Organization Premiums (HMO) Provided to Eligible Employees and Their Families,0,0,17871
LOCAL,0B41,Neighborhood Opportunity Fund,99,Finance General,2005,Finance General,42,,0,0,44344
LOCAL,0B41,Neighborhood Opportunity Fund,99,Finance General,2005,Finance General,45,For the Cost of Claims and Administration or Premiums for Term Life Insurance,0,0,463
LOCAL,0B41,Neighborhood Opportunity Fund,99,Finance General,2005,Finance General,52,Costs of Claims and Administration for Hospital and Medical Care to Eligible Annuitants and Their Eligible Dependents,0,0,1365
LOCAL,0B41,Neighborhood Opportunity Fund,99,Finance General,2005,Finance General,56,For the Cost of Claims and Administration or Premiums for a Co-Insured Dental Plan for Employees,0,0,2120
LOCAL,0B41,Neighborhood Opportunity Fund,99,Finance General,2005,Finance General,9610,To Reimburse Corporate Fund for Pension Payments,0,0,81000
LOCAL,0B41,Neighborhood Opportunity Fund,99,Finance General,2005,Finance General,9611,To Reimburse the Corporate Fund for Indirect Costs Chargeable to Fund,0,0,246000
LOCAL,0B42,Foreign Fire Insurance Tax Fund,99,Finance General,2005,Finance General,9287,For Distribution of the Net Proceeds of the Foreign Fire Insurance Tax to Board,0,0,5500000
GRANTS,0J83,100 Resilient Cities Initiative,1,Office of the Mayor,2810,100 Resilient Cities Initiative,5,Salaries and Wages - on Payroll,117600,117600,39419
GRANTS,0J83,100 Resilient Cities Initiative,1,Office of the Mayor,2810,100 Resilient Cities Initiative,44,Fringe Benefits,50076,50076,37581
GRANTS,0J83,100 Resilient Cities Initiative,1,Office of the Mayor,2810,100 Resilient Cities Initiative,140,For Professional and Technical Services and Other Third Party Benefit Agreements,77324,77324,0
GRANTS,0Z01,Smart Grid / Energy Efficiency Consumer Education,1,Office of the Mayor,2804,Smart Grid / Energy Efficiency Consumer Education,5,Salaries and Wages - on Payroll,51000,51000,66960
GRANTS,0Z01,Smart Grid / Energy Efficiency Consumer Education,1,Office of the Mayor,2804,Smart Grid / Energy Efficiency Consumer Education,6,Salary Provision,0,0,5057
GRANTS,0Z01,Smart Grid / Energy Efficiency Consumer Education,1,Office of the Mayor,2804,Smart Grid / Energy Efficiency Consumer Education,44,Fringe Benefits,21282,21282,27146
GRANTS,0Z01,Smart Grid / Energy Efficiency Consumer Education,1,Office of the Mayor,2804,Smart Grid / Energy Efficiency Consumer Education,140,For Professional and Technical Services and Other Third Party Benefit Agreements,66718,66718,837
GRANTS,0Z07,Cities of Services,1,Office of the Mayor,2823,Cities of Services,140,For Professional and Technical Services and Other Third Party Benefit Agreements,25000,25000,0
GRANTS,0Z10,Gun Violence,1,Office of the Mayor,2826,Gun Violence,5,Salaries and Wages - on Payroll,98269,98269,103008
GRANTS,0Z10,Gun Violence,1,Office of the Mayor,2826,Gun Violence,44,Fringe Benefits,41731,41731,41759
GRANTS,0Z10,Gun Violence,1,Office of the Mayor,2826,Gun Violence,140,For Professional and Technical Services and Other Third Party Benefit Agreements,0,0,2233
GRANTS,0Z11,Police Reform,1,Office of the Mayor,2825,Police Reform,5,Salaries and Wages - on Payroll,0,0,92700
GRANTS,0Z11,Police Reform,1,Office of the Mayor,2825,Police Reform,44,Fringe Benefits,0,0,37581
GRANTS,0Z11,Police Reform,1,Office of the Mayor,2825,Police Reform,140,For Professional and Technical Services and Other Third Party Benefit Agreements,158000,158000,1719
GRANTS,0Z26,HBS Fellows Program,1,Office of the Mayor,2827,HBS Fellows Program,5,Salaries and Wages - on Payroll,0,0,-15515
GRANTS,0Z26,HBS Fellows Program,1,Office of the Mayor,2827,HBS Fellows Program,44,Fringe Benefits,0,0,38515
GRANTS,0Z26,HBS Fellows Program,1,Office of the Mayor,2827,HBS Fellows Program,140,For Professional and Technical Services and Other Third Party Benefit Agreements,45000,45000,0
GRANTS,0Z29,Pathways to Freedom,1,Office of the Mayor,2828,Pathways to Freedom,5,Salaries and Wages - on Payroll,0,0,92700
GRANTS,0Z29,Pathways to Freedom,1,Office of the Mayor,2828,Pathways to Freedom,44,Fringe Benefits,0,0,37581
GRANTS,0Z29,Pathways to Freedom,1,Office of the Mayor,2828,Pathways to Freedom,140,For Professional and Technical Services and Other Third Party Benefit Agreements,316000,316000,154719
GRANTS,0Z49,HBS Fellows,1,Office of the Mayor,2827,HBS Fellows Program,6,Salary Provision,0,0,41000
GRANTS,0Z49,HBS Fellows,1,Office of the Mayor,2827,HBS Fellows Program,140,For Professional and Technical Services and Other Third Party Benefit Agreements,82000,82000,0
GRANTS,0Z50,Chicago Green Living Program (Green Living),1,Office of the Mayor,2829,Chicago Green Living Program (Green Living),140,For Professional and Technical Services and Other Third Party Benefit Agreements,25000,25000,25000
GRANTS,0Z51,Chicago Green Living Program (Partners for Places),1,Office of the Mayor,2830,Chicago Green Living Program (Partners for Places),140,For Professional and Technical Services and Other Third Party Benefit Agreements,75000,75000,75000
GRANTS,0Z52,Workforce Innovation,1,Office of the Mayor,2831,Workforce Innovation,140,For Professional and Technical Services and Other Third Party Benefit Agreements,400000,400000,400000
GRANTS,0075,Grants Management Fund,5,Office of Budget and Management,2855,Central Grants Management,5,Salaries and Wages - on Payroll,1040968,1040968,1159490
GRANTS,0075,Grants Management Fund,5,Office of Budget and Management,2855,Central Grants Management,15,Schedule Salary Adjustments,4479,4479,8458
GRANTS,0U62,Air Pollution Control Program,41,Department of Public Health,2714,Air Pollution Control Program,6,Salary Provision,0,0,508000
GRANTS,0075,Grants Management Fund,5,Office of Budget and Management,2855,Central Grants Management,39,For the Employment of Students as Trainees,26876,26876,26876
GRANTS,0075,Grants Management Fund,5,Office of Budget and Management,2855,Central Grants Management,44,Fringe Benefits,460550,460550,470435
GRANTS,0075,Grants Management Fund,5,Office of Budget and Management,2855,Central Grants Management,140,For Professional and Technical Services and Other Third Party Benefit Agreements,417477,417477,360491
GRANTS,0075,Grants Management Fund,5,Office of Budget and Management,2855,Central Grants Management,166,Dues  Subscriptions and Memberships,0,0,500
GRANTS,0075,Grants Management Fund,5,Office of Budget and Management,2855,Central Grants Management,190,Telephone - Non-Centrex Billings,1650,1650,2250
GRANTS,0075,Grants Management Fund,5,Office of Budget and Management,2855,Central Grants Management,245,Reimbursement to Travelers,0,0,2500
GRANTS,0J63,Community Development Block Grant - Disaster Recovery,5,Office of Budget and Management,2880,Community Development Block Grant - Disaster Recovery,140,For Professional and Technical Services and Other Third Party Benefit Agreements,259000,259000,259000
GRANTS,0Z27,Labor Management Cooperation,5,Office of Budget and Management,2820,Labor Management Cooperation,140,For Professional and Technical Services and Other Third Party Benefit Agreements,95000,95000,50000
GRANTS,0Z28,Labor Management Cooperation,5,Office of Budget and Management,2820,Labor Management Cooperation,140,For Professional and Technical Services and Other Third Party Benefit Agreements,10000,10000,4000
GRANTS,0X61,Bioterrorism Preparedness Response Planning,6,Department of Innovation and Technology,2829,Bioterrorism Response Planning,5,Salaries and Wages - on Payroll,320013,320013,324945
GRANTS,0X61,Bioterrorism Preparedness Response Planning,6,Department of Innovation and Technology,2829,Bioterrorism Response Planning,6,Salary Provision,0,0,224222
GRANTS,0X61,Bioterrorism Preparedness Response Planning,6,Department of Innovation and Technology,2829,Bioterrorism Response Planning,15,Schedule Salary Adjustments,0,0,1770
GRANTS,0X61,Bioterrorism Preparedness Response Planning,6,Department of Innovation and Technology,2829,Bioterrorism Response Planning,44,Fringe Benefits,136267,136267,138063
GRANTS,0X61,Bioterrorism Preparedness Response Planning,6,Department of Innovation and Technology,2829,Bioterrorism Response Planning,140,For Professional and Technical Services and Other Third Party Benefit Agreements,2720,2720,0
GRANTS,0293,Rental Rehabilitation,21,Department of Housing,2830,Rental Rehabilitation,140,For Professional and Technical Services and Other Third Party Benefit Agreements,0,0,6139000
GRANTS,0831,Home Program Income,21,Department of Housing,2833,Home Investment Partnership,140,For Professional and Technical Services and Other Third Party Benefit Agreements,0,0,3697000
GRANTS,0K14,Home Program,21,Department of Housing,2833,Home Investment Partnership,9103,Rehabilitation Loans and Grants,0,0,1090000
GRANTS,0K32,Foreclosure Prevention Program,21,Department of Housing,2832,Foreclosure Prevention Program,135,For Delegate Agencies,0,0,580000
GRANTS,0K51,Low Income Housing Trust Fund,21,Department of Housing,2835,Low Income Housing Trust Fund,9103,Rehabilitation Loans and Grants,0,0,5700000
GRANTS,0K73,Home Program,21,Department of Housing,2833,Home Investment Partnership,9103,Rehabilitation Loans and Grants,0,0,3135000
GRANTS,0K89,Home Program,21,Department of Housing,2833,Home Investment Partnership,9103,Rehabilitation Loans and Grants,0,0,9655000
GRANTS,0V24,Home Program,21,Department of Housing,2833,Home Investment Partnership,9103,Rehabilitation Loans and Grants,0,0,13388000
GRANTS,0V43,Abandoned Residential Property,21,Department of Housing,2834,Abandoned Residential Property Relief,140,For Professional and Technical Services and Other Third Party Benefit Agreements,0,0,1200000
GRANTS,0V47,Home Investment Partnership,21,Department of Housing,2833,Home Investment Partnership,9103,Rehabilitation Loans and Grants,0,0,19290000
GRANTS,0W81,Abandoned Residential Property Municipality Relief,21,Department of Housing,2834,Abandoned Residential Property Relief,140,For Professional and Technical Services and Other Third Party Benefit Agreements,0,0,2579000
GRANTS,0W82,Home Investment Partnership,21,Department of Housing,2833,Home Investment Partnership,5,Salaries and Wages - on Payroll,0,0,1123812
GRANTS,0W82,Home Investment Partnership,21,Department of Housing,2833,Home Investment Partnership,15,Schedule Salary Adjustments,0,0,4614
GRANTS,0W82,Home Investment Partnership,21,Department of Housing,2833,Home Investment Partnership,44,Fringe Benefits,0,0,455591
GRANTS,0W82,Home Investment Partnership,21,Department of Housing,2833,Home Investment Partnership,140,For Professional and Technical Services and Other Third Party Benefit Agreements,0,0,366124
GRANTS,0W82,Home Investment Partnership,21,Department of Housing,2833,Home Investment Partnership,9103,Rehabilitation Loans and Grants,0,0,18020229
GRANTS,0W82,Home Investment Partnership,21,Department of Housing,2833,Home Investment Partnership,9651,To Reimburse Corporate Fund for Indirect Costs,0,0,329630
GRANTS,0J19,NEA - Art Works Program - Match,23,Department of Cultural Affairs and Special Events,2865,Art Works,140,For Professional and Technical Services and Other Third Party Benefit Agreements,35000,35000,35000
GRANTS,0J75,Community Arts Access,23,Department of Cultural Affairs and Special Events,2839,IAC - Community Arts Access Program,135,For Delegate Agencies,139000,139000,0
GRANTS,0J92,Partners in Excellence,23,Department of Cultural Affairs and Special Events,2838,IAC - Partners in Excellence,140,For Professional and Technical Services and Other Third Party Benefit Agreements,46000,46000,0
GRANTS,0P72,DCASE - Private Grants,23,Department of Cultural Affairs and Special Events,2848,Summerdance and World Music Festival,140,For Professional and Technical Services and Other Third Party Benefit Agreements,25000,25000,0
GRANTS,0P72,DCASE - Private Grants,23,Department of Cultural Affairs and Special Events,2855,Chicago Cultural Center Exhibition,140,For Professional and Technical Services and Other Third Party Benefit Agreements,187000,187000,0
GRANTS,0P72,DCASE - Private Grants,23,Department of Cultural Affairs and Special Events,2863,Public Art Endowment,140,For Professional and Technical Services and Other Third Party Benefit Agreements,300000,300000,0
GRANTS,0P72,DCASE - Private Grants,23,Department of Cultural Affairs and Special Events,2864,Chicago Cultural Center Foundation,140,For Professional and Technical Services and Other Third Party Benefit Agreements,136000,136000,136000
GRANTS,0P72,DCASE - Private Grants,23,Department of Cultural Affairs and Special Events,2873,Millennium Park Workouts,140,For Professional and Technical Services and Other Third Party Benefit Agreements,125000,125000,0
GRANTS,0P73,DCASE - State Grants,23,Department of Cultural Affairs and Special Events,2859,Chicago Cultural Plan,140,For Professional and Technical Services and Other Third Party Benefit Agreements,134000,134000,0
GRANTS,0Z12,Art Works,23,Department of Cultural Affairs and Special Events,2865,Art Works,140,For Professional and Technical Services and Other Third Party Benefit Agreements,35000,35000,35000
GRANTS,0Z16,Farmer's Market Grant,23,Department of Cultural Affairs and Special Events,2829,Farmers Markets,140,For Professional and Technical Services and Other Third Party Benefit Agreements,0,0,250000
GRANTS,0Z17,Art Works,23,Department of Cultural Affairs and Special Events,2865,Art Works,140,For Professional and Technical Services and Other Third Party Benefit Agreements,0,0,50000
GRANTS,0U26,Maternal and Child Health,41,Department of Public Health,2910,Maternal and Child Health Block Grant,91,Uniform Allowance,0,0,9000
GRANTS,0Z30,Community Arts Access - Match,23,Department of Cultural Affairs and Special Events,2839,IAC - Community Arts Access Program,140,For Professional and Technical Services and Other Third Party Benefit Agreements,35000,35000,0
GRANTS,0Z31,IAC - Community Arts Access Program,23,Department of Cultural Affairs and Special Events,2839,IAC - Community Arts Access Program,140,For Professional and Technical Services and Other Third Party Benefit Agreements,0,0,150000
GRANTS,0Z32,IAC - Community Arts Access Program,23,Department of Cultural Affairs and Special Events,2839,IAC - Community Arts Access Program,140,For Professional and Technical Services and Other Third Party Benefit Agreements,0,0,40000
GRANTS,0Z33,IAC - Partners in Excellence,23,Department of Cultural Affairs and Special Events,2838,IAC - Partners in Excellence,140,For Professional and Technical Services and Other Third Party Benefit Agreements,0,0,58000
GRANTS,0Z34,IAC - Partners in Excellence,23,Department of Cultural Affairs and Special Events,2838,IAC - Partners in Excellence,140,For Professional and Technical Services and Other Third Party Benefit Agreements,0,0,58000
GRANTS,0Z35,Chicago Cultural Plan,23,Department of Cultural Affairs and Special Events,2848,Summerdance and World Music Festival,140,For Professional and Technical Services and Other Third Party Benefit Agreements,0,0,25000
GRANTS,0Z35,Chicago Cultural Plan,23,Department of Cultural Affairs and Special Events,2859,Chicago Cultural Plan,140,For Professional and Technical Services and Other Third Party Benefit Agreements,0,0,300000
GRANTS,0Z36,Millennium Park Workouts,23,Department of Cultural Affairs and Special Events,2873,Millennium Park Workouts,140,For Professional and Technical Services and Other Third Party Benefit Agreements,0,0,125000
GRANTS,0Z37,NEA - Art Works Program,23,Department of Cultural Affairs and Special Events,2865,Art Works,140,For Professional and Technical Services and Other Third Party Benefit Agreements,0,0,50000
GRANTS,0Z44,Chicago Cultural Center Exhibition,23,Department of Cultural Affairs and Special Events,2855,Chicago Cultural Center Exhibition,140,For Professional and Technical Services and Other Third Party Benefit Agreements,0,0,250000
GRANTS,0Z45,NEA - Our Town Program,23,Department of Cultural Affairs and Special Events,2872,NEA - Our Town Program,140,For Professional and Technical Services and Other Third Party Benefit Agreements,0,0,50000
GRANTS,0Z46,NEA - Our Town Program - Match,23,Department of Cultural Affairs and Special Events,2872,NEA - Our Town Program,140,For Professional and Technical Services and Other Third Party Benefit Agreements,50000,50000,50000
GRANTS,0Z48,Cultural Fund,23,Department of Cultural Affairs and Special Events,2851,Cultural Fund,140,For Professional and Technical Services and Other Third Party Benefit Agreements,0,0,50000
GRANTS,0Z53,IAC - Partners in Excellence - Match,23,Department of Cultural Affairs and Special Events,2838,IAC - Partners in Excellence,140,For Professional and Technical Services and Other Third Party Benefit Agreements,46000,46000,0
GRANTS,0Z56,Millennium Park Foundation - Art Works Program,23,Department of Cultural Affairs and Special Events,2865,Art Works,140,For Professional and Technical Services and Other Third Party Benefit Agreements,0,0,50000
GRANTS,0Z59,NEA - Our Town Program,23,Department of Cultural Affairs and Special Events,2872,NEA - Our Town Program,140,For Professional and Technical Services and Other Third Party Benefit Agreements,50000,50000,50000
GRANTS,0Z61,Joyce Foundation - Art Works Program - Match,23,Department of Cultural Affairs and Special Events,2865,Art Works,140,For Professional and Technical Services and Other Third Party Benefit Agreements,0,0,50000
GRANTS,0Z62,NEA - Art Works Program - Match,23,Department of Cultural Affairs and Special Events,2865,Art Works,140,For Professional and Technical Services and Other Third Party Benefit Agreements,0,0,50000
GRANTS,0Z63,NEA - Our Town Program - Match,23,Department of Cultural Affairs and Special Events,2872,NEA - Our Town Program,140,For Professional and Technical Services and Other Third Party Benefit Agreements,0,0,50000
GRANTS,0075,Grants Management Fund,27,Department of Finance,2855,Central Grants Management,5,Salaries and Wages - on Payroll,0,0,229260
GRANTS,0075,Grants Management Fund,27,Department of Finance,2855,Central Grants Management,6,Salary Provision,0,0,22798
GRANTS,0075,Grants Management Fund,27,Department of Finance,2855,Central Grants Management,44,Fringe Benefits,0,0,92942
GRANTS,0Z24,Accelerator's Procurement,35,Department of Procurement Services,2801,Accelerator's Procurement,140,For Professional and Technical Services and Other Third Party Benefit Agreements,50000,50000,0
GRANTS,0U08,Air Pollution Control Program,41,Department of Public Health,2714,Air Pollution Control Program,319,Clothing,7500,7500,0
GRANTS,0J99,Public Sector Electrical Efficiency Program - Electricity,38,Department of Fleet and Facility Management,2842,Public Sector Energy Efficiency Aggregation Program,140,For Professional and Technical Services and Other Third Party Benefit Agreements,452000,452000,315000
GRANTS,0P14,Department of General Services - Federal,38,Department of Fleet and Facility Management,2836,Streeterville Thorium Moratorium Area Environmental Settlement Funds,140,For Professional and Technical Services and Other Third Party Benefit Agreements,2123999,2123999,0
GRANTS,0P14,Department of General Services - Federal,38,Department of Fleet and Facility Management,2836,Streeterville Thorium Moratorium Area Environmental Settlement Funds,340,Material and Supplies,1,1,0
GRANTS,0Z00,Public Sector Electrical Efficiency Program - Gas,38,Department of Fleet and Facility Management,2842,Public Sector Energy Efficiency Aggregation Program,140,For Professional and Technical Services and Other Third Party Benefit Agreements,274000,274000,198000
GRANTS,0Z04,Brownfields Assessment,38,Department of Fleet and Facility Management,2848,Municipal Brownfields Redevelopment,140,For Professional and Technical Services and Other Third Party Benefit Agreements,400000,400000,370000
GRANTS,0Z25,Chicago Bee Library Renovation,38,Department of Fleet and Facility Management,2851,Chicago Bee Library Renovation,140,For Professional and Technical Services and Other Third Party Benefit Agreements,2320000,2320000,817000
GRANTS,0Z39,Anadarko / Streeterville Removal,38,Department of Fleet and Facility Management,2852,Anadarko / Streeterville Removal,140,For Professional and Technical Services and Other Third Party Benefit Agreements,45315000,45315000,45315000
GRANTS,0H12,Summer Food Program,41,Department of Public Health,2984,Summer Food Program,140,For Professional and Technical Services and Other Third Party Benefit Agreements,100000,100000,0
GRANTS,0H26,Resource Conservation and Recovery Act - Subtitle D,41,Department of Public Health,2721,Resource Conservation,5,Salaries and Wages - on Payroll,0,0,105756
GRANTS,0X27,Tuberculosis Control,41,Department of Public Health,2824,Tuberculosis Control,44,Fringe Benefits,0,0,232727
GRANTS,0H26,Resource Conservation and Recovery Act - Subtitle D,41,Department of Public Health,2721,Resource Conservation,6,Salary Provision,0,0,74976
GRANTS,0H26,Resource Conservation and Recovery Act - Subtitle D,41,Department of Public Health,2721,Resource Conservation,44,Fringe Benefits,0,0,42873
GRANTS,0H26,Resource Conservation and Recovery Act - Subtitle D,41,Department of Public Health,2721,Resource Conservation,140,For Professional and Technical Services and Other Third Party Benefit Agreements,600000,600000,191395
GRANTS,0H36,Housing Opportunities for People with AIDS,41,Department of Public Health,2932,Housing Opportunities for People with AIDS (HOPWA),140,For Professional and Technical Services and Other Third Party Benefit Agreements,481000,481000,0
GRANTS,0H80,Housing Opportunities for People with AIDS (HOPWA),41,Department of Public Health,2932,Housing Opportunities for People with AIDS (HOPWA),135,For Delegate Agencies,603000,603000,0
GRANTS,0H88,Immunization Billing Services,41,Department of Public Health,280A,Immunization Billing Services,140,For Professional and Technical Services and Other Third Party Benefit Agreements,276000,276000,0
GRANTS,0H89,Ebola Preparedness and Response,41,Department of Public Health,280F,Hospital Preparedness Program Ebola Preparedness and Response,140,For Professional and Technical Services and Other Third Party Benefit Agreements,2474000,2474000,1399000
GRANTS,0U01,C3 Clinical and Translation Research,41,Department of Public Health,280R,C3 Clinical and Translation Research,5,Salaries and Wages - on Payroll,50256,50256,67800
GRANTS,0U01,C3 Clinical and Translation Research,41,Department of Public Health,280R,C3 Clinical and Translation Research,15,Schedule Salary Adjustments,0,0,1400
GRANTS,0U01,C3 Clinical and Translation Research,41,Department of Public Health,280R,C3 Clinical and Translation Research,44,Fringe Benefits,26215,26215,27486
GRANTS,0U01,C3 Clinical and Translation Research,41,Department of Public Health,280R,C3 Clinical and Translation Research,140,For Professional and Technical Services and Other Third Party Benefit Agreements,43529,43529,23314
GRANTS,0U08,Air Pollution Control Program,41,Department of Public Health,2714,Air Pollution Control Program,5,Salaries and Wages - on Payroll,616046,616046,229694
GRANTS,0U08,Air Pollution Control Program,41,Department of Public Health,2714,Air Pollution Control Program,15,Schedule Salary Adjustments,696,696,131
GRANTS,0U08,Air Pollution Control Program,41,Department of Public Health,2714,Air Pollution Control Program,44,Fringe Benefits,262324,262324,285175
GRANTS,0U08,Air Pollution Control Program,41,Department of Public Health,2714,Air Pollution Control Program,140,For Professional and Technical Services and Other Third Party Benefit Agreements,21280,21280,0
GRANTS,0U08,Air Pollution Control Program,41,Department of Public Health,2714,Air Pollution Control Program,245,Reimbursement to Travelers,2500,2500,0
GRANTS,0U08,Air Pollution Control Program,41,Department of Public Health,2714,Air Pollution Control Program,340,Material and Supplies,5000,5000,0
GRANTS,0U08,Air Pollution Control Program,41,Department of Public Health,2714,Air Pollution Control Program,345,Apparatus and Instruments,4354,4354,0
GRANTS,0U08,Air Pollution Control Program,41,Department of Public Health,2714,Air Pollution Control Program,991,To Provide for Matching and Supplementary Grant Funds Currently in Effect as Well as New Grants,-507700,-507700,0
GRANTS,0U11,Breastfeeding Peer Counseling,41,Department of Public Health,2983,Breastfeeding Peer Counseling,135,For Delegate Agencies,69000,69000,0
GRANTS,0U11,Breastfeeding Peer Counseling,41,Department of Public Health,2983,Breastfeeding Peer Counseling,140,For Professional and Technical Services and Other Third Party Benefit Agreements,0,0,20000
GRANTS,0U13,Care Van Blue Cross,41,Department of Public Health,2700,Care Van Blue Cross,140,For Professional and Technical Services and Other Third Party Benefit Agreements,75000,75000,38000
GRANTS,0U16,Dental Sealant Grant,41,Department of Public Health,2871,Dental Sealant,140,For Professional and Technical Services and Other Third Party Benefit Agreements,212000,212000,120000
GRANTS,0U17,Genetics Education / Follow Up Services,41,Department of Public Health,2729,Genetics Education / Follow Up Services,5,Salaries and Wages - on Payroll,70473,70473,0
GRANTS,0U17,Genetics Education / Follow Up Services,41,Department of Public Health,2729,Genetics Education / Follow Up Services,15,Schedule Salary Adjustments,1734,1734,0
GRANTS,0U17,Genetics Education / Follow Up Services,41,Department of Public Health,2729,Genetics Education / Follow Up Services,44,Fringe Benefits,44793,44793,0
GRANTS,0U17,Genetics Education / Follow Up Services,41,Department of Public Health,2729,Genetics Education / Follow Up Services,140,For Professional and Technical Services and Other Third Party Benefit Agreements,0,0,59000
GRANTS,0U19,Healthy Families Illinois,41,Department of Public Health,2849,Healthy Families Illinois,6,Salary Provision,0,0,68092
GRANTS,0U19,Healthy Families Illinois,41,Department of Public Health,2849,Healthy Families Illinois,130,Postage,247000,247000,0
GRANTS,0U19,Healthy Families Illinois,41,Department of Public Health,2849,Healthy Families Illinois,135,For Delegate Agencies,0,0,52908
GRANTS,0U22,Housing Opportunities for People with AIDS,41,Department of Public Health,2932,Housing Opportunities for People with AIDS (HOPWA),5,Salaries and Wages - on Payroll,236908,236908,0
GRANTS,0U22,Housing Opportunities for People with AIDS,41,Department of Public Health,2932,Housing Opportunities for People with AIDS (HOPWA),15,Schedule Salary Adjustments,558,558,0
GRANTS,0U22,Housing Opportunities for People with AIDS,41,Department of Public Health,2932,Housing Opportunities for People with AIDS (HOPWA),44,Fringe Benefits,105746,105746,0
GRANTS,0U22,Housing Opportunities for People with AIDS,41,Department of Public Health,2932,Housing Opportunities for People with AIDS (HOPWA),50,Stipends,3154,3154,3154
GRANTS,0U22,Housing Opportunities for People with AIDS,41,Department of Public Health,2932,Housing Opportunities for People with AIDS (HOPWA),135,For Delegate Agencies,8609938,8609938,4441894
GRANTS,0U22,Housing Opportunities for People with AIDS,41,Department of Public Health,2932,Housing Opportunities for People with AIDS (HOPWA),138,For Professional Services for Information Technology Maintenance,2277,2277,2277
GRANTS,0U22,Housing Opportunities for People with AIDS,41,Department of Public Health,2932,Housing Opportunities for People with AIDS (HOPWA),140,For Professional and Technical Services and Other Third Party Benefit Agreements,46000,46000,46000
GRANTS,0U22,Housing Opportunities for People with AIDS,41,Department of Public Health,2932,Housing Opportunities for People with AIDS (HOPWA),150,Publications and Reproduction - Outside Services to Be Expended with the Prior Approval of Graphics Services,515,515,515
GRANTS,0U22,Housing Opportunities for People with AIDS,41,Department of Public Health,2932,Housing Opportunities for People with AIDS (HOPWA),190,Telephone - Non-Centrex Billings,1244,1244,2500
GRANTS,0U22,Housing Opportunities for People with AIDS,41,Department of Public Health,2932,Housing Opportunities for People with AIDS (HOPWA),350,Stationery and Office Supplies,660,660,5660
GRANTS,0U22,Housing Opportunities for People with AIDS,41,Department of Public Health,2932,Housing Opportunities for People with AIDS (HOPWA),9438,For Services Provided by the Department of Fleet and Facilities Management,3000,3000,3000
GRANTS,0U23,Immunizations and Vaccines for Children,41,Department of Public Health,2820,Immunizations and Vaccines for Children,5,Salaries and Wages - on Payroll,0,0,2646228
GRANTS,0U23,Immunizations and Vaccines for Children,41,Department of Public Health,2820,Immunizations and Vaccines for Children,11,Contract Wage Increment - Salary,0,0,27951
GRANTS,0U23,Immunizations and Vaccines for Children,41,Department of Public Health,2820,Immunizations and Vaccines for Children,15,Schedule Salary Adjustments,0,0,13678
GRANTS,0U23,Immunizations and Vaccines for Children,41,Department of Public Health,2820,Immunizations and Vaccines for Children,20,Overtime,0,0,20000
GRANTS,0U23,Immunizations and Vaccines for Children,41,Department of Public Health,2820,Immunizations and Vaccines for Children,44,Fringe Benefits,0,0,1142967
GRANTS,0U23,Immunizations and Vaccines for Children,41,Department of Public Health,2820,Immunizations and Vaccines for Children,91,Uniform Allowance,0,0,2400
GRANTS,0U23,Immunizations and Vaccines for Children,41,Department of Public Health,2820,Immunizations and Vaccines for Children,125,Office and Building Services,0,0,2500
GRANTS,0U23,Immunizations and Vaccines for Children,41,Department of Public Health,2820,Immunizations and Vaccines for Children,130,Postage,0,0,8700
GRANTS,0U23,Immunizations and Vaccines for Children,41,Department of Public Health,2820,Immunizations and Vaccines for Children,140,For Professional and Technical Services and Other Third Party Benefit Agreements,0,0,243444
GRANTS,0U23,Immunizations and Vaccines for Children,41,Department of Public Health,2820,Immunizations and Vaccines for Children,150,Publications and Reproduction - Outside Services to Be Expended with the Prior Approval of Graphics Services,0,0,33254
GRANTS,0U23,Immunizations and Vaccines for Children,41,Department of Public Health,2820,Immunizations and Vaccines for Children,152,Advertising,0,0,13500
GRANTS,0U23,Immunizations and Vaccines for Children,41,Department of Public Health,2820,Immunizations and Vaccines for Children,157,Rental of Equipment and Services,0,0,18000
GRANTS,0U23,Immunizations and Vaccines for Children,41,Department of Public Health,2820,Immunizations and Vaccines for Children,162,Repair/Maintenance of Equipment,0,0,10000
GRANTS,0U23,Immunizations and Vaccines for Children,41,Department of Public Health,2820,Immunizations and Vaccines for Children,166,Dues  Subscriptions and Memberships,0,0,5350
GRANTS,0U23,Immunizations and Vaccines for Children,41,Department of Public Health,2820,Immunizations and Vaccines for Children,168,Educational Development through Cooperative Education Program and Apprenticeship Program,0,0,5000
GRANTS,0U23,Immunizations and Vaccines for Children,41,Department of Public Health,2820,Immunizations and Vaccines for Children,169,Technical Meeting Costs,0,0,4600
GRANTS,0U23,Immunizations and Vaccines for Children,41,Department of Public Health,2820,Immunizations and Vaccines for Children,181,Mobile Communication Services,0,0,7900
GRANTS,0U23,Immunizations and Vaccines for Children,41,Department of Public Health,2820,Immunizations and Vaccines for Children,190,Telephone - Non-Centrex Billings,0,0,9300
GRANTS,0U23,Immunizations and Vaccines for Children,41,Department of Public Health,2820,Immunizations and Vaccines for Children,229,Transportation and Expense Allowance,0,0,13803
GRANTS,0U23,Immunizations and Vaccines for Children,41,Department of Public Health,2820,Immunizations and Vaccines for Children,245,Reimbursement to Travelers,0,0,11928
GRANTS,0U23,Immunizations and Vaccines for Children,41,Department of Public Health,2820,Immunizations and Vaccines for Children,340,Material and Supplies,0,0,76232
GRANTS,0U23,Immunizations and Vaccines for Children,41,Department of Public Health,2820,Immunizations and Vaccines for Children,342,Drugs  Medicine and Chemical Materials,0,0,2100
GRANTS,0U23,Immunizations and Vaccines for Children,41,Department of Public Health,2820,Immunizations and Vaccines for Children,345,Apparatus and Instruments,0,0,6200
GRANTS,0U23,Immunizations and Vaccines for Children,41,Department of Public Health,2820,Immunizations and Vaccines for Children,348,Books and Related Material,0,0,19500
GRANTS,0U23,Immunizations and Vaccines for Children,41,Department of Public Health,2820,Immunizations and Vaccines for Children,350,Stationery and Office Supplies,0,0,56700
GRANTS,0U23,Immunizations and Vaccines for Children,41,Department of Public Health,2820,Immunizations and Vaccines for Children,801,Indirect Costs,0,0,1098765
GRANTS,0U25,Local Health Protection,41,Department of Public Health,2730,Local Health Protection,5,Salaries and Wages - on Payroll,1574667,1574667,0
GRANTS,0U25,Local Health Protection,41,Department of Public Health,2730,Local Health Protection,6,Salary Provision,0,0,616155
GRANTS,0U25,Local Health Protection,41,Department of Public Health,2730,Local Health Protection,15,Schedule Salary Adjustments,13586,13586,0
GRANTS,0U25,Local Health Protection,41,Department of Public Health,2730,Local Health Protection,20,Overtime,6000,6000,3000
GRANTS,0U25,Local Health Protection,41,Department of Public Health,2730,Local Health Protection,44,Fringe Benefits,681864,681864,0
GRANTS,0U25,Local Health Protection,41,Department of Public Health,2730,Local Health Protection,91,Uniform Allowance,500,500,250
GRANTS,0U25,Local Health Protection,41,Department of Public Health,2730,Local Health Protection,135,For Delegate Agencies,3287383,3287383,127315
GRANTS,0U25,Local Health Protection,41,Department of Public Health,2730,Local Health Protection,140,For Professional and Technical Services and Other Third Party Benefit Agreements,0,0,1507755
GRANTS,0U25,Local Health Protection,41,Department of Public Health,2730,Local Health Protection,149,For Software Maintenance and Licensing,0,0,400
GRANTS,0U25,Local Health Protection,41,Department of Public Health,2730,Local Health Protection,152,Advertising,0,0,233
GRANTS,0U25,Local Health Protection,41,Department of Public Health,2730,Local Health Protection,169,Technical Meeting Costs,0,0,4250
GRANTS,0U25,Local Health Protection,41,Department of Public Health,2730,Local Health Protection,181,Mobile Communication Services,0,0,20448
GRANTS,0U25,Local Health Protection,41,Department of Public Health,2730,Local Health Protection,189,Telephone - Non-Centrex Billings,0,0,14250
GRANTS,0U25,Local Health Protection,41,Department of Public Health,2730,Local Health Protection,190,Telephone - Non-Centrex Billings,0,0,10969
GRANTS,0U25,Local Health Protection,41,Department of Public Health,2730,Local Health Protection,197,Telephone - Maintenance and Repair of Equipment and Voicemail,0,0,750
GRANTS,0U25,Local Health Protection,41,Department of Public Health,2730,Local Health Protection,229,Transportation and Expense Allowance,0,0,12500
GRANTS,0U25,Local Health Protection,41,Department of Public Health,2730,Local Health Protection,245,Reimbursement to Travelers,0,0,7000
GRANTS,0U25,Local Health Protection,41,Department of Public Health,2730,Local Health Protection,270,Local Transportation,0,0,22500
GRANTS,0U25,Local Health Protection,41,Department of Public Health,2730,Local Health Protection,350,Stationery and Office Supplies,0,0,24000
GRANTS,0U25,Local Health Protection,41,Department of Public Health,2730,Local Health Protection,360,Repair Parts and Material,0,0,2225
GRANTS,0U25,Local Health Protection,41,Department of Public Health,2730,Local Health Protection,801,Indirect Costs,0,0,408000
GRANTS,0U26,Maternal and Child Health,41,Department of Public Health,2910,Maternal and Child Health Block Grant,5,Salaries and Wages - on Payroll,0,0,2622176
GRANTS,0U26,Maternal and Child Health,41,Department of Public Health,2910,Maternal and Child Health Block Grant,11,Contract Wage Increment - Salary,0,0,94842
GRANTS,0U26,Maternal and Child Health,41,Department of Public Health,2910,Maternal and Child Health Block Grant,15,Schedule Salary Adjustments,0,0,5640
GRANTS,0U26,Maternal and Child Health,41,Department of Public Health,2910,Maternal and Child Health Block Grant,44,Fringe Benefits,0,0,1117133
GRANTS,0U26,Maternal and Child Health,41,Department of Public Health,2910,Maternal and Child Health Block Grant,130,Postage,0,0,500
GRANTS,0U26,Maternal and Child Health,41,Department of Public Health,2910,Maternal and Child Health Block Grant,140,For Professional and Technical Services and Other Third Party Benefit Agreements,0,0,4868576
GRANTS,0U26,Maternal and Child Health,41,Department of Public Health,2910,Maternal and Child Health Block Grant,150,Publications and Reproduction - Outside Services to Be Expended with the Prior Approval of Graphics Services,0,0,15683
GRANTS,0U26,Maternal and Child Health,41,Department of Public Health,2910,Maternal and Child Health Block Grant,160,Repair or Maintenance of Property,0,0,2500
GRANTS,0U26,Maternal and Child Health,41,Department of Public Health,2910,Maternal and Child Health Block Grant,162,Repair/Maintenance of Equipment,0,0,2500
GRANTS,0U26,Maternal and Child Health,41,Department of Public Health,2910,Maternal and Child Health Block Grant,166,Dues  Subscriptions and Memberships,0,0,2300
GRANTS,0U26,Maternal and Child Health,41,Department of Public Health,2910,Maternal and Child Health Block Grant,169,Technical Meeting Costs,0,0,7500
GRANTS,0U26,Maternal and Child Health,41,Department of Public Health,2910,Maternal and Child Health Block Grant,186,Pagers,0,0,2248
GRANTS,0U26,Maternal and Child Health,41,Department of Public Health,2910,Maternal and Child Health Block Grant,229,Transportation and Expense Allowance,0,0,1750
GRANTS,0U26,Maternal and Child Health,41,Department of Public Health,2910,Maternal and Child Health Block Grant,245,Reimbursement to Travelers,0,0,6723
GRANTS,0U26,Maternal and Child Health,41,Department of Public Health,2910,Maternal and Child Health Block Grant,270,Local Transportation,0,0,8579
GRANTS,0U26,Maternal and Child Health,41,Department of Public Health,2910,Maternal and Child Health Block Grant,340,Material and Supplies,0,0,85000
GRANTS,0U26,Maternal and Child Health,41,Department of Public Health,2910,Maternal and Child Health Block Grant,350,Stationery and Office Supplies,0,0,52150
GRANTS,0U26,Maternal and Child Health,41,Department of Public Health,2910,Maternal and Child Health Block Grant,440,Machinery and Equipment,0,0,15000
GRANTS,0U26,Maternal and Child Health,41,Department of Public Health,2910,Maternal and Child Health Block Grant,801,Indirect Costs,0,0,90200
GRANTS,0U26,Maternal and Child Health,41,Department of Public Health,2910,Maternal and Child Health Block Grant,9438,For Services Provided by the Department of Fleet and Facilities Management,0,0,10000
GRANTS,0U29,Ryan White HIV Care Act - Part A Emergency Relief,41,Department of Public Health,2731,Ryan White HIV Care Act Part A - Emergency Relief,5,Salaries and Wages - on Payroll,2318552,2318552,0
GRANTS,0U29,Ryan White HIV Care Act - Part A Emergency Relief,41,Department of Public Health,2731,Ryan White HIV Care Act Part A - Emergency Relief,15,Schedule Salary Adjustments,11515,11515,0
GRANTS,0U29,Ryan White HIV Care Act - Part A Emergency Relief,41,Department of Public Health,2731,Ryan White HIV Care Act Part A - Emergency Relief,20,Overtime,15000,15000,0
GRANTS,0U29,Ryan White HIV Care Act - Part A Emergency Relief,41,Department of Public Health,2731,Ryan White HIV Care Act Part A - Emergency Relief,44,Fringe Benefits,997237,997237,0
GRANTS,0U29,Ryan White HIV Care Act - Part A Emergency Relief,41,Department of Public Health,2731,Ryan White HIV Care Act Part A - Emergency Relief,91,Uniform Allowance,600,600,0
GRANTS,0U29,Ryan White HIV Care Act - Part A Emergency Relief,41,Department of Public Health,2731,Ryan White HIV Care Act Part A - Emergency Relief,135,For Delegate Agencies,24008732,24008732,0
GRANTS,0U29,Ryan White HIV Care Act - Part A Emergency Relief,41,Department of Public Health,2731,Ryan White HIV Care Act Part A - Emergency Relief,140,For Professional and Technical Services and Other Third Party Benefit Agreements,1001754,1001754,1500000
GRANTS,0U29,Ryan White HIV Care Act - Part A Emergency Relief,41,Department of Public Health,2731,Ryan White HIV Care Act Part A - Emergency Relief,245,Reimbursement to Travelers,74610,74610,0
GRANTS,0U29,Ryan White HIV Care Act - Part A Emergency Relief,41,Department of Public Health,2731,Ryan White HIV Care Act Part A - Emergency Relief,270,Local Transportation,20000,20000,0
GRANTS,0U29,Ryan White HIV Care Act - Part A Emergency Relief,41,Department of Public Health,2731,Ryan White HIV Care Act Part A - Emergency Relief,350,Stationery and Office Supplies,90000,90000,0
GRANTS,0U29,Ryan White HIV Care Act - Part A Emergency Relief,41,Department of Public Health,2731,Ryan White HIV Care Act Part A - Emergency Relief,801,Indirect Costs,500000,500000,0
GRANTS,0U29,Ryan White HIV Care Act - Part A Emergency Relief,41,Department of Public Health,2731,Ryan White HIV Care Act Part A - Emergency Relief,999,To Provide for Cultural Programming and Development Grants,120000,120000,0
GRANTS,0U30,Sexually Transmitted Disease Prevention,41,Department of Public Health,2814,Sexually Transmitted Disease Prevention,5,Salaries and Wages - on Payroll,862695,862695,0
GRANTS,0U30,Sexually Transmitted Disease Prevention,41,Department of Public Health,2814,Sexually Transmitted Disease Prevention,15,Schedule Salary Adjustments,3585,3585,0
GRANTS,0U30,Sexually Transmitted Disease Prevention,41,Department of Public Health,2814,Sexually Transmitted Disease Prevention,44,Fringe Benefits,383195,383195,0
GRANTS,0U30,Sexually Transmitted Disease Prevention,41,Department of Public Health,2814,Sexually Transmitted Disease Prevention,135,For Delegate Agencies,802784,802784,0
GRANTS,0U30,Sexually Transmitted Disease Prevention,41,Department of Public Health,2814,Sexually Transmitted Disease Prevention,149,For Software Maintenance and Licensing,8376,8376,0
GRANTS,0U30,Sexually Transmitted Disease Prevention,41,Department of Public Health,2814,Sexually Transmitted Disease Prevention,245,Reimbursement to Travelers,1000,1000,0
GRANTS,0U30,Sexually Transmitted Disease Prevention,41,Department of Public Health,2814,Sexually Transmitted Disease Prevention,350,Stationery and Office Supplies,1000,1000,0
GRANTS,0U30,Sexually Transmitted Disease Prevention,41,Department of Public Health,2814,Sexually Transmitted Disease Prevention,9651,To Reimburse Corporate Fund for Indirect Costs,188365,188365,0
GRANTS,0U35,Tobacco Free Communities,41,Department of Public Health,2868,Tobacco Free Communities,5,Salaries and Wages - on Payroll,439729,439729,0
GRANTS,0U35,Tobacco Free Communities,41,Department of Public Health,2868,Tobacco Free Communities,6,Salary Provision,0,0,287652
GRANTS,0U35,Tobacco Free Communities,41,Department of Public Health,2868,Tobacco Free Communities,15,Schedule Salary Adjustments,2454,2454,0
GRANTS,0U35,Tobacco Free Communities,41,Department of Public Health,2868,Tobacco Free Communities,44,Fringe Benefits,187245,187245,0
GRANTS,0U35,Tobacco Free Communities,41,Department of Public Health,2868,Tobacco Free Communities,190,Telephone - Non-Centrex Billings,7073,7073,0
GRANTS,0U35,Tobacco Free Communities,41,Department of Public Health,2868,Tobacco Free Communities,229,Transportation and Expense Allowance,3540,3540,0
GRANTS,0U35,Tobacco Free Communities,41,Department of Public Health,2868,Tobacco Free Communities,350,Stationery and Office Supplies,9959,9959,0
GRANTS,0U35,Tobacco Free Communities,41,Department of Public Health,2868,Tobacco Free Communities,801,Indirect Costs,0,0,37348
GRANTS,0U37,Underground Storage Tank Inspection,41,Department of Public Health,2720,Underground Storage Tank Inspection,5,Salaries and Wages - on Payroll,378744,378744,0
GRANTS,0U37,Underground Storage Tank Inspection,41,Department of Public Health,2720,Underground Storage Tank Inspection,6,Salary Provision,0,0,261320
GRANTS,0U37,Underground Storage Tank Inspection,41,Department of Public Health,2720,Underground Storage Tank Inspection,15,Schedule Salary Adjustments,3056,3056,0
GRANTS,0U37,Underground Storage Tank Inspection,41,Department of Public Health,2720,Underground Storage Tank Inspection,44,Fringe Benefits,168200,168200,0
GRANTS,0U37,Underground Storage Tank Inspection,41,Department of Public Health,2720,Underground Storage Tank Inspection,140,For Professional and Technical Services and Other Third Party Benefit Agreements,0,0,13680
GRANTS,0U38,Women  Infants and Children Nutrition,41,Department of Public Health,2808,Women  Infants and Children Nutrition,6,Salary Provision,0,0,1352699
GRANTS,0U38,Women  Infants and Children Nutrition,41,Department of Public Health,2808,Women  Infants and Children Nutrition,125,Office and Building Services,232829,232829,28415
GRANTS,0U38,Women  Infants and Children Nutrition,41,Department of Public Health,2808,Women  Infants and Children Nutrition,130,Postage,400,400,200
GRANTS,0U38,Women  Infants and Children Nutrition,41,Department of Public Health,2808,Women  Infants and Children Nutrition,135,For Delegate Agencies,1418709,1418709,709355
GRANTS,0U38,Women  Infants and Children Nutrition,41,Department of Public Health,2808,Women  Infants and Children Nutrition,138,For Professional Services for Information Technology Maintenance,0,0,39713
GRANTS,0U38,Women  Infants and Children Nutrition,41,Department of Public Health,2808,Women  Infants and Children Nutrition,140,For Professional and Technical Services and Other Third Party Benefit Agreements,2978757,2978757,59164
GRANTS,0U38,Women  Infants and Children Nutrition,41,Department of Public Health,2808,Women  Infants and Children Nutrition,150,Publications and Reproduction - Outside Services to Be Expended with the Prior Approval of Graphics Services,5733,5733,2867
GRANTS,0U38,Women  Infants and Children Nutrition,41,Department of Public Health,2808,Women  Infants and Children Nutrition,153,Promotions,4023,4023,2012
GRANTS,0U38,Women  Infants and Children Nutrition,41,Department of Public Health,2808,Women  Infants and Children Nutrition,155,Rental of Property,40949,40949,20475
GRANTS,0U38,Women  Infants and Children Nutrition,41,Department of Public Health,2808,Women  Infants and Children Nutrition,157,Rental of Equipment and Services,95500,95500,47750
GRANTS,0U38,Women  Infants and Children Nutrition,41,Department of Public Health,2808,Women  Infants and Children Nutrition,169,Technical Meeting Costs,5000,5000,2500
GRANTS,0U38,Women  Infants and Children Nutrition,41,Department of Public Health,2808,Women  Infants and Children Nutrition,190,Telephone - Non-Centrex Billings,4100,4100,2050
GRANTS,0U38,Women  Infants and Children Nutrition,41,Department of Public Health,2808,Women  Infants and Children Nutrition,331,Electricity,0,0,300
GRANTS,0U38,Women  Infants and Children Nutrition,41,Department of Public Health,2808,Women  Infants and Children Nutrition,801,Indirect Costs,0,0,37500
GRANTS,0U40,Integrated HIV Surveillance and Protection,41,Department of Public Health,280Y,HIV Surveillance and Prevention,5,Salaries and Wages - on Payroll,3340813,3340813,3117463
GRANTS,0U40,Integrated HIV Surveillance and Protection,41,Department of Public Health,280Y,HIV Surveillance and Prevention,15,Schedule Salary Adjustments,28246,28246,27965
GRANTS,0U40,Integrated HIV Surveillance and Protection,41,Department of Public Health,280Y,HIV Surveillance and Prevention,20,Overtime,6480,6480,6480
GRANTS,0U40,Integrated HIV Surveillance and Protection,41,Department of Public Health,280Y,HIV Surveillance and Prevention,44,Fringe Benefits,1441895,1441895,1321892
GRANTS,0U40,Integrated HIV Surveillance and Protection,41,Department of Public Health,280Y,HIV Surveillance and Prevention,130,Postage,896000,896000,0
GRANTS,0U40,Integrated HIV Surveillance and Protection,41,Department of Public Health,280Y,HIV Surveillance and Prevention,135,For Delegate Agencies,2632839,2632839,4234059
GRANTS,0U40,Integrated HIV Surveillance and Protection,41,Department of Public Health,280Y,HIV Surveillance and Prevention,140,For Professional and Technical Services and Other Third Party Benefit Agreements,290000,290000,0
GRANTS,0U40,Integrated HIV Surveillance and Protection,41,Department of Public Health,280Y,HIV Surveillance and Prevention,169,Technical Meeting Costs,30451,30451,0
GRANTS,0U40,Integrated HIV Surveillance and Protection,41,Department of Public Health,280Y,HIV Surveillance and Prevention,245,Reimbursement to Travelers,24206,24206,0
GRANTS,0U40,Integrated HIV Surveillance and Protection,41,Department of Public Health,280Y,HIV Surveillance and Prevention,270,Local Transportation,11497,11497,0
GRANTS,0U40,Integrated HIV Surveillance and Protection,41,Department of Public Health,280Y,HIV Surveillance and Prevention,340,Material and Supplies,7643,7643,0
GRANTS,0U40,Integrated HIV Surveillance and Protection,41,Department of Public Health,280Y,HIV Surveillance and Prevention,801,Indirect Costs,483748,483748,496141
GRANTS,0U40,Integrated HIV Surveillance and Protection,41,Department of Public Health,280Y,HIV Surveillance and Prevention,9438,For Services Provided by the Department of Fleet and Facilities Management,10182,10182,0
GRANTS,0U44,Lead Hazard Reduction,41,Department of Public Health,2944,Lead Hazard Reduction Demonstration Program,135,For Delegate Agencies,3900000,3900000,0
GRANTS,0U44,Lead Hazard Reduction,41,Department of Public Health,2944,Lead Hazard Reduction Demonstration Program,140,For Professional and Technical Services and Other Third Party Benefit Agreements,0,0,3900000
GRANTS,0U46,Dating Matters,41,Department of Public Health,2713,Dating Matters,140,For Professional and Technical Services and Other Third Party Benefit Agreements,17000,17000,0
GRANTS,0U51,Breastfeeding Peer Counseling,41,Department of Public Health,2983,Breastfeeding Peer Counseling,140,For Professional and Technical Services and Other Third Party Benefit Agreements,0,0,40000
GRANTS,0U52,Building Epidemiology and Health It Capacity,41,Department of Public Health,2710,Building Epidemiology and Health IT Capacity,5,Salaries and Wages - on Payroll,0,0,1118775
GRANTS,0U52,Building Epidemiology and Health It Capacity,41,Department of Public Health,2710,Building Epidemiology and Health IT Capacity,11,Contract Wage Increment - Salary,0,0,7514
GRANTS,0U52,Building Epidemiology and Health It Capacity,41,Department of Public Health,2710,Building Epidemiology and Health IT Capacity,15,Schedule Salary Adjustments,0,0,1522
GRANTS,0U52,Building Epidemiology and Health It Capacity,41,Department of Public Health,2710,Building Epidemiology and Health IT Capacity,44,Fringe Benefits,0,0,493397
GRANTS,0U52,Building Epidemiology and Health It Capacity,41,Department of Public Health,2710,Building Epidemiology and Health IT Capacity,140,For Professional and Technical Services and Other Third Party Benefit Agreements,0,0,78966
GRANTS,0U52,Building Epidemiology and Health It Capacity,41,Department of Public Health,2710,Building Epidemiology and Health IT Capacity,340,Material and Supplies,0,0,4000
GRANTS,0U52,Building Epidemiology and Health It Capacity,41,Department of Public Health,2710,Building Epidemiology and Health IT Capacity,801,Indirect Costs,0,0,195826
GRANTS,0U54,High Risk Infant Follow-Up - Federal,41,Department of Public Health,280Z,High Risk Infant Follow-Up,6,Salary Provision,0,0,72000
GRANTS,0U56,Dating Matters,41,Department of Public Health,2713,Dating Matters,140,For Professional and Technical Services and Other Third Party Benefit Agreements,0,0,20000
GRANTS,0U57,Dental Sealant,41,Department of Public Health,2871,Dental Sealant,140,For Professional and Technical Services and Other Third Party Benefit Agreements,0,0,60000
GRANTS,0U58,Genetics Education / Follow Up Services,41,Department of Public Health,2729,Genetics Education / Follow Up Services,5,Salaries and Wages - on Payroll,0,0,65970
GRANTS,0U58,Genetics Education / Follow Up Services,41,Department of Public Health,2729,Genetics Education / Follow Up Services,11,Contract Wage Increment - Salary,0,0,7514
GRANTS,0U58,Genetics Education / Follow Up Services,41,Department of Public Health,2729,Genetics Education / Follow Up Services,44,Fringe Benefits,0,0,43516
GRANTS,0U59,Healthy Families Illinois,41,Department of Public Health,2849,Healthy Families Illinois,5,Salaries and Wages - on Payroll,0,0,101096
GRANTS,0U59,Healthy Families Illinois,41,Department of Public Health,2849,Healthy Families Illinois,15,Schedule Salary Adjustments,0,0,608
GRANTS,0U59,Healthy Families Illinois,41,Department of Public Health,2849,Healthy Families Illinois,44,Fringe Benefits,0,0,42951
GRANTS,0U59,Healthy Families Illinois,41,Department of Public Health,2849,Healthy Families Illinois,135,For Delegate Agencies,0,0,102345
GRANTS,0U60,Housing Opportunities for People with AIDS (HOPWA),41,Department of Public Health,2932,Housing Opportunities for People with AIDS (HOPWA),5,Salaries and Wages - on Payroll,0,0,272538
GRANTS,0U60,Housing Opportunities for People with AIDS (HOPWA),41,Department of Public Health,2932,Housing Opportunities for People with AIDS (HOPWA),15,Schedule Salary Adjustments,0,0,953
GRANTS,0U60,Housing Opportunities for People with AIDS (HOPWA),41,Department of Public Health,2932,Housing Opportunities for People with AIDS (HOPWA),44,Fringe Benefits,0,0,113748
GRANTS,0U60,Housing Opportunities for People with AIDS (HOPWA),41,Department of Public Health,2932,Housing Opportunities for People with AIDS (HOPWA),50,Stipends,0,0,3154
GRANTS,0U60,Housing Opportunities for People with AIDS (HOPWA),41,Department of Public Health,2932,Housing Opportunities for People with AIDS (HOPWA),135,For Delegate Agencies,0,0,7951828
GRANTS,0U60,Housing Opportunities for People with AIDS (HOPWA),41,Department of Public Health,2932,Housing Opportunities for People with AIDS (HOPWA),138,For Professional Services for Information Technology Maintenance,0,0,2277
GRANTS,0U60,Housing Opportunities for People with AIDS (HOPWA),41,Department of Public Health,2932,Housing Opportunities for People with AIDS (HOPWA),140,For Professional and Technical Services and Other Third Party Benefit Agreements,0,0,46000
GRANTS,0U60,Housing Opportunities for People with AIDS (HOPWA),41,Department of Public Health,2932,Housing Opportunities for People with AIDS (HOPWA),150,Publications and Reproduction - Outside Services to Be Expended with the Prior Approval of Graphics Services,0,0,515
GRANTS,0U60,Housing Opportunities for People with AIDS (HOPWA),41,Department of Public Health,2932,Housing Opportunities for People with AIDS (HOPWA),190,Telephone - Non-Centrex Billings,0,0,1244
GRANTS,0U60,Housing Opportunities for People with AIDS (HOPWA),41,Department of Public Health,2932,Housing Opportunities for People with AIDS (HOPWA),350,Stationery and Office Supplies,0,0,660
GRANTS,0U60,Housing Opportunities for People with AIDS (HOPWA),41,Department of Public Health,2932,Housing Opportunities for People with AIDS (HOPWA),801,Indirect Costs,0,0,107083
GRANTS,0U61,Local Health Protection,41,Department of Public Health,2730,Local Health Protection,5,Salaries and Wages - on Payroll,0,0,2163784
GRANTS,0U61,Local Health Protection,41,Department of Public Health,2730,Local Health Protection,11,Contract Wage Increment - Salary,0,0,7514
GRANTS,0U61,Local Health Protection,41,Department of Public Health,2730,Local Health Protection,15,Schedule Salary Adjustments,0,0,18372
GRANTS,0U61,Local Health Protection,41,Department of Public Health,2730,Local Health Protection,20,Overtime,0,0,6000
GRANTS,0U61,Local Health Protection,41,Department of Public Health,2730,Local Health Protection,44,Fringe Benefits,0,0,913224
GRANTS,0U61,Local Health Protection,41,Department of Public Health,2730,Local Health Protection,91,Uniform Allowance,0,0,500
GRANTS,0U61,Local Health Protection,41,Department of Public Health,2730,Local Health Protection,135,For Delegate Agencies,0,0,254630
GRANTS,0U61,Local Health Protection,41,Department of Public Health,2730,Local Health Protection,140,For Professional and Technical Services and Other Third Party Benefit Agreements,0,0,1208321
GRANTS,0U61,Local Health Protection,41,Department of Public Health,2730,Local Health Protection,149,For Software Maintenance and Licensing,0,0,800
GRANTS,0U61,Local Health Protection,41,Department of Public Health,2730,Local Health Protection,152,Advertising,0,0,465
GRANTS,0U61,Local Health Protection,41,Department of Public Health,2730,Local Health Protection,169,Technical Meeting Costs,0,0,8500
GRANTS,0U61,Local Health Protection,41,Department of Public Health,2730,Local Health Protection,189,Telephone - Non-Centrex Billings,0,0,28500
GRANTS,0U61,Local Health Protection,41,Department of Public Health,2730,Local Health Protection,197,Telephone - Maintenance and Repair of Equipment and Voicemail,0,0,1499
GRANTS,0U61,Local Health Protection,41,Department of Public Health,2730,Local Health Protection,229,Transportation and Expense Allowance,0,0,25000
GRANTS,0U61,Local Health Protection,41,Department of Public Health,2730,Local Health Protection,245,Reimbursement to Travelers,0,0,13746
GRANTS,0U61,Local Health Protection,41,Department of Public Health,2730,Local Health Protection,270,Local Transportation,0,0,45000
GRANTS,0U61,Local Health Protection,41,Department of Public Health,2730,Local Health Protection,350,Stationery and Office Supplies,0,0,47870
GRANTS,0U61,Local Health Protection,41,Department of Public Health,2730,Local Health Protection,360,Repair Parts and Material,0,0,4500
GRANTS,0U64,Ryan White HIV Care Act Part A - Emergency Relief,41,Department of Public Health,2731,Ryan White HIV Care Act Part A - Emergency Relief,5,Salaries and Wages - on Payroll,0,0,2342111
GRANTS,0U64,Ryan White HIV Care Act Part A - Emergency Relief,41,Department of Public Health,2731,Ryan White HIV Care Act Part A - Emergency Relief,15,Schedule Salary Adjustments,0,0,7663
GRANTS,0U64,Ryan White HIV Care Act Part A - Emergency Relief,41,Department of Public Health,2731,Ryan White HIV Care Act Part A - Emergency Relief,20,Overtime,0,0,15000
GRANTS,0U64,Ryan White HIV Care Act Part A - Emergency Relief,41,Department of Public Health,2731,Ryan White HIV Care Act Part A - Emergency Relief,44,Fringe Benefits,0,0,988049
GRANTS,0U64,Ryan White HIV Care Act Part A - Emergency Relief,41,Department of Public Health,2731,Ryan White HIV Care Act Part A - Emergency Relief,91,Uniform Allowance,0,0,600
GRANTS,0U64,Ryan White HIV Care Act Part A - Emergency Relief,41,Department of Public Health,2731,Ryan White HIV Care Act Part A - Emergency Relief,135,For Delegate Agencies,0,0,24143561
GRANTS,0U64,Ryan White HIV Care Act Part A - Emergency Relief,41,Department of Public Health,2731,Ryan White HIV Care Act Part A - Emergency Relief,801,Indirect Costs,0,0,1003016
GRANTS,0U65,Sexually Transmitted Disease Prevention,41,Department of Public Health,2814,Sexually Transmitted Disease Prevention,5,Salaries and Wages - on Payroll,0,0,875205
GRANTS,0U65,Sexually Transmitted Disease Prevention,41,Department of Public Health,2814,Sexually Transmitted Disease Prevention,15,Schedule Salary Adjustments,0,0,6166
GRANTS,0U65,Sexually Transmitted Disease Prevention,41,Department of Public Health,2814,Sexually Transmitted Disease Prevention,44,Fringe Benefits,0,0,367103
GRANTS,0U65,Sexually Transmitted Disease Prevention,41,Department of Public Health,2814,Sexually Transmitted Disease Prevention,135,For Delegate Agencies,0,0,505538
GRANTS,0U65,Sexually Transmitted Disease Prevention,41,Department of Public Health,2814,Sexually Transmitted Disease Prevention,801,Indirect Costs,0,0,145988
GRANTS,0U70,High Risk Infant Follow-Up,41,Department of Public Health,280Z,High Risk Infant Follow-Up,6,Salary Provision,0,0,36000
GRANTS,0U70,High Risk Infant Follow-Up,41,Department of Public Health,280Z,High Risk Infant Follow-Up,140,For Professional and Technical Services and Other Third Party Benefit Agreements,72000,72000,0
GRANTS,0V49,Cops Hiring Program,57,Chicago Police Department,2983,COPS Hiring Program,44,Fringe Benefits,501574,501574,487271
GRANTS,0U71,Teen Pregnancy Prevention Evaluation,41,Department of Public Health,280G,Teen Pregnancy Prevention Evaluation,140,For Professional and Technical Services and Other Third Party Benefit Agreements,1000000,1000000,1500000
GRANTS,0U72,Tobacco Free Communities,41,Department of Public Health,2868,Tobacco Free Communities,5,Salaries and Wages - on Payroll,0,0,407767
GRANTS,0U72,Tobacco Free Communities,41,Department of Public Health,2868,Tobacco Free Communities,44,Fringe Benefits,0,0,170243
GRANTS,0U72,Tobacco Free Communities,41,Department of Public Health,2868,Tobacco Free Communities,140,For Professional and Technical Services and Other Third Party Benefit Agreements,0,0,46990
GRANTS,0U73,Underground Storage Tank Inspection,41,Department of Public Health,2720,Underground Storage Tank Inspection,5,Salaries and Wages - on Payroll,0,0,365131
GRANTS,0U73,Underground Storage Tank Inspection,41,Department of Public Health,2720,Underground Storage Tank Inspection,44,Fringe Benefits,0,0,157565
GRANTS,0U73,Underground Storage Tank Inspection,41,Department of Public Health,2720,Underground Storage Tank Inspection,140,For Professional and Technical Services and Other Third Party Benefit Agreements,0,0,27304
GRANTS,0U74,Women Infants and Children Nutrition,41,Department of Public Health,2808,Women  Infants and Children Nutrition,5,Salaries and Wages - on Payroll,0,0,1971381
GRANTS,0U74,Women Infants and Children Nutrition,41,Department of Public Health,2808,Women  Infants and Children Nutrition,15,Schedule Salary Adjustments,0,0,3895
GRANTS,0U74,Women Infants and Children Nutrition,41,Department of Public Health,2808,Women  Infants and Children Nutrition,44,Fringe Benefits,0,0,828407
GRANTS,0U74,Women Infants and Children Nutrition,41,Department of Public Health,2808,Women  Infants and Children Nutrition,125,Office and Building Services,0,0,56829
GRANTS,0U74,Women Infants and Children Nutrition,41,Department of Public Health,2808,Women  Infants and Children Nutrition,130,Postage,0,0,400
GRANTS,0U74,Women Infants and Children Nutrition,41,Department of Public Health,2808,Women  Infants and Children Nutrition,135,For Delegate Agencies,0,0,1401638
GRANTS,0U74,Women Infants and Children Nutrition,41,Department of Public Health,2808,Women  Infants and Children Nutrition,138,For Professional Services for Information Technology Maintenance,0,0,79425
GRANTS,0U74,Women Infants and Children Nutrition,41,Department of Public Health,2808,Women  Infants and Children Nutrition,140,For Professional and Technical Services and Other Third Party Benefit Agreements,0,0,112120
GRANTS,0U74,Women Infants and Children Nutrition,41,Department of Public Health,2808,Women  Infants and Children Nutrition,150,Publications and Reproduction - Outside Services to Be Expended with the Prior Approval of Graphics Services,0,0,5733
GRANTS,0U74,Women Infants and Children Nutrition,41,Department of Public Health,2808,Women  Infants and Children Nutrition,153,Promotions,0,0,4023
GRANTS,0U74,Women Infants and Children Nutrition,41,Department of Public Health,2808,Women  Infants and Children Nutrition,155,Rental of Property,0,0,40949
GRANTS,0U74,Women Infants and Children Nutrition,41,Department of Public Health,2808,Women  Infants and Children Nutrition,157,Rental of Equipment and Services,0,0,95500
GRANTS,0U74,Women Infants and Children Nutrition,41,Department of Public Health,2808,Women  Infants and Children Nutrition,169,Technical Meeting Costs,0,0,5000
GRANTS,0U74,Women Infants and Children Nutrition,41,Department of Public Health,2808,Women  Infants and Children Nutrition,190,Telephone - Non-Centrex Billings,0,0,4100
GRANTS,0U74,Women Infants and Children Nutrition,41,Department of Public Health,2808,Women  Infants and Children Nutrition,331,Electricity,0,0,600
GRANTS,0U77,High Risk Infant Follow-Up - State,41,Department of Public Health,280Z,High Risk Infant Follow-Up,6,Salary Provision,0,0,291000
GRANTS,0U77,High Risk Infant Follow-Up - State,41,Department of Public Health,280Z,High Risk Infant Follow-Up,140,For Professional and Technical Services and Other Third Party Benefit Agreements,582000,582000,0
GRANTS,0U78,High Risk Infant Follow-Up - State,41,Department of Public Health,280Z,High Risk Infant Follow-Up,5,Salaries and Wages - on Payroll,0,0,350156
GRANTS,0U78,High Risk Infant Follow-Up - State,41,Department of Public Health,280Z,High Risk Infant Follow-Up,11,Contract Wage Increment - Salary,0,0,29696
GRANTS,0U78,High Risk Infant Follow-Up - State,41,Department of Public Health,280Z,High Risk Infant Follow-Up,15,Schedule Salary Adjustments,0,0,1626
GRANTS,0U78,High Risk Infant Follow-Up - State,41,Department of Public Health,280Z,High Risk Infant Follow-Up,44,Fringe Benefits,0,0,200522
GRANTS,0U80,Lead Poisoning Prevention - Childhood Lead Poisoning Prevention,41,Department of Public Health,2804,Childhood Lead Poisoning Prevention,135,For Delegate Agencies,0,0,223000
GRANTS,0U80,Lead Poisoning Prevention - Childhood Lead Poisoning Prevention,41,Department of Public Health,2804,Childhood Lead Poisoning Prevention,140,For Professional and Technical Services and Other Third Party Benefit Agreements,445000,445000,0
GRANTS,0U81,Lead Poisoning Prevention - Childhood Lead Poisoning Prevention,41,Department of Public Health,2804,Childhood Lead Poisoning Prevention,135,For Delegate Agencies,0,0,445000
GRANTS,0U82,Healthy Chicago 2.0,41,Department of Public Health,280M,Healthy Chicago 2.0,140,For Professional and Technical Services and Other Third Party Benefit Agreements,97000,97000,90000
GRANTS,0X10,Building and Strengthening Epidemiology and Health It Capacity (Zika Preg Reg),41,Department of Public Health,2710,Building Epidemiology and Health IT Capacity,140,For Professional and Technical Services and Other Third Party Benefit Agreements,950000,950000,0
GRANTS,0X16,Solid Waste Management,41,Department of Public Health,2722,Solid Waste Management,5,Salaries and Wages - on Payroll,0,0,83628
GRANTS,0X16,Solid Waste Management,41,Department of Public Health,2722,Solid Waste Management,44,Fringe Benefits,0,0,33903
GRANTS,0X16,Solid Waste Management,41,Department of Public Health,2722,Solid Waste Management,140,For Professional and Technical Services and Other Third Party Benefit Agreements,143000,143000,1045
GRANTS,0X16,Solid Waste Management,41,Department of Public Health,2722,Solid Waste Management,270,Local Transportation,0,0,659
GRANTS,0X16,Solid Waste Management,41,Department of Public Health,2722,Solid Waste Management,801,Indirect Costs,0,0,95765
GRANTS,0X27,Tuberculosis Control,41,Department of Public Health,2824,Tuberculosis Control,5,Salaries and Wages - on Payroll,0,0,556847
GRANTS,0X27,Tuberculosis Control,41,Department of Public Health,2824,Tuberculosis Control,11,Contract Wage Increment - Salary,0,0,7155
GRANTS,0X27,Tuberculosis Control,41,Department of Public Health,2824,Tuberculosis Control,15,Schedule Salary Adjustments,0,0,3870
GRANTS,0X27,Tuberculosis Control,41,Department of Public Health,2824,Tuberculosis Control,140,For Professional and Technical Services and Other Third Party Benefit Agreements,1185000,1185000,384401
GRANTS,0X33,Tanning Facilities Inspections,41,Department of Public Health,2878,Tanning Facilities Inspections,140,For Professional and Technical Services and Other Third Party Benefit Agreements,5000,5000,0
GRANTS,0X42,HIV Behavioral Surveillance,41,Department of Public Health,2978,HIV Behavioral Surveillance,5,Salaries and Wages - on Payroll,151422,151422,85403
GRANTS,0X42,HIV Behavioral Surveillance,41,Department of Public Health,2978,HIV Behavioral Surveillance,15,Schedule Salary Adjustments,0,0,2780
GRANTS,0X42,HIV Behavioral Surveillance,41,Department of Public Health,2978,HIV Behavioral Surveillance,44,Fringe Benefits,64477,64477,35693
GRANTS,0X42,HIV Behavioral Surveillance,41,Department of Public Health,2978,HIV Behavioral Surveillance,140,For Professional and Technical Services and Other Third Party Benefit Agreements,328101,328101,571124
GRANTS,0X44,Tattoo and Body Art Piercing Inspection,41,Department of Public Health,2998,Body Art and Tanning Inspection,140,For Professional and Technical Services and Other Third Party Benefit Agreements,34000,34000,0
GRANTS,0X47,Building & Strengthening Epidemiology & Health It Capacity - Ebola Supplement,41,Department of Public Health,280K,Building & Strengthening Epidemiology & Health IT Capacity - Ebola Supplement,5,Salaries and Wages - on Payroll,249901,249901,0
GRANTS,0X47,Building & Strengthening Epidemiology & Health It Capacity - Ebola Supplement,41,Department of Public Health,280K,Building & Strengthening Epidemiology & Health IT Capacity - Ebola Supplement,15,Schedule Salary Adjustments,960,960,0
GRANTS,0X47,Building & Strengthening Epidemiology & Health It Capacity - Ebola Supplement,41,Department of Public Health,280K,Building & Strengthening Epidemiology & Health IT Capacity - Ebola Supplement,44,Fringe Benefits,117708,117708,0
GRANTS,0X47,Building & Strengthening Epidemiology & Health It Capacity - Ebola Supplement,41,Department of Public Health,280K,Building & Strengthening Epidemiology & Health IT Capacity - Ebola Supplement,135,For Delegate Agencies,924234,924234,0
GRANTS,0X47,Building & Strengthening Epidemiology & Health It Capacity - Ebola Supplement,41,Department of Public Health,280K,Building & Strengthening Epidemiology & Health IT Capacity - Ebola Supplement,140,For Professional and Technical Services and Other Third Party Benefit Agreements,207197,207197,750000
GRANTS,0X52,Reduce HIV and Improve Care for MSM and Transgender People,41,Department of Public Health,2737,Reduce HIV and Improve Care for MSM and Transgender People,5,Salaries and Wages - on Payroll,298393,298393,0
GRANTS,0X52,Reduce HIV and Improve Care for MSM and Transgender People,41,Department of Public Health,2737,Reduce HIV and Improve Care for MSM and Transgender People,6,Salary Provision,0,0,200000
GRANTS,0X52,Reduce HIV and Improve Care for MSM and Transgender People,41,Department of Public Health,2737,Reduce HIV and Improve Care for MSM and Transgender People,15,Schedule Salary Adjustments,2342,2342,0
GRANTS,0X52,Reduce HIV and Improve Care for MSM and Transgender People,41,Department of Public Health,2737,Reduce HIV and Improve Care for MSM and Transgender People,44,Fringe Benefits,127799,127799,0
GRANTS,0X52,Reduce HIV and Improve Care for MSM and Transgender People,41,Department of Public Health,2737,Reduce HIV and Improve Care for MSM and Transgender People,135,For Delegate Agencies,3010000,3010000,0
GRANTS,0X52,Reduce HIV and Improve Care for MSM and Transgender People,41,Department of Public Health,2737,Reduce HIV and Improve Care for MSM and Transgender People,140,For Professional and Technical Services and Other Third Party Benefit Agreements,1876593,1876593,1746900
GRANTS,0X52,Reduce HIV and Improve Care for MSM and Transgender People,41,Department of Public Health,2737,Reduce HIV and Improve Care for MSM and Transgender People,801,Indirect Costs,164873,164873,60100
GRANTS,0X52,Reduce HIV and Improve Care for MSM and Transgender People,41,Department of Public Health,2737,Reduce HIV and Improve Care for MSM and Transgender People,999,To Provide for Cultural Programming and Development Grants,75000,75000,0
GRANTS,0X55,HOPWA Housing and Health Study,41,Department of Public Health,2961,HOPWA Housing and Health Study Program,135,For Delegate Agencies,483000,483000,0
GRANTS,0X56,Teen Pregnancy Prevention Evaluation,41,Department of Public Health,280G,Teen Pregnancy Prevention Evaluation,140,For Professional and Technical Services and Other Third Party Benefit Agreements,60000,60000,0
GRANTS,0X57,Lead Poisoning Surveillance,41,Department of Public Health,280L,Lead Poisoning Surveillance,140,For Professional and Technical Services and Other Third Party Benefit Agreements,65000,65000,0
GRANTS,0X60,Bioterrorism Hospital Preparedness Program,41,Department of Public Health,2883,Bioterrorism Hospital Preparedness Program,5,Salaries and Wages - on Payroll,0,0,422855
GRANTS,0X60,Bioterrorism Hospital Preparedness Program,41,Department of Public Health,2883,Bioterrorism Hospital Preparedness Program,44,Fringe Benefits,0,0,181443
GRANTS,0X60,Bioterrorism Hospital Preparedness Program,41,Department of Public Health,2883,Bioterrorism Hospital Preparedness Program,135,For Delegate Agencies,2680000,2680000,0
GRANTS,0X60,Bioterrorism Hospital Preparedness Program,41,Department of Public Health,2883,Bioterrorism Hospital Preparedness Program,140,For Professional and Technical Services and Other Third Party Benefit Agreements,0,0,3276110
GRANTS,0X60,Bioterrorism Hospital Preparedness Program,41,Department of Public Health,2883,Bioterrorism Hospital Preparedness Program,801,Indirect Costs,0,0,181592
GRANTS,0X61,Bioterrorism Preparedness Response Planning,41,Department of Public Health,2829,Bioterrorism Preparedness Response Planning,5,Salaries and Wages - on Payroll,3225368,3225368,3330742
GRANTS,0X61,Bioterrorism Preparedness Response Planning,41,Department of Public Health,2829,Bioterrorism Preparedness Response Planning,15,Schedule Salary Adjustments,19632,19632,18398
GRANTS,0X61,Bioterrorism Preparedness Response Planning,41,Department of Public Health,2829,Bioterrorism Preparedness Response Planning,44,Fringe Benefits,1399536,1399536,1405610
GRANTS,0X61,Bioterrorism Preparedness Response Planning,41,Department of Public Health,2829,Bioterrorism Preparedness Response Planning,140,For Professional and Technical Services and Other Third Party Benefit Agreements,7148886,7148886,7511487
GRANTS,0X61,Bioterrorism Preparedness Response Planning,41,Department of Public Health,2829,Bioterrorism Preparedness Response Planning,245,Reimbursement to Travelers,14260,14260,3021
GRANTS,0X61,Bioterrorism Preparedness Response Planning,41,Department of Public Health,2829,Bioterrorism Preparedness Response Planning,270,Local Transportation,1290,1290,1290
GRANTS,0X61,Bioterrorism Preparedness Response Planning,41,Department of Public Health,2829,Bioterrorism Preparedness Response Planning,340,Material and Supplies,33013,33013,33013
GRANTS,0X61,Bioterrorism Preparedness Response Planning,41,Department of Public Health,2829,Bioterrorism Preparedness Response Planning,342,Drugs  Medicine and Chemical Materials,17485,17485,17485
GRANTS,0X61,Bioterrorism Preparedness Response Planning,41,Department of Public Health,2829,Bioterrorism Preparedness Response Planning,801,Indirect Costs,1545367,1545367,1426436
GRANTS,0X61,Bioterrorism Preparedness Response Planning,41,Department of Public Health,2829,Bioterrorism Preparedness Response Planning,999,To Provide for Cultural Programming and Development Grants,827163,827163,693518
GRANTS,0X63,Building Epidemiology and Health It Capacity,41,Department of Public Health,2710,Building Epidemiology and Health IT Capacity,6,Salary Provision,0,0,522585
GRANTS,0X63,Building Epidemiology and Health It Capacity,41,Department of Public Health,2710,Building Epidemiology and Health IT Capacity,135,For Delegate Agencies,0,0,165872
GRANTS,0X63,Building Epidemiology and Health It Capacity,41,Department of Public Health,2710,Building Epidemiology and Health IT Capacity,140,For Professional and Technical Services and Other Third Party Benefit Agreements,3577000,3577000,27640
GRANTS,0X63,Building Epidemiology and Health It Capacity,41,Department of Public Health,2710,Building Epidemiology and Health IT Capacity,245,Reimbursement to Travelers,0,0,18775
GRANTS,0X63,Building Epidemiology and Health It Capacity,41,Department of Public Health,2710,Building Epidemiology and Health IT Capacity,340,Material and Supplies,0,0,15128
GRANTS,0X71,HOPWA Housing and Health Study,41,Department of Public Health,2961,HOPWA Housing and Health Study Program,135,For Delegate Agencies,0,0,1488000
GRANTS,0X75,Immunizations and Vaccines for Children,41,Department of Public Health,2820,Immunizations and Vaccines for Children,135,For Delegate Agencies,0,0,350000
GRANTS,0X75,Immunizations and Vaccines for Children,41,Department of Public Health,2820,Immunizations and Vaccines for Children,140,For Professional and Technical Services and Other Third Party Benefit Agreements,5000000,5000000,543000
GRANTS,0X76,Lead Based Paint Hazard Control (Torrens Fund),41,Department of Public Health,2884,Lead Based Paint Hazard Control (Torrens Fund),140,For Professional and Technical Services and Other Third Party Benefit Agreements,250000,250000,250000
GRANTS,0X78,Maternal and Child Health Block Grant,41,Department of Public Health,2910,Maternal and Child Health Block Grant,140,For Professional and Technical Services and Other Third Party Benefit Agreements,9020000,9020000,235000
GRANTS,0X79,Morbidity and Risk Behavior Surveillance,41,Department of Public Health,2887,Morbidity and Risk Behavior Surveillance,5,Salaries and Wages - on Payroll,0,0,282093
GRANTS,0X79,Morbidity and Risk Behavior Surveillance,41,Department of Public Health,2887,Morbidity and Risk Behavior Surveillance,44,Fringe Benefits,0,0,117748
GRANTS,0X79,Morbidity and Risk Behavior Surveillance,41,Department of Public Health,2887,Morbidity and Risk Behavior Surveillance,140,For Professional and Technical Services and Other Third Party Benefit Agreements,0,0,306159
GRANTS,0X79,Morbidity and Risk Behavior Surveillance,41,Department of Public Health,2887,Morbidity and Risk Behavior Surveillance,245,Reimbursement to Travelers,706000,706000,0
GRANTS,0X81,Ryan White HIV Care Act Part A - Emergency Relief,41,Department of Public Health,2731,Ryan White HIV Care Act Part A - Emergency Relief,5,Salaries and Wages - on Payroll,83296,83296,0
GRANTS,0X81,Ryan White HIV Care Act Part A - Emergency Relief,41,Department of Public Health,2731,Ryan White HIV Care Act Part A - Emergency Relief,44,Fringe Benefits,35469,35469,0
GRANTS,0X81,Ryan White HIV Care Act Part A - Emergency Relief,41,Department of Public Health,2731,Ryan White HIV Care Act Part A - Emergency Relief,140,For Professional and Technical Services and Other Third Party Benefit Agreements,1381235,1381235,0
GRANTS,0X84,Summer Food Program,41,Department of Public Health,2984,Summer Food Program,140,For Professional and Technical Services and Other Third Party Benefit Agreements,167000,167000,229000
GRANTS,0X86,Body Art and Tanning Inspection Program,41,Department of Public Health,2998,Body Art and Tanning Inspection,140,For Professional and Technical Services and Other Third Party Benefit Agreements,104000,104000,182000
GRANTS,0X92,Teen Pregnancy Prevention Evaluation,41,Department of Public Health,280G,Teen Pregnancy Prevention Evaluation,5,Salaries and Wages - on Payroll,71748,71748,0
GRANTS,0X92,Teen Pregnancy Prevention Evaluation,41,Department of Public Health,280G,Teen Pregnancy Prevention Evaluation,15,Schedule Salary Adjustments,584,584,0
GRANTS,0X92,Teen Pregnancy Prevention Evaluation,41,Department of Public Health,280G,Teen Pregnancy Prevention Evaluation,44,Fringe Benefits,30551,30551,0
GRANTS,0X92,Teen Pregnancy Prevention Evaluation,41,Department of Public Health,280G,Teen Pregnancy Prevention Evaluation,135,For Delegate Agencies,337177,337177,0
GRANTS,0X92,Teen Pregnancy Prevention Evaluation,41,Department of Public Health,280G,Teen Pregnancy Prevention Evaluation,245,Reimbursement to Travelers,1972,1972,0
GRANTS,0X92,Teen Pregnancy Prevention Evaluation,41,Department of Public Health,280G,Teen Pregnancy Prevention Evaluation,350,Stationery and Office Supplies,90,90,0
GRANTS,0X92,Teen Pregnancy Prevention Evaluation,41,Department of Public Health,280G,Teen Pregnancy Prevention Evaluation,801,Indirect Costs,51851,51851,0
GRANTS,0X92,Teen Pregnancy Prevention Evaluation,41,Department of Public Health,280G,Teen Pregnancy Prevention Evaluation,999,To Provide for Cultural Programming and Development Grants,6027,6027,0
GRANTS,0X95,Increasing HPV Vaccine Coverage,41,Department of Public Health,280N,HPV Vaccine Coverage,5,Salaries and Wages - on Payroll,45802,45802,0
GRANTS,0X95,Increasing HPV Vaccine Coverage,41,Department of Public Health,280N,HPV Vaccine Coverage,15,Schedule Salary Adjustments,1362,1362,0
GRANTS,0X95,Increasing HPV Vaccine Coverage,41,Department of Public Health,280N,HPV Vaccine Coverage,44,Fringe Benefits,23891,23891,0
GRANTS,0X95,Increasing HPV Vaccine Coverage,41,Department of Public Health,280N,HPV Vaccine Coverage,140,For Professional and Technical Services and Other Third Party Benefit Agreements,428945,428945,193000
GRANTS,0X96,Healthy Chicago 2.0,41,Department of Public Health,280M,Healthy Chicago 2.0,140,For Professional and Technical Services and Other Third Party Benefit Agreements,43000,43000,10000
GRANTS,0X97,Adult Viral Hepatitis,41,Department of Public Health,2979,Adult Viral Hepatitis,5,Salaries and Wages - on Payroll,0,0,57748
GRANTS,0X97,Adult Viral Hepatitis,41,Department of Public Health,2979,Adult Viral Hepatitis,44,Fringe Benefits,0,0,26231
GRANTS,0X97,Adult Viral Hepatitis,41,Department of Public Health,2979,Adult Viral Hepatitis,140,For Professional and Technical Services and Other Third Party Benefit Agreements,163000,163000,19021
GRANTS,0X98,Zika Surveillance  Intervention  and Referral Program,41,Department of Public Health,280Q,Zika Surveillance,140,For Professional and Technical Services and Other Third Party Benefit Agreements,300000,300000,0
GRANTS,0X99,Resiliency in Communities After Stress and Trauma,41,Department of Public Health,280P,Resiliency in Communities After Stress and Trauma,5,Salaries and Wages - on Payroll,145490,145490,158822
GRANTS,0X99,Resiliency in Communities After Stress and Trauma,41,Department of Public Health,280P,Resiliency in Communities After Stress and Trauma,15,Schedule Salary Adjustments,852,852,1695
GRANTS,0X99,Resiliency in Communities After Stress and Trauma,41,Department of Public Health,280P,Resiliency in Communities After Stress and Trauma,44,Fringe Benefits,61493,61493,65314
GRANTS,0X99,Resiliency in Communities After Stress and Trauma,41,Department of Public Health,280P,Resiliency in Communities After Stress and Trauma,140,For Professional and Technical Services and Other Third Party Benefit Agreements,792165,792165,1456306
GRANTS,0X99,Resiliency in Communities After Stress and Trauma,41,Department of Public Health,280P,Resiliency in Communities After Stress and Trauma,801,Indirect Costs,0,0,67863
GRANTS,0819,Access Chicago Support,48,Mayor's Office for People with Disabilities,2802,Access Chicago Support,140,For Professional and Technical Services and Other Third Party Benefit Agreements,47725,47725,32200
GRANTS,0819,Access Chicago Support,48,Mayor's Office for People with Disabilities,2802,Access Chicago Support,152,Advertising,2550,2550,9000
GRANTS,0819,Access Chicago Support,48,Mayor's Office for People with Disabilities,2802,Access Chicago Support,157,Rental of Equipment and Services,1175,1175,1500
GRANTS,0819,Access Chicago Support,48,Mayor's Office for People with Disabilities,2802,Access Chicago Support,270,Local Transportation,5754,5754,4000
GRANTS,0819,Access Chicago Support,48,Mayor's Office for People with Disabilities,2802,Access Chicago Support,330,Food,2000,2000,3700
GRANTS,0819,Access Chicago Support,48,Mayor's Office for People with Disabilities,2802,Access Chicago Support,340,Material and Supplies,13796,13796,6600
GRANTS,0819,Access Chicago Support,48,Mayor's Office for People with Disabilities,2807,Home Modification Program - Chicago Fund Support,140,For Professional and Technical Services and Other Third Party Benefit Agreements,10000,10000,1000
GRANTS,0833,MOPD Private Funded Programs,48,Mayor's Office for People with Disabilities,2800,Amplified Phones Program (ITAC/TTY),140,For Professional and Technical Services and Other Third Party Benefit Agreements,82000,82000,102000
GRANTS,0833,MOPD Private Funded Programs,48,Mayor's Office for People with Disabilities,2800,Amplified Phones Program (ITAC/TTY),166,Dues  Subscriptions and Memberships,0,0,200
GRANTS,0833,MOPD Private Funded Programs,48,Mayor's Office for People with Disabilities,2800,Amplified Phones Program (ITAC/TTY),169,Technical Meeting Costs,0,0,4000
GRANTS,0833,MOPD Private Funded Programs,48,Mayor's Office for People with Disabilities,2800,Amplified Phones Program (ITAC/TTY),178,Freight and Express Charges,230,230,500
GRANTS,0833,MOPD Private Funded Programs,48,Mayor's Office for People with Disabilities,2800,Amplified Phones Program (ITAC/TTY),245,Reimbursement to Travelers,1500,1500,1500
GRANTS,0833,MOPD Private Funded Programs,48,Mayor's Office for People with Disabilities,2800,Amplified Phones Program (ITAC/TTY),270,Local Transportation,2607,2607,2700
GRANTS,0833,MOPD Private Funded Programs,48,Mayor's Office for People with Disabilities,2800,Amplified Phones Program (ITAC/TTY),330,Food,8563,8563,10000
GRANTS,0833,MOPD Private Funded Programs,48,Mayor's Office for People with Disabilities,2800,Amplified Phones Program (ITAC/TTY),340,Material and Supplies,8100,8100,8100
GRANTS,0833,MOPD Private Funded Programs,48,Mayor's Office for People with Disabilities,2804,Illustrated Guide,140,For Professional and Technical Services and Other Third Party Benefit Agreements,25000,25000,25000
GRANTS,0833,MOPD Private Funded Programs,48,Mayor's Office for People with Disabilities,2817,Disabled Youth Employment Program,140,For Professional and Technical Services and Other Third Party Benefit Agreements,1676,1676,2850
GRANTS,0833,MOPD Private Funded Programs,48,Mayor's Office for People with Disabilities,2817,Disabled Youth Employment Program,330,Food,1990,1990,3250
GRANTS,0833,MOPD Private Funded Programs,48,Mayor's Office for People with Disabilities,2817,Disabled Youth Employment Program,340,Material and Supplies,334,334,900
GRANTS,0833,MOPD Private Funded Programs,48,Mayor's Office for People with Disabilities,2832,RTA - ADA Certification Appeals Program,140,For Professional and Technical Services and Other Third Party Benefit Agreements,10600,10600,10000
GRANTS,0833,MOPD Private Funded Programs,48,Mayor's Office for People with Disabilities,2832,RTA - ADA Certification Appeals Program,270,Local Transportation,500,500,1500
GRANTS,0833,MOPD Private Funded Programs,48,Mayor's Office for People with Disabilities,2832,RTA - ADA Certification Appeals Program,340,Material and Supplies,1900,1900,2500
GRANTS,0J87,CHA Home Modification Program,48,Mayor's Office for People with Disabilities,2818,CHA Home Modification Program,140,For Professional and Technical Services and Other Third Party Benefit Agreements,92000,92000,41000
GRANTS,0Z19,Substance Abuse and AIDS Prevention for the Hearing Impaired,48,Mayor's Office for People with Disabilities,2805,Substance Abuse and AIDS Prevention for the Hearing Impaired,6,Salary Provision,0,0,39000
GRANTS,0Z19,Substance Abuse and AIDS Prevention for the Hearing Impaired,48,Mayor's Office for People with Disabilities,2805,Substance Abuse and AIDS Prevention for the Hearing Impaired,140,For Professional and Technical Services and Other Third Party Benefit Agreements,39000,39000,0
GRANTS,0T70,Early Childhood Block Grant,50,Department of Family and Support Services,2962,Early Childhood Block Grant,135,For Delegate Agencies,0,0,2000000
GRANTS,0Z21,Substance Abuse & AIDS Prevention for the Hearing Impaired,48,Mayor's Office for People with Disabilities,2805,Substance Abuse and AIDS Prevention for the Hearing Impaired,5,Salaries and Wages - on Payroll,144624,144624,0
GRANTS,0Z21,Substance Abuse & AIDS Prevention for the Hearing Impaired,48,Mayor's Office for People with Disabilities,2805,Substance Abuse and AIDS Prevention for the Hearing Impaired,6,Salary Provision,0,0,186000
GRANTS,0Z21,Substance Abuse & AIDS Prevention for the Hearing Impaired,48,Mayor's Office for People with Disabilities,2805,Substance Abuse and AIDS Prevention for the Hearing Impaired,15,Schedule Salary Adjustments,2767,2767,0
GRANTS,0Z21,Substance Abuse & AIDS Prevention for the Hearing Impaired,48,Mayor's Office for People with Disabilities,2805,Substance Abuse and AIDS Prevention for the Hearing Impaired,44,Fringe Benefits,61583,61583,0
GRANTS,0Z21,Substance Abuse & AIDS Prevention for the Hearing Impaired,48,Mayor's Office for People with Disabilities,2805,Substance Abuse and AIDS Prevention for the Hearing Impaired,801,Indirect Costs,-22974,-22974,0
GRANTS,0Z22,Work Incentive Planning and Assistance,48,Mayor's Office for People with Disabilities,2812,Work Incentive Planning and Assistance,5,Salaries and Wages - on Payroll,136204,136204,0
GRANTS,0Z22,Work Incentive Planning and Assistance,48,Mayor's Office for People with Disabilities,2812,Work Incentive Planning and Assistance,6,Salary Provision,0,0,212000
GRANTS,0Z22,Work Incentive Planning and Assistance,48,Mayor's Office for People with Disabilities,2812,Work Incentive Planning and Assistance,44,Fringe Benefits,57998,57998,0
GRANTS,0Z22,Work Incentive Planning and Assistance,48,Mayor's Office for People with Disabilities,2812,Work Incentive Planning and Assistance,801,Indirect Costs,17798,17798,0
GRANTS,0Z40,Work Incentive Planning and Assistance,48,Mayor's Office for People with Disabilities,2812,Work Incentive Planning and Assistance,5,Salaries and Wages - on Payroll,0,0,138298
GRANTS,0Z40,Work Incentive Planning and Assistance,48,Mayor's Office for People with Disabilities,2812,Work Incentive Planning and Assistance,44,Fringe Benefits,0,0,58767
GRANTS,0Z40,Work Incentive Planning and Assistance,48,Mayor's Office for People with Disabilities,2812,Work Incentive Planning and Assistance,801,Indirect Costs,0,0,14935
GRANTS,0Z41,Substance Abuse and AIDS Prevention for the Hearing Impaired,48,Mayor's Office for People with Disabilities,2805,Substance Abuse and AIDS Prevention for the Hearing Impaired,5,Salaries and Wages - on Payroll,0,0,121050
GRANTS,0Z41,Substance Abuse and AIDS Prevention for the Hearing Impaired,48,Mayor's Office for People with Disabilities,2805,Substance Abuse and AIDS Prevention for the Hearing Impaired,44,Fringe Benefits,0,0,64950
GRANTS,0Z47,Substance Abuse and AIDS Prevention for the Hearing Impaired,48,Mayor's Office for People with Disabilities,2805,Substance Abuse and AIDS Prevention for the Hearing Impaired,6,Salary Provision,0,0,39000
GRANTS,0074,Aging-Privately Funded Programs,50,Department of Family and Support Services,2910,Senior Citizens Picnic Support,140,For Professional and Technical Services and Other Third Party Benefit Agreements,25000,25000,25000
GRANTS,0168,Winter Shelter for the Homeless,50,Department of Family and Support Services,2822,Warming Center Program - Service Tax Trust Fund,135,For Delegate Agencies,15000,15000,15000
GRANTS,0869,Shelter Plus Care-1998,50,Department of Family and Support Services,2936,Shelter Plus Care,135,For Delegate Agencies,53000,53000,0
GRANTS,0N25,Community Services Block Grant,50,Department of Family and Support Services,2805,Community Services Block Grant,140,For Professional and Technical Services and Other Third Party Benefit Agreements,2662000,2662000,2662000
GRANTS,0P64,Senior Program Private Contributions,50,Department of Family and Support Services,2837,Senior Program Private Contributions,140,For Professional and Technical Services and Other Third Party Benefit Agreements,955000,955000,250000
GRANTS,0T34,Performance Partnership Pilots for Disconnected Youth,50,Department of Family and Support Services,2961,Performance Partnership Pilots for Disconnected Youth,140,For Professional and Technical Services and Other Third Party Benefit Agreements,874000,874000,0
GRANTS,0T37,CHA Family Supportive Services,50,Department of Family and Support Services,2896,CHA Family Supportive Services,5,Salaries and Wages - on Payroll,309057,309057,0
GRANTS,0T37,CHA Family Supportive Services,50,Department of Family and Support Services,2896,CHA Family Supportive Services,15,Schedule Salary Adjustments,3268,3268,0
GRANTS,0T79,Head Start,50,Department of Family and Support Services,2860,Head Start,801,Indirect Costs,6338081,6338081,5809908
GRANTS,0T37,CHA Family Supportive Services,50,Department of Family and Support Services,2896,CHA Family Supportive Services,44,Fringe Benefits,134829,134829,0
GRANTS,0T37,CHA Family Supportive Services,50,Department of Family and Support Services,2896,CHA Family Supportive Services,140,For Professional and Technical Services and Other Third Party Benefit Agreements,1134846,1134846,0
GRANTS,0T40,Community Services Block Grant,50,Department of Family and Support Services,2805,Community Services Block Grant,140,For Professional and Technical Services and Other Third Party Benefit Agreements,1650000,1650000,0
GRANTS,0T45,Emergency Solutions,50,Department of Family and Support Services,2944,Emergency Solutions,140,For Professional and Technical Services and Other Third Party Benefit Agreements,993000,993000,0
GRANTS,0T67,Performance Partnership Pilots for Disconnected Youth,50,Department of Family and Support Services,2961,Performance Partnership Pilots for Disconnected Youth,140,For Professional and Technical Services and Other Third Party Benefit Agreements,655000,655000,0
GRANTS,0T70,Early Childhood Block Grant,50,Department of Family and Support Services,2962,Early Childhood Block Grant,140,For Professional and Technical Services and Other Third Party Benefit Agreements,33000000,33000000,0
GRANTS,0T73,Area Plan on Aging - Older Americans Act - Federal,50,Department of Family and Support Services,2904,Area Plan on Aging - Older Americans Act - Federal,5,Salaries and Wages - on Payroll,4747620,4747620,0
GRANTS,0T73,Area Plan on Aging - Older Americans Act - Federal,50,Department of Family and Support Services,2904,Area Plan on Aging - Older Americans Act - Federal,6,Salary Provision,0,0,5395477
GRANTS,0T73,Area Plan on Aging - Older Americans Act - Federal,50,Department of Family and Support Services,2904,Area Plan on Aging - Older Americans Act - Federal,15,Schedule Salary Adjustments,13860,13860,0
GRANTS,0T73,Area Plan on Aging - Older Americans Act - Federal,50,Department of Family and Support Services,2904,Area Plan on Aging - Older Americans Act - Federal,44,Fringe Benefits,2043019,2043019,0
GRANTS,0T73,Area Plan on Aging - Older Americans Act - Federal,50,Department of Family and Support Services,2904,Area Plan on Aging - Older Americans Act - Federal,130,Postage,44314,44314,5163
GRANTS,0T73,Area Plan on Aging - Older Americans Act - Federal,50,Department of Family and Support Services,2904,Area Plan on Aging - Older Americans Act - Federal,135,For Delegate Agencies,5092542,5092542,3693000
GRANTS,0T73,Area Plan on Aging - Older Americans Act - Federal,50,Department of Family and Support Services,2904,Area Plan on Aging - Older Americans Act - Federal,150,Publications and Reproduction - Outside Services to Be Expended with the Prior Approval of Graphics Services,7500,7500,0
GRANTS,0T73,Area Plan on Aging - Older Americans Act - Federal,50,Department of Family and Support Services,2904,Area Plan on Aging - Older Americans Act - Federal,159,Lease Purchase Agreements for Equipment and Machinery,7500,7500,750
GRANTS,0T73,Area Plan on Aging - Older Americans Act - Federal,50,Department of Family and Support Services,2904,Area Plan on Aging - Older Americans Act - Federal,165,Graphic Design Services,1500,1500,0
GRANTS,0T73,Area Plan on Aging - Older Americans Act - Federal,50,Department of Family and Support Services,2904,Area Plan on Aging - Older Americans Act - Federal,166,Dues  Subscriptions and Memberships,2435,2435,1000
GRANTS,0T73,Area Plan on Aging - Older Americans Act - Federal,50,Department of Family and Support Services,2904,Area Plan on Aging - Older Americans Act - Federal,169,Technical Meeting Costs,3299,3299,1099
GRANTS,0T73,Area Plan on Aging - Older Americans Act - Federal,50,Department of Family and Support Services,2904,Area Plan on Aging - Older Americans Act - Federal,190,Telephone - Non-Centrex Billings,43363,43363,10863
GRANTS,0T73,Area Plan on Aging - Older Americans Act - Federal,50,Department of Family and Support Services,2904,Area Plan on Aging - Older Americans Act - Federal,197,Telephone - Maintenance and Repair of Equipment and Voicemail,4573,4573,2573
GRANTS,0T73,Area Plan on Aging - Older Americans Act - Federal,50,Department of Family and Support Services,2904,Area Plan on Aging - Older Americans Act - Federal,245,Reimbursement to Travelers,0,0,1000
GRANTS,0T73,Area Plan on Aging - Older Americans Act - Federal,50,Department of Family and Support Services,2904,Area Plan on Aging - Older Americans Act - Federal,270,Local Transportation,1400,1400,1000
GRANTS,0T73,Area Plan on Aging - Older Americans Act - Federal,50,Department of Family and Support Services,2904,Area Plan on Aging - Older Americans Act - Federal,340,Material and Supplies,17116,17116,12116
GRANTS,0T73,Area Plan on Aging - Older Americans Act - Federal,50,Department of Family and Support Services,2904,Area Plan on Aging - Older Americans Act - Federal,350,Stationery and Office Supplies,17500,17500,4500
GRANTS,0T73,Area Plan on Aging - Older Americans Act - Federal,50,Department of Family and Support Services,2904,Area Plan on Aging - Older Americans Act - Federal,9651,To Reimburse Corporate Fund for Indirect Costs,952459,952459,621459
GRANTS,0T74,Area Plan on Aging - State,50,Department of Family and Support Services,2903,Area Plan on Aging - Older Americans Act - State,5,Salaries and Wages - on Payroll,1672870,1672870,0
GRANTS,0T74,Area Plan on Aging - State,50,Department of Family and Support Services,2903,Area Plan on Aging - Older Americans Act - State,6,Salary Provision,0,0,1600000
GRANTS,0T74,Area Plan on Aging - State,50,Department of Family and Support Services,2903,Area Plan on Aging - Older Americans Act - State,15,Schedule Salary Adjustments,7777,7777,0
GRANTS,0T74,Area Plan on Aging - State,50,Department of Family and Support Services,2903,Area Plan on Aging - Older Americans Act - State,44,Fringe Benefits,715272,715272,0
GRANTS,0T74,Area Plan on Aging - State,50,Department of Family and Support Services,2903,Area Plan on Aging - Older Americans Act - State,130,Postage,26819,26819,16819
GRANTS,0T74,Area Plan on Aging - State,50,Department of Family and Support Services,2903,Area Plan on Aging - Older Americans Act - State,135,For Delegate Agencies,3264482,3264482,2678114
GRANTS,0T74,Area Plan on Aging - State,50,Department of Family and Support Services,2903,Area Plan on Aging - Older Americans Act - State,140,For Professional and Technical Services and Other Third Party Benefit Agreements,2189713,2189713,1627000
GRANTS,0T74,Area Plan on Aging - State,50,Department of Family and Support Services,2903,Area Plan on Aging - Older Americans Act - State,150,Publications and Reproduction - Outside Services to Be Expended with the Prior Approval of Graphics Services,1500,1500,1000
GRANTS,0T74,Area Plan on Aging - State,50,Department of Family and Support Services,2903,Area Plan on Aging - Older Americans Act - State,165,Graphic Design Services,10000,10000,8000
GRANTS,0T79,Head Start,50,Department of Family and Support Services,2860,Head Start,130,Postage,16876,16876,16000
GRANTS,0T74,Area Plan on Aging - State,50,Department of Family and Support Services,2903,Area Plan on Aging - Older Americans Act - State,169,Technical Meeting Costs,5000,5000,4000
GRANTS,0T74,Area Plan on Aging - State,50,Department of Family and Support Services,2903,Area Plan on Aging - Older Americans Act - State,190,Telephone - Non-Centrex Billings,49567,49567,29567
GRANTS,0T74,Area Plan on Aging - State,50,Department of Family and Support Services,2903,Area Plan on Aging - Older Americans Act - State,229,Transportation and Expense Allowance,3000,3000,2000
GRANTS,0T74,Area Plan on Aging - State,50,Department of Family and Support Services,2903,Area Plan on Aging - Older Americans Act - State,270,Local Transportation,1500,1500,1000
GRANTS,0T74,Area Plan on Aging - State,50,Department of Family and Support Services,2903,Area Plan on Aging - Older Americans Act - State,350,Stationery and Office Supplies,52500,52500,32500
GRANTS,0T76,Services to Victims of Domestic Violence,50,Department of Family and Support Services,2923,Chicago Domestic Violence Help Line,135,For Delegate Agencies,455000,455000,304000
GRANTS,0T77,Child Care Services,50,Department of Family and Support Services,2943,Child Care Services,5,Salaries and Wages - on Payroll,2224439,2224439,0
GRANTS,0T77,Child Care Services,50,Department of Family and Support Services,2943,Child Care Services,6,Salary Provision,0,0,1050000
GRANTS,0T77,Child Care Services,50,Department of Family and Support Services,2943,Child Care Services,15,Schedule Salary Adjustments,7822,7822,0
GRANTS,0T77,Child Care Services,50,Department of Family and Support Services,2943,Child Care Services,44,Fringe Benefits,965025,965025,0
GRANTS,0T77,Child Care Services,50,Department of Family and Support Services,2943,Child Care Services,135,For Delegate Agencies,17611952,17611952,9396000
GRANTS,0T77,Child Care Services,50,Department of Family and Support Services,2943,Child Care Services,140,For Professional and Technical Services and Other Third Party Benefit Agreements,190762,190762,50000
GRANTS,0T77,Child Care Services,50,Department of Family and Support Services,2943,Child Care Services,350,Stationery and Office Supplies,0,0,4000
GRANTS,0T78,Community Services Block Grant,50,Department of Family and Support Services,2805,Community Services Block Grant,5,Salaries and Wages - on Payroll,4143409,4143409,0
GRANTS,0T78,Community Services Block Grant,50,Department of Family and Support Services,2805,Community Services Block Grant,15,Schedule Salary Adjustments,14817,14817,0
GRANTS,0T78,Community Services Block Grant,50,Department of Family and Support Services,2805,Community Services Block Grant,44,Fringe Benefits,1816480,1816480,0
GRANTS,0T78,Community Services Block Grant,50,Department of Family and Support Services,2805,Community Services Block Grant,125,Office and Building Services,6629,6629,0
GRANTS,0T78,Community Services Block Grant,50,Department of Family and Support Services,2805,Community Services Block Grant,135,For Delegate Agencies,2648904,2648904,1480000
GRANTS,0T78,Community Services Block Grant,50,Department of Family and Support Services,2805,Community Services Block Grant,140,For Professional and Technical Services and Other Third Party Benefit Agreements,1791000,1791000,150000
GRANTS,0T78,Community Services Block Grant,50,Department of Family and Support Services,2805,Community Services Block Grant,155,Rental of Property,69100,69100,20000
GRANTS,0T78,Community Services Block Grant,50,Department of Family and Support Services,2805,Community Services Block Grant,159,Lease Purchase Agreements for Equipment and Machinery,20892,20892,0
GRANTS,0T78,Community Services Block Grant,50,Department of Family and Support Services,2805,Community Services Block Grant,190,Telephone - Non-Centrex Billings,43520,43520,0
GRANTS,0T78,Community Services Block Grant,50,Department of Family and Support Services,2805,Community Services Block Grant,197,Telephone - Maintenance and Repair of Equipment and Voicemail,3439,3439,0
GRANTS,0T78,Community Services Block Grant,50,Department of Family and Support Services,2805,Community Services Block Grant,245,Reimbursement to Travelers,7000,7000,0
GRANTS,0T78,Community Services Block Grant,50,Department of Family and Support Services,2805,Community Services Block Grant,270,Local Transportation,5000,5000,0
GRANTS,0T78,Community Services Block Grant,50,Department of Family and Support Services,2805,Community Services Block Grant,340,Material and Supplies,10500,10500,0
GRANTS,0T78,Community Services Block Grant,50,Department of Family and Support Services,2805,Community Services Block Grant,350,Stationery and Office Supplies,3285,3285,0
GRANTS,0T78,Community Services Block Grant,50,Department of Family and Support Services,2805,Community Services Block Grant,9438,For Services Provided by the Department of Fleet and Facilities Management,7850,7850,0
GRANTS,0T78,Community Services Block Grant,50,Department of Family and Support Services,2805,Community Services Block Grant,9651,To Reimburse Corporate Fund for Indirect Costs,569175,569175,0
GRANTS,0T79,Head Start,50,Department of Family and Support Services,2860,Head Start,5,Salaries and Wages - on Payroll,6091001,6091001,0
GRANTS,0T79,Head Start,50,Department of Family and Support Services,2860,Head Start,6,Salary Provision,0,0,6650000
GRANTS,0T79,Head Start,50,Department of Family and Support Services,2860,Head Start,15,Schedule Salary Adjustments,23832,23832,0
GRANTS,0T79,Head Start,50,Department of Family and Support Services,2860,Head Start,44,Fringe Benefits,2692981,2692981,0
GRANTS,0T79,Head Start,50,Department of Family and Support Services,2860,Head Start,135,For Delegate Agencies,89090887,89090887,81000000
GRANTS,0T79,Head Start,50,Department of Family and Support Services,2860,Head Start,140,For Professional and Technical Services and Other Third Party Benefit Agreements,11054864,11054864,12761413
GRANTS,0T79,Head Start,50,Department of Family and Support Services,2860,Head Start,152,Advertising,500000,500000,485000
GRANTS,0T79,Head Start,50,Department of Family and Support Services,2860,Head Start,159,Lease Purchase Agreements for Equipment and Machinery,25920,25920,40289
GRANTS,0T79,Head Start,50,Department of Family and Support Services,2860,Head Start,166,Dues  Subscriptions and Memberships,1495198,1495198,1632030
GRANTS,0T79,Head Start,50,Department of Family and Support Services,2860,Head Start,169,Technical Meeting Costs,50000,50000,45000
GRANTS,0T79,Head Start,50,Department of Family and Support Services,2860,Head Start,190,Telephone - Non-Centrex Billings,50797,50797,45797
GRANTS,0T79,Head Start,50,Department of Family and Support Services,2860,Head Start,197,Telephone - Maintenance and Repair of Equipment and Voicemail,4563,4563,4563
GRANTS,0T79,Head Start,50,Department of Family and Support Services,2860,Head Start,245,Reimbursement to Travelers,10000,10000,10000
GRANTS,0T79,Head Start,50,Department of Family and Support Services,2860,Head Start,270,Local Transportation,5000,5000,5000
GRANTS,0T79,Head Start,50,Department of Family and Support Services,2860,Head Start,348,Books and Related Material,500000,500000,450000
GRANTS,0T79,Head Start,50,Department of Family and Support Services,2860,Head Start,350,Stationery and Office Supplies,50000,50000,45000
GRANTS,0T80,Early Head Start Initiative,50,Department of Family and Support Services,2857,Early Head Start Initiative,5,Salaries and Wages - on Payroll,536014,536014,0
GRANTS,0T80,Early Head Start Initiative,50,Department of Family and Support Services,2857,Early Head Start Initiative,6,Salary Provision,0,0,915000
GRANTS,0T80,Early Head Start Initiative,50,Department of Family and Support Services,2857,Early Head Start Initiative,15,Schedule Salary Adjustments,140,140,0
GRANTS,0T80,Early Head Start Initiative,50,Department of Family and Support Services,2857,Early Head Start Initiative,44,Fringe Benefits,232128,232128,0
GRANTS,0T80,Early Head Start Initiative,50,Department of Family and Support Services,2857,Early Head Start Initiative,130,Postage,5093,5093,5000
GRANTS,0T80,Early Head Start Initiative,50,Department of Family and Support Services,2857,Early Head Start Initiative,135,For Delegate Agencies,17082804,17082804,12650878
GRANTS,0T80,Early Head Start Initiative,50,Department of Family and Support Services,2857,Early Head Start Initiative,140,For Professional and Technical Services and Other Third Party Benefit Agreements,1457021,1457021,2923000
GRANTS,0T80,Early Head Start Initiative,50,Department of Family and Support Services,2857,Early Head Start Initiative,159,Lease Purchase Agreements for Equipment and Machinery,1152,1152,1250
GRANTS,0T80,Early Head Start Initiative,50,Department of Family and Support Services,2857,Early Head Start Initiative,166,Dues  Subscriptions and Memberships,22008,22008,208001
GRANTS,0T80,Early Head Start Initiative,50,Department of Family and Support Services,2857,Early Head Start Initiative,190,Telephone - Non-Centrex Billings,23146,23146,20146
GRANTS,0T80,Early Head Start Initiative,50,Department of Family and Support Services,2857,Early Head Start Initiative,197,Telephone - Maintenance and Repair of Equipment and Voicemail,425,425,425
GRANTS,0T80,Early Head Start Initiative,50,Department of Family and Support Services,2857,Early Head Start Initiative,801,Indirect Costs,340069,340069,876300
GRANTS,0T81,Early Head Start - Child Partnership,50,Department of Family and Support Services,2956,Early Head Start - Child Care Partnership,5,Salaries and Wages - on Payroll,515257,515257,0
GRANTS,0T81,Early Head Start - Child Partnership,50,Department of Family and Support Services,2956,Early Head Start - Child Care Partnership,6,Salary Provision,0,0,301183
GRANTS,0T81,Early Head Start - Child Partnership,50,Department of Family and Support Services,2956,Early Head Start - Child Care Partnership,44,Fringe Benefits,223289,223289,0
GRANTS,0T81,Early Head Start - Child Partnership,50,Department of Family and Support Services,2956,Early Head Start - Child Care Partnership,135,For Delegate Agencies,13082348,13082348,6175300
GRANTS,0T81,Early Head Start - Child Partnership,50,Department of Family and Support Services,2956,Early Head Start - Child Care Partnership,140,For Professional and Technical Services and Other Third Party Benefit Agreements,1634043,1634043,575847
GRANTS,0T81,Early Head Start - Child Partnership,50,Department of Family and Support Services,2956,Early Head Start - Child Care Partnership,159,Lease Purchase Agreements for Equipment and Machinery,1730,1730,890
GRANTS,0T81,Early Head Start - Child Partnership,50,Department of Family and Support Services,2956,Early Head Start - Child Care Partnership,166,Dues  Subscriptions and Memberships,181033,181033,372530
GRANTS,0T81,Early Head Start - Child Partnership,50,Department of Family and Support Services,2956,Early Head Start - Child Care Partnership,169,Technical Meeting Costs,2100,2100,1100
GRANTS,0T81,Early Head Start - Child Partnership,50,Department of Family and Support Services,2956,Early Head Start - Child Care Partnership,229,Transportation and Expense Allowance,200,200,0
GRANTS,0T81,Early Head Start - Child Partnership,50,Department of Family and Support Services,2956,Early Head Start - Child Care Partnership,245,Reimbursement to Travelers,4800,4800,2400
GRANTS,0T81,Early Head Start - Child Partnership,50,Department of Family and Support Services,2956,Early Head Start - Child Care Partnership,270,Local Transportation,200,200,250
GRANTS,0T81,Early Head Start - Child Partnership,50,Department of Family and Support Services,2956,Early Head Start - Child Care Partnership,348,Books and Related Material,50000,50000,25000
GRANTS,0T81,Early Head Start - Child Partnership,50,Department of Family and Support Services,2956,Early Head Start - Child Care Partnership,350,Stationery and Office Supplies,5000,5000,2500
GRANTS,0T81,Early Head Start - Child Partnership,50,Department of Family and Support Services,2956,Early Head Start - Child Care Partnership,801,Indirect Costs,0,0,383000
GRANTS,0T82,Elder Abuse and Neglect,50,Department of Family and Support Services,2846,Elder Abuse and Neglect,6,Salary Provision,149905,149905,79000
GRANTS,0T82,Elder Abuse and Neglect,50,Department of Family and Support Services,2846,Elder Abuse and Neglect,801,Indirect Costs,8095,8095,0
GRANTS,0T83,Emergency and Transitional Housing,50,Department of Family and Support Services,2942,Emergency and Transitional Housing,5,Salaries and Wages - on Payroll,147647,147647,0
GRANTS,0T83,Emergency and Transitional Housing,50,Department of Family and Support Services,2942,Emergency and Transitional Housing,6,Salary Provision,0,0,106000
GRANTS,0T83,Emergency and Transitional Housing,50,Department of Family and Support Services,2942,Emergency and Transitional Housing,15,Schedule Salary Adjustments,2372,2372,0
GRANTS,0T83,Emergency and Transitional Housing,50,Department of Family and Support Services,2942,Emergency and Transitional Housing,44,Fringe Benefits,62870,62870,0
GRANTS,0T83,Emergency and Transitional Housing,50,Department of Family and Support Services,2942,Emergency and Transitional Housing,135,For Delegate Agencies,4158051,4158051,2077935
GRANTS,0T83,Emergency and Transitional Housing,50,Department of Family and Support Services,2942,Emergency and Transitional Housing,140,For Professional and Technical Services and Other Third Party Benefit Agreements,2000,2000,1000
GRANTS,0T83,Emergency and Transitional Housing,50,Department of Family and Support Services,2942,Emergency and Transitional Housing,155,Rental of Property,70000,70000,35000
GRANTS,0T83,Emergency and Transitional Housing,50,Department of Family and Support Services,2942,Emergency and Transitional Housing,157,Rental of Equipment and Services,8195,8195,4195
GRANTS,0T83,Emergency and Transitional Housing,50,Department of Family and Support Services,2942,Emergency and Transitional Housing,159,Lease Purchase Agreements for Equipment and Machinery,8150,8150,4150
GRANTS,0T83,Emergency and Transitional Housing,50,Department of Family and Support Services,2942,Emergency and Transitional Housing,190,Telephone - Non-Centrex Billings,12803,12803,6803
GRANTS,0T83,Emergency and Transitional Housing,50,Department of Family and Support Services,2942,Emergency and Transitional Housing,9651,To Reimburse Corporate Fund for Indirect Costs,241912,241912,121917
GRANTS,0T84,Emergency Solutions,50,Department of Family and Support Services,2944,Emergency Solutions,5,Salaries and Wages - on Payroll,334160,334160,0
GRANTS,0T84,Emergency Solutions,50,Department of Family and Support Services,2944,Emergency Solutions,15,Schedule Salary Adjustments,3001,3001,0
GRANTS,0T84,Emergency Solutions,50,Department of Family and Support Services,2944,Emergency Solutions,44,Fringe Benefits,142291,142291,0
GRANTS,0T84,Emergency Solutions,50,Department of Family and Support Services,2944,Emergency Solutions,135,For Delegate Agencies,5977000,5977000,3250000
GRANTS,0T84,Emergency Solutions,50,Department of Family and Support Services,2944,Emergency Solutions,140,For Professional and Technical Services and Other Third Party Benefit Agreements,34548,34548,0
GRANTS,0T85,Foster Grandparents,50,Department of Family and Support Services,2815,Foster Grandparents,5,Salaries and Wages - on Payroll,133007,133007,0
GRANTS,0T85,Foster Grandparents,50,Department of Family and Support Services,2815,Foster Grandparents,6,Salary Provision,0,0,90717
GRANTS,0T85,Foster Grandparents,50,Department of Family and Support Services,2815,Foster Grandparents,44,Fringe Benefits,58864,58864,0
GRANTS,0T85,Foster Grandparents,50,Department of Family and Support Services,2815,Foster Grandparents,50,Stipends,259112,259112,150600
GRANTS,0T85,Foster Grandparents,50,Department of Family and Support Services,2815,Foster Grandparents,140,For Professional and Technical Services and Other Third Party Benefit Agreements,10448,10448,10034
GRANTS,0T85,Foster Grandparents,50,Department of Family and Support Services,2815,Foster Grandparents,229,Transportation and Expense Allowance,56236,56236,18736
GRANTS,0T85,Foster Grandparents,50,Department of Family and Support Services,2815,Foster Grandparents,245,Reimbursement to Travelers,300,300,0
GRANTS,0T85,Foster Grandparents,50,Department of Family and Support Services,2815,Foster Grandparents,270,Local Transportation,120,120,0
GRANTS,0T85,Foster Grandparents,50,Department of Family and Support Services,2815,Foster Grandparents,330,Food,22913,22913,913
GRANTS,0T87,Long Term Care Ombudsman Program - Cmp,50,Department of Family and Support Services,2836,Long Term Care Ombudsman Program - Cmp,6,Salary Provision,0,0,116974
GRANTS,0T87,Long Term Care Ombudsman Program - Cmp,50,Department of Family and Support Services,2836,Long Term Care Ombudsman Program - Cmp,140,For Professional and Technical Services and Other Third Party Benefit Agreements,120000,120000,0
GRANTS,0T87,Long Term Care Ombudsman Program - Cmp,50,Department of Family and Support Services,2836,Long Term Care Ombudsman Program - Cmp,801,Indirect Costs,0,0,3026
GRANTS,0T88,Long Term Care System Development,50,Department of Family and Support Services,2820,Long Term Care System Development,6,Salary Provision,56000,56000,26426
GRANTS,0T88,Long Term Care System Development,50,Department of Family and Support Services,2820,Long Term Care System Development,140,For Professional and Technical Services and Other Third Party Benefit Agreements,0,0,3000
GRANTS,0T88,Long Term Care System Development,50,Department of Family and Support Services,2820,Long Term Care System Development,801,Indirect Costs,6000,6000,1574
GRANTS,0T89,Medicare Improvements for Patients and Providers Act,50,Department of Family and Support Services,2937,Medicare Improvements for Patients and Providers Act,5,Salaries and Wages - on Payroll,68690,68690,0
GRANTS,0T89,Medicare Improvements for Patients and Providers Act,50,Department of Family and Support Services,2937,Medicare Improvements for Patients and Providers Act,6,Salary Provision,3940,3940,91150
GRANTS,0T89,Medicare Improvements for Patients and Providers Act,50,Department of Family and Support Services,2937,Medicare Improvements for Patients and Providers Act,44,Fringe Benefits,29249,29249,0
GRANTS,0T89,Medicare Improvements for Patients and Providers Act,50,Department of Family and Support Services,2937,Medicare Improvements for Patients and Providers Act,270,Local Transportation,1293,1293,0
GRANTS,0T89,Medicare Improvements for Patients and Providers Act,50,Department of Family and Support Services,2937,Medicare Improvements for Patients and Providers Act,801,Indirect Costs,8828,8828,2850
GRANTS,0T92,OAA Title V Senior Employment Specialist,50,Department of Family and Support Services,2807,OAA Title V / Senior Community Service Employment,5,Salaries and Wages - on Payroll,82826,82826,0
GRANTS,0T92,OAA Title V Senior Employment Specialist,50,Department of Family and Support Services,2807,OAA Title V / Senior Community Service Employment,6,Salary Provision,0,0,40000
GRANTS,0T92,OAA Title V Senior Employment Specialist,50,Department of Family and Support Services,2807,OAA Title V / Senior Community Service Employment,44,Fringe Benefits,35269,35269,0
GRANTS,0T92,OAA Title V Senior Employment Specialist,50,Department of Family and Support Services,2807,OAA Title V / Senior Community Service Employment,50,Stipends,358288,358288,109950
GRANTS,0T92,OAA Title V Senior Employment Specialist,50,Department of Family and Support Services,2807,OAA Title V / Senior Community Service Employment,130,Postage,1000,1000,0
GRANTS,0T92,OAA Title V Senior Employment Specialist,50,Department of Family and Support Services,2807,OAA Title V / Senior Community Service Employment,135,For Delegate Agencies,156260,156260,170000
GRANTS,0T92,OAA Title V Senior Employment Specialist,50,Department of Family and Support Services,2807,OAA Title V / Senior Community Service Employment,140,For Professional and Technical Services and Other Third Party Benefit Agreements,2800,2800,1510
GRANTS,0T92,OAA Title V Senior Employment Specialist,50,Department of Family and Support Services,2807,OAA Title V / Senior Community Service Employment,245,Reimbursement to Travelers,1270,1270,0
GRANTS,0T92,OAA Title V Senior Employment Specialist,50,Department of Family and Support Services,2807,OAA Title V / Senior Community Service Employment,350,Stationery and Office Supplies,3152,3152,0
GRANTS,0T92,OAA Title V Senior Employment Specialist,50,Department of Family and Support Services,2807,OAA Title V / Senior Community Service Employment,801,Indirect Costs,4135,4135,1540
GRANTS,0T95,Senior Companion Project - Action,50,Department of Family and Support Services,2868,Senior Companion Project - Action,5,Salaries and Wages - on Payroll,74276,74276,80721
GRANTS,0T95,Senior Companion Project - Action,50,Department of Family and Support Services,2868,Senior Companion Project - Action,6,Salary Provision,0,0,166580
GRANTS,0T95,Senior Companion Project - Action,50,Department of Family and Support Services,2868,Senior Companion Project - Action,44,Fringe Benefits,31628,31628,33694
GRANTS,0T95,Senior Companion Project - Action,50,Department of Family and Support Services,2868,Senior Companion Project - Action,50,Stipends,180096,180096,148005
GRANTS,0T96,Senior Health Assistance Program,50,Department of Family and Support Services,2946,Senior Health Assistance Program,5,Salaries and Wages - on Payroll,204029,204029,0
GRANTS,0T96,Senior Health Assistance Program,50,Department of Family and Support Services,2946,Senior Health Assistance Program,6,Salary Provision,7864,7864,171000
GRANTS,0T96,Senior Health Assistance Program,50,Department of Family and Support Services,2946,Senior Health Assistance Program,44,Fringe Benefits,90107,90107,0
GRANTS,0T96,Senior Health Assistance Program,50,Department of Family and Support Services,2946,Senior Health Assistance Program,140,For Professional and Technical Services and Other Third Party Benefit Agreements,40000,40000,0
GRANTS,0T98,Senior Medicare Patrol,50,Department of Family and Support Services,2945,Senior Medicare Patrol,135,For Delegate Agencies,0,0,10000
GRANTS,0T98,Senior Medicare Patrol,50,Department of Family and Support Services,2945,Senior Medicare Patrol,140,For Professional and Technical Services and Other Third Party Benefit Agreements,20000,20000,0
GRANTS,0Y16,Foster Grandparents,50,Department of Family and Support Services,2815,Foster Grandparents,229,Transportation and Expense Allowance,0,0,56236
GRANTS,0Y01,Generic Prevention Domestic Violence,50,Department of Family and Support Services,2968,Generic Prevention Domestic Violence,135,For Delegate Agencies,145000,145000,91000
GRANTS,0Y01,Generic Prevention Domestic Violence,50,Department of Family and Support Services,2968,Generic Prevention Domestic Violence,140,For Professional and Technical Services and Other Third Party Benefit Agreements,36000,36000,0
GRANTS,0Y02,State Foster Grandparents,50,Department of Family and Support Services,2818,State Foster Grandparents,140,For Professional and Technical Services and Other Third Party Benefit Agreements,20864,20864,8864
GRANTS,0Y02,State Foster Grandparents,50,Department of Family and Support Services,2818,State Foster Grandparents,165,Graphic Design Services,1722,1722,0
GRANTS,0Y02,State Foster Grandparents,50,Department of Family and Support Services,2818,State Foster Grandparents,168,Educational Development through Cooperative Education Program and Apprenticeship Program,1914,1914,894
GRANTS,0Y02,State Foster Grandparents,50,Department of Family and Support Services,2818,State Foster Grandparents,229,Transportation and Expense Allowance,4000,4000,2000
GRANTS,0Y02,State Foster Grandparents,50,Department of Family and Support Services,2818,State Foster Grandparents,245,Reimbursement to Travelers,1000,1000,500
GRANTS,0Y02,State Foster Grandparents,50,Department of Family and Support Services,2818,State Foster Grandparents,330,Food,4500,4500,3242
GRANTS,0Y02,State Foster Grandparents,50,Department of Family and Support Services,2818,State Foster Grandparents,350,Stationery and Office Supplies,1000,1000,500
GRANTS,0Y03,State Senior Employment Specialist,50,Department of Family and Support Services,2862,State Senior Employment Specialist,6,Salary Provision,25000,25000,13000
GRANTS,0Y04,Summer Jobs Connect Program,50,Department of Family and Support Services,2953,Summer Jobs Connect Program,135,For Delegate Agencies,967000,967000,0
GRANTS,0Y04,Summer Jobs Connect Program,50,Department of Family and Support Services,2953,Summer Jobs Connect Program,140,For Professional and Technical Services and Other Third Party Benefit Agreements,15000,15000,0
GRANTS,0Y05,Title XX Donated Funds,50,Department of Family and Support Services,2873,Title XX Donated Funds,6,Salary Provision,0,0,3778
GRANTS,0Y05,Title XX Donated Funds,50,Department of Family and Support Services,2873,Title XX Donated Funds,135,For Delegate Agencies,1232863,1232863,626222
GRANTS,0Y05,Title XX Donated Funds,50,Department of Family and Support Services,2873,Title XX Donated Funds,801,Indirect Costs,24137,24137,0
GRANTS,0Y07,Early Childhood Block Grant,50,Department of Family and Support Services,2962,Early Childhood Block Grant,5,Salaries and Wages - on Payroll,1121293,1121293,0
GRANTS,0Y07,Early Childhood Block Grant,50,Department of Family and Support Services,2962,Early Childhood Block Grant,6,Salary Provision,11007,11007,1200000
GRANTS,0Y07,Early Childhood Block Grant,50,Department of Family and Support Services,2962,Early Childhood Block Grant,15,Schedule Salary Adjustments,15282,15282,0
GRANTS,0Y07,Early Childhood Block Grant,50,Department of Family and Support Services,2962,Early Childhood Block Grant,44,Fringe Benefits,540370,540370,0
GRANTS,0Y07,Early Childhood Block Grant,50,Department of Family and Support Services,2962,Early Childhood Block Grant,135,For Delegate Agencies,71012048,71012048,34040489
GRANTS,0Y07,Early Childhood Block Grant,50,Department of Family and Support Services,2962,Early Childhood Block Grant,140,For Professional and Technical Services and Other Third Party Benefit Agreements,100000,100000,1159511
GRANTS,0Y08,Enumeration of Homeless Veterans Point in Time Count,50,Department of Family and Support Services,2969,Enumeration of Homeless Veterans Point in Time Count,140,For Professional and Technical Services and Other Third Party Benefit Agreements,0,0,48000
GRANTS,0Y09,Hive - Project Innovation,50,Department of Family and Support Services,2971,Hive - Project Innovation,140,For Professional and Technical Services and Other Third Party Benefit Agreements,10000,10000,0
GRANTS,0Y10,Community Services Block Grant,50,Department of Family and Support Services,2805,Community Services Block Grant,5,Salaries and Wages - on Payroll,0,0,4231801
GRANTS,0Y10,Community Services Block Grant,50,Department of Family and Support Services,2805,Community Services Block Grant,15,Schedule Salary Adjustments,0,0,17052
GRANTS,0Y10,Community Services Block Grant,50,Department of Family and Support Services,2805,Community Services Block Grant,44,Fringe Benefits,0,0,1790342
GRANTS,0Y10,Community Services Block Grant,50,Department of Family and Support Services,2805,Community Services Block Grant,125,Office and Building Services,0,0,30629
GRANTS,0Y10,Community Services Block Grant,50,Department of Family and Support Services,2805,Community Services Block Grant,135,For Delegate Agencies,0,0,4269316
GRANTS,0Y10,Community Services Block Grant,50,Department of Family and Support Services,2805,Community Services Block Grant,155,Rental of Property,0,0,56662
GRANTS,0Y10,Community Services Block Grant,50,Department of Family and Support Services,2805,Community Services Block Grant,159,Lease Purchase Agreements for Equipment and Machinery,0,0,20892
GRANTS,0Y10,Community Services Block Grant,50,Department of Family and Support Services,2805,Community Services Block Grant,190,Telephone - Non-Centrex Billings,0,0,23520
GRANTS,0Y10,Community Services Block Grant,50,Department of Family and Support Services,2805,Community Services Block Grant,197,Telephone - Maintenance and Repair of Equipment and Voicemail,0,0,3439
GRANTS,0Y10,Community Services Block Grant,50,Department of Family and Support Services,2805,Community Services Block Grant,245,Reimbursement to Travelers,0,0,7000
GRANTS,0Y10,Community Services Block Grant,50,Department of Family and Support Services,2805,Community Services Block Grant,340,Material and Supplies,0,0,10500
GRANTS,0Y10,Community Services Block Grant,50,Department of Family and Support Services,2805,Community Services Block Grant,350,Stationery and Office Supplies,0,0,3285
GRANTS,0Y10,Community Services Block Grant,50,Department of Family and Support Services,2805,Community Services Block Grant,801,Indirect Costs,0,0,705562
GRANTS,0Y11,Emergency Solutions,50,Department of Family and Support Services,2944,Emergency Solutions,5,Salaries and Wages - on Payroll,0,0,321646
GRANTS,0Y11,Emergency Solutions,50,Department of Family and Support Services,2944,Emergency Solutions,15,Schedule Salary Adjustments,0,0,2826
GRANTS,0Y11,Emergency Solutions,50,Department of Family and Support Services,2944,Emergency Solutions,44,Fringe Benefits,0,0,130659
GRANTS,0Y11,Emergency Solutions,50,Department of Family and Support Services,2944,Emergency Solutions,135,For Delegate Agencies,0,0,6007096
GRANTS,0Y11,Emergency Solutions,50,Department of Family and Support Services,2944,Emergency Solutions,140,For Professional and Technical Services and Other Third Party Benefit Agreements,0,0,25773
GRANTS,0Y11,Emergency Solutions,50,Department of Family and Support Services,2944,Emergency Solutions,245,Reimbursement to Travelers,0,0,3000
GRANTS,0Y12,Emergency and Transitional Housing,50,Department of Family and Support Services,2942,Emergency and Transitional Housing,5,Salaries and Wages - on Payroll,0,0,176812
GRANTS,0Y12,Emergency and Transitional Housing,50,Department of Family and Support Services,2942,Emergency and Transitional Housing,15,Schedule Salary Adjustments,0,0,2544
GRANTS,0Y12,Emergency and Transitional Housing,50,Department of Family and Support Services,2942,Emergency and Transitional Housing,44,Fringe Benefits,0,0,73050
GRANTS,0Y12,Emergency and Transitional Housing,50,Department of Family and Support Services,2942,Emergency and Transitional Housing,135,For Delegate Agencies,0,0,4218529
GRANTS,0Y12,Emergency and Transitional Housing,50,Department of Family and Support Services,2942,Emergency and Transitional Housing,140,For Professional and Technical Services and Other Third Party Benefit Agreements,0,0,2000
GRANTS,0Y12,Emergency and Transitional Housing,50,Department of Family and Support Services,2942,Emergency and Transitional Housing,155,Rental of Property,0,0,70000
GRANTS,0Y12,Emergency and Transitional Housing,50,Department of Family and Support Services,2942,Emergency and Transitional Housing,157,Rental of Equipment and Services,0,0,8195
GRANTS,0Y12,Emergency and Transitional Housing,50,Department of Family and Support Services,2942,Emergency and Transitional Housing,159,Lease Purchase Agreements for Equipment and Machinery,0,0,8150
GRANTS,0Y12,Emergency and Transitional Housing,50,Department of Family and Support Services,2942,Emergency and Transitional Housing,190,Telephone - Non-Centrex Billings,0,0,12803
GRANTS,0Y23,Area Plan on Aging,50,Department of Family and Support Services,2903,Area Plan on Aging - Older Americans Act - State,270,Local Transportation,0,0,1500
GRANTS,0Y12,Emergency and Transitional Housing,50,Department of Family and Support Services,2942,Emergency and Transitional Housing,9651,To Reimburse Corporate Fund for Indirect Costs,0,0,241917
GRANTS,0Y13,OAA Title V Senior Employment Specialist,50,Department of Family and Support Services,2807,OAA Title V / Senior Community Service Employment,5,Salaries and Wages - on Payroll,0,0,84099
GRANTS,0Y13,OAA Title V Senior Employment Specialist,50,Department of Family and Support Services,2807,OAA Title V / Senior Community Service Employment,44,Fringe Benefits,0,0,35737
GRANTS,0Y13,OAA Title V Senior Employment Specialist,50,Department of Family and Support Services,2807,OAA Title V / Senior Community Service Employment,50,Stipends,0,0,278674
GRANTS,0Y13,OAA Title V Senior Employment Specialist,50,Department of Family and Support Services,2807,OAA Title V / Senior Community Service Employment,135,For Delegate Agencies,0,0,240000
GRANTS,0Y13,OAA Title V Senior Employment Specialist,50,Department of Family and Support Services,2807,OAA Title V / Senior Community Service Employment,140,For Professional and Technical Services and Other Third Party Benefit Agreements,0,0,2800
GRANTS,0Y13,OAA Title V Senior Employment Specialist,50,Department of Family and Support Services,2807,OAA Title V / Senior Community Service Employment,801,Indirect Costs,0,0,3690
GRANTS,0Y14,OAA Title V Senior Employment Specialist,50,Department of Family and Support Services,2807,OAA Title V / Senior Community Service Employment,6,Salary Provision,0,0,130000
GRANTS,0Y15,State Senior Employment Specialist,50,Department of Family and Support Services,2862,State Senior Employment Specialist,6,Salary Provision,0,0,25000
GRANTS,0Y16,Foster Grandparents,50,Department of Family and Support Services,2815,Foster Grandparents,5,Salaries and Wages - on Payroll,0,0,104735
GRANTS,0Y16,Foster Grandparents,50,Department of Family and Support Services,2815,Foster Grandparents,44,Fringe Benefits,0,0,45982
GRANTS,0Y16,Foster Grandparents,50,Department of Family and Support Services,2815,Foster Grandparents,50,Stipends,0,0,300600
GRANTS,0Y16,Foster Grandparents,50,Department of Family and Support Services,2815,Foster Grandparents,140,For Professional and Technical Services and Other Third Party Benefit Agreements,0,0,10534
GRANTS,0Y17,Foster Grandparents,50,Department of Family and Support Services,2815,Foster Grandparents,6,Salary Provision,0,0,245000
GRANTS,0Y18,State Foster Grandparents,50,Department of Family and Support Services,2818,State Foster Grandparents,140,For Professional and Technical Services and Other Third Party Benefit Agreements,0,0,17864
GRANTS,0Y18,State Foster Grandparents,50,Department of Family and Support Services,2818,State Foster Grandparents,165,Graphic Design Services,0,0,1722
GRANTS,0Y18,State Foster Grandparents,50,Department of Family and Support Services,2818,State Foster Grandparents,168,Educational Development through Cooperative Education Program and Apprenticeship Program,0,0,1914
GRANTS,0Y18,State Foster Grandparents,50,Department of Family and Support Services,2818,State Foster Grandparents,229,Transportation and Expense Allowance,0,0,4000
GRANTS,0Y18,State Foster Grandparents,50,Department of Family and Support Services,2818,State Foster Grandparents,245,Reimbursement to Travelers,0,0,1000
GRANTS,0Y18,State Foster Grandparents,50,Department of Family and Support Services,2818,State Foster Grandparents,330,Food,0,0,4500
GRANTS,0Y18,State Foster Grandparents,50,Department of Family and Support Services,2818,State Foster Grandparents,350,Stationery and Office Supplies,0,0,1000
GRANTS,0Y19,Chicago Domestic Violence Help Line - Match,50,Department of Family and Support Services,2923,Chicago Domestic Violence Help Line,140,For Professional and Technical Services and Other Third Party Benefit Agreements,317000,317000,152000
GRANTS,0Y20,Area Plan on Aging - Match,50,Department of Family and Support Services,2904,Area Plan on Aging - Older Americans Act - Federal,140,For Professional and Technical Services and Other Third Party Benefit Agreements,186000,186000,93000
GRANTS,0Y21,Area Plan on Aging - Older Americans Act - Federal,50,Department of Family and Support Services,2904,Area Plan on Aging - Older Americans Act - Federal,5,Salaries and Wages - on Payroll,0,0,5108323
GRANTS,0Y21,Area Plan on Aging - Older Americans Act - Federal,50,Department of Family and Support Services,2904,Area Plan on Aging - Older Americans Act - Federal,15,Schedule Salary Adjustments,0,0,15072
GRANTS,0Y21,Area Plan on Aging - Older Americans Act - Federal,50,Department of Family and Support Services,2904,Area Plan on Aging - Older Americans Act - Federal,44,Fringe Benefits,0,0,2116807
GRANTS,0Y21,Area Plan on Aging - Older Americans Act - Federal,50,Department of Family and Support Services,2904,Area Plan on Aging - Older Americans Act - Federal,130,Postage,0,0,10163
GRANTS,0Y21,Area Plan on Aging - Older Americans Act - Federal,50,Department of Family and Support Services,2904,Area Plan on Aging - Older Americans Act - Federal,135,For Delegate Agencies,0,0,4734890
GRANTS,0Y21,Area Plan on Aging - Older Americans Act - Federal,50,Department of Family and Support Services,2904,Area Plan on Aging - Older Americans Act - Federal,159,Lease Purchase Agreements for Equipment and Machinery,0,0,7500
GRANTS,0Y21,Area Plan on Aging - Older Americans Act - Federal,50,Department of Family and Support Services,2904,Area Plan on Aging - Older Americans Act - Federal,166,Dues  Subscriptions and Memberships,0,0,2435
GRANTS,0Y21,Area Plan on Aging - Older Americans Act - Federal,50,Department of Family and Support Services,2904,Area Plan on Aging - Older Americans Act - Federal,169,Technical Meeting Costs,0,0,3299
GRANTS,0Y21,Area Plan on Aging - Older Americans Act - Federal,50,Department of Family and Support Services,2904,Area Plan on Aging - Older Americans Act - Federal,190,Telephone - Non-Centrex Billings,0,0,26863
GRANTS,0Y21,Area Plan on Aging - Older Americans Act - Federal,50,Department of Family and Support Services,2904,Area Plan on Aging - Older Americans Act - Federal,197,Telephone - Maintenance and Repair of Equipment and Voicemail,0,0,4573
GRANTS,0Y21,Area Plan on Aging - Older Americans Act - Federal,50,Department of Family and Support Services,2904,Area Plan on Aging - Older Americans Act - Federal,245,Reimbursement to Travelers,0,0,1500
GRANTS,0Y21,Area Plan on Aging - Older Americans Act - Federal,50,Department of Family and Support Services,2904,Area Plan on Aging - Older Americans Act - Federal,270,Local Transportation,0,0,1500
GRANTS,0Y21,Area Plan on Aging - Older Americans Act - Federal,50,Department of Family and Support Services,2904,Area Plan on Aging - Older Americans Act - Federal,340,Material and Supplies,0,0,10116
GRANTS,0Y21,Area Plan on Aging - Older Americans Act - Federal,50,Department of Family and Support Services,2904,Area Plan on Aging - Older Americans Act - Federal,350,Stationery and Office Supplies,0,0,4500
GRANTS,0Y21,Area Plan on Aging - Older Americans Act - Federal,50,Department of Family and Support Services,2904,Area Plan on Aging - Older Americans Act - Federal,9651,To Reimburse Corporate Fund for Indirect Costs,0,0,952459
GRANTS,0Y22,Area Plan on Aging - Older Americans Act - Local Match,50,Department of Family and Support Services,2904,Area Plan on Aging - Older Americans Act - Federal,6,Salary Provision,0,0,186000
GRANTS,0Y23,Area Plan on Aging,50,Department of Family and Support Services,2903,Area Plan on Aging - Older Americans Act - State,5,Salaries and Wages - on Payroll,0,0,1395590
GRANTS,0Y23,Area Plan on Aging,50,Department of Family and Support Services,2903,Area Plan on Aging - Older Americans Act - State,15,Schedule Salary Adjustments,0,0,2574
GRANTS,0Y23,Area Plan on Aging,50,Department of Family and Support Services,2903,Area Plan on Aging - Older Americans Act - State,44,Fringe Benefits,0,0,593972
GRANTS,0Y23,Area Plan on Aging,50,Department of Family and Support Services,2903,Area Plan on Aging - Older Americans Act - State,130,Postage,0,0,26819
GRANTS,0Y23,Area Plan on Aging,50,Department of Family and Support Services,2903,Area Plan on Aging - Older Americans Act - State,135,For Delegate Agencies,0,0,3543373
GRANTS,0Y23,Area Plan on Aging,50,Department of Family and Support Services,2903,Area Plan on Aging - Older Americans Act - State,140,For Professional and Technical Services and Other Third Party Benefit Agreements,0,0,2189341
GRANTS,0Y23,Area Plan on Aging,50,Department of Family and Support Services,2903,Area Plan on Aging - Older Americans Act - State,150,Publications and Reproduction - Outside Services to Be Expended with the Prior Approval of Graphics Services,0,0,1500
GRANTS,0Y23,Area Plan on Aging,50,Department of Family and Support Services,2903,Area Plan on Aging - Older Americans Act - State,165,Graphic Design Services,0,0,10000
GRANTS,0Y23,Area Plan on Aging,50,Department of Family and Support Services,2903,Area Plan on Aging - Older Americans Act - State,169,Technical Meeting Costs,0,0,5000
GRANTS,0Y23,Area Plan on Aging,50,Department of Family and Support Services,2903,Area Plan on Aging - Older Americans Act - State,190,Telephone - Non-Centrex Billings,0,0,49567
GRANTS,0Y23,Area Plan on Aging,50,Department of Family and Support Services,2903,Area Plan on Aging - Older Americans Act - State,229,Transportation and Expense Allowance,0,0,3000
GRANTS,0Y23,Area Plan on Aging,50,Department of Family and Support Services,2903,Area Plan on Aging - Older Americans Act - State,350,Stationery and Office Supplies,0,0,52500
GRANTS,0Y23,Area Plan on Aging,50,Department of Family and Support Services,2903,Area Plan on Aging - Older Americans Act - State,801,Indirect Costs,0,0,125264
GRANTS,0Y24,Medicare Improvements for Patients and Providers Act,50,Department of Family and Support Services,2937,Medicare Improvements for Patients and Providers Act,5,Salaries and Wages - on Payroll,0,0,69747
GRANTS,0Y24,Medicare Improvements for Patients and Providers Act,50,Department of Family and Support Services,2937,Medicare Improvements for Patients and Providers Act,6,Salary Provision,0,0,5256
GRANTS,0Y24,Medicare Improvements for Patients and Providers Act,50,Department of Family and Support Services,2937,Medicare Improvements for Patients and Providers Act,15,Schedule Salary Adjustments,0,0,2511
GRANTS,0Y24,Medicare Improvements for Patients and Providers Act,50,Department of Family and Support Services,2937,Medicare Improvements for Patients and Providers Act,44,Fringe Benefits,0,0,29636
GRANTS,0K79,Optimizing Video Technology in Urban Policing,57,Chicago Police Department,280D,Optimizing Video Technology in Urban Policing,20,Overtime,8000,8000,240000
GRANTS,0Y24,Medicare Improvements for Patients and Providers Act,50,Department of Family and Support Services,2937,Medicare Improvements for Patients and Providers Act,801,Indirect Costs,0,0,4850
GRANTS,0Y25,Senior Medicare Patrol,50,Department of Family and Support Services,2945,Senior Medicare Patrol,140,For Professional and Technical Services and Other Third Party Benefit Agreements,0,0,20000
GRANTS,0Y26,Elder Abuse and Neglect,50,Department of Family and Support Services,2846,Elder Abuse and Neglect,6,Salary Provision,0,0,149905
GRANTS,0Y26,Elder Abuse and Neglect,50,Department of Family and Support Services,2846,Elder Abuse and Neglect,801,Indirect Costs,0,0,8095
GRANTS,0Y27,Long Term Care System Development,50,Department of Family and Support Services,2820,Long Term Care System Development,6,Salary Provision,0,0,52826
GRANTS,0Y27,Long Term Care System Development,50,Department of Family and Support Services,2820,Long Term Care System Development,140,For Professional and Technical Services and Other Third Party Benefit Agreements,0,0,6000
GRANTS,0Y27,Long Term Care System Development,50,Department of Family and Support Services,2820,Long Term Care System Development,801,Indirect Costs,0,0,3174
GRANTS,0Y28,Long Term Care Ombudsman Program - Cmp,50,Department of Family and Support Services,2836,Long Term Care Ombudsman Program - Cmp,6,Salary Provision,0,0,120000
GRANTS,0Y29,OAA Nutrition Program Income - Congregate Meals,50,Department of Family and Support Services,2801,OAA Nutrition Program Income - Congregate Meals,140,For Professional and Technical Services and Other Third Party Benefit Agreements,445000,445000,445000
GRANTS,0Y29,OAA Nutrition Program Income - Congregate Meals,50,Department of Family and Support Services,2802,OAA Nutrition Program Income - Home Delivered Meals,140,For Professional and Technical Services and Other Third Party Benefit Agreements,218000,218000,218000
GRANTS,0Y29,OAA Nutrition Program Income - Congregate Meals,50,Department of Family and Support Services,2816,Senior Fitness Private,140,For Professional and Technical Services and Other Third Party Benefit Agreements,35000,35000,35000
GRANTS,0Y30,Area Plan on Aging - Program Income,50,Department of Family and Support Services,2801,OAA Nutrition Program Income - Congregate Meals,140,For Professional and Technical Services and Other Third Party Benefit Agreements,0,0,445000
GRANTS,0Y30,Area Plan on Aging - Program Income,50,Department of Family and Support Services,2802,OAA Nutrition Program Income - Home Delivered Meals,140,For Professional and Technical Services and Other Third Party Benefit Agreements,0,0,218000
GRANTS,0Y30,Area Plan on Aging - Program Income,50,Department of Family and Support Services,2816,Senior Fitness Private,140,For Professional and Technical Services and Other Third Party Benefit Agreements,0,0,35000
GRANTS,0Y31,Senior Health Assistance Program,50,Department of Family and Support Services,2946,Senior Health Assistance Program,5,Salaries and Wages - on Payroll,0,0,239609
GRANTS,0Y31,Senior Health Assistance Program,50,Department of Family and Support Services,2946,Senior Health Assistance Program,44,Fringe Benefits,0,0,105391
GRANTS,0Y32,State Senior Companion Match,50,Department of Family and Support Services,2803,State Senior Companion MATCH,140,For Professional and Technical Services and Other Third Party Benefit Agreements,0,0,16000
GRANTS,0Y33,Early Head Start Initiative,50,Department of Family and Support Services,2857,Early Head Start Initiative,5,Salaries and Wages - on Payroll,0,0,884088
GRANTS,0Y33,Early Head Start Initiative,50,Department of Family and Support Services,2857,Early Head Start Initiative,15,Schedule Salary Adjustments,0,0,9377
GRANTS,0Y33,Early Head Start Initiative,50,Department of Family and Support Services,2857,Early Head Start Initiative,44,Fringe Benefits,0,0,370333
GRANTS,0Y33,Early Head Start Initiative,50,Department of Family and Support Services,2857,Early Head Start Initiative,130,Postage,0,0,5093
GRANTS,0Y33,Early Head Start Initiative,50,Department of Family and Support Services,2857,Early Head Start Initiative,135,For Delegate Agencies,0,0,13640350
GRANTS,0Y33,Early Head Start Initiative,50,Department of Family and Support Services,2857,Early Head Start Initiative,140,For Professional and Technical Services and Other Third Party Benefit Agreements,0,0,3931854
GRANTS,0Y33,Early Head Start Initiative,50,Department of Family and Support Services,2857,Early Head Start Initiative,159,Lease Purchase Agreements for Equipment and Machinery,0,0,1500
GRANTS,0Y33,Early Head Start Initiative,50,Department of Family and Support Services,2857,Early Head Start Initiative,166,Dues  Subscriptions and Memberships,0,0,208001
GRANTS,0Y33,Early Head Start Initiative,50,Department of Family and Support Services,2857,Early Head Start Initiative,190,Telephone - Non-Centrex Billings,0,0,23146
GRANTS,0Y33,Early Head Start Initiative,50,Department of Family and Support Services,2857,Early Head Start Initiative,197,Telephone - Maintenance and Repair of Equipment and Voicemail,0,0,425
GRANTS,0Y33,Early Head Start Initiative,50,Department of Family and Support Services,2857,Early Head Start Initiative,801,Indirect Costs,0,0,625833
GRANTS,0Y34,Head Start,50,Department of Family and Support Services,2860,Head Start,5,Salaries and Wages - on Payroll,0,0,4660432
GRANTS,0Y34,Head Start,50,Department of Family and Support Services,2860,Head Start,15,Schedule Salary Adjustments,0,0,46632
GRANTS,0Y34,Head Start,50,Department of Family and Support Services,2860,Head Start,44,Fringe Benefits,0,0,1982744
GRANTS,0Y34,Head Start,50,Department of Family and Support Services,2860,Head Start,130,Postage,0,0,16876
GRANTS,0Y34,Head Start,50,Department of Family and Support Services,2860,Head Start,135,For Delegate Agencies,0,0,87222000
GRANTS,0Y34,Head Start,50,Department of Family and Support Services,2860,Head Start,140,For Professional and Technical Services and Other Third Party Benefit Agreements,0,0,17974103
GRANTS,0Y34,Head Start,50,Department of Family and Support Services,2860,Head Start,152,Advertising,0,0,500000
GRANTS,0Y34,Head Start,50,Department of Family and Support Services,2860,Head Start,159,Lease Purchase Agreements for Equipment and Machinery,0,0,46289
GRANTS,0Y34,Head Start,50,Department of Family and Support Services,2860,Head Start,166,Dues  Subscriptions and Memberships,0,0,1632030
GRANTS,0Y34,Head Start,50,Department of Family and Support Services,2860,Head Start,169,Technical Meeting Costs,0,0,50000
GRANTS,0Y34,Head Start,50,Department of Family and Support Services,2860,Head Start,190,Telephone - Non-Centrex Billings,0,0,50797
GRANTS,0Y34,Head Start,50,Department of Family and Support Services,2860,Head Start,197,Telephone - Maintenance and Repair of Equipment and Voicemail,0,0,4563
GRANTS,0Y34,Head Start,50,Department of Family and Support Services,2860,Head Start,245,Reimbursement to Travelers,0,0,10000
GRANTS,0Y34,Head Start,50,Department of Family and Support Services,2860,Head Start,270,Local Transportation,0,0,5000
GRANTS,0Y34,Head Start,50,Department of Family and Support Services,2860,Head Start,348,Books and Related Material,0,0,500000
GRANTS,0Y34,Head Start,50,Department of Family and Support Services,2860,Head Start,350,Stationery and Office Supplies,0,0,50000
GRANTS,0Y34,Head Start,50,Department of Family and Support Services,2860,Head Start,801,Indirect Costs,0,0,3248534
GRANTS,0Y35,Early Childhood Block Grant,50,Department of Family and Support Services,2962,Early Childhood Block Grant,5,Salaries and Wages - on Payroll,0,0,1347590
GRANTS,0Y35,Early Childhood Block Grant,50,Department of Family and Support Services,2962,Early Childhood Block Grant,15,Schedule Salary Adjustments,0,0,4436
GRANTS,0Y35,Early Childhood Block Grant,50,Department of Family and Support Services,2962,Early Childhood Block Grant,44,Fringe Benefits,0,0,581133
GRANTS,0Y35,Early Childhood Block Grant,50,Department of Family and Support Services,2962,Early Childhood Block Grant,135,For Delegate Agencies,0,0,69053106
GRANTS,0Y35,Early Childhood Block Grant,50,Department of Family and Support Services,2962,Early Childhood Block Grant,140,For Professional and Technical Services and Other Third Party Benefit Agreements,0,0,1813735
GRANTS,0Y36,Generic Prevention Domestic Violence,50,Department of Family and Support Services,2968,Generic Prevention Domestic Violence,135,For Delegate Agencies,0,0,181000
GRANTS,0Y37,Summer Jobs Connect Program,50,Department of Family and Support Services,2953,Summer Jobs Connect Program,135,For Delegate Agencies,0,0,1100000
GRANTS,0Y38,Title XX Donated Funds,50,Department of Family and Support Services,2873,Title XX Donated Funds,6,Salary Provision,0,0,6778
GRANTS,0Y38,Title XX Donated Funds,50,Department of Family and Support Services,2873,Title XX Donated Funds,135,For Delegate Agencies,0,0,1214438
GRANTS,0Y38,Title XX Donated Funds,50,Department of Family and Support Services,2873,Title XX Donated Funds,801,Indirect Costs,0,0,35784
GRANTS,0Y39,Title XX Donated Funds,50,Department of Family and Support Services,2873,Title XX Donated Funds,135,For Delegate Agencies,0,0,271000
GRANTS,0Y40,OAA Title V Senior Employment Specialist - Match,50,Department of Family and Support Services,2807,OAA Title V / Senior Community Service Employment,140,For Professional and Technical Services and Other Third Party Benefit Agreements,130000,130000,65000
GRANTS,0Y41,Foster Grandparents - Match,50,Department of Family and Support Services,2815,Foster Grandparents,50,Stipends,0,0,122000
GRANTS,0Y41,Foster Grandparents - Match,50,Department of Family and Support Services,2815,Foster Grandparents,140,For Professional and Technical Services and Other Third Party Benefit Agreements,245000,245000,0
GRANTS,0Y42,Senior Companion Project - Action - Match,50,Department of Family and Support Services,2868,Senior Companion Project - Action,50,Stipends,0,0,207000
GRANTS,0Y42,Senior Companion Project - Action - Match,50,Department of Family and Support Services,2868,Senior Companion Project - Action,140,For Professional and Technical Services and Other Third Party Benefit Agreements,139000,139000,0
GRANTS,0Y43,Title XX Donated Funds,50,Department of Family and Support Services,2873,Title XX Donated Funds,140,For Professional and Technical Services and Other Third Party Benefit Agreements,271000,271000,137000
GRANTS,0Y44,CHA Family Supportive Services,50,Department of Family and Support Services,2896,CHA Family Supportive Services,5,Salaries and Wages - on Payroll,0,0,355752
GRANTS,0Y44,CHA Family Supportive Services,50,Department of Family and Support Services,2896,CHA Family Supportive Services,44,Fringe Benefits,0,0,151154
GRANTS,0Y44,CHA Family Supportive Services,50,Department of Family and Support Services,2896,CHA Family Supportive Services,135,For Delegate Agencies,0,0,2236400
GRANTS,0Y44,CHA Family Supportive Services,50,Department of Family and Support Services,2896,CHA Family Supportive Services,140,For Professional and Technical Services and Other Third Party Benefit Agreements,0,0,361844
GRANTS,0Y44,CHA Family Supportive Services,50,Department of Family and Support Services,2896,CHA Family Supportive Services,801,Indirect Costs,0,0,58850
GRANTS,0Y45,Chicago Domestic Violence Help Line,50,Department of Family and Support Services,2923,Chicago Domestic Violence Help Line,135,For Delegate Agencies,0,0,455000
GRANTS,0Y46,Chicago Domestic Violence Help Line,50,Department of Family and Support Services,2923,Chicago Domestic Violence Help Line,135,For Delegate Agencies,0,0,317000
GRANTS,0Y47,Child Care Services,50,Department of Family and Support Services,2943,Child Care Services,5,Salaries and Wages - on Payroll,0,0,1847343
GRANTS,0Y47,Child Care Services,50,Department of Family and Support Services,2943,Child Care Services,15,Schedule Salary Adjustments,0,0,9289
GRANTS,0Y47,Child Care Services,50,Department of Family and Support Services,2943,Child Care Services,44,Fringe Benefits,0,0,798750
GRANTS,0Y47,Child Care Services,50,Department of Family and Support Services,2943,Child Care Services,135,For Delegate Agencies,0,0,18017980
GRANTS,0Y47,Child Care Services,50,Department of Family and Support Services,2943,Child Care Services,140,For Professional and Technical Services and Other Third Party Benefit Agreements,0,0,258427
GRANTS,0Y47,Child Care Services,50,Department of Family and Support Services,2943,Child Care Services,350,Stationery and Office Supplies,0,0,8000
GRANTS,0Y47,Child Care Services,50,Department of Family and Support Services,2943,Child Care Services,801,Indirect Costs,0,0,60211
GRANTS,0Y48,Early Head Start - Child Care Partnership,50,Department of Family and Support Services,2956,Early Head Start - Child Care Partnership,5,Salaries and Wages - on Payroll,0,0,657374
GRANTS,0Y48,Early Head Start - Child Care Partnership,50,Department of Family and Support Services,2956,Early Head Start - Child Care Partnership,15,Schedule Salary Adjustments,0,0,7849
GRANTS,0Y48,Early Head Start - Child Care Partnership,50,Department of Family and Support Services,2956,Early Head Start - Child Care Partnership,44,Fringe Benefits,0,0,281447
GRANTS,0Y48,Early Head Start - Child Care Partnership,50,Department of Family and Support Services,2956,Early Head Start - Child Care Partnership,135,For Delegate Agencies,0,0,12195300
GRANTS,0Y48,Early Head Start - Child Care Partnership,50,Department of Family and Support Services,2956,Early Head Start - Child Care Partnership,140,For Professional and Technical Services and Other Third Party Benefit Agreements,0,0,1475847
GRANTS,0Y48,Early Head Start - Child Care Partnership,50,Department of Family and Support Services,2956,Early Head Start - Child Care Partnership,159,Lease Purchase Agreements for Equipment and Machinery,0,0,1730
GRANTS,0V49,Cops Hiring Program,57,Chicago Police Department,2983,COPS Hiring Program,5,Salaries and Wages - on Payroll,961560,961560,1021657
GRANTS,0Y48,Early Head Start - Child Care Partnership,50,Department of Family and Support Services,2956,Early Head Start - Child Care Partnership,166,Dues  Subscriptions and Memberships,0,0,252053
GRANTS,0Y48,Early Head Start - Child Care Partnership,50,Department of Family and Support Services,2956,Early Head Start - Child Care Partnership,169,Technical Meeting Costs,0,0,2100
GRANTS,0Y48,Early Head Start - Child Care Partnership,50,Department of Family and Support Services,2956,Early Head Start - Child Care Partnership,245,Reimbursement to Travelers,0,0,4800
GRANTS,0Y48,Early Head Start - Child Care Partnership,50,Department of Family and Support Services,2956,Early Head Start - Child Care Partnership,270,Local Transportation,0,0,500
GRANTS,0Y48,Early Head Start - Child Care Partnership,50,Department of Family and Support Services,2956,Early Head Start - Child Care Partnership,348,Books and Related Material,0,0,50000
GRANTS,0Y48,Early Head Start - Child Care Partnership,50,Department of Family and Support Services,2956,Early Head Start - Child Care Partnership,350,Stationery and Office Supplies,0,0,5000
GRANTS,0Y48,Early Head Start - Child Care Partnership,50,Department of Family and Support Services,2956,Early Head Start - Child Care Partnership,801,Indirect Costs,0,0,766000
GRANTS,0Y49,Performance Partnership Pilots for Disconnected Youth,50,Department of Family and Support Services,2961,Performance Partnership Pilots for Disconnected Youth,135,For Delegate Agencies,0,0,874000
GRANTS,0Y50,State Senior Companion Match,50,Department of Family and Support Services,2803,State Senior Companion MATCH,140,For Professional and Technical Services and Other Third Party Benefit Agreements,16000,16000,8000
GRANTS,0293,Rental Rehabilitation,54,Department of Planning and Development,2882,Rental Rehabilitation,140,For Professional and Technical Services and Other Third Party Benefit Agreements,4765000,4765000,0
GRANTS,0831,Home Program Income,54,Department of Planning and Development,2819,Home Investment Partnership,140,For Professional and Technical Services and Other Third Party Benefit Agreements,3697000,3697000,0
GRANTS,0J63,Community Development Block Grant - Disaster Recovery,54,Department of Planning and Development,2880,Community Development Block Grant - Disaster Recovery,140,For Professional and Technical Services and Other Third Party Benefit Agreements,6900000,6900000,1933000
GRANTS,0K14,Home Program,54,Department of Planning and Development,2819,Home Investment Partnership,9103,Rehabilitation Loans and Grants,3704000,3704000,0
GRANTS,0K32,Foreclosure Prevention Program,54,Department of Planning and Development,2868,Foreclosure Prevention Program,135,For Delegate Agencies,920000,920000,0
GRANTS,0K51,Low Income Housing Trust Fund,54,Department of Planning and Development,2874,Low Income Housing Trust Fund,9103,Rehabilitation Loans and Grants,5793000,5793000,0
GRANTS,0K73,Home Program,54,Department of Planning and Development,2819,Home Investment Partnership,9103,Rehabilitation Loans and Grants,12777000,12777000,0
GRANTS,0K89,Home Program,54,Department of Planning and Development,2819,Home Investment Partnership,9103,Rehabilitation Loans and Grants,12260000,12260000,0
GRANTS,0S13,Neighborhood Stabilization Program 3,54,Department of Planning and Development,2878,Neighborhood Stabilization Program 3 - Program Income,140,For Professional and Technical Services and Other Third Party Benefit Agreements,37000,37000,0
GRANTS,0V17,Smart Policing Innovation,57,Chicago Police Department,2982,Smart Policing Innovation,140,For Professional and Technical Services and Other Third Party Benefit Agreements,461000,461000,260000
GRANTS,0S73,Neighborhood Stabilization Grant,54,Department of Planning and Development,2849,Neighborhood Stabilization Program Income,140,For Professional and Technical Services and Other Third Party Benefit Agreements,154000,154000,0
GRANTS,0S85,Arra - Neighborhood Stabilization Program,54,Department of Planning and Development,2850,Neighborhood Stabilization Program Income,140,For Professional and Technical Services and Other Third Party Benefit Agreements,49000,49000,0
GRANTS,0V24,Home Program,54,Department of Planning and Development,2819,Home Investment Partnership,140,For Professional and Technical Services and Other Third Party Benefit Agreements,141000,141000,0
GRANTS,0V24,Home Program,54,Department of Planning and Development,2819,Home Investment Partnership,9103,Rehabilitation Loans and Grants,14734000,14734000,0
GRANTS,0V40,Conservation Innovation Program,54,Department of Planning and Development,2884,Conservation Innovation,5,Salaries and Wages - on Payroll,64061,64061,82476
GRANTS,0V40,Conservation Innovation Program,54,Department of Planning and Development,2884,Conservation Innovation,44,Fringe Benefits,33416,33416,33436
GRANTS,0V40,Conservation Innovation Program,54,Department of Planning and Development,2884,Conservation Innovation,140,For Professional and Technical Services and Other Third Party Benefit Agreements,832523,832523,814088
GRANTS,0V49,Cops Hiring Program,57,Chicago Police Department,2983,COPS Hiring Program,6,Salary Provision,1661866,1661866,1616072
GRANTS,0V41,Coastal Management Grant,54,Department of Planning and Development,2885,Coastal Management Grant,140,For Professional and Technical Services and Other Third Party Benefit Agreements,60000,60000,60000
GRANTS,0V43,Abandoned Residential Property,54,Department of Planning and Development,2883,Abandoned Residential Property Municipality Relief Program,140,For Professional and Technical Services and Other Third Party Benefit Agreements,3600000,3600000,0
GRANTS,0V47,Home Investment Partnership,54,Department of Planning and Development,2819,Home Investment Partnership,5,Salaries and Wages - on Payroll,701915,701915,0
GRANTS,0V47,Home Investment Partnership,54,Department of Planning and Development,2819,Home Investment Partnership,44,Fringe Benefits,306375,306375,0
GRANTS,0V47,Home Investment Partnership,54,Department of Planning and Development,2819,Home Investment Partnership,140,For Professional and Technical Services and Other Third Party Benefit Agreements,6279500,6279500,0
GRANTS,0V47,Home Investment Partnership,54,Department of Planning and Development,2819,Home Investment Partnership,155,Rental of Property,100000,100000,0
GRANTS,0V47,Home Investment Partnership,54,Department of Planning and Development,2819,Home Investment Partnership,9103,Rehabilitation Loans and Grants,13086580,13086580,0
GRANTS,0V47,Home Investment Partnership,54,Department of Planning and Development,2819,Home Investment Partnership,9651,To Reimburse Corporate Fund for Indirect Costs,329630,329630,0
GRANTS,0V78,Corridor Study Technical Assistance,54,Department of Planning and Development,2890,Corridor Study Technical Assistance,140,For Professional and Technical Services and Other Third Party Benefit Agreements,143000,143000,0
GRANTS,0V79,Corridor Study Technical Assistance - Match,54,Department of Planning and Development,2891,Corridor Study Technical Assistance - MATCH,140,For Professional and Technical Services and Other Third Party Benefit Agreements,8000,8000,0
GRANTS,0W81,Abandoned Residential Property Municipality Relief,54,Department of Planning and Development,2883,Abandoned Residential Property Municipality Relief Program,140,For Professional and Technical Services and Other Third Party Benefit Agreements,2579000,2579000,0
GRANTS,0W85,African American Civil Rights Preservation,54,Department of Planning and Development,2888,African American Civil Rights Preservation,140,For Professional and Technical Services and Other Third Party Benefit Agreements,446000,446000,446000
GRANTS,0W87,Green Infrastructure Program,54,Department of Planning and Development,2887,Green Infrastructure Program,140,For Professional and Technical Services and Other Third Party Benefit Agreements,500000,500000,500000
GRANTS,0191,Asset Forfeiture - State,57,Chicago Police Department,2817,Asset Forfeiture - State,140,For Professional and Technical Services and Other Third Party Benefit Agreements,2536000,2536000,85000
GRANTS,0191,Asset Forfeiture - State,57,Chicago Police Department,2817,Asset Forfeiture - State,157,Rental of Equipment and Services,0,0,1320000
GRANTS,0191,Asset Forfeiture - State,57,Chicago Police Department,2817,Asset Forfeiture - State,445,Technical and Scientific Equipment,0,0,1673000
GRANTS,0191,Asset Forfeiture - State,57,Chicago Police Department,2817,Asset Forfeiture - State,451,For Purchase of Vehicles for Use by the Police and Fire Departments,0,0,1030000
GRANTS,0V18,Cops Hiring Program,57,Chicago Police Department,2983,COPS Hiring Program,5,Salaries and Wages - on Payroll,1681092,1681092,922511
GRANTS,0243,Transportation Security Admin Agreement,57,Chicago Police Department,2862,Transportation Security O'Hare,140,For Professional and Technical Services and Other Third Party Benefit Agreements,1750000,1750000,1750000
GRANTS,0243,Transportation Security Admin Agreement,57,Chicago Police Department,2862,Transportation Security O'Hare,9700,Reimbursable Transfers Between Funds,-1750000,-1750000,-1750000
GRANTS,0243,Transportation Security Admin Agreement,57,Chicago Police Department,2863,Transportation Security Midway,140,For Professional and Technical Services and Other Third Party Benefit Agreements,537000,537000,537000
GRANTS,0243,Transportation Security Admin Agreement,57,Chicago Police Department,2863,Transportation Security Midway,9700,Reimbursable Transfers Between Funds,-537000,-537000,-537000
GRANTS,0657,Police Program,57,Chicago Police Department,2816,Asset Forfeiture - Federal,140,For Professional and Technical Services and Other Third Party Benefit Agreements,827000,827000,827000
GRANTS,0B17,Asset Forfeiture - Federal,57,Chicago Police Department,2816,Asset Forfeiture - Federal,140,For Professional and Technical Services and Other Third Party Benefit Agreements,3246000,3246000,4399000
GRANTS,0K57,Bulletproof Vests Partnership - BJA,57,Chicago Police Department,2808,Bulletproof Vests Partnership - BJA,140,For Professional and Technical Services and Other Third Party Benefit Agreements,1000,1000,0
GRANTS,0K76,Get Behind the Vest,57,Chicago Police Department,2999,Get Behind the Vest,340,Material and Supplies,1100000,1100000,767000
GRANTS,0K79,Optimizing Video Technology in Urban Policing,57,Chicago Police Department,280D,Optimizing Video Technology in Urban Policing,140,For Professional and Technical Services and Other Third Party Benefit Agreements,232000,232000,0
GRANTS,0K86,Community Policing Development,57,Chicago Police Department,2909,Community Policing Development,140,For Professional and Technical Services and Other Third Party Benefit Agreements,18000,18000,0
GRANTS,0P87,Public Safety Private Support,57,Chicago Police Department,2854,Public Safety Private Support,140,For Professional and Technical Services and Other Third Party Benefit Agreements,4066000,4066000,11000000
GRANTS,0V00,Cops Hiring Program,57,Chicago Police Department,2983,COPS Hiring Program,5,Salaries and Wages - on Payroll,781658,781658,0
GRANTS,0V00,Cops Hiring Program,57,Chicago Police Department,2983,COPS Hiring Program,15,Schedule Salary Adjustments,27544,27544,0
GRANTS,0V00,Cops Hiring Program,57,Chicago Police Department,2983,COPS Hiring Program,44,Fringe Benefits,332843,332843,0
GRANTS,0V00,Cops Hiring Program,57,Chicago Police Department,2983,COPS Hiring Program,140,For Professional and Technical Services and Other Third Party Benefit Agreements,868803,868803,0
GRANTS,0V00,Cops Hiring Program,57,Chicago Police Department,2983,COPS Hiring Program,991,To Provide for Matching and Supplementary Grant Funds Currently in Effect as Well as New Grants,-1479848,-1479848,0
GRANTS,0V03,Edward Byrne Memorial Justice Assistance Grant (JAG),57,Chicago Police Department,2996,Edward Byrne Memorial Justice Assistance Grant (JAG),135,For Delegate Agencies,922000,922000,600000
GRANTS,0V07,Community Policing Development,57,Chicago Police Department,2909,Community Policing Development,140,For Professional and Technical Services and Other Third Party Benefit Agreements,95000,95000,80000
GRANTS,0V10,BJA Body Worn Cameras,57,Chicago Police Department,280H,BJA Body Worn Cameras,140,For Professional and Technical Services and Other Third Party Benefit Agreements,50000,50000,0
GRANTS,0V13,National Explosives Detection Canine Team Program,57,Chicago Police Department,2882,National Explosives Detection Canine Team Program,6,Salary Provision,0,0,923000
GRANTS,0V13,National Explosives Detection Canine Team Program,57,Chicago Police Department,2882,National Explosives Detection Canine Team Program,140,For Professional and Technical Services and Other Third Party Benefit Agreements,758000,758000,8000
GRANTS,0V13,National Explosives Detection Canine Team Program,57,Chicago Police Department,2882,National Explosives Detection Canine Team Program,176,Maintenance and Operation - City Owned Vehicles,0,0,16000
GRANTS,0V13,National Explosives Detection Canine Team Program,57,Chicago Police Department,2882,National Explosives Detection Canine Team Program,320,Gasoline,0,0,10000
GRANTS,0V13,National Explosives Detection Canine Team Program,57,Chicago Police Department,2882,National Explosives Detection Canine Team Program,330,Food,0,0,13000
GRANTS,0V13,National Explosives Detection Canine Team Program,57,Chicago Police Department,2882,National Explosives Detection Canine Team Program,421,Machinery and Equipment,0,0,109000
GRANTS,0V14,Transit Security,57,Chicago Police Department,2921,Transit Security,20,Overtime,300000,300000,120000
GRANTS,0V18,Cops Hiring Program,57,Chicago Police Department,2983,COPS Hiring Program,15,Schedule Salary Adjustments,64900,64900,62600
GRANTS,0V18,Cops Hiring Program,57,Chicago Police Department,2983,COPS Hiring Program,44,Fringe Benefits,715836,715836,734889
GRANTS,0V18,Cops Hiring Program,57,Chicago Police Department,2983,COPS Hiring Program,140,For Professional and Technical Services and Other Third Party Benefit Agreements,1000909,1000909,0
GRANTS,0V18,Cops Hiring Program,57,Chicago Police Department,2983,COPS Hiring Program,991,To Provide for Matching and Supplementary Grant Funds Currently in Effect as Well as New Grants,-2062737,-2062737,0
GRANTS,0V19,Edward Byrne Memorial Justice Assistance Grant (JAG),57,Chicago Police Department,2996,Edward Byrne Memorial Justice Assistance Grant (JAG),140,For Professional and Technical Services and Other Third Party Benefit Agreements,2202000,2202000,2202000
GRANTS,0V39,Port Security,57,Chicago Police Department,280N,Port Security,140,For Professional and Technical Services and Other Third Party Benefit Agreements,159000,159000,0
GRANTS,0V50,Edward Byrne Memorial Justice Assistance,57,Chicago Police Department,2996,Edward Byrne Memorial Justice Assistance Grant (JAG),140,For Professional and Technical Services and Other Third Party Benefit Agreements,2269000,2269000,2269000
GRANTS,0V51,IDOT Sustained Traffic Enforcement Program,57,Chicago Police Department,2968,IDOT Sustained Traffic Enforcement Program (STEP),20,Overtime,336000,336000,0
GRANTS,0V51,IDOT Sustained Traffic Enforcement Program,57,Chicago Police Department,2968,IDOT Sustained Traffic Enforcement Program (STEP),176,Maintenance and Operation - City Owned Vehicles,9000,9000,0
GRANTS,0V51,IDOT Sustained Traffic Enforcement Program,57,Chicago Police Department,2968,IDOT Sustained Traffic Enforcement Program (STEP),801,Indirect Costs,22000,22000,0
GRANTS,0V51,IDOT Sustained Traffic Enforcement Program,57,Chicago Police Department,2968,IDOT Sustained Traffic Enforcement Program (STEP),9776,Transfer for Services Provided by the Department of Streets and Sanitation,3000,3000,0
GRANTS,0V52,Injury Prevention,57,Chicago Police Department,2987,Injury Prevention,20,Overtime,99000,99000,0
GRANTS,0V52,Injury Prevention,57,Chicago Police Department,2987,Injury Prevention,801,Indirect Costs,10000,10000,0
GRANTS,0V53,Local Alcohol Program,57,Chicago Police Department,2995,Local Alcohol Program,6,Salary Provision,29000,29000,0
GRANTS,0V53,Local Alcohol Program,57,Chicago Police Department,2995,Local Alcohol Program,20,Overtime,419000,419000,0
GRANTS,0V53,Local Alcohol Program,57,Chicago Police Department,2995,Local Alcohol Program,176,Maintenance and Operation - City Owned Vehicles,19000,19000,0
GRANTS,0V53,Local Alcohol Program,57,Chicago Police Department,2995,Local Alcohol Program,245,Reimbursement to Travelers,4000,4000,0
GRANTS,0V53,Local Alcohol Program,57,Chicago Police Department,2995,Local Alcohol Program,801,Indirect Costs,17000,17000,0
GRANTS,0V53,Local Alcohol Program,57,Chicago Police Department,2995,Local Alcohol Program,9776,Transfer for Services Provided by the Department of Streets and Sanitation,16000,16000,0
GRANTS,0V54,Transit Security Program,57,Chicago Police Department,2921,Transit Security,6,Salary Provision,0,0,1036000
GRANTS,0V54,Transit Security Program,57,Chicago Police Department,2921,Transit Security,140,For Professional and Technical Services and Other Third Party Benefit Agreements,3729000,3729000,0
GRANTS,0V55,Vision Zero,57,Chicago Police Department,280P,Vision Zero,20,Overtime,194000,194000,0
GRANTS,0V55,Vision Zero,57,Chicago Police Department,280P,Vision Zero,801,Indirect Costs,20000,20000,0
GRANTS,0V56,Violence Against Women Act - Domestic Violence Response,57,Chicago Police Department,2844,Violence Against Women - Domestic Violence Protection,5,Salaries and Wages - on Payroll,54480,54480,0
GRANTS,0V56,Violence Against Women Act - Domestic Violence Response,57,Chicago Police Department,2844,Violence Against Women - Domestic Violence Protection,15,Schedule Salary Adjustments,960,960,0
GRANTS,0V56,Violence Against Women Act - Domestic Violence Response,57,Chicago Police Department,2844,Violence Against Women - Domestic Violence Protection,44,Fringe Benefits,28418,28418,0
GRANTS,0V56,Violence Against Women Act - Domestic Violence Response,57,Chicago Police Department,2844,Violence Against Women - Domestic Violence Protection,140,For Professional and Technical Services and Other Third Party Benefit Agreements,2389,2389,0
GRANTS,0V56,Violence Against Women Act - Domestic Violence Response,57,Chicago Police Department,2844,Violence Against Women - Domestic Violence Protection,169,Technical Meeting Costs,753,753,0
GRANTS,0V56,Violence Against Women Act - Domestic Violence Response,57,Chicago Police Department,2844,Violence Against Women - Domestic Violence Protection,245,Reimbursement to Travelers,1000,1000,0
GRANTS,0V57,Violence Against Women Act - Sexual Assault Response,57,Chicago Police Department,2842,Violence Against Women - Sexual Assault Program,140,For Professional and Technical Services and Other Third Party Benefit Agreements,45000,45000,0
GRANTS,0V58,Body Worn Cameras,57,Chicago Police Department,280H,BJA Body Worn Cameras,140,For Professional and Technical Services and Other Third Party Benefit Agreements,99000,99000,99000
GRANTS,0V58,Body Worn Cameras,57,Chicago Police Department,280H,BJA Body Worn Cameras,245,Reimbursement to Travelers,3000,3000,3000
GRANTS,0V58,Body Worn Cameras,57,Chicago Police Department,280H,BJA Body Worn Cameras,445,Technical and Scientific Equipment,444000,444000,339000
GRANTS,0V58,Body Worn Cameras,57,Chicago Police Department,280H,BJA Body Worn Cameras,801,Indirect Costs,27000,27000,27000
GRANTS,0V59,Port Security,57,Chicago Police Department,280N,Port Security,140,For Professional and Technical Services and Other Third Party Benefit Agreements,570000,570000,570000
GRANTS,0V68,Project Safe Neighborhood,57,Chicago Police Department,2859,Project Safe Neighborhoods,140,For Professional and Technical Services and Other Third Party Benefit Agreements,473000,473000,473000
GRANTS,0V68,Project Safe Neighborhood,57,Chicago Police Department,2859,Project Safe Neighborhoods,245,Reimbursement to Travelers,3000,3000,3000
GRANTS,0V68,Project Safe Neighborhood,57,Chicago Police Department,2859,Project Safe Neighborhoods,801,Indirect Costs,24000,24000,24000
GRANTS,0V69,Technology Innovation for Public Safety,57,Chicago Police Department,2811,Technology Opportunities for Public Safety,140,For Professional and Technical Services and Other Third Party Benefit Agreements,500000,500000,445000
GRANTS,0V70,Paul Coverdell Forensic Science Improvement,57,Chicago Police Department,280A,Paul Coverdell Forensic Science Improvement,140,For Professional and Technical Services and Other Third Party Benefit Agreements,248000,248000,248000
GRANTS,0V75,First Responders Comprehensive Addiction and Recovery,57,Chicago Police Department,280Q,First Responders Comprehensive Addiction and Recovery,140,For Professional and Technical Services and Other Third Party Benefit Agreements,2000000,2000000,2000000
GRANTS,0V80,Body Worn Cameras,57,Chicago Police Department,280H,BJA Body Worn Cameras,140,For Professional and Technical Services and Other Third Party Benefit Agreements,574000,574000,464000
GRANTS,0V84,Cops Hiring Program,57,Chicago Police Department,2983,COPS Hiring Program,6,Salary Provision,0,0,3128000
GRANTS,0V84,Cops Hiring Program,57,Chicago Police Department,2983,COPS Hiring Program,140,For Professional and Technical Services and Other Third Party Benefit Agreements,1065000,1065000,0
GRANTS,0V85,Port Security - Match,57,Chicago Police Department,280N,Port Security,140,For Professional and Technical Services and Other Third Party Benefit Agreements,199000,199000,199000
GRANTS,0V86,Local Law Enforcement Crime Gun Intelligence Integration,57,Chicago Police Department,280R,Local Law Enforcement Crime Gun Intelligence Integration,140,For Professional and Technical Services and Other Third Party Benefit Agreements,799000,799000,175000
GRANTS,0V86,Local Law Enforcement Crime Gun Intelligence Integration,57,Chicago Police Department,280R,Local Law Enforcement Crime Gun Intelligence Integration,245,Reimbursement to Travelers,0,0,10000
GRANTS,0V86,Local Law Enforcement Crime Gun Intelligence Integration,57,Chicago Police Department,280R,Local Law Enforcement Crime Gun Intelligence Integration,340,Material and Supplies,0,0,136000
GRANTS,0V86,Local Law Enforcement Crime Gun Intelligence Integration,57,Chicago Police Department,280R,Local Law Enforcement Crime Gun Intelligence Integration,445,Technical and Scientific Equipment,0,0,454000
GRANTS,0V86,Local Law Enforcement Crime Gun Intelligence Integration,57,Chicago Police Department,280R,Local Law Enforcement Crime Gun Intelligence Integration,801,Indirect Costs,0,0,24000
GRANTS,0V87,Port Security Grant,57,Chicago Police Department,280N,Port Security,340,Material and Supplies,0,0,243000
GRANTS,0V87,Port Security Grant,57,Chicago Police Department,280N,Port Security,451,For Purchase of Vehicles for Use by the Police and Fire Departments,0,0,538000
GRANTS,0V88,Port Security Grant,57,Chicago Police Department,280N,Port Security,140,For Professional and Technical Services and Other Third Party Benefit Agreements,0,0,261000
GRANTS,0Z77,Technology Innovation for Public Safety,57,Chicago Police Department,2811,Technology Opportunities for Public Safety,450,Vehicles,0,0,238000
GRANTS,0V89,Justice and Mental Health Collaboration,57,Chicago Police Department,2935,Justice and Mental Health Collaboration,140,For Professional and Technical Services and Other Third Party Benefit Agreements,0,0,750000
GRANTS,0V91,Transit Security,57,Chicago Police Department,2921,Transit Security,5,Salaries and Wages - on Payroll,0,0,1208159
GRANTS,0V91,Transit Security,57,Chicago Police Department,2921,Transit Security,6,Salary Provision,0,0,6613395
GRANTS,0V91,Transit Security,57,Chicago Police Department,2921,Transit Security,15,Schedule Salary Adjustments,0,0,4463
GRANTS,0V91,Transit Security,57,Chicago Police Department,2921,Transit Security,44,Fringe Benefits,0,0,557983
GRANTS,0V91,Transit Security,57,Chicago Police Department,2921,Transit Security,445,Technical and Scientific Equipment,0,0,80000
GRANTS,0V92,Law Enforcement Cameras,57,Chicago Police Department,280U,Law Enforcement Cameras,140,For Professional and Technical Services and Other Third Party Benefit Agreements,200000,200000,0
GRANTS,0V93,IDOT Sustained Traffic Enforcement Program (Step),57,Chicago Police Department,2968,IDOT Sustained Traffic Enforcement Program (STEP),140,For Professional and Technical Services and Other Third Party Benefit Agreements,0,0,376000
GRANTS,0V95,Local Alcohol Program,57,Chicago Police Department,2995,Local Alcohol Program,140,For Professional and Technical Services and Other Third Party Benefit Agreements,0,0,458000
GRANTS,0V97,Injury Prevention,57,Chicago Police Department,2987,Injury Prevention,140,For Professional and Technical Services and Other Third Party Benefit Agreements,0,0,108000
GRANTS,0V98,Injury Prevention,57,Chicago Police Department,2987,Injury Prevention,140,For Professional and Technical Services and Other Third Party Benefit Agreements,0,0,194000
GRANTS,0V99,Edward Byrne Memorial Justice Assistance Grant (JAG),57,Chicago Police Department,2996,Edward Byrne Memorial Justice Assistance Grant (JAG),5,Salaries and Wages - on Payroll,0,0,101955
GRANTS,0V99,Edward Byrne Memorial Justice Assistance Grant (JAG),57,Chicago Police Department,2996,Edward Byrne Memorial Justice Assistance Grant (JAG),44,Fringe Benefits,0,0,42611
GRANTS,0V99,Edward Byrne Memorial Justice Assistance Grant (JAG),57,Chicago Police Department,2996,Edward Byrne Memorial Justice Assistance Grant (JAG),140,For Professional and Technical Services and Other Third Party Benefit Agreements,0,0,2155434
GRANTS,0W84,Injury Prevention,57,Chicago Police Department,2987,Injury Prevention,140,For Professional and Technical Services and Other Third Party Benefit Agreements,214000,214000,210000
GRANTS,0W88,Innovations in Community Based Crime Reduction,57,Chicago Police Department,280S,Innovations in Community Based Crime Reduction,20,Overtime,0,0,324000
GRANTS,0W88,Innovations in Community Based Crime Reduction,57,Chicago Police Department,280S,Innovations in Community Based Crime Reduction,140,For Professional and Technical Services and Other Third Party Benefit Agreements,326000,326000,0
GRANTS,0W88,Innovations in Community Based Crime Reduction,57,Chicago Police Department,280S,Innovations in Community Based Crime Reduction,245,Reimbursement to Travelers,0,0,1000
GRANTS,0Z66,Cops Hiring Program,57,Chicago Police Department,2983,COPS Hiring Program,5,Salaries and Wages - on Payroll,0,0,1021657
GRANTS,0Z66,Cops Hiring Program,57,Chicago Police Department,2983,COPS Hiring Program,6,Salary Provision,0,0,1616072
GRANTS,0Z66,Cops Hiring Program,57,Chicago Police Department,2983,COPS Hiring Program,44,Fringe Benefits,0,0,487271
GRANTS,0Z67,Cops Hiring Program,57,Chicago Police Department,2983,COPS Hiring Program,6,Salary Provision,0,0,1065000
GRANTS,0Z70,Paul Coverdell Forensic Science Improvement,57,Chicago Police Department,280A,Paul Coverdell Forensic Science Improvement,140,For Professional and Technical Services and Other Third Party Benefit Agreements,0,0,250000
GRANTS,0Z71,BJA Body Worn Cameras,57,Chicago Police Department,280H,BJA Body Worn Cameras,140,For Professional and Technical Services and Other Third Party Benefit Agreements,0,0,605000
GRANTS,0Z71,BJA Body Worn Cameras,57,Chicago Police Department,280H,BJA Body Worn Cameras,245,Reimbursement to Travelers,0,0,3000
GRANTS,0Z71,BJA Body Worn Cameras,57,Chicago Police Department,280H,BJA Body Worn Cameras,801,Indirect Costs,0,0,32000
GRANTS,0Z72,BJA Body Worn Cameras,57,Chicago Police Department,280H,BJA Body Worn Cameras,140,For Professional and Technical Services and Other Third Party Benefit Agreements,0,0,640000
GRANTS,0Z77,Technology Innovation for Public Safety,57,Chicago Police Department,2811,Technology Opportunities for Public Safety,5,Salaries and Wages - on Payroll,0,0,67302
GRANTS,0Z77,Technology Innovation for Public Safety,57,Chicago Police Department,2811,Technology Opportunities for Public Safety,6,Salary Provision,0,0,104322
GRANTS,0Z77,Technology Innovation for Public Safety,57,Chicago Police Department,2811,Technology Opportunities for Public Safety,15,Schedule Salary Adjustments,0,0,1806
GRANTS,0Z77,Technology Innovation for Public Safety,57,Chicago Police Department,2811,Technology Opportunities for Public Safety,44,Fringe Benefits,0,0,30570
GRANTS,0Z77,Technology Innovation for Public Safety,57,Chicago Police Department,2811,Technology Opportunities for Public Safety,140,For Professional and Technical Services and Other Third Party Benefit Agreements,500000,500000,54000
GRANTS,0Z77,Technology Innovation for Public Safety,57,Chicago Police Department,2811,Technology Opportunities for Public Safety,245,Reimbursement to Travelers,0,0,4000
GRANTS,0Z79,Violence Against Women Act - Domestic Violence Program,57,Chicago Police Department,2844,Violence Against Women - Domestic Violence Protection,5,Salaries and Wages - on Payroll,0,0,69566
GRANTS,0Z79,Violence Against Women Act - Domestic Violence Program,57,Chicago Police Department,2844,Violence Against Women - Domestic Violence Protection,15,Schedule Salary Adjustments,0,0,1197
GRANTS,0Z79,Violence Against Women Act - Domestic Violence Program,57,Chicago Police Department,2844,Violence Against Women - Domestic Violence Protection,44,Fringe Benefits,0,0,29237
GRANTS,0Z80,Violence Against Women Act - Domestic Violence Program,57,Chicago Police Department,2844,Violence Against Women - Domestic Violence Protection,140,For Professional and Technical Services and Other Third Party Benefit Agreements,0,0,34000
GRANTS,0Z81,Violence Against Women Act - Sexual Assault Response,57,Chicago Police Department,2842,Violence Against Women - Sexual Assault Program,6,Salary Provision,0,0,75000
GRANTS,0Z82,Violence Against Women Act - Sexual Assault Response,57,Chicago Police Department,2842,Violence Against Women - Sexual Assault Program,6,Salary Provision,0,0,25000
GRANTS,0Z83,IDOT Sustained Traffic Enforcement Program,57,Chicago Police Department,2968,IDOT Sustained Traffic Enforcement Program (STEP),20,Overtime,0,0,381000
GRANTS,0Z83,IDOT Sustained Traffic Enforcement Program,57,Chicago Police Department,2968,IDOT Sustained Traffic Enforcement Program (STEP),140,For Professional and Technical Services and Other Third Party Benefit Agreements,414000,414000,0
GRANTS,0Z84,Injury Prevention - Pedestrian Safety,57,Chicago Police Department,2987,Injury Prevention,20,Overtime,0,0,116000
GRANTS,0Z84,Injury Prevention - Pedestrian Safety,57,Chicago Police Department,2987,Injury Prevention,140,For Professional and Technical Services and Other Third Party Benefit Agreements,119000,119000,0
GRANTS,0Z86,Local Alcohol Program,57,Chicago Police Department,2995,Local Alcohol Program,20,Overtime,0,0,492000
GRANTS,0Z86,Local Alcohol Program,57,Chicago Police Department,2995,Local Alcohol Program,140,For Professional and Technical Services and Other Third Party Benefit Agreements,500000,500000,0
GRANTS,0Z96,Violence Against Women Act - Domestic Violence Response,57,Chicago Police Department,2844,Violence Against Women - Domestic Violence Protection,140,For Professional and Technical Services and Other Third Party Benefit Agreements,33000,33000,0
GRANTS,0Z97,Violence Against Women Act - Sexual Assault Response,57,Chicago Police Department,2842,Violence Against Women - Sexual Assault Program,140,For Professional and Technical Services and Other Third Party Benefit Agreements,18000,18000,0
GRANTS,0K68,Urban Areas Security Initiative,58,Office of Emergency Management and Communications,2811,Urban Areas Security Initiative - Phse 3 (ODP),140,For Professional and Technical Services and Other Third Party Benefit Agreements,13304000,13304000,0
GRANTS,0K94,Urban Areas Security Initiative,58,Office of Emergency Management and Communications,2811,Urban Areas Security Initiative - Phse 3 (ODP),5,Salaries and Wages - on Payroll,2586442,2586442,0
GRANTS,0K94,Urban Areas Security Initiative,58,Office of Emergency Management and Communications,2811,Urban Areas Security Initiative - Phse 3 (ODP),15,Schedule Salary Adjustments,11043,11043,0
GRANTS,0K94,Urban Areas Security Initiative,58,Office of Emergency Management and Communications,2811,Urban Areas Security Initiative - Phse 3 (ODP),44,Fringe Benefits,1160617,1160617,0
GRANTS,0K94,Urban Areas Security Initiative,58,Office of Emergency Management and Communications,2811,Urban Areas Security Initiative - Phse 3 (ODP),140,For Professional and Technical Services and Other Third Party Benefit Agreements,36826898,36826898,11287000
GRANTS,0M02,OEMC,58,Office of Emergency Management and Communications,2826,ComEd - Weather Emergency Grant,140,For Professional and Technical Services and Other Third Party Benefit Agreements,47000,47000,47000
GRANTS,0M02,OEMC,58,Office of Emergency Management and Communications,2835,Nextel Frequency Reconfiguration Project,140,For Professional and Technical Services and Other Third Party Benefit Agreements,493000,493000,493000
GRANTS,0M11,Federal U.S. Environmental Protection Agency,58,Office of Emergency Management and Communications,2888,Hazard Mitigation,140,For Professional and Technical Services and Other Third Party Benefit Agreements,442000,442000,442000
GRANTS,0U94,Port Security - Match,58,Office of Emergency Management and Communications,2831,Port Security Grant,140,For Professional and Technical Services and Other Third Party Benefit Agreements,0,0,435000
GRANTS,0V26,Port Security Grant,58,Office of Emergency Management and Communications,2831,Port Security Grant,140,For Professional and Technical Services and Other Third Party Benefit Agreements,1452000,1452000,547000
GRANTS,0V27,Urban Areas Security Initiative,58,Office of Emergency Management and Communications,2811,Urban Areas Security Initiative - Phse 3 (ODP),140,For Professional and Technical Services and Other Third Party Benefit Agreements,41340000,41340000,31538000
GRANTS,0V44,Wrigley Field Cameras,58,Office of Emergency Management and Communications,2899,Wrigley Field Cameras,140,For Professional and Technical Services and Other Third Party Benefit Agreements,875000,875000,0
GRANTS,0V61,Urban Area Security Initiative,58,Office of Emergency Management and Communications,2811,Urban Areas Security Initiative - Phse 3 (ODP),5,Salaries and Wages - on Payroll,0,0,3376765
GRANTS,0V61,Urban Area Security Initiative,58,Office of Emergency Management and Communications,2811,Urban Areas Security Initiative - Phse 3 (ODP),15,Schedule Salary Adjustments,0,0,18487
GRANTS,0V61,Urban Area Security Initiative,58,Office of Emergency Management and Communications,2811,Urban Areas Security Initiative - Phse 3 (ODP),44,Fringe Benefits,0,0,1435107
GRANTS,0V61,Urban Area Security Initiative,58,Office of Emergency Management and Communications,2811,Urban Areas Security Initiative - Phse 3 (ODP),140,For Professional and Technical Services and Other Third Party Benefit Agreements,41411000,41411000,36580641
GRANTS,0V62,Emergency Management Assistance,58,Office of Emergency Management and Communications,2820,Emergency Management Assistance,6,Salary Provision,0,0,618000
GRANTS,0V62,Emergency Management Assistance,58,Office of Emergency Management and Communications,2820,Emergency Management Assistance,140,For Professional and Technical Services and Other Third Party Benefit Agreements,618000,618000,0
GRANTS,0V63,Port Security,58,Office of Emergency Management and Communications,2831,Port Security Grant,140,For Professional and Technical Services and Other Third Party Benefit Agreements,1305000,1305000,1305000
GRANTS,0V71,Video Surveillance Network,58,Office of Emergency Management and Communications,2893,Video Surveillance Network,140,For Professional and Technical Services and Other Third Party Benefit Agreements,5000000,5000000,0
GRANTS,0V72,Complex Coordinated Terrorist Attack,58,Office of Emergency Management and Communications,2900,Complex Coordinated Terrorist Attack,140,For Professional and Technical Services and Other Third Party Benefit Agreements,700000,700000,700000
GRANTS,0V76,Pritzker Camera Installation,58,Office of Emergency Management and Communications,2901,Pritzker Camera Installation,140,For Professional and Technical Services and Other Third Party Benefit Agreements,50000,50000,0
GRANTS,0V81,Port Security Grant - Local Match,58,Office of Emergency Management and Communications,2831,Port Security Grant,140,For Professional and Technical Services and Other Third Party Benefit Agreements,484000,484000,183000
GRANTS,0X69,Hazardous Materials Emergency Preparedness Planning,58,Office of Emergency Management and Communications,2825,2006 Hazardous Materials Emergency Preparedness Grant,140,For Professional and Technical Services and Other Third Party Benefit Agreements,80000,80000,80000
GRANTS,0Z94,Emergency Management Assistance,58,Office of Emergency Management and Communications,2820,Emergency Management Assistance,6,Salary Provision,0,0,625000
GRANTS,0Z95,Preparedness and Response Grant Program,58,Office of Emergency Management and Communications,2902,Preparedness and Response,140,For Professional and Technical Services and Other Third Party Benefit Agreements,350000,350000,350000
GRANTS,0V35,Securing the Cities,59,Chicago Fire Department,2823,Securing the City,5,Salaries and Wages - on Payroll,0,0,328459
GRANTS,0V35,Securing the Cities,59,Chicago Fire Department,2823,Securing the City,44,Fringe Benefits,0,0,133984
GRANTS,0V35,Securing the Cities,59,Chicago Fire Department,2823,Securing the City,140,For Professional and Technical Services and Other Third Party Benefit Agreements,10000000,10000000,16135557
GRANTS,0V36,Port Security,59,Chicago Fire Department,2824,Port Security,140,For Professional and Technical Services and Other Third Party Benefit Agreements,4000,4000,0
GRANTS,0V37,Fire Academy Training and Improvement,59,Chicago Fire Department,2810,Fire Academy Training and Improvement,140,For Professional and Technical Services and Other Third Party Benefit Agreements,2747000,2747000,0
GRANTS,0V64,Port Security,59,Chicago Fire Department,2824,Port Security,140,For Professional and Technical Services and Other Third Party Benefit Agreements,207000,207000,207000
GRANTS,0V67,Fire Academy Training and Improvement,59,Chicago Fire Department,2810,Fire Academy Training and Improvement,5,Salaries and Wages - on Payroll,1001881,1001881,0
GRANTS,0V67,Fire Academy Training and Improvement,59,Chicago Fire Department,2810,Fire Academy Training and Improvement,44,Fringe Benefits,426617,426617,0
GRANTS,0V67,Fire Academy Training and Improvement,59,Chicago Fire Department,2810,Fire Academy Training and Improvement,140,For Professional and Technical Services and Other Third Party Benefit Agreements,1373502,1373502,2802000
GRANTS,0V73,Fire Prevention and Safety,59,Chicago Fire Department,2815,Fire Prevention and Safety,140,For Professional and Technical Services and Other Third Party Benefit Agreements,0,0,500000
GRANTS,0Z65,Fire Prevention and Safety - Match,59,Chicago Fire Department,2815,Fire Prevention and Safety,140,For Professional and Technical Services and Other Third Party Benefit Agreements,0,0,25000
GRANTS,0Z87,Fire Academy Training and Improvement,59,Chicago Fire Department,2810,Fire Academy Training and Improvement,5,Salaries and Wages - on Payroll,0,0,998077
GRANTS,0Z87,Fire Academy Training and Improvement,59,Chicago Fire Department,2810,Fire Academy Training and Improvement,15,Schedule Salary Adjustments,0,0,2335
GRANTS,0Z87,Fire Academy Training and Improvement,59,Chicago Fire Department,2810,Fire Academy Training and Improvement,44,Fringe Benefits,0,0,414891
GRANTS,0Z87,Fire Academy Training and Improvement,59,Chicago Fire Department,2810,Fire Academy Training and Improvement,140,For Professional and Technical Services and Other Third Party Benefit Agreements,0,0,1784697
GRANTS,0Z88,Port Security,59,Chicago Fire Department,2824,Port Security,140,For Professional and Technical Services and Other Third Party Benefit Agreements,0,0,751000
GRANTS,0Z89,Port Security,59,Chicago Fire Department,2824,Port Security,140,For Professional and Technical Services and Other Third Party Benefit Agreements,0,0,251000
GRANTS,0Z91,Port Security,59,Chicago Fire Department,2824,Port Security,140,For Professional and Technical Services and Other Third Party Benefit Agreements,69000,69000,69000
GRANTS,0Z92,Assistance to Firefighters,59,Chicago Fire Department,2812,Assistance to Firefighters,140,For Professional and Technical Services and Other Third Party Benefit Agreements,0,0,3000000
GRANTS,0Z93,Assistance to Firefighters,59,Chicago Fire Department,2812,Assistance to Firefighters,140,For Professional and Technical Services and Other Third Party Benefit Agreements,0,0,450000
GRANTS,0J94,Tobacco Enforcement Grant,70,Department of Business Affairs and Consumer Protection,2801,Tobacco Enforcement Grant,140,For Professional and Technical Services and Other Third Party Benefit Agreements,225000,225000,0
GRANTS,0P20,Illinois Department of Commerce and Economic Opportunity,70,Department of Business Affairs and Consumer Protection,2815,Cable Local Origination,5,Salaries and Wages - on Payroll,317125,317125,353748
GRANTS,0P20,Illinois Department of Commerce and Economic Opportunity,70,Department of Business Affairs and Consumer Protection,2815,Cable Local Origination,15,Schedule Salary Adjustments,4343,4343,2259
GRANTS,0P20,Illinois Department of Commerce and Economic Opportunity,70,Department of Business Affairs and Consumer Protection,2815,Cable Local Origination,44,Fringe Benefits,139036,139036,143409
GRANTS,0P20,Illinois Department of Commerce and Economic Opportunity,70,Department of Business Affairs and Consumer Protection,2815,Cable Local Origination,138,For Professional Services for Information Technology Maintenance,36833,36833,36833
GRANTS,0P20,Illinois Department of Commerce and Economic Opportunity,70,Department of Business Affairs and Consumer Protection,2815,Cable Local Origination,140,For Professional and Technical Services and Other Third Party Benefit Agreements,20890,20890,25978
GRANTS,0P20,Illinois Department of Commerce and Economic Opportunity,70,Department of Business Affairs and Consumer Protection,2815,Cable Local Origination,446,For the Purchase of Data Processing  Office Automation and Data Communication Hardware,55323,55323,155323
GRANTS,0P20,Illinois Department of Commerce and Economic Opportunity,70,Department of Business Affairs and Consumer Protection,2815,Cable Local Origination,9470,For Services Provided by Business Affairs and Consumer Protection,685450,685450,685450
GRANTS,0Z42,Tobacco Enforcement Grant,70,Department of Business Affairs and Consumer Protection,2801,Tobacco Enforcement Grant,6,Salary Provision,0,0,333000
GRANTS,0Z64,Tobacco Enforcement Grant,70,Department of Business Affairs and Consumer Protection,2801,Tobacco Enforcement Grant,6,Salary Provision,0,0,333000
GRANTS,0Z64,Tobacco Enforcement Grant,70,Department of Business Affairs and Consumer Protection,2801,Tobacco Enforcement Grant,140,For Professional and Technical Services and Other Third Party Benefit Agreements,333000,333000,0
GRANTS,0L98,IDOT Transportation Funds,84,Chicago Department of Transportation,280E,IDOT Transportation Funds,140,For Professional and Technical Services and Other Third Party Benefit Agreements,69000000,69000000,88053000
GRANTS,0L99,National Priority Safety Program,84,Chicago Department of Transportation,280G,National Priority Safety Program,140,For Professional and Technical Services and Other Third Party Benefit Agreements,465000,465000,500000
GRANTS,0M07,Private Funded Grants,84,Chicago Department of Transportation,2901,Outside Funding Contributions,540,Construction of Buildings and Other Structures,100000,100000,1000000
GRANTS,0623,Airport Improvement Program-And Tea-21,85,Chicago Department of Aviation,2824,Midway - AIP - Noise Program,140,For Professional and Technical Services and Other Third Party Benefit Agreements,17500000,17500000,42500000
GRANTS,0W00,Chicago Metropolitan Agency for Planning (CMAP) Local Assistance Program,84,Chicago Department of Transportation,2968,Chicago Metropolitan Agency for Planning (CMAP) Local Assistance Program,140,For Professional and Technical Services and Other Third Party Benefit Agreements,0,0,200000
GRANTS,0W01,Chicago Transit Authority Infrastructure Improvement,84,Chicago Department of Transportation,2996,Chicago Transit Authority Infrastructure Improvement,140,For Professional and Technical Services and Other Third Party Benefit Agreements,1700000,1700000,1700000
GRANTS,0W02,Congestion Mitigation Air Quality - Federal,84,Chicago Department of Transportation,2805,Congestion Mitigation Air Quality - Federal,540,Construction of Buildings and Other Structures,29000000,29000000,46100000
GRANTS,0W03,Cook County Highway Program,84,Chicago Department of Transportation,2873,Cook County Highway Program,540,Construction of Buildings and Other Structures,19380000,19380000,18000000
GRANTS,0W04,Cubs Fund for Neighborhood Improvements,84,Chicago Department of Transportation,2995,Cubs Fund for Neighborhood Improvements,140,For Professional and Technical Services and Other Third Party Benefit Agreements,0,0,250000
GRANTS,0W05,High Priority / SAFETEA - LU - Federal,84,Chicago Department of Transportation,2869,High Priority / SAFETEA - LU - Federal,540,Construction of Buildings and Other Structures,3760000,3760000,1003000
GRANTS,0W06,Highway Safety Improvement Program,84,Chicago Department of Transportation,2925,Highway Safety Improvement Program,140,For Professional and Technical Services and Other Third Party Benefit Agreements,0,0,4290000
GRANTS,0W11,Illinois Transportation Enhancement Program,84,Chicago Department of Transportation,2993,Illinois Transportation Enhancement Program,140,For Professional and Technical Services and Other Third Party Benefit Agreements,0,0,2304000
GRANTS,0W12,Major Bridge - Federal,84,Chicago Department of Transportation,2906,Major Bridge - Federal,540,Construction of Buildings and Other Structures,0,0,5060000
GRANTS,0W13,Safe Routes to School,84,Chicago Department of Transportation,2921,Safe Routes to School,540,Construction of Buildings and Other Structures,0,0,1300000
GRANTS,0W15,State Planning and Research,84,Chicago Department of Transportation,2981,State Planning and Research,140,For Professional and Technical Services and Other Third Party Benefit Agreements,1776000,1776000,2400000
GRANTS,0W16,Surface Transportation Program - Federal - Construction,84,Chicago Department of Transportation,2820,Surface Transportation Program - Federal - Construction,540,Construction of Buildings and Other Structures,80000000,80000000,149748000
GRANTS,0W18,Transportation Alternatives Program,84,Chicago Department of Transportation,2994,Transportation Alternatives Program,140,For Professional and Technical Services and Other Third Party Benefit Agreements,0,0,29000000
GRANTS,0W20,Transportation Planning,84,Chicago Department of Transportation,280P,Transportation Planning,140,For Professional and Technical Services and Other Third Party Benefit Agreements,0,0,950000
GRANTS,0W21,Uniform Work Program,84,Chicago Department of Transportation,280H,Uniform Work Program,5,Salaries and Wages - on Payroll,229925,229925,229449
GRANTS,0W21,Uniform Work Program,84,Chicago Department of Transportation,280H,Uniform Work Program,15,Schedule Salary Adjustments,2355,2355,858
GRANTS,0W21,Uniform Work Program,84,Chicago Department of Transportation,280H,Uniform Work Program,44,Fringe Benefits,98024,98024,94961
GRANTS,0W21,Uniform Work Program,84,Chicago Department of Transportation,280H,Uniform Work Program,140,For Professional and Technical Services and Other Third Party Benefit Agreements,466696,466696,874732
GRANTS,0W22,Illinois Secretary of State Grant,84,Chicago Department of Transportation,280K,Illinois Secretary of State Grant,540,Construction of Buildings and Other Structures,0,0,900000
GRANTS,0W23,Illinois Competitive Freight Program,84,Chicago Department of Transportation,280L,Illinois Competitive Freight Program,140,For Professional and Technical Services and Other Third Party Benefit Agreements,0,0,2760000
GRANTS,0W24,Department of Commerce and Economic Opportunity,84,Chicago Department of Transportation,280M,Department of Commerce and Economic Opportunity,540,Construction of Buildings and Other Structures,0,0,7906000
GRANTS,0W25,New Freedom Program,84,Chicago Department of Transportation,280N,New Freedom Program,540,Construction of Buildings and Other Structures,0,0,1772000
GRANTS,0623,Airport Improvement Program-And Tea-21,85,Chicago Department of Aviation,2805,Midway - Airport Improvement Program,140,For Professional and Technical Services and Other Third Party Benefit Agreements,35720000,35720000,35920000
GRANTS,0623,Airport Improvement Program-And Tea-21,85,Chicago Department of Aviation,2807,Midway TSA,140,For Professional and Technical Services and Other Third Party Benefit Agreements,43181000,43181000,43181000
CDBG,0J45,Community Development Block Grant Year XLV,5,Office of Budget and Management,2505,Administration and Monitoring,44,Fringe Benefits,93602,93602,93665
GRANTS,0624,O'Hare Airport,85,Chicago Department of Aviation,2800,O'Hare Airport - FAA (MOA) - Phase II,140,For Professional and Technical Services and Other Third Party Benefit Agreements,7600000,7600000,7600000
GRANTS,0624,O'Hare Airport,85,Chicago Department of Aviation,2810,O'Hare - Airport Improvement Program,140,For Professional and Technical Services and Other Third Party Benefit Agreements,31342000,31342000,49842000
GRANTS,0624,O'Hare Airport,85,Chicago Department of Aviation,2811,O'Hare - Transportation Security Administration,140,For Professional and Technical Services and Other Third Party Benefit Agreements,70845000,70845000,76243000
GRANTS,0624,O'Hare Airport,85,Chicago Department of Aviation,2813,O'Hare - Airport Improvement Program (AIP) - Noise Program,140,For Professional and Technical Services and Other Third Party Benefit Agreements,35000000,35000000,35000000
GRANTS,0624,O'Hare Airport,85,Chicago Department of Aviation,2815,O'Hare / Midway - TSA National Explosives Detection Canine Team Program,140,For Professional and Technical Services and Other Third Party Benefit Agreements,1061000,1061000,1061000
GRANTS,0624,O'Hare Airport,85,Chicago Department of Aviation,2825,AIP - Letter of Intent (LOI) Funding,140,For Professional and Technical Services and Other Third Party Benefit Agreements,65000000,65000000,65000000
GRANTS,0J63,Community Development Block Grant - Disaster Recovery,88,Department of Water Management,2880,Community Development Block Grant - Disaster Recovery,140,For Professional and Technical Services and Other Third Party Benefit Agreements,6667000,6667000,6099000
GRANTS,0L69,Albany Park Flood Control,88,Department of Water Management,2809,Albany Park Flood Control Project 1,140,For Professional and Technical Services and Other Third Party Benefit Agreements,11000000,11000000,7762000
GRANTS,0815,CPL Construction,91,Chicago Public Library,2842,State Capital Construction Program,540,Construction of Buildings and Other Structures,9935000,9935000,0
GRANTS,0J66,Woodson Branch Construction,91,Chicago Public Library,2846,Woodson Branch Construction,140,For Professional and Technical Services and Other Third Party Benefit Agreements,0,0,832000
GRANTS,0J66,Woodson Branch Construction,91,Chicago Public Library,2846,Woodson Branch Construction,540,Construction of Buildings and Other Structures,832000,832000,0
GRANTS,0J84,Independence Branch Construction,91,Chicago Public Library,2843,Independence Branch Capital Construction - Build Illinois Program,140,For Professional and Technical Services and Other Third Party Benefit Agreements,500000,500000,500000
GRANTS,0Z20,Illinois Library Development - Per Capita and Area,91,Chicago Public Library,2895,Illinois Library Development - Per Capita and Area,5,Salaries and Wages - on Payroll,5130146,5130146,0
GRANTS,0Z20,Illinois Library Development - Per Capita and Area,91,Chicago Public Library,2895,Illinois Library Development - Per Capita and Area,6,Salary Provision,14694,14694,0
GRANTS,0Z20,Illinois Library Development - Per Capita and Area,91,Chicago Public Library,2895,Illinois Library Development - Per Capita and Area,15,Schedule Salary Adjustments,17353,17353,0
GRANTS,0Z20,Illinois Library Development - Per Capita and Area,91,Chicago Public Library,2895,Illinois Library Development - Per Capita and Area,44,Fringe Benefits,2140807,2140807,0
GRANTS,0Z43,Project Next Generation,91,Chicago Public Library,2849,Project Next Generation,140,For Professional and Technical Services and Other Third Party Benefit Agreements,40000,40000,20000
GRANTS,0Z54,Increasing Access through Digitization,91,Chicago Public Library,2851,Increasing Access through Digitization,140,For Professional and Technical Services and Other Third Party Benefit Agreements,19000,19000,19000
GRANTS,0Z57,Illinois Library Development - Per Capita and Area,91,Chicago Public Library,2895,Illinois Library Development - Per Capita and Area,5,Salaries and Wages - on Payroll,0,0,5104514
GRANTS,0Z57,Illinois Library Development - Per Capita and Area,91,Chicago Public Library,2895,Illinois Library Development - Per Capita and Area,15,Schedule Salary Adjustments,0,0,17904
GRANTS,0Z57,Illinois Library Development - Per Capita and Area,91,Chicago Public Library,2895,Illinois Library Development - Per Capita and Area,44,Fringe Benefits,0,0,2180582
GRANTS,0Z58,Live and Learn Construction,91,Chicago Public Library,2852,Live and Learn Construction,140,For Professional and Technical Services and Other Third Party Benefit Agreements,0,0,250000
CDBG,0J45,Community Development Block Grant Year XLV,5,Office of Budget and Management,2505,Administration and Monitoring,5,Salaries and Wages - on Payroll,224304,224304,231046
CDBG,0J45,Community Development Block Grant Year XLV,5,Office of Budget and Management,2505,Administration and Monitoring,15,Schedule Salary Adjustments,1524,1524,0
CDBG,0J45,Community Development Block Grant Year XLV,5,Office of Budget and Management,2505,Administration and Monitoring,39,For the Employment of Students as Trainees,10000,10000,10000
CDBG,0J45,Community Development Block Grant Year XLV,5,Office of Budget and Management,2505,Administration and Monitoring,130,Postage,3700,3700,0
CDBG,0J45,Community Development Block Grant Year XLV,5,Office of Budget and Management,2505,Administration and Monitoring,140,For Professional and Technical Services and Other Third Party Benefit Agreements,2413796,2413796,1740027
CDBG,0J45,Community Development Block Grant Year XLV,5,Office of Budget and Management,2505,Administration and Monitoring,152,Advertising,20000,20000,10000
CDBG,0J45,Community Development Block Grant Year XLV,5,Office of Budget and Management,2505,Administration and Monitoring,157,Rental of Equipment and Services,17000,17000,10000
CDBG,0J45,Community Development Block Grant Year XLV,5,Office of Budget and Management,2505,Administration and Monitoring,159,Lease Purchase Agreements for Equipment and Machinery,8600,8600,8600
CDBG,0J45,Community Development Block Grant Year XLV,5,Office of Budget and Management,2505,Administration and Monitoring,169,Technical Meeting Costs,27408,27408,5000
CDBG,0J45,Community Development Block Grant Year XLV,5,Office of Budget and Management,2505,Administration and Monitoring,190,Telephone - Non-Centrex Billings,1650,1650,1650
CDBG,0J45,Community Development Block Grant Year XLV,5,Office of Budget and Management,2505,Administration and Monitoring,245,Reimbursement to Travelers,3000,3000,6000
CDBG,0J45,Community Development Block Grant Year XLV,5,Office of Budget and Management,2505,Administration and Monitoring,270,Local Transportation,150,150,150
CDBG,0J45,Community Development Block Grant Year XLV,5,Office of Budget and Management,2505,Administration and Monitoring,348,Books and Related Material,1630,1630,1630
CDBG,0J45,Community Development Block Grant Year XLV,5,Office of Budget and Management,2505,Administration and Monitoring,350,Stationery and Office Supplies,3500,3500,3500
CDBG,0J45,Community Development Block Grant Year XLV,5,Office of Budget and Management,2505,Administration and Monitoring,9157,For Repayment of Section 108 Loan,834316,834316,979743
CDBG,0J45,Community Development Block Grant Year XLV,5,Office of Budget and Management,2505,Administration and Monitoring,9438,For Services Provided by the Department of Fleet and Facilities Management,20000,20000,5000
CDBG,0J45,Community Development Block Grant Year XLV,21,Department of Housing,2556,Developer Services,5,Salaries and Wages - on Payroll,0,0,285295
CDBG,0J45,Community Development Block Grant Year XLV,21,Department of Housing,2556,Developer Services,44,Fringe Benefits,0,0,119187
CDBG,0J45,Community Development Block Grant Year XLV,21,Department of Housing,2556,Developer Services,140,For Professional and Technical Services and Other Third Party Benefit Agreements,0,0,150000
CDBG,0J45,Community Development Block Grant Year XLV,21,Department of Housing,2556,Developer Services,169,Technical Meeting Costs,0,0,14500
CDBG,0J45,Community Development Block Grant Year XLV,21,Department of Housing,2556,Developer Services,245,Reimbursement to Travelers,0,0,15000
CDBG,0J45,Community Development Block Grant Year XLV,21,Department of Housing,2556,Developer Services,270,Local Transportation,0,0,100
CDBG,0J45,Community Development Block Grant Year XLV,21,Department of Housing,2556,Developer Services,340,Material and Supplies,0,0,1800
CDBG,0J45,Community Development Block Grant Year XLV,21,Department of Housing,2556,Developer Services,350,Stationery and Office Supplies,0,0,1800
CDBG,0J45,Community Development Block Grant Year XLV,21,Department of Housing,2556,Developer Services,9103,Rehabilitation Loans and Grants,0,0,6000000
CDBG,0J45,Community Development Block Grant Year XLV,21,Department of Housing,2557,Housing Preservation,5,Salaries and Wages - on Payroll,0,0,439492
CDBG,0J45,Community Development Block Grant Year XLV,21,Department of Housing,2557,Housing Preservation,15,Schedule Salary Adjustments,0,0,2907
CDBG,0J45,Community Development Block Grant Year XLV,21,Department of Housing,2557,Housing Preservation,44,Fringe Benefits,0,0,182508
CDBG,0J45,Community Development Block Grant Year XLV,21,Department of Housing,2557,Housing Preservation,130,Postage,0,0,925
CDBG,0J45,Community Development Block Grant Year XLV,21,Department of Housing,2557,Housing Preservation,135,For Delegate Agencies,0,0,4855000
CDBG,0J45,Community Development Block Grant Year XLV,21,Department of Housing,2557,Housing Preservation,157,Rental of Equipment and Services,0,0,700
CDBG,0J45,Community Development Block Grant Year XLV,21,Department of Housing,2557,Housing Preservation,169,Technical Meeting Costs,0,0,1000
CDBG,0J45,Community Development Block Grant Year XLV,21,Department of Housing,2557,Housing Preservation,245,Reimbursement to Travelers,0,0,3000
CDBG,0J45,Community Development Block Grant Year XLV,21,Department of Housing,2557,Housing Preservation,340,Material and Supplies,0,0,3000
CDBG,0J45,Community Development Block Grant Year XLV,21,Department of Housing,2557,Housing Preservation,350,Stationery and Office Supplies,0,0,3000
CDBG,0J45,Community Development Block Grant Year XLV,21,Department of Housing,2557,Housing Preservation,9126,For Heat Receivership Program,0,0,1200000
CDBG,0J45,Community Development Block Grant Year XLV,21,Department of Housing,2558,Emergency Repair,5,Salaries and Wages - on Payroll,0,0,785880
CDBG,0J45,Community Development Block Grant Year XLV,21,Department of Housing,2558,Emergency Repair,15,Schedule Salary Adjustments,0,0,14031
CDBG,0J45,Community Development Block Grant Year XLV,21,Department of Housing,2558,Emergency Repair,44,Fringe Benefits,0,0,330213
CDBG,0J45,Community Development Block Grant Year XLV,21,Department of Housing,2558,Emergency Repair,140,For Professional and Technical Services and Other Third Party Benefit Agreements,0,0,149500
CDBG,0J45,Community Development Block Grant Year XLV,21,Department of Housing,2558,Emergency Repair,9264,Emergency Heating Repair Program (EHRP),0,0,900000
CDBG,0J45,Community Development Block Grant Year XLV,21,Department of Housing,2558,Emergency Repair,9265,Roof and Porch Repair Program (RPRP),0,0,5268806
CDBG,0J45,Community Development Block Grant Year XLV,21,Department of Housing,2559,Housing Services and Technical Assistance,5,Salaries and Wages - on Payroll,0,0,83628
CDBG,0J45,Community Development Block Grant Year XLV,21,Department of Housing,2559,Housing Services and Technical Assistance,15,Schedule Salary Adjustments,0,0,636
CDBG,0J45,Community Development Block Grant Year XLV,21,Department of Housing,2559,Housing Services and Technical Assistance,44,Fringe Benefits,0,0,33903
CDBG,0J45,Community Development Block Grant Year XLV,21,Department of Housing,2559,Housing Services and Technical Assistance,135,For Delegate Agencies,0,0,593875
CDBG,0J45,Community Development Block Grant Year XLV,21,Department of Housing,2559,Housing Services and Technical Assistance,140,For Professional and Technical Services and Other Third Party Benefit Agreements,0,0,1045
CDBG,0J45,Community Development Block Grant Year XLV,21,Department of Housing,2560,Homeownership Counseling Services,5,Salaries and Wages - on Payroll,0,0,67800
CDBG,0J45,Community Development Block Grant Year XLV,21,Department of Housing,2560,Homeownership Counseling Services,44,Fringe Benefits,0,0,27486
CDBG,0J45,Community Development Block Grant Year XLV,21,Department of Housing,2560,Homeownership Counseling Services,135,For Delegate Agencies,0,0,728120
CDBG,0J45,Community Development Block Grant Year XLV,21,Department of Housing,2560,Homeownership Counseling Services,169,Technical Meeting Costs,0,0,3848
CDBG,0J45,Community Development Block Grant Year XLV,21,Department of Housing,2561,Small Accessible Repairs for Seniors,5,Salaries and Wages - on Payroll,0,0,251041
CDBG,0J45,Community Development Block Grant Year XLV,21,Department of Housing,2561,Small Accessible Repairs for Seniors,15,Schedule Salary Adjustments,0,0,1548
CDBG,0J45,Community Development Block Grant Year XLV,21,Department of Housing,2561,Small Accessible Repairs for Seniors,44,Fringe Benefits,0,0,108115
CDBG,0J45,Community Development Block Grant Year XLV,21,Department of Housing,2561,Small Accessible Repairs for Seniors,135,For Delegate Agencies,0,0,1761065
CDBG,0J45,Community Development Block Grant Year XLV,21,Department of Housing,2562,Neighborhood Lending,5,Salaries and Wages - on Payroll,0,0,102085
CDBG,0J45,Community Development Block Grant Year XLV,21,Department of Housing,2562,Neighborhood Lending,44,Fringe Benefits,0,0,42611
CDBG,0J45,Community Development Block Grant Year XLV,21,Department of Housing,2562,Neighborhood Lending,135,For Delegate Agencies,0,0,3069370
CDBG,0J45,Community Development Block Grant Year XLV,21,Department of Housing,2563,Construction and Compliance,5,Salaries and Wages - on Payroll,0,0,956822
CDBG,0J45,Community Development Block Grant Year XLV,21,Department of Housing,2563,Construction and Compliance,15,Schedule Salary Adjustments,0,0,1764
CDBG,0J45,Community Development Block Grant Year XLV,21,Department of Housing,2563,Construction and Compliance,44,Fringe Benefits,0,0,402504
CDBG,0J45,Community Development Block Grant Year XLV,21,Department of Housing,2563,Construction and Compliance,130,Postage,0,0,1090
CDBG,0J45,Community Development Block Grant Year XLV,21,Department of Housing,2563,Construction and Compliance,140,For Professional and Technical Services and Other Third Party Benefit Agreements,0,0,27625
CDBG,0J45,Community Development Block Grant Year XLV,21,Department of Housing,2563,Construction and Compliance,149,For Software Maintenance and Licensing,0,0,130000
CDBG,0J45,Community Development Block Grant Year XLV,21,Department of Housing,2563,Construction and Compliance,155,Rental of Property,0,0,133065
CDBG,0J45,Community Development Block Grant Year XLV,21,Department of Housing,2563,Construction and Compliance,157,Rental of Equipment and Services,0,0,570
CDBG,0J45,Community Development Block Grant Year XLV,21,Department of Housing,2563,Construction and Compliance,159,Lease Purchase Agreements for Equipment and Machinery,0,0,3865
CDBG,0J45,Community Development Block Grant Year XLV,21,Department of Housing,2563,Construction and Compliance,169,Technical Meeting Costs,0,0,28000
CDBG,0J45,Community Development Block Grant Year XLV,21,Department of Housing,2563,Construction and Compliance,229,Transportation and Expense Allowance,0,0,18650
CDBG,0J45,Community Development Block Grant Year XLV,21,Department of Housing,2563,Construction and Compliance,245,Reimbursement to Travelers,0,0,1500
CDBG,0J45,Community Development Block Grant Year XLV,21,Department of Housing,2563,Construction and Compliance,270,Local Transportation,0,0,190
CDBG,0J45,Community Development Block Grant Year XLV,21,Department of Housing,2563,Construction and Compliance,340,Material and Supplies,0,0,11312
CDBG,0J45,Community Development Block Grant Year XLV,21,Department of Housing,2563,Construction and Compliance,350,Stationery and Office Supplies,0,0,6350
CDBG,0J45,Community Development Block Grant Year XLV,21,Department of Housing,2563,Construction and Compliance,446,For the Purchase of Data Processing  Office Automation and Data Communication Hardware,0,0,9400
CDBG,0J45,Community Development Block Grant Year XLV,27,Department of Finance,2512,Accounting and Financial Reporting,5,Salaries and Wages - on Payroll,532896,532896,539700
CDBG,0J45,Community Development Block Grant Year XLV,27,Department of Finance,2512,Accounting and Financial Reporting,15,Schedule Salary Adjustments,0,0,279
CDBG,0J45,Community Development Block Grant Year XLV,27,Department of Finance,2512,Accounting and Financial Reporting,39,For the Employment of Students as Trainees,20000,20000,20000
CDBG,0J45,Community Development Block Grant Year XLV,27,Department of Finance,2512,Accounting and Financial Reporting,44,Fringe Benefits,222376,222376,218795
CDBG,0J45,Community Development Block Grant Year XLV,27,Department of Finance,2512,Accounting and Financial Reporting,140,For Professional and Technical Services and Other Third Party Benefit Agreements,79491,79491,79491
CDBG,0J45,Community Development Block Grant Year XLV,27,Department of Finance,2512,Accounting and Financial Reporting,142,Accounting and Auditing,324895,324895,324895
CDBG,0J45,Community Development Block Grant Year XLV,27,Department of Finance,2512,Accounting and Financial Reporting,149,For Software Maintenance and Licensing,37500,37500,37500
CDBG,0J45,Community Development Block Grant Year XLV,27,Department of Finance,2512,Accounting and Financial Reporting,348,Books and Related Material,12000,12000,12000
CDBG,0J45,Community Development Block Grant Year XLV,31,Department of Law,2515,Code Enforcement,5,Salaries and Wages - on Payroll,1165892,1165892,1313256
CDBG,0J45,Community Development Block Grant Year XLV,31,Department of Law,2515,Code Enforcement,15,Schedule Salary Adjustments,15337,15337,242
CDBG,0J45,Community Development Block Grant Year XLV,31,Department of Law,2515,Code Enforcement,44,Fringe Benefits,507640,507640,532394
CDBG,0J45,Community Development Block Grant Year XLV,38,Department of Fleet and Facility Management,2505,Environmental Review,5,Salaries and Wages - on Payroll,110064,110064,191364
CDBG,0J45,Community Development Block Grant Year XLV,38,Department of Fleet and Facility Management,2505,Environmental Review,44,Fringe Benefits,45930,45930,77579
CDBG,0J45,Community Development Block Grant Year XLV,41,Department of Public Health,2555,Lead Poisoning Prevention,5,Salaries and Wages - on Payroll,2260145,2260145,2320115
CDBG,0J45,Community Development Block Grant Year XLV,41,Department of Public Health,2555,Lead Poisoning Prevention,11,Contract Wage Increment - Salary,0,0,7514
CDBG,0J45,Community Development Block Grant Year XLV,41,Department of Public Health,2555,Lead Poisoning Prevention,15,Schedule Salary Adjustments,11119,11119,11630
CDBG,0J45,Community Development Block Grant Year XLV,41,Department of Public Health,2555,Lead Poisoning Prevention,44,Fringe Benefits,975790,975790,981245
CDBG,0J45,Community Development Block Grant Year XLV,41,Department of Public Health,2555,Lead Poisoning Prevention,91,Uniform Allowance,2200,2200,2200
CDBG,0J45,Community Development Block Grant Year XLV,41,Department of Public Health,2555,Lead Poisoning Prevention,345,Apparatus and Instruments,98000,98000,41073
CDBG,0J45,Community Development Block Grant Year XLV,41,Department of Public Health,2555,Lead Poisoning Prevention,9651,To Reimburse Corporate Fund for Indirect Costs,718623,718623,718623
CDBG,0J45,Community Development Block Grant Year XLV,41,Department of Public Health,2565,Violence Prevention Program,135,For Delegate Agencies,571000,571000,500000
CDBG,0J45,Community Development Block Grant Year XLV,41,Department of Public Health,2597,HIV Prevention Program,135,For Delegate Agencies,355837,355837,355837
CDBG,0J45,Community Development Block Grant Year XLV,41,Department of Public Health,2598,Mental Health Clinics,5,Salaries and Wages - on Payroll,3758540,3758540,4004758
CDBG,0J45,Community Development Block Grant Year XLV,41,Department of Public Health,2598,Mental Health Clinics,15,Schedule Salary Adjustments,16907,16907,8669
CDBG,0J45,Community Development Block Grant Year XLV,41,Department of Public Health,2598,Mental Health Clinics,44,Fringe Benefits,1654720,1654720,1695853
CDBG,0J45,Community Development Block Grant Year XLV,41,Department of Public Health,2598,Mental Health Clinics,135,For Delegate Agencies,450000,450000,221000
CDBG,0J45,Community Development Block Grant Year XLV,41,Department of Public Health,2598,Mental Health Clinics,140,For Professional and Technical Services and Other Third Party Benefit Agreements,1492952,1492952,1002970
CDBG,0J45,Community Development Block Grant Year XLV,41,Department of Public Health,2598,Mental Health Clinics,342,Drugs  Medicine and Chemical Materials,40000,40000,96927
CDBG,0J45,Community Development Block Grant Year XLV,41,Department of Public Health,2598,Mental Health Clinics,9651,To Reimburse Corporate Fund for Indirect Costs,646205,646205,646205
CDBG,0J45,Community Development Block Grant Year XLV,45,Commission on Human Relations,2505,Education  Outreach & Intergroup Relations,5,Salaries and Wages - on Payroll,203928,203928,225078
CDBG,0J45,Community Development Block Grant Year XLV,45,Commission on Human Relations,2505,Education  Outreach & Intergroup Relations,15,Schedule Salary Adjustments,531,531,2247
CDBG,0J45,Community Development Block Grant Year XLV,45,Commission on Human Relations,2505,Education  Outreach & Intergroup Relations,44,Fringe Benefits,93707,93707,96736
CDBG,0J45,Community Development Block Grant Year XLV,45,Commission on Human Relations,2505,Education  Outreach & Intergroup Relations,130,Postage,1800,1800,1800
CDBG,0J45,Community Development Block Grant Year XLV,45,Commission on Human Relations,2505,Education  Outreach & Intergroup Relations,159,Lease Purchase Agreements for Equipment and Machinery,1600,1600,1600
CDBG,0J45,Community Development Block Grant Year XLV,45,Commission on Human Relations,2505,Education  Outreach & Intergroup Relations,169,Technical Meeting Costs,1000,1000,1000
CDBG,0J45,Community Development Block Grant Year XLV,45,Commission on Human Relations,2505,Education  Outreach & Intergroup Relations,446,For the Purchase of Data Processing  Office Automation and Data Communication Hardware,705,705,0
CDBG,0J45,Community Development Block Grant Year XLV,45,Commission on Human Relations,2505,Education  Outreach & Intergroup Relations,9438,For Services Provided by the Department of Fleet and Facilities Management,10200,10200,17250
CDBG,0J45,Community Development Block Grant Year XLV,45,Commission on Human Relations,2510,Fair Housing,5,Salaries and Wages - on Payroll,410915,410915,434179
CDBG,0J45,Community Development Block Grant Year XLV,45,Commission on Human Relations,2510,Fair Housing,44,Fringe Benefits,182422,182422,184303
CDBG,0J45,Community Development Block Grant Year XLV,45,Commission on Human Relations,2510,Fair Housing,130,Postage,1800,1800,1800
CDBG,0J45,Community Development Block Grant Year XLV,45,Commission on Human Relations,2510,Fair Housing,135,For Delegate Agencies,85335,85335,119991
CDBG,0J45,Community Development Block Grant Year XLV,45,Commission on Human Relations,2510,Fair Housing,140,For Professional and Technical Services and Other Third Party Benefit Agreements,43503,43503,42303
CDBG,0J45,Community Development Block Grant Year XLV,45,Commission on Human Relations,2510,Fair Housing,143,Court Reporting,4325,4325,4325
CDBG,0J45,Community Development Block Grant Year XLV,45,Commission on Human Relations,2510,Fair Housing,159,Lease Purchase Agreements for Equipment and Machinery,1600,1600,1600
CDBG,0J45,Community Development Block Grant Year XLV,45,Commission on Human Relations,2510,Fair Housing,169,Technical Meeting Costs,0,0,1200
CDBG,0J45,Community Development Block Grant Year XLV,45,Commission on Human Relations,2510,Fair Housing,190,Telephone - Non-Centrex Billings,4000,4000,3000
CDBG,0J45,Community Development Block Grant Year XLV,45,Commission on Human Relations,2510,Fair Housing,446,For the Purchase of Data Processing  Office Automation and Data Communication Hardware,705,705,0
CDBG,0J45,Community Development Block Grant Year XLV,45,Commission on Human Relations,2510,Fair Housing,9438,For Services Provided by the Department of Fleet and Facilities Management,500,500,17250
CDBG,0J45,Community Development Block Grant Year XLV,45,Commission on Human Relations,2510,Fair Housing,9651,To Reimburse Corporate Fund for Indirect Costs,158554,158554,158554
CDBG,0J45,Community Development Block Grant Year XLV,48,Mayor's Office for People with Disabilities,2503,Administration,5,Salaries and Wages - on Payroll,239386,239386,262272
CDBG,0J45,Community Development Block Grant Year XLV,48,Mayor's Office for People with Disabilities,2503,Administration,15,Schedule Salary Adjustments,1050,1050,1360
CDBG,0J45,Community Development Block Grant Year XLV,48,Mayor's Office for People with Disabilities,2503,Administration,44,Fringe Benefits,101934,101934,106325
CDBG,0J45,Community Development Block Grant Year XLV,48,Mayor's Office for People with Disabilities,2503,Administration,138,For Professional Services for Information Technology Maintenance,13410,13410,13410
CDBG,0J45,Community Development Block Grant Year XLV,48,Mayor's Office for People with Disabilities,2503,Administration,9651,To Reimburse Corporate Fund for Indirect Costs,394742,394742,332468
CDBG,0J45,Community Development Block Grant Year XLV,48,Mayor's Office for People with Disabilities,2505,Disability Resources,5,Salaries and Wages - on Payroll,491104,491104,550128
CDBG,0J45,Community Development Block Grant Year XLV,48,Mayor's Office for People with Disabilities,2505,Disability Resources,15,Schedule Salary Adjustments,4151,4151,0
CDBG,0J45,Community Development Block Grant Year XLV,48,Mayor's Office for People with Disabilities,2505,Disability Resources,39,For the Employment of Students as Trainees,4304,4304,4304
CDBG,0J45,Community Development Block Grant Year XLV,48,Mayor's Office for People with Disabilities,2505,Disability Resources,44,Fringe Benefits,217616,217616,223021
CDBG,0J45,Community Development Block Grant Year XLV,48,Mayor's Office for People with Disabilities,2505,Disability Resources,140,For Professional and Technical Services and Other Third Party Benefit Agreements,6682,6682,6682
CDBG,0J45,Community Development Block Grant Year XLV,48,Mayor's Office for People with Disabilities,2505,Disability Resources,270,Local Transportation,336,336,336
CDBG,0J45,Community Development Block Grant Year XLV,48,Mayor's Office for People with Disabilities,2505,Disability Resources,340,Material and Supplies,1782,1782,1782
CDBG,0J45,Community Development Block Grant Year XLV,48,Mayor's Office for People with Disabilities,2505,Disability Resources,350,Stationery and Office Supplies,4787,4787,4787
CDBG,0J45,Community Development Block Grant Year XLV,48,Mayor's Office for People with Disabilities,2510,Independent Living for Disabled Persons,135,For Delegate Agencies,650000,650000,650000
CDBG,0J45,Community Development Block Grant Year XLV,48,Mayor's Office for People with Disabilities,2525,Home Mod Program,5,Salaries and Wages - on Payroll,174260,174260,184248
CDBG,0J45,Community Development Block Grant Year XLV,48,Mayor's Office for People with Disabilities,2525,Home Mod Program,15,Schedule Salary Adjustments,0,0,1110
CDBG,0J45,Community Development Block Grant Year XLV,48,Mayor's Office for People with Disabilities,2525,Home Mod Program,44,Fringe Benefits,74203,74203,74694
CDBG,0J45,Community Development Block Grant Year XLV,48,Mayor's Office for People with Disabilities,2525,Home Mod Program,135,For Delegate Agencies,980000,980000,680000
CDBG,0J45,Community Development Block Grant Year XLV,50,Department of Family and Support Services,2501,Planning and Administration,5,Salaries and Wages - on Payroll,0,0,175393
CDBG,0J45,Community Development Block Grant Year XLV,50,Department of Family and Support Services,2501,Planning and Administration,44,Fringe Benefits,0,0,73210
CDBG,0J45,Community Development Block Grant Year XLV,50,Department of Family and Support Services,2501,Planning and Administration,125,Office and Building Services,4500,4500,4500
CDBG,0J45,Community Development Block Grant Year XLV,50,Department of Family and Support Services,2501,Planning and Administration,140,For Professional and Technical Services and Other Third Party Benefit Agreements,14000,14000,14000
CDBG,0J45,Community Development Block Grant Year XLV,50,Department of Family and Support Services,2501,Planning and Administration,152,Advertising,200,200,200
CDBG,0J45,Community Development Block Grant Year XLV,50,Department of Family and Support Services,2501,Planning and Administration,157,Rental of Equipment and Services,200,200,200
CDBG,0J45,Community Development Block Grant Year XLV,50,Department of Family and Support Services,2501,Planning and Administration,159,Lease Purchase Agreements for Equipment and Machinery,23425,23425,23425
CDBG,0J45,Community Development Block Grant Year XLV,50,Department of Family and Support Services,2501,Planning and Administration,166,Dues  Subscriptions and Memberships,1400,1400,1400
CDBG,0J45,Community Development Block Grant Year XLV,50,Department of Family and Support Services,2501,Planning and Administration,169,Technical Meeting Costs,5026,5026,5026
CDBG,0J45,Community Development Block Grant Year XLV,50,Department of Family and Support Services,2501,Planning and Administration,190,Telephone - Non-Centrex Billings,24304,24304,24304
CDBG,0J45,Community Development Block Grant Year XLV,50,Department of Family and Support Services,2501,Planning and Administration,197,Telephone - Maintenance and Repair of Equipment and Voicemail,3000,3000,3000
CDBG,0J45,Community Development Block Grant Year XLV,50,Department of Family and Support Services,2501,Planning and Administration,270,Local Transportation,450,450,450
CDBG,0J45,Community Development Block Grant Year XLV,50,Department of Family and Support Services,2501,Planning and Administration,340,Material and Supplies,3775,3775,3775
CDBG,0J45,Community Development Block Grant Year XLV,50,Department of Family and Support Services,2501,Planning and Administration,350,Stationery and Office Supplies,2400,2400,2400
CDBG,0J45,Community Development Block Grant Year XLV,50,Department of Family and Support Services,2501,Planning and Administration,9438,For Services Provided by the Department of Fleet and Facilities Management,13148,13148,13148
CDBG,0J45,Community Development Block Grant Year XLV,50,Department of Family and Support Services,2501,Planning and Administration,9651,To Reimburse Corporate Fund for Indirect Costs,1180525,1180525,963931
CDBG,0J45,Community Development Block Grant Year XLV,50,Department of Family and Support Services,2510,Human Services,5,Salaries and Wages - on Payroll,165745,165745,193608
CDBG,0J45,Community Development Block Grant Year XLV,50,Department of Family and Support Services,2510,Human Services,44,Fringe Benefits,70577,70577,78489
CDBG,0J45,Community Development Block Grant Year XLV,50,Department of Family and Support Services,2510,Human Services,135,For Delegate Agencies,1006000,1006000,1006000
CDBG,0J45,Community Development Block Grant Year XLV,50,Department of Family and Support Services,2515,Homeless Services,5,Salaries and Wages - on Payroll,776756,776756,772079
CDBG,0J45,Community Development Block Grant Year XLV,50,Department of Family and Support Services,2515,Homeless Services,12,Contract Wage Increment - Prevailing Rate,485,485,495
CDBG,0J45,Community Development Block Grant Year XLV,50,Department of Family and Support Services,2515,Homeless Services,15,Schedule Salary Adjustments,3531,3531,785
CDBG,0J45,Community Development Block Grant Year XLV,50,Department of Family and Support Services,2515,Homeless Services,44,Fringe Benefits,337014,337014,329196
CDBG,0J45,Community Development Block Grant Year XLV,50,Department of Family and Support Services,2515,Homeless Services,135,For Delegate Agencies,9264140,9264140,8894140
CDBG,0J45,Community Development Block Grant Year XLV,50,Department of Family and Support Services,2520,Workforce Services,5,Salaries and Wages - on Payroll,327152,327152,293550
CDBG,0J45,Community Development Block Grant Year XLV,50,Department of Family and Support Services,2520,Workforce Services,15,Schedule Salary Adjustments,100,100,1404
CDBG,0J45,Community Development Block Grant Year XLV,50,Department of Family and Support Services,2520,Workforce Services,44,Fringe Benefits,139307,139307,125643
CDBG,0J45,Community Development Block Grant Year XLV,50,Department of Family and Support Services,2520,Workforce Services,135,For Delegate Agencies,5668113,5668113,5468113
CDBG,0J45,Community Development Block Grant Year XLV,50,Department of Family and Support Services,2525,Senior Services,5,Salaries and Wages - on Payroll,391537,391537,365103
CDBG,0J45,Community Development Block Grant Year XLV,50,Department of Family and Support Services,2525,Senior Services,15,Schedule Salary Adjustments,3894,3894,4420
CDBG,0J45,Community Development Block Grant Year XLV,50,Department of Family and Support Services,2525,Senior Services,44,Fringe Benefits,174435,174435,158504
CDBG,0J45,Community Development Block Grant Year XLV,50,Department of Family and Support Services,2525,Senior Services,135,For Delegate Agencies,2481612,2481612,2456597
CDBG,0J45,Community Development Block Grant Year XLV,50,Department of Family and Support Services,2525,Senior Services,140,For Professional and Technical Services and Other Third Party Benefit Agreements,328009,328009,303024
CDBG,0J45,Community Development Block Grant Year XLV,50,Department of Family and Support Services,2530,Domestic Violence Services,5,Salaries and Wages - on Payroll,365638,365638,411962
CDBG,0J45,Community Development Block Grant Year XLV,50,Department of Family and Support Services,2530,Domestic Violence Services,15,Schedule Salary Adjustments,852,852,3359
CDBG,0J45,Community Development Block Grant Year XLV,50,Department of Family and Support Services,2530,Domestic Violence Services,44,Fringe Benefits,164118,164118,172087
CDBG,0J45,Community Development Block Grant Year XLV,50,Department of Family and Support Services,2530,Domestic Violence Services,135,For Delegate Agencies,2257966,2257966,1927966
CDBG,0J45,Community Development Block Grant Year XLV,50,Department of Family and Support Services,2530,Domestic Violence Services,140,For Professional and Technical Services and Other Third Party Benefit Agreements,60000,60000,0
CDBG,0J45,Community Development Block Grant Year XLV,50,Department of Family and Support Services,2530,Domestic Violence Services,166,Dues  Subscriptions and Memberships,0,0,50000
CDBG,0J45,Community Development Block Grant Year XLV,54,Department of Planning and Development,2505,Finance and Administration,5,Salaries and Wages - on Payroll,1469600,1469600,1535602
CDBG,0J45,Community Development Block Grant Year XLV,54,Department of Planning and Development,2505,Finance and Administration,15,Schedule Salary Adjustments,3588,3588,6091
CDBG,0J45,Community Development Block Grant Year XLV,54,Department of Planning and Development,2505,Finance and Administration,39,For the Employment of Students as Trainees,36741,36741,36741
CDBG,0J45,Community Development Block Grant Year XLV,54,Department of Planning and Development,2505,Finance and Administration,44,Fringe Benefits,625780,625780,641136
CDBG,0J45,Community Development Block Grant Year XLV,54,Department of Planning and Development,2505,Finance and Administration,130,Postage,7966,7966,7966
CDBG,0J45,Community Development Block Grant Year XLV,54,Department of Planning and Development,2505,Finance and Administration,150,Publications and Reproduction - Outside Services to Be Expended with the Prior Approval of Graphics Services,2850,2850,2850
CDBG,0J45,Community Development Block Grant Year XLV,54,Department of Planning and Development,2505,Finance and Administration,152,Advertising,21225,21225,21225
CDBG,0J45,Community Development Block Grant Year XLV,54,Department of Planning and Development,2505,Finance and Administration,159,Lease Purchase Agreements for Equipment and Machinery,53294,53294,74013
CDBG,0J45,Community Development Block Grant Year XLV,54,Department of Planning and Development,2505,Finance and Administration,162,Repair/Maintenance of Equipment,6249,6249,6249
CDBG,0J45,Community Development Block Grant Year XLV,54,Department of Planning and Development,2505,Finance and Administration,166,Dues  Subscriptions and Memberships,1650,1650,1650
CDBG,0J45,Community Development Block Grant Year XLV,54,Department of Planning and Development,2505,Finance and Administration,169,Technical Meeting Costs,4000,4000,1000
CDBG,0J45,Community Development Block Grant Year XLV,54,Department of Planning and Development,2505,Finance and Administration,179,Messenger Service,500,500,500
CDBG,0J45,Community Development Block Grant Year XLV,54,Department of Planning and Development,2505,Finance and Administration,190,Telephone - Non-Centrex Billings,25048,25048,16900
CDBG,0J45,Community Development Block Grant Year XLV,54,Department of Planning and Development,2505,Finance and Administration,245,Reimbursement to Travelers,1500,1500,1500
CDBG,0J45,Community Development Block Grant Year XLV,54,Department of Planning and Development,2505,Finance and Administration,340,Material and Supplies,7850,7850,10951
CDBG,0J45,Community Development Block Grant Year XLV,54,Department of Planning and Development,2505,Finance and Administration,350,Stationery and Office Supplies,12045,12045,12045
CDBG,0J45,Community Development Block Grant Year XLV,54,Department of Planning and Development,2505,Finance and Administration,9438,For Services Provided by the Department of Fleet and Facilities Management,60000,60000,86250
CDBG,0J45,Community Development Block Grant Year XLV,54,Department of Planning and Development,2505,Finance and Administration,9651,To Reimburse Corporate Fund for Indirect Costs,1852035,1852035,1566322
CDBG,0J45,Community Development Block Grant Year XLV,54,Department of Planning and Development,2515,Developer Services,5,Salaries and Wages - on Payroll,277512,277512,0
CDBG,0J45,Community Development Block Grant Year XLV,54,Department of Planning and Development,2515,Developer Services,44,Fringe Benefits,118170,118170,0
CDBG,0J45,Community Development Block Grant Year XLV,54,Department of Planning and Development,2515,Developer Services,169,Technical Meeting Costs,7000,7000,0
CDBG,0J45,Community Development Block Grant Year XLV,54,Department of Planning and Development,2515,Developer Services,270,Local Transportation,100,100,0
CDBG,0J45,Community Development Block Grant Year XLV,54,Department of Planning and Development,2515,Developer Services,340,Material and Supplies,1800,1800,0
CDBG,0J45,Community Development Block Grant Year XLV,54,Department of Planning and Development,2515,Developer Services,350,Stationery and Office Supplies,1800,1800,0
CDBG,0J45,Community Development Block Grant Year XLV,54,Department of Planning and Development,2515,Developer Services,9103,Rehabilitation Loans and Grants,5979248,5979248,0
CDBG,0J45,Community Development Block Grant Year XLV,54,Department of Planning and Development,2520,Housing Preservation,5,Salaries and Wages - on Payroll,282957,282957,0
CDBG,0J45,Community Development Block Grant Year XLV,54,Department of Planning and Development,2520,Housing Preservation,44,Fringe Benefits,120487,120487,0
CDBG,0J45,Community Development Block Grant Year XLV,54,Department of Planning and Development,2520,Housing Preservation,130,Postage,925,925,0
CDBG,0J45,Community Development Block Grant Year XLV,54,Department of Planning and Development,2520,Housing Preservation,135,For Delegate Agencies,4855000,4855000,0
CDBG,0J45,Community Development Block Grant Year XLV,54,Department of Planning and Development,2520,Housing Preservation,157,Rental of Equipment and Services,700,700,0
CDBG,0J45,Community Development Block Grant Year XLV,54,Department of Planning and Development,2520,Housing Preservation,169,Technical Meeting Costs,1000,1000,0
CDBG,0J45,Community Development Block Grant Year XLV,54,Department of Planning and Development,2520,Housing Preservation,245,Reimbursement to Travelers,3000,3000,0
CDBG,0J45,Community Development Block Grant Year XLV,54,Department of Planning and Development,2520,Housing Preservation,340,Material and Supplies,3000,3000,0
CDBG,0J45,Community Development Block Grant Year XLV,54,Department of Planning and Development,2520,Housing Preservation,350,Stationery and Office Supplies,3000,3000,0
CDBG,0J45,Community Development Block Grant Year XLV,54,Department of Planning and Development,2520,Housing Preservation,9126,For Heat Receivership Program,900000,900000,0
CDBG,0J45,Community Development Block Grant Year XLV,54,Department of Planning and Development,2531,Emergency Heating  Roof and Porch Repair,5,Salaries and Wages - on Payroll,571019,571019,0
CDBG,0J45,Community Development Block Grant Year XLV,54,Department of Planning and Development,2531,Emergency Heating  Roof and Porch Repair,15,Schedule Salary Adjustments,981,981,0
CDBG,0J45,Community Development Block Grant Year XLV,54,Department of Planning and Development,2531,Emergency Heating  Roof and Porch Repair,44,Fringe Benefits,243149,243149,0
CDBG,0J45,Community Development Block Grant Year XLV,54,Department of Planning and Development,2531,Emergency Heating  Roof and Porch Repair,140,For Professional and Technical Services and Other Third Party Benefit Agreements,144500,144500,0
CDBG,0J45,Community Development Block Grant Year XLV,54,Department of Planning and Development,2531,Emergency Heating  Roof and Porch Repair,9264,Emergency Heating Repair Program (EHRP),900000,900000,0
CDBG,0J45,Community Development Block Grant Year XLV,54,Department of Planning and Development,2531,Emergency Heating  Roof and Porch Repair,9265,Roof and Porch Repair Program (RPRP),5268806,5268806,0
CDBG,0J45,Community Development Block Grant Year XLV,54,Department of Planning and Development,2536,Housing Services Technical Assistance,5,Salaries and Wages - on Payroll,170308,170308,0
CDBG,0J45,Community Development Block Grant Year XLV,54,Department of Planning and Development,2536,Housing Services Technical Assistance,44,Fringe Benefits,72520,72520,0
CDBG,0J45,Community Development Block Grant Year XLV,54,Department of Planning and Development,2536,Housing Services Technical Assistance,135,For Delegate Agencies,643375,643375,0
CDBG,0J45,Community Development Block Grant Year XLV,54,Department of Planning and Development,2541,Homeownership Counseling Services,5,Salaries and Wages - on Payroll,64504,64504,0
CDBG,0J45,Community Development Block Grant Year XLV,54,Department of Planning and Development,2541,Homeownership Counseling Services,44,Fringe Benefits,27467,27467,0
CDBG,0J45,Community Development Block Grant Year XLV,54,Department of Planning and Development,2541,Homeownership Counseling Services,135,For Delegate Agencies,655470,655470,0
CDBG,0J45,Community Development Block Grant Year XLV,54,Department of Planning and Development,2551,Small Accessible Repairs for Seniors,5,Salaries and Wages - on Payroll,237492,237492,0
CDBG,0J45,Community Development Block Grant Year XLV,54,Department of Planning and Development,2551,Small Accessible Repairs for Seniors,15,Schedule Salary Adjustments,2112,2112,0
CDBG,0J45,Community Development Block Grant Year XLV,54,Department of Planning and Development,2551,Small Accessible Repairs for Seniors,44,Fringe Benefits,99106,99106,0
CDBG,0J45,Community Development Block Grant Year XLV,54,Department of Planning and Development,2551,Small Accessible Repairs for Seniors,135,For Delegate Agencies,1652261,1652261,0
CDBG,0J45,Community Development Block Grant Year XLV,54,Department of Planning and Development,2560,Neighborhood Lending Program,5,Salaries and Wages - on Payroll,126554,126554,0
CDBG,0J45,Community Development Block Grant Year XLV,54,Department of Planning and Development,2560,Neighborhood Lending Program,15,Schedule Salary Adjustments,1362,1362,0
CDBG,0J45,Community Development Block Grant Year XLV,54,Department of Planning and Development,2560,Neighborhood Lending Program,44,Fringe Benefits,64042,64042,0
CDBG,0J45,Community Development Block Grant Year XLV,54,Department of Planning and Development,2560,Neighborhood Lending Program,135,For Delegate Agencies,3212520,3212520,0
CDBG,0J45,Community Development Block Grant Year XLV,54,Department of Planning and Development,2566,Construction Monitoring and Compliance,5,Salaries and Wages - on Payroll,902414,902414,0
CDBG,0J45,Community Development Block Grant Year XLV,54,Department of Planning and Development,2566,Construction Monitoring and Compliance,15,Schedule Salary Adjustments,1264,1264,0
CDBG,0J45,Community Development Block Grant Year XLV,54,Department of Planning and Development,2566,Construction Monitoring and Compliance,44,Fringe Benefits,391800,391800,0
CDBG,0J45,Community Development Block Grant Year XLV,54,Department of Planning and Development,2566,Construction Monitoring and Compliance,130,Postage,1090,1090,0
CDBG,0J45,Community Development Block Grant Year XLV,54,Department of Planning and Development,2566,Construction Monitoring and Compliance,140,For Professional and Technical Services and Other Third Party Benefit Agreements,27625,27625,0
CDBG,0J45,Community Development Block Grant Year XLV,54,Department of Planning and Development,2566,Construction Monitoring and Compliance,149,For Software Maintenance and Licensing,25000,25000,0
CDBG,0J45,Community Development Block Grant Year XLV,54,Department of Planning and Development,2566,Construction Monitoring and Compliance,155,Rental of Property,148176,148176,0
CDBG,0J45,Community Development Block Grant Year XLV,54,Department of Planning and Development,2566,Construction Monitoring and Compliance,157,Rental of Equipment and Services,570,570,0
CDBG,0J45,Community Development Block Grant Year XLV,54,Department of Planning and Development,2566,Construction Monitoring and Compliance,159,Lease Purchase Agreements for Equipment and Machinery,3865,3865,0
CDBG,0J45,Community Development Block Grant Year XLV,54,Department of Planning and Development,2566,Construction Monitoring and Compliance,169,Technical Meeting Costs,2500,2500,0
CDBG,0J45,Community Development Block Grant Year XLV,54,Department of Planning and Development,2566,Construction Monitoring and Compliance,229,Transportation and Expense Allowance,18650,18650,0
CDBG,0J45,Community Development Block Grant Year XLV,54,Department of Planning and Development,2566,Construction Monitoring and Compliance,245,Reimbursement to Travelers,1500,1500,0
CDBG,0J45,Community Development Block Grant Year XLV,54,Department of Planning and Development,2566,Construction Monitoring and Compliance,270,Local Transportation,190,190,0
CDBG,0J45,Community Development Block Grant Year XLV,54,Department of Planning and Development,2566,Construction Monitoring and Compliance,340,Material and Supplies,11312,11312,0
CDBG,0J45,Community Development Block Grant Year XLV,54,Department of Planning and Development,2566,Construction Monitoring and Compliance,350,Stationery and Office Supplies,6350,6350,0
CDBG,0J45,Community Development Block Grant Year XLV,54,Department of Planning and Development,2566,Construction Monitoring and Compliance,446,For the Purchase of Data Processing  Office Automation and Data Communication Hardware,9400,9400,0
CDBG,0J45,Community Development Block Grant Year XLV,67,Department of Buildings,2505,Troubled Buildings Program,5,Salaries and Wages - on Payroll,2532621,2532621,2567322
CDBG,0J45,Community Development Block Grant Year XLV,67,Department of Buildings,2505,Troubled Buildings Program,15,Schedule Salary Adjustments,15710,15710,24252
CDBG,0J45,Community Development Block Grant Year XLV,67,Department of Buildings,2505,Troubled Buildings Program,44,Fringe Benefits,1078431,1078431,1072936
CDBG,0J45,Community Development Block Grant Year XLV,67,Department of Buildings,2505,Troubled Buildings Program,140,For Professional and Technical Services and Other Third Party Benefit Agreements,175000,175000,175000
CDBG,0J45,Community Development Block Grant Year XLV,67,Department of Buildings,2505,Troubled Buildings Program,181,Mobile Communication Services,16759,16759,12750
CDBG,0J45,Community Development Block Grant Year XLV,67,Department of Buildings,2505,Troubled Buildings Program,229,Transportation and Expense Allowance,58500,58500,51825
CDBG,0J45,Community Development Block Grant Year XLV,67,Department of Buildings,2510,Code Enforcement,5,Salaries and Wages - on Payroll,2096798,2096798,2204483
CDBG,0J45,Community Development Block Grant Year XLV,67,Department of Buildings,2510,Code Enforcement,15,Schedule Salary Adjustments,18124,18124,17148
CDBG,0J45,Community Development Block Grant Year XLV,67,Department of Buildings,2510,Code Enforcement,44,Fringe Benefits,901823,901823,928938
CDBG,0J45,Community Development Block Grant Year XLV,67,Department of Buildings,2510,Code Enforcement,181,Mobile Communication Services,16760,16760,12750
CDBG,0J45,Community Development Block Grant Year XLV,67,Department of Buildings,2510,Code Enforcement,229,Transportation and Expense Allowance,55150,55150,51825
CDBG,0J45,Community Development Block Grant Year XLV,84,Chicago Department of Transportation,2535,Infrastructure Improvements,140,For Professional and Technical Services and Other Third Party Benefit Agreements,0,0,3320099
