fund_type,fund_code,fund_description,department_number,department_description,appropriation_authority,appropriation_authority_description,appropriation_account,appropriation_account_description,appropriation,revised_appropriation,recommendation
LOCAL,0100,Corporate Fund,1,Office of the Mayor,2005,Office of the Mayor,0005,SALARIES AND WAGES - ON PAYROLL,11370347.00,11370347.00,11692699.00
LOCAL,0100,Corporate Fund,1,Office of the Mayor,2005,Office of the Mayor,0039,STUDENT AS TRAINEES,249060.00,249060.00,260000.00
LOCAL,0100,Corporate Fund,1,Office of the Mayor,2005,Office of the Mayor,0126,OFFICE CONVENIENCES,1600.00,1600.00,3200.00
LOCAL,0100,Corporate Fund,1,Office of the Mayor,2005,Office of the Mayor,0130,POSTAGE,5500.00,5500.00,1600.00
LOCAL,0100,Corporate Fund,1,Office of the Mayor,2005,Office of the Mayor,0140,PROFESSIONAL AND TECHNICAL SERVICES,20000.00,20000.00,16000.00
LOCAL,0100,Corporate Fund,1,Office of the Mayor,2005,Office of the Mayor,0149,SOFTWARE MAINTENANCE AND LICENSING,2500.00,3261.00,3400.00
LOCAL,0100,Corporate Fund,1,Office of the Mayor,2005,Office of the Mayor,0150,OUTSIDE GRAPHIC SERVICES,1600.00,1600.00,0.00
LOCAL,0100,Corporate Fund,1,Office of the Mayor,2005,Office of the Mayor,0157,RENTAL EQUIPMENT AND SERVICES,46000.00,46000.00,1000.00
LOCAL,0100,Corporate Fund,1,Office of the Mayor,2005,Office of the Mayor,0159,LEASE/PURCHASE EQUIPMENT,52000.00,51239.00,31000.00
LOCAL,0100,Corporate Fund,1,Office of the Mayor,2005,Office of the Mayor,0162,REPAIR/MAINT EQUIPMENT,6984.00,6984.00,1500.00
LOCAL,0100,Corporate Fund,1,Office of the Mayor,2005,Office of the Mayor,0166,DUES  SUBSC & MEM,248023.00,248023.00,248023.00
LOCAL,0100,Corporate Fund,1,Office of the Mayor,2005,Office of the Mayor,0169,TECHNICAL MEETING COSTS,6000.00,6000.00,6000.00
LOCAL,0100,Corporate Fund,1,Office of the Mayor,2005,Office of the Mayor,0229,TRANSPORTATION AND EXPENSE ALLOWANCE,1000.00,1000.00,0.00
LOCAL,0100,Corporate Fund,1,Office of the Mayor,2005,Office of the Mayor,0245,REIMBURSEMENT TO TRAVELERS,100000.00,100000.00,48000.00
LOCAL,0100,Corporate Fund,1,Office of the Mayor,2005,Office of the Mayor,0270,LOCAL TRANSPORTATION,3000.00,3000.00,0.00
LOCAL,0100,Corporate Fund,1,Office of the Mayor,2005,Office of the Mayor,0350,STATIONERY AND OFFICE SUPPLIES,30000.00,30000.00,10000.00
LOCAL,0100,Corporate Fund,1,Office of the Mayor,2005,Office of the Mayor,9121,LOBBYIST COSTS,200000.00,200000.00,200000.00
LOCAL,0355,Special Events and Municipal Hotel Operators' Occupation Tax Fund,1,Office of the Mayor,2005,Office of the Mayor,0005,SALARIES AND WAGES - ON PAYROLL,417673.00,417673.00,457161.00
LOCAL,0B21,Tax Increment Financing Administration Fund,1,Office of the Mayor,2005,Office of the Mayor,0005,SALARIES AND WAGES - ON PAYROLL,0.00,0.00,121266.00
LOCAL,0B70,Cannabis Regulation Tax,1,Office of the Mayor,2005,Office of the Mayor,0005,SALARIES AND WAGES - ON PAYROLL,428424.00,428424.00,387849.00
LOCAL,0B70,Cannabis Regulation Tax,1,Office of the Mayor,2005,Office of the Mayor,0135,DELEGATE AGENCIES,4674488.00,4674488.00,0.00
LOCAL,0B70,Cannabis Regulation Tax,1,Office of the Mayor,2005,Office of the Mayor,9102,SPECIAL PROGRAM COSTS,0.00,0.00,3800000.00
LOCAL,0B70,Cannabis Regulation Tax,1,Office of the Mayor,2005,Office of the Mayor,929B,Restoration Committee,0.00,0.00,500000.00
LOCAL,0100,Corporate Fund,3,Office of Inspector General,2005,Office of Inspector General,0005,SALARIES AND WAGES - ON PAYROLL,8138933.00,8138933.00,8307226.00
LOCAL,0100,Corporate Fund,3,Office of Inspector General,2005,Office of Inspector General,0015,SCHEDULE SALARY ADJUSTMENTS,157957.00,157957.00,187555.00
LOCAL,0100,Corporate Fund,3,Office of Inspector General,2005,Office of Inspector General,0020,OVERTIME,3000.00,3000.00,1500.00
LOCAL,0100,Corporate Fund,3,Office of Inspector General,2005,Office of Inspector General,0130,POSTAGE,2083.00,2083.00,1635.00
LOCAL,0100,Corporate Fund,3,Office of Inspector General,2005,Office of Inspector General,0138,IT MAINTENANCE,121349.00,121349.00,15296.00
LOCAL,0100,Corporate Fund,3,Office of Inspector General,2005,Office of Inspector General,0140,PROFESSIONAL AND TECHNICAL SERVICES,348253.00,348253.00,339348.00
LOCAL,0100,Corporate Fund,3,Office of Inspector General,2005,Office of Inspector General,0143,COURT REPORTING,52500.00,52500.00,52500.00
LOCAL,0100,Corporate Fund,3,Office of Inspector General,2005,Office of Inspector General,0149,SOFTWARE MAINTENANCE AND LICENSING,928276.00,928276.00,600406.00
LOCAL,0100,Corporate Fund,3,Office of Inspector General,2005,Office of Inspector General,0150,OUTSIDE GRAPHIC SERVICES,6000.00,6000.00,4750.00
LOCAL,0100,Corporate Fund,3,Office of Inspector General,2005,Office of Inspector General,0152,ADVERTISING,5000.00,5000.00,5000.00
LOCAL,0100,Corporate Fund,3,Office of Inspector General,2005,Office of Inspector General,0157,RENTAL EQUIPMENT AND SERVICES,48779.00,48779.00,63125.00
LOCAL,0100,Corporate Fund,3,Office of Inspector General,2005,Office of Inspector General,0159,LEASE/PURCHASE EQUIPMENT,129501.00,129501.00,129501.00
LOCAL,0100,Corporate Fund,3,Office of Inspector General,2005,Office of Inspector General,0162,REPAIR/MAINT EQUIPMENT,1000.00,1000.00,1000.00
LOCAL,0100,Corporate Fund,3,Office of Inspector General,2005,Office of Inspector General,0166,DUES  SUBSC & MEM,16197.00,16197.00,20618.00
LOCAL,0100,Corporate Fund,3,Office of Inspector General,2005,Office of Inspector General,0169,TECHNICAL MEETING COSTS,145600.00,145600.00,192864.00
LOCAL,0100,Corporate Fund,3,Office of Inspector General,2005,Office of Inspector General,0181,MOBILE COMMUNICATION SERVICES,29929.00,29929.00,22777.00
LOCAL,0100,Corporate Fund,3,Office of Inspector General,2005,Office of Inspector General,0189,TELEPHONE - NON-CENTREX BILLINGS,64969.00,64969.00,82440.00
LOCAL,0100,Corporate Fund,3,Office of Inspector General,2005,Office of Inspector General,0245,REIMBURSEMENT TO TRAVELERS,12310.00,12310.00,26496.00
LOCAL,0100,Corporate Fund,3,Office of Inspector General,2005,Office of Inspector General,0270,LOCAL TRANSPORTATION,31277.00,31277.00,23510.00
LOCAL,0100,Corporate Fund,3,Office of Inspector General,2005,Office of Inspector General,0320,GASOLINE,2506.00,2506.00,2533.00
LOCAL,0100,Corporate Fund,3,Office of Inspector General,2005,Office of Inspector General,0340,MATERIAL AND SUPPLIES,5423.00,5423.00,3001.00
LOCAL,0100,Corporate Fund,3,Office of Inspector General,2005,Office of Inspector General,0348,BOOKS AND RELATED MATERIAL,1273.00,1273.00,1500.00
LOCAL,0100,Corporate Fund,3,Office of Inspector General,2005,Office of Inspector General,0350,STATIONERY AND OFFICE SUPPLIES,27844.00,27844.00,19629.00
LOCAL,0100,Corporate Fund,3,Office of Inspector General,2005,Office of Inspector General,0446,PURCHASE - IT HARDWARE,88477.00,88477.00,88477.00
LOCAL,0100,Corporate Fund,3,Office of Inspector General,2005,Office of Inspector General,0700,CONTINGENCIES,97060.00,97060.00,97060.00
LOCAL,0100,Corporate Fund,3,Office of Inspector General,2005,Office of Inspector General,9438,REIMBURSEMENT - FFM,2000.00,2000.00,2000.00
LOCAL,0200,Water Fund,3,Office of Inspector General,2005,Office of Inspector General,0005,SALARIES AND WAGES - ON PAYROLL,1213850.00,1213850.00,1284308.00
LOCAL,0200,Water Fund,3,Office of Inspector General,2005,Office of Inspector General,0015,SCHEDULE SALARY ADJUSTMENTS,46761.00,46761.00,25395.00
LOCAL,0200,Water Fund,3,Office of Inspector General,2005,Office of Inspector General,0130,POSTAGE,251.00,251.00,222.00
LOCAL,0200,Water Fund,3,Office of Inspector General,2005,Office of Inspector General,0140,PROFESSIONAL AND TECHNICAL SERVICES,1268.00,1268.00,1240.00
LOCAL,0200,Water Fund,3,Office of Inspector General,2005,Office of Inspector General,0143,COURT REPORTING,9808.00,9808.00,9808.00
LOCAL,0200,Water Fund,3,Office of Inspector General,2005,Office of Inspector General,0149,SOFTWARE MAINTENANCE AND LICENSING,43980.00,43980.00,44232.00
LOCAL,0200,Water Fund,3,Office of Inspector General,2005,Office of Inspector General,0157,RENTAL EQUIPMENT AND SERVICES,7307.00,7307.00,9456.00
LOCAL,0200,Water Fund,3,Office of Inspector General,2005,Office of Inspector General,0159,LEASE/PURCHASE EQUIPMENT,1295.00,1295.00,1295.00
LOCAL,0200,Water Fund,3,Office of Inspector General,2005,Office of Inspector General,0162,REPAIR/MAINT EQUIPMENT,1632.00,1632.00,1632.00
LOCAL,0200,Water Fund,3,Office of Inspector General,2005,Office of Inspector General,0166,DUES  SUBSC & MEM,3179.00,3179.00,4044.00
LOCAL,0200,Water Fund,3,Office of Inspector General,2005,Office of Inspector General,0169,TECHNICAL MEETING COSTS,19200.00,19200.00,25433.00
LOCAL,0200,Water Fund,3,Office of Inspector General,2005,Office of Inspector General,0181,MOBILE COMMUNICATION SERVICES,3900.00,3900.00,2968.00
LOCAL,0200,Water Fund,3,Office of Inspector General,2005,Office of Inspector General,0189,TELEPHONE - NON-CENTREX BILLINGS,8103.00,8103.00,10283.00
LOCAL,0200,Water Fund,3,Office of Inspector General,2005,Office of Inspector General,0245,REIMBURSEMENT TO TRAVELERS,1124.00,1124.00,2420.00
LOCAL,0200,Water Fund,3,Office of Inspector General,2005,Office of Inspector General,0270,LOCAL TRANSPORTATION,692.00,692.00,520.00
LOCAL,0200,Water Fund,3,Office of Inspector General,2005,Office of Inspector General,0320,GASOLINE,386.00,386.00,391.00
LOCAL,0200,Water Fund,3,Office of Inspector General,2005,Office of Inspector General,0340,MATERIAL AND SUPPLIES,820.00,820.00,638.00
LOCAL,0200,Water Fund,3,Office of Inspector General,2005,Office of Inspector General,0348,BOOKS AND RELATED MATERIAL,288.00,288.00,393.00
LOCAL,0200,Water Fund,3,Office of Inspector General,2005,Office of Inspector General,0350,STATIONERY AND OFFICE SUPPLIES,3865.00,3865.00,2725.00
LOCAL,0200,Water Fund,3,Office of Inspector General,2005,Office of Inspector General,0700,CONTINGENCIES,1215.00,1215.00,1215.00
LOCAL,0314,Sewer Fund,3,Office of Inspector General,2005,Office of Inspector General,0005,SALARIES AND WAGES - ON PAYROLL,753923.00,753923.00,807013.00
LOCAL,0314,Sewer Fund,3,Office of Inspector General,2005,Office of Inspector General,0015,SCHEDULE SALARY ADJUSTMENTS,29883.00,29883.00,19811.00
LOCAL,0314,Sewer Fund,3,Office of Inspector General,2005,Office of Inspector General,0130,POSTAGE,142.00,142.00,126.00
LOCAL,0314,Sewer Fund,3,Office of Inspector General,2005,Office of Inspector General,0140,PROFESSIONAL AND TECHNICAL SERVICES,1269.00,1269.00,1241.00
LOCAL,0314,Sewer Fund,3,Office of Inspector General,2005,Office of Inspector General,0143,COURT REPORTING,9808.00,9808.00,9808.00
LOCAL,0314,Sewer Fund,3,Office of Inspector General,2005,Office of Inspector General,0149,SOFTWARE MAINTENANCE AND LICENSING,27715.00,27715.00,27806.00
LOCAL,0314,Sewer Fund,3,Office of Inspector General,2005,Office of Inspector General,0157,RENTAL EQUIPMENT AND SERVICES,5813.00,5813.00,7519.00
LOCAL,0314,Sewer Fund,3,Office of Inspector General,2005,Office of Inspector General,0159,LEASE/PURCHASE EQUIPMENT,601.00,601.00,601.00
LOCAL,0314,Sewer Fund,3,Office of Inspector General,2005,Office of Inspector General,0162,REPAIR/MAINT EQUIPMENT,54.00,54.00,54.00
LOCAL,0314,Sewer Fund,3,Office of Inspector General,2005,Office of Inspector General,0166,DUES  SUBSC & MEM,1384.00,1384.00,1761.00
LOCAL,0314,Sewer Fund,3,Office of Inspector General,2005,Office of Inspector General,0169,TECHNICAL MEETING COSTS,11200.00,11200.00,14836.00
LOCAL,0314,Sewer Fund,3,Office of Inspector General,2005,Office of Inspector General,0181,MOBILE COMMUNICATION SERVICES,2373.00,2373.00,1807.00
LOCAL,0314,Sewer Fund,3,Office of Inspector General,2005,Office of Inspector General,0189,TELEPHONE - NON-CENTREX BILLINGS,3277.00,3277.00,4162.00
LOCAL,0314,Sewer Fund,3,Office of Inspector General,2005,Office of Inspector General,0245,REIMBURSEMENT TO TRAVELERS,883.00,883.00,1900.00
LOCAL,0314,Sewer Fund,3,Office of Inspector General,2005,Office of Inspector General,0270,LOCAL TRANSPORTATION,428.00,428.00,320.00
LOCAL,0314,Sewer Fund,3,Office of Inspector General,2005,Office of Inspector General,0320,GASOLINE,386.00,386.00,391.00
LOCAL,0314,Sewer Fund,3,Office of Inspector General,2005,Office of Inspector General,0340,MATERIAL AND SUPPLIES,326.00,326.00,253.00
LOCAL,0314,Sewer Fund,3,Office of Inspector General,2005,Office of Inspector General,0348,BOOKS AND RELATED MATERIAL,173.00,173.00,235.00
LOCAL,0314,Sewer Fund,3,Office of Inspector General,2005,Office of Inspector General,0350,STATIONERY AND OFFICE SUPPLIES,1225.00,1225.00,863.00
LOCAL,0314,Sewer Fund,3,Office of Inspector General,2005,Office of Inspector General,0700,CONTINGENCIES,1725.00,1725.00,1725.00
LOCAL,0610,Chicago Midway Airport Fund,3,Office of Inspector General,2005,Office of Inspector General,0005,SALARIES AND WAGES - ON PAYROLL,220356.00,220356.00,221300.00
LOCAL,0610,Chicago Midway Airport Fund,3,Office of Inspector General,2005,Office of Inspector General,0015,SCHEDULE SALARY ADJUSTMENTS,2156.00,2156.00,9322.00
LOCAL,0610,Chicago Midway Airport Fund,3,Office of Inspector General,2005,Office of Inspector General,0130,POSTAGE,58.00,58.00,51.00
LOCAL,0610,Chicago Midway Airport Fund,3,Office of Inspector General,2005,Office of Inspector General,0140,PROFESSIONAL AND TECHNICAL SERVICES,847.00,847.00,827.00
LOCAL,0610,Chicago Midway Airport Fund,3,Office of Inspector General,2005,Office of Inspector General,0143,COURT REPORTING,6538.00,6538.00,6538.00
LOCAL,0610,Chicago Midway Airport Fund,3,Office of Inspector General,2005,Office of Inspector General,0149,SOFTWARE MAINTENANCE AND LICENSING,13883.00,13883.00,14006.00
LOCAL,0610,Chicago Midway Airport Fund,3,Office of Inspector General,2005,Office of Inspector General,0157,RENTAL EQUIPMENT AND SERVICES,3876.00,3876.00,5015.00
LOCAL,0610,Chicago Midway Airport Fund,3,Office of Inspector General,2005,Office of Inspector General,0159,LEASE/PURCHASE EQUIPMENT,254.00,254.00,254.00
LOCAL,0610,Chicago Midway Airport Fund,3,Office of Inspector General,2005,Office of Inspector General,0166,DUES  SUBSC & MEM,643.00,643.00,820.00
LOCAL,0610,Chicago Midway Airport Fund,3,Office of Inspector General,2005,Office of Inspector General,0169,TECHNICAL MEETING COSTS,4800.00,4800.00,6358.00
LOCAL,0610,Chicago Midway Airport Fund,3,Office of Inspector General,2005,Office of Inspector General,0181,MOBILE COMMUNICATION SERVICES,1071.00,1071.00,816.00
LOCAL,0610,Chicago Midway Airport Fund,3,Office of Inspector General,2005,Office of Inspector General,0189,TELEPHONE - NON-CENTREX BILLINGS,1552.00,1552.00,1969.00
LOCAL,0610,Chicago Midway Airport Fund,3,Office of Inspector General,2005,Office of Inspector General,0245,REIMBURSEMENT TO TRAVELERS,416.00,416.00,895.00
LOCAL,0610,Chicago Midway Airport Fund,3,Office of Inspector General,2005,Office of Inspector General,0270,LOCAL TRANSPORTATION,170.00,170.00,130.00
LOCAL,0610,Chicago Midway Airport Fund,3,Office of Inspector General,2005,Office of Inspector General,0320,GASOLINE,257.00,257.00,259.00
LOCAL,0610,Chicago Midway Airport Fund,3,Office of Inspector General,2005,Office of Inspector General,0340,MATERIAL AND SUPPLIES,135.00,135.00,105.00
LOCAL,0610,Chicago Midway Airport Fund,3,Office of Inspector General,2005,Office of Inspector General,0348,BOOKS AND RELATED MATERIAL,16.00,16.00,22.00
LOCAL,0610,Chicago Midway Airport Fund,3,Office of Inspector General,2005,Office of Inspector General,0350,STATIONERY AND OFFICE SUPPLIES,512.00,512.00,360.00
LOCAL,0740,Chicago O'Hare Airport Fund,3,Office of Inspector General,2005,Office of Inspector General,0005,SALARIES AND WAGES - ON PAYROLL,1156891.00,1156891.00,1206720.00
LOCAL,0740,Chicago O'Hare Airport Fund,3,Office of Inspector General,2005,Office of Inspector General,0015,SCHEDULE SALARY ADJUSTMENTS,11337.00,11337.00,22204.00
LOCAL,0740,Chicago O'Hare Airport Fund,3,Office of Inspector General,2005,Office of Inspector General,0130,POSTAGE,198.00,198.00,175.00
LOCAL,0740,Chicago O'Hare Airport Fund,3,Office of Inspector General,2005,Office of Inspector General,0140,PROFESSIONAL AND TECHNICAL SERVICES,2116.00,2116.00,2035.00
LOCAL,0740,Chicago O'Hare Airport Fund,3,Office of Inspector General,2005,Office of Inspector General,0143,COURT REPORTING,16346.00,16346.00,16346.00
LOCAL,0740,Chicago O'Hare Airport Fund,3,Office of Inspector General,2005,Office of Inspector General,0149,SOFTWARE MAINTENANCE AND LICENSING,33846.00,33846.00,34016.00
LOCAL,0740,Chicago O'Hare Airport Fund,3,Office of Inspector General,2005,Office of Inspector General,0157,RENTAL EQUIPMENT AND SERVICES,10187.00,10187.00,13181.00
LOCAL,0740,Chicago O'Hare Airport Fund,3,Office of Inspector General,2005,Office of Inspector General,0159,LEASE/PURCHASE EQUIPMENT,1109.00,1109.00,1109.00
LOCAL,0740,Chicago O'Hare Airport Fund,3,Office of Inspector General,2005,Office of Inspector General,0162,REPAIR/MAINT EQUIPMENT,65.00,65.00,65.00
LOCAL,0740,Chicago O'Hare Airport Fund,3,Office of Inspector General,2005,Office of Inspector General,0166,DUES  SUBSC & MEM,3092.00,3092.00,3941.00
LOCAL,0740,Chicago O'Hare Airport Fund,3,Office of Inspector General,2005,Office of Inspector General,0169,TECHNICAL MEETING COSTS,19200.00,19200.00,25433.00
LOCAL,0740,Chicago O'Hare Airport Fund,3,Office of Inspector General,2005,Office of Inspector General,0181,MOBILE COMMUNICATION SERVICES,3295.00,3295.00,2508.00
LOCAL,0740,Chicago O'Hare Airport Fund,3,Office of Inspector General,2005,Office of Inspector General,0189,TELEPHONE - NON-CENTREX BILLINGS,5983.00,5983.00,7589.00
LOCAL,0740,Chicago O'Hare Airport Fund,3,Office of Inspector General,2005,Office of Inspector General,0245,REIMBURSEMENT TO TRAVELERS,1592.00,1592.00,3425.00
LOCAL,0740,Chicago O'Hare Airport Fund,3,Office of Inspector General,2005,Office of Inspector General,0270,LOCAL TRANSPORTATION,745.00,745.00,560.00
LOCAL,0740,Chicago O'Hare Airport Fund,3,Office of Inspector General,2005,Office of Inspector General,0320,GASOLINE,642.00,642.00,649.00
LOCAL,0740,Chicago O'Hare Airport Fund,3,Office of Inspector General,2005,Office of Inspector General,0340,MATERIAL AND SUPPLIES,632.00,632.00,491.00
LOCAL,0740,Chicago O'Hare Airport Fund,3,Office of Inspector General,2005,Office of Inspector General,0348,BOOKS AND RELATED MATERIAL,160.00,160.00,218.00
LOCAL,0740,Chicago O'Hare Airport Fund,3,Office of Inspector General,2005,Office of Inspector General,0350,STATIONERY AND OFFICE SUPPLIES,2065.00,2065.00,1457.00
LOCAL,0100,Corporate Fund,5,Office of Budget and Management,2005,Office of Budget and Management,0005,SALARIES AND WAGES - ON PAYROLL,3759517.00,3759517.00,3769958.00
LOCAL,0100,Corporate Fund,5,Office of Budget and Management,2005,Office of Budget and Management,0015,SCHEDULE SALARY ADJUSTMENTS,87935.00,87935.00,78712.00
LOCAL,0100,Corporate Fund,5,Office of Budget and Management,2005,Office of Budget and Management,0039,STUDENT AS TRAINEES,37500.00,37500.00,0.00
LOCAL,0100,Corporate Fund,5,Office of Budget and Management,2005,Office of Budget and Management,0130,POSTAGE,1500.00,1500.00,200.00
LOCAL,0100,Corporate Fund,5,Office of Budget and Management,2005,Office of Budget and Management,0140,PROFESSIONAL AND TECHNICAL SERVICES,24500.00,24500.00,24500.00
LOCAL,0100,Corporate Fund,5,Office of Budget and Management,2005,Office of Budget and Management,0152,ADVERTISING,1000.00,1000.00,500.00
LOCAL,0100,Corporate Fund,5,Office of Budget and Management,2005,Office of Budget and Management,0157,RENTAL EQUIPMENT AND SERVICES,8000.00,8000.00,8000.00
LOCAL,0100,Corporate Fund,5,Office of Budget and Management,2005,Office of Budget and Management,0166,DUES  SUBSC & MEM,2000.00,2000.00,1728.00
LOCAL,0100,Corporate Fund,5,Office of Budget and Management,2005,Office of Budget and Management,0169,TECHNICAL MEETING COSTS,1000.00,1000.00,0.00
LOCAL,0100,Corporate Fund,5,Office of Budget and Management,2005,Office of Budget and Management,0229,TRANSPORTATION AND EXPENSE ALLOWANCE,9500.00,9500.00,0.00
LOCAL,0100,Corporate Fund,5,Office of Budget and Management,2005,Office of Budget and Management,0245,REIMBURSEMENT TO TRAVELERS,0.00,0.00,9400.00
LOCAL,0100,Corporate Fund,5,Office of Budget and Management,2005,Office of Budget and Management,0270,LOCAL TRANSPORTATION,500.00,500.00,600.00
LOCAL,0100,Corporate Fund,5,Office of Budget and Management,2005,Office of Budget and Management,0348,BOOKS AND RELATED MATERIAL,200.00,200.00,200.00
LOCAL,0100,Corporate Fund,5,Office of Budget and Management,2005,Office of Budget and Management,0350,STATIONERY AND OFFICE SUPPLIES,5400.00,5400.00,5400.00
LOCAL,0200,Water Fund,5,Office of Budget and Management,2005,Office of Budget and Management,0005,SALARIES AND WAGES - ON PAYROLL,262750.00,262750.00,287694.00
LOCAL,0200,Water Fund,5,Office of Budget and Management,2005,Office of Budget and Management,0015,SCHEDULE SALARY ADJUSTMENTS,14567.00,14567.00,9534.00
LOCAL,0200,Water Fund,5,Office of Budget and Management,2005,Office of Budget and Management,0140,PROFESSIONAL AND TECHNICAL SERVICES,1000.00,1000.00,1000.00
LOCAL,0B21,Tax Increment Financing Administration Fund,5,Office of Budget and Management,2005,Office of Budget and Management,0005,SALARIES AND WAGES - ON PAYROLL,302500.00,302500.00,291500.00
LOCAL,0B21,Tax Increment Financing Administration Fund,5,Office of Budget and Management,2005,Office of Budget and Management,0015,SCHEDULE SALARY ADJUSTMENTS,8783.00,8783.00,5542.00
LOCAL,0B21,Tax Increment Financing Administration Fund,5,Office of Budget and Management,2005,Office of Budget and Management,0140,PROFESSIONAL AND TECHNICAL SERVICES,1500.00,1500.00,1500.00
LOCAL,0100,Corporate Fund,6,Department of Technology and Innovation,2145,Bureau of Information Technology,0005,SALARIES AND WAGES - ON PAYROLL,1600849.00,1600849.00,0.00
LOCAL,0100,Corporate Fund,6,Department of Technology and Innovation,2145,Bureau of Information Technology,0015,SCHEDULE SALARY ADJUSTMENTS,38245.00,38245.00,0.00
LOCAL,0100,Corporate Fund,6,Department of Technology and Innovation,2145,Bureau of Information Technology,0138,IT MAINTENANCE,4641709.00,4641709.00,0.00
LOCAL,0100,Corporate Fund,6,Department of Technology and Innovation,2145,Bureau of Information Technology,0140,PROFESSIONAL AND TECHNICAL SERVICES,1453850.00,1453850.00,0.00
LOCAL,0100,Corporate Fund,6,Department of Technology and Innovation,2145,Bureau of Information Technology,0149,SOFTWARE MAINTENANCE AND LICENSING,14321643.00,14321643.00,0.00
LOCAL,0100,Corporate Fund,6,Department of Technology and Innovation,2145,Bureau of Information Technology,0162,REPAIR/MAINT EQUIPMENT,1919995.00,1919995.00,0.00
LOCAL,0100,Corporate Fund,6,Department of Technology and Innovation,2145,Bureau of Information Technology,0166,DUES  SUBSC & MEM,540542.00,540542.00,0.00
LOCAL,0100,Corporate Fund,6,Department of Technology and Innovation,2145,Bureau of Information Technology,0169,TECHNICAL MEETING COSTS,61672.00,61672.00,0.00
LOCAL,0100,Corporate Fund,6,Department of Technology and Innovation,2145,Bureau of Information Technology,0181,MOBILE COMMUNICATION SERVICES,1380668.00,1380668.00,0.00
LOCAL,0100,Corporate Fund,6,Department of Technology and Innovation,2145,Bureau of Information Technology,0188,VEHICLE TRACKING SERVICE,860906.00,860906.00,0.00
LOCAL,0100,Corporate Fund,6,Department of Technology and Innovation,2145,Bureau of Information Technology,0189,TELEPHONE - NON-CENTREX BILLINGS,109397.00,109397.00,0.00
LOCAL,0100,Corporate Fund,6,Department of Technology and Innovation,2145,Bureau of Information Technology,0190,TELEPHONE - CENTREX BILLINGS,1864730.00,1864730.00,0.00
LOCAL,0100,Corporate Fund,6,Department of Technology and Innovation,2145,Bureau of Information Technology,0196,DATA CIRCUITS,1010516.00,1010516.00,0.00
LOCAL,0100,Corporate Fund,6,Department of Technology and Innovation,2145,Bureau of Information Technology,0197,TELEPHONE - MAINTENANCE,200843.00,200843.00,0.00
LOCAL,0100,Corporate Fund,6,Department of Technology and Innovation,2145,Bureau of Information Technology,0340,MATERIAL AND SUPPLIES,10000.00,10000.00,0.00
LOCAL,0100,Corporate Fund,6,Department of Technology and Innovation,2145,Bureau of Information Technology,0348,BOOKS AND RELATED MATERIAL,5000.00,5000.00,0.00
LOCAL,0100,Corporate Fund,6,Department of Technology and Innovation,2145,Bureau of Information Technology,0350,STATIONERY AND OFFICE SUPPLIES,15000.00,15000.00,0.00
LOCAL,0100,Corporate Fund,6,Department of Technology and Innovation,2150,Bureau of Centralized Information Technology,0005,SALARIES AND WAGES - ON PAYROLL,11462481.00,11462481.00,9939828.00
LOCAL,0100,Corporate Fund,6,Department of Technology and Innovation,2150,Bureau of Centralized Information Technology,0015,SCHEDULE SALARY ADJUSTMENTS,1512.00,1512.00,206062.00
LOCAL,0100,Corporate Fund,6,Department of Technology and Innovation,2150,Bureau of Centralized Information Technology,0091,UNIFORM ALLOWANCE,0.00,0.00,10000.00
LOCAL,0100,Corporate Fund,6,Department of Technology and Innovation,2150,Bureau of Centralized Information Technology,0138,IT MAINTENANCE,0.00,0.00,5864901.00
LOCAL,0100,Corporate Fund,6,Department of Technology and Innovation,2150,Bureau of Centralized Information Technology,0140,PROFESSIONAL AND TECHNICAL SERVICES,0.00,0.00,777846.00
LOCAL,0100,Corporate Fund,6,Department of Technology and Innovation,2150,Bureau of Centralized Information Technology,0149,SOFTWARE MAINTENANCE AND LICENSING,0.00,0.00,15889227.00
LOCAL,0100,Corporate Fund,6,Department of Technology and Innovation,2150,Bureau of Centralized Information Technology,0162,REPAIR/MAINT EQUIPMENT,0.00,0.00,2956203.00
LOCAL,0100,Corporate Fund,6,Department of Technology and Innovation,2150,Bureau of Centralized Information Technology,0166,DUES  SUBSC & MEM,0.00,0.00,1001856.00
LOCAL,0100,Corporate Fund,6,Department of Technology and Innovation,2150,Bureau of Centralized Information Technology,0169,TECHNICAL MEETING COSTS,0.00,0.00,71700.00
LOCAL,0100,Corporate Fund,6,Department of Technology and Innovation,2150,Bureau of Centralized Information Technology,0181,MOBILE COMMUNICATION SERVICES,0.00,0.00,1755320.00
LOCAL,0100,Corporate Fund,6,Department of Technology and Innovation,2150,Bureau of Centralized Information Technology,0188,VEHICLE TRACKING SERVICE,0.00,0.00,1322051.00
LOCAL,0100,Corporate Fund,6,Department of Technology and Innovation,2150,Bureau of Centralized Information Technology,0189,TELEPHONE - NON-CENTREX BILLINGS,0.00,0.00,205403.00
LOCAL,0100,Corporate Fund,6,Department of Technology and Innovation,2150,Bureau of Centralized Information Technology,0190,TELEPHONE - CENTREX BILLINGS,0.00,0.00,1949219.00
LOCAL,0100,Corporate Fund,6,Department of Technology and Innovation,2150,Bureau of Centralized Information Technology,0196,DATA CIRCUITS,0.00,0.00,1410419.00
LOCAL,0100,Corporate Fund,6,Department of Technology and Innovation,2150,Bureau of Centralized Information Technology,0197,TELEPHONE - MAINTENANCE,0.00,0.00,225773.00
LOCAL,0100,Corporate Fund,6,Department of Technology and Innovation,2150,Bureau of Centralized Information Technology,0340,MATERIAL AND SUPPLIES,0.00,0.00,10000.00
LOCAL,0100,Corporate Fund,6,Department of Technology and Innovation,2150,Bureau of Centralized Information Technology,0350,STATIONERY AND OFFICE SUPPLIES,0.00,0.00,15000.00
LOCAL,0200,Water Fund,6,Department of Technology and Innovation,2145,Bureau of Information Technology,0138,IT MAINTENANCE,1674961.00,1674961.00,0.00
LOCAL,0200,Water Fund,6,Department of Technology and Innovation,2145,Bureau of Information Technology,0139,IT DEVELOPMENT,618000.00,618000.00,0.00
LOCAL,0200,Water Fund,6,Department of Technology and Innovation,2145,Bureau of Information Technology,0140,PROFESSIONAL AND TECHNICAL SERVICES,5805732.00,5805732.00,0.00
LOCAL,0200,Water Fund,6,Department of Technology and Innovation,2145,Bureau of Information Technology,0149,SOFTWARE MAINTENANCE AND LICENSING,647542.00,647542.00,0.00
LOCAL,0200,Water Fund,6,Department of Technology and Innovation,2145,Bureau of Information Technology,0162,REPAIR/MAINT EQUIPMENT,106561.00,106561.00,0.00
LOCAL,0200,Water Fund,6,Department of Technology and Innovation,2145,Bureau of Information Technology,0166,DUES  SUBSC & MEM,1874.00,1874.00,0.00
LOCAL,0200,Water Fund,6,Department of Technology and Innovation,2145,Bureau of Information Technology,0181,MOBILE COMMUNICATION SERVICES,174288.00,174288.00,0.00
LOCAL,0200,Water Fund,6,Department of Technology and Innovation,2145,Bureau of Information Technology,0188,VEHICLE TRACKING SERVICE,262255.00,262255.00,0.00
LOCAL,0200,Water Fund,6,Department of Technology and Innovation,2145,Bureau of Information Technology,0189,TELEPHONE - NON-CENTREX BILLINGS,19966.00,19966.00,0.00
LOCAL,0200,Water Fund,6,Department of Technology and Innovation,2145,Bureau of Information Technology,0190,TELEPHONE - CENTREX BILLINGS,201447.00,201447.00,0.00
LOCAL,0200,Water Fund,6,Department of Technology and Innovation,2145,Bureau of Information Technology,0196,DATA CIRCUITS,506330.00,506330.00,0.00
LOCAL,0200,Water Fund,6,Department of Technology and Innovation,2145,Bureau of Information Technology,0197,TELEPHONE - MAINTENANCE,30925.00,30925.00,0.00
LOCAL,0200,Water Fund,6,Department of Technology and Innovation,2150,Bureau of Centralized Information Technology,0138,IT MAINTENANCE,0.00,0.00,2571403.00
LOCAL,0200,Water Fund,6,Department of Technology and Innovation,2150,Bureau of Centralized Information Technology,0139,IT DEVELOPMENT,0.00,0.00,618000.00
LOCAL,0200,Water Fund,6,Department of Technology and Innovation,2150,Bureau of Centralized Information Technology,0140,PROFESSIONAL AND TECHNICAL SERVICES,0.00,0.00,5768046.00
LOCAL,0200,Water Fund,6,Department of Technology and Innovation,2150,Bureau of Centralized Information Technology,0149,SOFTWARE MAINTENANCE AND LICENSING,0.00,0.00,882393.00
LOCAL,0200,Water Fund,6,Department of Technology and Innovation,2150,Bureau of Centralized Information Technology,0162,REPAIR/MAINT EQUIPMENT,0.00,0.00,187419.00
LOCAL,0200,Water Fund,6,Department of Technology and Innovation,2150,Bureau of Centralized Information Technology,0166,DUES  SUBSC & MEM,0.00,0.00,2907.00
LOCAL,0200,Water Fund,6,Department of Technology and Innovation,2150,Bureau of Centralized Information Technology,0181,MOBILE COMMUNICATION SERVICES,0.00,0.00,111284.00
LOCAL,0200,Water Fund,6,Department of Technology and Innovation,2150,Bureau of Centralized Information Technology,0188,VEHICLE TRACKING SERVICE,0.00,0.00,83816.00
LOCAL,0200,Water Fund,6,Department of Technology and Innovation,2150,Bureau of Centralized Information Technology,0189,TELEPHONE - NON-CENTREX BILLINGS,0.00,0.00,13022.00
LOCAL,0200,Water Fund,6,Department of Technology and Innovation,2150,Bureau of Centralized Information Technology,0190,TELEPHONE - CENTREX BILLINGS,0.00,0.00,123577.00
LOCAL,0200,Water Fund,6,Department of Technology and Innovation,2150,Bureau of Centralized Information Technology,0196,DATA CIRCUITS,0.00,0.00,89418.00
LOCAL,0200,Water Fund,6,Department of Technology and Innovation,2150,Bureau of Centralized Information Technology,0197,TELEPHONE - MAINTENANCE,0.00,0.00,14314.00
LOCAL,0300,Vehicle Tax Fund,6,Department of Technology and Innovation,2145,Bureau of Information Technology,0138,IT MAINTENANCE,85228.00,85228.00,0.00
LOCAL,0300,Vehicle Tax Fund,6,Department of Technology and Innovation,2145,Bureau of Information Technology,0140,PROFESSIONAL AND TECHNICAL SERVICES,30713.00,30713.00,0.00
LOCAL,0300,Vehicle Tax Fund,6,Department of Technology and Innovation,2145,Bureau of Information Technology,0149,SOFTWARE MAINTENANCE AND LICENSING,272359.00,272359.00,0.00
LOCAL,0300,Vehicle Tax Fund,6,Department of Technology and Innovation,2145,Bureau of Information Technology,0162,REPAIR/MAINT EQUIPMENT,68760.00,68760.00,0.00
LOCAL,0300,Vehicle Tax Fund,6,Department of Technology and Innovation,2145,Bureau of Information Technology,0166,DUES  SUBSC & MEM,1209.00,1209.00,0.00
LOCAL,0300,Vehicle Tax Fund,6,Department of Technology and Innovation,2145,Bureau of Information Technology,0181,MOBILE COMMUNICATION SERVICES,289209.00,289209.00,0.00
LOCAL,0300,Vehicle Tax Fund,6,Department of Technology and Innovation,2145,Bureau of Information Technology,0188,VEHICLE TRACKING SERVICE,88065.00,88065.00,0.00
LOCAL,0300,Vehicle Tax Fund,6,Department of Technology and Innovation,2145,Bureau of Information Technology,0189,TELEPHONE - NON-CENTREX BILLINGS,2096.00,2096.00,0.00
LOCAL,0300,Vehicle Tax Fund,6,Department of Technology and Innovation,2145,Bureau of Information Technology,0190,TELEPHONE - CENTREX BILLINGS,96052.00,96052.00,0.00
LOCAL,0300,Vehicle Tax Fund,6,Department of Technology and Innovation,2145,Bureau of Information Technology,0196,DATA CIRCUITS,48148.00,48148.00,0.00
LOCAL,0300,Vehicle Tax Fund,6,Department of Technology and Innovation,2145,Bureau of Information Technology,0197,TELEPHONE - MAINTENANCE,7712.00,7712.00,0.00
LOCAL,0300,Vehicle Tax Fund,6,Department of Technology and Innovation,2150,Bureau of Centralized Information Technology,0138,IT MAINTENANCE,0.00,0.00,132382.00
LOCAL,0300,Vehicle Tax Fund,6,Department of Technology and Innovation,2150,Bureau of Centralized Information Technology,0140,PROFESSIONAL AND TECHNICAL SERVICES,0.00,0.00,6603.00
LOCAL,0300,Vehicle Tax Fund,6,Department of Technology and Innovation,2150,Bureau of Centralized Information Technology,0149,SOFTWARE MAINTENANCE AND LICENSING,0.00,0.00,402467.00
LOCAL,0300,Vehicle Tax Fund,6,Department of Technology and Innovation,2150,Bureau of Centralized Information Technology,0162,REPAIR/MAINT EQUIPMENT,0.00,0.00,109766.00
LOCAL,0300,Vehicle Tax Fund,6,Department of Technology and Innovation,2150,Bureau of Centralized Information Technology,0166,DUES  SUBSC & MEM,0.00,0.00,1703.00
LOCAL,0300,Vehicle Tax Fund,6,Department of Technology and Innovation,2150,Bureau of Centralized Information Technology,0181,MOBILE COMMUNICATION SERVICES,0.00,0.00,65176.00
LOCAL,0300,Vehicle Tax Fund,6,Department of Technology and Innovation,2150,Bureau of Centralized Information Technology,0188,VEHICLE TRACKING SERVICE,0.00,0.00,49088.00
LOCAL,0300,Vehicle Tax Fund,6,Department of Technology and Innovation,2150,Bureau of Centralized Information Technology,0189,TELEPHONE - NON-CENTREX BILLINGS,0.00,0.00,7627.00
LOCAL,0300,Vehicle Tax Fund,6,Department of Technology and Innovation,2150,Bureau of Centralized Information Technology,0190,TELEPHONE - CENTREX BILLINGS,0.00,0.00,72375.00
LOCAL,0300,Vehicle Tax Fund,6,Department of Technology and Innovation,2150,Bureau of Centralized Information Technology,0196,DATA CIRCUITS,0.00,0.00,52369.00
LOCAL,0300,Vehicle Tax Fund,6,Department of Technology and Innovation,2150,Bureau of Centralized Information Technology,0197,TELEPHONE - MAINTENANCE,0.00,0.00,8383.00
LOCAL,0314,Sewer Fund,6,Department of Technology and Innovation,2145,Bureau of Information Technology,0138,IT MAINTENANCE,41719.00,41719.00,0.00
LOCAL,0314,Sewer Fund,6,Department of Technology and Innovation,2145,Bureau of Information Technology,0140,PROFESSIONAL AND TECHNICAL SERVICES,15033.00,15033.00,0.00
LOCAL,0314,Sewer Fund,6,Department of Technology and Innovation,2145,Bureau of Information Technology,0149,SOFTWARE MAINTENANCE AND LICENSING,133311.00,133311.00,0.00
LOCAL,0314,Sewer Fund,6,Department of Technology and Innovation,2145,Bureau of Information Technology,0162,REPAIR/MAINT EQUIPMENT,33656.00,33656.00,0.00
LOCAL,0314,Sewer Fund,6,Department of Technology and Innovation,2145,Bureau of Information Technology,0166,DUES  SUBSC & MEM,592.00,592.00,0.00
LOCAL,0314,Sewer Fund,6,Department of Technology and Innovation,2145,Bureau of Information Technology,0188,VEHICLE TRACKING SERVICE,34123.00,34123.00,0.00
LOCAL,0314,Sewer Fund,6,Department of Technology and Innovation,2145,Bureau of Information Technology,0190,TELEPHONE - CENTREX BILLINGS,31602.00,31602.00,0.00
LOCAL,0314,Sewer Fund,6,Department of Technology and Innovation,2145,Bureau of Information Technology,0196,DATA CIRCUITS,17791.00,17791.00,0.00
LOCAL,0314,Sewer Fund,6,Department of Technology and Innovation,2150,Bureau of Centralized Information Technology,0138,IT MAINTENANCE,0.00,0.00,70829.00
LOCAL,0314,Sewer Fund,6,Department of Technology and Innovation,2150,Bureau of Centralized Information Technology,0140,PROFESSIONAL AND TECHNICAL SERVICES,0.00,0.00,3533.00
LOCAL,0314,Sewer Fund,6,Department of Technology and Innovation,2150,Bureau of Centralized Information Technology,0149,SOFTWARE MAINTENANCE AND LICENSING,0.00,0.00,226270.00
LOCAL,0314,Sewer Fund,6,Department of Technology and Innovation,2150,Bureau of Centralized Information Technology,0162,REPAIR/MAINT EQUIPMENT,0.00,0.00,58729.00
LOCAL,0314,Sewer Fund,6,Department of Technology and Innovation,2150,Bureau of Centralized Information Technology,0166,DUES  SUBSC & MEM,0.00,0.00,911.00
LOCAL,0314,Sewer Fund,6,Department of Technology and Innovation,2150,Bureau of Centralized Information Technology,0188,VEHICLE TRACKING SERVICE,0.00,0.00,26264.00
LOCAL,0314,Sewer Fund,6,Department of Technology and Innovation,2150,Bureau of Centralized Information Technology,0190,TELEPHONE - CENTREX BILLINGS,0.00,0.00,38724.00
LOCAL,0314,Sewer Fund,6,Department of Technology and Innovation,2150,Bureau of Centralized Information Technology,0196,DATA CIRCUITS,0.00,0.00,28020.00
LOCAL,0346,Library Fund,6,Department of Technology and Innovation,2145,Bureau of Information Technology,0181,MOBILE COMMUNICATION SERVICES,4344.00,4344.00,0.00
LOCAL,0346,Library Fund,6,Department of Technology and Innovation,2145,Bureau of Information Technology,0188,VEHICLE TRACKING SERVICE,6362.00,6362.00,0.00
LOCAL,0346,Library Fund,6,Department of Technology and Innovation,2145,Bureau of Information Technology,0189,TELEPHONE - NON-CENTREX BILLINGS,65539.00,65539.00,0.00
LOCAL,0346,Library Fund,6,Department of Technology and Innovation,2145,Bureau of Information Technology,0190,TELEPHONE - CENTREX BILLINGS,249000.00,249000.00,0.00
LOCAL,0346,Library Fund,6,Department of Technology and Innovation,2145,Bureau of Information Technology,0197,TELEPHONE - MAINTENANCE,13801.00,13801.00,0.00
LOCAL,0346,Library Fund,6,Department of Technology and Innovation,2150,Bureau of Centralized Information Technology,0181,MOBILE COMMUNICATION SERVICES,0.00,0.00,60133.00
LOCAL,0346,Library Fund,6,Department of Technology and Innovation,2150,Bureau of Centralized Information Technology,0188,VEHICLE TRACKING SERVICE,0.00,0.00,46740.00
LOCAL,0346,Library Fund,6,Department of Technology and Innovation,2150,Bureau of Centralized Information Technology,0189,TELEPHONE - NON-CENTREX BILLINGS,0.00,0.00,7262.00
LOCAL,0346,Library Fund,6,Department of Technology and Innovation,2150,Bureau of Centralized Information Technology,0190,TELEPHONE - CENTREX BILLINGS,0.00,0.00,68913.00
LOCAL,0346,Library Fund,6,Department of Technology and Innovation,2150,Bureau of Centralized Information Technology,0197,TELEPHONE - MAINTENANCE,0.00,0.00,7982.00
LOCAL,0355,Special Events and Municipal Hotel Operators' Occupation Tax Fund,6,Department of Technology and Innovation,2145,Bureau of Information Technology,0181,MOBILE COMMUNICATION SERVICES,9694.00,9694.00,0.00
LOCAL,0355,Special Events and Municipal Hotel Operators' Occupation Tax Fund,6,Department of Technology and Innovation,2145,Bureau of Information Technology,0188,VEHICLE TRACKING SERVICE,3470.00,3470.00,0.00
LOCAL,0355,Special Events and Municipal Hotel Operators' Occupation Tax Fund,6,Department of Technology and Innovation,2145,Bureau of Information Technology,0189,TELEPHONE - NON-CENTREX BILLINGS,37037.00,37037.00,0.00
LOCAL,0355,Special Events and Municipal Hotel Operators' Occupation Tax Fund,6,Department of Technology and Innovation,2145,Bureau of Information Technology,0190,TELEPHONE - CENTREX BILLINGS,45200.00,45200.00,0.00
LOCAL,0355,Special Events and Municipal Hotel Operators' Occupation Tax Fund,6,Department of Technology and Innovation,2145,Bureau of Information Technology,0197,TELEPHONE - MAINTENANCE,3963.00,3963.00,0.00
LOCAL,0355,Special Events and Municipal Hotel Operators' Occupation Tax Fund,6,Department of Technology and Innovation,2150,Bureau of Centralized Information Technology,0181,MOBILE COMMUNICATION SERVICES,0.00,0.00,5971.00
LOCAL,0355,Special Events and Municipal Hotel Operators' Occupation Tax Fund,6,Department of Technology and Innovation,2150,Bureau of Centralized Information Technology,0188,VEHICLE TRACKING SERVICE,0.00,0.00,4641.00
LOCAL,0355,Special Events and Municipal Hotel Operators' Occupation Tax Fund,6,Department of Technology and Innovation,2150,Bureau of Centralized Information Technology,0189,TELEPHONE - NON-CENTREX BILLINGS,0.00,0.00,721.00
LOCAL,0355,Special Events and Municipal Hotel Operators' Occupation Tax Fund,6,Department of Technology and Innovation,2150,Bureau of Centralized Information Technology,0190,TELEPHONE - CENTREX BILLINGS,0.00,0.00,6843.00
LOCAL,0355,Special Events and Municipal Hotel Operators' Occupation Tax Fund,6,Department of Technology and Innovation,2150,Bureau of Centralized Information Technology,0197,TELEPHONE - MAINTENANCE,0.00,0.00,793.00
LOCAL,0610,Chicago Midway Airport Fund,6,Department of Technology and Innovation,2145,Bureau of Information Technology,0188,VEHICLE TRACKING SERVICE,88488.00,88488.00,0.00
LOCAL,0610,Chicago Midway Airport Fund,6,Department of Technology and Innovation,2145,Bureau of Information Technology,0190,TELEPHONE - CENTREX BILLINGS,4073.00,4073.00,0.00
LOCAL,0610,Chicago Midway Airport Fund,6,Department of Technology and Innovation,2150,Bureau of Centralized Information Technology,0188,VEHICLE TRACKING SERVICE,0.00,0.00,27848.00
LOCAL,0610,Chicago Midway Airport Fund,6,Department of Technology and Innovation,2150,Bureau of Centralized Information Technology,0190,TELEPHONE - CENTREX BILLINGS,0.00,0.00,41058.00
LOCAL,0740,Chicago O'Hare Airport Fund,6,Department of Technology and Innovation,2145,Bureau of Information Technology,0188,VEHICLE TRACKING SERVICE,352796.00,352796.00,0.00
LOCAL,0740,Chicago O'Hare Airport Fund,6,Department of Technology and Innovation,2145,Bureau of Information Technology,0190,TELEPHONE - CENTREX BILLINGS,9147.00,9147.00,0.00
LOCAL,0740,Chicago O'Hare Airport Fund,6,Department of Technology and Innovation,2150,Bureau of Centralized Information Technology,0188,VEHICLE TRACKING SERVICE,0.00,0.00,136016.00
LOCAL,0740,Chicago O'Hare Airport Fund,6,Department of Technology and Innovation,2150,Bureau of Centralized Information Technology,0190,TELEPHONE - CENTREX BILLINGS,0.00,0.00,200541.00
LOCAL,0B21,Tax Increment Financing Administration Fund,6,Department of Technology and Innovation,2145,Bureau of Information Technology,0138,IT MAINTENANCE,7795.00,7795.00,0.00
LOCAL,0B21,Tax Increment Financing Administration Fund,6,Department of Technology and Innovation,2145,Bureau of Information Technology,0140,PROFESSIONAL AND TECHNICAL SERVICES,2809.00,2809.00,0.00
LOCAL,0B21,Tax Increment Financing Administration Fund,6,Department of Technology and Innovation,2145,Bureau of Information Technology,0149,SOFTWARE MAINTENANCE AND LICENSING,24915.00,24915.00,0.00
LOCAL,0B21,Tax Increment Financing Administration Fund,6,Department of Technology and Innovation,2145,Bureau of Information Technology,0162,REPAIR/MAINT EQUIPMENT,6289.00,6289.00,0.00
LOCAL,0B21,Tax Increment Financing Administration Fund,6,Department of Technology and Innovation,2145,Bureau of Information Technology,0166,DUES  SUBSC & MEM,111.00,111.00,0.00
LOCAL,0B21,Tax Increment Financing Administration Fund,6,Department of Technology and Innovation,2145,Bureau of Information Technology,0196,DATA CIRCUITS,3325.00,3325.00,0.00
LOCAL,0B21,Tax Increment Financing Administration Fund,6,Department of Technology and Innovation,2150,Bureau of Centralized Information Technology,0138,IT MAINTENANCE,0.00,0.00,14873.00
LOCAL,0B21,Tax Increment Financing Administration Fund,6,Department of Technology and Innovation,2150,Bureau of Centralized Information Technology,0140,PROFESSIONAL AND TECHNICAL SERVICES,0.00,0.00,742.00
LOCAL,0B21,Tax Increment Financing Administration Fund,6,Department of Technology and Innovation,2150,Bureau of Centralized Information Technology,0149,SOFTWARE MAINTENANCE AND LICENSING,0.00,0.00,44783.00
LOCAL,0B21,Tax Increment Financing Administration Fund,6,Department of Technology and Innovation,2150,Bureau of Centralized Information Technology,0162,REPAIR/MAINT EQUIPMENT,0.00,0.00,12333.00
LOCAL,0B21,Tax Increment Financing Administration Fund,6,Department of Technology and Innovation,2150,Bureau of Centralized Information Technology,0166,DUES  SUBSC & MEM,0.00,0.00,191.00
LOCAL,0B21,Tax Increment Financing Administration Fund,6,Department of Technology and Innovation,2150,Bureau of Centralized Information Technology,0196,DATA CIRCUITS,0.00,0.00,5884.00
LOCAL,0100,Corporate Fund,15,City Council,2005,City Council,0005,SALARIES AND WAGES - ON PAYROLL,7742238.00,7742238.00,6949278.00
LOCAL,0100,Corporate Fund,15,City Council,2005,City Council,0017,WARD STAFF WAGE ALLOWANCE,15000000.00,15640850.00,0.00
LOCAL,0100,Corporate Fund,15,City Council,2005,City Council,0039,STUDENT AS TRAINEES,276500.00,276500.00,276500.00
LOCAL,0100,Corporate Fund,15,City Council,2005,City Council,0126,OFFICE CONVENIENCES,1000.00,1000.00,1000.00
LOCAL,0100,Corporate Fund,15,City Council,2005,City Council,0157,RENTAL EQUIPMENT AND SERVICES,27000.00,27000.00,27000.00
LOCAL,0100,Corporate Fund,15,City Council,2005,City Council,0165,GRAPHIC DESIGN SERV,1500.00,1500.00,1500.00
LOCAL,0100,Corporate Fund,15,City Council,2005,City Council,0340,MATERIAL AND SUPPLIES,7000.00,7000.00,7000.00
LOCAL,0100,Corporate Fund,15,City Council,2005,City Council,0700,CONTINGENCIES,5000.00,5000.00,5000.00
LOCAL,0100,Corporate Fund,15,City Council,2005,City Council,0982,RECOGNITION FOR HEROSIM,1000.00,1000.00,1000.00
LOCAL,0100,Corporate Fund,15,City Council,2005,City Council,9008,Aldermanic Expense Allowance for Ordinary and Necessary Expenses Incurred in Connection with the Performance of an Alderman's Official Duties. Warrant...,6100000.00,5459150.00,0.00
LOCAL,0100,Corporate Fund,15,City Council,2005,City Council,9072,Contingent and Other Expenses for Corporate Purposes Not Otherwise Provided For. To Be Expended Under the Direction of the President Pro Tempore ...,4000.00,4000.00,4000.00
LOCAL,0100,Corporate Fund,15,City Council,2010,Committee on Finance,0000,PERSONNEL SERVICES,821208.00,821208.00,845844.00
LOCAL,0100,Corporate Fund,15,City Council,2010,Committee on Finance,0130,POSTAGE,3000.00,3000.00,3000.00
LOCAL,0100,Corporate Fund,15,City Council,2010,Committee on Finance,0140,PROFESSIONAL AND TECHNICAL SERVICES,61520.00,61520.00,61520.00
LOCAL,0100,Corporate Fund,15,City Council,2010,Committee on Finance,0143,COURT REPORTING,60000.00,60000.00,60000.00
LOCAL,0100,Corporate Fund,15,City Council,2010,Committee on Finance,0157,RENTAL EQUIPMENT AND SERVICES,65000.00,65000.00,65000.00
LOCAL,0100,Corporate Fund,15,City Council,2010,Committee on Finance,0166,DUES  SUBSC & MEM,3000.00,3000.00,3000.00
LOCAL,0100,Corporate Fund,15,City Council,2010,Committee on Finance,0169,TECHNICAL MEETING COSTS,1500.00,1500.00,1500.00
LOCAL,0100,Corporate Fund,15,City Council,2010,Committee on Finance,0229,TRANSPORTATION AND EXPENSE ALLOWANCE,4000.00,4000.00,4000.00
LOCAL,0100,Corporate Fund,15,City Council,2010,Committee on Finance,0340,MATERIAL AND SUPPLIES,3500.00,3500.00,3500.00
LOCAL,0100,Corporate Fund,15,City Council,2010,Committee on Finance,0348,BOOKS AND RELATED MATERIAL,3000.00,3000.00,3000.00
LOCAL,0100,Corporate Fund,15,City Council,2010,Committee on Finance,0350,STATIONERY AND OFFICE SUPPLIES,35000.00,35000.00,35000.00
LOCAL,0100,Corporate Fund,15,City Council,2010,Committee on Finance,0700,CONTINGENCIES,2000.00,2000.00,2000.00
LOCAL,0100,Corporate Fund,15,City Council,2010,Committee on Finance,9005,LEGAL FEES - COMMITTE ON FINANCE,50000.00,50000.00,50000.00
LOCAL,0100,Corporate Fund,15,City Council,2010,Committee on Finance,9006,LEGAL ASSISTANCE - COMMITTEE ON FINANCE,50000.00,50000.00,50000.00
LOCAL,0100,Corporate Fund,15,City Council,2010,Committee on Finance,9010,For Legal  Technical  Medical and Professional Services  Appraisals  Consultants  Printers  Court Reporters  and Other Incidental Contractual Services...,35500.00,35500.00,35500.00
LOCAL,0100,Corporate Fund,15,City Council,2012,Council Office of Financial Analysis,0005,SALARIES AND WAGES - ON PAYROLL,293592.00,293592.00,273879.00
LOCAL,0100,Corporate Fund,15,City Council,2012,Council Office of Financial Analysis,0100,CONTRACTUAL SERVICES,30000.00,30000.00,30000.00
LOCAL,0100,Corporate Fund,15,City Council,2012,Council Office of Financial Analysis,0700,CONTINGENCIES,32644.00,32644.00,32644.00
LOCAL,0100,Corporate Fund,15,City Council,2214,Committee on the Budget and Government Operations,0000,PERSONNEL SERVICES,378852.00,378852.00,390218.00
LOCAL,0100,Corporate Fund,15,City Council,2214,Committee on the Budget and Government Operations,0100,CONTRACTUAL SERVICES,15000.00,15000.00,15000.00
LOCAL,0100,Corporate Fund,15,City Council,2214,Committee on the Budget and Government Operations,0300,COMMODITIES AND MATERIALS,12000.00,12000.00,12000.00
LOCAL,0100,Corporate Fund,15,City Council,2214,Committee on the Budget and Government Operations,0400,EQUIPMENT,9500.00,9500.00,9500.00
LOCAL,0100,Corporate Fund,15,City Council,2214,Committee on the Budget and Government Operations,0700,CONTINGENCIES,15000.00,15000.00,15000.00
LOCAL,0100,Corporate Fund,15,City Council,2216,Committee on Contracting  Oversight  and Equity,0000,PERSONNEL SERVICES,211644.00,211644.00,217993.00
LOCAL,0100,Corporate Fund,15,City Council,2216,Committee on Contracting  Oversight  and Equity,0100,CONTRACTUAL SERVICES,1500.00,1500.00,1500.00
LOCAL,0100,Corporate Fund,15,City Council,2220,Committee on Aviation,0000,PERSONNEL SERVICES,200508.00,200508.00,0.00
LOCAL,0100,Corporate Fund,15,City Council,2220,Committee on Aviation,0100,CONTRACTUAL SERVICES,200.00,200.00,0.00
LOCAL,0100,Corporate Fund,15,City Council,2220,Committee on Aviation,0300,COMMODITIES AND MATERIALS,500.00,500.00,0.00
LOCAL,0100,Corporate Fund,15,City Council,2220,Committee on Aviation,0700,CONTINGENCIES,750.00,750.00,0.00
LOCAL,0100,Corporate Fund,15,City Council,2225,Committee on License and Consumer Protection,0000,PERSONNEL SERVICES,159852.00,170352.00,175148.00
LOCAL,0100,Corporate Fund,15,City Council,2225,Committee on License and Consumer Protection,0100,CONTRACTUAL SERVICES,46500.00,36000.00,36000.00
LOCAL,0100,Corporate Fund,15,City Council,2225,Committee on License and Consumer Protection,0300,COMMODITIES AND MATERIALS,1500.00,1500.00,1500.00
LOCAL,0100,Corporate Fund,15,City Council,2235,Committee on Public Safety,0000,PERSONNEL SERVICES,235376.00,235376.00,242437.00
LOCAL,0100,Corporate Fund,15,City Council,2235,Committee on Public Safety,0100,CONTRACTUAL SERVICES,1000.00,1000.00,1000.00
LOCAL,0100,Corporate Fund,15,City Council,2235,Committee on Public Safety,0300,COMMODITIES AND MATERIALS,1000.00,1000.00,1000.00
LOCAL,0100,Corporate Fund,15,City Council,2235,Committee on Public Safety,0700,CONTINGENCIES,500.00,500.00,500.00
LOCAL,0100,Corporate Fund,15,City Council,2236,Committee on Police and Fire,0000,PERSONNEL SERVICES,269603.00,269603.00,277691.00
LOCAL,0100,Corporate Fund,15,City Council,2236,Committee on Police and Fire,0100,CONTRACTUAL SERVICES,1000.00,1000.00,1000.00
LOCAL,0100,Corporate Fund,15,City Council,2236,Committee on Police and Fire,0300,COMMODITIES AND MATERIALS,1000.00,1000.00,1000.00
LOCAL,0100,Corporate Fund,15,City Council,2236,Committee on Police and Fire,0700,CONTINGENCIES,500.00,500.00,500.00
LOCAL,0100,Corporate Fund,15,City Council,2245,Committee on Committees and Rules,0000,PERSONNEL SERVICES,142830.00,142830.00,147115.00
LOCAL,0100,Corporate Fund,15,City Council,2245,Committee on Committees and Rules,0100,CONTRACTUAL SERVICES,20000.00,20000.00,20000.00
LOCAL,0100,Corporate Fund,15,City Council,2245,Committee on Committees and Rules,0300,COMMODITIES AND MATERIALS,500.00,500.00,500.00
LOCAL,0100,Corporate Fund,15,City Council,2255,Committee on Economic  Capital and Technology Development,0000,PERSONNEL SERVICES,428868.00,428868.00,441734.00
LOCAL,0100,Corporate Fund,15,City Council,2255,Committee on Economic  Capital and Technology Development,0100,CONTRACTUAL SERVICES,1000.00,1000.00,1000.00
LOCAL,0100,Corporate Fund,15,City Council,2255,Committee on Economic  Capital and Technology Development,0300,COMMODITIES AND MATERIALS,500.00,500.00,500.00
LOCAL,0100,Corporate Fund,15,City Council,2255,Committee on Economic  Capital and Technology Development,0700,CONTINGENCIES,1000.00,1000.00,1000.00
LOCAL,0100,Corporate Fund,15,City Council,2257,Committee on Environmental Protection and Energy,0000,PERSONNEL SERVICES,228582.00,228582.00,235439.00
LOCAL,0100,Corporate Fund,15,City Council,2257,Committee on Environmental Protection and Energy,0300,COMMODITIES AND MATERIALS,800.00,800.00,800.00
LOCAL,0100,Corporate Fund,15,City Council,2258,Committee on Ethics and Government Oversight,0000,PERSONNEL SERVICES,201842.00,202742.00,207897.00
LOCAL,0100,Corporate Fund,15,City Council,2258,Committee on Ethics and Government Oversight,0300,COMMODITIES AND MATERIALS,1500.00,600.00,1500.00
LOCAL,0100,Corporate Fund,15,City Council,2260,Committee on Education and Child Development,0000,PERSONNEL SERVICES,187573.00,187573.00,193200.00
LOCAL,0100,Corporate Fund,15,City Council,2260,Committee on Education and Child Development,0100,CONTRACTUAL SERVICES,3000.00,3000.00,3000.00
LOCAL,0100,Corporate Fund,15,City Council,2260,Committee on Education and Child Development,0700,CONTINGENCIES,2000.00,2000.00,2000.00
LOCAL,0100,Corporate Fund,15,City Council,2275,Committee on Zoning  Landmarks and Building Standards,0000,PERSONNEL SERVICES,356342.00,356342.00,367032.00
LOCAL,0100,Corporate Fund,15,City Council,2275,Committee on Zoning  Landmarks and Building Standards,0100,CONTRACTUAL SERVICES,74700.00,74700.00,74700.00
LOCAL,0100,Corporate Fund,15,City Council,2275,Committee on Zoning  Landmarks and Building Standards,0300,COMMODITIES AND MATERIALS,15300.00,15300.00,15300.00
LOCAL,0100,Corporate Fund,15,City Council,2277,Committee on Health and Human Relations,0000,PERSONNEL SERVICES,194670.00,194670.00,200510.00
LOCAL,0100,Corporate Fund,15,City Council,2277,Committee on Health and Human Relations,0100,CONTRACTUAL SERVICES,7000.00,0.00,7000.00
LOCAL,0100,Corporate Fund,15,City Council,2277,Committee on Health and Human Relations,0300,COMMODITIES AND MATERIALS,4000.00,11000.00,4000.00
LOCAL,0100,Corporate Fund,15,City Council,2278,Committee on Immigrant and Refugee Rights,0000,PERSONNEL SERVICES,252610.00,252610.00,260188.00
LOCAL,0100,Corporate Fund,15,City Council,2278,Committee on Immigrant and Refugee Rights,0100,CONTRACTUAL SERVICES,20000.00,20000.00,20000.00
LOCAL,0100,Corporate Fund,15,City Council,2278,Committee on Immigrant and Refugee Rights,0300,COMMODITIES AND MATERIALS,3000.00,3000.00,3000.00
LOCAL,0100,Corporate Fund,15,City Council,2280,Committee on Housing and Real Estate,0000,PERSONNEL SERVICES,227365.00,227365.00,237186.00
LOCAL,0100,Corporate Fund,15,City Council,2280,Committee on Housing and Real Estate,0300,COMMODITIES AND MATERIALS,8000.00,8000.00,5000.00
LOCAL,0100,Corporate Fund,15,City Council,2290,Committee on Workforce Development and Audit,0000,PERSONNEL SERVICES,414215.00,403215.00,426641.00
LOCAL,0100,Corporate Fund,15,City Council,2290,Committee on Workforce Development and Audit,0100,CONTRACTUAL SERVICES,2980.00,2980.00,2980.00
LOCAL,0100,Corporate Fund,15,City Council,2290,Committee on Workforce Development and Audit,0300,COMMODITIES AND MATERIALS,5000.00,16000.00,5000.00
LOCAL,0100,Corporate Fund,15,City Council,2295,Legislative Reference Bureau,0000,PERSONNEL SERVICES,402143.00,402143.00,414207.00
LOCAL,0100,Corporate Fund,15,City Council,2295,Legislative Reference Bureau,0100,CONTRACTUAL SERVICES,3000.00,3000.00,3000.00
LOCAL,0100,Corporate Fund,15,City Council,2295,Legislative Reference Bureau,0300,COMMODITIES AND MATERIALS,13000.00,13000.00,13000.00
LOCAL,0100,Corporate Fund,15,City Council,2296,Vice Mayor,0000,PERSONNEL SERVICES,409755.00,409755.00,422048.00
LOCAL,0100,Corporate Fund,15,City Council,2296,Vice Mayor,0100,CONTRACTUAL SERVICES,10000.00,10000.00,10000.00
LOCAL,0100,Corporate Fund,15,City Council,2301,1st Ward Council Office,0000,PERSONNEL SERVICES,0.00,0.00,309000.00
LOCAL,0100,Corporate Fund,15,City Council,2301,1st Ward Council Office,9000,PURPOSES AS SPECIFIED,0.00,0.00,122000.00
LOCAL,0100,Corporate Fund,15,City Council,2302,2nd Ward Council Office,0000,PERSONNEL SERVICES,0.00,0.00,309000.00
LOCAL,0100,Corporate Fund,15,City Council,2302,2nd Ward Council Office,9000,PURPOSES AS SPECIFIED,0.00,0.00,122000.00
LOCAL,0100,Corporate Fund,15,City Council,2303,3rd Ward Council Office,0000,PERSONNEL SERVICES,0.00,0.00,309000.00
LOCAL,0100,Corporate Fund,15,City Council,2303,3rd Ward Council Office,9000,PURPOSES AS SPECIFIED,0.00,0.00,122000.00
LOCAL,0100,Corporate Fund,15,City Council,2304,4th Ward Council Office,0000,PERSONNEL SERVICES,0.00,0.00,309000.00
LOCAL,0100,Corporate Fund,15,City Council,2304,4th Ward Council Office,9000,PURPOSES AS SPECIFIED,0.00,0.00,122000.00
LOCAL,0100,Corporate Fund,15,City Council,2305,5th Ward Council Office,0000,PERSONNEL SERVICES,0.00,0.00,309000.00
LOCAL,0100,Corporate Fund,15,City Council,2305,5th Ward Council Office,9000,PURPOSES AS SPECIFIED,0.00,0.00,122000.00
LOCAL,0100,Corporate Fund,15,City Council,2306,6th Ward Council Office,0000,PERSONNEL SERVICES,0.00,0.00,309000.00
LOCAL,0100,Corporate Fund,15,City Council,2306,6th Ward Council Office,9000,PURPOSES AS SPECIFIED,0.00,0.00,122000.00
LOCAL,0100,Corporate Fund,15,City Council,2307,7th Ward Council Office,0000,PERSONNEL SERVICES,0.00,0.00,309000.00
LOCAL,0100,Corporate Fund,15,City Council,2307,7th Ward Council Office,9000,PURPOSES AS SPECIFIED,0.00,0.00,122000.00
LOCAL,0100,Corporate Fund,15,City Council,2308,8th Ward Council Office,0000,PERSONNEL SERVICES,0.00,0.00,309000.00
LOCAL,0100,Corporate Fund,15,City Council,2308,8th Ward Council Office,9000,PURPOSES AS SPECIFIED,0.00,0.00,122000.00
LOCAL,0100,Corporate Fund,15,City Council,2309,9th Ward Council Office,0000,PERSONNEL SERVICES,0.00,0.00,309000.00
LOCAL,0100,Corporate Fund,15,City Council,2309,9th Ward Council Office,9000,PURPOSES AS SPECIFIED,0.00,0.00,122000.00
LOCAL,0100,Corporate Fund,15,City Council,2310,10th Ward Council Office,0000,PERSONNEL SERVICES,0.00,0.00,309000.00
LOCAL,0100,Corporate Fund,15,City Council,2310,10th Ward Council Office,9000,PURPOSES AS SPECIFIED,0.00,0.00,122000.00
LOCAL,0100,Corporate Fund,15,City Council,2311,11th Ward Council Office,0000,PERSONNEL SERVICES,0.00,0.00,309000.00
LOCAL,0100,Corporate Fund,15,City Council,2311,11th Ward Council Office,9000,PURPOSES AS SPECIFIED,0.00,0.00,122000.00
LOCAL,0100,Corporate Fund,15,City Council,2312,12th Ward Council Office,0000,PERSONNEL SERVICES,0.00,0.00,309000.00
LOCAL,0100,Corporate Fund,15,City Council,2312,12th Ward Council Office,9000,PURPOSES AS SPECIFIED,0.00,0.00,122000.00
LOCAL,0100,Corporate Fund,15,City Council,2313,13th Ward Council Office,0000,PERSONNEL SERVICES,0.00,0.00,309000.00
LOCAL,0100,Corporate Fund,15,City Council,2313,13th Ward Council Office,9000,PURPOSES AS SPECIFIED,0.00,0.00,122000.00
LOCAL,0100,Corporate Fund,15,City Council,2314,14th Ward Council Office,0000,PERSONNEL SERVICES,0.00,0.00,309000.00
LOCAL,0100,Corporate Fund,15,City Council,2314,14th Ward Council Office,9000,PURPOSES AS SPECIFIED,0.00,0.00,122000.00
LOCAL,0100,Corporate Fund,15,City Council,2315,15th Ward Council Office,0000,PERSONNEL SERVICES,0.00,0.00,309000.00
LOCAL,0100,Corporate Fund,15,City Council,2315,15th Ward Council Office,9000,PURPOSES AS SPECIFIED,0.00,0.00,122000.00
LOCAL,0100,Corporate Fund,15,City Council,2316,16th Ward Council Office,0000,PERSONNEL SERVICES,0.00,0.00,309000.00
LOCAL,0100,Corporate Fund,15,City Council,2316,16th Ward Council Office,9000,PURPOSES AS SPECIFIED,0.00,0.00,122000.00
LOCAL,0100,Corporate Fund,15,City Council,2317,17th Ward Council Office,0000,PERSONNEL SERVICES,0.00,0.00,309000.00
LOCAL,0100,Corporate Fund,15,City Council,2317,17th Ward Council Office,9000,PURPOSES AS SPECIFIED,0.00,0.00,122000.00
LOCAL,0100,Corporate Fund,15,City Council,2318,18th Ward Council Office,0000,PERSONNEL SERVICES,0.00,0.00,309000.00
LOCAL,0100,Corporate Fund,15,City Council,2318,18th Ward Council Office,9000,PURPOSES AS SPECIFIED,0.00,0.00,122000.00
LOCAL,0100,Corporate Fund,15,City Council,2319,19th Ward Council Office,0000,PERSONNEL SERVICES,0.00,0.00,309000.00
LOCAL,0100,Corporate Fund,15,City Council,2319,19th Ward Council Office,9000,PURPOSES AS SPECIFIED,0.00,0.00,122000.00
LOCAL,0100,Corporate Fund,15,City Council,2320,20th Ward Council Office,0000,PERSONNEL SERVICES,0.00,0.00,309000.00
LOCAL,0100,Corporate Fund,15,City Council,2320,20th Ward Council Office,9000,PURPOSES AS SPECIFIED,0.00,0.00,122000.00
LOCAL,0100,Corporate Fund,15,City Council,2321,21st Ward Council Office,0000,PERSONNEL SERVICES,0.00,0.00,309000.00
LOCAL,0100,Corporate Fund,15,City Council,2321,21st Ward Council Office,9000,PURPOSES AS SPECIFIED,0.00,0.00,122000.00
LOCAL,0100,Corporate Fund,15,City Council,2322,22nd Ward Council Office,0000,PERSONNEL SERVICES,0.00,0.00,309000.00
LOCAL,0100,Corporate Fund,15,City Council,2322,22nd Ward Council Office,9000,PURPOSES AS SPECIFIED,0.00,0.00,122000.00
LOCAL,0100,Corporate Fund,15,City Council,2323,23rd Ward Council Office,0000,PERSONNEL SERVICES,0.00,0.00,309000.00
LOCAL,0100,Corporate Fund,15,City Council,2323,23rd Ward Council Office,9000,PURPOSES AS SPECIFIED,0.00,0.00,122000.00
LOCAL,0100,Corporate Fund,15,City Council,2324,24th Ward Council Office,0000,PERSONNEL SERVICES,0.00,0.00,309000.00
LOCAL,0100,Corporate Fund,15,City Council,2324,24th Ward Council Office,9000,PURPOSES AS SPECIFIED,0.00,0.00,122000.00
LOCAL,0100,Corporate Fund,15,City Council,2325,25th Ward Council Office,0000,PERSONNEL SERVICES,0.00,0.00,309000.00
LOCAL,0100,Corporate Fund,15,City Council,2325,25th Ward Council Office,9000,PURPOSES AS SPECIFIED,0.00,0.00,122000.00
LOCAL,0100,Corporate Fund,15,City Council,2326,26th Ward Council Office,0000,PERSONNEL SERVICES,0.00,0.00,309000.00
LOCAL,0100,Corporate Fund,15,City Council,2326,26th Ward Council Office,9000,PURPOSES AS SPECIFIED,0.00,0.00,122000.00
LOCAL,0100,Corporate Fund,15,City Council,2327,27th Ward Council Office,0000,PERSONNEL SERVICES,0.00,0.00,309000.00
LOCAL,0100,Corporate Fund,15,City Council,2327,27th Ward Council Office,9000,PURPOSES AS SPECIFIED,0.00,0.00,122000.00
LOCAL,0100,Corporate Fund,15,City Council,2328,28th Ward Council Office,0000,PERSONNEL SERVICES,0.00,0.00,309000.00
LOCAL,0100,Corporate Fund,15,City Council,2328,28th Ward Council Office,9000,PURPOSES AS SPECIFIED,0.00,0.00,122000.00
LOCAL,0100,Corporate Fund,15,City Council,2329,29th Ward Council Office,0000,PERSONNEL SERVICES,0.00,0.00,309000.00
LOCAL,0100,Corporate Fund,15,City Council,2329,29th Ward Council Office,9000,PURPOSES AS SPECIFIED,0.00,0.00,122000.00
LOCAL,0100,Corporate Fund,15,City Council,2330,30th Ward Council Office,0000,PERSONNEL SERVICES,0.00,0.00,309000.00
LOCAL,0100,Corporate Fund,15,City Council,2330,30th Ward Council Office,9000,PURPOSES AS SPECIFIED,0.00,0.00,122000.00
LOCAL,0100,Corporate Fund,15,City Council,2331,31st Ward Council Office,0000,PERSONNEL SERVICES,0.00,0.00,309000.00
LOCAL,0100,Corporate Fund,15,City Council,2331,31st Ward Council Office,9000,PURPOSES AS SPECIFIED,0.00,0.00,122000.00
LOCAL,0100,Corporate Fund,15,City Council,2332,32nd Ward Council Office,0000,PERSONNEL SERVICES,0.00,0.00,309000.00
LOCAL,0100,Corporate Fund,15,City Council,2332,32nd Ward Council Office,9000,PURPOSES AS SPECIFIED,0.00,0.00,122000.00
LOCAL,0100,Corporate Fund,15,City Council,2333,33rd Ward Council Office,0000,PERSONNEL SERVICES,0.00,0.00,309000.00
LOCAL,0100,Corporate Fund,15,City Council,2333,33rd Ward Council Office,9000,PURPOSES AS SPECIFIED,0.00,0.00,122000.00
LOCAL,0100,Corporate Fund,15,City Council,2334,34th Ward Council Office,0000,PERSONNEL SERVICES,0.00,0.00,309000.00
LOCAL,0100,Corporate Fund,15,City Council,2334,34th Ward Council Office,9000,PURPOSES AS SPECIFIED,0.00,0.00,122000.00
LOCAL,0100,Corporate Fund,15,City Council,2335,35th Ward Council Office,0000,PERSONNEL SERVICES,0.00,0.00,309000.00
LOCAL,0100,Corporate Fund,15,City Council,2335,35th Ward Council Office,9000,PURPOSES AS SPECIFIED,0.00,0.00,122000.00
LOCAL,0100,Corporate Fund,15,City Council,2336,36th Ward Council Office,0000,PERSONNEL SERVICES,0.00,0.00,309000.00
LOCAL,0100,Corporate Fund,15,City Council,2336,36th Ward Council Office,9000,PURPOSES AS SPECIFIED,0.00,0.00,122000.00
LOCAL,0100,Corporate Fund,15,City Council,2337,37th Ward Council Office,0000,PERSONNEL SERVICES,0.00,0.00,309000.00
LOCAL,0100,Corporate Fund,15,City Council,2337,37th Ward Council Office,9000,PURPOSES AS SPECIFIED,0.00,0.00,122000.00
LOCAL,0100,Corporate Fund,15,City Council,2338,38th Ward Council Office,0000,PERSONNEL SERVICES,0.00,0.00,309000.00
LOCAL,0100,Corporate Fund,15,City Council,2338,38th Ward Council Office,9000,PURPOSES AS SPECIFIED,0.00,0.00,122000.00
LOCAL,0100,Corporate Fund,15,City Council,2339,39th Ward Council Office,0000,PERSONNEL SERVICES,0.00,0.00,309000.00
LOCAL,0100,Corporate Fund,15,City Council,2339,39th Ward Council Office,9000,PURPOSES AS SPECIFIED,0.00,0.00,122000.00
LOCAL,0100,Corporate Fund,15,City Council,2340,40th Ward Council Office,0000,PERSONNEL SERVICES,0.00,0.00,309000.00
LOCAL,0100,Corporate Fund,15,City Council,2340,40th Ward Council Office,9000,PURPOSES AS SPECIFIED,0.00,0.00,122000.00
LOCAL,0100,Corporate Fund,15,City Council,2341,41st Ward Council Office,0000,PERSONNEL SERVICES,0.00,0.00,309000.00
LOCAL,0100,Corporate Fund,15,City Council,2341,41st Ward Council Office,9000,PURPOSES AS SPECIFIED,0.00,0.00,122000.00
LOCAL,0100,Corporate Fund,15,City Council,2342,42nd Ward Council Office,0000,PERSONNEL SERVICES,0.00,0.00,309000.00
LOCAL,0100,Corporate Fund,15,City Council,2342,42nd Ward Council Office,9000,PURPOSES AS SPECIFIED,0.00,0.00,122000.00
LOCAL,0100,Corporate Fund,15,City Council,2343,43rd Ward Council Office,0000,PERSONNEL SERVICES,0.00,0.00,309000.00
LOCAL,0100,Corporate Fund,15,City Council,2343,43rd Ward Council Office,9000,PURPOSES AS SPECIFIED,0.00,0.00,122000.00
LOCAL,0100,Corporate Fund,15,City Council,2344,44th Ward Council Office,0000,PERSONNEL SERVICES,0.00,0.00,309000.00
LOCAL,0100,Corporate Fund,15,City Council,2344,44th Ward Council Office,9000,PURPOSES AS SPECIFIED,0.00,0.00,122000.00
LOCAL,0100,Corporate Fund,15,City Council,2345,45th Ward Council Office,0000,PERSONNEL SERVICES,0.00,0.00,309000.00
LOCAL,0100,Corporate Fund,15,City Council,2345,45th Ward Council Office,9000,PURPOSES AS SPECIFIED,0.00,0.00,122000.00
LOCAL,0100,Corporate Fund,15,City Council,2346,46th Ward Council Office,0000,PERSONNEL SERVICES,0.00,0.00,309000.00
LOCAL,0100,Corporate Fund,15,City Council,2346,46th Ward Council Office,9000,PURPOSES AS SPECIFIED,0.00,0.00,122000.00
LOCAL,0100,Corporate Fund,15,City Council,2347,47th Ward Council Office,0000,PERSONNEL SERVICES,0.00,0.00,309000.00
LOCAL,0100,Corporate Fund,15,City Council,2347,47th Ward Council Office,9000,PURPOSES AS SPECIFIED,0.00,0.00,122000.00
LOCAL,0100,Corporate Fund,15,City Council,2348,48th Ward Council Office,0000,PERSONNEL SERVICES,0.00,0.00,309000.00
LOCAL,0100,Corporate Fund,15,City Council,2348,48th Ward Council Office,9000,PURPOSES AS SPECIFIED,0.00,0.00,122000.00
LOCAL,0100,Corporate Fund,15,City Council,2349,49th Ward Council Office,0000,PERSONNEL SERVICES,0.00,0.00,309000.00
LOCAL,0100,Corporate Fund,15,City Council,2349,49th Ward Council Office,9000,PURPOSES AS SPECIFIED,0.00,0.00,122000.00
LOCAL,0100,Corporate Fund,15,City Council,2350,50th Ward Council Office,0000,PERSONNEL SERVICES,0.00,0.00,309000.00
LOCAL,0100,Corporate Fund,15,City Council,2350,50th Ward Council Office,9000,PURPOSES AS SPECIFIED,0.00,0.00,122000.00
LOCAL,0300,Vehicle Tax Fund,15,City Council,2230,Committee on Transportation and Public Way,0000,PERSONNEL SERVICES,311905.00,311905.00,321262.00
LOCAL,0300,Vehicle Tax Fund,15,City Council,2230,Committee on Transportation and Public Way,0100,CONTRACTUAL SERVICES,15000.00,15000.00,15000.00
LOCAL,0300,Vehicle Tax Fund,15,City Council,2230,Committee on Transportation and Public Way,0300,COMMODITIES AND MATERIALS,15000.00,15000.00,15000.00
LOCAL,0300,Vehicle Tax Fund,15,City Council,2265,Committee on Pedestrian and Traffic Safety,0000,PERSONNEL SERVICES,311905.00,301905.00,321262.00
LOCAL,0300,Vehicle Tax Fund,15,City Council,2265,Committee on Pedestrian and Traffic Safety,0300,COMMODITIES AND MATERIALS,7000.00,17000.00,7000.00
LOCAL,0355,Special Events and Municipal Hotel Operators' Occupation Tax Fund,15,City Council,2155,Committee on Special Events  Cultural Affairs and Recreation,0000,PERSONNEL SERVICES,195254.00,195254.00,201112.00
LOCAL,0355,Special Events and Municipal Hotel Operators' Occupation Tax Fund,15,City Council,2155,Committee on Special Events  Cultural Affairs and Recreation,0300,COMMODITIES AND MATERIALS,3720.00,3720.00,3720.00
LOCAL,0740,Chicago O'Hare Airport Fund,15,City Council,2220,Committee on Aviation,0000,PERSONNEL SERVICES,0.00,0.00,206523.00
LOCAL,0740,Chicago O'Hare Airport Fund,15,City Council,2220,Committee on Aviation,0100,CONTRACTUAL SERVICES,0.00,0.00,200.00
LOCAL,0740,Chicago O'Hare Airport Fund,15,City Council,2220,Committee on Aviation,0300,COMMODITIES AND MATERIALS,0.00,0.00,500.00
LOCAL,0740,Chicago O'Hare Airport Fund,15,City Council,2220,Committee on Aviation,0700,CONTINGENCIES,0.00,0.00,750.00
LOCAL,0100,Corporate Fund,21,Department of Housing,2010,Department of Housing,0005,SALARIES AND WAGES - ON PAYROLL,2072847.00,2072847.00,2220250.00
LOCAL,0100,Corporate Fund,21,Department of Housing,2010,Department of Housing,0015,SCHEDULE SALARY ADJUSTMENTS,37445.00,37445.00,25587.00
LOCAL,0100,Corporate Fund,21,Department of Housing,2010,Department of Housing,0039,STUDENT AS TRAINEES,218000.00,218000.00,218000.00
LOCAL,0100,Corporate Fund,21,Department of Housing,2010,Department of Housing,0135,DELEGATE AGENCIES,6774231.00,6870231.00,6886931.00
LOCAL,0100,Corporate Fund,21,Department of Housing,2010,Department of Housing,0140,PROFESSIONAL AND TECHNICAL SERVICES,556000.00,460000.00,406000.00
LOCAL,0100,Corporate Fund,21,Department of Housing,2010,Department of Housing,0141,APPRAISALS,15000.00,15000.00,10000.00
LOCAL,0100,Corporate Fund,21,Department of Housing,2010,Department of Housing,0149,SOFTWARE MAINTENANCE AND LICENSING,328750.00,328750.00,446665.00
LOCAL,0100,Corporate Fund,21,Department of Housing,2010,Department of Housing,0152,ADVERTISING,9000.00,9000.00,6000.00
LOCAL,0100,Corporate Fund,21,Department of Housing,2010,Department of Housing,0229,TRANSPORTATION AND EXPENSE ALLOWANCE,1000.00,1000.00,300.00
LOCAL,0100,Corporate Fund,21,Department of Housing,2010,Department of Housing,0245,REIMBURSEMENT TO TRAVELERS,9000.00,9000.00,6000.00
LOCAL,0100,Corporate Fund,21,Department of Housing,2010,Department of Housing,0420,FURNITURE AND FIXTURES,65000.00,65000.00,0.00
LOCAL,0100,Corporate Fund,21,Department of Housing,2010,Department of Housing,9110,PROPERT MANAGEMENT MAIN,75000.00,75000.00,40000.00
LOCAL,0100,Corporate Fund,21,Department of Housing,2010,Department of Housing,9211,SINGLE-FAMILY TROUBLED BUILDING INITIATI,75000.00,75000.00,75000.00
LOCAL,0100,Corporate Fund,21,Department of Housing,2010,Department of Housing,9212,MULTI-FAMILY TROUBLED BUILDING INITIATIV,175000.00,175000.00,51698.00
LOCAL,0100,Corporate Fund,21,Department of Housing,2010,Department of Housing,9224,MICRO MARKET RECOVERY,700000.00,700000.00,352000.00
LOCAL,0100,Corporate Fund,21,Department of Housing,2010,Department of Housing,9438,REIMBURSEMENT - FFM,24000.00,24000.00,24000.00
LOCAL,0996,Affordable Housing Opportunity Fund,21,Department of Housing,2010,Department of Housing,0005,SALARIES AND WAGES - ON PAYROLL,483777.00,483777.00,488414.00
LOCAL,0996,Affordable Housing Opportunity Fund,21,Department of Housing,2010,Department of Housing,0015,SCHEDULE SALARY ADJUSTMENTS,12968.00,12968.00,11783.00
LOCAL,0996,Affordable Housing Opportunity Fund,21,Department of Housing,2010,Department of Housing,9213,AFFORDABLE HOUSING DENSITY PROGRAM,10227674.00,10227674.00,728825.00
LOCAL,0B21,Tax Increment Financing Administration Fund,21,Department of Housing,2010,Department of Housing,0005,SALARIES AND WAGES - ON PAYROLL,711979.00,711979.00,1120088.00
LOCAL,0B21,Tax Increment Financing Administration Fund,21,Department of Housing,2010,Department of Housing,0015,SCHEDULE SALARY ADJUSTMENTS,3710.00,3710.00,18062.00
LOCAL,0B21,Tax Increment Financing Administration Fund,21,Department of Housing,2010,Department of Housing,0138,IT MAINTENANCE,40000.00,40000.00,40000.00
LOCAL,0355,Special Events and Municipal Hotel Operators' Occupation Tax Fund,23,Department of Cultural Affairs and Special Events,2015,Department of Cultural Affairs and Special Events,0005,SALARIES AND WAGES - ON PAYROLL,7470387.00,7470387.00,7597734.00
LOCAL,0355,Special Events and Municipal Hotel Operators' Occupation Tax Fund,23,Department of Cultural Affairs and Special Events,2015,Department of Cultural Affairs and Special Events,0015,SCHEDULE SALARY ADJUSTMENTS,228275.00,228275.00,144343.00
LOCAL,0355,Special Events and Municipal Hotel Operators' Occupation Tax Fund,23,Department of Cultural Affairs and Special Events,2015,Department of Cultural Affairs and Special Events,0039,STUDENT AS TRAINEES,175000.00,175000.00,175000.00
LOCAL,0355,Special Events and Municipal Hotel Operators' Occupation Tax Fund,23,Department of Cultural Affairs and Special Events,2015,Department of Cultural Affairs and Special Events,0125,OFFICE AND BUILDING SERVICES,25000.00,25000.00,30000.00
LOCAL,0355,Special Events and Municipal Hotel Operators' Occupation Tax Fund,23,Department of Cultural Affairs and Special Events,2015,Department of Cultural Affairs and Special Events,0130,POSTAGE,25000.00,25000.00,25000.00
LOCAL,0355,Special Events and Municipal Hotel Operators' Occupation Tax Fund,23,Department of Cultural Affairs and Special Events,2015,Department of Cultural Affairs and Special Events,0138,IT MAINTENANCE,117000.00,117000.00,136000.00
LOCAL,0355,Special Events and Municipal Hotel Operators' Occupation Tax Fund,23,Department of Cultural Affairs and Special Events,2015,Department of Cultural Affairs and Special Events,0140,PROFESSIONAL AND TECHNICAL SERVICES,4761359.00,4761359.00,4769590.00
LOCAL,0355,Special Events and Municipal Hotel Operators' Occupation Tax Fund,23,Department of Cultural Affairs and Special Events,2015,Department of Cultural Affairs and Special Events,0150,OUTSIDE GRAPHIC SERVICES,76000.00,76000.00,76000.00
LOCAL,0355,Special Events and Municipal Hotel Operators' Occupation Tax Fund,23,Department of Cultural Affairs and Special Events,2015,Department of Cultural Affairs and Special Events,0152,ADVERTISING,189000.00,189000.00,189000.00
LOCAL,0355,Special Events and Municipal Hotel Operators' Occupation Tax Fund,23,Department of Cultural Affairs and Special Events,2015,Department of Cultural Affairs and Special Events,0153,PROMOTIONS,12000.00,12000.00,12000.00
LOCAL,0100,Corporate Fund,99,Finance General,2005,Finance General,002A,EMPLOYEE CONTRACTUAL EXPENSES,0.00,0.00,20000000.00
LOCAL,0355,Special Events and Municipal Hotel Operators' Occupation Tax Fund,23,Department of Cultural Affairs and Special Events,2015,Department of Cultural Affairs and Special Events,0159,LEASE/PURCHASE EQUIPMENT,19032.00,19032.00,19032.00
LOCAL,0355,Special Events and Municipal Hotel Operators' Occupation Tax Fund,23,Department of Cultural Affairs and Special Events,2015,Department of Cultural Affairs and Special Events,0161,MAINT FACILITIES,100000.00,100000.00,100000.00
LOCAL,0355,Special Events and Municipal Hotel Operators' Occupation Tax Fund,23,Department of Cultural Affairs and Special Events,2015,Department of Cultural Affairs and Special Events,0166,DUES  SUBSC & MEM,66000.00,66000.00,74000.00
LOCAL,0355,Special Events and Municipal Hotel Operators' Occupation Tax Fund,23,Department of Cultural Affairs and Special Events,2015,Department of Cultural Affairs and Special Events,0172,INSURANCE PREMIUMS,489750.00,489750.00,516610.00
LOCAL,0355,Special Events and Municipal Hotel Operators' Occupation Tax Fund,23,Department of Cultural Affairs and Special Events,2015,Department of Cultural Affairs and Special Events,0229,TRANSPORTATION AND EXPENSE ALLOWANCE,4500.00,4500.00,4500.00
LOCAL,0355,Special Events and Municipal Hotel Operators' Occupation Tax Fund,23,Department of Cultural Affairs and Special Events,2015,Department of Cultural Affairs and Special Events,0245,REIMBURSEMENT TO TRAVELERS,10000.00,10000.00,10000.00
LOCAL,0355,Special Events and Municipal Hotel Operators' Occupation Tax Fund,23,Department of Cultural Affairs and Special Events,2015,Department of Cultural Affairs and Special Events,0340,MATERIAL AND SUPPLIES,30000.00,30000.00,30000.00
LOCAL,0355,Special Events and Municipal Hotel Operators' Occupation Tax Fund,23,Department of Cultural Affairs and Special Events,2015,Department of Cultural Affairs and Special Events,0350,STATIONERY AND OFFICE SUPPLIES,30000.00,30000.00,30000.00
LOCAL,0355,Special Events and Municipal Hotel Operators' Occupation Tax Fund,23,Department of Cultural Affairs and Special Events,2015,Department of Cultural Affairs and Special Events,9188,MILLENNIUM PARK OPERATIONS,3709000.00,3709000.00,3830000.00
LOCAL,0355,Special Events and Municipal Hotel Operators' Occupation Tax Fund,23,Department of Cultural Affairs and Special Events,2015,Department of Cultural Affairs and Special Events,9219,IMPLEMENTATION OF CULTURAL PLAN,2575000.00,2575000.00,2575000.00
LOCAL,0355,Special Events and Municipal Hotel Operators' Occupation Tax Fund,23,Department of Cultural Affairs and Special Events,2015,Department of Cultural Affairs and Special Events,9225,ARTS AND CULTURAL INITIATIVES,6000000.00,6000000.00,7000000.00
LOCAL,0355,Special Events and Municipal Hotel Operators' Occupation Tax Fund,23,Department of Cultural Affairs and Special Events,2015,Department of Cultural Affairs and Special Events,9288,MILLENNIUM PARK PROGRAMMING,265500.00,265500.00,265500.00
LOCAL,0355,Special Events and Municipal Hotel Operators' Occupation Tax Fund,23,Department of Cultural Affairs and Special Events,2015,Department of Cultural Affairs and Special Events,9803,FOR PROGRAMMING/MARKETG,1976296.00,1976296.00,1976296.00
LOCAL,0355,Special Events and Municipal Hotel Operators' Occupation Tax Fund,23,Department of Cultural Affairs and Special Events,2015,Department of Cultural Affairs and Special Events,9805,FOR FESTIVAL PRODUCTION,8436897.00,8436897.00,11312900.00
LOCAL,0355,Special Events and Municipal Hotel Operators' Occupation Tax Fund,23,Department of Cultural Affairs and Special Events,2015,Department of Cultural Affairs and Special Events,9807,FOR REDEMPTION EXPENSES,2200000.00,2200000.00,2600000.00
LOCAL,0355,Special Events and Municipal Hotel Operators' Occupation Tax Fund,23,Department of Cultural Affairs and Special Events,2015,Department of Cultural Affairs and Special Events,9813,LOCAL PROMOTION/MARKETG,793720.00,793720.00,793720.00
LOCAL,0100,Corporate Fund,25,Office of City Clerk,2005,Office of City Clerk,0005,SALARIES AND WAGES - ON PAYROLL,2768232.00,2768232.00,2868875.00
LOCAL,0100,Corporate Fund,25,Office of City Clerk,2005,Office of City Clerk,0015,SCHEDULE SALARY ADJUSTMENTS,31729.00,31729.00,37503.00
LOCAL,0100,Corporate Fund,25,Office of City Clerk,2005,Office of City Clerk,0020,OVERTIME,95000.00,95000.00,70000.00
LOCAL,0100,Corporate Fund,25,Office of City Clerk,2005,Office of City Clerk,0130,POSTAGE,68330.00,68330.00,20641.00
LOCAL,0100,Corporate Fund,25,Office of City Clerk,2005,Office of City Clerk,0135,DELEGATE AGENCIES,525000.00,525000.00,300000.00
LOCAL,0100,Corporate Fund,25,Office of City Clerk,2005,Office of City Clerk,0140,PROFESSIONAL AND TECHNICAL SERVICES,590071.00,590071.00,850071.00
LOCAL,0100,Corporate Fund,25,Office of City Clerk,2005,Office of City Clerk,0149,SOFTWARE MAINTENANCE AND LICENSING,1801768.00,1801768.00,1263935.00
LOCAL,0100,Corporate Fund,25,Office of City Clerk,2005,Office of City Clerk,0150,OUTSIDE GRAPHIC SERVICES,7000.00,7000.00,3000.00
LOCAL,0100,Corporate Fund,25,Office of City Clerk,2005,Office of City Clerk,0152,ADVERTISING,100000.00,100000.00,80000.00
LOCAL,0100,Corporate Fund,25,Office of City Clerk,2005,Office of City Clerk,0157,RENTAL EQUIPMENT AND SERVICES,34530.00,34530.00,35568.00
LOCAL,0100,Corporate Fund,25,Office of City Clerk,2005,Office of City Clerk,0159,LEASE/PURCHASE EQUIPMENT,98500.00,98500.00,100353.00
LOCAL,0100,Corporate Fund,25,Office of City Clerk,2005,Office of City Clerk,0162,REPAIR/MAINT EQUIPMENT,30114.00,30114.00,20325.00
LOCAL,0100,Corporate Fund,25,Office of City Clerk,2005,Office of City Clerk,0166,DUES  SUBSC & MEM,14500.00,14500.00,5957.00
LOCAL,0100,Corporate Fund,25,Office of City Clerk,2005,Office of City Clerk,0171,MISCELLANEOUS SUPPLIES,128250.00,128250.00,118250.00
LOCAL,0100,Corporate Fund,25,Office of City Clerk,2005,Office of City Clerk,0340,MATERIAL AND SUPPLIES,3000.00,3000.00,1500.00
LOCAL,0100,Corporate Fund,25,Office of City Clerk,2005,Office of City Clerk,0350,STATIONERY AND OFFICE SUPPLIES,103500.00,103500.00,247500.00
LOCAL,0300,Vehicle Tax Fund,25,Office of City Clerk,2005,Office of City Clerk,0005,SALARIES AND WAGES - ON PAYROLL,4790060.00,4790060.00,4873312.00
LOCAL,0300,Vehicle Tax Fund,25,Office of City Clerk,2005,Office of City Clerk,0015,SCHEDULE SALARY ADJUSTMENTS,77670.00,77670.00,62087.00
LOCAL,0300,Vehicle Tax Fund,25,Office of City Clerk,2005,Office of City Clerk,0020,OVERTIME,50000.00,50000.00,50000.00
LOCAL,0300,Vehicle Tax Fund,25,Office of City Clerk,2005,Office of City Clerk,0039,STUDENT AS TRAINEES,95000.00,95000.00,95000.00
LOCAL,0300,Vehicle Tax Fund,25,Office of City Clerk,2005,Office of City Clerk,0130,POSTAGE,1258200.00,1258200.00,1216260.00
LOCAL,0300,Vehicle Tax Fund,25,Office of City Clerk,2005,Office of City Clerk,0138,IT MAINTENANCE,550000.00,550000.00,550000.00
LOCAL,0300,Vehicle Tax Fund,25,Office of City Clerk,2005,Office of City Clerk,0140,PROFESSIONAL AND TECHNICAL SERVICES,294300.00,294300.00,469300.00
LOCAL,0300,Vehicle Tax Fund,25,Office of City Clerk,2005,Office of City Clerk,0149,SOFTWARE MAINTENANCE AND LICENSING,1035000.00,1035000.00,1000000.00
LOCAL,0300,Vehicle Tax Fund,25,Office of City Clerk,2005,Office of City Clerk,0154,RENTAL-DATA HARDWARE EQ,12125.00,12125.00,12125.00
LOCAL,0300,Vehicle Tax Fund,25,Office of City Clerk,2005,Office of City Clerk,0157,RENTAL EQUIPMENT AND SERVICES,93519.00,93519.00,86036.00
LOCAL,0300,Vehicle Tax Fund,25,Office of City Clerk,2005,Office of City Clerk,0159,LEASE/PURCHASE EQUIPMENT,45000.00,45000.00,45000.00
LOCAL,0300,Vehicle Tax Fund,25,Office of City Clerk,2005,Office of City Clerk,0162,REPAIR/MAINT EQUIPMENT,12500.00,12500.00,12500.00
LOCAL,0300,Vehicle Tax Fund,25,Office of City Clerk,2005,Office of City Clerk,0229,TRANSPORTATION AND EXPENSE ALLOWANCE,18000.00,18000.00,18000.00
LOCAL,0300,Vehicle Tax Fund,25,Office of City Clerk,2005,Office of City Clerk,0338,LICENSE STICKER TAG AND PLATES,460141.00,460141.00,393655.00
LOCAL,0300,Vehicle Tax Fund,25,Office of City Clerk,2005,Office of City Clerk,0340,MATERIAL AND SUPPLIES,14500.00,14500.00,12500.00
LOCAL,0300,Vehicle Tax Fund,25,Office of City Clerk,2005,Office of City Clerk,0350,STATIONERY AND OFFICE SUPPLIES,125500.00,125500.00,123500.00
LOCAL,0300,Vehicle Tax Fund,25,Office of City Clerk,2005,Office of City Clerk,9438,REIMBURSEMENT - FFM,10000.00,10000.00,10000.00
LOCAL,0100,Corporate Fund,27,Department of Finance,2011,City Comptroller,0005,SALARIES AND WAGES - ON PAYROLL,3437939.00,3437939.00,3465539.00
LOCAL,0100,Corporate Fund,27,Department of Finance,2011,City Comptroller,0015,SCHEDULE SALARY ADJUSTMENTS,52128.00,52128.00,49862.00
LOCAL,0100,Corporate Fund,27,Department of Finance,2011,City Comptroller,0039,STUDENT AS TRAINEES,17000.00,17000.00,17000.00
LOCAL,0100,Corporate Fund,27,Department of Finance,2011,City Comptroller,0140,PROFESSIONAL AND TECHNICAL SERVICES,50000.00,50000.00,0.00
LOCAL,0100,Corporate Fund,27,Department of Finance,2011,City Comptroller,0149,SOFTWARE MAINTENANCE AND LICENSING,8000.00,8000.00,8000.00
LOCAL,0100,Corporate Fund,27,Department of Finance,2011,City Comptroller,0166,DUES  SUBSC & MEM,6000.00,6000.00,11540.00
LOCAL,0100,Corporate Fund,27,Department of Finance,2011,City Comptroller,0169,TECHNICAL MEETING COSTS,885.00,885.00,885.00
LOCAL,0100,Corporate Fund,27,Department of Finance,2011,City Comptroller,0171,MISCELLANEOUS SUPPLIES,4000.00,4000.00,1000.00
LOCAL,0100,Corporate Fund,27,Department of Finance,2011,City Comptroller,0270,LOCAL TRANSPORTATION,250.00,250.00,250.00
LOCAL,0100,Corporate Fund,27,Department of Finance,2011,City Comptroller,0348,BOOKS AND RELATED MATERIAL,100.00,100.00,100.00
LOCAL,0100,Corporate Fund,27,Department of Finance,2011,City Comptroller,0350,STATIONERY AND OFFICE SUPPLIES,5500.00,5500.00,5000.00
LOCAL,0100,Corporate Fund,27,Department of Finance,2012,Accounting and Financial Reporting,0005,SALARIES AND WAGES - ON PAYROLL,4827687.00,4827687.00,4031895.00
LOCAL,0100,Corporate Fund,27,Department of Finance,2012,Accounting and Financial Reporting,0015,SCHEDULE SALARY ADJUSTMENTS,57377.00,57377.00,54486.00
LOCAL,0100,Corporate Fund,27,Department of Finance,2012,Accounting and Financial Reporting,0020,OVERTIME,32500.00,32500.00,32500.00
LOCAL,0100,Corporate Fund,27,Department of Finance,2012,Accounting and Financial Reporting,0140,PROFESSIONAL AND TECHNICAL SERVICES,101000.00,101000.00,51000.00
LOCAL,0100,Corporate Fund,27,Department of Finance,2012,Accounting and Financial Reporting,0142,ACCOUNTING AND AUDITING,628425.00,628425.00,651425.00
LOCAL,0100,Corporate Fund,27,Department of Finance,2012,Accounting and Financial Reporting,0149,SOFTWARE MAINTENANCE AND LICENSING,40000.00,40000.00,40000.00
LOCAL,0100,Corporate Fund,27,Department of Finance,2012,Accounting and Financial Reporting,0166,DUES  SUBSC & MEM,1600.00,1600.00,4000.00
LOCAL,0100,Corporate Fund,27,Department of Finance,2012,Accounting and Financial Reporting,0169,TECHNICAL MEETING COSTS,13750.00,13750.00,13750.00
LOCAL,0100,Corporate Fund,27,Department of Finance,2012,Accounting and Financial Reporting,0245,REIMBURSEMENT TO TRAVELERS,3500.00,3500.00,3500.00
LOCAL,0100,Corporate Fund,27,Department of Finance,2012,Accounting and Financial Reporting,0348,BOOKS AND RELATED MATERIAL,600.00,600.00,600.00
LOCAL,0100,Corporate Fund,27,Department of Finance,2012,Accounting and Financial Reporting,0350,STATIONERY AND OFFICE SUPPLIES,5000.00,5000.00,5000.00
LOCAL,0100,Corporate Fund,27,Department of Finance,2015,Financial Strategy and Operations,0005,SALARIES AND WAGES - ON PAYROLL,7415009.00,7415009.00,7426037.00
LOCAL,0100,Corporate Fund,27,Department of Finance,2015,Financial Strategy and Operations,0015,SCHEDULE SALARY ADJUSTMENTS,106974.00,106974.00,118038.00
LOCAL,0100,Corporate Fund,27,Department of Finance,2015,Financial Strategy and Operations,0039,STUDENT AS TRAINEES,17000.00,17000.00,17000.00
LOCAL,0100,Corporate Fund,27,Department of Finance,2015,Financial Strategy and Operations,0130,POSTAGE,80000.00,80000.00,70000.00
LOCAL,0100,Corporate Fund,27,Department of Finance,2015,Financial Strategy and Operations,0139,IT DEVELOPMENT,0.00,0.00,100000.00
LOCAL,0100,Corporate Fund,27,Department of Finance,2015,Financial Strategy and Operations,0140,PROFESSIONAL AND TECHNICAL SERVICES,527299.00,527299.00,527299.00
LOCAL,0100,Corporate Fund,27,Department of Finance,2015,Financial Strategy and Operations,0149,SOFTWARE MAINTENANCE AND LICENSING,302170.00,302170.00,543060.00
LOCAL,0100,Corporate Fund,27,Department of Finance,2015,Financial Strategy and Operations,0150,OUTSIDE GRAPHIC SERVICES,30000.00,30000.00,20000.00
LOCAL,0100,Corporate Fund,27,Department of Finance,2015,Financial Strategy and Operations,0152,ADVERTISING,212500.00,212500.00,12500.00
LOCAL,0100,Corporate Fund,27,Department of Finance,2015,Financial Strategy and Operations,0162,REPAIR/MAINT EQUIPMENT,300.00,300.00,200.00
LOCAL,0100,Corporate Fund,27,Department of Finance,2015,Financial Strategy and Operations,0166,DUES  SUBSC & MEM,13862.00,13862.00,21531.00
LOCAL,0100,Corporate Fund,27,Department of Finance,2015,Financial Strategy and Operations,0169,TECHNICAL MEETING COSTS,45779.00,45779.00,45779.00
LOCAL,0100,Corporate Fund,27,Department of Finance,2015,Financial Strategy and Operations,0178,FREIGHT AND EXPRESS CHARGES,3500.00,3500.00,1500.00
LOCAL,0100,Corporate Fund,27,Department of Finance,2015,Financial Strategy and Operations,0179,MESSENGER SERVICES,12000.00,12000.00,12000.00
LOCAL,0100,Corporate Fund,27,Department of Finance,2015,Financial Strategy and Operations,0245,REIMBURSEMENT TO TRAVELERS,28700.00,28700.00,28700.00
LOCAL,0100,Corporate Fund,27,Department of Finance,2015,Financial Strategy and Operations,0340,MATERIAL AND SUPPLIES,13240.00,13240.00,13240.00
LOCAL,0100,Corporate Fund,27,Department of Finance,2015,Financial Strategy and Operations,0348,BOOKS AND RELATED MATERIAL,1315.00,1315.00,1315.00
LOCAL,0100,Corporate Fund,27,Department of Finance,2015,Financial Strategy and Operations,0350,STATIONERY AND OFFICE SUPPLIES,13000.00,13000.00,13000.00
LOCAL,0100,Corporate Fund,27,Department of Finance,2015,Financial Strategy and Operations,9067,PHYSICAL EXAMS,400.00,400.00,400.00
LOCAL,0100,Corporate Fund,27,Department of Finance,2020,Revenue Services and Operations,0005,SALARIES AND WAGES - ON PAYROLL,26060302.00,26060302.00,25642416.00
LOCAL,0100,Corporate Fund,27,Department of Finance,2020,Revenue Services and Operations,0012,CONTRACT WAGE - PREVAILING RATE,69154.00,69154.00,61247.00
LOCAL,0100,Corporate Fund,27,Department of Finance,2020,Revenue Services and Operations,0015,SCHEDULE SALARY ADJUSTMENTS,265937.00,265937.00,257718.00
LOCAL,0100,Corporate Fund,27,Department of Finance,2020,Revenue Services and Operations,0020,OVERTIME,270500.00,270500.00,285500.00
LOCAL,0100,Corporate Fund,27,Department of Finance,2020,Revenue Services and Operations,0039,STUDENT AS TRAINEES,17000.00,17000.00,17000.00
LOCAL,0100,Corporate Fund,27,Department of Finance,2020,Revenue Services and Operations,0091,UNIFORM ALLOWANCE,84050.00,84050.00,84050.00
LOCAL,0100,Corporate Fund,27,Department of Finance,2020,Revenue Services and Operations,0130,POSTAGE,171600.00,171600.00,115500.00
LOCAL,0100,Corporate Fund,27,Department of Finance,2020,Revenue Services and Operations,0138,IT MAINTENANCE,22100000.00,22100000.00,23100000.00
LOCAL,0100,Corporate Fund,27,Department of Finance,2020,Revenue Services and Operations,0140,PROFESSIONAL AND TECHNICAL SERVICES,6343446.00,6343446.00,6832739.00
LOCAL,0100,Corporate Fund,27,Department of Finance,2020,Revenue Services and Operations,0149,SOFTWARE MAINTENANCE AND LICENSING,96040.00,96040.00,96880.00
LOCAL,0100,Corporate Fund,27,Department of Finance,2020,Revenue Services and Operations,0152,ADVERTISING,5500.00,5500.00,5500.00
LOCAL,0100,Corporate Fund,27,Department of Finance,2020,Revenue Services and Operations,0156,LOCK BOX RENTAL,15574.00,15574.00,15574.00
LOCAL,0100,Corporate Fund,27,Department of Finance,2020,Revenue Services and Operations,0157,RENTAL EQUIPMENT AND SERVICES,5040.00,5040.00,5040.00
LOCAL,0100,Corporate Fund,27,Department of Finance,2020,Revenue Services and Operations,0159,LEASE/PURCHASE EQUIPMENT,80900.00,80900.00,80900.00
LOCAL,0100,Corporate Fund,27,Department of Finance,2020,Revenue Services and Operations,0162,REPAIR/MAINT EQUIPMENT,1263747.00,1263747.00,1263747.00
LOCAL,0100,Corporate Fund,27,Department of Finance,2020,Revenue Services and Operations,0166,DUES  SUBSC & MEM,1390.00,1390.00,1390.00
LOCAL,0100,Corporate Fund,27,Department of Finance,2020,Revenue Services and Operations,0169,TECHNICAL MEETING COSTS,12360.00,12360.00,12360.00
LOCAL,0100,Corporate Fund,27,Department of Finance,2020,Revenue Services and Operations,0178,FREIGHT AND EXPRESS CHARGES,1300.00,1300.00,800.00
LOCAL,0100,Corporate Fund,27,Department of Finance,2020,Revenue Services and Operations,0179,MESSENGER SERVICES,15000.00,15000.00,8000.00
LOCAL,0100,Corporate Fund,27,Department of Finance,2020,Revenue Services and Operations,0228,OUT OF TOWN TRAVEL FOR AUDITORS ONLY,1000.00,1000.00,500.00
LOCAL,0100,Corporate Fund,27,Department of Finance,2020,Revenue Services and Operations,0229,TRANSPORTATION AND EXPENSE ALLOWANCE,2000.00,2000.00,2000.00
LOCAL,0100,Corporate Fund,27,Department of Finance,2020,Revenue Services and Operations,0319,CLOTHING,6083.00,6083.00,6083.00
LOCAL,0100,Corporate Fund,27,Department of Finance,2020,Revenue Services and Operations,0339,REVENUE STAMPS,26180.00,26180.00,26180.00
LOCAL,0100,Corporate Fund,27,Department of Finance,2020,Revenue Services and Operations,0340,MATERIAL AND SUPPLIES,161350.00,161350.00,161350.00
LOCAL,0100,Corporate Fund,27,Department of Finance,2020,Revenue Services and Operations,0350,STATIONERY AND OFFICE SUPPLIES,95000.00,95000.00,77000.00
LOCAL,0100,Corporate Fund,27,Department of Finance,2020,Revenue Services and Operations,0421,MACHINERY AND EQUIPMENT,45000.00,45000.00,220000.00
LOCAL,0100,Corporate Fund,27,Department of Finance,2020,Revenue Services and Operations,9438,REIMBURSEMENT - FFM,40000.00,40000.00,55000.00
LOCAL,0200,Water Fund,27,Department of Finance,2012,Accounting and Financial Reporting,0005,SALARIES AND WAGES - ON PAYROLL,473323.00,473323.00,384058.00
LOCAL,0200,Water Fund,27,Department of Finance,2012,Accounting and Financial Reporting,0015,SCHEDULE SALARY ADJUSTMENTS,8448.00,8448.00,6660.00
LOCAL,0200,Water Fund,27,Department of Finance,2015,Financial Strategy and Operations,0005,SALARIES AND WAGES - ON PAYROLL,514406.00,514406.00,551631.00
LOCAL,0200,Water Fund,27,Department of Finance,2015,Financial Strategy and Operations,0015,SCHEDULE SALARY ADJUSTMENTS,966.00,966.00,4597.00
LOCAL,0200,Water Fund,27,Department of Finance,2015,Financial Strategy and Operations,0140,PROFESSIONAL AND TECHNICAL SERVICES,221250.00,221250.00,25000.00
LOCAL,0200,Water Fund,27,Department of Finance,2015,Financial Strategy and Operations,0149,SOFTWARE MAINTENANCE AND LICENSING,10640.00,10640.00,11704.00
LOCAL,0200,Water Fund,27,Department of Finance,2015,Financial Strategy and Operations,0154,RENTAL-DATA HARDWARE EQ,20000.00,20000.00,20000.00
LOCAL,0200,Water Fund,27,Department of Finance,2015,Financial Strategy and Operations,0166,DUES  SUBSC & MEM,432.00,432.00,432.00
LOCAL,0200,Water Fund,27,Department of Finance,2020,Revenue Services and Operations,0005,SALARIES AND WAGES - ON PAYROLL,2789195.00,2789195.00,2988224.00
LOCAL,0200,Water Fund,27,Department of Finance,2020,Revenue Services and Operations,0015,SCHEDULE SALARY ADJUSTMENTS,28846.00,28846.00,23428.00
LOCAL,0200,Water Fund,27,Department of Finance,2020,Revenue Services and Operations,0125,OFFICE AND BUILDING SERVICES,750.00,750.00,750.00
LOCAL,0200,Water Fund,27,Department of Finance,2020,Revenue Services and Operations,0130,POSTAGE,1706479.00,1706479.00,1983823.00
LOCAL,0200,Water Fund,27,Department of Finance,2020,Revenue Services and Operations,0138,IT MAINTENANCE,0.00,0.00,125000.00
LOCAL,0200,Water Fund,27,Department of Finance,2020,Revenue Services and Operations,0140,PROFESSIONAL AND TECHNICAL SERVICES,6181626.00,6181626.00,6763250.00
LOCAL,0200,Water Fund,27,Department of Finance,2020,Revenue Services and Operations,0156,LOCK BOX RENTAL,1577.00,1577.00,1577.00
LOCAL,0200,Water Fund,27,Department of Finance,2020,Revenue Services and Operations,0159,LEASE/PURCHASE EQUIPMENT,18542.00,18542.00,18542.00
LOCAL,0200,Water Fund,27,Department of Finance,2020,Revenue Services and Operations,0340,MATERIAL AND SUPPLIES,3400.00,3400.00,3400.00
LOCAL,0200,Water Fund,27,Department of Finance,2020,Revenue Services and Operations,0350,STATIONERY AND OFFICE SUPPLIES,15000.00,15000.00,15000.00
LOCAL,0200,Water Fund,27,Department of Finance,2020,Revenue Services and Operations,9438,REIMBURSEMENT - FFM,15000.00,15000.00,15000.00
LOCAL,0300,Vehicle Tax Fund,27,Department of Finance,2015,Financial Strategy and Operations,0005,SALARIES AND WAGES - ON PAYROLL,576273.00,576273.00,646164.00
LOCAL,0300,Vehicle Tax Fund,27,Department of Finance,2015,Financial Strategy and Operations,0015,SCHEDULE SALARY ADJUSTMENTS,11690.00,11690.00,15689.00
LOCAL,0300,Vehicle Tax Fund,27,Department of Finance,2020,Revenue Services and Operations,0005,SALARIES AND WAGES - ON PAYROLL,419854.00,419854.00,420019.00
LOCAL,0300,Vehicle Tax Fund,27,Department of Finance,2020,Revenue Services and Operations,0015,SCHEDULE SALARY ADJUSTMENTS,302.00,302.00,2958.00
LOCAL,0300,Vehicle Tax Fund,27,Department of Finance,2020,Revenue Services and Operations,0350,STATIONERY AND OFFICE SUPPLIES,250.00,250.00,250.00
LOCAL,0300,Vehicle Tax Fund,27,Department of Finance,2020,Revenue Services and Operations,0421,MACHINERY AND EQUIPMENT,1201127.00,1201127.00,1201127.00
LOCAL,0314,Sewer Fund,27,Department of Finance,2015,Financial Strategy and Operations,0140,PROFESSIONAL AND TECHNICAL SERVICES,16000.00,16000.00,16000.00
LOCAL,0314,Sewer Fund,27,Department of Finance,2015,Financial Strategy and Operations,0149,SOFTWARE MAINTENANCE AND LICENSING,8000.00,8000.00,8000.00
LOCAL,0314,Sewer Fund,27,Department of Finance,2015,Financial Strategy and Operations,0154,RENTAL-DATA HARDWARE EQ,10000.00,10000.00,10000.00
LOCAL,0314,Sewer Fund,27,Department of Finance,2015,Financial Strategy and Operations,0166,DUES  SUBSC & MEM,300.00,300.00,300.00
LOCAL,0314,Sewer Fund,27,Department of Finance,2020,Revenue Services and Operations,0140,PROFESSIONAL AND TECHNICAL SERVICES,1628237.00,1628237.00,2067524.00
LOCAL,0610,Chicago Midway Airport Fund,27,Department of Finance,2012,Accounting and Financial Reporting,0005,SALARIES AND WAGES - ON PAYROLL,191315.00,191315.00,197054.00
LOCAL,0610,Chicago Midway Airport Fund,27,Department of Finance,2012,Accounting and Financial Reporting,0020,OVERTIME,500.00,500.00,500.00
LOCAL,0610,Chicago Midway Airport Fund,27,Department of Finance,2012,Accounting and Financial Reporting,0039,STUDENT AS TRAINEES,6500.00,6500.00,6500.00
LOCAL,0610,Chicago Midway Airport Fund,27,Department of Finance,2012,Accounting and Financial Reporting,0142,ACCOUNTING AND AUDITING,15000.00,15000.00,15000.00
LOCAL,0610,Chicago Midway Airport Fund,27,Department of Finance,2012,Accounting and Financial Reporting,0166,DUES  SUBSC & MEM,300.00,300.00,300.00
LOCAL,0610,Chicago Midway Airport Fund,27,Department of Finance,2012,Accounting and Financial Reporting,0169,TECHNICAL MEETING COSTS,420.00,420.00,420.00
LOCAL,0610,Chicago Midway Airport Fund,27,Department of Finance,2012,Accounting and Financial Reporting,0270,LOCAL TRANSPORTATION,420.00,420.00,420.00
LOCAL,0610,Chicago Midway Airport Fund,27,Department of Finance,2012,Accounting and Financial Reporting,0350,STATIONERY AND OFFICE SUPPLIES,500.00,500.00,500.00
LOCAL,0610,Chicago Midway Airport Fund,27,Department of Finance,2015,Financial Strategy and Operations,0005,SALARIES AND WAGES - ON PAYROLL,181258.00,181258.00,188707.00
LOCAL,0610,Chicago Midway Airport Fund,27,Department of Finance,2015,Financial Strategy and Operations,0015,SCHEDULE SALARY ADJUSTMENTS,0.00,0.00,2556.00
LOCAL,0610,Chicago Midway Airport Fund,27,Department of Finance,2015,Financial Strategy and Operations,0140,PROFESSIONAL AND TECHNICAL SERVICES,26000.00,26000.00,26000.00
LOCAL,0610,Chicago Midway Airport Fund,27,Department of Finance,2015,Financial Strategy and Operations,0149,SOFTWARE MAINTENANCE AND LICENSING,6588.00,6588.00,7245.00
LOCAL,0610,Chicago Midway Airport Fund,27,Department of Finance,2015,Financial Strategy and Operations,0166,DUES  SUBSC & MEM,350.00,350.00,350.00
LOCAL,0740,Chicago O'Hare Airport Fund,27,Department of Finance,2012,Accounting and Financial Reporting,0005,SALARIES AND WAGES - ON PAYROLL,2097836.00,2097836.00,2213233.00
LOCAL,0740,Chicago O'Hare Airport Fund,27,Department of Finance,2012,Accounting and Financial Reporting,0015,SCHEDULE SALARY ADJUSTMENTS,23963.00,23963.00,25627.00
LOCAL,0740,Chicago O'Hare Airport Fund,27,Department of Finance,2012,Accounting and Financial Reporting,0020,OVERTIME,8000.00,8000.00,8000.00
LOCAL,0740,Chicago O'Hare Airport Fund,27,Department of Finance,2012,Accounting and Financial Reporting,0142,ACCOUNTING AND AUDITING,69560.00,69560.00,69560.00
LOCAL,0740,Chicago O'Hare Airport Fund,27,Department of Finance,2012,Accounting and Financial Reporting,0149,SOFTWARE MAINTENANCE AND LICENSING,1500.00,1500.00,1500.00
LOCAL,0740,Chicago O'Hare Airport Fund,27,Department of Finance,2012,Accounting and Financial Reporting,0166,DUES  SUBSC & MEM,425.00,425.00,425.00
LOCAL,0740,Chicago O'Hare Airport Fund,27,Department of Finance,2012,Accounting and Financial Reporting,0169,TECHNICAL MEETING COSTS,1500.00,1500.00,1500.00
LOCAL,0740,Chicago O'Hare Airport Fund,27,Department of Finance,2012,Accounting and Financial Reporting,0348,BOOKS AND RELATED MATERIAL,500.00,500.00,500.00
LOCAL,0740,Chicago O'Hare Airport Fund,27,Department of Finance,2012,Accounting and Financial Reporting,0350,STATIONERY AND OFFICE SUPPLIES,3500.00,3500.00,3500.00
LOCAL,0740,Chicago O'Hare Airport Fund,27,Department of Finance,2015,Financial Strategy and Operations,0005,SALARIES AND WAGES - ON PAYROLL,582683.00,582683.00,615964.00
LOCAL,0740,Chicago O'Hare Airport Fund,27,Department of Finance,2015,Financial Strategy and Operations,0015,SCHEDULE SALARY ADJUSTMENTS,10362.00,10362.00,7690.00
LOCAL,0740,Chicago O'Hare Airport Fund,27,Department of Finance,2015,Financial Strategy and Operations,0140,PROFESSIONAL AND TECHNICAL SERVICES,100509.00,100509.00,100509.00
LOCAL,0740,Chicago O'Hare Airport Fund,27,Department of Finance,2015,Financial Strategy and Operations,0149,SOFTWARE MAINTENANCE AND LICENSING,38000.00,38000.00,41800.00
LOCAL,0740,Chicago O'Hare Airport Fund,27,Department of Finance,2015,Financial Strategy and Operations,0154,RENTAL-DATA HARDWARE EQ,20000.00,20000.00,20000.00
LOCAL,0740,Chicago O'Hare Airport Fund,27,Department of Finance,2015,Financial Strategy and Operations,0166,DUES  SUBSC & MEM,1500.00,1500.00,1500.00
LOCAL,0B21,Tax Increment Financing Administration Fund,27,Department of Finance,2012,Accounting and Financial Reporting,0005,SALARIES AND WAGES - ON PAYROLL,437297.00,437297.00,454883.00
LOCAL,0B21,Tax Increment Financing Administration Fund,27,Department of Finance,2012,Accounting and Financial Reporting,0015,SCHEDULE SALARY ADJUSTMENTS,4122.00,4122.00,8137.00
LOCAL,0B21,Tax Increment Financing Administration Fund,27,Department of Finance,2012,Accounting and Financial Reporting,0142,ACCOUNTING AND AUDITING,221701.00,221701.00,221701.00
LOCAL,0B26,Chicago Parking Meters Fund,27,Department of Finance,2015,Financial Strategy and Operations,0140,PROFESSIONAL AND TECHNICAL SERVICES,6500000.00,6500000.00,6500000.00
LOCAL,0100,Corporate Fund,28,City Treasurer's Office,2005,City Treasurer's Office,0005,SALARIES AND WAGES - ON PAYROLL,1888509.00,1888509.00,2079037.00
LOCAL,0100,Corporate Fund,28,City Treasurer's Office,2005,City Treasurer's Office,0015,SCHEDULE SALARY ADJUSTMENTS,28399.00,28399.00,21154.00
LOCAL,0100,Corporate Fund,28,City Treasurer's Office,2005,City Treasurer's Office,0039,STUDENT AS TRAINEES,15000.00,15000.00,12050.00
LOCAL,0100,Corporate Fund,28,City Treasurer's Office,2005,City Treasurer's Office,0130,POSTAGE,131.00,131.00,80.00
LOCAL,0100,Corporate Fund,28,City Treasurer's Office,2005,City Treasurer's Office,0138,IT MAINTENANCE,120037.00,120037.00,120037.00
LOCAL,0100,Corporate Fund,28,City Treasurer's Office,2005,City Treasurer's Office,0140,PROFESSIONAL AND TECHNICAL SERVICES,526801.00,526801.00,511335.00
LOCAL,0100,Corporate Fund,28,City Treasurer's Office,2005,City Treasurer's Office,0142,ACCOUNTING AND AUDITING,92000.00,92000.00,92000.00
LOCAL,0100,Corporate Fund,28,City Treasurer's Office,2005,City Treasurer's Office,0149,SOFTWARE MAINTENANCE AND LICENSING,31721.00,31721.00,31721.00
LOCAL,0100,Corporate Fund,28,City Treasurer's Office,2005,City Treasurer's Office,0150,OUTSIDE GRAPHIC SERVICES,3000.00,3000.00,2500.00
LOCAL,0100,Corporate Fund,28,City Treasurer's Office,2005,City Treasurer's Office,0157,RENTAL EQUIPMENT AND SERVICES,51000.00,51000.00,25000.00
LOCAL,0100,Corporate Fund,28,City Treasurer's Office,2005,City Treasurer's Office,0159,LEASE/PURCHASE EQUIPMENT,26346.00,26346.00,26346.00
LOCAL,0100,Corporate Fund,28,City Treasurer's Office,2005,City Treasurer's Office,0166,DUES  SUBSC & MEM,333090.00,333090.00,327890.00
LOCAL,0100,Corporate Fund,28,City Treasurer's Office,2005,City Treasurer's Office,0169,TECHNICAL MEETING COSTS,40000.00,40000.00,44000.00
LOCAL,0100,Corporate Fund,28,City Treasurer's Office,2005,City Treasurer's Office,0179,MESSENGER SERVICES,500.00,500.00,400.00
LOCAL,0100,Corporate Fund,28,City Treasurer's Office,2005,City Treasurer's Office,0245,REIMBURSEMENT TO TRAVELERS,20000.00,20000.00,17000.00
LOCAL,0100,Corporate Fund,28,City Treasurer's Office,2005,City Treasurer's Office,0270,LOCAL TRANSPORTATION,1500.00,1500.00,1250.00
LOCAL,0100,Corporate Fund,28,City Treasurer's Office,2005,City Treasurer's Office,0350,STATIONERY AND OFFICE SUPPLIES,6500.00,6500.00,1500.00
LOCAL,0100,Corporate Fund,28,City Treasurer's Office,2005,City Treasurer's Office,9438,REIMBURSEMENT - FFM,10000.00,10000.00,10000.00
LOCAL,0200,Water Fund,28,City Treasurer's Office,2005,City Treasurer's Office,0005,SALARIES AND WAGES - ON PAYROLL,313885.00,313885.00,390280.00
LOCAL,0200,Water Fund,28,City Treasurer's Office,2005,City Treasurer's Office,0015,SCHEDULE SALARY ADJUSTMENTS,0.00,0.00,1464.00
LOCAL,0200,Water Fund,28,City Treasurer's Office,2005,City Treasurer's Office,0138,IT MAINTENANCE,92767.00,92767.00,92767.00
LOCAL,0200,Water Fund,28,City Treasurer's Office,2005,City Treasurer's Office,0140,PROFESSIONAL AND TECHNICAL SERVICES,118729.00,118729.00,118729.00
LOCAL,0314,Sewer Fund,28,City Treasurer's Office,2005,City Treasurer's Office,0005,SALARIES AND WAGES - ON PAYROLL,160585.00,160585.00,163029.00
LOCAL,0314,Sewer Fund,28,City Treasurer's Office,2005,City Treasurer's Office,0138,IT MAINTENANCE,56471.00,56471.00,56471.00
LOCAL,0314,Sewer Fund,28,City Treasurer's Office,2005,City Treasurer's Office,0140,PROFESSIONAL AND TECHNICAL SERVICES,57611.00,57611.00,57611.00
LOCAL,0610,Chicago Midway Airport Fund,28,City Treasurer's Office,2005,City Treasurer's Office,0005,SALARIES AND WAGES - ON PAYROLL,260072.00,260072.00,261590.00
LOCAL,0610,Chicago Midway Airport Fund,28,City Treasurer's Office,2005,City Treasurer's Office,0015,SCHEDULE SALARY ADJUSTMENTS,3608.00,3608.00,5942.00
LOCAL,0610,Chicago Midway Airport Fund,28,City Treasurer's Office,2005,City Treasurer's Office,0138,IT MAINTENANCE,78084.00,78084.00,78084.00
LOCAL,0610,Chicago Midway Airport Fund,28,City Treasurer's Office,2005,City Treasurer's Office,0140,PROFESSIONAL AND TECHNICAL SERVICES,97943.00,97943.00,97943.00
LOCAL,0740,Chicago O'Hare Airport Fund,28,City Treasurer's Office,2005,City Treasurer's Office,0005,SALARIES AND WAGES - ON PAYROLL,916161.00,916161.00,938224.00
LOCAL,0740,Chicago O'Hare Airport Fund,28,City Treasurer's Office,2005,City Treasurer's Office,0015,SCHEDULE SALARY ADJUSTMENTS,1532.00,1532.00,3084.00
LOCAL,0740,Chicago O'Hare Airport Fund,28,City Treasurer's Office,2005,City Treasurer's Office,0138,IT MAINTENANCE,125058.00,125058.00,125058.00
LOCAL,0740,Chicago O'Hare Airport Fund,28,City Treasurer's Office,2005,City Treasurer's Office,0140,PROFESSIONAL AND TECHNICAL SERVICES,291175.00,291175.00,291175.00
LOCAL,0B21,Tax Increment Financing Administration Fund,28,City Treasurer's Office,2005,City Treasurer's Office,0005,SALARIES AND WAGES - ON PAYROLL,375390.00,375390.00,406772.00
LOCAL,0B21,Tax Increment Financing Administration Fund,28,City Treasurer's Office,2005,City Treasurer's Office,0015,SCHEDULE SALARY ADJUSTMENTS,11673.00,11673.00,5701.00
LOCAL,0B21,Tax Increment Financing Administration Fund,28,City Treasurer's Office,2005,City Treasurer's Office,0138,IT MAINTENANCE,81908.00,81908.00,81908.00
LOCAL,0B21,Tax Increment Financing Administration Fund,28,City Treasurer's Office,2005,City Treasurer's Office,0140,PROFESSIONAL AND TECHNICAL SERVICES,35513.00,35513.00,35513.00
LOCAL,0100,Corporate Fund,30,Department of Administrative Hearings,2005,Department of Administrative Hearings,0005,SALARIES AND WAGES - ON PAYROLL,3354303.00,3354303.00,3317940.00
LOCAL,0100,Corporate Fund,30,Department of Administrative Hearings,2005,Department of Administrative Hearings,0015,SCHEDULE SALARY ADJUSTMENTS,34855.00,34855.00,41593.00
LOCAL,0100,Corporate Fund,30,Department of Administrative Hearings,2005,Department of Administrative Hearings,0020,OVERTIME,2700.00,2700.00,2000.00
LOCAL,0100,Corporate Fund,30,Department of Administrative Hearings,2005,Department of Administrative Hearings,0039,STUDENT AS TRAINEES,40457.00,40457.00,40460.00
LOCAL,0100,Corporate Fund,30,Department of Administrative Hearings,2005,Department of Administrative Hearings,0130,POSTAGE,69622.00,69622.00,90000.00
LOCAL,0100,Corporate Fund,30,Department of Administrative Hearings,2005,Department of Administrative Hearings,0138,IT MAINTENANCE,1110490.00,1110490.00,1176138.00
LOCAL,0100,Corporate Fund,30,Department of Administrative Hearings,2005,Department of Administrative Hearings,0140,PROFESSIONAL AND TECHNICAL SERVICES,3993922.00,3929515.00,3653276.00
LOCAL,0100,Corporate Fund,30,Department of Administrative Hearings,2005,Department of Administrative Hearings,0143,COURT REPORTING,51829.00,51829.00,45829.00
LOCAL,0100,Corporate Fund,30,Department of Administrative Hearings,2005,Department of Administrative Hearings,0159,LEASE/PURCHASE EQUIPMENT,51284.00,115691.00,30307.00
LOCAL,0100,Corporate Fund,30,Department of Administrative Hearings,2005,Department of Administrative Hearings,0162,REPAIR/MAINT EQUIPMENT,600.00,600.00,1375.00
LOCAL,0100,Corporate Fund,30,Department of Administrative Hearings,2005,Department of Administrative Hearings,0166,DUES  SUBSC & MEM,2350.00,2350.00,170.00
LOCAL,0100,Corporate Fund,30,Department of Administrative Hearings,2005,Department of Administrative Hearings,0169,TECHNICAL MEETING COSTS,470.00,470.00,470.00
LOCAL,0100,Corporate Fund,30,Department of Administrative Hearings,2005,Department of Administrative Hearings,0179,MESSENGER SERVICES,2850.00,2850.00,3850.00
LOCAL,0100,Corporate Fund,30,Department of Administrative Hearings,2005,Department of Administrative Hearings,0229,TRANSPORTATION AND EXPENSE ALLOWANCE,1750.00,1750.00,1750.00
LOCAL,0100,Corporate Fund,30,Department of Administrative Hearings,2005,Department of Administrative Hearings,0340,MATERIAL AND SUPPLIES,16320.00,16320.00,16968.00
LOCAL,0100,Corporate Fund,30,Department of Administrative Hearings,2005,Department of Administrative Hearings,0348,BOOKS AND RELATED MATERIAL,1000.00,1000.00,800.00
LOCAL,0100,Corporate Fund,30,Department of Administrative Hearings,2005,Department of Administrative Hearings,0350,STATIONERY AND OFFICE SUPPLIES,12440.00,12440.00,12440.00
LOCAL,0100,Corporate Fund,30,Department of Administrative Hearings,2005,Department of Administrative Hearings,9438,REIMBURSEMENT - FFM,21850.00,21850.00,21850.00
LOCAL,0100,Corporate Fund,31,Department of Law,2005,Department of Law,0005,SALARIES AND WAGES - ON PAYROLL,33418528.00,33418528.00,32857123.00
LOCAL,0100,Corporate Fund,31,Department of Law,2005,Department of Law,0015,SCHEDULE SALARY ADJUSTMENTS,154940.00,154940.00,161114.00
LOCAL,0100,Corporate Fund,31,Department of Law,2005,Department of Law,0020,OVERTIME,5000.00,5000.00,5000.00
LOCAL,0100,Corporate Fund,31,Department of Law,2005,Department of Law,0130,POSTAGE,117420.00,117420.00,81738.00
LOCAL,0100,Corporate Fund,31,Department of Law,2005,Department of Law,0138,IT MAINTENANCE,414373.00,414373.00,456733.00
LOCAL,0100,Corporate Fund,31,Department of Law,2005,Department of Law,0140,PROFESSIONAL AND TECHNICAL SERVICES,1051658.00,1051658.00,1314424.00
LOCAL,0100,Corporate Fund,31,Department of Law,2005,Department of Law,0141,APPRAISALS,10000.00,10000.00,10000.00
LOCAL,0100,Corporate Fund,31,Department of Law,2005,Department of Law,0143,COURT REPORTING,750478.00,750478.00,760325.00
LOCAL,0100,Corporate Fund,31,Department of Law,2005,Department of Law,0145,LEGAL EXPENSES,62437.00,62437.00,56193.00
LOCAL,0100,Corporate Fund,31,Department of Law,2005,Department of Law,0149,SOFTWARE MAINTENANCE AND LICENSING,561680.00,561680.00,309888.00
LOCAL,0100,Corporate Fund,31,Department of Law,2005,Department of Law,0150,OUTSIDE GRAPHIC SERVICES,14000.00,14000.00,8000.00
LOCAL,0100,Corporate Fund,31,Department of Law,2005,Department of Law,0157,RENTAL EQUIPMENT AND SERVICES,49883.00,49883.00,50886.00
LOCAL,0100,Corporate Fund,31,Department of Law,2005,Department of Law,0159,LEASE/PURCHASE EQUIPMENT,96934.00,96934.00,117246.00
LOCAL,0100,Corporate Fund,31,Department of Law,2005,Department of Law,0162,REPAIR/MAINT EQUIPMENT,1202.00,1202.00,4406.00
LOCAL,0100,Corporate Fund,31,Department of Law,2005,Department of Law,0166,DUES  SUBSC & MEM,129429.00,129429.00,153287.00
LOCAL,0100,Corporate Fund,31,Department of Law,2005,Department of Law,0169,TECHNICAL MEETING COSTS,46540.00,46540.00,46540.00
LOCAL,0100,Corporate Fund,31,Department of Law,2005,Department of Law,0178,FREIGHT AND EXPRESS CHARGES,7378.00,7378.00,7378.00
LOCAL,0100,Corporate Fund,31,Department of Law,2005,Department of Law,0229,TRANSPORTATION AND EXPENSE ALLOWANCE,4010.00,4010.00,3510.00
LOCAL,0100,Corporate Fund,31,Department of Law,2005,Department of Law,0245,REIMBURSEMENT TO TRAVELERS,35000.00,35000.00,17500.00
LOCAL,0100,Corporate Fund,31,Department of Law,2005,Department of Law,0270,LOCAL TRANSPORTATION,31750.00,31750.00,15875.00
LOCAL,0100,Corporate Fund,31,Department of Law,2005,Department of Law,0348,BOOKS AND RELATED MATERIAL,1800.00,1800.00,1800.00
LOCAL,0100,Corporate Fund,31,Department of Law,2005,Department of Law,0350,STATIONERY AND OFFICE SUPPLIES,54078.00,54078.00,45996.00
LOCAL,0100,Corporate Fund,31,Department of Law,2005,Department of Law,9438,REIMBURSEMENT - FFM,11000.00,11000.00,10683.00
LOCAL,0200,Water Fund,31,Department of Law,2005,Department of Law,0005,SALARIES AND WAGES - ON PAYROLL,1702377.00,1702377.00,1747585.00
LOCAL,0200,Water Fund,31,Department of Law,2005,Department of Law,0015,SCHEDULE SALARY ADJUSTMENTS,1004.00,1004.00,12041.00
LOCAL,0200,Water Fund,31,Department of Law,2005,Department of Law,0020,OVERTIME,470.00,470.00,470.00
LOCAL,0200,Water Fund,31,Department of Law,2005,Department of Law,0130,POSTAGE,4900.00,4900.00,4160.00
LOCAL,0200,Water Fund,31,Department of Law,2005,Department of Law,0138,IT MAINTENANCE,3200.00,3200.00,3200.00
LOCAL,0200,Water Fund,31,Department of Law,2005,Department of Law,0140,PROFESSIONAL AND TECHNICAL SERVICES,48517.00,48517.00,48517.00
LOCAL,0200,Water Fund,31,Department of Law,2005,Department of Law,0141,APPRAISALS,2500.00,2500.00,2500.00
LOCAL,0200,Water Fund,31,Department of Law,2005,Department of Law,0143,COURT REPORTING,49458.00,49458.00,49458.00
LOCAL,0200,Water Fund,31,Department of Law,2005,Department of Law,0145,LEGAL EXPENSES,12813.00,12813.00,12813.00
LOCAL,0200,Water Fund,31,Department of Law,2005,Department of Law,0149,SOFTWARE MAINTENANCE AND LICENSING,30600.00,30600.00,31340.00
LOCAL,0200,Water Fund,31,Department of Law,2005,Department of Law,0150,OUTSIDE GRAPHIC SERVICES,1000.00,1000.00,1000.00
LOCAL,0200,Water Fund,31,Department of Law,2005,Department of Law,0157,RENTAL EQUIPMENT AND SERVICES,772.00,772.00,772.00
LOCAL,0200,Water Fund,31,Department of Law,2005,Department of Law,0159,LEASE/PURCHASE EQUIPMENT,7832.00,7832.00,7832.00
LOCAL,0200,Water Fund,31,Department of Law,2005,Department of Law,0162,REPAIR/MAINT EQUIPMENT,1202.00,1202.00,1202.00
LOCAL,0200,Water Fund,31,Department of Law,2005,Department of Law,0166,DUES  SUBSC & MEM,1786.00,1786.00,1786.00
LOCAL,0200,Water Fund,31,Department of Law,2005,Department of Law,0169,TECHNICAL MEETING COSTS,5740.00,5740.00,5740.00
LOCAL,0200,Water Fund,31,Department of Law,2005,Department of Law,0178,FREIGHT AND EXPRESS CHARGES,644.00,644.00,644.00
LOCAL,0200,Water Fund,31,Department of Law,2005,Department of Law,0229,TRANSPORTATION AND EXPENSE ALLOWANCE,230.00,230.00,230.00
LOCAL,0200,Water Fund,31,Department of Law,2005,Department of Law,0245,REIMBURSEMENT TO TRAVELERS,2200.00,2200.00,2200.00
LOCAL,0200,Water Fund,31,Department of Law,2005,Department of Law,0270,LOCAL TRANSPORTATION,1788.00,1788.00,1788.00
LOCAL,0200,Water Fund,31,Department of Law,2005,Department of Law,0348,BOOKS AND RELATED MATERIAL,150.00,150.00,150.00
LOCAL,0200,Water Fund,31,Department of Law,2005,Department of Law,0350,STATIONERY AND OFFICE SUPPLIES,3689.00,3689.00,3689.00
LOCAL,0200,Water Fund,31,Department of Law,2005,Department of Law,9438,REIMBURSEMENT - FFM,1323.00,1323.00,1323.00
LOCAL,0300,Vehicle Tax Fund,31,Department of Law,2005,Department of Law,0005,SALARIES AND WAGES - ON PAYROLL,2115024.00,2115024.00,2096187.00
LOCAL,0300,Vehicle Tax Fund,31,Department of Law,2005,Department of Law,0015,SCHEDULE SALARY ADJUSTMENTS,11314.00,11314.00,4644.00
LOCAL,0300,Vehicle Tax Fund,31,Department of Law,2005,Department of Law,0020,OVERTIME,360.00,360.00,470.00
LOCAL,0300,Vehicle Tax Fund,31,Department of Law,2005,Department of Law,0130,POSTAGE,7380.00,7380.00,3437.00
LOCAL,0300,Vehicle Tax Fund,31,Department of Law,2005,Department of Law,0138,IT MAINTENANCE,2200.00,2200.00,2200.00
LOCAL,0300,Vehicle Tax Fund,31,Department of Law,2005,Department of Law,0140,PROFESSIONAL AND TECHNICAL SERVICES,42620.00,42620.00,55763.00
LOCAL,0300,Vehicle Tax Fund,31,Department of Law,2005,Department of Law,0141,APPRAISALS,3000.00,3000.00,2500.00
LOCAL,0300,Vehicle Tax Fund,31,Department of Law,2005,Department of Law,0143,COURT REPORTING,45963.00,45963.00,27584.00
LOCAL,0300,Vehicle Tax Fund,31,Department of Law,2005,Department of Law,0145,LEGAL EXPENSES,3390.00,3390.00,12813.00
LOCAL,0300,Vehicle Tax Fund,31,Department of Law,2005,Department of Law,0149,SOFTWARE MAINTENANCE AND LICENSING,27270.00,27270.00,28412.00
LOCAL,0300,Vehicle Tax Fund,31,Department of Law,2005,Department of Law,0150,OUTSIDE GRAPHIC SERVICES,1190.00,1190.00,1445.00
LOCAL,0300,Vehicle Tax Fund,31,Department of Law,2005,Department of Law,0157,RENTAL EQUIPMENT AND SERVICES,360.00,360.00,772.00
LOCAL,0300,Vehicle Tax Fund,31,Department of Law,2005,Department of Law,0159,LEASE/PURCHASE EQUIPMENT,9783.00,9783.00,5832.00
LOCAL,0300,Vehicle Tax Fund,31,Department of Law,2005,Department of Law,0162,REPAIR/MAINT EQUIPMENT,100.00,100.00,1202.00
LOCAL,0300,Vehicle Tax Fund,31,Department of Law,2005,Department of Law,0166,DUES  SUBSC & MEM,1723.00,1723.00,1786.00
LOCAL,0300,Vehicle Tax Fund,31,Department of Law,2005,Department of Law,0169,TECHNICAL MEETING COSTS,4300.00,4300.00,3840.00
LOCAL,0300,Vehicle Tax Fund,31,Department of Law,2005,Department of Law,0178,FREIGHT AND EXPRESS CHARGES,310.00,310.00,644.00
LOCAL,0300,Vehicle Tax Fund,31,Department of Law,2005,Department of Law,0229,TRANSPORTATION AND EXPENSE ALLOWANCE,175.00,175.00,230.00
LOCAL,0300,Vehicle Tax Fund,31,Department of Law,2005,Department of Law,0245,REIMBURSEMENT TO TRAVELERS,1500.00,1500.00,1000.00
LOCAL,0300,Vehicle Tax Fund,31,Department of Law,2005,Department of Law,0270,LOCAL TRANSPORTATION,816.00,816.00,1500.00
LOCAL,0300,Vehicle Tax Fund,31,Department of Law,2005,Department of Law,0348,BOOKS AND RELATED MATERIAL,150.00,150.00,150.00
LOCAL,0300,Vehicle Tax Fund,31,Department of Law,2005,Department of Law,0350,STATIONERY AND OFFICE SUPPLIES,2886.00,2886.00,3689.00
LOCAL,0300,Vehicle Tax Fund,31,Department of Law,2005,Department of Law,9438,REIMBURSEMENT - FFM,1006.00,1006.00,1323.00
LOCAL,0314,Sewer Fund,31,Department of Law,2005,Department of Law,0005,SALARIES AND WAGES - ON PAYROLL,879713.00,879713.00,905823.00
LOCAL,0314,Sewer Fund,31,Department of Law,2005,Department of Law,0020,OVERTIME,200.00,200.00,200.00
LOCAL,0314,Sewer Fund,31,Department of Law,2005,Department of Law,0130,POSTAGE,2757.00,2757.00,1414.00
LOCAL,0314,Sewer Fund,31,Department of Law,2005,Department of Law,0138,IT MAINTENANCE,2000.00,2000.00,2000.00
LOCAL,0314,Sewer Fund,31,Department of Law,2005,Department of Law,0140,PROFESSIONAL AND TECHNICAL SERVICES,27404.00,27404.00,31067.00
LOCAL,0314,Sewer Fund,31,Department of Law,2005,Department of Law,0141,APPRAISALS,800.00,800.00,800.00
LOCAL,0314,Sewer Fund,31,Department of Law,2005,Department of Law,0143,COURT REPORTING,21578.00,21578.00,21578.00
LOCAL,0314,Sewer Fund,31,Department of Law,2005,Department of Law,0145,LEGAL EXPENSES,4685.00,4685.00,815.00
LOCAL,0314,Sewer Fund,31,Department of Law,2005,Department of Law,0149,SOFTWARE MAINTENANCE AND LICENSING,23600.00,23600.00,24070.00
LOCAL,0314,Sewer Fund,31,Department of Law,2005,Department of Law,0150,OUTSIDE GRAPHIC SERVICES,800.00,800.00,1010.00
LOCAL,0314,Sewer Fund,31,Department of Law,2005,Department of Law,0157,RENTAL EQUIPMENT AND SERVICES,210.00,210.00,1080.00
LOCAL,0314,Sewer Fund,31,Department of Law,2005,Department of Law,0159,LEASE/PURCHASE EQUIPMENT,5376.00,5376.00,5376.00
LOCAL,0314,Sewer Fund,31,Department of Law,2005,Department of Law,0162,REPAIR/MAINT EQUIPMENT,100.00,100.00,100.00
LOCAL,0314,Sewer Fund,31,Department of Law,2005,Department of Law,0166,DUES  SUBSC & MEM,1750.00,1750.00,1750.00
LOCAL,0314,Sewer Fund,31,Department of Law,2005,Department of Law,0169,TECHNICAL MEETING COSTS,4020.00,4020.00,4020.00
LOCAL,0314,Sewer Fund,31,Department of Law,2005,Department of Law,0178,FREIGHT AND EXPRESS CHARGES,270.00,270.00,270.00
LOCAL,0314,Sewer Fund,31,Department of Law,2005,Department of Law,0229,TRANSPORTATION AND EXPENSE ALLOWANCE,140.00,140.00,140.00
LOCAL,0314,Sewer Fund,31,Department of Law,2005,Department of Law,0245,REIMBURSEMENT TO TRAVELERS,1750.00,1750.00,1750.00
LOCAL,0314,Sewer Fund,31,Department of Law,2005,Department of Law,0270,LOCAL TRANSPORTATION,932.00,932.00,932.00
LOCAL,0314,Sewer Fund,31,Department of Law,2005,Department of Law,0348,BOOKS AND RELATED MATERIAL,150.00,150.00,150.00
LOCAL,0314,Sewer Fund,31,Department of Law,2005,Department of Law,0350,STATIONERY AND OFFICE SUPPLIES,2244.00,2244.00,2244.00
LOCAL,0314,Sewer Fund,31,Department of Law,2005,Department of Law,9438,REIMBURSEMENT - FFM,805.00,805.00,805.00
LOCAL,0610,Chicago Midway Airport Fund,31,Department of Law,2005,Department of Law,0005,SALARIES AND WAGES - ON PAYROLL,434544.00,434544.00,420729.00
LOCAL,0610,Chicago Midway Airport Fund,31,Department of Law,2005,Department of Law,0015,SCHEDULE SALARY ADJUSTMENTS,0.00,0.00,6409.00
LOCAL,0610,Chicago Midway Airport Fund,31,Department of Law,2005,Department of Law,0130,POSTAGE,2370.00,2370.00,3297.00
LOCAL,0610,Chicago Midway Airport Fund,31,Department of Law,2005,Department of Law,0138,IT MAINTENANCE,1800.00,1800.00,1800.00
LOCAL,0610,Chicago Midway Airport Fund,31,Department of Law,2005,Department of Law,0140,PROFESSIONAL AND TECHNICAL SERVICES,27197.00,27197.00,18300.00
LOCAL,0610,Chicago Midway Airport Fund,31,Department of Law,2005,Department of Law,0141,APPRAISALS,1200.00,1200.00,1200.00
LOCAL,0610,Chicago Midway Airport Fund,31,Department of Law,2005,Department of Law,0143,COURT REPORTING,5138.00,5138.00,7000.00
LOCAL,0610,Chicago Midway Airport Fund,31,Department of Law,2005,Department of Law,0145,LEGAL EXPENSES,3272.00,3272.00,3700.00
LOCAL,0610,Chicago Midway Airport Fund,31,Department of Law,2005,Department of Law,0149,SOFTWARE MAINTENANCE AND LICENSING,21640.00,21640.00,21843.00
LOCAL,0610,Chicago Midway Airport Fund,31,Department of Law,2005,Department of Law,0150,OUTSIDE GRAPHIC SERVICES,800.00,800.00,1000.00
LOCAL,0610,Chicago Midway Airport Fund,31,Department of Law,2005,Department of Law,0157,RENTAL EQUIPMENT AND SERVICES,325.00,325.00,725.00
LOCAL,0610,Chicago Midway Airport Fund,31,Department of Law,2005,Department of Law,0159,LEASE/PURCHASE EQUIPMENT,5760.00,5760.00,5760.00
LOCAL,0610,Chicago Midway Airport Fund,31,Department of Law,2005,Department of Law,0162,REPAIR/MAINT EQUIPMENT,100.00,100.00,100.00
LOCAL,0610,Chicago Midway Airport Fund,31,Department of Law,2005,Department of Law,0166,DUES  SUBSC & MEM,1705.00,1705.00,2400.00
LOCAL,0610,Chicago Midway Airport Fund,31,Department of Law,2005,Department of Law,0169,TECHNICAL MEETING COSTS,4165.00,4165.00,6000.00
LOCAL,0610,Chicago Midway Airport Fund,31,Department of Law,2005,Department of Law,0178,FREIGHT AND EXPRESS CHARGES,301.00,301.00,496.00
LOCAL,0610,Chicago Midway Airport Fund,31,Department of Law,2005,Department of Law,0229,TRANSPORTATION AND EXPENSE ALLOWANCE,150.00,150.00,300.00
LOCAL,0610,Chicago Midway Airport Fund,31,Department of Law,2005,Department of Law,0245,REIMBURSEMENT TO TRAVELERS,4200.00,4200.00,4200.00
LOCAL,0610,Chicago Midway Airport Fund,31,Department of Law,2005,Department of Law,0270,LOCAL TRANSPORTATION,777.00,777.00,1000.00
LOCAL,0610,Chicago Midway Airport Fund,31,Department of Law,2005,Department of Law,0348,BOOKS AND RELATED MATERIAL,100.00,100.00,150.00
LOCAL,0610,Chicago Midway Airport Fund,31,Department of Law,2005,Department of Law,0350,STATIONERY AND OFFICE SUPPLIES,2398.00,2398.00,4127.00
LOCAL,0610,Chicago Midway Airport Fund,31,Department of Law,2005,Department of Law,9438,REIMBURSEMENT - FFM,863.00,863.00,863.00
LOCAL,0740,Chicago O'Hare Airport Fund,31,Department of Law,2005,Department of Law,0005,SALARIES AND WAGES - ON PAYROLL,2193828.00,2193828.00,2448766.00
LOCAL,0740,Chicago O'Hare Airport Fund,31,Department of Law,2005,Department of Law,0015,SCHEDULE SALARY ADJUSTMENTS,1386.00,1386.00,987.00
LOCAL,0740,Chicago O'Hare Airport Fund,31,Department of Law,2005,Department of Law,0020,OVERTIME,400.00,400.00,400.00
LOCAL,0740,Chicago O'Hare Airport Fund,31,Department of Law,2005,Department of Law,0130,POSTAGE,2788.00,2788.00,1511.00
LOCAL,0740,Chicago O'Hare Airport Fund,31,Department of Law,2005,Department of Law,0138,IT MAINTENANCE,3800.00,3800.00,3800.00
LOCAL,0740,Chicago O'Hare Airport Fund,31,Department of Law,2005,Department of Law,0140,PROFESSIONAL AND TECHNICAL SERVICES,49576.00,49576.00,61671.00
LOCAL,0740,Chicago O'Hare Airport Fund,31,Department of Law,2005,Department of Law,0141,APPRAISALS,1500.00,1500.00,1000.00
LOCAL,0740,Chicago O'Hare Airport Fund,31,Department of Law,2005,Department of Law,0143,COURT REPORTING,14385.00,14385.00,10000.00
LOCAL,0740,Chicago O'Hare Airport Fund,31,Department of Law,2005,Department of Law,0145,LEGAL EXPENSES,4651.00,4651.00,4300.00
LOCAL,0740,Chicago O'Hare Airport Fund,31,Department of Law,2005,Department of Law,0149,SOFTWARE MAINTENANCE AND LICENSING,22200.00,22200.00,21318.00
LOCAL,0740,Chicago O'Hare Airport Fund,31,Department of Law,2005,Department of Law,0150,OUTSIDE GRAPHIC SERVICES,1600.00,1600.00,1000.00
LOCAL,0740,Chicago O'Hare Airport Fund,31,Department of Law,2005,Department of Law,0157,RENTAL EQUIPMENT AND SERVICES,450.00,450.00,2815.00
LOCAL,0740,Chicago O'Hare Airport Fund,31,Department of Law,2005,Department of Law,0159,LEASE/PURCHASE EQUIPMENT,7500.00,7500.00,7500.00
LOCAL,0740,Chicago O'Hare Airport Fund,31,Department of Law,2005,Department of Law,0162,REPAIR/MAINT EQUIPMENT,100.00,100.00,100.00
LOCAL,0740,Chicago O'Hare Airport Fund,31,Department of Law,2005,Department of Law,0166,DUES  SUBSC & MEM,2875.00,2875.00,2875.00
LOCAL,0740,Chicago O'Hare Airport Fund,31,Department of Law,2005,Department of Law,0169,TECHNICAL MEETING COSTS,4680.00,4680.00,3680.00
LOCAL,0740,Chicago O'Hare Airport Fund,31,Department of Law,2005,Department of Law,0178,FREIGHT AND EXPRESS CHARGES,597.00,597.00,597.00
LOCAL,0740,Chicago O'Hare Airport Fund,31,Department of Law,2005,Department of Law,0229,TRANSPORTATION AND EXPENSE ALLOWANCE,295.00,295.00,295.00
LOCAL,0740,Chicago O'Hare Airport Fund,31,Department of Law,2005,Department of Law,0245,REIMBURSEMENT TO TRAVELERS,5350.00,5350.00,1654.00
LOCAL,0740,Chicago O'Hare Airport Fund,31,Department of Law,2005,Department of Law,0270,LOCAL TRANSPORTATION,1437.00,1437.00,1437.00
LOCAL,0740,Chicago O'Hare Airport Fund,31,Department of Law,2005,Department of Law,0348,BOOKS AND RELATED MATERIAL,150.00,150.00,150.00
LOCAL,0740,Chicago O'Hare Airport Fund,31,Department of Law,2005,Department of Law,0350,STATIONERY AND OFFICE SUPPLIES,4794.00,4794.00,3025.00
LOCAL,0740,Chicago O'Hare Airport Fund,31,Department of Law,2005,Department of Law,9438,REIMBURSEMENT - FFM,1253.00,1253.00,1253.00
LOCAL,0B21,Tax Increment Financing Administration Fund,31,Department of Law,2005,Department of Law,0005,SALARIES AND WAGES - ON PAYROLL,1202550.00,1202550.00,1020677.00
LOCAL,0B21,Tax Increment Financing Administration Fund,31,Department of Law,2005,Department of Law,0015,SCHEDULE SALARY ADJUSTMENTS,4992.00,4992.00,2040.00
LOCAL,0100,Corporate Fund,33,Department of Human Resources,2005,Department of Human Resources,0005,SALARIES AND WAGES - ON PAYROLL,10129803.00,10129803.00,10329688.00
LOCAL,0100,Corporate Fund,33,Department of Human Resources,2005,Department of Human Resources,0015,SCHEDULE SALARY ADJUSTMENTS,144798.00,144798.00,159972.00
LOCAL,0100,Corporate Fund,33,Department of Human Resources,2005,Department of Human Resources,0039,STUDENT AS TRAINEES,118272.00,118272.00,59277.00
LOCAL,0100,Corporate Fund,33,Department of Human Resources,2005,Department of Human Resources,0050,STIPENDS,21000.00,21000.00,21000.00
LOCAL,0100,Corporate Fund,33,Department of Human Resources,2005,Department of Human Resources,0130,POSTAGE,13300.00,13300.00,7564.00
LOCAL,0100,Corporate Fund,33,Department of Human Resources,2005,Department of Human Resources,0140,PROFESSIONAL AND TECHNICAL SERVICES,446548.00,446548.00,482373.00
LOCAL,0100,Corporate Fund,33,Department of Human Resources,2005,Department of Human Resources,0143,COURT REPORTING,55993.00,55993.00,55993.00
LOCAL,0100,Corporate Fund,33,Department of Human Resources,2005,Department of Human Resources,0149,SOFTWARE MAINTENANCE AND LICENSING,45366.00,45366.00,41681.00
LOCAL,0100,Corporate Fund,33,Department of Human Resources,2005,Department of Human Resources,0152,ADVERTISING,160500.00,160500.00,161700.00
LOCAL,0100,Corporate Fund,33,Department of Human Resources,2005,Department of Human Resources,0159,LEASE/PURCHASE EQUIPMENT,62113.00,62113.00,78350.00
LOCAL,0100,Corporate Fund,33,Department of Human Resources,2005,Department of Human Resources,0162,REPAIR/MAINT EQUIPMENT,8300.00,8300.00,9100.00
LOCAL,0100,Corporate Fund,33,Department of Human Resources,2005,Department of Human Resources,0166,DUES  SUBSC & MEM,42175.00,42175.00,51018.00
LOCAL,0100,Corporate Fund,33,Department of Human Resources,2005,Department of Human Resources,0169,TECHNICAL MEETING COSTS,86350.00,86350.00,17800.00
LOCAL,0100,Corporate Fund,33,Department of Human Resources,2005,Department of Human Resources,0178,FREIGHT AND EXPRESS CHARGES,500.00,500.00,200.00
LOCAL,0100,Corporate Fund,33,Department of Human Resources,2005,Department of Human Resources,0270,LOCAL TRANSPORTATION,2560.00,2560.00,2010.00
LOCAL,0100,Corporate Fund,33,Department of Human Resources,2005,Department of Human Resources,0340,MATERIAL AND SUPPLIES,27055.00,27055.00,27045.00
LOCAL,0100,Corporate Fund,33,Department of Human Resources,2005,Department of Human Resources,0350,STATIONERY AND OFFICE SUPPLIES,15500.00,15500.00,9500.00
LOCAL,0100,Corporate Fund,33,Department of Human Resources,2005,Department of Human Resources,9438,REIMBURSEMENT - FFM,10000.00,10000.00,14000.00
LOCAL,0200,Water Fund,33,Department of Human Resources,2005,Department of Human Resources,0005,SALARIES AND WAGES - ON PAYROLL,343172.00,343172.00,303057.00
LOCAL,0200,Water Fund,33,Department of Human Resources,2005,Department of Human Resources,0140,PROFESSIONAL AND TECHNICAL SERVICES,3808.00,3808.00,3808.00
LOCAL,0200,Water Fund,33,Department of Human Resources,2005,Department of Human Resources,0350,STATIONERY AND OFFICE SUPPLIES,208.00,208.00,208.00
LOCAL,0300,Vehicle Tax Fund,33,Department of Human Resources,2005,Department of Human Resources,0005,SALARIES AND WAGES - ON PAYROLL,55920.00,55920.00,54000.00
LOCAL,0610,Chicago Midway Airport Fund,33,Department of Human Resources,2005,Department of Human Resources,0005,SALARIES AND WAGES - ON PAYROLL,129425.00,129425.00,133313.00
LOCAL,0740,Chicago O'Hare Airport Fund,33,Department of Human Resources,2005,Department of Human Resources,0005,SALARIES AND WAGES - ON PAYROLL,472597.00,472597.00,488955.00
LOCAL,0740,Chicago O'Hare Airport Fund,33,Department of Human Resources,2005,Department of Human Resources,0015,SCHEDULE SALARY ADJUSTMENTS,0.00,0.00,2784.00
LOCAL,0740,Chicago O'Hare Airport Fund,33,Department of Human Resources,2005,Department of Human Resources,0130,POSTAGE,295.00,295.00,295.00
LOCAL,0740,Chicago O'Hare Airport Fund,33,Department of Human Resources,2005,Department of Human Resources,0140,PROFESSIONAL AND TECHNICAL SERVICES,5950.00,5950.00,5950.00
LOCAL,0100,Corporate Fund,35,Department of Procurement Services,2005,Department of Procurement Services,0005,SALARIES AND WAGES - ON PAYROLL,9763734.00,9763734.00,9170354.00
LOCAL,0100,Corporate Fund,35,Department of Procurement Services,2005,Department of Procurement Services,0012,CONTRACT WAGE - PREVAILING RATE,3600.00,3600.00,3164.00
LOCAL,0100,Corporate Fund,35,Department of Procurement Services,2005,Department of Procurement Services,0015,SCHEDULE SALARY ADJUSTMENTS,194631.00,194631.00,170323.00
LOCAL,0100,Corporate Fund,35,Department of Procurement Services,2005,Department of Procurement Services,0039,STUDENT AS TRAINEES,15800.00,15800.00,30000.00
LOCAL,0100,Corporate Fund,35,Department of Procurement Services,2005,Department of Procurement Services,0130,POSTAGE,5721.00,5721.00,2021.00
LOCAL,0100,Corporate Fund,35,Department of Procurement Services,2005,Department of Procurement Services,0138,IT MAINTENANCE,205760.00,205760.00,205210.00
LOCAL,0100,Corporate Fund,35,Department of Procurement Services,2005,Department of Procurement Services,0140,PROFESSIONAL AND TECHNICAL SERVICES,1292200.00,1292200.00,1188654.00
LOCAL,0100,Corporate Fund,35,Department of Procurement Services,2005,Department of Procurement Services,0149,SOFTWARE MAINTENANCE AND LICENSING,19565.00,19565.00,10550.00
LOCAL,0100,Corporate Fund,35,Department of Procurement Services,2005,Department of Procurement Services,0152,ADVERTISING,66000.00,66000.00,60000.00
LOCAL,0100,Corporate Fund,35,Department of Procurement Services,2005,Department of Procurement Services,0157,RENTAL EQUIPMENT AND SERVICES,38497.00,38497.00,29497.00
LOCAL,0100,Corporate Fund,35,Department of Procurement Services,2005,Department of Procurement Services,0159,LEASE/PURCHASE EQUIPMENT,20300.00,20300.00,20300.00
LOCAL,0100,Corporate Fund,35,Department of Procurement Services,2005,Department of Procurement Services,0160,REPAIR/MAINT PROPERTY,23280.00,23280.00,15280.00
LOCAL,0100,Corporate Fund,35,Department of Procurement Services,2005,Department of Procurement Services,0162,REPAIR/MAINT EQUIPMENT,22056.00,22056.00,22056.00
LOCAL,0100,Corporate Fund,35,Department of Procurement Services,2005,Department of Procurement Services,0166,DUES  SUBSC & MEM,21565.00,21565.00,18130.00
LOCAL,0100,Corporate Fund,35,Department of Procurement Services,2005,Department of Procurement Services,0168,EDUCATION DEVELOPMENT,3600.00,3600.00,10000.00
LOCAL,0100,Corporate Fund,35,Department of Procurement Services,2005,Department of Procurement Services,0171,MISCELLANEOUS SUPPLIES,26500.00,26500.00,17500.00
LOCAL,0100,Corporate Fund,35,Department of Procurement Services,2005,Department of Procurement Services,0178,FREIGHT AND EXPRESS CHARGES,500.00,500.00,500.00
LOCAL,0100,Corporate Fund,35,Department of Procurement Services,2005,Department of Procurement Services,0229,TRANSPORTATION AND EXPENSE ALLOWANCE,200.00,200.00,200.00
LOCAL,0100,Corporate Fund,35,Department of Procurement Services,2005,Department of Procurement Services,0245,REIMBURSEMENT TO TRAVELERS,25000.00,25000.00,50000.00
LOCAL,0100,Corporate Fund,35,Department of Procurement Services,2005,Department of Procurement Services,0270,LOCAL TRANSPORTATION,290.00,290.00,290.00
LOCAL,0100,Corporate Fund,35,Department of Procurement Services,2005,Department of Procurement Services,0340,MATERIAL AND SUPPLIES,3750.00,3750.00,6550.00
LOCAL,0100,Corporate Fund,35,Department of Procurement Services,2005,Department of Procurement Services,0350,STATIONERY AND OFFICE SUPPLIES,22873.00,22873.00,22873.00
LOCAL,0100,Corporate Fund,35,Department of Procurement Services,2005,Department of Procurement Services,0446,PURCHASE - IT HARDWARE,11400.00,11400.00,8400.00
LOCAL,0100,Corporate Fund,35,Department of Procurement Services,2005,Department of Procurement Services,9438,REIMBURSEMENT - FFM,25000.00,25000.00,25000.00
LOCAL,0200,Water Fund,35,Department of Procurement Services,2005,Department of Procurement Services,0005,SALARIES AND WAGES - ON PAYROLL,418964.00,418964.00,464616.00
LOCAL,0200,Water Fund,35,Department of Procurement Services,2005,Department of Procurement Services,0015,SCHEDULE SALARY ADJUSTMENTS,9091.00,9091.00,8773.00
LOCAL,0300,Vehicle Tax Fund,35,Department of Procurement Services,2005,Department of Procurement Services,0005,SALARIES AND WAGES - ON PAYROLL,138432.00,138432.00,147084.00
LOCAL,0300,Vehicle Tax Fund,35,Department of Procurement Services,2005,Department of Procurement Services,0015,SCHEDULE SALARY ADJUSTMENTS,3900.00,3900.00,2070.00
LOCAL,0610,Chicago Midway Airport Fund,35,Department of Procurement Services,2005,Department of Procurement Services,0005,SALARIES AND WAGES - ON PAYROLL,366198.00,366198.00,412636.00
LOCAL,0610,Chicago Midway Airport Fund,35,Department of Procurement Services,2005,Department of Procurement Services,0015,SCHEDULE SALARY ADJUSTMENTS,3900.00,3900.00,2070.00
LOCAL,0610,Chicago Midway Airport Fund,35,Department of Procurement Services,2005,Department of Procurement Services,0140,PROFESSIONAL AND TECHNICAL SERVICES,10000.00,10000.00,10000.00
LOCAL,0610,Chicago Midway Airport Fund,35,Department of Procurement Services,2005,Department of Procurement Services,0350,STATIONERY AND OFFICE SUPPLIES,200.00,200.00,200.00
LOCAL,0740,Chicago O'Hare Airport Fund,35,Department of Procurement Services,2005,Department of Procurement Services,0005,SALARIES AND WAGES - ON PAYROLL,1776037.00,1776037.00,1782405.00
LOCAL,0740,Chicago O'Hare Airport Fund,35,Department of Procurement Services,2005,Department of Procurement Services,0015,SCHEDULE SALARY ADJUSTMENTS,27954.00,27954.00,22486.00
LOCAL,0740,Chicago O'Hare Airport Fund,35,Department of Procurement Services,2005,Department of Procurement Services,0140,PROFESSIONAL AND TECHNICAL SERVICES,38000.00,38000.00,38000.00
LOCAL,0740,Chicago O'Hare Airport Fund,35,Department of Procurement Services,2005,Department of Procurement Services,0270,LOCAL TRANSPORTATION,300.00,300.00,300.00
LOCAL,0740,Chicago O'Hare Airport Fund,35,Department of Procurement Services,2005,Department of Procurement Services,0350,STATIONERY AND OFFICE SUPPLIES,600.00,600.00,600.00
LOCAL,0100,Corporate Fund,38,Department of Fleet and Facility Management,2103,Bureau of Finance and Administration,0005,SALARIES AND WAGES - ON PAYROLL,3249139.00,3249139.00,3490623.00
LOCAL,0100,Corporate Fund,38,Department of Fleet and Facility Management,2103,Bureau of Finance and Administration,0015,SCHEDULE SALARY ADJUSTMENTS,52939.00,52939.00,69964.00
LOCAL,0100,Corporate Fund,38,Department of Fleet and Facility Management,2103,Bureau of Finance and Administration,0039,STUDENT AS TRAINEES,10000.00,10000.00,42330.00
LOCAL,0100,Corporate Fund,38,Department of Fleet and Facility Management,2103,Bureau of Finance and Administration,0140,PROFESSIONAL AND TECHNICAL SERVICES,31525.00,31525.00,31525.00
LOCAL,0100,Corporate Fund,38,Department of Fleet and Facility Management,2103,Bureau of Finance and Administration,0148,TESTING AND INSPECTING,500.00,500.00,500.00
LOCAL,0100,Corporate Fund,38,Department of Fleet and Facility Management,2103,Bureau of Finance and Administration,0149,SOFTWARE MAINTENANCE AND LICENSING,0.00,0.00,6000.00
LOCAL,0100,Corporate Fund,38,Department of Fleet and Facility Management,2103,Bureau of Finance and Administration,0152,ADVERTISING,3700.00,3700.00,2000.00
LOCAL,0100,Corporate Fund,38,Department of Fleet and Facility Management,2103,Bureau of Finance and Administration,0159,LEASE/PURCHASE EQUIPMENT,89000.00,89000.00,89000.00
LOCAL,0100,Corporate Fund,38,Department of Fleet and Facility Management,2103,Bureau of Finance and Administration,0166,DUES  SUBSC & MEM,0.00,0.00,500.00
LOCAL,0100,Corporate Fund,38,Department of Fleet and Facility Management,2103,Bureau of Finance and Administration,0340,MATERIAL AND SUPPLIES,4500.00,4500.00,4500.00
LOCAL,0100,Corporate Fund,38,Department of Fleet and Facility Management,2103,Bureau of Finance and Administration,0350,STATIONERY AND OFFICE SUPPLIES,55363.00,55363.00,55363.00
LOCAL,0100,Corporate Fund,38,Department of Fleet and Facility Management,2103,Bureau of Finance and Administration,0446,PURCHASE - IT HARDWARE,0.00,0.00,30000.00
LOCAL,0100,Corporate Fund,38,Department of Fleet and Facility Management,2126,Bureau of Facility Management,0005,SALARIES AND WAGES - ON PAYROLL,35953912.00,35953912.00,35180143.00
LOCAL,0100,Corporate Fund,38,Department of Fleet and Facility Management,2126,Bureau of Facility Management,0012,CONTRACT WAGE - PREVAILING RATE,392250.00,392250.00,500579.00
LOCAL,0100,Corporate Fund,38,Department of Fleet and Facility Management,2126,Bureau of Facility Management,0015,SCHEDULE SALARY ADJUSTMENTS,48959.00,48959.00,59164.00
LOCAL,0100,Corporate Fund,38,Department of Fleet and Facility Management,2126,Bureau of Facility Management,0020,OVERTIME,1650300.00,1650300.00,1765821.00
LOCAL,0100,Corporate Fund,38,Department of Fleet and Facility Management,2126,Bureau of Facility Management,0091,UNIFORM ALLOWANCE,40000.00,40000.00,44000.00
LOCAL,0100,Corporate Fund,38,Department of Fleet and Facility Management,2126,Bureau of Facility Management,0125,OFFICE AND BUILDING SERVICES,30740210.00,30740210.00,30817450.00
LOCAL,0100,Corporate Fund,38,Department of Fleet and Facility Management,2126,Bureau of Facility Management,0130,POSTAGE,30000.00,30000.00,35000.00
LOCAL,0100,Corporate Fund,38,Department of Fleet and Facility Management,2126,Bureau of Facility Management,0140,PROFESSIONAL AND TECHNICAL SERVICES,10627158.00,10627158.00,9270315.00
LOCAL,0100,Corporate Fund,38,Department of Fleet and Facility Management,2126,Bureau of Facility Management,0149,SOFTWARE MAINTENANCE AND LICENSING,430000.00,430000.00,445209.00
LOCAL,0100,Corporate Fund,38,Department of Fleet and Facility Management,2126,Bureau of Facility Management,0157,RENTAL EQUIPMENT AND SERVICES,1585040.00,1585040.00,1613535.00
LOCAL,0100,Corporate Fund,38,Department of Fleet and Facility Management,2126,Bureau of Facility Management,0160,REPAIR/MAINT PROPERTY,3733000.00,3733000.00,4992310.00
LOCAL,0100,Corporate Fund,38,Department of Fleet and Facility Management,2126,Bureau of Facility Management,0161,MAINT FACILITIES,5000000.00,5000000.00,2000000.00
LOCAL,0100,Corporate Fund,38,Department of Fleet and Facility Management,2126,Bureau of Facility Management,0162,REPAIR/MAINT EQUIPMENT,4043260.00,4043260.00,4783912.00
LOCAL,0100,Corporate Fund,38,Department of Fleet and Facility Management,2126,Bureau of Facility Management,0313,CLEANING AND SANITATION SUPPLIES,1384300.00,1384300.00,1420516.00
LOCAL,0100,Corporate Fund,38,Department of Fleet and Facility Management,2126,Bureau of Facility Management,0319,CLOTHING,88250.00,88250.00,91200.00
LOCAL,0100,Corporate Fund,38,Department of Fleet and Facility Management,2126,Bureau of Facility Management,0340,MATERIAL AND SUPPLIES,5625000.00,5625000.00,6351000.00
LOCAL,0100,Corporate Fund,38,Department of Fleet and Facility Management,2126,Bureau of Facility Management,0342,DRUGS  MEDICINE AND CHEMICAL MATERIALS,1440.00,1440.00,1440.00
LOCAL,0100,Corporate Fund,38,Department of Fleet and Facility Management,2126,Bureau of Facility Management,9188,MILLENNIUM PARK OPERATIONS,0.00,0.00,4952305.00
LOCAL,0100,Corporate Fund,38,Department of Fleet and Facility Management,2131,Bureau of Asset Management,0005,SALARIES AND WAGES - ON PAYROLL,4356479.00,4356479.00,4118779.00
LOCAL,0100,Corporate Fund,38,Department of Fleet and Facility Management,2131,Bureau of Asset Management,0015,SCHEDULE SALARY ADJUSTMENTS,46500.00,46500.00,45673.00
LOCAL,0100,Corporate Fund,38,Department of Fleet and Facility Management,2131,Bureau of Asset Management,0020,OVERTIME,10980.00,10980.00,10980.00
LOCAL,0100,Corporate Fund,38,Department of Fleet and Facility Management,2131,Bureau of Asset Management,0140,PROFESSIONAL AND TECHNICAL SERVICES,1467120.00,1717120.00,1381316.00
LOCAL,0100,Corporate Fund,38,Department of Fleet and Facility Management,2131,Bureau of Asset Management,0141,APPRAISALS,50000.00,50000.00,32000.00
LOCAL,0100,Corporate Fund,38,Department of Fleet and Facility Management,2131,Bureau of Asset Management,0149,SOFTWARE MAINTENANCE AND LICENSING,52700.00,52700.00,59550.00
LOCAL,0100,Corporate Fund,38,Department of Fleet and Facility Management,2131,Bureau of Asset Management,0155,RENTAL OF PROPERTY,15944567.00,15694567.00,24583606.00
LOCAL,0100,Corporate Fund,38,Department of Fleet and Facility Management,2131,Bureau of Asset Management,0159,LEASE/PURCHASE EQUIPMENT,440000.00,440000.00,453000.00
LOCAL,0100,Corporate Fund,38,Department of Fleet and Facility Management,2131,Bureau of Asset Management,0160,REPAIR/MAINT PROPERTY,682120.00,682120.00,719404.00
LOCAL,0100,Corporate Fund,38,Department of Fleet and Facility Management,2131,Bureau of Asset Management,0162,REPAIR/MAINT EQUIPMENT,50000.00,50000.00,51500.00
LOCAL,0100,Corporate Fund,38,Department of Fleet and Facility Management,2131,Bureau of Asset Management,0166,DUES  SUBSC & MEM,1595.00,1595.00,1625.00
LOCAL,0100,Corporate Fund,38,Department of Fleet and Facility Management,2131,Bureau of Asset Management,0169,TECHNICAL MEETING COSTS,39952.00,39952.00,30020.00
LOCAL,0100,Corporate Fund,38,Department of Fleet and Facility Management,2131,Bureau of Asset Management,0179,MESSENGER SERVICES,2500.00,2500.00,1500.00
LOCAL,0100,Corporate Fund,38,Department of Fleet and Facility Management,2131,Bureau of Asset Management,0185,WASTE DISPOSAL SERVICES,1000.00,1000.00,1000.00
LOCAL,0100,Corporate Fund,38,Department of Fleet and Facility Management,2131,Bureau of Asset Management,0315,MOTOR VEHICLE DIESEL FUEL,4806865.00,4806865.00,4918860.00
LOCAL,0100,Corporate Fund,38,Department of Fleet and Facility Management,2131,Bureau of Asset Management,0319,CLOTHING,45000.00,45000.00,55500.00
LOCAL,0100,Corporate Fund,38,Department of Fleet and Facility Management,2131,Bureau of Asset Management,0320,GASOLINE,18001549.00,18001549.00,15775963.00
LOCAL,0100,Corporate Fund,38,Department of Fleet and Facility Management,2131,Bureau of Asset Management,0322,NATURAL GAS,8070288.00,8070288.00,6347259.00
LOCAL,0100,Corporate Fund,38,Department of Fleet and Facility Management,2131,Bureau of Asset Management,0325,ALTERNATIVE FUEL,289132.00,289132.00,326053.00
LOCAL,0100,Corporate Fund,38,Department of Fleet and Facility Management,2131,Bureau of Asset Management,0331,ELECTRICITY,17364836.00,17364836.00,18640212.00
LOCAL,0100,Corporate Fund,38,Department of Fleet and Facility Management,2131,Bureau of Asset Management,0340,MATERIAL AND SUPPLIES,268425.00,268425.00,265325.00
LOCAL,0100,Corporate Fund,38,Department of Fleet and Facility Management,2131,Bureau of Asset Management,0350,STATIONERY AND OFFICE SUPPLIES,525000.00,525000.00,481000.00
LOCAL,0100,Corporate Fund,38,Department of Fleet and Facility Management,2131,Bureau of Asset Management,9067,PHYSICAL EXAMS,7470.00,7470.00,7470.00
LOCAL,0100,Corporate Fund,38,Department of Fleet and Facility Management,2131,Bureau of Asset Management,9160,PBC,487133.00,487133.00,518635.00
LOCAL,0100,Corporate Fund,38,Department of Fleet and Facility Management,2140,Bureau of Fleet Operations,0005,SALARIES AND WAGES - ON PAYROLL,40932314.00,40932314.00,40557281.00
LOCAL,0100,Corporate Fund,38,Department of Fleet and Facility Management,2140,Bureau of Fleet Operations,0012,CONTRACT WAGE - PREVAILING RATE,530395.00,530395.00,577060.00
LOCAL,0100,Corporate Fund,38,Department of Fleet and Facility Management,2140,Bureau of Fleet Operations,0015,SCHEDULE SALARY ADJUSTMENTS,56641.00,56641.00,43902.00
LOCAL,0100,Corporate Fund,38,Department of Fleet and Facility Management,2140,Bureau of Fleet Operations,0020,OVERTIME,2437755.00,2437755.00,5565678.00
LOCAL,0100,Corporate Fund,38,Department of Fleet and Facility Management,2140,Bureau of Fleet Operations,0091,UNIFORM ALLOWANCE,62800.00,62800.00,62800.00
LOCAL,0100,Corporate Fund,38,Department of Fleet and Facility Management,2140,Bureau of Fleet Operations,0140,PROFESSIONAL AND TECHNICAL SERVICES,4934740.00,4934740.00,5082782.00
LOCAL,0100,Corporate Fund,38,Department of Fleet and Facility Management,2140,Bureau of Fleet Operations,0148,TESTING AND INSPECTING,47025.00,47025.00,40025.00
LOCAL,0100,Corporate Fund,38,Department of Fleet and Facility Management,2140,Bureau of Fleet Operations,0149,SOFTWARE MAINTENANCE AND LICENSING,411756.00,411756.00,424110.00
LOCAL,0100,Corporate Fund,38,Department of Fleet and Facility Management,2140,Bureau of Fleet Operations,0157,RENTAL EQUIPMENT AND SERVICES,330000.00,330000.00,322000.00
LOCAL,0100,Corporate Fund,38,Department of Fleet and Facility Management,2140,Bureau of Fleet Operations,0159,LEASE/PURCHASE EQUIPMENT,3302328.00,3302328.00,3282401.00
LOCAL,0100,Corporate Fund,38,Department of Fleet and Facility Management,2140,Bureau of Fleet Operations,0161,MAINT FACILITIES,115755.00,115755.00,115755.00
LOCAL,0100,Corporate Fund,38,Department of Fleet and Facility Management,2140,Bureau of Fleet Operations,0162,REPAIR/MAINT EQUIPMENT,987065.00,987065.00,2575176.00
LOCAL,0100,Corporate Fund,38,Department of Fleet and Facility Management,2140,Bureau of Fleet Operations,0166,DUES  SUBSC & MEM,5500.00,5500.00,5500.00
LOCAL,0100,Corporate Fund,38,Department of Fleet and Facility Management,2140,Bureau of Fleet Operations,0176,MAINTENANCE AND OPERATION - VEHICLES,14975775.00,14975775.00,13925000.00
LOCAL,0100,Corporate Fund,38,Department of Fleet and Facility Management,2140,Bureau of Fleet Operations,0185,WASTE DISPOSAL SERVICES,7400.00,7400.00,7400.00
LOCAL,0100,Corporate Fund,38,Department of Fleet and Facility Management,2140,Bureau of Fleet Operations,0245,REIMBURSEMENT TO TRAVELERS,10000.00,10000.00,10000.00
LOCAL,0100,Corporate Fund,38,Department of Fleet and Facility Management,2140,Bureau of Fleet Operations,0319,CLOTHING,10000.00,10000.00,10000.00
LOCAL,0100,Corporate Fund,38,Department of Fleet and Facility Management,2140,Bureau of Fleet Operations,0322,NATURAL GAS,102045.00,102045.00,102045.00
LOCAL,0100,Corporate Fund,38,Department of Fleet and Facility Management,2140,Bureau of Fleet Operations,0338,LICENSE STICKER TAG AND PLATES,105000.00,145000.00,140000.00
LOCAL,0100,Corporate Fund,38,Department of Fleet and Facility Management,2140,Bureau of Fleet Operations,0340,MATERIAL AND SUPPLIES,61650.00,21650.00,61650.00
LOCAL,0100,Corporate Fund,38,Department of Fleet and Facility Management,2140,Bureau of Fleet Operations,0342,DRUGS  MEDICINE AND CHEMICAL MATERIALS,4230.00,4230.00,4230.00
LOCAL,0100,Corporate Fund,38,Department of Fleet and Facility Management,2140,Bureau of Fleet Operations,0345,APPARATUS AND INSTRUMENTS,39000.00,39000.00,36000.00
LOCAL,0100,Corporate Fund,38,Department of Fleet and Facility Management,2140,Bureau of Fleet Operations,0360,REPAIR PARTS AND MATERIAL,24062624.00,24062624.00,27609148.00
LOCAL,0100,Corporate Fund,38,Department of Fleet and Facility Management,2140,Bureau of Fleet Operations,0446,PURCHASE - IT HARDWARE,35000.00,35000.00,35000.00
LOCAL,0200,Water Fund,38,Department of Fleet and Facility Management,2126,Bureau of Facility Management,0125,OFFICE AND BUILDING SERVICES,418761.00,418761.00,440409.00
LOCAL,0200,Water Fund,38,Department of Fleet and Facility Management,2126,Bureau of Facility Management,0140,PROFESSIONAL AND TECHNICAL SERVICES,165984.00,165984.00,165984.00
LOCAL,0200,Water Fund,38,Department of Fleet and Facility Management,2126,Bureau of Facility Management,0313,CLEANING AND SANITATION SUPPLIES,9737.00,9737.00,10224.00
LOCAL,0200,Water Fund,38,Department of Fleet and Facility Management,2131,Bureau of Asset Management,0140,PROFESSIONAL AND TECHNICAL SERVICES,146802.00,146802.00,155791.00
LOCAL,0200,Water Fund,38,Department of Fleet and Facility Management,2131,Bureau of Asset Management,0155,RENTAL OF PROPERTY,582459.00,582459.00,316288.00
LOCAL,0200,Water Fund,38,Department of Fleet and Facility Management,2131,Bureau of Asset Management,0315,MOTOR VEHICLE DIESEL FUEL,1832542.00,1832542.00,1921400.00
LOCAL,0200,Water Fund,38,Department of Fleet and Facility Management,2131,Bureau of Asset Management,0320,GASOLINE,553126.00,553126.00,498236.00
LOCAL,0200,Water Fund,38,Department of Fleet and Facility Management,2131,Bureau of Asset Management,0322,NATURAL GAS,10427448.00,10427448.00,11845401.00
LOCAL,0200,Water Fund,38,Department of Fleet and Facility Management,2131,Bureau of Asset Management,0331,ELECTRICITY,20110128.00,20110128.00,22647340.00
LOCAL,0200,Water Fund,38,Department of Fleet and Facility Management,2140,Bureau of Fleet Operations,0005,SALARIES AND WAGES - ON PAYROLL,4816247.00,4816247.00,5198341.00
LOCAL,0200,Water Fund,38,Department of Fleet and Facility Management,2140,Bureau of Fleet Operations,0012,CONTRACT WAGE - PREVAILING RATE,62064.00,62064.00,77789.00
LOCAL,0200,Water Fund,38,Department of Fleet and Facility Management,2140,Bureau of Fleet Operations,0015,SCHEDULE SALARY ADJUSTMENTS,4206.00,4206.00,4420.00
LOCAL,0200,Water Fund,38,Department of Fleet and Facility Management,2140,Bureau of Fleet Operations,0020,OVERTIME,487637.00,487637.00,1113136.00
LOCAL,0200,Water Fund,38,Department of Fleet and Facility Management,2140,Bureau of Fleet Operations,0140,PROFESSIONAL AND TECHNICAL SERVICES,453737.00,453737.00,467350.00
LOCAL,0200,Water Fund,38,Department of Fleet and Facility Management,2140,Bureau of Fleet Operations,0149,SOFTWARE MAINTENANCE AND LICENSING,27548.00,27548.00,28374.00
LOCAL,0200,Water Fund,38,Department of Fleet and Facility Management,2140,Bureau of Fleet Operations,0162,REPAIR/MAINT EQUIPMENT,69752.00,69752.00,221000.00
LOCAL,0200,Water Fund,38,Department of Fleet and Facility Management,2140,Bureau of Fleet Operations,0176,MAINTENANCE AND OPERATION - VEHICLES,351835.00,351835.00,362390.00
LOCAL,0200,Water Fund,38,Department of Fleet and Facility Management,2140,Bureau of Fleet Operations,0322,NATURAL GAS,13606.00,13606.00,13606.00
LOCAL,0200,Water Fund,38,Department of Fleet and Facility Management,2140,Bureau of Fleet Operations,0360,REPAIR PARTS AND MATERIAL,1921927.00,1921927.00,2205536.00
LOCAL,0300,Vehicle Tax Fund,38,Department of Fleet and Facility Management,2126,Bureau of Facility Management,0125,OFFICE AND BUILDING SERVICES,1083796.00,1083796.00,1139628.00
LOCAL,0300,Vehicle Tax Fund,38,Department of Fleet and Facility Management,2126,Bureau of Facility Management,0140,PROFESSIONAL AND TECHNICAL SERVICES,1328214.00,1328214.00,1328214.00
LOCAL,0300,Vehicle Tax Fund,38,Department of Fleet and Facility Management,2126,Bureau of Facility Management,0313,CLEANING AND SANITATION SUPPLIES,57944.00,57944.00,60841.00
LOCAL,0300,Vehicle Tax Fund,38,Department of Fleet and Facility Management,2126,Bureau of Facility Management,0340,MATERIAL AND SUPPLIES,300000.00,300000.00,330000.00
LOCAL,0300,Vehicle Tax Fund,38,Department of Fleet and Facility Management,2131,Bureau of Asset Management,0140,PROFESSIONAL AND TECHNICAL SERVICES,7186388.00,7186388.00,7837193.00
LOCAL,0300,Vehicle Tax Fund,38,Department of Fleet and Facility Management,2131,Bureau of Asset Management,0155,RENTAL OF PROPERTY,2586577.00,2586577.00,2815024.00
LOCAL,0300,Vehicle Tax Fund,38,Department of Fleet and Facility Management,2131,Bureau of Asset Management,0315,MOTOR VEHICLE DIESEL FUEL,8795062.00,8795062.00,8066283.00
LOCAL,0300,Vehicle Tax Fund,38,Department of Fleet and Facility Management,2131,Bureau of Asset Management,0320,GASOLINE,1839865.00,1839865.00,1618261.00
LOCAL,0300,Vehicle Tax Fund,38,Department of Fleet and Facility Management,2131,Bureau of Asset Management,0322,NATURAL GAS,1298614.00,1298614.00,1147399.00
LOCAL,0300,Vehicle Tax Fund,38,Department of Fleet and Facility Management,2131,Bureau of Asset Management,0325,ALTERNATIVE FUEL,390328.00,390328.00,440171.00
LOCAL,0300,Vehicle Tax Fund,38,Department of Fleet and Facility Management,2131,Bureau of Asset Management,0331,ELECTRICITY,2523520.00,2523520.00,2782912.00
LOCAL,0300,Vehicle Tax Fund,38,Department of Fleet and Facility Management,2140,Bureau of Fleet Operations,0159,LEASE/PURCHASE EQUIPMENT,52000.00,52000.00,52000.00
LOCAL,0300,Vehicle Tax Fund,38,Department of Fleet and Facility Management,2140,Bureau of Fleet Operations,0162,REPAIR/MAINT EQUIPMENT,35190.00,35190.00,127100.00
LOCAL,0300,Vehicle Tax Fund,38,Department of Fleet and Facility Management,2140,Bureau of Fleet Operations,0322,NATURAL GAS,20409.00,20409.00,20409.00
LOCAL,0310,Motor Fuel Tax Fund,38,Department of Fleet and Facility Management,2131,Bureau of Asset Management,0332,ELECTRICITY - STREET LIGHTING,20396009.00,20396009.00,22269908.00
LOCAL,0314,Sewer Fund,38,Department of Fleet and Facility Management,2131,Bureau of Asset Management,0140,PROFESSIONAL AND TECHNICAL SERVICES,105697.00,105697.00,112169.00
LOCAL,0314,Sewer Fund,38,Department of Fleet and Facility Management,2131,Bureau of Asset Management,0155,RENTAL OF PROPERTY,219387.00,219387.00,0.00
LOCAL,0314,Sewer Fund,38,Department of Fleet and Facility Management,2131,Bureau of Asset Management,0315,MOTOR VEHICLE DIESEL FUEL,902595.00,902595.00,946361.00
LOCAL,0314,Sewer Fund,38,Department of Fleet and Facility Management,2131,Bureau of Asset Management,0320,GASOLINE,531435.00,531435.00,478697.00
LOCAL,0314,Sewer Fund,38,Department of Fleet and Facility Management,2131,Bureau of Asset Management,0325,ALTERNATIVE FUEL,21685.00,21685.00,24454.00
LOCAL,0314,Sewer Fund,38,Department of Fleet and Facility Management,2140,Bureau of Fleet Operations,0005,SALARIES AND WAGES - ON PAYROLL,2968761.00,2968761.00,3324023.00
LOCAL,0314,Sewer Fund,38,Department of Fleet and Facility Management,2140,Bureau of Fleet Operations,0012,CONTRACT WAGE - PREVAILING RATE,35606.00,35606.00,53645.00
LOCAL,0314,Sewer Fund,38,Department of Fleet and Facility Management,2140,Bureau of Fleet Operations,0020,OVERTIME,341145.00,341145.00,742090.00
LOCAL,0314,Sewer Fund,38,Department of Fleet and Facility Management,2140,Bureau of Fleet Operations,0140,PROFESSIONAL AND TECHNICAL SERVICES,225251.00,225251.00,232008.00
LOCAL,0314,Sewer Fund,38,Department of Fleet and Facility Management,2140,Bureau of Fleet Operations,0149,SOFTWARE MAINTENANCE AND LICENSING,13774.00,13774.00,14187.00
LOCAL,0314,Sewer Fund,38,Department of Fleet and Facility Management,2140,Bureau of Fleet Operations,0162,REPAIR/MAINT EQUIPMENT,63468.00,63468.00,63468.00
LOCAL,0314,Sewer Fund,38,Department of Fleet and Facility Management,2140,Bureau of Fleet Operations,0176,MAINTENANCE AND OPERATION - VEHICLES,1386981.00,1386981.00,1386981.00
LOCAL,0314,Sewer Fund,38,Department of Fleet and Facility Management,2140,Bureau of Fleet Operations,0360,REPAIR PARTS AND MATERIAL,972600.00,972600.00,1116058.00
LOCAL,0346,Library Fund,38,Department of Fleet and Facility Management,2126,Bureau of Facility Management,0125,OFFICE AND BUILDING SERVICES,5652984.00,5652984.00,5937614.00
LOCAL,0346,Library Fund,38,Department of Fleet and Facility Management,2126,Bureau of Facility Management,0140,PROFESSIONAL AND TECHNICAL SERVICES,7624396.00,7624396.00,7624396.00
LOCAL,0346,Library Fund,38,Department of Fleet and Facility Management,2126,Bureau of Facility Management,0160,REPAIR/MAINT PROPERTY,1500000.00,1500000.00,1925000.00
LOCAL,0346,Library Fund,38,Department of Fleet and Facility Management,2126,Bureau of Facility Management,0161,MAINT FACILITIES,500000.00,500000.00,500000.00
LOCAL,0346,Library Fund,38,Department of Fleet and Facility Management,2126,Bureau of Facility Management,0162,REPAIR/MAINT EQUIPMENT,810000.00,810000.00,1066000.00
LOCAL,0346,Library Fund,38,Department of Fleet and Facility Management,2126,Bureau of Facility Management,0313,CLEANING AND SANITATION SUPPLIES,321936.00,321936.00,338033.00
LOCAL,0346,Library Fund,38,Department of Fleet and Facility Management,2126,Bureau of Facility Management,0340,MATERIAL AND SUPPLIES,905000.00,905000.00,1534000.00
LOCAL,0346,Library Fund,38,Department of Fleet and Facility Management,2131,Bureau of Asset Management,0155,RENTAL OF PROPERTY,1774433.00,1774433.00,1910367.00
LOCAL,0346,Library Fund,38,Department of Fleet and Facility Management,2131,Bureau of Asset Management,0315,MOTOR VEHICLE DIESEL FUEL,28233.00,28233.00,25763.00
LOCAL,0346,Library Fund,38,Department of Fleet and Facility Management,2131,Bureau of Asset Management,0320,GASOLINE,40828.00,40828.00,37422.00
LOCAL,0346,Library Fund,38,Department of Fleet and Facility Management,2131,Bureau of Asset Management,0322,NATURAL GAS,756207.00,756207.00,682737.00
LOCAL,0346,Library Fund,38,Department of Fleet and Facility Management,2131,Bureau of Asset Management,0331,ELECTRICITY,4637945.00,4637945.00,5207295.00
LOCAL,0346,Library Fund,38,Department of Fleet and Facility Management,2140,Bureau of Fleet Operations,0159,LEASE/PURCHASE EQUIPMENT,0.00,0.00,28094.00
LOCAL,0346,Library Fund,38,Department of Fleet and Facility Management,2140,Bureau of Fleet Operations,0176,MAINTENANCE AND OPERATION - VEHICLES,14937.00,14937.00,14937.00
LOCAL,0346,Library Fund,38,Department of Fleet and Facility Management,2140,Bureau of Fleet Operations,0360,REPAIR PARTS AND MATERIAL,26550.00,26550.00,29205.00
LOCAL,0355,Special Events and Municipal Hotel Operators' Occupation Tax Fund,38,Department of Fleet and Facility Management,2126,Bureau of Facility Management,9188,MILLENNIUM PARK OPERATIONS,15384600.00,15384600.00,9802884.00
LOCAL,0610,Chicago Midway Airport Fund,38,Department of Fleet and Facility Management,2131,Bureau of Asset Management,0140,PROFESSIONAL AND TECHNICAL SERVICES,17617.00,17617.00,18696.00
LOCAL,0610,Chicago Midway Airport Fund,38,Department of Fleet and Facility Management,2131,Bureau of Asset Management,0315,MOTOR VEHICLE DIESEL FUEL,287633.00,287633.00,218988.00
LOCAL,0610,Chicago Midway Airport Fund,38,Department of Fleet and Facility Management,2131,Bureau of Asset Management,0320,GASOLINE,660679.00,660679.00,610201.00
LOCAL,0610,Chicago Midway Airport Fund,38,Department of Fleet and Facility Management,2131,Bureau of Asset Management,0322,NATURAL GAS,1066073.00,1066073.00,866456.00
LOCAL,0610,Chicago Midway Airport Fund,38,Department of Fleet and Facility Management,2131,Bureau of Asset Management,0331,ELECTRICITY,7540754.00,7540754.00,8362726.00
LOCAL,0610,Chicago Midway Airport Fund,38,Department of Fleet and Facility Management,2140,Bureau of Fleet Operations,0005,SALARIES AND WAGES - ON PAYROLL,1450535.00,1450535.00,1608013.00
LOCAL,0610,Chicago Midway Airport Fund,38,Department of Fleet and Facility Management,2140,Bureau of Fleet Operations,0012,CONTRACT WAGE - PREVAILING RATE,22136.00,22136.00,22534.00
LOCAL,0610,Chicago Midway Airport Fund,38,Department of Fleet and Facility Management,2140,Bureau of Fleet Operations,0015,SCHEDULE SALARY ADJUSTMENTS,0.00,0.00,2070.00
LOCAL,0610,Chicago Midway Airport Fund,38,Department of Fleet and Facility Management,2140,Bureau of Fleet Operations,0020,OVERTIME,186351.00,186351.00,340285.00
LOCAL,0610,Chicago Midway Airport Fund,38,Department of Fleet and Facility Management,2140,Bureau of Fleet Operations,0140,PROFESSIONAL AND TECHNICAL SERVICES,363722.00,363722.00,374634.00
LOCAL,0610,Chicago Midway Airport Fund,38,Department of Fleet and Facility Management,2140,Bureau of Fleet Operations,0148,TESTING AND INSPECTING,4688.00,4688.00,4688.00
LOCAL,0610,Chicago Midway Airport Fund,38,Department of Fleet and Facility Management,2140,Bureau of Fleet Operations,0149,SOFTWARE MAINTENANCE AND LICENSING,17290.00,17290.00,17808.00
LOCAL,0610,Chicago Midway Airport Fund,38,Department of Fleet and Facility Management,2140,Bureau of Fleet Operations,0162,REPAIR/MAINT EQUIPMENT,900000.00,900000.00,85000.00
LOCAL,0610,Chicago Midway Airport Fund,38,Department of Fleet and Facility Management,2140,Bureau of Fleet Operations,0176,MAINTENANCE AND OPERATION - VEHICLES,588421.00,588421.00,606074.00
LOCAL,0610,Chicago Midway Airport Fund,38,Department of Fleet and Facility Management,2140,Bureau of Fleet Operations,0338,LICENSE STICKER TAG AND PLATES,3600.00,3600.00,3000.00
LOCAL,0610,Chicago Midway Airport Fund,38,Department of Fleet and Facility Management,2140,Bureau of Fleet Operations,0350,STATIONERY AND OFFICE SUPPLIES,835.00,835.00,835.00
LOCAL,0610,Chicago Midway Airport Fund,38,Department of Fleet and Facility Management,2140,Bureau of Fleet Operations,0360,REPAIR PARTS AND MATERIAL,988611.00,988611.00,1136903.00
LOCAL,0610,Chicago Midway Airport Fund,38,Department of Fleet and Facility Management,2140,Bureau of Fleet Operations,0440,MACHINERY AND EQUIPMENT,31810.00,31810.00,31810.00
LOCAL,0610,Chicago Midway Airport Fund,38,Department of Fleet and Facility Management,2140,Bureau of Fleet Operations,0450,VEHICLES,480000.00,480000.00,550000.00
LOCAL,0740,Chicago O'Hare Airport Fund,38,Department of Fleet and Facility Management,2131,Bureau of Asset Management,0140,PROFESSIONAL AND TECHNICAL SERVICES,35232.00,35232.00,37389.00
LOCAL,0740,Chicago O'Hare Airport Fund,38,Department of Fleet and Facility Management,2131,Bureau of Asset Management,0155,RENTAL OF PROPERTY,494870.00,494870.00,569101.00
LOCAL,0740,Chicago O'Hare Airport Fund,38,Department of Fleet and Facility Management,2131,Bureau of Asset Management,0315,MOTOR VEHICLE DIESEL FUEL,1404328.00,1404328.00,1069178.00
LOCAL,0740,Chicago O'Hare Airport Fund,38,Department of Fleet and Facility Management,2131,Bureau of Asset Management,0320,GASOLINE,1541584.00,1541584.00,1423803.00
LOCAL,0740,Chicago O'Hare Airport Fund,38,Department of Fleet and Facility Management,2131,Bureau of Asset Management,0322,NATURAL GAS,6926997.00,6926997.00,6961863.00
LOCAL,0740,Chicago O'Hare Airport Fund,38,Department of Fleet and Facility Management,2131,Bureau of Asset Management,0325,ALTERNATIVE FUEL,21685.00,21685.00,24454.00
LOCAL,0740,Chicago O'Hare Airport Fund,38,Department of Fleet and Facility Management,2131,Bureau of Asset Management,0331,ELECTRICITY,28084505.00,28084505.00,31675440.00
LOCAL,0740,Chicago O'Hare Airport Fund,38,Department of Fleet and Facility Management,2140,Bureau of Fleet Operations,0005,SALARIES AND WAGES - ON PAYROLL,9607005.00,9607005.00,10081760.00
LOCAL,0740,Chicago O'Hare Airport Fund,38,Department of Fleet and Facility Management,2140,Bureau of Fleet Operations,0012,CONTRACT WAGE - PREVAILING RATE,147348.00,147348.00,151696.00
LOCAL,0740,Chicago O'Hare Airport Fund,38,Department of Fleet and Facility Management,2140,Bureau of Fleet Operations,0015,SCHEDULE SALARY ADJUSTMENTS,4636.00,4636.00,10369.00
LOCAL,0740,Chicago O'Hare Airport Fund,38,Department of Fleet and Facility Management,2140,Bureau of Fleet Operations,0020,OVERTIME,1287002.00,1287002.00,2470419.00
LOCAL,0740,Chicago O'Hare Airport Fund,38,Department of Fleet and Facility Management,2140,Bureau of Fleet Operations,0140,PROFESSIONAL AND TECHNICAL SERVICES,1304884.00,1304884.00,1344031.00
LOCAL,0740,Chicago O'Hare Airport Fund,38,Department of Fleet and Facility Management,2140,Bureau of Fleet Operations,0148,TESTING AND INSPECTING,5663.00,5663.00,5663.00
LOCAL,0740,Chicago O'Hare Airport Fund,38,Department of Fleet and Facility Management,2140,Bureau of Fleet Operations,0149,SOFTWARE MAINTENANCE AND LICENSING,61544.00,61544.00,63390.00
LOCAL,0740,Chicago O'Hare Airport Fund,38,Department of Fleet and Facility Management,2140,Bureau of Fleet Operations,0162,REPAIR/MAINT EQUIPMENT,65000.00,65000.00,2365000.00
LOCAL,0740,Chicago O'Hare Airport Fund,38,Department of Fleet and Facility Management,2140,Bureau of Fleet Operations,0176,MAINTENANCE AND OPERATION - VEHICLES,3143950.00,3143950.00,3458345.00
LOCAL,0740,Chicago O'Hare Airport Fund,38,Department of Fleet and Facility Management,2140,Bureau of Fleet Operations,0338,LICENSE STICKER TAG AND PLATES,9600.00,9600.00,8000.00
LOCAL,0740,Chicago O'Hare Airport Fund,38,Department of Fleet and Facility Management,2140,Bureau of Fleet Operations,0350,STATIONERY AND OFFICE SUPPLIES,1245.00,1245.00,1245.00
LOCAL,0740,Chicago O'Hare Airport Fund,38,Department of Fleet and Facility Management,2140,Bureau of Fleet Operations,0360,REPAIR PARTS AND MATERIAL,5606907.00,5606907.00,6447943.00
LOCAL,0740,Chicago O'Hare Airport Fund,38,Department of Fleet and Facility Management,2140,Bureau of Fleet Operations,0440,MACHINERY AND EQUIPMENT,221224.00,221224.00,221224.00
LOCAL,0100,Corporate Fund,39,Board of Election Commissioners,2005,Election and Administration Division,0005,SALARIES AND WAGES - ON PAYROLL,7314131.00,7314131.00,7545264.00
LOCAL,0100,Corporate Fund,39,Board of Election Commissioners,2005,Election and Administration Division,0020,OVERTIME,1198809.00,1198809.00,115000.00
LOCAL,0100,Corporate Fund,39,Board of Election Commissioners,2005,Election and Administration Division,0055,EXTRA HIRE,1378080.00,1378080.00,148860.00
LOCAL,0100,Corporate Fund,39,Board of Election Commissioners,2005,Election and Administration Division,0125,OFFICE AND BUILDING SERVICES,500000.00,500000.00,500000.00
LOCAL,0100,Corporate Fund,39,Board of Election Commissioners,2005,Election and Administration Division,0130,POSTAGE,317412.00,317412.00,592837.00
LOCAL,0100,Corporate Fund,39,Board of Election Commissioners,2005,Election and Administration Division,0138,IT MAINTENANCE,2041207.00,2041207.00,1576229.00
LOCAL,0100,Corporate Fund,39,Board of Election Commissioners,2005,Election and Administration Division,0140,PROFESSIONAL AND TECHNICAL SERVICES,5704726.00,5704726.00,5633596.00
LOCAL,0100,Corporate Fund,39,Board of Election Commissioners,2005,Election and Administration Division,0143,COURT REPORTING,198000.00,198000.00,41838.00
LOCAL,0100,Corporate Fund,39,Board of Election Commissioners,2005,Election and Administration Division,0145,LEGAL EXPENSES,2882992.00,2882992.00,1645575.00
LOCAL,0100,Corporate Fund,39,Board of Election Commissioners,2005,Election and Administration Division,0149,SOFTWARE MAINTENANCE AND LICENSING,2345145.00,2345145.00,2259290.00
LOCAL,0100,Corporate Fund,39,Board of Election Commissioners,2005,Election and Administration Division,0150,OUTSIDE GRAPHIC SERVICES,181000.00,181000.00,629800.00
LOCAL,0100,Corporate Fund,39,Board of Election Commissioners,2005,Election and Administration Division,0152,ADVERTISING,291000.00,291000.00,152000.00
LOCAL,0100,Corporate Fund,39,Board of Election Commissioners,2005,Election and Administration Division,0154,RENTAL-DATA HARDWARE EQ,1967823.00,1967823.00,1688725.00
LOCAL,0100,Corporate Fund,39,Board of Election Commissioners,2005,Election and Administration Division,0155,RENTAL OF PROPERTY,1494524.00,1494524.00,1986196.00
LOCAL,0100,Corporate Fund,39,Board of Election Commissioners,2005,Election and Administration Division,0157,RENTAL EQUIPMENT AND SERVICES,51000.00,51000.00,95516.00
LOCAL,0100,Corporate Fund,39,Board of Election Commissioners,2005,Election and Administration Division,0159,LEASE/PURCHASE EQUIPMENT,748363.00,748363.00,1030398.00
LOCAL,0100,Corporate Fund,39,Board of Election Commissioners,2005,Election and Administration Division,0162,REPAIR/MAINT EQUIPMENT,222184.00,222184.00,284258.00
LOCAL,0100,Corporate Fund,39,Board of Election Commissioners,2005,Election and Administration Division,0166,DUES  SUBSC & MEM,33614.00,33614.00,21071.00
LOCAL,0100,Corporate Fund,39,Board of Election Commissioners,2005,Election and Administration Division,0169,TECHNICAL MEETING COSTS,44460.00,44460.00,43720.00
LOCAL,0100,Corporate Fund,39,Board of Election Commissioners,2005,Election and Administration Division,0172,INSURANCE PREMIUMS,2410.00,2410.00,2410.00
LOCAL,0100,Corporate Fund,39,Board of Election Commissioners,2005,Election and Administration Division,0178,FREIGHT AND EXPRESS CHARGES,15376.00,15376.00,15376.00
LOCAL,0100,Corporate Fund,39,Board of Election Commissioners,2005,Election and Administration Division,0181,MOBILE COMMUNICATION SERVICES,1688985.00,1688985.00,1314800.00
LOCAL,0100,Corporate Fund,39,Board of Election Commissioners,2005,Election and Administration Division,0190,TELEPHONE - CENTREX BILLINGS,2563249.00,2563249.00,406840.00
LOCAL,0100,Corporate Fund,39,Board of Election Commissioners,2005,Election and Administration Division,0229,TRANSPORTATION AND EXPENSE ALLOWANCE,6350.00,6350.00,4500.00
LOCAL,0100,Corporate Fund,39,Board of Election Commissioners,2005,Election and Administration Division,0245,REIMBURSEMENT TO TRAVELERS,4550.00,4550.00,3200.00
LOCAL,0100,Corporate Fund,39,Board of Election Commissioners,2005,Election and Administration Division,0270,LOCAL TRANSPORTATION,4360.00,4360.00,5320.00
LOCAL,0100,Corporate Fund,39,Board of Election Commissioners,2005,Election and Administration Division,0340,MATERIAL AND SUPPLIES,775180.00,775180.00,402859.00
LOCAL,0100,Corporate Fund,39,Board of Election Commissioners,2005,Election and Administration Division,0350,STATIONERY AND OFFICE SUPPLIES,507491.00,507491.00,362256.00
LOCAL,0100,Corporate Fund,41,Chicago Department of Public Health,1005,Department of Public Health,0005,SALARIES AND WAGES - ON PAYROLL,25999773.00,25999773.00,27749439.00
LOCAL,0100,Corporate Fund,41,Chicago Department of Public Health,1005,Department of Public Health,0015,SCHEDULE SALARY ADJUSTMENTS,286344.00,286344.00,344111.00
LOCAL,0100,Corporate Fund,41,Chicago Department of Public Health,1005,Department of Public Health,0020,OVERTIME,148336.00,148336.00,90000.00
LOCAL,0100,Corporate Fund,41,Chicago Department of Public Health,1005,Department of Public Health,0050,STIPENDS,43700.00,43700.00,18500.00
LOCAL,0100,Corporate Fund,41,Chicago Department of Public Health,1005,Department of Public Health,0091,UNIFORM ALLOWANCE,18500.00,18500.00,16400.00
LOCAL,0100,Corporate Fund,41,Chicago Department of Public Health,1005,Department of Public Health,0125,OFFICE AND BUILDING SERVICES,292090.00,292090.00,130000.00
LOCAL,0100,Corporate Fund,41,Chicago Department of Public Health,1005,Department of Public Health,0130,POSTAGE,28000.00,28000.00,28000.00
LOCAL,0100,Corporate Fund,41,Chicago Department of Public Health,1005,Department of Public Health,0135,DELEGATE AGENCIES,21689245.00,21689245.00,21521382.00
LOCAL,0100,Corporate Fund,41,Chicago Department of Public Health,1005,Department of Public Health,0140,PROFESSIONAL AND TECHNICAL SERVICES,7434310.00,7434310.00,6013734.00
LOCAL,0100,Corporate Fund,41,Chicago Department of Public Health,1005,Department of Public Health,0148,TESTING AND INSPECTING,2000.00,2000.00,500.00
LOCAL,0100,Corporate Fund,41,Chicago Department of Public Health,1005,Department of Public Health,0149,SOFTWARE MAINTENANCE AND LICENSING,98377.00,98377.00,83743.00
LOCAL,0100,Corporate Fund,41,Chicago Department of Public Health,1005,Department of Public Health,0150,OUTSIDE GRAPHIC SERVICES,70000.00,70000.00,30000.00
LOCAL,0100,Corporate Fund,41,Chicago Department of Public Health,1005,Department of Public Health,0159,LEASE/PURCHASE EQUIPMENT,106788.00,106788.00,103230.00
LOCAL,0100,Corporate Fund,41,Chicago Department of Public Health,1005,Department of Public Health,0162,REPAIR/MAINT EQUIPMENT,17300.00,17300.00,17300.00
LOCAL,0100,Corporate Fund,41,Chicago Department of Public Health,1005,Department of Public Health,0166,DUES  SUBSC & MEM,101358.00,101358.00,65123.00
LOCAL,0100,Corporate Fund,41,Chicago Department of Public Health,1005,Department of Public Health,0169,TECHNICAL MEETING COSTS,42497.00,42497.00,42497.00
LOCAL,0100,Corporate Fund,41,Chicago Department of Public Health,1005,Department of Public Health,0179,MESSENGER SERVICES,5000.00,5000.00,5000.00
LOCAL,0100,Corporate Fund,41,Chicago Department of Public Health,1005,Department of Public Health,0181,MOBILE COMMUNICATION SERVICES,308812.00,308812.00,308812.00
LOCAL,0100,Corporate Fund,41,Chicago Department of Public Health,1005,Department of Public Health,0229,TRANSPORTATION AND EXPENSE ALLOWANCE,11000.00,11000.00,11000.00
LOCAL,0100,Corporate Fund,41,Chicago Department of Public Health,1005,Department of Public Health,0245,REIMBURSEMENT TO TRAVELERS,15000.00,15000.00,5000.00
LOCAL,0100,Corporate Fund,41,Chicago Department of Public Health,1005,Department of Public Health,0270,LOCAL TRANSPORTATION,3150.00,3150.00,3150.00
LOCAL,0100,Corporate Fund,41,Chicago Department of Public Health,1005,Department of Public Health,0330,FOOD,1220.00,1220.00,0.00
LOCAL,0100,Corporate Fund,41,Chicago Department of Public Health,1005,Department of Public Health,0340,MATERIAL AND SUPPLIES,49088.00,49088.00,75488.00
LOCAL,0100,Corporate Fund,41,Chicago Department of Public Health,1005,Department of Public Health,0342,DRUGS  MEDICINE AND CHEMICAL MATERIALS,957645.00,957645.00,987895.00
LOCAL,0100,Corporate Fund,41,Chicago Department of Public Health,1005,Department of Public Health,0350,STATIONERY AND OFFICE SUPPLIES,35000.00,35000.00,48000.00
LOCAL,0100,Corporate Fund,41,Chicago Department of Public Health,1005,Department of Public Health,0424,FURNITURE AND FURNISHINGS,530000.00,530000.00,0.00
LOCAL,0100,Corporate Fund,41,Chicago Department of Public Health,1005,Department of Public Health,0446,PURCHASE - IT HARDWARE,146015.00,146015.00,80000.00
LOCAL,0100,Corporate Fund,41,Chicago Department of Public Health,1005,Department of Public Health,9254,VIOLENCE REDUCTION PROGRAM,14460000.00,14460000.00,14460000.00
LOCAL,0100,Corporate Fund,41,Chicago Department of Public Health,1005,Department of Public Health,9283,CARE PILOT PROGRAM,1000000.00,1000000.00,892200.00
LOCAL,0100,Corporate Fund,41,Chicago Department of Public Health,1005,Department of Public Health,9296,REPRODUCTIVE HEALTH INITIATIVE,2820458.00,2820458.00,2820458.00
LOCAL,0100,Corporate Fund,41,Chicago Department of Public Health,1005,Department of Public Health,9438,REIMBURSEMENT - FFM,82500.00,82500.00,82500.00
LOCAL,0B89,Opioid Settlement Fund,41,Chicago Department of Public Health,1005,Department of Public Health,0005,SALARIES AND WAGES - ON PAYROLL,2076312.00,2076312.00,2297173.00
LOCAL,0B89,Opioid Settlement Fund,41,Chicago Department of Public Health,1005,Department of Public Health,0015,SCHEDULE SALARY ADJUSTMENTS,6042.00,6042.00,23496.00
LOCAL,0B89,Opioid Settlement Fund,41,Chicago Department of Public Health,1005,Department of Public Health,0135,DELEGATE AGENCIES,12750000.00,12750000.00,10000000.00
LOCAL,0B89,Opioid Settlement Fund,41,Chicago Department of Public Health,1005,Department of Public Health,0140,PROFESSIONAL AND TECHNICAL SERVICES,549582.00,549582.00,450000.00
LOCAL,0B89,Opioid Settlement Fund,41,Chicago Department of Public Health,1005,Department of Public Health,0150,OUTSIDE GRAPHIC SERVICES,25000.00,25000.00,25000.00
LOCAL,0B89,Opioid Settlement Fund,41,Chicago Department of Public Health,1005,Department of Public Health,0181,MOBILE COMMUNICATION SERVICES,4380.00,4380.00,4380.00
LOCAL,0B89,Opioid Settlement Fund,41,Chicago Department of Public Health,1005,Department of Public Health,0245,REIMBURSEMENT TO TRAVELERS,8000.00,8000.00,16000.00
LOCAL,0B89,Opioid Settlement Fund,41,Chicago Department of Public Health,1005,Department of Public Health,0340,MATERIAL AND SUPPLIES,550684.00,550684.00,625684.00
LOCAL,0B89,Opioid Settlement Fund,41,Chicago Department of Public Health,1005,Department of Public Health,0446,PURCHASE - IT HARDWARE,30000.00,30000.00,30000.00
LOCAL,0B90,Vaping Settlement Fund,41,Chicago Department of Public Health,1005,Department of Public Health,0005,SALARIES AND WAGES - ON PAYROLL,545033.00,545033.00,443443.00
LOCAL,0B90,Vaping Settlement Fund,41,Chicago Department of Public Health,1005,Department of Public Health,0015,SCHEDULE SALARY ADJUSTMENTS,1920.00,1920.00,2094.00
LOCAL,0B90,Vaping Settlement Fund,41,Chicago Department of Public Health,1005,Department of Public Health,0135,DELEGATE AGENCIES,949131.00,949131.00,925000.00
LOCAL,0B90,Vaping Settlement Fund,41,Chicago Department of Public Health,1005,Department of Public Health,0140,PROFESSIONAL AND TECHNICAL SERVICES,475000.00,475000.00,500000.00
LOCAL,0B90,Vaping Settlement Fund,41,Chicago Department of Public Health,1005,Department of Public Health,0150,OUTSIDE GRAPHIC SERVICES,0.00,0.00,20000.00
LOCAL,0B90,Vaping Settlement Fund,41,Chicago Department of Public Health,1005,Department of Public Health,0190,TELEPHONE - CENTREX BILLINGS,450.00,450.00,675.00
LOCAL,0B90,Vaping Settlement Fund,41,Chicago Department of Public Health,1005,Department of Public Health,0245,REIMBURSEMENT TO TRAVELERS,10000.00,10000.00,10000.00
LOCAL,0B90,Vaping Settlement Fund,41,Chicago Department of Public Health,1005,Department of Public Health,0340,MATERIAL AND SUPPLIES,13790.00,13790.00,11050.00
LOCAL,0B90,Vaping Settlement Fund,41,Chicago Department of Public Health,1005,Department of Public Health,0446,PURCHASE - IT HARDWARE,4676.00,4676.00,7014.00
LOCAL,0B92,Construction and Demolition Debris Management Fund,41,Chicago Department of Public Health,1005,Department of Public Health,0005,SALARIES AND WAGES - ON PAYROLL,61565.00,61565.00,96542.00
LOCAL,0B92,Construction and Demolition Debris Management Fund,41,Chicago Department of Public Health,1005,Department of Public Health,0015,SCHEDULE SALARY ADJUSTMENTS,0.00,0.00,184.00
LOCAL,0B92,Construction and Demolition Debris Management Fund,41,Chicago Department of Public Health,1005,Department of Public Health,0091,UNIFORM ALLOWANCE,300.00,300.00,0.00
LOCAL,0B92,Construction and Demolition Debris Management Fund,41,Chicago Department of Public Health,1005,Department of Public Health,0149,SOFTWARE MAINTENANCE AND LICENSING,170336.00,170336.00,175136.00
LOCAL,0B92,Construction and Demolition Debris Management Fund,41,Chicago Department of Public Health,1005,Department of Public Health,0169,TECHNICAL MEETING COSTS,500.00,500.00,8500.00
LOCAL,0B92,Construction and Demolition Debris Management Fund,41,Chicago Department of Public Health,1005,Department of Public Health,0181,MOBILE COMMUNICATION SERVICES,876.00,876.00,7008.00
LOCAL,0B92,Construction and Demolition Debris Management Fund,41,Chicago Department of Public Health,1005,Department of Public Health,0189,TELEPHONE - NON-CENTREX BILLINGS,0.00,0.00,1600.00
LOCAL,0B92,Construction and Demolition Debris Management Fund,41,Chicago Department of Public Health,1005,Department of Public Health,0229,TRANSPORTATION AND EXPENSE ALLOWANCE,1100.00,1100.00,3600.00
LOCAL,0B92,Construction and Demolition Debris Management Fund,41,Chicago Department of Public Health,1005,Department of Public Health,0319,CLOTHING,300.00,300.00,8000.00
LOCAL,0B92,Construction and Demolition Debris Management Fund,41,Chicago Department of Public Health,1005,Department of Public Health,0340,MATERIAL AND SUPPLIES,473.00,473.00,2500.00
LOCAL,0B92,Construction and Demolition Debris Management Fund,41,Chicago Department of Public Health,1005,Department of Public Health,0350,STATIONERY AND OFFICE SUPPLIES,2550.00,2550.00,1000.00
LOCAL,0B92,Construction and Demolition Debris Management Fund,41,Chicago Department of Public Health,1005,Department of Public Health,0446,PURCHASE - IT HARDWARE,0.00,0.00,20000.00
LOCAL,0B92,Construction and Demolition Debris Management Fund,41,Chicago Department of Public Health,1005,Department of Public Health,0450,VEHICLES,176000.00,176000.00,200000.00
LOCAL,0100,Corporate Fund,45,Chicago Commission on Human Relations,2005,Chicago Commission on Human Relations,0005,SALARIES AND WAGES - ON PAYROLL,1227415.00,1227415.00,1372282.00
LOCAL,0100,Corporate Fund,45,Chicago Commission on Human Relations,2005,Chicago Commission on Human Relations,0015,SCHEDULE SALARY ADJUSTMENTS,22166.00,22166.00,15380.00
LOCAL,0100,Corporate Fund,45,Chicago Commission on Human Relations,2005,Chicago Commission on Human Relations,0020,OVERTIME,1429.00,1429.00,1429.00
LOCAL,0100,Corporate Fund,45,Chicago Commission on Human Relations,2005,Chicago Commission on Human Relations,0039,STUDENT AS TRAINEES,23068.00,23068.00,0.00
LOCAL,0100,Corporate Fund,45,Chicago Commission on Human Relations,2005,Chicago Commission on Human Relations,0130,POSTAGE,3000.00,3000.00,4000.00
LOCAL,0100,Corporate Fund,45,Chicago Commission on Human Relations,2005,Chicago Commission on Human Relations,0140,PROFESSIONAL AND TECHNICAL SERVICES,46245.00,46245.00,39937.00
LOCAL,0100,Corporate Fund,45,Chicago Commission on Human Relations,2005,Chicago Commission on Human Relations,0143,COURT REPORTING,4400.00,4400.00,4400.00
LOCAL,0100,Corporate Fund,45,Chicago Commission on Human Relations,2005,Chicago Commission on Human Relations,0149,SOFTWARE MAINTENANCE AND LICENSING,2247.00,2247.00,2554.00
LOCAL,0100,Corporate Fund,45,Chicago Commission on Human Relations,2005,Chicago Commission on Human Relations,0152,ADVERTISING,4400.00,4400.00,0.00
LOCAL,0100,Corporate Fund,45,Chicago Commission on Human Relations,2005,Chicago Commission on Human Relations,0159,LEASE/PURCHASE EQUIPMENT,3777.00,3777.00,3777.00
LOCAL,0100,Corporate Fund,45,Chicago Commission on Human Relations,2005,Chicago Commission on Human Relations,0166,DUES  SUBSC & MEM,18710.00,18710.00,19241.00
LOCAL,0100,Corporate Fund,45,Chicago Commission on Human Relations,2005,Chicago Commission on Human Relations,0169,TECHNICAL MEETING COSTS,6435.00,6435.00,0.00
LOCAL,0100,Corporate Fund,45,Chicago Commission on Human Relations,2005,Chicago Commission on Human Relations,0245,REIMBURSEMENT TO TRAVELERS,3000.00,3000.00,0.00
LOCAL,0100,Corporate Fund,45,Chicago Commission on Human Relations,2005,Chicago Commission on Human Relations,0270,LOCAL TRANSPORTATION,6100.00,6100.00,3000.00
LOCAL,0100,Corporate Fund,45,Chicago Commission on Human Relations,2005,Chicago Commission on Human Relations,0350,STATIONERY AND OFFICE SUPPLIES,3600.00,3600.00,4600.00
LOCAL,0100,Corporate Fund,45,Chicago Commission on Human Relations,2005,Chicago Commission on Human Relations,9438,REIMBURSEMENT - FFM,3000.00,3000.00,3000.00
LOCAL,0100,Corporate Fund,48,Mayor's Office for People with Disabilities,2005,Mayor's Office for People with Disabilities,0005,SALARIES AND WAGES - ON PAYROLL,2271711.00,2271711.00,2416672.00
LOCAL,0100,Corporate Fund,48,Mayor's Office for People with Disabilities,2005,Mayor's Office for People with Disabilities,0015,SCHEDULE SALARY ADJUSTMENTS,38834.00,38834.00,44705.00
LOCAL,0100,Corporate Fund,48,Mayor's Office for People with Disabilities,2005,Mayor's Office for People with Disabilities,0039,STUDENT AS TRAINEES,41750.00,41750.00,41750.00
LOCAL,0100,Corporate Fund,48,Mayor's Office for People with Disabilities,2005,Mayor's Office for People with Disabilities,0130,POSTAGE,1800.00,1800.00,1800.00
LOCAL,0100,Corporate Fund,48,Mayor's Office for People with Disabilities,2005,Mayor's Office for People with Disabilities,0135,DELEGATE AGENCIES,650000.00,650000.00,400000.00
LOCAL,0100,Corporate Fund,48,Mayor's Office for People with Disabilities,2005,Mayor's Office for People with Disabilities,0140,PROFESSIONAL AND TECHNICAL SERVICES,362312.00,362312.00,208727.00
LOCAL,0100,Corporate Fund,48,Mayor's Office for People with Disabilities,2005,Mayor's Office for People with Disabilities,0149,SOFTWARE MAINTENANCE AND LICENSING,7551.00,7551.00,149576.00
LOCAL,0100,Corporate Fund,48,Mayor's Office for People with Disabilities,2005,Mayor's Office for People with Disabilities,0159,LEASE/PURCHASE EQUIPMENT,10915.00,10915.00,9544.00
LOCAL,0100,Corporate Fund,48,Mayor's Office for People with Disabilities,2005,Mayor's Office for People with Disabilities,0169,TECHNICAL MEETING COSTS,4979.00,4979.00,1580.00
LOCAL,0100,Corporate Fund,48,Mayor's Office for People with Disabilities,2005,Mayor's Office for People with Disabilities,0245,REIMBURSEMENT TO TRAVELERS,7000.00,7000.00,7000.00
LOCAL,0100,Corporate Fund,48,Mayor's Office for People with Disabilities,2005,Mayor's Office for People with Disabilities,0270,LOCAL TRANSPORTATION,7201.00,7201.00,6440.00
LOCAL,0100,Corporate Fund,48,Mayor's Office for People with Disabilities,2005,Mayor's Office for People with Disabilities,0340,MATERIAL AND SUPPLIES,10699.00,10699.00,10699.00
LOCAL,0100,Corporate Fund,48,Mayor's Office for People with Disabilities,2005,Mayor's Office for People with Disabilities,0350,STATIONERY AND OFFICE SUPPLIES,12387.00,12387.00,12387.00
LOCAL,0100,Corporate Fund,48,Mayor's Office for People with Disabilities,2005,Mayor's Office for People with Disabilities,0446,PURCHASE - IT HARDWARE,54170.00,54170.00,10000.00
LOCAL,0100,Corporate Fund,48,Mayor's Office for People with Disabilities,2005,Mayor's Office for People with Disabilities,9438,REIMBURSEMENT - FFM,15000.00,15000.00,15000.00
LOCAL,0100,Corporate Fund,50,Department of Family and Support Services,2005,Department of Family and Support Services,0005,SALARIES AND WAGES - ON PAYROLL,11948114.00,11948114.00,11987566.00
LOCAL,0100,Corporate Fund,50,Department of Family and Support Services,2005,Department of Family and Support Services,0015,SCHEDULE SALARY ADJUSTMENTS,197488.00,197488.00,199618.00
LOCAL,0100,Corporate Fund,50,Department of Family and Support Services,2005,Department of Family and Support Services,0125,OFFICE AND BUILDING SERVICES,4790.00,4790.00,7690.00
LOCAL,0100,Corporate Fund,50,Department of Family and Support Services,2005,Department of Family and Support Services,0130,POSTAGE,13000.00,13000.00,13000.00
LOCAL,0100,Corporate Fund,50,Department of Family and Support Services,2005,Department of Family and Support Services,0135,DELEGATE AGENCIES,1350000.00,1350000.00,1350000.00
LOCAL,0100,Corporate Fund,50,Department of Family and Support Services,2005,Department of Family and Support Services,0138,IT MAINTENANCE,480800.00,480800.00,480800.00
LOCAL,0100,Corporate Fund,50,Department of Family and Support Services,2005,Department of Family and Support Services,0140,PROFESSIONAL AND TECHNICAL SERVICES,607000.00,607000.00,212000.00
LOCAL,0100,Corporate Fund,50,Department of Family and Support Services,2005,Department of Family and Support Services,0149,SOFTWARE MAINTENANCE AND LICENSING,25000.00,25000.00,11800.00
LOCAL,0100,Corporate Fund,50,Department of Family and Support Services,2005,Department of Family and Support Services,0152,ADVERTISING,4800.00,4800.00,6000.00
LOCAL,0100,Corporate Fund,50,Department of Family and Support Services,2005,Department of Family and Support Services,0159,LEASE/PURCHASE EQUIPMENT,162394.00,162394.00,162394.00
LOCAL,0100,Corporate Fund,50,Department of Family and Support Services,2005,Department of Family and Support Services,0166,DUES  SUBSC & MEM,14049.00,14049.00,14049.00
LOCAL,0100,Corporate Fund,50,Department of Family and Support Services,2005,Department of Family and Support Services,0169,TECHNICAL MEETING COSTS,40000.00,40000.00,40000.00
LOCAL,0100,Corporate Fund,50,Department of Family and Support Services,2005,Department of Family and Support Services,0229,TRANSPORTATION AND EXPENSE ALLOWANCE,565.00,565.00,878.00
LOCAL,0100,Corporate Fund,50,Department of Family and Support Services,2005,Department of Family and Support Services,0245,REIMBURSEMENT TO TRAVELERS,7500.00,7500.00,6500.00
LOCAL,0100,Corporate Fund,50,Department of Family and Support Services,2005,Department of Family and Support Services,0270,LOCAL TRANSPORTATION,300.00,300.00,0.00
LOCAL,0100,Corporate Fund,50,Department of Family and Support Services,2005,Department of Family and Support Services,0340,MATERIAL AND SUPPLIES,10500.00,10500.00,19500.00
LOCAL,0100,Corporate Fund,50,Department of Family and Support Services,2005,Department of Family and Support Services,0350,STATIONERY AND OFFICE SUPPLIES,13400.00,13400.00,13400.00
LOCAL,0100,Corporate Fund,50,Department of Family and Support Services,2005,Department of Family and Support Services,9143,WORKFORCE SERVICES  TARGET POPULATION,2234410.00,2234410.00,1884410.00
LOCAL,0100,Corporate Fund,50,Department of Family and Support Services,2005,Department of Family and Support Services,9204,YOUTH MENTORING PROGRAMS,7414700.00,7414700.00,6724700.00
LOCAL,0100,Corporate Fund,50,Department of Family and Support Services,2005,Department of Family and Support Services,9220,CHICAGO YOUTH SERVICES CORP,1373452.00,1373452.00,0.00
LOCAL,0100,Corporate Fund,50,Department of Family and Support Services,2005,Department of Family and Support Services,9241,CRIMINAL JUSTICE INITIATIVES,1000000.00,1000000.00,1000000.00
LOCAL,0100,Corporate Fund,50,Department of Family and Support Services,2005,Department of Family and Support Services,9253,EARLY CHILDHOOD EDUCATION PROGRAM,13033000.00,13033000.00,11033000.00
LOCAL,0100,Corporate Fund,50,Department of Family and Support Services,2005,Department of Family and Support Services,9254,VIOLENCE REDUCTION PROGRAM,6594025.00,6594025.00,6261025.00
LOCAL,0100,Corporate Fund,50,Department of Family and Support Services,2005,Department of Family and Support Services,9255,HOMELESS SERVICES FOR YOUTH,1540979.00,1540979.00,1540979.00
LOCAL,0100,Corporate Fund,50,Department of Family and Support Services,2005,Department of Family and Support Services,9259,SUMMER PROGRAMS,24058112.00,24058112.00,45430197.00
LOCAL,0100,Corporate Fund,50,Department of Family and Support Services,2005,Department of Family and Support Services,9260,AFTER SCHOOL PROGRAMS,15969124.00,15969124.00,15705124.00
LOCAL,0100,Corporate Fund,50,Department of Family and Support Services,2005,Department of Family and Support Services,9261,CHILDREN'S ADVOCACY CENTER,1050000.00,1050000.00,1050000.00
LOCAL,0100,Corporate Fund,50,Department of Family and Support Services,2005,Department of Family and Support Services,9262,EITC,850000.00,850000.00,850000.00
LOCAL,0100,Corporate Fund,50,Department of Family and Support Services,2005,Department of Family and Support Services,9263,HOMELESS SERVICES,21549069.00,21549069.00,50147659.00
LOCAL,0100,Corporate Fund,50,Department of Family and Support Services,2005,Department of Family and Support Services,9267,FLEXIBLE HOUSING POOL,6000000.00,6000000.00,6000000.00
LOCAL,0100,Corporate Fund,50,Department of Family and Support Services,2005,Department of Family and Support Services,9291,LEGAL PROTECTION FUND,1550000.00,1550000.00,1550000.00
LOCAL,0100,Corporate Fund,50,Department of Family and Support Services,2005,Department of Family and Support Services,9299,GENDER BASED VIOLENCE SERVICES,1000000.00,1000000.00,1500000.00
LOCAL,0100,Corporate Fund,50,Department of Family and Support Services,2005,Department of Family and Support Services,9438,REIMBURSEMENT - FFM,154105.00,154105.00,154105.00
LOCAL,0B93,Houseshare Surcharge - Homeless Services Fund,50,Department of Family and Support Services,2005,Department of Family and Support Services,9263,HOMELESS SERVICES,13708000.00,13708000.00,13708000.00
LOCAL,0B94,Houseshare Surcharge - Domestic Violence Fund,50,Department of Family and Support Services,2005,Department of Family and Support Services,0135,DELEGATE AGENCIES,10177040.00,10177040.00,9016000.00
LOCAL,0100,Corporate Fund,51,Office of Public Safety Administration,2005,Office of Public Safety Administration,0005,SALARIES AND WAGES - ON PAYROLL,20530140.00,20530140.00,18572225.00
LOCAL,0100,Corporate Fund,51,Office of Public Safety Administration,2005,Office of Public Safety Administration,0012,CONTRACT WAGE - PREVAILING RATE,7120.00,7120.00,6315.00
LOCAL,0100,Corporate Fund,51,Office of Public Safety Administration,2005,Office of Public Safety Administration,0015,SCHEDULE SALARY ADJUSTMENTS,184009.00,184009.00,222549.00
LOCAL,0100,Corporate Fund,51,Office of Public Safety Administration,2005,Office of Public Safety Administration,0020,OVERTIME,355000.00,355000.00,355000.00
LOCAL,0100,Corporate Fund,51,Office of Public Safety Administration,2005,Office of Public Safety Administration,0091,UNIFORM ALLOWANCE,10000.00,10000.00,10000.00
LOCAL,0100,Corporate Fund,51,Office of Public Safety Administration,2005,Office of Public Safety Administration,0130,POSTAGE,255436.00,255436.00,255436.00
LOCAL,0100,Corporate Fund,51,Office of Public Safety Administration,2005,Office of Public Safety Administration,0138,IT MAINTENANCE,4121243.00,4121243.00,4148358.00
LOCAL,0100,Corporate Fund,51,Office of Public Safety Administration,2005,Office of Public Safety Administration,0140,PROFESSIONAL AND TECHNICAL SERVICES,6161484.00,5853484.00,5890847.00
LOCAL,0100,Corporate Fund,51,Office of Public Safety Administration,2005,Office of Public Safety Administration,0149,SOFTWARE MAINTENANCE AND LICENSING,6458328.00,6458328.00,6635300.00
LOCAL,0100,Corporate Fund,51,Office of Public Safety Administration,2005,Office of Public Safety Administration,0152,ADVERTISING,2400.00,2400.00,2400.00
LOCAL,0100,Corporate Fund,51,Office of Public Safety Administration,2005,Office of Public Safety Administration,0157,RENTAL EQUIPMENT AND SERVICES,9684407.00,9992407.00,9689016.00
LOCAL,0100,Corporate Fund,51,Office of Public Safety Administration,2005,Office of Public Safety Administration,0159,LEASE/PURCHASE EQUIPMENT,83415.00,83415.00,110000.00
LOCAL,0100,Corporate Fund,51,Office of Public Safety Administration,2005,Office of Public Safety Administration,0161,MAINT FACILITIES,170000.00,170000.00,170000.00
LOCAL,0100,Corporate Fund,51,Office of Public Safety Administration,2005,Office of Public Safety Administration,0162,REPAIR/MAINT EQUIPMENT,251538.00,251538.00,304538.00
LOCAL,0100,Corporate Fund,51,Office of Public Safety Administration,2005,Office of Public Safety Administration,0166,DUES  SUBSC & MEM,23022.00,23022.00,23022.00
LOCAL,0100,Corporate Fund,51,Office of Public Safety Administration,2005,Office of Public Safety Administration,0169,TECHNICAL MEETING COSTS,58550.00,58550.00,34550.00
LOCAL,0100,Corporate Fund,51,Office of Public Safety Administration,2005,Office of Public Safety Administration,0178,FREIGHT AND EXPRESS CHARGES,14000.00,14000.00,14000.00
LOCAL,0100,Corporate Fund,51,Office of Public Safety Administration,2005,Office of Public Safety Administration,0181,MOBILE COMMUNICATION SERVICES,3240000.00,3240000.00,3240000.00
LOCAL,0100,Corporate Fund,51,Office of Public Safety Administration,2005,Office of Public Safety Administration,0186,PAGERS,400.00,400.00,400.00
LOCAL,0100,Corporate Fund,51,Office of Public Safety Administration,2005,Office of Public Safety Administration,0189,TELEPHONE - NON-CENTREX BILLINGS,690800.00,690800.00,690800.00
LOCAL,0100,Corporate Fund,51,Office of Public Safety Administration,2005,Office of Public Safety Administration,0190,TELEPHONE - CENTREX BILLINGS,92000.00,92000.00,92000.00
LOCAL,0100,Corporate Fund,51,Office of Public Safety Administration,2005,Office of Public Safety Administration,0196,DATA CIRCUITS,1632000.00,1632000.00,1632000.00
LOCAL,0100,Corporate Fund,51,Office of Public Safety Administration,2005,Office of Public Safety Administration,0197,TELEPHONE - MAINTENANCE,27000.00,27000.00,27000.00
LOCAL,0100,Corporate Fund,51,Office of Public Safety Administration,2005,Office of Public Safety Administration,0245,REIMBURSEMENT TO TRAVELERS,42000.00,42000.00,41500.00
LOCAL,0100,Corporate Fund,51,Office of Public Safety Administration,2005,Office of Public Safety Administration,0320,GASOLINE,60000.00,60000.00,60000.00
LOCAL,0100,Corporate Fund,51,Office of Public Safety Administration,2005,Office of Public Safety Administration,0330,FOOD,59580.00,59580.00,59580.00
LOCAL,0100,Corporate Fund,51,Office of Public Safety Administration,2005,Office of Public Safety Administration,0338,LICENSE STICKER TAG AND PLATES,3524.00,3524.00,3524.00
LOCAL,0100,Corporate Fund,51,Office of Public Safety Administration,2005,Office of Public Safety Administration,0340,MATERIAL AND SUPPLIES,2236785.00,2236785.00,2349185.00
LOCAL,0100,Corporate Fund,51,Office of Public Safety Administration,2005,Office of Public Safety Administration,0342,DRUGS  MEDICINE AND CHEMICAL MATERIALS,25600.00,25600.00,25600.00
LOCAL,0100,Corporate Fund,51,Office of Public Safety Administration,2005,Office of Public Safety Administration,0348,BOOKS AND RELATED MATERIAL,500.00,500.00,500.00
LOCAL,0100,Corporate Fund,51,Office of Public Safety Administration,2005,Office of Public Safety Administration,0350,STATIONERY AND OFFICE SUPPLIES,573890.00,573890.00,573890.00
LOCAL,0100,Corporate Fund,51,Office of Public Safety Administration,2005,Office of Public Safety Administration,0360,REPAIR PARTS AND MATERIAL,326500.00,326500.00,346500.00
LOCAL,0100,Corporate Fund,51,Office of Public Safety Administration,2005,Office of Public Safety Administration,0422,OFFICE MACHINES,2000.00,2000.00,2000.00
LOCAL,0100,Corporate Fund,51,Office of Public Safety Administration,2005,Office of Public Safety Administration,0424,FURNITURE AND FURNISHINGS,200000.00,200000.00,200000.00
LOCAL,0100,Corporate Fund,51,Office of Public Safety Administration,2005,Office of Public Safety Administration,9067,PHYSICAL EXAMS,2486176.00,2486176.00,2204176.00
LOCAL,0100,Corporate Fund,51,Office of Public Safety Administration,2005,Office of Public Safety Administration,9295,CONSENT DECREE,3739930.00,3739930.00,3375000.00
LOCAL,0100,Corporate Fund,51,Office of Public Safety Administration,2005,Office of Public Safety Administration,9438,REIMBURSEMENT - FFM,20000.00,20000.00,20000.00
LOCAL,0353,Emergency Communication Fund,51,Office of Public Safety Administration,2005,Office of Public Safety Administration,0005,SALARIES AND WAGES - ON PAYROLL,12699474.00,12699474.00,13274780.00
LOCAL,0353,Emergency Communication Fund,51,Office of Public Safety Administration,2005,Office of Public Safety Administration,0012,CONTRACT WAGE - PREVAILING RATE,162296.00,162296.00,166477.00
LOCAL,0353,Emergency Communication Fund,51,Office of Public Safety Administration,2005,Office of Public Safety Administration,0015,SCHEDULE SALARY ADJUSTMENTS,22373.00,22373.00,22833.00
LOCAL,0353,Emergency Communication Fund,51,Office of Public Safety Administration,2005,Office of Public Safety Administration,0020,OVERTIME,683024.00,683024.00,683024.00
LOCAL,0353,Emergency Communication Fund,51,Office of Public Safety Administration,2005,Office of Public Safety Administration,0138,IT MAINTENANCE,13558225.00,13558225.00,13810225.00
LOCAL,0353,Emergency Communication Fund,51,Office of Public Safety Administration,2005,Office of Public Safety Administration,0139,IT DEVELOPMENT,14000000.00,14000000.00,14000000.00
LOCAL,0353,Emergency Communication Fund,51,Office of Public Safety Administration,2005,Office of Public Safety Administration,0140,PROFESSIONAL AND TECHNICAL SERVICES,3531210.00,3531210.00,3474000.00
LOCAL,0353,Emergency Communication Fund,51,Office of Public Safety Administration,2005,Office of Public Safety Administration,0142,ACCOUNTING AND AUDITING,75000.00,75000.00,75000.00
LOCAL,0353,Emergency Communication Fund,51,Office of Public Safety Administration,2005,Office of Public Safety Administration,0149,SOFTWARE MAINTENANCE AND LICENSING,8967998.00,8967998.00,8975000.00
LOCAL,0353,Emergency Communication Fund,51,Office of Public Safety Administration,2005,Office of Public Safety Administration,0154,RENTAL-DATA HARDWARE EQ,2000.00,2000.00,2000.00
LOCAL,0353,Emergency Communication Fund,51,Office of Public Safety Administration,2005,Office of Public Safety Administration,0157,RENTAL EQUIPMENT AND SERVICES,604772.00,604772.00,845772.00
LOCAL,0353,Emergency Communication Fund,51,Office of Public Safety Administration,2005,Office of Public Safety Administration,0162,REPAIR/MAINT EQUIPMENT,2371699.00,2371699.00,3371699.00
LOCAL,0353,Emergency Communication Fund,51,Office of Public Safety Administration,2005,Office of Public Safety Administration,0166,DUES  SUBSC & MEM,9000.00,9000.00,9000.00
LOCAL,0353,Emergency Communication Fund,51,Office of Public Safety Administration,2005,Office of Public Safety Administration,0169,TECHNICAL MEETING COSTS,18000.00,18000.00,18000.00
LOCAL,0353,Emergency Communication Fund,51,Office of Public Safety Administration,2005,Office of Public Safety Administration,0181,MOBILE COMMUNICATION SERVICES,5521260.00,5521260.00,5525704.00
LOCAL,0353,Emergency Communication Fund,51,Office of Public Safety Administration,2005,Office of Public Safety Administration,0189,TELEPHONE - NON-CENTREX BILLINGS,2638500.00,2638500.00,2639000.00
LOCAL,0353,Emergency Communication Fund,51,Office of Public Safety Administration,2005,Office of Public Safety Administration,0190,TELEPHONE - CENTREX BILLINGS,425000.00,425000.00,425000.00
LOCAL,0353,Emergency Communication Fund,51,Office of Public Safety Administration,2005,Office of Public Safety Administration,0196,DATA CIRCUITS,1761000.00,1761000.00,1761000.00
LOCAL,0353,Emergency Communication Fund,51,Office of Public Safety Administration,2005,Office of Public Safety Administration,0197,TELEPHONE - MAINTENANCE,3824489.00,3824489.00,5835000.00
LOCAL,0353,Emergency Communication Fund,51,Office of Public Safety Administration,2005,Office of Public Safety Administration,0229,TRANSPORTATION AND EXPENSE ALLOWANCE,90000.00,90000.00,90000.00
LOCAL,0353,Emergency Communication Fund,51,Office of Public Safety Administration,2005,Office of Public Safety Administration,0245,REIMBURSEMENT TO TRAVELERS,20000.00,20000.00,20000.00
LOCAL,0353,Emergency Communication Fund,51,Office of Public Safety Administration,2005,Office of Public Safety Administration,0330,FOOD,12000.00,12000.00,6000.00
LOCAL,0353,Emergency Communication Fund,51,Office of Public Safety Administration,2005,Office of Public Safety Administration,0340,MATERIAL AND SUPPLIES,472836.00,472836.00,514836.00
LOCAL,0353,Emergency Communication Fund,51,Office of Public Safety Administration,2005,Office of Public Safety Administration,0350,STATIONERY AND OFFICE SUPPLIES,21700.00,21700.00,21700.00
LOCAL,0353,Emergency Communication Fund,51,Office of Public Safety Administration,2005,Office of Public Safety Administration,0360,REPAIR PARTS AND MATERIAL,2784100.00,2784100.00,3095100.00
LOCAL,0353,Emergency Communication Fund,51,Office of Public Safety Administration,2005,Office of Public Safety Administration,0365,ELECTRICAL SUPPLIES,115000.00,115000.00,115000.00
LOCAL,0353,Emergency Communication Fund,51,Office of Public Safety Administration,2005,Office of Public Safety Administration,0401,TOOL <= $100 UNIT,43200.00,43200.00,43200.00
LOCAL,0353,Emergency Communication Fund,51,Office of Public Safety Administration,2005,Office of Public Safety Administration,0423,COMMUNICATION DEVICES,33925.00,33925.00,33925.00
LOCAL,0353,Emergency Communication Fund,51,Office of Public Safety Administration,2005,Office of Public Safety Administration,9295,CONSENT DECREE,726935.00,726935.00,727000.00
LOCAL,0610,Chicago Midway Airport Fund,51,Office of Public Safety Administration,2005,Office of Public Safety Administration,0157,RENTAL EQUIPMENT AND SERVICES,16488.00,16488.00,16488.00
LOCAL,0610,Chicago Midway Airport Fund,51,Office of Public Safety Administration,2005,Office of Public Safety Administration,0340,MATERIAL AND SUPPLIES,25750.00,25750.00,25750.00
LOCAL,0740,Chicago O'Hare Airport Fund,51,Office of Public Safety Administration,2005,Office of Public Safety Administration,0157,RENTAL EQUIPMENT AND SERVICES,16488.00,16488.00,16488.00
LOCAL,0740,Chicago O'Hare Airport Fund,51,Office of Public Safety Administration,2005,Office of Public Safety Administration,0340,MATERIAL AND SUPPLIES,15750.00,15750.00,15750.00
LOCAL,0100,Corporate Fund,54,Department of Planning and Development,2005,Department of Planning and Development,0005,SALARIES AND WAGES - ON PAYROLL,11056049.00,11056049.00,11276322.00
LOCAL,0100,Corporate Fund,54,Department of Planning and Development,2005,Department of Planning and Development,0015,SCHEDULE SALARY ADJUSTMENTS,209079.00,209079.00,173177.00
LOCAL,0100,Corporate Fund,54,Department of Planning and Development,2005,Department of Planning and Development,0039,STUDENT AS TRAINEES,218000.00,218000.00,0.00
LOCAL,0100,Corporate Fund,54,Department of Planning and Development,2005,Department of Planning and Development,0050,STIPENDS,62400.00,62400.00,62400.00
LOCAL,0100,Corporate Fund,54,Department of Planning and Development,2005,Department of Planning and Development,0130,POSTAGE,18174.00,18174.00,18174.00
LOCAL,0100,Corporate Fund,54,Department of Planning and Development,2005,Department of Planning and Development,0135,DELEGATE AGENCIES,856223.00,856223.00,900000.00
LOCAL,0100,Corporate Fund,54,Department of Planning and Development,2005,Department of Planning and Development,0139,IT DEVELOPMENT,250000.00,250000.00,200000.00
LOCAL,0100,Corporate Fund,54,Department of Planning and Development,2005,Department of Planning and Development,0140,PROFESSIONAL AND TECHNICAL SERVICES,3779107.00,3779107.00,2490401.00
LOCAL,0100,Corporate Fund,54,Department of Planning and Development,2005,Department of Planning and Development,0141,APPRAISALS,60000.00,60000.00,15000.00
LOCAL,0100,Corporate Fund,54,Department of Planning and Development,2005,Department of Planning and Development,0142,ACCOUNTING AND AUDITING,63173.00,63173.00,63173.00
LOCAL,0100,Corporate Fund,54,Department of Planning and Development,2005,Department of Planning and Development,0143,COURT REPORTING,69000.00,69000.00,69000.00
LOCAL,0100,Corporate Fund,54,Department of Planning and Development,2005,Department of Planning and Development,0149,SOFTWARE MAINTENANCE AND LICENSING,70905.00,70905.00,70905.00
LOCAL,0100,Corporate Fund,54,Department of Planning and Development,2005,Department of Planning and Development,0152,ADVERTISING,34945.00,34945.00,34945.00
LOCAL,0100,Corporate Fund,54,Department of Planning and Development,2005,Department of Planning and Development,0159,LEASE/PURCHASE EQUIPMENT,45242.00,45242.00,45242.00
LOCAL,0100,Corporate Fund,54,Department of Planning and Development,2005,Department of Planning and Development,0162,REPAIR/MAINT EQUIPMENT,10000.00,10000.00,0.00
LOCAL,0100,Corporate Fund,54,Department of Planning and Development,2005,Department of Planning and Development,0166,DUES  SUBSC & MEM,3700.00,3700.00,3700.00
LOCAL,0100,Corporate Fund,54,Department of Planning and Development,2005,Department of Planning and Development,0169,TECHNICAL MEETING COSTS,79760.00,79760.00,54760.00
LOCAL,0100,Corporate Fund,54,Department of Planning and Development,2005,Department of Planning and Development,0179,MESSENGER SERVICES,500.00,500.00,500.00
LOCAL,0100,Corporate Fund,54,Department of Planning and Development,2005,Department of Planning and Development,0229,TRANSPORTATION AND EXPENSE ALLOWANCE,1000.00,1000.00,750.00
LOCAL,0100,Corporate Fund,54,Department of Planning and Development,2005,Department of Planning and Development,0245,REIMBURSEMENT TO TRAVELERS,9000.00,9000.00,3000.00
LOCAL,0100,Corporate Fund,54,Department of Planning and Development,2005,Department of Planning and Development,0340,MATERIAL AND SUPPLIES,1000.00,1000.00,1000.00
LOCAL,0100,Corporate Fund,54,Department of Planning and Development,2005,Department of Planning and Development,0350,STATIONERY AND OFFICE SUPPLIES,38356.00,38356.00,38356.00
LOCAL,0100,Corporate Fund,54,Department of Planning and Development,2005,Department of Planning and Development,0420,FURNITURE AND FIXTURES,100000.00,100000.00,0.00
LOCAL,0100,Corporate Fund,54,Department of Planning and Development,2005,Department of Planning and Development,0446,PURCHASE - IT HARDWARE,45126.00,45126.00,45126.00
LOCAL,0100,Corporate Fund,54,Department of Planning and Development,2005,Department of Planning and Development,9438,REIMBURSEMENT - FFM,45000.00,45000.00,45000.00
LOCAL,0B21,Tax Increment Financing Administration Fund,54,Department of Planning and Development,2005,Department of Planning and Development,0005,SALARIES AND WAGES - ON PAYROLL,5740549.00,5740549.00,6064651.00
LOCAL,0B21,Tax Increment Financing Administration Fund,54,Department of Planning and Development,2005,Department of Planning and Development,0015,SCHEDULE SALARY ADJUSTMENTS,130935.00,130935.00,122141.00
LOCAL,0B21,Tax Increment Financing Administration Fund,54,Department of Planning and Development,2005,Department of Planning and Development,0039,STUDENT AS TRAINEES,0.00,0.00,22839.00
LOCAL,0B21,Tax Increment Financing Administration Fund,54,Department of Planning and Development,2005,Department of Planning and Development,0138,IT MAINTENANCE,40000.00,40000.00,40000.00
LOCAL,0B21,Tax Increment Financing Administration Fund,54,Department of Planning and Development,2005,Department of Planning and Development,0139,IT DEVELOPMENT,1360000.00,1360000.00,1358000.00
LOCAL,0B21,Tax Increment Financing Administration Fund,54,Department of Planning and Development,2005,Department of Planning and Development,0140,PROFESSIONAL AND TECHNICAL SERVICES,150000.00,150000.00,1514500.00
LOCAL,0B21,Tax Increment Financing Administration Fund,54,Department of Planning and Development,2005,Department of Planning and Development,0142,ACCOUNTING AND AUDITING,265000.00,265000.00,265000.00
LOCAL,0B21,Tax Increment Financing Administration Fund,54,Department of Planning and Development,2005,Department of Planning and Development,0143,COURT REPORTING,10000.00,10000.00,10000.00
LOCAL,0B21,Tax Increment Financing Administration Fund,54,Department of Planning and Development,2005,Department of Planning and Development,0149,SOFTWARE MAINTENANCE AND LICENSING,52054.00,52054.00,126394.00
LOCAL,0B21,Tax Increment Financing Administration Fund,54,Department of Planning and Development,2005,Department of Planning and Development,0169,TECHNICAL MEETING COSTS,27310.00,27310.00,27310.00
LOCAL,0B21,Tax Increment Financing Administration Fund,54,Department of Planning and Development,2005,Department of Planning and Development,0340,MATERIAL AND SUPPLIES,3000.00,3000.00,5000.00
LOCAL,0B21,Tax Increment Financing Administration Fund,54,Department of Planning and Development,2005,Department of Planning and Development,0446,PURCHASE - IT HARDWARE,17250.00,17250.00,17250.00
LOCAL,0B21,Tax Increment Financing Administration Fund,54,Department of Planning and Development,2005,Department of Planning and Development,9454,REIMBURSEMENT - DPD,225000.00,225000.00,225000.00
LOCAL,0D43,Neighborhoods Opportunity Fund,54,Department of Planning and Development,2005,Department of Planning and Development,0005,SALARIES AND WAGES - ON PAYROLL,403256.00,403256.00,413488.00
LOCAL,0D43,Neighborhoods Opportunity Fund,54,Department of Planning and Development,2005,Department of Planning and Development,0015,SCHEDULE SALARY ADJUSTMENTS,7446.00,7446.00,4403.00
LOCAL,0D43,Neighborhoods Opportunity Fund,54,Department of Planning and Development,2005,Department of Planning and Development,0140,PROFESSIONAL AND TECHNICAL SERVICES,580000.00,580000.00,580000.00
LOCAL,0D43,Neighborhoods Opportunity Fund,54,Department of Planning and Development,2005,Department of Planning and Development,0149,SOFTWARE MAINTENANCE AND LICENSING,1000.00,1000.00,1000.00
LOCAL,0D43,Neighborhoods Opportunity Fund,54,Department of Planning and Development,2005,Department of Planning and Development,0169,TECHNICAL MEETING COSTS,7500.00,7500.00,7500.00
LOCAL,0D43,Neighborhoods Opportunity Fund,54,Department of Planning and Development,2005,Department of Planning and Development,0340,MATERIAL AND SUPPLIES,1500.00,1500.00,1500.00
LOCAL,0D43,Neighborhoods Opportunity Fund,54,Department of Planning and Development,2005,Department of Planning and Development,9103,REHABILITATION LOANS GT,61209644.00,61209644.00,65630650.00
LOCAL,0D44,Citywide Adopt-a-landmark Fund,54,Department of Planning and Development,2005,Department of Planning and Development,9103,REHABILITATION LOANS GT,10782000.00,10782000.00,11076425.00
LOCAL,0D45,Local Impact Fund,54,Department of Planning and Development,2005,Department of Planning and Development,9103,REHABILITATION LOANS GT,12298000.00,12298000.00,12851032.00
LOCAL,0100,Corporate Fund,55,Chicago Police Board,2005,Chicago Police Board,0005,SALARIES AND WAGES - ON PAYROLL,192252.00,192252.00,196728.00
LOCAL,0100,Corporate Fund,55,Chicago Police Board,2005,Chicago Police Board,0015,SCHEDULE SALARY ADJUSTMENTS,0.00,0.00,2006.00
LOCAL,0100,Corporate Fund,55,Chicago Police Board,2005,Chicago Police Board,0050,STIPENDS,111000.00,111000.00,111000.00
LOCAL,0100,Corporate Fund,55,Chicago Police Board,2005,Chicago Police Board,0140,PROFESSIONAL AND TECHNICAL SERVICES,193875.00,193875.00,140000.00
LOCAL,0100,Corporate Fund,55,Chicago Police Board,2005,Chicago Police Board,0143,COURT REPORTING,96000.00,96000.00,53400.00
LOCAL,0100,Corporate Fund,55,Chicago Police Board,2005,Chicago Police Board,0157,RENTAL EQUIPMENT AND SERVICES,686.00,686.00,686.00
LOCAL,0100,Corporate Fund,55,Chicago Police Board,2005,Chicago Police Board,0165,GRAPHIC DESIGN SERV,2000.00,2000.00,0.00
LOCAL,0100,Corporate Fund,55,Chicago Police Board,2005,Chicago Police Board,0166,DUES  SUBSC & MEM,500.00,500.00,600.00
LOCAL,0100,Corporate Fund,55,Chicago Police Board,2005,Chicago Police Board,0169,TECHNICAL MEETING COSTS,600.00,600.00,700.00
LOCAL,0100,Corporate Fund,55,Chicago Police Board,2005,Chicago Police Board,0245,REIMBURSEMENT TO TRAVELERS,1650.00,1650.00,2000.00
LOCAL,0100,Corporate Fund,55,Chicago Police Board,2005,Chicago Police Board,0270,LOCAL TRANSPORTATION,150.00,150.00,100.00
LOCAL,0100,Corporate Fund,55,Chicago Police Board,2005,Chicago Police Board,0348,BOOKS AND RELATED MATERIAL,100.00,100.00,100.00
LOCAL,0100,Corporate Fund,55,Chicago Police Board,2005,Chicago Police Board,0350,STATIONERY AND OFFICE SUPPLIES,875.00,875.00,650.00
LOCAL,0100,Corporate Fund,55,Chicago Police Board,2005,Chicago Police Board,9438,REIMBURSEMENT - FFM,1500.00,1500.00,2000.00
LOCAL,0100,Corporate Fund,57,Chicago Police Department,1005,Chicago Police Department,0005,SALARIES AND WAGES - ON PAYROLL,1326270601.00,1326270601.00,1395907585.00
LOCAL,0100,Corporate Fund,57,Chicago Police Department,1005,Chicago Police Department,0015,SCHEDULE SALARY ADJUSTMENTS,10428341.00,10428341.00,11651141.00
LOCAL,0100,Corporate Fund,57,Chicago Police Department,1005,Chicago Police Department,0020,OVERTIME,100000000.00,100000000.00,100000000.00
LOCAL,0100,Corporate Fund,57,Chicago Police Department,1005,Chicago Police Department,0021,SWORN/CIVILIAN HOLIDAY PREMIUM PAY,8200000.00,8200000.00,8200000.00
LOCAL,0100,Corporate Fund,57,Chicago Police Department,1005,Chicago Police Department,0022,DUTY AVAILABILITY,39000000.00,39000000.00,39000000.00
LOCAL,0100,Corporate Fund,57,Chicago Police Department,1005,Chicago Police Department,0024,COMPENSATORY TIME PAYMENT,36000000.00,36000000.00,36000000.00
LOCAL,0100,Corporate Fund,57,Chicago Police Department,1005,Chicago Police Department,0027,SUPERVISORS QUARTERLY PAYMENT,12250000.00,12250000.00,12250000.00
LOCAL,0100,Corporate Fund,57,Chicago Police Department,1005,Chicago Police Department,0032,REIMBURSABLE OVERTIME,7000000.00,7000000.00,7000000.00
LOCAL,0100,Corporate Fund,57,Chicago Police Department,1005,Chicago Police Department,0039,STUDENT AS TRAINEES,16435.00,16435.00,16435.00
LOCAL,0100,Corporate Fund,57,Chicago Police Department,1005,Chicago Police Department,0060,SPECIALTY PAY,16100000.00,16100000.00,16100000.00
LOCAL,0100,Corporate Fund,57,Chicago Police Department,1005,Chicago Police Department,0070,TUITION REIMBURSEMENT,6500000.00,6500000.00,6500000.00
LOCAL,0100,Corporate Fund,57,Chicago Police Department,1005,Chicago Police Department,0088,FURLOUGH / COMP TIME BUY-BACK,20000000.00,20000000.00,20000000.00
LOCAL,0100,Corporate Fund,57,Chicago Police Department,1005,Chicago Police Department,0091,UNIFORM ALLOWANCE,21500000.00,21500000.00,21500000.00
LOCAL,0100,Corporate Fund,57,Chicago Police Department,1005,Chicago Police Department,0125,OFFICE AND BUILDING SERVICES,620.00,620.00,620.00
LOCAL,0100,Corporate Fund,57,Chicago Police Department,1005,Chicago Police Department,0138,IT MAINTENANCE,1034.00,1034.00,1034.00
LOCAL,0100,Corporate Fund,57,Chicago Police Department,1005,Chicago Police Department,0140,PROFESSIONAL AND TECHNICAL SERVICES,4478442.00,4478442.00,3946015.00
LOCAL,0100,Corporate Fund,57,Chicago Police Department,1005,Chicago Police Department,0149,SOFTWARE MAINTENANCE AND LICENSING,340617.00,340617.00,959045.00
LOCAL,0100,Corporate Fund,57,Chicago Police Department,1005,Chicago Police Department,0152,ADVERTISING,230000.00,230000.00,230000.00
LOCAL,0100,Corporate Fund,57,Chicago Police Department,1005,Chicago Police Department,0154,RENTAL-DATA HARDWARE EQ,926089.00,926089.00,931000.00
LOCAL,0100,Corporate Fund,57,Chicago Police Department,1005,Chicago Police Department,0157,RENTAL EQUIPMENT AND SERVICES,2032674.00,2032674.00,2032674.00
LOCAL,0100,Corporate Fund,57,Chicago Police Department,1005,Chicago Police Department,0162,REPAIR/MAINT EQUIPMENT,518060.00,518060.00,528556.00
LOCAL,0100,Corporate Fund,57,Chicago Police Department,1005,Chicago Police Department,0166,DUES  SUBSC & MEM,457534.00,457534.00,332224.00
LOCAL,0100,Corporate Fund,57,Chicago Police Department,1005,Chicago Police Department,0169,TECHNICAL MEETING COSTS,2745590.00,2745590.00,3648374.00
LOCAL,0100,Corporate Fund,57,Chicago Police Department,1005,Chicago Police Department,0178,FREIGHT AND EXPRESS CHARGES,10000.00,10000.00,10000.00
LOCAL,0100,Corporate Fund,57,Chicago Police Department,1005,Chicago Police Department,0185,WASTE DISPOSAL SERVICES,124437.00,124437.00,124437.00
LOCAL,0100,Corporate Fund,57,Chicago Police Department,1005,Chicago Police Department,0245,REIMBURSEMENT TO TRAVELERS,615494.00,615494.00,1198916.00
LOCAL,0100,Corporate Fund,57,Chicago Police Department,1005,Chicago Police Department,0270,LOCAL TRANSPORTATION,1200.00,1200.00,1200.00
LOCAL,0100,Corporate Fund,57,Chicago Police Department,1005,Chicago Police Department,0313,CLEANING AND SANITATION SUPPLIES,1000.00,1000.00,1000.00
LOCAL,0100,Corporate Fund,57,Chicago Police Department,1005,Chicago Police Department,0319,CLOTHING,61900.00,61900.00,61900.00
LOCAL,0100,Corporate Fund,57,Chicago Police Department,1005,Chicago Police Department,0330,FOOD,408500.00,408500.00,325000.00
LOCAL,0100,Corporate Fund,57,Chicago Police Department,1005,Chicago Police Department,0338,LICENSE STICKER TAG AND PLATES,800.00,800.00,800.00
LOCAL,0100,Corporate Fund,57,Chicago Police Department,1005,Chicago Police Department,0340,MATERIAL AND SUPPLIES,8045481.00,8045481.00,8659891.00
LOCAL,0100,Corporate Fund,57,Chicago Police Department,1005,Chicago Police Department,0342,DRUGS  MEDICINE AND CHEMICAL MATERIALS,33000.00,33000.00,35200.00
LOCAL,0100,Corporate Fund,57,Chicago Police Department,1005,Chicago Police Department,0345,APPARATUS AND INSTRUMENTS,115032.00,115032.00,115032.00
LOCAL,0100,Corporate Fund,57,Chicago Police Department,1005,Chicago Police Department,0348,BOOKS AND RELATED MATERIAL,30022.00,30022.00,31962.00
LOCAL,0100,Corporate Fund,57,Chicago Police Department,1005,Chicago Police Department,0360,REPAIR PARTS AND MATERIAL,969714.00,969714.00,989369.00
LOCAL,0100,Corporate Fund,57,Chicago Police Department,1005,Chicago Police Department,0430,LIVESTOCK,105048.00,105048.00,125000.00
LOCAL,0100,Corporate Fund,57,Chicago Police Department,1005,Chicago Police Department,0931,TORT/NON-TORT JUDGMENT,82558000.00,82558000.00,82558000.00
LOCAL,0100,Corporate Fund,57,Chicago Police Department,1005,Chicago Police Department,0937,HOSPITAL//MEDICAL - NOT WORKERS' COMP,22500000.00,22500000.00,22500000.00
LOCAL,0100,Corporate Fund,57,Chicago Police Department,1005,Chicago Police Department,9067,PHYSICAL EXAMS,292250.00,292250.00,292250.00
LOCAL,0100,Corporate Fund,57,Chicago Police Department,1005,Chicago Police Department,9295,CONSENT DECREE,7888239.00,7888239.00,5998239.00
LOCAL,0100,Corporate Fund,57,Chicago Police Department,1005,Chicago Police Department,9438,REIMBURSEMENT - FFM,450000.00,466433.00,450000.00
LOCAL,0100,Corporate Fund,57,Chicago Police Department,1005,Chicago Police Department,9481,REIMBURSEMENT - DSS,250000.00,233567.00,250000.00
LOCAL,0610,Chicago Midway Airport Fund,57,Chicago Police Department,1005,Chicago Police Department,0005,SALARIES AND WAGES - ON PAYROLL,6182525.00,6182525.00,7195720.00
LOCAL,0610,Chicago Midway Airport Fund,57,Chicago Police Department,1005,Chicago Police Department,0008,PAYMENT RETROACTIVE SALARIES,160202.00,160202.00,160202.00
LOCAL,0610,Chicago Midway Airport Fund,57,Chicago Police Department,1005,Chicago Police Department,0015,SCHEDULE SALARY ADJUSTMENTS,9812.00,9812.00,75954.00
LOCAL,0610,Chicago Midway Airport Fund,57,Chicago Police Department,1005,Chicago Police Department,0020,OVERTIME,750000.00,750000.00,750000.00
LOCAL,0610,Chicago Midway Airport Fund,57,Chicago Police Department,1005,Chicago Police Department,0021,SWORN/CIVILIAN HOLIDAY PREMIUM PAY,30000.00,30000.00,30000.00
LOCAL,0610,Chicago Midway Airport Fund,57,Chicago Police Department,1005,Chicago Police Department,0022,DUTY AVAILABILITY,250000.00,250000.00,250000.00
LOCAL,0610,Chicago Midway Airport Fund,57,Chicago Police Department,1005,Chicago Police Department,0024,COMPENSATORY TIME PAYMENT,342000.00,342000.00,342000.00
LOCAL,0610,Chicago Midway Airport Fund,57,Chicago Police Department,1005,Chicago Police Department,0027,SUPERVISORS QUARTERLY PAYMENT,70000.00,70000.00,70000.00
LOCAL,0610,Chicago Midway Airport Fund,57,Chicago Police Department,1005,Chicago Police Department,0060,SPECIALTY PAY,143000.00,143000.00,143000.00
LOCAL,0610,Chicago Midway Airport Fund,57,Chicago Police Department,1005,Chicago Police Department,0070,TUITION REIMBURSEMENT,35000.00,35000.00,35000.00
LOCAL,0610,Chicago Midway Airport Fund,57,Chicago Police Department,1005,Chicago Police Department,0088,FURLOUGH / COMP TIME BUY-BACK,143000.00,143000.00,143000.00
LOCAL,0610,Chicago Midway Airport Fund,57,Chicago Police Department,1005,Chicago Police Department,0091,UNIFORM ALLOWANCE,113000.00,113000.00,113000.00
LOCAL,0610,Chicago Midway Airport Fund,57,Chicago Police Department,1005,Chicago Police Department,0937,HOSPITAL//MEDICAL - NOT WORKERS' COMP,70200.00,70200.00,70200.00
LOCAL,0740,Chicago O'Hare Airport Fund,57,Chicago Police Department,1005,Chicago Police Department,0005,SALARIES AND WAGES - ON PAYROLL,19841531.00,19841531.00,21970179.00
LOCAL,0740,Chicago O'Hare Airport Fund,57,Chicago Police Department,1005,Chicago Police Department,0008,PAYMENT RETROACTIVE SALARIES,277850.00,277850.00,277850.00
LOCAL,0740,Chicago O'Hare Airport Fund,57,Chicago Police Department,1005,Chicago Police Department,0015,SCHEDULE SALARY ADJUSTMENTS,104743.00,104743.00,176289.00
LOCAL,0740,Chicago O'Hare Airport Fund,57,Chicago Police Department,1005,Chicago Police Department,0020,OVERTIME,2060000.00,2060000.00,2060000.00
LOCAL,0740,Chicago O'Hare Airport Fund,57,Chicago Police Department,1005,Chicago Police Department,0021,SWORN/CIVILIAN HOLIDAY PREMIUM PAY,57500.00,57500.00,57500.00
LOCAL,0740,Chicago O'Hare Airport Fund,57,Chicago Police Department,1005,Chicago Police Department,0022,DUTY AVAILABILITY,750000.00,750000.00,750000.00
LOCAL,0740,Chicago O'Hare Airport Fund,57,Chicago Police Department,1005,Chicago Police Department,0024,COMPENSATORY TIME PAYMENT,853000.00,853000.00,853000.00
LOCAL,0740,Chicago O'Hare Airport Fund,57,Chicago Police Department,1005,Chicago Police Department,0027,SUPERVISORS QUARTERLY PAYMENT,110000.00,110000.00,110000.00
LOCAL,0740,Chicago O'Hare Airport Fund,57,Chicago Police Department,1005,Chicago Police Department,0060,SPECIALTY PAY,400000.00,400000.00,400000.00
LOCAL,0740,Chicago O'Hare Airport Fund,57,Chicago Police Department,1005,Chicago Police Department,0070,TUITION REIMBURSEMENT,70000.00,70000.00,70000.00
LOCAL,0740,Chicago O'Hare Airport Fund,57,Chicago Police Department,1005,Chicago Police Department,0088,FURLOUGH / COMP TIME BUY-BACK,342000.00,342000.00,342000.00
LOCAL,0740,Chicago O'Hare Airport Fund,57,Chicago Police Department,1005,Chicago Police Department,0091,UNIFORM ALLOWANCE,370000.00,370000.00,370000.00
LOCAL,0740,Chicago O'Hare Airport Fund,57,Chicago Police Department,1005,Chicago Police Department,0937,HOSPITAL//MEDICAL - NOT WORKERS' COMP,172800.00,172800.00,172800.00
LOCAL,0994,Controlled Substances Fund,57,Chicago Police Department,1005,Chicago Police Department,0140,PROFESSIONAL AND TECHNICAL SERVICES,100000.00,100000.00,100000.00
LOCAL,0B25,Chicago Police CTA Detail Fund,57,Chicago Police Department,1005,Chicago Police Department,0006,SALARY PROVISION,30000000.00,30000000.00,30000000.00
LOCAL,0100,Corporate Fund,58,Office of Emergency Management and Communications,2705,Office of Emergency Management and Communications,0005,SALARIES AND WAGES - ON PAYROLL,11315829.00,11315829.00,10213536.00
LOCAL,0100,Corporate Fund,58,Office of Emergency Management and Communications,2705,Office of Emergency Management and Communications,0012,CONTRACT WAGE - PREVAILING RATE,2059.00,2059.00,0.00
LOCAL,0100,Corporate Fund,58,Office of Emergency Management and Communications,2705,Office of Emergency Management and Communications,0015,SCHEDULE SALARY ADJUSTMENTS,79609.00,79609.00,55519.00
LOCAL,0100,Corporate Fund,58,Office of Emergency Management and Communications,2705,Office of Emergency Management and Communications,0020,OVERTIME,150000.00,150000.00,150000.00
LOCAL,0100,Corporate Fund,58,Office of Emergency Management and Communications,2705,Office of Emergency Management and Communications,0039,STUDENT AS TRAINEES,21000.00,21000.00,21000.00
LOCAL,0100,Corporate Fund,58,Office of Emergency Management and Communications,2705,Office of Emergency Management and Communications,0091,UNIFORM ALLOWANCE,13200.00,13200.00,13200.00
LOCAL,0100,Corporate Fund,58,Office of Emergency Management and Communications,2705,Office of Emergency Management and Communications,0140,PROFESSIONAL AND TECHNICAL SERVICES,15500.00,15500.00,5500.00
LOCAL,0100,Corporate Fund,58,Office of Emergency Management and Communications,2705,Office of Emergency Management and Communications,0152,ADVERTISING,900.00,900.00,900.00
LOCAL,0100,Corporate Fund,58,Office of Emergency Management and Communications,2705,Office of Emergency Management and Communications,0153,PROMOTIONS,1050.00,1050.00,1050.00
LOCAL,0100,Corporate Fund,58,Office of Emergency Management and Communications,2705,Office of Emergency Management and Communications,0162,REPAIR/MAINT EQUIPMENT,21050.00,21050.00,0.00
LOCAL,0100,Corporate Fund,58,Office of Emergency Management and Communications,2705,Office of Emergency Management and Communications,0166,DUES  SUBSC & MEM,1385.00,1385.00,740.00
LOCAL,0100,Corporate Fund,58,Office of Emergency Management and Communications,2705,Office of Emergency Management and Communications,0178,FREIGHT AND EXPRESS CHARGES,300.00,300.00,0.00
LOCAL,0100,Corporate Fund,58,Office of Emergency Management and Communications,2705,Office of Emergency Management and Communications,0245,REIMBURSEMENT TO TRAVELERS,1555.00,1555.00,1555.00
LOCAL,0100,Corporate Fund,58,Office of Emergency Management and Communications,2705,Office of Emergency Management and Communications,0270,LOCAL TRANSPORTATION,400.00,400.00,0.00
LOCAL,0100,Corporate Fund,58,Office of Emergency Management and Communications,2705,Office of Emergency Management and Communications,0319,CLOTHING,105900.00,105900.00,44098.00
LOCAL,0100,Corporate Fund,58,Office of Emergency Management and Communications,2705,Office of Emergency Management and Communications,0340,MATERIAL AND SUPPLIES,32250.00,32250.00,34324.00
LOCAL,0100,Corporate Fund,58,Office of Emergency Management and Communications,2705,Office of Emergency Management and Communications,0348,BOOKS AND RELATED MATERIAL,250.00,250.00,250.00
LOCAL,0100,Corporate Fund,58,Office of Emergency Management and Communications,2705,Office of Emergency Management and Communications,0350,STATIONERY AND OFFICE SUPPLIES,2400.00,2400.00,2400.00
LOCAL,0100,Corporate Fund,58,Office of Emergency Management and Communications,2705,Office of Emergency Management and Communications,0423,COMMUNICATION DEVICES,8000.00,8000.00,4000.00
LOCAL,0100,Corporate Fund,58,Office of Emergency Management and Communications,2705,Office of Emergency Management and Communications,9438,REIMBURSEMENT - FFM,40000.00,40000.00,40000.00
LOCAL,0353,Emergency Communication Fund,58,Office of Emergency Management and Communications,2705,Office of Emergency Management and Communications,0005,SALARIES AND WAGES - ON PAYROLL,53682183.00,53682183.00,53901323.00
LOCAL,0353,Emergency Communication Fund,58,Office of Emergency Management and Communications,2705,Office of Emergency Management and Communications,0011,CONTRACT WAGE - SALARY,0.00,0.00,118778.00
LOCAL,0353,Emergency Communication Fund,58,Office of Emergency Management and Communications,2705,Office of Emergency Management and Communications,0012,CONTRACT WAGE - PREVAILING RATE,27035.00,27035.00,36553.00
LOCAL,0353,Emergency Communication Fund,58,Office of Emergency Management and Communications,2705,Office of Emergency Management and Communications,0015,SCHEDULE SALARY ADJUSTMENTS,534813.00,534813.00,559877.00
LOCAL,0353,Emergency Communication Fund,58,Office of Emergency Management and Communications,2705,Office of Emergency Management and Communications,0020,OVERTIME,5670000.00,5670000.00,5670000.00
LOCAL,0353,Emergency Communication Fund,58,Office of Emergency Management and Communications,2705,Office of Emergency Management and Communications,0091,UNIFORM ALLOWANCE,271700.00,271700.00,271700.00
LOCAL,0353,Emergency Communication Fund,58,Office of Emergency Management and Communications,2705,Office of Emergency Management and Communications,0125,OFFICE AND BUILDING SERVICES,1777000.00,1777000.00,1777500.00
LOCAL,0353,Emergency Communication Fund,58,Office of Emergency Management and Communications,2705,Office of Emergency Management and Communications,0138,IT MAINTENANCE,95000.00,95000.00,95000.00
LOCAL,0353,Emergency Communication Fund,58,Office of Emergency Management and Communications,2705,Office of Emergency Management and Communications,0140,PROFESSIONAL AND TECHNICAL SERVICES,2361000.00,2361000.00,3193008.00
LOCAL,0353,Emergency Communication Fund,58,Office of Emergency Management and Communications,2705,Office of Emergency Management and Communications,0166,DUES  SUBSC & MEM,18680.00,18680.00,20670.00
LOCAL,0353,Emergency Communication Fund,58,Office of Emergency Management and Communications,2705,Office of Emergency Management and Communications,0245,REIMBURSEMENT TO TRAVELERS,12500.00,12500.00,13000.00
LOCAL,0353,Emergency Communication Fund,58,Office of Emergency Management and Communications,2705,Office of Emergency Management and Communications,0319,CLOTHING,74500.00,74500.00,77000.00
LOCAL,0353,Emergency Communication Fund,58,Office of Emergency Management and Communications,2705,Office of Emergency Management and Communications,0340,MATERIAL AND SUPPLIES,55000.00,55000.00,83000.00
LOCAL,0353,Emergency Communication Fund,58,Office of Emergency Management and Communications,2705,Office of Emergency Management and Communications,0350,STATIONERY AND OFFICE SUPPLIES,2600.00,2600.00,3000.00
LOCAL,0353,Emergency Communication Fund,58,Office of Emergency Management and Communications,2705,Office of Emergency Management and Communications,9295,CONSENT DECREE,20000.00,20000.00,20000.00
LOCAL,0610,Chicago Midway Airport Fund,58,Office of Emergency Management and Communications,2705,Office of Emergency Management and Communications,0005,SALARIES AND WAGES - ON PAYROLL,1944295.00,1944295.00,1829706.00
LOCAL,0610,Chicago Midway Airport Fund,58,Office of Emergency Management and Communications,2705,Office of Emergency Management and Communications,0015,SCHEDULE SALARY ADJUSTMENTS,17376.00,17376.00,35291.00
LOCAL,0610,Chicago Midway Airport Fund,58,Office of Emergency Management and Communications,2705,Office of Emergency Management and Communications,0020,OVERTIME,145000.00,145000.00,145000.00
LOCAL,0610,Chicago Midway Airport Fund,58,Office of Emergency Management and Communications,2705,Office of Emergency Management and Communications,0091,UNIFORM ALLOWANCE,8650.00,8650.00,8650.00
LOCAL,0610,Chicago Midway Airport Fund,58,Office of Emergency Management and Communications,2705,Office of Emergency Management and Communications,0319,CLOTHING,90000.00,90000.00,90000.00
LOCAL,0740,Chicago O'Hare Airport Fund,58,Office of Emergency Management and Communications,2705,Office of Emergency Management and Communications,0005,SALARIES AND WAGES - ON PAYROLL,4288648.00,4288648.00,4368722.00
LOCAL,0740,Chicago O'Hare Airport Fund,58,Office of Emergency Management and Communications,2705,Office of Emergency Management and Communications,0015,SCHEDULE SALARY ADJUSTMENTS,67759.00,67759.00,112823.00
LOCAL,0740,Chicago O'Hare Airport Fund,58,Office of Emergency Management and Communications,2705,Office of Emergency Management and Communications,0020,OVERTIME,185000.00,185000.00,185000.00
LOCAL,0740,Chicago O'Hare Airport Fund,58,Office of Emergency Management and Communications,2705,Office of Emergency Management and Communications,0091,UNIFORM ALLOWANCE,14550.00,14550.00,14550.00
LOCAL,0740,Chicago O'Hare Airport Fund,58,Office of Emergency Management and Communications,2705,Office of Emergency Management and Communications,0319,CLOTHING,21445.00,21445.00,22375.00
LOCAL,0100,Corporate Fund,59,Chicago Fire Department,2005,Chicago Fire Department,0005,SALARIES AND WAGES - ON PAYROLL,496114688.00,496114688.00,498067998.00
LOCAL,0100,Corporate Fund,59,Chicago Fire Department,2005,Chicago Fire Department,0012,CONTRACT WAGE - PREVAILING RATE,0.00,0.00,7684.00
LOCAL,0100,Corporate Fund,59,Chicago Fire Department,2005,Chicago Fire Department,0015,SCHEDULE SALARY ADJUSTMENTS,4278091.00,4278091.00,4265067.00
LOCAL,0100,Corporate Fund,59,Chicago Fire Department,2005,Chicago Fire Department,0020,OVERTIME,45000000.00,45000000.00,45000000.00
LOCAL,0100,Corporate Fund,59,Chicago Fire Department,2005,Chicago Fire Department,0021,SWORN/CIVILIAN HOLIDAY PREMIUM PAY,23045000.00,23045000.00,23045000.00
LOCAL,0100,Corporate Fund,59,Chicago Fire Department,2005,Chicago Fire Department,0022,DUTY AVAILABILITY,17993000.00,17993000.00,17993000.00
LOCAL,0100,Corporate Fund,59,Chicago Fire Department,2005,Chicago Fire Department,0024,COMPENSATORY TIME PAYMENT,720000.00,720000.00,720000.00
LOCAL,0100,Corporate Fund,59,Chicago Fire Department,2005,Chicago Fire Department,0028,COOPERATIVE EDUCATION PROGRAM,4650000.00,4650000.00,4650000.00
LOCAL,0100,Corporate Fund,59,Chicago Fire Department,2005,Chicago Fire Department,0060,SPECIALTY PAY,18102553.00,18102553.00,18102553.00
LOCAL,0100,Corporate Fund,59,Chicago Fire Department,2005,Chicago Fire Department,0061,DRIVER'S DIFFERENTIAL,5000000.00,5000000.00,5000000.00
LOCAL,0100,Corporate Fund,59,Chicago Fire Department,2005,Chicago Fire Department,0062,REQUIRED CERTIFICATIONS,59000.00,59000.00,59000.00
LOCAL,0100,Corporate Fund,59,Chicago Fire Department,2005,Chicago Fire Department,0063,FITNESS BENEFIT,900000.00,900000.00,900000.00
LOCAL,0100,Corporate Fund,59,Chicago Fire Department,2005,Chicago Fire Department,0070,TUITION REIMBURSEMENT,490000.00,490000.00,490000.00
LOCAL,0100,Corporate Fund,59,Chicago Fire Department,2005,Chicago Fire Department,0088,FURLOUGH / COMP TIME BUY-BACK,9000000.00,9000000.00,9000000.00
LOCAL,0100,Corporate Fund,59,Chicago Fire Department,2005,Chicago Fire Department,0091,UNIFORM ALLOWANCE,7102500.00,7102500.00,7102500.00
LOCAL,0100,Corporate Fund,59,Chicago Fire Department,2005,Chicago Fire Department,0140,PROFESSIONAL AND TECHNICAL SERVICES,7353623.00,7353623.00,7959580.00
LOCAL,0100,Corporate Fund,59,Chicago Fire Department,2005,Chicago Fire Department,0160,REPAIR/MAINT PROPERTY,12450.00,12450.00,3000.00
LOCAL,0100,Corporate Fund,59,Chicago Fire Department,2005,Chicago Fire Department,0162,REPAIR/MAINT EQUIPMENT,811368.00,811368.00,732736.00
LOCAL,0100,Corporate Fund,59,Chicago Fire Department,2005,Chicago Fire Department,0166,DUES  SUBSC & MEM,9735.00,9735.00,6500.00
LOCAL,0100,Corporate Fund,59,Chicago Fire Department,2005,Chicago Fire Department,0169,TECHNICAL MEETING COSTS,67978.00,67978.00,33000.00
LOCAL,0100,Corporate Fund,59,Chicago Fire Department,2005,Chicago Fire Department,0229,TRANSPORTATION AND EXPENSE ALLOWANCE,28000.00,28000.00,27000.00
LOCAL,0100,Corporate Fund,59,Chicago Fire Department,2005,Chicago Fire Department,0245,REIMBURSEMENT TO TRAVELERS,45430.00,45430.00,27500.00
LOCAL,0100,Corporate Fund,59,Chicago Fire Department,2005,Chicago Fire Department,0270,LOCAL TRANSPORTATION,1900.00,1900.00,1900.00
LOCAL,0100,Corporate Fund,59,Chicago Fire Department,2005,Chicago Fire Department,0318,OTHER FUEL,3850.00,3850.00,2970.00
LOCAL,0100,Corporate Fund,59,Chicago Fire Department,2005,Chicago Fire Department,0340,MATERIAL AND SUPPLIES,1934168.00,1934168.00,1737560.00
LOCAL,0100,Corporate Fund,59,Chicago Fire Department,2005,Chicago Fire Department,0342,DRUGS  MEDICINE AND CHEMICAL MATERIALS,1725334.00,1725334.00,1702160.00
LOCAL,0100,Corporate Fund,59,Chicago Fire Department,2005,Chicago Fire Department,0345,APPARATUS AND INSTRUMENTS,557624.00,557624.00,561900.00
LOCAL,0100,Corporate Fund,59,Chicago Fire Department,2005,Chicago Fire Department,0348,BOOKS AND RELATED MATERIAL,11035.00,11035.00,10200.00
LOCAL,0100,Corporate Fund,59,Chicago Fire Department,2005,Chicago Fire Department,0350,STATIONERY AND OFFICE SUPPLIES,10000.00,10000.00,3200.00
LOCAL,0100,Corporate Fund,59,Chicago Fire Department,2005,Chicago Fire Department,0360,REPAIR PARTS AND MATERIAL,302279.00,302279.00,549270.00
LOCAL,0100,Corporate Fund,59,Chicago Fire Department,2005,Chicago Fire Department,0931,TORT/NON-TORT JUDGMENT,12000000.00,12000000.00,12000000.00
LOCAL,0100,Corporate Fund,59,Chicago Fire Department,2005,Chicago Fire Department,0937,HOSPITAL//MEDICAL - NOT WORKERS' COMP,6480000.00,6480000.00,6480000.00
LOCAL,0100,Corporate Fund,59,Chicago Fire Department,2005,Chicago Fire Department,9438,REIMBURSEMENT - FFM,10000.00,10000.00,10000.00
LOCAL,0610,Chicago Midway Airport Fund,59,Chicago Fire Department,2005,Chicago Fire Department,0005,SALARIES AND WAGES - ON PAYROLL,7092171.00,7092171.00,7068692.00
LOCAL,0610,Chicago Midway Airport Fund,59,Chicago Fire Department,2005,Chicago Fire Department,0015,SCHEDULE SALARY ADJUSTMENTS,51976.00,51976.00,33960.00
LOCAL,0610,Chicago Midway Airport Fund,59,Chicago Fire Department,2005,Chicago Fire Department,0020,OVERTIME,192400.00,192400.00,192400.00
LOCAL,0610,Chicago Midway Airport Fund,59,Chicago Fire Department,2005,Chicago Fire Department,0021,SWORN/CIVILIAN HOLIDAY PREMIUM PAY,350000.00,350000.00,350000.00
LOCAL,0610,Chicago Midway Airport Fund,59,Chicago Fire Department,2005,Chicago Fire Department,0022,DUTY AVAILABILITY,258400.00,258400.00,258400.00
LOCAL,0610,Chicago Midway Airport Fund,59,Chicago Fire Department,2005,Chicago Fire Department,0024,COMPENSATORY TIME PAYMENT,75000.00,75000.00,75000.00
LOCAL,0610,Chicago Midway Airport Fund,59,Chicago Fire Department,2005,Chicago Fire Department,0028,COOPERATIVE EDUCATION PROGRAM,70000.00,70000.00,70000.00
LOCAL,0610,Chicago Midway Airport Fund,59,Chicago Fire Department,2005,Chicago Fire Department,0060,SPECIALTY PAY,250000.00,250000.00,250000.00
LOCAL,0610,Chicago Midway Airport Fund,59,Chicago Fire Department,2005,Chicago Fire Department,0061,DRIVER'S DIFFERENTIAL,65000.00,65000.00,65000.00
LOCAL,0610,Chicago Midway Airport Fund,59,Chicago Fire Department,2005,Chicago Fire Department,0062,REQUIRED CERTIFICATIONS,9000.00,9000.00,9000.00
LOCAL,0610,Chicago Midway Airport Fund,59,Chicago Fire Department,2005,Chicago Fire Department,0063,FITNESS BENEFIT,9000.00,9000.00,9000.00
LOCAL,0610,Chicago Midway Airport Fund,59,Chicago Fire Department,2005,Chicago Fire Department,0088,FURLOUGH / COMP TIME BUY-BACK,175000.00,175000.00,175000.00
LOCAL,0610,Chicago Midway Airport Fund,59,Chicago Fire Department,2005,Chicago Fire Department,0091,UNIFORM ALLOWANCE,102000.00,102000.00,102000.00
LOCAL,0610,Chicago Midway Airport Fund,59,Chicago Fire Department,2005,Chicago Fire Department,0140,PROFESSIONAL AND TECHNICAL SERVICES,90000.00,90000.00,94800.00
LOCAL,0610,Chicago Midway Airport Fund,59,Chicago Fire Department,2005,Chicago Fire Department,0937,HOSPITAL//MEDICAL - NOT WORKERS' COMP,170100.00,170100.00,170100.00
LOCAL,0740,Chicago O'Hare Airport Fund,59,Chicago Fire Department,2005,Chicago Fire Department,0005,SALARIES AND WAGES - ON PAYROLL,26052968.00,26052968.00,25844844.00
LOCAL,0740,Chicago O'Hare Airport Fund,59,Chicago Fire Department,2005,Chicago Fire Department,0015,SCHEDULE SALARY ADJUSTMENTS,112092.00,112092.00,136698.00
LOCAL,0740,Chicago O'Hare Airport Fund,59,Chicago Fire Department,2005,Chicago Fire Department,0020,OVERTIME,791800.00,791800.00,791800.00
LOCAL,0740,Chicago O'Hare Airport Fund,59,Chicago Fire Department,2005,Chicago Fire Department,0021,SWORN/CIVILIAN HOLIDAY PREMIUM PAY,1300000.00,1300000.00,1300000.00
LOCAL,0740,Chicago O'Hare Airport Fund,59,Chicago Fire Department,2005,Chicago Fire Department,0022,DUTY AVAILABILITY,919600.00,919600.00,919600.00
LOCAL,0740,Chicago O'Hare Airport Fund,59,Chicago Fire Department,2005,Chicago Fire Department,0024,COMPENSATORY TIME PAYMENT,80000.00,80000.00,80000.00
LOCAL,0740,Chicago O'Hare Airport Fund,59,Chicago Fire Department,2005,Chicago Fire Department,0028,COOPERATIVE EDUCATION PROGRAM,225000.00,225000.00,225000.00
LOCAL,0740,Chicago O'Hare Airport Fund,59,Chicago Fire Department,2005,Chicago Fire Department,0060,SPECIALTY PAY,1200000.00,1200000.00,1200000.00
LOCAL,0740,Chicago O'Hare Airport Fund,59,Chicago Fire Department,2005,Chicago Fire Department,0061,DRIVER'S DIFFERENTIAL,250000.00,250000.00,250000.00
LOCAL,0740,Chicago O'Hare Airport Fund,59,Chicago Fire Department,2005,Chicago Fire Department,0062,REQUIRED CERTIFICATIONS,10000.00,10000.00,10000.00
LOCAL,0740,Chicago O'Hare Airport Fund,59,Chicago Fire Department,2005,Chicago Fire Department,0063,FITNESS BENEFIT,25000.00,25000.00,25000.00
LOCAL,0740,Chicago O'Hare Airport Fund,59,Chicago Fire Department,2005,Chicago Fire Department,0088,FURLOUGH / COMP TIME BUY-BACK,600000.00,600000.00,600000.00
LOCAL,0740,Chicago O'Hare Airport Fund,59,Chicago Fire Department,2005,Chicago Fire Department,0091,UNIFORM ALLOWANCE,363000.00,363000.00,363000.00
LOCAL,0740,Chicago O'Hare Airport Fund,59,Chicago Fire Department,2005,Chicago Fire Department,0140,PROFESSIONAL AND TECHNICAL SERVICES,353600.00,353600.00,372320.00
LOCAL,0740,Chicago O'Hare Airport Fund,59,Chicago Fire Department,2005,Chicago Fire Department,0937,HOSPITAL//MEDICAL - NOT WORKERS' COMP,267300.00,267300.00,267300.00
LOCAL,0100,Corporate Fund,60,Civilian Office of Police Accountability,2005,Civilian Office of Police Accountability,0005,SALARIES AND WAGES - ON PAYROLL,14268228.00,14268228.00,12931264.00
LOCAL,0100,Corporate Fund,60,Civilian Office of Police Accountability,2005,Civilian Office of Police Accountability,0015,SCHEDULE SALARY ADJUSTMENTS,215256.00,215256.00,215483.00
LOCAL,0100,Corporate Fund,60,Civilian Office of Police Accountability,2005,Civilian Office of Police Accountability,0020,OVERTIME,75000.00,75000.00,75000.00
LOCAL,0100,Corporate Fund,60,Civilian Office of Police Accountability,2005,Civilian Office of Police Accountability,0039,STUDENT AS TRAINEES,50000.00,50000.00,0.00
LOCAL,0100,Corporate Fund,60,Civilian Office of Police Accountability,2005,Civilian Office of Police Accountability,0130,POSTAGE,7000.00,7000.00,7500.00
LOCAL,0100,Corporate Fund,60,Civilian Office of Police Accountability,2005,Civilian Office of Police Accountability,0140,PROFESSIONAL AND TECHNICAL SERVICES,712500.00,712000.00,618500.00
LOCAL,0100,Corporate Fund,60,Civilian Office of Police Accountability,2005,Civilian Office of Police Accountability,0143,COURT REPORTING,10000.00,10000.00,10000.00
LOCAL,0100,Corporate Fund,60,Civilian Office of Police Accountability,2005,Civilian Office of Police Accountability,0149,SOFTWARE MAINTENANCE AND LICENSING,174000.00,174000.00,181000.00
LOCAL,0100,Corporate Fund,60,Civilian Office of Police Accountability,2005,Civilian Office of Police Accountability,0152,ADVERTISING,0.00,0.00,17500.00
LOCAL,0100,Corporate Fund,60,Civilian Office of Police Accountability,2005,Civilian Office of Police Accountability,0155,RENTAL OF PROPERTY,0.00,0.00,40000.00
LOCAL,0100,Corporate Fund,60,Civilian Office of Police Accountability,2005,Civilian Office of Police Accountability,0157,RENTAL EQUIPMENT AND SERVICES,80000.00,80000.00,80000.00
LOCAL,0100,Corporate Fund,60,Civilian Office of Police Accountability,2005,Civilian Office of Police Accountability,0159,LEASE/PURCHASE EQUIPMENT,15000.00,15000.00,15000.00
LOCAL,0100,Corporate Fund,60,Civilian Office of Police Accountability,2005,Civilian Office of Police Accountability,0162,REPAIR/MAINT EQUIPMENT,500.00,500.00,500.00
LOCAL,0100,Corporate Fund,60,Civilian Office of Police Accountability,2005,Civilian Office of Police Accountability,0166,DUES  SUBSC & MEM,10500.00,10500.00,10000.00
LOCAL,0100,Corporate Fund,60,Civilian Office of Police Accountability,2005,Civilian Office of Police Accountability,0169,TECHNICAL MEETING COSTS,35000.00,35000.00,25000.00
LOCAL,0100,Corporate Fund,60,Civilian Office of Police Accountability,2005,Civilian Office of Police Accountability,0181,MOBILE COMMUNICATION SERVICES,0.00,500.00,0.00
LOCAL,0100,Corporate Fund,60,Civilian Office of Police Accountability,2005,Civilian Office of Police Accountability,0245,REIMBURSEMENT TO TRAVELERS,10000.00,10000.00,10000.00
LOCAL,0100,Corporate Fund,60,Civilian Office of Police Accountability,2005,Civilian Office of Police Accountability,0270,LOCAL TRANSPORTATION,5000.00,5000.00,5000.00
LOCAL,0100,Corporate Fund,60,Civilian Office of Police Accountability,2005,Civilian Office of Police Accountability,0319,CLOTHING,2000.00,2000.00,2000.00
LOCAL,0100,Corporate Fund,60,Civilian Office of Police Accountability,2005,Civilian Office of Police Accountability,0340,MATERIAL AND SUPPLIES,37000.00,37000.00,40000.00
LOCAL,0100,Corporate Fund,60,Civilian Office of Police Accountability,2005,Civilian Office of Police Accountability,0350,STATIONERY AND OFFICE SUPPLIES,25000.00,25000.00,25000.00
LOCAL,0100,Corporate Fund,60,Civilian Office of Police Accountability,2005,Civilian Office of Police Accountability,9295,CONSENT DECREE,1015000.00,1015000.00,775000.00
LOCAL,0100,Corporate Fund,60,Civilian Office of Police Accountability,2005,Civilian Office of Police Accountability,9438,REIMBURSEMENT - FFM,10000.00,10000.00,10000.00
LOCAL,0100,Corporate Fund,62,Community Commission for Public Safety and Accountability,2005,Community Commission for Public Safety and Accountability,0005,SALARIES AND WAGES - ON PAYROLL,2718538.00,2718538.00,2903566.00
LOCAL,0100,Corporate Fund,62,Community Commission for Public Safety and Accountability,2005,Community Commission for Public Safety and Accountability,0015,SCHEDULE SALARY ADJUSTMENTS,27872.00,27872.00,53403.00
LOCAL,0100,Corporate Fund,62,Community Commission for Public Safety and Accountability,2005,Community Commission for Public Safety and Accountability,0020,OVERTIME,5000.00,5000.00,5000.00
LOCAL,0100,Corporate Fund,62,Community Commission for Public Safety and Accountability,2005,Community Commission for Public Safety and Accountability,0050,STIPENDS,483000.00,483000.00,483000.00
LOCAL,0100,Corporate Fund,62,Community Commission for Public Safety and Accountability,2005,Community Commission for Public Safety and Accountability,0130,POSTAGE,10000.00,10000.00,0.00
LOCAL,0100,Corporate Fund,62,Community Commission for Public Safety and Accountability,2005,Community Commission for Public Safety and Accountability,0139,IT DEVELOPMENT,50000.00,50000.00,50000.00
LOCAL,0100,Corporate Fund,62,Community Commission for Public Safety and Accountability,2005,Community Commission for Public Safety and Accountability,0140,PROFESSIONAL AND TECHNICAL SERVICES,203000.00,203000.00,255233.00
LOCAL,0100,Corporate Fund,62,Community Commission for Public Safety and Accountability,2005,Community Commission for Public Safety and Accountability,0143,COURT REPORTING,0.00,50000.00,10000.00
LOCAL,0100,Corporate Fund,62,Community Commission for Public Safety and Accountability,2005,Community Commission for Public Safety and Accountability,0149,SOFTWARE MAINTENANCE AND LICENSING,13500.00,13500.00,13500.00
LOCAL,0100,Corporate Fund,62,Community Commission for Public Safety and Accountability,2005,Community Commission for Public Safety and Accountability,0150,OUTSIDE GRAPHIC SERVICES,11000.00,11000.00,11000.00
LOCAL,0100,Corporate Fund,62,Community Commission for Public Safety and Accountability,2005,Community Commission for Public Safety and Accountability,0152,ADVERTISING,10000.00,10000.00,25000.00
LOCAL,0100,Corporate Fund,62,Community Commission for Public Safety and Accountability,2005,Community Commission for Public Safety and Accountability,0153,PROMOTIONS,5000.00,5000.00,15000.00
LOCAL,0100,Corporate Fund,62,Community Commission for Public Safety and Accountability,2005,Community Commission for Public Safety and Accountability,0155,RENTAL OF PROPERTY,200000.00,150000.00,0.00
LOCAL,0100,Corporate Fund,62,Community Commission for Public Safety and Accountability,2005,Community Commission for Public Safety and Accountability,0159,LEASE/PURCHASE EQUIPMENT,35000.00,35000.00,10500.00
LOCAL,0100,Corporate Fund,62,Community Commission for Public Safety and Accountability,2005,Community Commission for Public Safety and Accountability,0165,GRAPHIC DESIGN SERV,10000.00,10000.00,6000.00
LOCAL,0100,Corporate Fund,62,Community Commission for Public Safety and Accountability,2005,Community Commission for Public Safety and Accountability,0166,DUES  SUBSC & MEM,10000.00,10000.00,10000.00
LOCAL,0100,Corporate Fund,62,Community Commission for Public Safety and Accountability,2005,Community Commission for Public Safety and Accountability,0169,TECHNICAL MEETING COSTS,102000.00,102000.00,87000.00
LOCAL,0100,Corporate Fund,62,Community Commission for Public Safety and Accountability,2005,Community Commission for Public Safety and Accountability,0179,MESSENGER SERVICES,1000.00,1000.00,1000.00
LOCAL,0100,Corporate Fund,62,Community Commission for Public Safety and Accountability,2005,Community Commission for Public Safety and Accountability,0181,MOBILE COMMUNICATION SERVICES,5000.00,5000.00,5000.00
LOCAL,0100,Corporate Fund,62,Community Commission for Public Safety and Accountability,2005,Community Commission for Public Safety and Accountability,0190,TELEPHONE - CENTREX BILLINGS,5000.00,5000.00,5000.00
LOCAL,0100,Corporate Fund,62,Community Commission for Public Safety and Accountability,2005,Community Commission for Public Safety and Accountability,0197,TELEPHONE - MAINTENANCE,5000.00,5000.00,5000.00
LOCAL,0100,Corporate Fund,62,Community Commission for Public Safety and Accountability,2005,Community Commission for Public Safety and Accountability,0229,TRANSPORTATION AND EXPENSE ALLOWANCE,10000.00,10000.00,10000.00
LOCAL,0100,Corporate Fund,62,Community Commission for Public Safety and Accountability,2005,Community Commission for Public Safety and Accountability,0245,REIMBURSEMENT TO TRAVELERS,10000.00,10000.00,10000.00
LOCAL,0100,Corporate Fund,62,Community Commission for Public Safety and Accountability,2005,Community Commission for Public Safety and Accountability,0312,SOFTWARE PURCHASES,11000.00,11000.00,11000.00
LOCAL,0100,Corporate Fund,62,Community Commission for Public Safety and Accountability,2005,Community Commission for Public Safety and Accountability,0319,CLOTHING,3000.00,3000.00,3000.00
LOCAL,0100,Corporate Fund,62,Community Commission for Public Safety and Accountability,2005,Community Commission for Public Safety and Accountability,0340,MATERIAL AND SUPPLIES,47500.00,47500.00,57500.00
LOCAL,0100,Corporate Fund,62,Community Commission for Public Safety and Accountability,2005,Community Commission for Public Safety and Accountability,0348,BOOKS AND RELATED MATERIAL,2000.00,2000.00,2000.00
LOCAL,0100,Corporate Fund,62,Community Commission for Public Safety and Accountability,2005,Community Commission for Public Safety and Accountability,9438,REIMBURSEMENT - FFM,10000.00,10000.00,25000.00
LOCAL,0100,Corporate Fund,67,Department of Buildings,2005,Department of Buildings,0005,SALARIES AND WAGES - ON PAYROLL,27137145.00,27137145.00,26903095.00
LOCAL,0100,Corporate Fund,67,Department of Buildings,2005,Department of Buildings,0012,CONTRACT WAGE - PREVAILING RATE,60997.00,60997.00,163918.00
LOCAL,0100,Corporate Fund,67,Department of Buildings,2005,Department of Buildings,0015,SCHEDULE SALARY ADJUSTMENTS,152149.00,152149.00,154384.00
LOCAL,0100,Corporate Fund,67,Department of Buildings,2005,Department of Buildings,0020,OVERTIME,1185958.00,1185958.00,620964.00
LOCAL,0100,Corporate Fund,67,Department of Buildings,2005,Department of Buildings,0032,REIMBURSABLE OVERTIME,300000.00,300000.00,300000.00
LOCAL,0100,Corporate Fund,67,Department of Buildings,2005,Department of Buildings,0039,STUDENT AS TRAINEES,160000.00,160000.00,160000.00
LOCAL,0100,Corporate Fund,67,Department of Buildings,2005,Department of Buildings,0130,POSTAGE,5000.00,5000.00,3418.00
LOCAL,0100,Corporate Fund,67,Department of Buildings,2005,Department of Buildings,0140,PROFESSIONAL AND TECHNICAL SERVICES,2872867.00,2872867.00,2902867.00
LOCAL,0100,Corporate Fund,67,Department of Buildings,2005,Department of Buildings,0154,RENTAL-DATA HARDWARE EQ,24000.00,24000.00,24000.00
LOCAL,0100,Corporate Fund,67,Department of Buildings,2005,Department of Buildings,0159,LEASE/PURCHASE EQUIPMENT,400098.00,400098.00,408848.00
LOCAL,0100,Corporate Fund,67,Department of Buildings,2005,Department of Buildings,0162,REPAIR/MAINT EQUIPMENT,17000.00,17000.00,17000.00
LOCAL,0100,Corporate Fund,67,Department of Buildings,2005,Department of Buildings,0166,DUES  SUBSC & MEM,1500.00,1500.00,1500.00
LOCAL,0100,Corporate Fund,67,Department of Buildings,2005,Department of Buildings,0169,TECHNICAL MEETING COSTS,10000.00,10000.00,5000.00
LOCAL,0100,Corporate Fund,67,Department of Buildings,2005,Department of Buildings,0178,FREIGHT AND EXPRESS CHARGES,250.00,250.00,250.00
LOCAL,0100,Corporate Fund,67,Department of Buildings,2005,Department of Buildings,0229,TRANSPORTATION AND EXPENSE ALLOWANCE,360000.00,360000.00,360000.00
LOCAL,0100,Corporate Fund,67,Department of Buildings,2005,Department of Buildings,0270,LOCAL TRANSPORTATION,8750.00,8750.00,0.00
LOCAL,0100,Corporate Fund,67,Department of Buildings,2005,Department of Buildings,0319,CLOTHING,39400.00,39400.00,20000.00
LOCAL,0100,Corporate Fund,67,Department of Buildings,2005,Department of Buildings,0350,STATIONERY AND OFFICE SUPPLIES,52000.00,52000.00,52000.00
LOCAL,0100,Corporate Fund,67,Department of Buildings,2005,Department of Buildings,0989,REFUND - CANCELLED VOUCHER,50000.00,50000.00,20000.00
LOCAL,0100,Corporate Fund,67,Department of Buildings,2005,Department of Buildings,9438,REIMBURSEMENT - FFM,10000.00,10000.00,10000.00
LOCAL,0200,Water Fund,67,Department of Buildings,2005,Department of Buildings,0005,SALARIES AND WAGES - ON PAYROLL,3590592.00,3590592.00,3808819.00
LOCAL,0200,Water Fund,67,Department of Buildings,2005,Department of Buildings,0012,CONTRACT WAGE - PREVAILING RATE,58250.00,58250.00,60640.00
LOCAL,0200,Water Fund,67,Department of Buildings,2005,Department of Buildings,0015,SCHEDULE SALARY ADJUSTMENTS,2156.00,2156.00,0.00
LOCAL,0200,Water Fund,67,Department of Buildings,2005,Department of Buildings,0020,OVERTIME,500000.00,500000.00,500000.00
LOCAL,0200,Water Fund,67,Department of Buildings,2005,Department of Buildings,0229,TRANSPORTATION AND EXPENSE ALLOWANCE,21000.00,21000.00,21000.00
LOCAL,0300,Vehicle Tax Fund,67,Department of Buildings,2005,Department of Buildings,0005,SALARIES AND WAGES - ON PAYROLL,575935.00,575935.00,609273.00
LOCAL,0300,Vehicle Tax Fund,67,Department of Buildings,2005,Department of Buildings,0015,SCHEDULE SALARY ADJUSTMENTS,19275.00,19275.00,17290.00
LOCAL,0314,Sewer Fund,67,Department of Buildings,2005,Department of Buildings,0005,SALARIES AND WAGES - ON PAYROLL,1362083.00,1362083.00,1386547.00
LOCAL,0314,Sewer Fund,67,Department of Buildings,2005,Department of Buildings,0012,CONTRACT WAGE - PREVAILING RATE,3720.00,3720.00,3872.00
LOCAL,0314,Sewer Fund,67,Department of Buildings,2005,Department of Buildings,0015,SCHEDULE SALARY ADJUSTMENTS,9751.00,9751.00,18171.00
LOCAL,0314,Sewer Fund,67,Department of Buildings,2005,Department of Buildings,0020,OVERTIME,35000.00,35000.00,35000.00
LOCAL,0314,Sewer Fund,67,Department of Buildings,2005,Department of Buildings,0140,PROFESSIONAL AND TECHNICAL SERVICES,885000.00,885000.00,885000.00
LOCAL,0314,Sewer Fund,67,Department of Buildings,2005,Department of Buildings,0229,TRANSPORTATION AND EXPENSE ALLOWANCE,8000.00,8000.00,8000.00
LOCAL,0100,Corporate Fund,70,Department of Business Affairs and Consumer Protection,2005,Department of Business Affairs and Consumer Protection,0005,SALARIES AND WAGES - ON PAYROLL,17581117.00,17581117.00,17621385.00
LOCAL,0100,Corporate Fund,70,Department of Business Affairs and Consumer Protection,2005,Department of Business Affairs and Consumer Protection,0015,SCHEDULE SALARY ADJUSTMENTS,271342.00,271342.00,252008.00
LOCAL,0100,Corporate Fund,70,Department of Business Affairs and Consumer Protection,2005,Department of Business Affairs and Consumer Protection,0020,OVERTIME,20893.00,20893.00,10893.00
LOCAL,0100,Corporate Fund,70,Department of Business Affairs and Consumer Protection,2005,Department of Business Affairs and Consumer Protection,0039,STUDENT AS TRAINEES,63414.00,63414.00,23414.00
LOCAL,0100,Corporate Fund,70,Department of Business Affairs and Consumer Protection,2005,Department of Business Affairs and Consumer Protection,0091,UNIFORM ALLOWANCE,0.00,0.00,400.00
LOCAL,0100,Corporate Fund,70,Department of Business Affairs and Consumer Protection,2005,Department of Business Affairs and Consumer Protection,0124,INVESTIGATION COSTS,102912.00,102912.00,50000.00
LOCAL,0100,Corporate Fund,70,Department of Business Affairs and Consumer Protection,2005,Department of Business Affairs and Consumer Protection,0130,POSTAGE,82921.00,82921.00,90000.00
LOCAL,0100,Corporate Fund,70,Department of Business Affairs and Consumer Protection,2005,Department of Business Affairs and Consumer Protection,0135,DELEGATE AGENCIES,4407039.00,4407039.00,4157039.00
LOCAL,0100,Corporate Fund,70,Department of Business Affairs and Consumer Protection,2005,Department of Business Affairs and Consumer Protection,0138,IT MAINTENANCE,517682.00,517682.00,410000.00
LOCAL,0100,Corporate Fund,70,Department of Business Affairs and Consumer Protection,2005,Department of Business Affairs and Consumer Protection,0140,PROFESSIONAL AND TECHNICAL SERVICES,200000.00,200000.00,200000.00
LOCAL,0100,Corporate Fund,70,Department of Business Affairs and Consumer Protection,2005,Department of Business Affairs and Consumer Protection,0143,COURT REPORTING,6100.00,6100.00,7000.00
LOCAL,0100,Corporate Fund,70,Department of Business Affairs and Consumer Protection,2005,Department of Business Affairs and Consumer Protection,0148,TESTING AND INSPECTING,27112.00,27112.00,0.00
LOCAL,0100,Corporate Fund,70,Department of Business Affairs and Consumer Protection,2005,Department of Business Affairs and Consumer Protection,0149,SOFTWARE MAINTENANCE AND LICENSING,6000.00,6000.00,10000.00
LOCAL,0100,Corporate Fund,70,Department of Business Affairs and Consumer Protection,2005,Department of Business Affairs and Consumer Protection,0150,OUTSIDE GRAPHIC SERVICES,3904.00,3904.00,1000.00
LOCAL,0100,Corporate Fund,70,Department of Business Affairs and Consumer Protection,2005,Department of Business Affairs and Consumer Protection,0152,ADVERTISING,79891.00,79891.00,35000.00
LOCAL,0100,Corporate Fund,70,Department of Business Affairs and Consumer Protection,2005,Department of Business Affairs and Consumer Protection,0157,RENTAL EQUIPMENT AND SERVICES,74555.00,74555.00,65000.00
LOCAL,0100,Corporate Fund,70,Department of Business Affairs and Consumer Protection,2005,Department of Business Affairs and Consumer Protection,0159,LEASE/PURCHASE EQUIPMENT,129200.00,129200.00,185000.00
LOCAL,0100,Corporate Fund,70,Department of Business Affairs and Consumer Protection,2005,Department of Business Affairs and Consumer Protection,0162,REPAIR/MAINT EQUIPMENT,10000.00,10000.00,5000.00
LOCAL,0100,Corporate Fund,70,Department of Business Affairs and Consumer Protection,2005,Department of Business Affairs and Consumer Protection,0166,DUES  SUBSC & MEM,16188.00,16188.00,6077.00
LOCAL,0100,Corporate Fund,70,Department of Business Affairs and Consumer Protection,2005,Department of Business Affairs and Consumer Protection,0169,TECHNICAL MEETING COSTS,2829.00,2829.00,1500.00
LOCAL,0100,Corporate Fund,70,Department of Business Affairs and Consumer Protection,2005,Department of Business Affairs and Consumer Protection,0179,MESSENGER SERVICES,950.00,950.00,800.00
LOCAL,0100,Corporate Fund,70,Department of Business Affairs and Consumer Protection,2005,Department of Business Affairs and Consumer Protection,0229,TRANSPORTATION AND EXPENSE ALLOWANCE,15830.00,15830.00,4000.00
LOCAL,0100,Corporate Fund,70,Department of Business Affairs and Consumer Protection,2005,Department of Business Affairs and Consumer Protection,0245,REIMBURSEMENT TO TRAVELERS,2936.00,2936.00,2000.00
LOCAL,0100,Corporate Fund,70,Department of Business Affairs and Consumer Protection,2005,Department of Business Affairs and Consumer Protection,0270,LOCAL TRANSPORTATION,450.00,450.00,300.00
LOCAL,0100,Corporate Fund,70,Department of Business Affairs and Consumer Protection,2005,Department of Business Affairs and Consumer Protection,0338,LICENSE STICKER TAG AND PLATES,10061.00,10061.00,8000.00
LOCAL,0100,Corporate Fund,70,Department of Business Affairs and Consumer Protection,2005,Department of Business Affairs and Consumer Protection,0340,MATERIAL AND SUPPLIES,12427.00,12427.00,0.00
LOCAL,0100,Corporate Fund,70,Department of Business Affairs and Consumer Protection,2005,Department of Business Affairs and Consumer Protection,0348,BOOKS AND RELATED MATERIAL,300.00,300.00,250.00
LOCAL,0100,Corporate Fund,70,Department of Business Affairs and Consumer Protection,2005,Department of Business Affairs and Consumer Protection,0350,STATIONERY AND OFFICE SUPPLIES,65803.00,65803.00,80000.00
LOCAL,0100,Corporate Fund,70,Department of Business Affairs and Consumer Protection,2005,Department of Business Affairs and Consumer Protection,0360,REPAIR PARTS AND MATERIAL,1768.00,1768.00,0.00
LOCAL,0100,Corporate Fund,70,Department of Business Affairs and Consumer Protection,2005,Department of Business Affairs and Consumer Protection,0540,CONSTRUCTION OF BUILDINGS AND STRUCTURES,10000.00,10000.00,10000.00
LOCAL,0100,Corporate Fund,70,Department of Business Affairs and Consumer Protection,2005,Department of Business Affairs and Consumer Protection,9438,REIMBURSEMENT - FFM,85447.00,85447.00,60000.00
LOCAL,0B21,Tax Increment Financing Administration Fund,70,Department of Business Affairs and Consumer Protection,2005,Department of Business Affairs and Consumer Protection,9470,REIMBURSEMENT - BACP,375000.00,375000.00,375000.00
LOCAL,0B53,Wheelchair Accessible Vehicle Fund,70,Department of Business Affairs and Consumer Protection,2005,Department of Business Affairs and Consumer Protection,0005,SALARIES AND WAGES - ON PAYROLL,0.00,0.00,68746.00
LOCAL,0B53,Wheelchair Accessible Vehicle Fund,70,Department of Business Affairs and Consumer Protection,2005,Department of Business Affairs and Consumer Protection,0015,SCHEDULE SALARY ADJUSTMENTS,0.00,0.00,2951.00
LOCAL,0B53,Wheelchair Accessible Vehicle Fund,70,Department of Business Affairs and Consumer Protection,2005,Department of Business Affairs and Consumer Protection,0148,TESTING AND INSPECTING,0.00,0.00,50000.00
LOCAL,0B53,Wheelchair Accessible Vehicle Fund,70,Department of Business Affairs and Consumer Protection,2005,Department of Business Affairs and Consumer Protection,0340,MATERIAL AND SUPPLIES,0.00,0.00,20000.00
LOCAL,0B53,Wheelchair Accessible Vehicle Fund,70,Department of Business Affairs and Consumer Protection,2005,Department of Business Affairs and Consumer Protection,9102,SPECIAL PROGRAM COSTS,0.00,0.00,8300000.00
LOCAL,0100,Corporate Fund,72,Department of Environment,2010,Department of Environment,0005,SALARIES AND WAGES - ON PAYROLL,1215444.00,1215444.00,1382541.00
LOCAL,0100,Corporate Fund,72,Department of Environment,2010,Department of Environment,0015,SCHEDULE SALARY ADJUSTMENTS,7243.00,7243.00,10648.00
LOCAL,0100,Corporate Fund,72,Department of Environment,2010,Department of Environment,0130,POSTAGE,12000.00,12000.00,9000.00
LOCAL,0100,Corporate Fund,72,Department of Environment,2010,Department of Environment,0140,PROFESSIONAL AND TECHNICAL SERVICES,500000.00,497250.00,464085.00
LOCAL,0100,Corporate Fund,72,Department of Environment,2010,Department of Environment,0166,DUES  SUBSC & MEM,11215.00,13965.00,8965.00
LOCAL,0100,Corporate Fund,72,Department of Environment,2010,Department of Environment,0312,SOFTWARE PURCHASES,0.00,0.00,1500.00
LOCAL,0100,Corporate Fund,72,Department of Environment,2010,Department of Environment,0350,STATIONERY AND OFFICE SUPPLIES,1400.00,1400.00,5000.00
LOCAL,0100,Corporate Fund,72,Department of Environment,2010,Department of Environment,0446,PURCHASE - IT HARDWARE,4500.00,4500.00,4500.00
LOCAL,0100,Corporate Fund,72,Department of Environment,2010,Department of Environment,9438,REIMBURSEMENT - FFM,50000.00,50000.00,30000.00
LOCAL,0100,Corporate Fund,73,Chicago Animal Care and Control,2005,Chicago Animal Care and Control,0005,SALARIES AND WAGES - ON PAYROLL,5838011.00,5838011.00,5655195.00
LOCAL,0100,Corporate Fund,73,Chicago Animal Care and Control,2005,Chicago Animal Care and Control,0015,SCHEDULE SALARY ADJUSTMENTS,63469.00,63469.00,43963.00
LOCAL,0100,Corporate Fund,73,Chicago Animal Care and Control,2005,Chicago Animal Care and Control,0020,OVERTIME,145000.00,145000.00,145000.00
LOCAL,0100,Corporate Fund,73,Chicago Animal Care and Control,2005,Chicago Animal Care and Control,0091,UNIFORM ALLOWANCE,32550.00,32550.00,26550.00
LOCAL,0100,Corporate Fund,73,Chicago Animal Care and Control,2005,Chicago Animal Care and Control,0130,POSTAGE,2500.00,2500.00,2500.00
LOCAL,0100,Corporate Fund,73,Chicago Animal Care and Control,2005,Chicago Animal Care and Control,0135,DELEGATE AGENCIES,465000.00,465000.00,465000.00
LOCAL,0100,Corporate Fund,73,Chicago Animal Care and Control,2005,Chicago Animal Care and Control,0140,PROFESSIONAL AND TECHNICAL SERVICES,263140.00,263140.00,301140.00
LOCAL,0100,Corporate Fund,73,Chicago Animal Care and Control,2005,Chicago Animal Care and Control,0150,OUTSIDE GRAPHIC SERVICES,1400.00,1400.00,0.00
LOCAL,0100,Corporate Fund,73,Chicago Animal Care and Control,2005,Chicago Animal Care and Control,0152,ADVERTISING,20000.00,20000.00,20668.00
LOCAL,0100,Corporate Fund,73,Chicago Animal Care and Control,2005,Chicago Animal Care and Control,0154,RENTAL-DATA HARDWARE EQ,2200.00,2200.00,2200.00
LOCAL,0100,Corporate Fund,73,Chicago Animal Care and Control,2005,Chicago Animal Care and Control,0157,RENTAL EQUIPMENT AND SERVICES,4000.00,4000.00,4000.00
LOCAL,0100,Corporate Fund,73,Chicago Animal Care and Control,2005,Chicago Animal Care and Control,0159,LEASE/PURCHASE EQUIPMENT,36000.00,36000.00,25000.00
LOCAL,0100,Corporate Fund,73,Chicago Animal Care and Control,2005,Chicago Animal Care and Control,0162,REPAIR/MAINT EQUIPMENT,5220.00,5220.00,3500.00
LOCAL,0100,Corporate Fund,73,Chicago Animal Care and Control,2005,Chicago Animal Care and Control,0168,EDUCATION DEVELOPMENT,5350.00,5350.00,3000.00
LOCAL,0100,Corporate Fund,73,Chicago Animal Care and Control,2005,Chicago Animal Care and Control,0169,TECHNICAL MEETING COSTS,1068.00,1068.00,1068.00
LOCAL,0100,Corporate Fund,73,Chicago Animal Care and Control,2005,Chicago Animal Care and Control,0313,CLEANING AND SANITATION SUPPLIES,129228.00,129228.00,142151.00
LOCAL,0100,Corporate Fund,73,Chicago Animal Care and Control,2005,Chicago Animal Care and Control,0330,FOOD,250000.00,250000.00,275000.00
LOCAL,0100,Corporate Fund,73,Chicago Animal Care and Control,2005,Chicago Animal Care and Control,0340,MATERIAL AND SUPPLIES,20316.00,20316.00,22300.00
LOCAL,0100,Corporate Fund,73,Chicago Animal Care and Control,2005,Chicago Animal Care and Control,0342,DRUGS  MEDICINE AND CHEMICAL MATERIALS,386400.00,386400.00,366268.00
LOCAL,0100,Corporate Fund,73,Chicago Animal Care and Control,2005,Chicago Animal Care and Control,0350,STATIONERY AND OFFICE SUPPLIES,9164.00,9164.00,9164.00
LOCAL,0100,Corporate Fund,73,Chicago Animal Care and Control,2005,Chicago Animal Care and Control,0360,REPAIR PARTS AND MATERIAL,2093.00,2093.00,2093.00
LOCAL,0100,Corporate Fund,73,Chicago Animal Care and Control,2005,Chicago Animal Care and Control,0700,CONTINGENCIES,10000.00,10000.00,10000.00
LOCAL,0100,Corporate Fund,73,Chicago Animal Care and Control,2005,Chicago Animal Care and Control,9438,REIMBURSEMENT - FFM,6000.00,6000.00,6000.00
LOCAL,0100,Corporate Fund,77,License Appeal Commission,2005,License Appeal Commission,0005,SALARIES AND WAGES - ON PAYROLL,112260.00,112260.00,112163.00
LOCAL,0100,Corporate Fund,77,License Appeal Commission,2005,License Appeal Commission,0130,POSTAGE,40.00,40.00,44.00
LOCAL,0100,Corporate Fund,77,License Appeal Commission,2005,License Appeal Commission,0140,PROFESSIONAL AND TECHNICAL SERVICES,83003.00,83003.00,83142.00
LOCAL,0100,Corporate Fund,77,License Appeal Commission,2005,License Appeal Commission,0143,COURT REPORTING,10000.00,10000.00,10000.00
LOCAL,0100,Corporate Fund,77,License Appeal Commission,2005,License Appeal Commission,0159,LEASE/PURCHASE EQUIPMENT,850.00,850.00,775.00
LOCAL,0100,Corporate Fund,77,License Appeal Commission,2005,License Appeal Commission,0350,STATIONERY AND OFFICE SUPPLIES,500.00,500.00,500.00
LOCAL,0100,Corporate Fund,78,Board of Ethics,2005,Board of Ethics,0005,SALARIES AND WAGES - ON PAYROLL,948876.00,948876.00,915634.00
LOCAL,0100,Corporate Fund,78,Board of Ethics,2005,Board of Ethics,0015,SCHEDULE SALARY ADJUSTMENTS,9838.00,9838.00,12481.00
LOCAL,0100,Corporate Fund,78,Board of Ethics,2005,Board of Ethics,0039,STUDENT AS TRAINEES,2000.00,2000.00,2000.00
LOCAL,0100,Corporate Fund,78,Board of Ethics,2005,Board of Ethics,0130,POSTAGE,8450.00,8450.00,5710.00
LOCAL,0100,Corporate Fund,78,Board of Ethics,2005,Board of Ethics,0140,PROFESSIONAL AND TECHNICAL SERVICES,21000.00,21000.00,21000.00
LOCAL,0100,Corporate Fund,78,Board of Ethics,2005,Board of Ethics,0149,SOFTWARE MAINTENANCE AND LICENSING,4000.00,4000.00,4000.00
LOCAL,0100,Corporate Fund,78,Board of Ethics,2005,Board of Ethics,0159,LEASE/PURCHASE EQUIPMENT,7240.00,7240.00,6595.00
LOCAL,0100,Corporate Fund,78,Board of Ethics,2005,Board of Ethics,0166,DUES  SUBSC & MEM,4000.00,4000.00,0.00
LOCAL,0100,Corporate Fund,78,Board of Ethics,2005,Board of Ethics,0169,TECHNICAL MEETING COSTS,1800.00,1800.00,1800.00
LOCAL,0100,Corporate Fund,78,Board of Ethics,2005,Board of Ethics,0178,FREIGHT AND EXPRESS CHARGES,3644.00,3644.00,3644.00
LOCAL,0100,Corporate Fund,78,Board of Ethics,2005,Board of Ethics,0229,TRANSPORTATION AND EXPENSE ALLOWANCE,167.00,167.00,201.00
LOCAL,0100,Corporate Fund,78,Board of Ethics,2005,Board of Ethics,0245,REIMBURSEMENT TO TRAVELERS,3500.00,3500.00,3500.00
LOCAL,0100,Corporate Fund,78,Board of Ethics,2005,Board of Ethics,0270,LOCAL TRANSPORTATION,1500.00,1500.00,1500.00
LOCAL,0100,Corporate Fund,78,Board of Ethics,2005,Board of Ethics,0348,BOOKS AND RELATED MATERIAL,594.00,594.00,594.00
LOCAL,0100,Corporate Fund,78,Board of Ethics,2005,Board of Ethics,0350,STATIONERY AND OFFICE SUPPLIES,3216.00,3216.00,3216.00
LOCAL,0100,Corporate Fund,81,Department of Streets and Sanitation,2005,Commissioner's Office,0005,SALARIES AND WAGES - ON PAYROLL,2494121.00,2494121.00,2519840.00
LOCAL,0100,Corporate Fund,81,Department of Streets and Sanitation,2005,Commissioner's Office,0012,CONTRACT WAGE - PREVAILING RATE,1759.00,1759.00,1558.00
LOCAL,0100,Corporate Fund,81,Department of Streets and Sanitation,2005,Commissioner's Office,0015,SCHEDULE SALARY ADJUSTMENTS,51092.00,51092.00,44176.00
LOCAL,0100,Corporate Fund,81,Department of Streets and Sanitation,2005,Commissioner's Office,0039,STUDENT AS TRAINEES,33180.00,33180.00,388800.00
LOCAL,0100,Corporate Fund,81,Department of Streets and Sanitation,2005,Commissioner's Office,0130,POSTAGE,4700.00,4700.00,4700.00
LOCAL,0100,Corporate Fund,81,Department of Streets and Sanitation,2005,Commissioner's Office,0140,PROFESSIONAL AND TECHNICAL SERVICES,4950.00,4950.00,4950.00
LOCAL,0100,Corporate Fund,81,Department of Streets and Sanitation,2005,Commissioner's Office,0350,STATIONERY AND OFFICE SUPPLIES,4892.00,4892.00,4892.00
LOCAL,0100,Corporate Fund,81,Department of Streets and Sanitation,2005,Commissioner's Office,0446,PURCHASE - IT HARDWARE,9000.00,9000.00,9000.00
LOCAL,0100,Corporate Fund,81,Department of Streets and Sanitation,2005,Commissioner's Office,9067,PHYSICAL EXAMS,25000.00,25000.00,0.00
LOCAL,0100,Corporate Fund,81,Department of Streets and Sanitation,2006,Administrative Services Division,0005,SALARIES AND WAGES - ON PAYROLL,2134128.00,2134128.00,2191892.00
LOCAL,0100,Corporate Fund,81,Department of Streets and Sanitation,2006,Administrative Services Division,0015,SCHEDULE SALARY ADJUSTMENTS,41282.00,41282.00,30414.00
LOCAL,0100,Corporate Fund,81,Department of Streets and Sanitation,2006,Administrative Services Division,0140,PROFESSIONAL AND TECHNICAL SERVICES,1030.00,1030.00,1030.00
LOCAL,0100,Corporate Fund,81,Department of Streets and Sanitation,2006,Administrative Services Division,0159,LEASE/PURCHASE EQUIPMENT,17568.00,17568.00,17568.00
LOCAL,0100,Corporate Fund,81,Department of Streets and Sanitation,2006,Administrative Services Division,0350,STATIONERY AND OFFICE SUPPLIES,5681.00,5681.00,5681.00
LOCAL,0100,Corporate Fund,81,Department of Streets and Sanitation,2006,Administrative Services Division,0446,PURCHASE - IT HARDWARE,30379.00,30379.00,30379.00
LOCAL,0100,Corporate Fund,81,Department of Streets and Sanitation,2020,Bureau of Sanitation,0005,SALARIES AND WAGES - ON PAYROLL,43715546.00,43715546.00,41821952.00
LOCAL,0100,Corporate Fund,81,Department of Streets and Sanitation,2020,Bureau of Sanitation,0012,CONTRACT WAGE - PREVAILING RATE,648684.00,648684.00,455523.00
LOCAL,0100,Corporate Fund,81,Department of Streets and Sanitation,2020,Bureau of Sanitation,0015,SCHEDULE SALARY ADJUSTMENTS,46922.00,46922.00,209007.00
LOCAL,0100,Corporate Fund,81,Department of Streets and Sanitation,2020,Bureau of Sanitation,0020,OVERTIME,3754128.00,3754128.00,3754128.00
LOCAL,0100,Corporate Fund,81,Department of Streets and Sanitation,2020,Bureau of Sanitation,0091,UNIFORM ALLOWANCE,299000.00,299000.00,299000.00
LOCAL,0100,Corporate Fund,81,Department of Streets and Sanitation,2020,Bureau of Sanitation,0126,OFFICE CONVENIENCES,552.00,552.00,552.00
LOCAL,0100,Corporate Fund,81,Department of Streets and Sanitation,2020,Bureau of Sanitation,0140,PROFESSIONAL AND TECHNICAL SERVICES,32849025.00,32849025.00,33833342.00
LOCAL,0100,Corporate Fund,81,Department of Streets and Sanitation,2020,Bureau of Sanitation,0150,OUTSIDE GRAPHIC SERVICES,150000.00,150000.00,150000.00
LOCAL,0100,Corporate Fund,81,Department of Streets and Sanitation,2020,Bureau of Sanitation,0157,RENTAL EQUIPMENT AND SERVICES,846235.00,846235.00,846235.00
LOCAL,0100,Corporate Fund,81,Department of Streets and Sanitation,2020,Bureau of Sanitation,0159,LEASE/PURCHASE EQUIPMENT,80801.00,80801.00,80801.00
LOCAL,0100,Corporate Fund,81,Department of Streets and Sanitation,2020,Bureau of Sanitation,0162,REPAIR/MAINT EQUIPMENT,8620.00,8620.00,8620.00
LOCAL,0100,Corporate Fund,81,Department of Streets and Sanitation,2020,Bureau of Sanitation,0166,DUES  SUBSC & MEM,4034.00,4034.00,4034.00
LOCAL,0100,Corporate Fund,81,Department of Streets and Sanitation,2020,Bureau of Sanitation,0185,WASTE DISPOSAL SERVICES,56155062.00,56155062.00,57839714.00
LOCAL,0100,Corporate Fund,81,Department of Streets and Sanitation,2020,Bureau of Sanitation,0313,CLEANING AND SANITATION SUPPLIES,21863.00,21863.00,21863.00
LOCAL,0100,Corporate Fund,81,Department of Streets and Sanitation,2020,Bureau of Sanitation,0319,CLOTHING,116466.00,116466.00,97116.00
LOCAL,0100,Corporate Fund,81,Department of Streets and Sanitation,2020,Bureau of Sanitation,0340,MATERIAL AND SUPPLIES,59420.00,59420.00,59420.00
LOCAL,0100,Corporate Fund,81,Department of Streets and Sanitation,2020,Bureau of Sanitation,0341,CHEMICALS,44273.00,44273.00,44273.00
LOCAL,0100,Corporate Fund,81,Department of Streets and Sanitation,2020,Bureau of Sanitation,0350,STATIONERY AND OFFICE SUPPLIES,12919.00,12919.00,12919.00
LOCAL,0100,Corporate Fund,81,Department of Streets and Sanitation,2020,Bureau of Sanitation,0401,TOOL <= $100 UNIT,35738.00,35738.00,35738.00
LOCAL,0100,Corporate Fund,81,Department of Streets and Sanitation,2025,Bureau of Rodent Control,0005,SALARIES AND WAGES - ON PAYROLL,10116496.00,10116496.00,9812401.00
LOCAL,0100,Corporate Fund,81,Department of Streets and Sanitation,2025,Bureau of Rodent Control,0012,CONTRACT WAGE - PREVAILING RATE,160280.00,160280.00,134417.00
LOCAL,0100,Corporate Fund,81,Department of Streets and Sanitation,2025,Bureau of Rodent Control,0015,SCHEDULE SALARY ADJUSTMENTS,14515.00,14515.00,15329.00
LOCAL,0100,Corporate Fund,81,Department of Streets and Sanitation,2025,Bureau of Rodent Control,0020,OVERTIME,209952.00,209952.00,209952.00
LOCAL,0100,Corporate Fund,81,Department of Streets and Sanitation,2025,Bureau of Rodent Control,0091,UNIFORM ALLOWANCE,24600.00,24600.00,24600.00
LOCAL,0100,Corporate Fund,81,Department of Streets and Sanitation,2025,Bureau of Rodent Control,0140,PROFESSIONAL AND TECHNICAL SERVICES,4150167.00,4150167.00,4150167.00
LOCAL,0100,Corporate Fund,81,Department of Streets and Sanitation,2025,Bureau of Rodent Control,0157,RENTAL EQUIPMENT AND SERVICES,125805.00,125805.00,125805.00
LOCAL,0100,Corporate Fund,81,Department of Streets and Sanitation,2025,Bureau of Rodent Control,0159,LEASE/PURCHASE EQUIPMENT,3199.00,3199.00,3199.00
LOCAL,0100,Corporate Fund,81,Department of Streets and Sanitation,2025,Bureau of Rodent Control,0313,CLEANING AND SANITATION SUPPLIES,329.00,329.00,329.00
LOCAL,0100,Corporate Fund,81,Department of Streets and Sanitation,2025,Bureau of Rodent Control,0319,CLOTHING,16111.00,16111.00,9611.00
LOCAL,0100,Corporate Fund,81,Department of Streets and Sanitation,2025,Bureau of Rodent Control,0340,MATERIAL AND SUPPLIES,121180.00,121180.00,121180.00
LOCAL,0100,Corporate Fund,81,Department of Streets and Sanitation,2025,Bureau of Rodent Control,0350,STATIONERY AND OFFICE SUPPLIES,4556.00,4556.00,4556.00
LOCAL,0100,Corporate Fund,81,Department of Streets and Sanitation,2025,Bureau of Rodent Control,0401,TOOL <= $100 UNIT,7695.00,7695.00,7695.00
LOCAL,0100,Corporate Fund,81,Department of Streets and Sanitation,2045,Bureau of Street Operations,0005,SALARIES AND WAGES - ON PAYROLL,14632680.00,14632680.00,14870864.00
LOCAL,0100,Corporate Fund,81,Department of Streets and Sanitation,2045,Bureau of Street Operations,0012,CONTRACT WAGE - PREVAILING RATE,99417.00,99417.00,137363.00
LOCAL,0100,Corporate Fund,81,Department of Streets and Sanitation,2045,Bureau of Street Operations,0015,SCHEDULE SALARY ADJUSTMENTS,95744.00,95744.00,114478.00
LOCAL,0100,Corporate Fund,81,Department of Streets and Sanitation,2045,Bureau of Street Operations,0020,OVERTIME,170230.00,170230.00,170230.00
LOCAL,0100,Corporate Fund,81,Department of Streets and Sanitation,2045,Bureau of Street Operations,0091,UNIFORM ALLOWANCE,16980.00,16980.00,16980.00
LOCAL,0100,Corporate Fund,81,Department of Streets and Sanitation,2045,Bureau of Street Operations,0135,DELEGATE AGENCIES,1964928.00,1964928.00,1964928.00
LOCAL,0100,Corporate Fund,81,Department of Streets and Sanitation,2045,Bureau of Street Operations,0140,PROFESSIONAL AND TECHNICAL SERVICES,19394.00,19394.00,19394.00
LOCAL,0100,Corporate Fund,81,Department of Streets and Sanitation,2045,Bureau of Street Operations,0157,RENTAL EQUIPMENT AND SERVICES,315944.00,315944.00,315944.00
LOCAL,0100,Corporate Fund,81,Department of Streets and Sanitation,2045,Bureau of Street Operations,0162,REPAIR/MAINT EQUIPMENT,139871.00,139871.00,139871.00
LOCAL,0100,Corporate Fund,81,Department of Streets and Sanitation,2045,Bureau of Street Operations,0185,WASTE DISPOSAL SERVICES,2294510.00,2294510.00,1929510.00
LOCAL,0100,Corporate Fund,81,Department of Streets and Sanitation,2045,Bureau of Street Operations,0313,CLEANING AND SANITATION SUPPLIES,6707.00,6707.00,6707.00
LOCAL,0100,Corporate Fund,81,Department of Streets and Sanitation,2045,Bureau of Street Operations,0319,CLOTHING,20169.00,20169.00,20169.00
LOCAL,0100,Corporate Fund,81,Department of Streets and Sanitation,2045,Bureau of Street Operations,0340,MATERIAL AND SUPPLIES,341288.00,341288.00,176288.00
LOCAL,0100,Corporate Fund,81,Department of Streets and Sanitation,2045,Bureau of Street Operations,0341,CHEMICALS,315057.00,315057.00,315057.00
LOCAL,0100,Corporate Fund,81,Department of Streets and Sanitation,2045,Bureau of Street Operations,0362,PAINTS AND PAINTING SUPPLIES,424187.00,424187.00,391302.00
LOCAL,0100,Corporate Fund,81,Department of Streets and Sanitation,2060,Bureau of Forestry,0005,SALARIES AND WAGES - ON PAYROLL,20850061.00,20850061.00,21529726.00
LOCAL,0100,Corporate Fund,81,Department of Streets and Sanitation,2060,Bureau of Forestry,0012,CONTRACT WAGE - PREVAILING RATE,352353.00,352353.00,298346.00
LOCAL,0100,Corporate Fund,81,Department of Streets and Sanitation,2060,Bureau of Forestry,0015,SCHEDULE SALARY ADJUSTMENTS,11464.00,11464.00,28012.00
LOCAL,0100,Corporate Fund,81,Department of Streets and Sanitation,2060,Bureau of Forestry,0020,OVERTIME,1327671.00,1327671.00,1327671.00
LOCAL,0100,Corporate Fund,81,Department of Streets and Sanitation,2060,Bureau of Forestry,0091,UNIFORM ALLOWANCE,74000.00,74000.00,74000.00
LOCAL,0100,Corporate Fund,81,Department of Streets and Sanitation,2060,Bureau of Forestry,0126,OFFICE CONVENIENCES,4000.00,4000.00,4000.00
LOCAL,0100,Corporate Fund,81,Department of Streets and Sanitation,2060,Bureau of Forestry,0130,POSTAGE,120.00,120.00,120.00
LOCAL,0100,Corporate Fund,81,Department of Streets and Sanitation,2060,Bureau of Forestry,0140,PROFESSIONAL AND TECHNICAL SERVICES,3996962.00,3996962.00,127047.00
LOCAL,0100,Corporate Fund,81,Department of Streets and Sanitation,2060,Bureau of Forestry,0154,RENTAL-DATA HARDWARE EQ,2250.00,2250.00,2250.00
LOCAL,0100,Corporate Fund,81,Department of Streets and Sanitation,2060,Bureau of Forestry,0157,RENTAL EQUIPMENT AND SERVICES,1978236.00,1978236.00,1774950.00
LOCAL,0100,Corporate Fund,81,Department of Streets and Sanitation,2060,Bureau of Forestry,0159,LEASE/PURCHASE EQUIPMENT,9230.00,9230.00,9230.00
LOCAL,0100,Corporate Fund,81,Department of Streets and Sanitation,2060,Bureau of Forestry,0160,REPAIR/MAINT PROPERTY,520.00,520.00,520.00
LOCAL,0100,Corporate Fund,81,Department of Streets and Sanitation,2060,Bureau of Forestry,0162,REPAIR/MAINT EQUIPMENT,6293.00,6293.00,6293.00
LOCAL,0100,Corporate Fund,81,Department of Streets and Sanitation,2060,Bureau of Forestry,0229,TRANSPORTATION AND EXPENSE ALLOWANCE,1957.00,1957.00,1957.00
LOCAL,0100,Corporate Fund,81,Department of Streets and Sanitation,2060,Bureau of Forestry,0313,CLEANING AND SANITATION SUPPLIES,5150.00,5150.00,5150.00
LOCAL,0100,Corporate Fund,81,Department of Streets and Sanitation,2060,Bureau of Forestry,0319,CLOTHING,89850.00,89850.00,89850.00
LOCAL,0100,Corporate Fund,81,Department of Streets and Sanitation,2060,Bureau of Forestry,0340,MATERIAL AND SUPPLIES,58996.00,58996.00,58996.00
LOCAL,0100,Corporate Fund,81,Department of Streets and Sanitation,2060,Bureau of Forestry,0345,APPARATUS AND INSTRUMENTS,550.00,550.00,550.00
LOCAL,0100,Corporate Fund,81,Department of Streets and Sanitation,2060,Bureau of Forestry,0350,STATIONERY AND OFFICE SUPPLIES,7000.00,7000.00,7000.00
LOCAL,0100,Corporate Fund,81,Department of Streets and Sanitation,2060,Bureau of Forestry,0360,REPAIR PARTS AND MATERIAL,44300.00,44300.00,44300.00
LOCAL,0100,Corporate Fund,81,Department of Streets and Sanitation,2060,Bureau of Forestry,0361,BUILDING MATERIALS AND SUPPLIES,1450.00,1450.00,1450.00
LOCAL,0100,Corporate Fund,81,Department of Streets and Sanitation,2060,Bureau of Forestry,0440,MACHINERY AND EQUIPMENT,180250.00,180250.00,61000.00
LOCAL,0300,Vehicle Tax Fund,81,Department of Streets and Sanitation,2045,Bureau of Street Operations,0005,SALARIES AND WAGES - ON PAYROLL,16238673.00,16238673.00,16101329.00
LOCAL,0300,Vehicle Tax Fund,81,Department of Streets and Sanitation,2045,Bureau of Street Operations,0012,CONTRACT WAGE - PREVAILING RATE,266352.00,266352.00,239467.00
LOCAL,0300,Vehicle Tax Fund,81,Department of Streets and Sanitation,2045,Bureau of Street Operations,0015,SCHEDULE SALARY ADJUSTMENTS,22474.00,22474.00,21993.00
LOCAL,0300,Vehicle Tax Fund,81,Department of Streets and Sanitation,2045,Bureau of Street Operations,0020,OVERTIME,3157747.00,3157747.00,3157747.00
LOCAL,0300,Vehicle Tax Fund,81,Department of Streets and Sanitation,2045,Bureau of Street Operations,0091,UNIFORM ALLOWANCE,78000.00,78000.00,78000.00
LOCAL,0300,Vehicle Tax Fund,81,Department of Streets and Sanitation,2045,Bureau of Street Operations,0126,OFFICE CONVENIENCES,6080.00,6080.00,6080.00
LOCAL,0300,Vehicle Tax Fund,81,Department of Streets and Sanitation,2045,Bureau of Street Operations,0150,OUTSIDE GRAPHIC SERVICES,44554.00,44554.00,44554.00
LOCAL,0300,Vehicle Tax Fund,81,Department of Streets and Sanitation,2045,Bureau of Street Operations,0157,RENTAL EQUIPMENT AND SERVICES,4420726.00,4420726.00,4636525.00
LOCAL,0300,Vehicle Tax Fund,81,Department of Streets and Sanitation,2045,Bureau of Street Operations,0159,LEASE/PURCHASE EQUIPMENT,4560.00,4560.00,4560.00
LOCAL,0300,Vehicle Tax Fund,81,Department of Streets and Sanitation,2045,Bureau of Street Operations,0313,CLEANING AND SANITATION SUPPLIES,17550.00,17550.00,15000.00
LOCAL,0300,Vehicle Tax Fund,81,Department of Streets and Sanitation,2045,Bureau of Street Operations,0340,MATERIAL AND SUPPLIES,248188.00,248188.00,180520.00
LOCAL,0300,Vehicle Tax Fund,81,Department of Streets and Sanitation,2045,Bureau of Street Operations,0350,STATIONERY AND OFFICE SUPPLIES,18100.00,18100.00,13315.00
LOCAL,0300,Vehicle Tax Fund,81,Department of Streets and Sanitation,2045,Bureau of Street Operations,0401,TOOL <= $100 UNIT,49305.00,49305.00,41305.00
LOCAL,0300,Vehicle Tax Fund,81,Department of Streets and Sanitation,2045,Bureau of Street Operations,0402,TOOLS > $100 UNIT,19084.00,19084.00,19084.00
LOCAL,0300,Vehicle Tax Fund,81,Department of Streets and Sanitation,2045,Bureau of Street Operations,0423,COMMUNICATION DEVICES,60574.00,60574.00,60574.00
LOCAL,0300,Vehicle Tax Fund,81,Department of Streets and Sanitation,2045,Bureau of Street Operations,9438,REIMBURSEMENT - FFM,6000.00,6000.00,6000.00
LOCAL,0300,Vehicle Tax Fund,81,Department of Streets and Sanitation,2070,Bureau of Traffic Services,0005,SALARIES AND WAGES - ON PAYROLL,14545605.00,14545605.00,14910397.00
LOCAL,0300,Vehicle Tax Fund,81,Department of Streets and Sanitation,2070,Bureau of Traffic Services,0012,CONTRACT WAGE - PREVAILING RATE,154186.00,154186.00,135719.00
LOCAL,0300,Vehicle Tax Fund,81,Department of Streets and Sanitation,2070,Bureau of Traffic Services,0015,SCHEDULE SALARY ADJUSTMENTS,72214.00,72214.00,85754.00
LOCAL,0300,Vehicle Tax Fund,81,Department of Streets and Sanitation,2070,Bureau of Traffic Services,0020,OVERTIME,967019.00,967019.00,967019.00
LOCAL,0300,Vehicle Tax Fund,81,Department of Streets and Sanitation,2070,Bureau of Traffic Services,0091,UNIFORM ALLOWANCE,71750.00,71750.00,71750.00
LOCAL,0300,Vehicle Tax Fund,81,Department of Streets and Sanitation,2070,Bureau of Traffic Services,0126,OFFICE CONVENIENCES,2422.00,2422.00,2422.00
LOCAL,0300,Vehicle Tax Fund,81,Department of Streets and Sanitation,2070,Bureau of Traffic Services,0130,POSTAGE,675650.00,675650.00,755650.00
LOCAL,0300,Vehicle Tax Fund,81,Department of Streets and Sanitation,2070,Bureau of Traffic Services,0138,IT MAINTENANCE,150000.00,150000.00,150000.00
LOCAL,0300,Vehicle Tax Fund,81,Department of Streets and Sanitation,2070,Bureau of Traffic Services,0140,PROFESSIONAL AND TECHNICAL SERVICES,9836199.00,9836199.00,9443144.00
LOCAL,0300,Vehicle Tax Fund,81,Department of Streets and Sanitation,2070,Bureau of Traffic Services,0149,SOFTWARE MAINTENANCE AND LICENSING,10000.00,10000.00,10000.00
LOCAL,0300,Vehicle Tax Fund,81,Department of Streets and Sanitation,2070,Bureau of Traffic Services,0150,OUTSIDE GRAPHIC SERVICES,11073.00,11073.00,12332.00
LOCAL,0300,Vehicle Tax Fund,81,Department of Streets and Sanitation,2070,Bureau of Traffic Services,0157,RENTAL EQUIPMENT AND SERVICES,126447.00,126447.00,126447.00
LOCAL,0300,Vehicle Tax Fund,81,Department of Streets and Sanitation,2070,Bureau of Traffic Services,0162,REPAIR/MAINT EQUIPMENT,15243.00,15243.00,15243.00
LOCAL,0300,Vehicle Tax Fund,81,Department of Streets and Sanitation,2070,Bureau of Traffic Services,0313,CLEANING AND SANITATION SUPPLIES,206.00,206.00,206.00
LOCAL,0300,Vehicle Tax Fund,81,Department of Streets and Sanitation,2070,Bureau of Traffic Services,0319,CLOTHING,4055.00,4055.00,36055.00
LOCAL,0300,Vehicle Tax Fund,81,Department of Streets and Sanitation,2070,Bureau of Traffic Services,0340,MATERIAL AND SUPPLIES,152683.00,152683.00,152683.00
LOCAL,0300,Vehicle Tax Fund,81,Department of Streets and Sanitation,2070,Bureau of Traffic Services,0350,STATIONERY AND OFFICE SUPPLIES,38375.00,38375.00,36109.00
LOCAL,0300,Vehicle Tax Fund,81,Department of Streets and Sanitation,2070,Bureau of Traffic Services,0992,TOW STORAGE REFUNDS,370800.00,370800.00,370800.00
LOCAL,0300,Vehicle Tax Fund,81,Department of Streets and Sanitation,2070,Bureau of Traffic Services,9438,REIMBURSEMENT - FFM,191800.00,191800.00,191800.00
LOCAL,0310,Motor Fuel Tax Fund,81,Department of Streets and Sanitation,2020,Bureau of Sanitation,0005,SALARIES AND WAGES - ON PAYROLL,2010420.00,2010420.00,0.00
LOCAL,0310,Motor Fuel Tax Fund,81,Department of Streets and Sanitation,2020,Bureau of Sanitation,0012,CONTRACT WAGE - PREVAILING RATE,35182.00,35182.00,0.00
LOCAL,0310,Motor Fuel Tax Fund,81,Department of Streets and Sanitation,2045,Bureau of Street Operations,0340,MATERIAL AND SUPPLIES,18758985.00,18758985.00,18805345.00
LOCAL,0B32,Garbage Collection Fund,81,Department of Streets and Sanitation,2020,Bureau of Sanitation,0005,SALARIES AND WAGES - ON PAYROLL,65072167.00,65072167.00,69700696.00
LOCAL,0B32,Garbage Collection Fund,81,Department of Streets and Sanitation,2020,Bureau of Sanitation,0012,CONTRACT WAGE - PREVAILING RATE,1019595.00,1019595.00,1130867.00
LOCAL,0B32,Garbage Collection Fund,81,Department of Streets and Sanitation,2020,Bureau of Sanitation,0015,SCHEDULE SALARY ADJUSTMENTS,123438.00,123438.00,0.00
LOCAL,0B32,Garbage Collection Fund,81,Department of Streets and Sanitation,2020,Bureau of Sanitation,0020,OVERTIME,2631825.00,2631825.00,2631825.00
LOCAL,0100,Corporate Fund,84,Chicago Department of Transportation,2105,Commissioner's Office,0005,SALARIES AND WAGES - ON PAYROLL,2883317.00,2883317.00,2488689.00
LOCAL,0100,Corporate Fund,84,Chicago Department of Transportation,2105,Commissioner's Office,0015,SCHEDULE SALARY ADJUSTMENTS,37149.00,37149.00,32886.00
LOCAL,0100,Corporate Fund,84,Chicago Department of Transportation,2105,Commissioner's Office,0039,STUDENT AS TRAINEES,33180.00,33180.00,0.00
LOCAL,0100,Corporate Fund,84,Chicago Department of Transportation,2105,Commissioner's Office,0130,POSTAGE,700.00,700.00,450.00
LOCAL,0100,Corporate Fund,84,Chicago Department of Transportation,2105,Commissioner's Office,0140,PROFESSIONAL AND TECHNICAL SERVICES,29000.00,29000.00,25000.00
LOCAL,0100,Corporate Fund,84,Chicago Department of Transportation,2105,Commissioner's Office,0149,SOFTWARE MAINTENANCE AND LICENSING,61485.00,61485.00,64740.00
LOCAL,0100,Corporate Fund,84,Chicago Department of Transportation,2105,Commissioner's Office,0159,LEASE/PURCHASE EQUIPMENT,15869.00,15869.00,8369.00
LOCAL,0100,Corporate Fund,84,Chicago Department of Transportation,2105,Commissioner's Office,0166,DUES  SUBSC & MEM,205481.00,205481.00,207186.00
LOCAL,0100,Corporate Fund,84,Chicago Department of Transportation,2105,Commissioner's Office,0169,TECHNICAL MEETING COSTS,8000.00,8000.00,8000.00
LOCAL,0100,Corporate Fund,84,Chicago Department of Transportation,2105,Commissioner's Office,0245,REIMBURSEMENT TO TRAVELERS,5000.00,5000.00,5000.00
LOCAL,0100,Corporate Fund,84,Chicago Department of Transportation,2105,Commissioner's Office,0270,LOCAL TRANSPORTATION,120.00,120.00,120.00
LOCAL,0100,Corporate Fund,84,Chicago Department of Transportation,2105,Commissioner's Office,0340,MATERIAL AND SUPPLIES,1000.00,1000.00,1000.00
LOCAL,0100,Corporate Fund,84,Chicago Department of Transportation,2105,Commissioner's Office,0350,STATIONERY AND OFFICE SUPPLIES,5500.00,5500.00,5500.00
LOCAL,0100,Corporate Fund,84,Chicago Department of Transportation,2105,Commissioner's Office,0446,PURCHASE - IT HARDWARE,4000.00,4000.00,4000.00
LOCAL,0100,Corporate Fund,84,Chicago Department of Transportation,2105,Commissioner's Office,9438,REIMBURSEMENT - FFM,10000.00,10000.00,10000.00
LOCAL,0100,Corporate Fund,84,Chicago Department of Transportation,2110,Policy and Planning,0005,SALARIES AND WAGES - ON PAYROLL,0.00,0.00,949949.00
LOCAL,0100,Corporate Fund,84,Chicago Department of Transportation,2110,Policy and Planning,0015,SCHEDULE SALARY ADJUSTMENTS,0.00,0.00,11870.00
LOCAL,0100,Corporate Fund,84,Chicago Department of Transportation,2110,Policy and Planning,0039,STUDENT AS TRAINEES,0.00,0.00,33180.00
LOCAL,0100,Corporate Fund,84,Chicago Department of Transportation,2110,Policy and Planning,0130,POSTAGE,0.00,0.00,250.00
LOCAL,0100,Corporate Fund,84,Chicago Department of Transportation,2110,Policy and Planning,0140,PROFESSIONAL AND TECHNICAL SERVICES,0.00,0.00,8000.00
LOCAL,0100,Corporate Fund,84,Chicago Department of Transportation,2110,Policy and Planning,0149,SOFTWARE MAINTENANCE AND LICENSING,0.00,0.00,4095.00
LOCAL,0100,Corporate Fund,84,Chicago Department of Transportation,2110,Policy and Planning,0159,LEASE/PURCHASE EQUIPMENT,0.00,0.00,1820.00
LOCAL,0100,Corporate Fund,84,Chicago Department of Transportation,2110,Policy and Planning,0169,TECHNICAL MEETING COSTS,0.00,0.00,500.00
LOCAL,0100,Corporate Fund,84,Chicago Department of Transportation,2110,Policy and Planning,0245,REIMBURSEMENT TO TRAVELERS,0.00,0.00,1400.00
LOCAL,0100,Corporate Fund,84,Chicago Department of Transportation,2110,Policy and Planning,0350,STATIONERY AND OFFICE SUPPLIES,0.00,0.00,1600.00
LOCAL,0100,Corporate Fund,84,Chicago Department of Transportation,2110,Policy and Planning,0446,PURCHASE - IT HARDWARE,0.00,0.00,2493.00
LOCAL,0100,Corporate Fund,84,Chicago Department of Transportation,2115,Division of Administration,0005,SALARIES AND WAGES - ON PAYROLL,5213381.00,5213381.00,5330813.00
LOCAL,0100,Corporate Fund,84,Chicago Department of Transportation,2115,Division of Administration,0015,SCHEDULE SALARY ADJUSTMENTS,85145.00,85145.00,64930.00
LOCAL,0100,Corporate Fund,84,Chicago Department of Transportation,2115,Division of Administration,0020,OVERTIME,1000.00,1000.00,500.00
LOCAL,0100,Corporate Fund,84,Chicago Department of Transportation,2115,Division of Administration,0039,STUDENT AS TRAINEES,0.00,0.00,30000.00
LOCAL,0100,Corporate Fund,84,Chicago Department of Transportation,2115,Division of Administration,0130,POSTAGE,250.00,250.00,250.00
LOCAL,0100,Corporate Fund,84,Chicago Department of Transportation,2115,Division of Administration,0140,PROFESSIONAL AND TECHNICAL SERVICES,99500.00,99500.00,98500.00
LOCAL,0100,Corporate Fund,84,Chicago Department of Transportation,2115,Division of Administration,0149,SOFTWARE MAINTENANCE AND LICENSING,6802.00,6802.00,6844.00
LOCAL,0100,Corporate Fund,84,Chicago Department of Transportation,2115,Division of Administration,0150,OUTSIDE GRAPHIC SERVICES,200.00,200.00,200.00
LOCAL,0100,Corporate Fund,84,Chicago Department of Transportation,2115,Division of Administration,0159,LEASE/PURCHASE EQUIPMENT,17365.00,17365.00,10615.00
LOCAL,0100,Corporate Fund,84,Chicago Department of Transportation,2115,Division of Administration,0169,TECHNICAL MEETING COSTS,7500.00,7500.00,7500.00
LOCAL,0100,Corporate Fund,84,Chicago Department of Transportation,2115,Division of Administration,0245,REIMBURSEMENT TO TRAVELERS,3500.00,3500.00,5000.00
LOCAL,0100,Corporate Fund,84,Chicago Department of Transportation,2115,Division of Administration,0270,LOCAL TRANSPORTATION,100.00,100.00,0.00
LOCAL,0100,Corporate Fund,84,Chicago Department of Transportation,2115,Division of Administration,0348,BOOKS AND RELATED MATERIAL,5000.00,5000.00,5000.00
LOCAL,0100,Corporate Fund,84,Chicago Department of Transportation,2115,Division of Administration,0350,STATIONERY AND OFFICE SUPPLIES,13200.00,13200.00,13200.00
LOCAL,0100,Corporate Fund,84,Chicago Department of Transportation,2115,Division of Administration,0446,PURCHASE - IT HARDWARE,4150.00,4150.00,4531.00
LOCAL,0100,Corporate Fund,84,Chicago Department of Transportation,2115,Division of Administration,9438,REIMBURSEMENT - FFM,10000.00,10000.00,10000.00
LOCAL,0100,Corporate Fund,84,Chicago Department of Transportation,2125,Division of Engineering,0140,PROFESSIONAL AND TECHNICAL SERVICES,4000.00,4000.00,4000.00
LOCAL,0100,Corporate Fund,84,Chicago Department of Transportation,2125,Division of Engineering,0144,ENGINEERING AND ARCHITECTURE,1251642.00,1251642.00,1213972.00
LOCAL,0100,Corporate Fund,84,Chicago Department of Transportation,2130,Division of Traffic Safety,0005,SALARIES AND WAGES - ON PAYROLL,1358194.00,1358194.00,1290027.00
LOCAL,0100,Corporate Fund,84,Chicago Department of Transportation,2130,Division of Traffic Safety,0015,SCHEDULE SALARY ADJUSTMENTS,20008.00,20008.00,29550.00
LOCAL,0100,Corporate Fund,84,Chicago Department of Transportation,2130,Division of Traffic Safety,0138,IT MAINTENANCE,19000.00,19000.00,19000.00
LOCAL,0100,Corporate Fund,84,Chicago Department of Transportation,2130,Division of Traffic Safety,0140,PROFESSIONAL AND TECHNICAL SERVICES,204300.00,204300.00,404300.00
LOCAL,0100,Corporate Fund,84,Chicago Department of Transportation,2130,Division of Traffic Safety,0149,SOFTWARE MAINTENANCE AND LICENSING,6130.00,6130.00,19087.00
LOCAL,0100,Corporate Fund,84,Chicago Department of Transportation,2130,Division of Traffic Safety,0159,LEASE/PURCHASE EQUIPMENT,1400.00,1400.00,1400.00
LOCAL,0100,Corporate Fund,84,Chicago Department of Transportation,2130,Division of Traffic Safety,0162,REPAIR/MAINT EQUIPMENT,16490448.00,16490448.00,16129500.00
LOCAL,0100,Corporate Fund,84,Chicago Department of Transportation,2130,Division of Traffic Safety,0166,DUES  SUBSC & MEM,3200.00,3200.00,12700.00
LOCAL,0100,Corporate Fund,84,Chicago Department of Transportation,2130,Division of Traffic Safety,0169,TECHNICAL MEETING COSTS,3000.00,3000.00,3000.00
LOCAL,0100,Corporate Fund,84,Chicago Department of Transportation,2130,Division of Traffic Safety,0181,MOBILE COMMUNICATION SERVICES,10197.00,10197.00,99360.00
LOCAL,0100,Corporate Fund,84,Chicago Department of Transportation,2130,Division of Traffic Safety,0245,REIMBURSEMENT TO TRAVELERS,7197.00,7197.00,5500.00
LOCAL,0100,Corporate Fund,84,Chicago Department of Transportation,2130,Division of Traffic Safety,0348,BOOKS AND RELATED MATERIAL,350.00,350.00,350.00
LOCAL,0100,Corporate Fund,84,Chicago Department of Transportation,2130,Division of Traffic Safety,0350,STATIONERY AND OFFICE SUPPLIES,2000.00,2000.00,2000.00
LOCAL,0100,Corporate Fund,84,Chicago Department of Transportation,2130,Division of Traffic Safety,0446,PURCHASE - IT HARDWARE,4743.00,4743.00,4743.00
LOCAL,0100,Corporate Fund,84,Chicago Department of Transportation,2140,Division of Sign Management,0005,SALARIES AND WAGES - ON PAYROLL,665324.00,665324.00,560662.00
LOCAL,0100,Corporate Fund,84,Chicago Department of Transportation,2140,Division of Sign Management,0015,SCHEDULE SALARY ADJUSTMENTS,19986.00,19986.00,9600.00
LOCAL,0100,Corporate Fund,84,Chicago Department of Transportation,2140,Division of Sign Management,0020,OVERTIME,1500.00,1500.00,1500.00
LOCAL,0100,Corporate Fund,84,Chicago Department of Transportation,2140,Division of Sign Management,0130,POSTAGE,400.00,400.00,400.00
LOCAL,0100,Corporate Fund,84,Chicago Department of Transportation,2140,Division of Sign Management,0149,SOFTWARE MAINTENANCE AND LICENSING,20298.00,20298.00,14087.00
LOCAL,0100,Corporate Fund,84,Chicago Department of Transportation,2140,Division of Sign Management,0159,LEASE/PURCHASE EQUIPMENT,5540.00,5540.00,5540.00
LOCAL,0100,Corporate Fund,84,Chicago Department of Transportation,2140,Division of Sign Management,0160,REPAIR/MAINT PROPERTY,5500.00,5500.00,5500.00
LOCAL,0100,Corporate Fund,84,Chicago Department of Transportation,2140,Division of Sign Management,0162,REPAIR/MAINT EQUIPMENT,4000.00,4000.00,4000.00
LOCAL,0100,Corporate Fund,84,Chicago Department of Transportation,2140,Division of Sign Management,0185,WASTE DISPOSAL SERVICES,1800.00,1800.00,1800.00
LOCAL,0100,Corporate Fund,84,Chicago Department of Transportation,2140,Division of Sign Management,0319,CLOTHING,3000.00,3000.00,0.00
LOCAL,0100,Corporate Fund,84,Chicago Department of Transportation,2140,Division of Sign Management,0350,STATIONERY AND OFFICE SUPPLIES,6000.00,6000.00,6000.00
LOCAL,0100,Corporate Fund,84,Chicago Department of Transportation,2140,Division of Sign Management,0362,PAINTS AND PAINTING SUPPLIES,40000.00,40000.00,40000.00
LOCAL,0100,Corporate Fund,84,Chicago Department of Transportation,2140,Division of Sign Management,0440,MACHINERY AND EQUIPMENT,63000.00,63000.00,38000.00
LOCAL,0100,Corporate Fund,84,Chicago Department of Transportation,2140,Division of Sign Management,0446,PURCHASE - IT HARDWARE,7265.00,7265.00,7265.00
LOCAL,0100,Corporate Fund,84,Chicago Department of Transportation,2145,Division of Project Development,0005,SALARIES AND WAGES - ON PAYROLL,3552314.00,3552314.00,3044090.00
LOCAL,0100,Corporate Fund,84,Chicago Department of Transportation,2145,Division of Project Development,0015,SCHEDULE SALARY ADJUSTMENTS,17642.00,17642.00,55633.00
LOCAL,0100,Corporate Fund,84,Chicago Department of Transportation,2145,Division of Project Development,0130,POSTAGE,250.00,250.00,250.00
LOCAL,0100,Corporate Fund,84,Chicago Department of Transportation,2145,Division of Project Development,0140,PROFESSIONAL AND TECHNICAL SERVICES,57000.00,57000.00,34892.00
LOCAL,0100,Corporate Fund,84,Chicago Department of Transportation,2145,Division of Project Development,0149,SOFTWARE MAINTENANCE AND LICENSING,250079.00,250079.00,141539.00
LOCAL,0100,Corporate Fund,84,Chicago Department of Transportation,2145,Division of Project Development,0159,LEASE/PURCHASE EQUIPMENT,32262.00,32262.00,8842.00
LOCAL,0100,Corporate Fund,84,Chicago Department of Transportation,2145,Division of Project Development,0166,DUES  SUBSC & MEM,68586.00,68586.00,68586.00
LOCAL,0100,Corporate Fund,84,Chicago Department of Transportation,2145,Division of Project Development,0169,TECHNICAL MEETING COSTS,1700.00,1700.00,1200.00
LOCAL,0100,Corporate Fund,84,Chicago Department of Transportation,2145,Division of Project Development,0245,REIMBURSEMENT TO TRAVELERS,4200.00,4200.00,1400.00
LOCAL,0100,Corporate Fund,84,Chicago Department of Transportation,2145,Division of Project Development,0270,LOCAL TRANSPORTATION,150.00,150.00,150.00
LOCAL,0100,Corporate Fund,84,Chicago Department of Transportation,2145,Division of Project Development,0348,BOOKS AND RELATED MATERIAL,400.00,400.00,400.00
LOCAL,0100,Corporate Fund,84,Chicago Department of Transportation,2145,Division of Project Development,0350,STATIONERY AND OFFICE SUPPLIES,5200.00,5200.00,3600.00
LOCAL,0100,Corporate Fund,84,Chicago Department of Transportation,2145,Division of Project Development,0446,PURCHASE - IT HARDWARE,14845.00,14845.00,10522.00
LOCAL,0100,Corporate Fund,84,Chicago Department of Transportation,2150,Division of Electrical Operations,0005,SALARIES AND WAGES - ON PAYROLL,3773604.00,3773604.00,3889527.00
LOCAL,0100,Corporate Fund,84,Chicago Department of Transportation,2150,Division of Electrical Operations,0012,CONTRACT WAGE - PREVAILING RATE,53848.00,53848.00,49468.00
LOCAL,0100,Corporate Fund,84,Chicago Department of Transportation,2150,Division of Electrical Operations,0015,SCHEDULE SALARY ADJUSTMENTS,17488.00,17488.00,15235.00
LOCAL,0100,Corporate Fund,84,Chicago Department of Transportation,2150,Division of Electrical Operations,0020,OVERTIME,68968.00,68968.00,68968.00
LOCAL,0100,Corporate Fund,84,Chicago Department of Transportation,2150,Division of Electrical Operations,0091,UNIFORM ALLOWANCE,1400.00,1400.00,1400.00
LOCAL,0100,Corporate Fund,84,Chicago Department of Transportation,2150,Division of Electrical Operations,0130,POSTAGE,165.00,165.00,165.00
LOCAL,0100,Corporate Fund,84,Chicago Department of Transportation,2150,Division of Electrical Operations,0140,PROFESSIONAL AND TECHNICAL SERVICES,3243000.00,3243000.00,2562000.00
LOCAL,0100,Corporate Fund,84,Chicago Department of Transportation,2150,Division of Electrical Operations,0149,SOFTWARE MAINTENANCE AND LICENSING,957339.00,957339.00,838017.00
LOCAL,0100,Corporate Fund,84,Chicago Department of Transportation,2150,Division of Electrical Operations,0157,RENTAL EQUIPMENT AND SERVICES,64737.00,64737.00,61921.00
LOCAL,0100,Corporate Fund,84,Chicago Department of Transportation,2150,Division of Electrical Operations,0159,LEASE/PURCHASE EQUIPMENT,39171.00,39171.00,29851.00
LOCAL,0100,Corporate Fund,84,Chicago Department of Transportation,2150,Division of Electrical Operations,0162,REPAIR/MAINT EQUIPMENT,18200.00,18200.00,18200.00
LOCAL,0100,Corporate Fund,84,Chicago Department of Transportation,2150,Division of Electrical Operations,0169,TECHNICAL MEETING COSTS,17805.00,17805.00,8750.00
LOCAL,0100,Corporate Fund,84,Chicago Department of Transportation,2150,Division of Electrical Operations,0229,TRANSPORTATION AND EXPENSE ALLOWANCE,232110.00,232110.00,232110.00
LOCAL,0100,Corporate Fund,84,Chicago Department of Transportation,2150,Division of Electrical Operations,0319,CLOTHING,11730.00,11730.00,11730.00
LOCAL,0100,Corporate Fund,84,Chicago Department of Transportation,2150,Division of Electrical Operations,0350,STATIONERY AND OFFICE SUPPLIES,9500.00,9500.00,6600.00
LOCAL,0100,Corporate Fund,84,Chicago Department of Transportation,2150,Division of Electrical Operations,0440,MACHINERY AND EQUIPMENT,4000.00,4000.00,4000.00
LOCAL,0100,Corporate Fund,84,Chicago Department of Transportation,2150,Division of Electrical Operations,0446,PURCHASE - IT HARDWARE,34844.00,34844.00,28562.00
LOCAL,0100,Corporate Fund,84,Chicago Department of Transportation,2150,Division of Electrical Operations,9438,REIMBURSEMENT - FFM,10000.00,10000.00,10000.00
LOCAL,0100,Corporate Fund,84,Chicago Department of Transportation,2155,Division of In-House Construction,0005,SALARIES AND WAGES - ON PAYROLL,4454923.00,4454923.00,4527231.00
LOCAL,0100,Corporate Fund,84,Chicago Department of Transportation,2155,Division of In-House Construction,0012,CONTRACT WAGE - PREVAILING RATE,1780.00,1780.00,1565.00
LOCAL,0100,Corporate Fund,84,Chicago Department of Transportation,2155,Division of In-House Construction,0015,SCHEDULE SALARY ADJUSTMENTS,27861.00,27861.00,52432.00
LOCAL,0100,Corporate Fund,84,Chicago Department of Transportation,2155,Division of In-House Construction,0020,OVERTIME,105000.00,105000.00,105000.00
LOCAL,0100,Corporate Fund,84,Chicago Department of Transportation,2155,Division of In-House Construction,0140,PROFESSIONAL AND TECHNICAL SERVICES,16000.00,16000.00,16000.00
LOCAL,0100,Corporate Fund,84,Chicago Department of Transportation,2155,Division of In-House Construction,0149,SOFTWARE MAINTENANCE AND LICENSING,28962.00,28962.00,29107.00
LOCAL,0100,Corporate Fund,84,Chicago Department of Transportation,2155,Division of In-House Construction,0157,RENTAL EQUIPMENT AND SERVICES,100123.00,100123.00,100690.00
LOCAL,0100,Corporate Fund,84,Chicago Department of Transportation,2155,Division of In-House Construction,0159,LEASE/PURCHASE EQUIPMENT,4488.00,4488.00,4488.00
LOCAL,0100,Corporate Fund,84,Chicago Department of Transportation,2155,Division of In-House Construction,0160,REPAIR/MAINT PROPERTY,8800.00,8800.00,8800.00
LOCAL,0100,Corporate Fund,84,Chicago Department of Transportation,2155,Division of In-House Construction,0169,TECHNICAL MEETING COSTS,15000.00,15000.00,15000.00
LOCAL,0100,Corporate Fund,84,Chicago Department of Transportation,2155,Division of In-House Construction,0185,WASTE DISPOSAL SERVICES,40365.00,40365.00,40365.00
LOCAL,0100,Corporate Fund,84,Chicago Department of Transportation,2155,Division of In-House Construction,0313,CLEANING AND SANITATION SUPPLIES,2000.00,2000.00,2000.00
LOCAL,0100,Corporate Fund,84,Chicago Department of Transportation,2155,Division of In-House Construction,0316,GAS - BOTTLED AND PROPANE,18000.00,18000.00,18000.00
LOCAL,0100,Corporate Fund,84,Chicago Department of Transportation,2155,Division of In-House Construction,0319,CLOTHING,5400.00,5400.00,5400.00
LOCAL,0100,Corporate Fund,84,Chicago Department of Transportation,2155,Division of In-House Construction,0340,MATERIAL AND SUPPLIES,52900.00,52900.00,52900.00
LOCAL,0100,Corporate Fund,84,Chicago Department of Transportation,2155,Division of In-House Construction,0350,STATIONERY AND OFFICE SUPPLIES,2000.00,2000.00,2000.00
LOCAL,0100,Corporate Fund,84,Chicago Department of Transportation,2155,Division of In-House Construction,0440,MACHINERY AND EQUIPMENT,6500.00,6500.00,6500.00
LOCAL,0100,Corporate Fund,84,Chicago Department of Transportation,2155,Division of In-House Construction,0446,PURCHASE - IT HARDWARE,28982.00,28982.00,21845.00
LOCAL,0100,Corporate Fund,84,Chicago Department of Transportation,2155,Division of In-House Construction,9438,REIMBURSEMENT - FFM,10000.00,10000.00,10000.00
LOCAL,0100,Corporate Fund,84,Chicago Department of Transportation,2160,Citywide Services,0005,SALARIES AND WAGES - ON PAYROLL,1381126.00,1381126.00,1095838.00
LOCAL,0100,Corporate Fund,84,Chicago Department of Transportation,2160,Citywide Services,0015,SCHEDULE SALARY ADJUSTMENTS,23470.00,23470.00,31909.00
LOCAL,0100,Corporate Fund,84,Chicago Department of Transportation,2160,Citywide Services,0140,PROFESSIONAL AND TECHNICAL SERVICES,1303125.00,1303125.00,1008559.00
LOCAL,0100,Corporate Fund,84,Chicago Department of Transportation,2160,Citywide Services,0149,SOFTWARE MAINTENANCE AND LICENSING,11715.00,11715.00,122155.00
LOCAL,0100,Corporate Fund,84,Chicago Department of Transportation,2160,Citywide Services,0166,DUES  SUBSC & MEM,1590.00,1590.00,1590.00
LOCAL,0100,Corporate Fund,84,Chicago Department of Transportation,2160,Citywide Services,0350,STATIONERY AND OFFICE SUPPLIES,2000.00,2000.00,2000.00
LOCAL,0100,Corporate Fund,84,Chicago Department of Transportation,2160,Citywide Services,0446,PURCHASE - IT HARDWARE,5535.00,5535.00,4875.00
LOCAL,0100,Corporate Fund,84,Chicago Department of Transportation,2160,Citywide Services,9142,RETURNING CITIZENS INITIATIVES,600000.00,600000.00,600000.00
LOCAL,0100,Corporate Fund,84,Chicago Department of Transportation,2160,Citywide Services,9438,REIMBURSEMENT - FFM,6000.00,6000.00,6000.00
LOCAL,0300,Vehicle Tax Fund,84,Chicago Department of Transportation,2125,Division of Engineering,0005,SALARIES AND WAGES - ON PAYROLL,7538726.00,7538726.00,7631777.00
LOCAL,0300,Vehicle Tax Fund,84,Chicago Department of Transportation,2125,Division of Engineering,0015,SCHEDULE SALARY ADJUSTMENTS,31038.00,31038.00,60950.00
LOCAL,0300,Vehicle Tax Fund,84,Chicago Department of Transportation,2125,Division of Engineering,0020,OVERTIME,30000.00,30000.00,30000.00
LOCAL,0300,Vehicle Tax Fund,84,Chicago Department of Transportation,2125,Division of Engineering,0144,ENGINEERING AND ARCHITECTURE,1020000.00,1020000.00,968937.00
LOCAL,0300,Vehicle Tax Fund,84,Chicago Department of Transportation,2125,Division of Engineering,0149,SOFTWARE MAINTENANCE AND LICENSING,157078.00,157078.00,924053.00
LOCAL,0300,Vehicle Tax Fund,84,Chicago Department of Transportation,2125,Division of Engineering,0150,OUTSIDE GRAPHIC SERVICES,300.00,300.00,282.00
LOCAL,0300,Vehicle Tax Fund,84,Chicago Department of Transportation,2125,Division of Engineering,0152,ADVERTISING,750.00,750.00,705.00
LOCAL,0300,Vehicle Tax Fund,84,Chicago Department of Transportation,2125,Division of Engineering,0159,LEASE/PURCHASE EQUIPMENT,30013.00,30013.00,8913.00
LOCAL,0300,Vehicle Tax Fund,84,Chicago Department of Transportation,2125,Division of Engineering,0166,DUES  SUBSC & MEM,9000.00,9000.00,9000.00
LOCAL,0300,Vehicle Tax Fund,84,Chicago Department of Transportation,2125,Division of Engineering,0169,TECHNICAL MEETING COSTS,12500.00,12500.00,12020.00
LOCAL,0300,Vehicle Tax Fund,84,Chicago Department of Transportation,2125,Division of Engineering,0229,TRANSPORTATION AND EXPENSE ALLOWANCE,4323.00,4323.00,4323.00
LOCAL,0300,Vehicle Tax Fund,84,Chicago Department of Transportation,2125,Division of Engineering,0245,REIMBURSEMENT TO TRAVELERS,8500.00,8500.00,7990.00
LOCAL,0300,Vehicle Tax Fund,84,Chicago Department of Transportation,2125,Division of Engineering,0340,MATERIAL AND SUPPLIES,6000.00,6000.00,5640.00
LOCAL,0300,Vehicle Tax Fund,84,Chicago Department of Transportation,2125,Division of Engineering,0350,STATIONERY AND OFFICE SUPPLIES,11000.00,11000.00,70340.00
LOCAL,0300,Vehicle Tax Fund,84,Chicago Department of Transportation,2125,Division of Engineering,0446,PURCHASE - IT HARDWARE,90472.00,90472.00,54568.00
LOCAL,0300,Vehicle Tax Fund,84,Chicago Department of Transportation,2135,Division of Infrastructure Management,0005,SALARIES AND WAGES - ON PAYROLL,6949725.00,6949725.00,7223595.00
LOCAL,0300,Vehicle Tax Fund,84,Chicago Department of Transportation,2135,Division of Infrastructure Management,0012,CONTRACT WAGE - PREVAILING RATE,1663.00,1663.00,0.00
LOCAL,0300,Vehicle Tax Fund,84,Chicago Department of Transportation,2135,Division of Infrastructure Management,0015,SCHEDULE SALARY ADJUSTMENTS,106849.00,106849.00,96302.00
LOCAL,0300,Vehicle Tax Fund,84,Chicago Department of Transportation,2135,Division of Infrastructure Management,0020,OVERTIME,111236.00,111236.00,111236.00
LOCAL,0300,Vehicle Tax Fund,84,Chicago Department of Transportation,2135,Division of Infrastructure Management,0091,UNIFORM ALLOWANCE,8400.00,8400.00,8500.00
LOCAL,0300,Vehicle Tax Fund,84,Chicago Department of Transportation,2135,Division of Infrastructure Management,0126,OFFICE CONVENIENCES,536.00,536.00,0.00
LOCAL,0300,Vehicle Tax Fund,84,Chicago Department of Transportation,2135,Division of Infrastructure Management,0130,POSTAGE,16500.00,16500.00,16500.00
LOCAL,0300,Vehicle Tax Fund,84,Chicago Department of Transportation,2135,Division of Infrastructure Management,0140,PROFESSIONAL AND TECHNICAL SERVICES,7441186.00,7441186.00,6897297.00
LOCAL,0300,Vehicle Tax Fund,84,Chicago Department of Transportation,2135,Division of Infrastructure Management,0149,SOFTWARE MAINTENANCE AND LICENSING,1471200.00,1471200.00,1304489.00
LOCAL,0300,Vehicle Tax Fund,84,Chicago Department of Transportation,2135,Division of Infrastructure Management,0150,OUTSIDE GRAPHIC SERVICES,900.00,900.00,846.00
LOCAL,0300,Vehicle Tax Fund,84,Chicago Department of Transportation,2135,Division of Infrastructure Management,0152,ADVERTISING,912360.00,912360.00,911618.00
LOCAL,0300,Vehicle Tax Fund,84,Chicago Department of Transportation,2135,Division of Infrastructure Management,0157,RENTAL EQUIPMENT AND SERVICES,11124.00,11124.00,10512.00
LOCAL,0300,Vehicle Tax Fund,84,Chicago Department of Transportation,2135,Division of Infrastructure Management,0159,LEASE/PURCHASE EQUIPMENT,24201.00,24201.00,24201.00
LOCAL,0300,Vehicle Tax Fund,84,Chicago Department of Transportation,2135,Division of Infrastructure Management,0160,REPAIR/MAINT PROPERTY,2600.00,2600.00,2444.00
LOCAL,0300,Vehicle Tax Fund,84,Chicago Department of Transportation,2135,Division of Infrastructure Management,0162,REPAIR/MAINT EQUIPMENT,2500.00,2500.00,2350.00
LOCAL,0300,Vehicle Tax Fund,84,Chicago Department of Transportation,2135,Division of Infrastructure Management,0166,DUES  SUBSC & MEM,6399.00,6399.00,6923.00
LOCAL,0300,Vehicle Tax Fund,84,Chicago Department of Transportation,2135,Division of Infrastructure Management,0169,TECHNICAL MEETING COSTS,0.00,0.00,12690.00
LOCAL,0300,Vehicle Tax Fund,84,Chicago Department of Transportation,2135,Division of Infrastructure Management,0229,TRANSPORTATION AND EXPENSE ALLOWANCE,158400.00,158400.00,201600.00
LOCAL,0300,Vehicle Tax Fund,84,Chicago Department of Transportation,2135,Division of Infrastructure Management,0245,REIMBURSEMENT TO TRAVELERS,26500.00,26500.00,24910.00
LOCAL,0300,Vehicle Tax Fund,84,Chicago Department of Transportation,2135,Division of Infrastructure Management,0313,CLEANING AND SANITATION SUPPLIES,3600.00,3600.00,3600.00
LOCAL,0300,Vehicle Tax Fund,84,Chicago Department of Transportation,2135,Division of Infrastructure Management,0319,CLOTHING,16000.00,16000.00,15220.00
LOCAL,0300,Vehicle Tax Fund,84,Chicago Department of Transportation,2135,Division of Infrastructure Management,0340,MATERIAL AND SUPPLIES,14500.00,14500.00,13930.00
LOCAL,0300,Vehicle Tax Fund,84,Chicago Department of Transportation,2135,Division of Infrastructure Management,0348,BOOKS AND RELATED MATERIAL,1050.00,1050.00,1050.00
LOCAL,0300,Vehicle Tax Fund,84,Chicago Department of Transportation,2135,Division of Infrastructure Management,0350,STATIONERY AND OFFICE SUPPLIES,11000.00,11000.00,8500.00
LOCAL,0300,Vehicle Tax Fund,84,Chicago Department of Transportation,2135,Division of Infrastructure Management,0446,PURCHASE - IT HARDWARE,51207.00,51207.00,46511.00
LOCAL,0300,Vehicle Tax Fund,84,Chicago Department of Transportation,2135,Division of Infrastructure Management,9438,REIMBURSEMENT - FFM,4000.00,4000.00,3760.00
LOCAL,0300,Vehicle Tax Fund,84,Chicago Department of Transportation,2155,Division of In-House Construction,0005,SALARIES AND WAGES - ON PAYROLL,49850391.00,49850391.00,50068221.00
LOCAL,0300,Vehicle Tax Fund,84,Chicago Department of Transportation,2155,Division of In-House Construction,0012,CONTRACT WAGE - PREVAILING RATE,708532.00,708532.00,775567.00
LOCAL,0300,Vehicle Tax Fund,84,Chicago Department of Transportation,2155,Division of In-House Construction,0015,SCHEDULE SALARY ADJUSTMENTS,14199.00,14199.00,15734.00
LOCAL,0300,Vehicle Tax Fund,84,Chicago Department of Transportation,2155,Division of In-House Construction,0020,OVERTIME,1330654.00,1330654.00,1330654.00
LOCAL,0300,Vehicle Tax Fund,84,Chicago Department of Transportation,2155,Division of In-House Construction,0091,UNIFORM ALLOWANCE,61000.00,61000.00,61000.00
LOCAL,0300,Vehicle Tax Fund,84,Chicago Department of Transportation,2155,Division of In-House Construction,0140,PROFESSIONAL AND TECHNICAL SERVICES,28000.00,28000.00,25200.00
LOCAL,0300,Vehicle Tax Fund,84,Chicago Department of Transportation,2155,Division of In-House Construction,0157,RENTAL EQUIPMENT AND SERVICES,248336.00,248336.00,233436.00
LOCAL,0300,Vehicle Tax Fund,84,Chicago Department of Transportation,2155,Division of In-House Construction,0159,LEASE/PURCHASE EQUIPMENT,12920.00,12920.00,12920.00
LOCAL,0300,Vehicle Tax Fund,84,Chicago Department of Transportation,2155,Division of In-House Construction,0160,REPAIR/MAINT PROPERTY,14000.00,14000.00,13160.00
LOCAL,0300,Vehicle Tax Fund,84,Chicago Department of Transportation,2155,Division of In-House Construction,0185,WASTE DISPOSAL SERVICES,103145.00,103145.00,96957.00
LOCAL,0300,Vehicle Tax Fund,84,Chicago Department of Transportation,2155,Division of In-House Construction,0229,TRANSPORTATION AND EXPENSE ALLOWANCE,10300.00,10300.00,10300.00
LOCAL,0300,Vehicle Tax Fund,84,Chicago Department of Transportation,2155,Division of In-House Construction,0319,CLOTHING,17000.00,17000.00,17000.00
LOCAL,0300,Vehicle Tax Fund,84,Chicago Department of Transportation,2155,Division of In-House Construction,0345,APPARATUS AND INSTRUMENTS,10000.00,10000.00,10000.00
LOCAL,0300,Vehicle Tax Fund,84,Chicago Department of Transportation,2155,Division of In-House Construction,0350,STATIONERY AND OFFICE SUPPLIES,9250.00,9250.00,9250.00
LOCAL,0300,Vehicle Tax Fund,84,Chicago Department of Transportation,2155,Division of In-House Construction,9481,REIMBURSEMENT - DSS,35000.00,35000.00,0.00
LOCAL,0310,Motor Fuel Tax Fund,84,Chicago Department of Transportation,2140,Division of Sign Management,0005,SALARIES AND WAGES - ON PAYROLL,4191283.00,4191283.00,4376229.00
LOCAL,0310,Motor Fuel Tax Fund,84,Chicago Department of Transportation,2140,Division of Sign Management,0012,CONTRACT WAGE - PREVAILING RATE,12493.00,12493.00,57761.00
LOCAL,0310,Motor Fuel Tax Fund,84,Chicago Department of Transportation,2140,Division of Sign Management,0015,SCHEDULE SALARY ADJUSTMENTS,14830.00,14830.00,27864.00
LOCAL,0310,Motor Fuel Tax Fund,84,Chicago Department of Transportation,2140,Division of Sign Management,0020,OVERTIME,42462.00,42462.00,42462.00
LOCAL,0310,Motor Fuel Tax Fund,84,Chicago Department of Transportation,2140,Division of Sign Management,0091,UNIFORM ALLOWANCE,1800.00,1800.00,1800.00
LOCAL,0310,Motor Fuel Tax Fund,84,Chicago Department of Transportation,2140,Division of Sign Management,0140,PROFESSIONAL AND TECHNICAL SERVICES,2924000.00,2924000.00,1810064.00
LOCAL,0310,Motor Fuel Tax Fund,84,Chicago Department of Transportation,2140,Division of Sign Management,0157,RENTAL EQUIPMENT AND SERVICES,13500.00,13500.00,12974.00
LOCAL,0310,Motor Fuel Tax Fund,84,Chicago Department of Transportation,2140,Division of Sign Management,0229,TRANSPORTATION AND EXPENSE ALLOWANCE,20500.00,20500.00,20500.00
LOCAL,0310,Motor Fuel Tax Fund,84,Chicago Department of Transportation,2140,Division of Sign Management,0319,CLOTHING,0.00,0.00,2883.00
LOCAL,0310,Motor Fuel Tax Fund,84,Chicago Department of Transportation,2140,Division of Sign Management,0340,MATERIAL AND SUPPLIES,3081258.00,3081258.00,2961089.00
LOCAL,0310,Motor Fuel Tax Fund,84,Chicago Department of Transportation,2145,Division of Project Development,0140,PROFESSIONAL AND TECHNICAL SERVICES,1500000.00,1500000.00,1196100.00
LOCAL,0310,Motor Fuel Tax Fund,84,Chicago Department of Transportation,2150,Division of Electrical Operations,0005,SALARIES AND WAGES - ON PAYROLL,26472146.00,26472146.00,26646641.00
LOCAL,0310,Motor Fuel Tax Fund,84,Chicago Department of Transportation,2150,Division of Electrical Operations,0012,CONTRACT WAGE - PREVAILING RATE,439546.00,439546.00,449325.00
LOCAL,0310,Motor Fuel Tax Fund,84,Chicago Department of Transportation,2150,Division of Electrical Operations,0015,SCHEDULE SALARY ADJUSTMENTS,9310.00,9310.00,0.00
LOCAL,0310,Motor Fuel Tax Fund,84,Chicago Department of Transportation,2150,Division of Electrical Operations,0020,OVERTIME,2408762.00,2408762.00,2408762.00
LOCAL,0310,Motor Fuel Tax Fund,84,Chicago Department of Transportation,2150,Division of Electrical Operations,0091,UNIFORM ALLOWANCE,6800.00,6800.00,6800.00
LOCAL,0310,Motor Fuel Tax Fund,84,Chicago Department of Transportation,2150,Division of Electrical Operations,0149,SOFTWARE MAINTENANCE AND LICENSING,500000.00,500000.00,485100.00
LOCAL,0310,Motor Fuel Tax Fund,84,Chicago Department of Transportation,2150,Division of Electrical Operations,0157,RENTAL EQUIPMENT AND SERVICES,2467821.00,2467821.00,2371576.00
LOCAL,0310,Motor Fuel Tax Fund,84,Chicago Department of Transportation,2150,Division of Electrical Operations,0229,TRANSPORTATION AND EXPENSE ALLOWANCE,500.00,500.00,500.00
LOCAL,0310,Motor Fuel Tax Fund,84,Chicago Department of Transportation,2150,Division of Electrical Operations,0340,MATERIAL AND SUPPLIES,4297248.00,4297248.00,4161704.00
LOCAL,0310,Motor Fuel Tax Fund,84,Chicago Department of Transportation,2155,Division of In-House Construction,0005,SALARIES AND WAGES - ON PAYROLL,35817614.00,35817614.00,34792529.00
LOCAL,0310,Motor Fuel Tax Fund,84,Chicago Department of Transportation,2155,Division of In-House Construction,0012,CONTRACT WAGE - PREVAILING RATE,460787.00,460787.00,568559.00
LOCAL,0310,Motor Fuel Tax Fund,84,Chicago Department of Transportation,2155,Division of In-House Construction,0015,SCHEDULE SALARY ADJUSTMENTS,2232.00,2232.00,9082.00
LOCAL,0310,Motor Fuel Tax Fund,84,Chicago Department of Transportation,2155,Division of In-House Construction,0020,OVERTIME,2567325.00,2567325.00,2567325.00
LOCAL,0310,Motor Fuel Tax Fund,84,Chicago Department of Transportation,2155,Division of In-House Construction,0091,UNIFORM ALLOWANCE,18400.00,18400.00,18400.00
LOCAL,0310,Motor Fuel Tax Fund,84,Chicago Department of Transportation,2155,Division of In-House Construction,0140,PROFESSIONAL AND TECHNICAL SERVICES,1136000.00,1136000.00,1091696.00
LOCAL,0310,Motor Fuel Tax Fund,84,Chicago Department of Transportation,2155,Division of In-House Construction,0157,RENTAL EQUIPMENT AND SERVICES,3459760.00,3459760.00,3324830.00
LOCAL,0310,Motor Fuel Tax Fund,84,Chicago Department of Transportation,2155,Division of In-House Construction,0160,REPAIR/MAINT PROPERTY,28000.00,28000.00,26908.00
LOCAL,0310,Motor Fuel Tax Fund,84,Chicago Department of Transportation,2155,Division of In-House Construction,0162,REPAIR/MAINT EQUIPMENT,29000.00,29000.00,27869.00
LOCAL,0310,Motor Fuel Tax Fund,84,Chicago Department of Transportation,2155,Division of In-House Construction,0229,TRANSPORTATION AND EXPENSE ALLOWANCE,500.00,500.00,500.00
LOCAL,0310,Motor Fuel Tax Fund,84,Chicago Department of Transportation,2155,Division of In-House Construction,0340,MATERIAL AND SUPPLIES,7176956.00,7176956.00,6902955.00
LOCAL,0310,Motor Fuel Tax Fund,84,Chicago Department of Transportation,2155,Division of In-House Construction,0365,ELECTRICAL SUPPLIES,22000.00,22000.00,21142.00
LOCAL,0310,Motor Fuel Tax Fund,84,Chicago Department of Transportation,2160,Citywide Services,0140,PROFESSIONAL AND TECHNICAL SERVICES,8207571.00,8207571.00,7887476.00
LOCAL,0B21,Tax Increment Financing Administration Fund,84,Chicago Department of Transportation,2115,Division of Administration,0005,SALARIES AND WAGES - ON PAYROLL,227142.00,227142.00,353571.00
LOCAL,0B21,Tax Increment Financing Administration Fund,84,Chicago Department of Transportation,2115,Division of Administration,0015,SCHEDULE SALARY ADJUSTMENTS,948.00,948.00,2584.00
LOCAL,0610,Chicago Midway Airport Fund,85,Chicago Department of Aviation,2010,Chicago Midway Airport,0005,SALARIES AND WAGES - ON PAYROLL,29806230.00,29806230.00,32523440.00
LOCAL,0610,Chicago Midway Airport Fund,85,Chicago Department of Aviation,2010,Chicago Midway Airport,0011,CONTRACT WAGE - SALARY,0.00,0.00,13706.00
LOCAL,0610,Chicago Midway Airport Fund,85,Chicago Department of Aviation,2010,Chicago Midway Airport,0012,CONTRACT WAGE - PREVAILING RATE,260475.00,260475.00,275434.00
LOCAL,0610,Chicago Midway Airport Fund,85,Chicago Department of Aviation,2010,Chicago Midway Airport,0015,SCHEDULE SALARY ADJUSTMENTS,161562.00,161562.00,227822.00
LOCAL,0610,Chicago Midway Airport Fund,85,Chicago Department of Aviation,2010,Chicago Midway Airport,0020,OVERTIME,1200000.00,1200000.00,1200000.00
LOCAL,0610,Chicago Midway Airport Fund,85,Chicago Department of Aviation,2010,Chicago Midway Airport,0039,STUDENT AS TRAINEES,49400.00,49400.00,49400.00
LOCAL,0610,Chicago Midway Airport Fund,85,Chicago Department of Aviation,2010,Chicago Midway Airport,0049,WORKERS' COMPENSATION,1134092.00,1134092.00,1134092.00
LOCAL,0610,Chicago Midway Airport Fund,85,Chicago Department of Aviation,2010,Chicago Midway Airport,0091,UNIFORM ALLOWANCE,101000.00,101000.00,101000.00
LOCAL,0610,Chicago Midway Airport Fund,85,Chicago Department of Aviation,2010,Chicago Midway Airport,0130,POSTAGE,200.00,200.00,200.00
LOCAL,0610,Chicago Midway Airport Fund,85,Chicago Department of Aviation,2010,Chicago Midway Airport,0138,IT MAINTENANCE,8820400.00,8820400.00,10176400.00
LOCAL,0610,Chicago Midway Airport Fund,85,Chicago Department of Aviation,2010,Chicago Midway Airport,0140,PROFESSIONAL AND TECHNICAL SERVICES,26534400.00,26534400.00,28524000.00
LOCAL,0610,Chicago Midway Airport Fund,85,Chicago Department of Aviation,2010,Chicago Midway Airport,0141,APPRAISALS,30000.00,30000.00,10000.00
LOCAL,0610,Chicago Midway Airport Fund,85,Chicago Department of Aviation,2010,Chicago Midway Airport,0142,ACCOUNTING AND AUDITING,309300.00,309300.00,322500.00
LOCAL,0610,Chicago Midway Airport Fund,85,Chicago Department of Aviation,2010,Chicago Midway Airport,0144,ENGINEERING AND ARCHITECTURE,40000.00,40000.00,40000.00
LOCAL,0610,Chicago Midway Airport Fund,85,Chicago Department of Aviation,2010,Chicago Midway Airport,0148,TESTING AND INSPECTING,6300.00,6300.00,10300.00
LOCAL,0610,Chicago Midway Airport Fund,85,Chicago Department of Aviation,2010,Chicago Midway Airport,0149,SOFTWARE MAINTENANCE AND LICENSING,318500.00,318500.00,386800.00
LOCAL,0610,Chicago Midway Airport Fund,85,Chicago Department of Aviation,2010,Chicago Midway Airport,0152,ADVERTISING,67000.00,67000.00,73800.00
LOCAL,0610,Chicago Midway Airport Fund,85,Chicago Department of Aviation,2010,Chicago Midway Airport,0157,RENTAL EQUIPMENT AND SERVICES,13757700.00,13757700.00,15338200.00
LOCAL,0610,Chicago Midway Airport Fund,85,Chicago Department of Aviation,2010,Chicago Midway Airport,0160,REPAIR/MAINT PROPERTY,1572400.00,1572400.00,1567500.00
LOCAL,0610,Chicago Midway Airport Fund,85,Chicago Department of Aviation,2010,Chicago Midway Airport,0161,MAINT FACILITIES,27998000.00,27998000.00,30739900.00
LOCAL,0610,Chicago Midway Airport Fund,85,Chicago Department of Aviation,2010,Chicago Midway Airport,0162,REPAIR/MAINT EQUIPMENT,24881100.00,24881100.00,29631400.00
LOCAL,0610,Chicago Midway Airport Fund,85,Chicago Department of Aviation,2010,Chicago Midway Airport,0163,MAINT STREETS,6090000.00,6090000.00,6090000.00
LOCAL,0610,Chicago Midway Airport Fund,85,Chicago Department of Aviation,2010,Chicago Midway Airport,0166,DUES  SUBSC & MEM,268700.00,268700.00,76200.00
LOCAL,0610,Chicago Midway Airport Fund,85,Chicago Department of Aviation,2010,Chicago Midway Airport,0168,EDUCATION DEVELOPMENT,332500.00,332500.00,364900.00
LOCAL,0610,Chicago Midway Airport Fund,85,Chicago Department of Aviation,2010,Chicago Midway Airport,0169,TECHNICAL MEETING COSTS,62700.00,62700.00,81000.00
LOCAL,0610,Chicago Midway Airport Fund,85,Chicago Department of Aviation,2010,Chicago Midway Airport,0181,MOBILE COMMUNICATION SERVICES,49500.00,49500.00,59500.00
LOCAL,0610,Chicago Midway Airport Fund,85,Chicago Department of Aviation,2010,Chicago Midway Airport,0183,WATER,1550000.00,1550000.00,1627500.00
LOCAL,0610,Chicago Midway Airport Fund,85,Chicago Department of Aviation,2010,Chicago Midway Airport,0185,WASTE DISPOSAL SERVICES,555000.00,555000.00,555000.00
LOCAL,0610,Chicago Midway Airport Fund,85,Chicago Department of Aviation,2010,Chicago Midway Airport,0189,TELEPHONE - NON-CENTREX BILLINGS,66100.00,66100.00,85600.00
LOCAL,0610,Chicago Midway Airport Fund,85,Chicago Department of Aviation,2010,Chicago Midway Airport,0190,TELEPHONE - CENTREX BILLINGS,386000.00,386000.00,424400.00
LOCAL,0610,Chicago Midway Airport Fund,85,Chicago Department of Aviation,2010,Chicago Midway Airport,0191,TELEPHONE - RELOCATIONS,5000.00,5000.00,5000.00
LOCAL,0610,Chicago Midway Airport Fund,85,Chicago Department of Aviation,2010,Chicago Midway Airport,0197,TELEPHONE - MAINTENANCE,8000.00,8000.00,9000.00
LOCAL,0610,Chicago Midway Airport Fund,85,Chicago Department of Aviation,2010,Chicago Midway Airport,0229,TRANSPORTATION AND EXPENSE ALLOWANCE,100.00,100.00,100.00
LOCAL,0610,Chicago Midway Airport Fund,85,Chicago Department of Aviation,2010,Chicago Midway Airport,0245,REIMBURSEMENT TO TRAVELERS,12200.00,12200.00,12200.00
LOCAL,0610,Chicago Midway Airport Fund,85,Chicago Department of Aviation,2010,Chicago Midway Airport,0270,LOCAL TRANSPORTATION,100.00,100.00,100.00
LOCAL,0610,Chicago Midway Airport Fund,85,Chicago Department of Aviation,2010,Chicago Midway Airport,0313,CLEANING AND SANITATION SUPPLIES,54000.00,54000.00,64000.00
LOCAL,0610,Chicago Midway Airport Fund,85,Chicago Department of Aviation,2010,Chicago Midway Airport,0319,CLOTHING,70000.00,70000.00,91500.00
LOCAL,0610,Chicago Midway Airport Fund,85,Chicago Department of Aviation,2010,Chicago Midway Airport,0340,MATERIAL AND SUPPLIES,3112300.00,3112300.00,3293900.00
LOCAL,0610,Chicago Midway Airport Fund,85,Chicago Department of Aviation,2010,Chicago Midway Airport,0345,APPARATUS AND INSTRUMENTS,2000.00,2000.00,0.00
LOCAL,0610,Chicago Midway Airport Fund,85,Chicago Department of Aviation,2010,Chicago Midway Airport,0350,STATIONERY AND OFFICE SUPPLIES,25000.00,25000.00,30000.00
LOCAL,0610,Chicago Midway Airport Fund,85,Chicago Department of Aviation,2010,Chicago Midway Airport,0360,REPAIR PARTS AND MATERIAL,93500.00,93500.00,93500.00
LOCAL,0610,Chicago Midway Airport Fund,85,Chicago Department of Aviation,2010,Chicago Midway Airport,0361,BUILDING MATERIALS AND SUPPLIES,4500.00,4500.00,4500.00
LOCAL,0610,Chicago Midway Airport Fund,85,Chicago Department of Aviation,2010,Chicago Midway Airport,0362,PAINTS AND PAINTING SUPPLIES,40000.00,40000.00,40000.00
LOCAL,0610,Chicago Midway Airport Fund,85,Chicago Department of Aviation,2010,Chicago Midway Airport,0364,PLUMBING SUPPLIES,2000.00,2000.00,2000.00
LOCAL,0610,Chicago Midway Airport Fund,85,Chicago Department of Aviation,2010,Chicago Midway Airport,0365,ELECTRICAL SUPPLIES,697000.00,697000.00,697000.00
LOCAL,0610,Chicago Midway Airport Fund,85,Chicago Department of Aviation,2010,Chicago Midway Airport,0402,TOOLS > $100 UNIT,15000.00,15000.00,15000.00
LOCAL,0610,Chicago Midway Airport Fund,85,Chicago Department of Aviation,2010,Chicago Midway Airport,0423,COMMUNICATION DEVICES,544900.00,544900.00,939600.00
LOCAL,0610,Chicago Midway Airport Fund,85,Chicago Department of Aviation,2010,Chicago Midway Airport,0424,FURNITURE AND FURNISHINGS,138800.00,138800.00,138800.00
LOCAL,0610,Chicago Midway Airport Fund,85,Chicago Department of Aviation,2010,Chicago Midway Airport,0440,MACHINERY AND EQUIPMENT,175300.00,175300.00,235500.00
LOCAL,0610,Chicago Midway Airport Fund,85,Chicago Department of Aviation,2010,Chicago Midway Airport,0446,PURCHASE - IT HARDWARE,851800.00,851800.00,2208800.00
LOCAL,0610,Chicago Midway Airport Fund,85,Chicago Department of Aviation,2010,Chicago Midway Airport,9438,REIMBURSEMENT - FFM,35000.00,35000.00,35000.00
LOCAL,0740,Chicago O'Hare Airport Fund,85,Chicago Department of Aviation,2015,Chicago-O'Hare International Airport,0005,SALARIES AND WAGES - ON PAYROLL,162696035.00,162696035.00,171609997.00
LOCAL,0740,Chicago O'Hare Airport Fund,85,Chicago Department of Aviation,2015,Chicago-O'Hare International Airport,0011,CONTRACT WAGE - SALARY,0.00,0.00,46455.00
LOCAL,0740,Chicago O'Hare Airport Fund,85,Chicago Department of Aviation,2015,Chicago-O'Hare International Airport,0012,CONTRACT WAGE - PREVAILING RATE,1289590.00,1289590.00,1456857.00
LOCAL,0740,Chicago O'Hare Airport Fund,85,Chicago Department of Aviation,2015,Chicago-O'Hare International Airport,0015,SCHEDULE SALARY ADJUSTMENTS,1016298.00,1016298.00,1198892.00
LOCAL,0740,Chicago O'Hare Airport Fund,85,Chicago Department of Aviation,2015,Chicago-O'Hare International Airport,0020,OVERTIME,12000000.00,12000000.00,12000000.00
LOCAL,0740,Chicago O'Hare Airport Fund,85,Chicago Department of Aviation,2015,Chicago-O'Hare International Airport,0039,STUDENT AS TRAINEES,247000.00,247000.00,247000.00
LOCAL,0740,Chicago O'Hare Airport Fund,85,Chicago Department of Aviation,2015,Chicago-O'Hare International Airport,0049,WORKERS' COMPENSATION,7821922.00,7821922.00,7821922.00
LOCAL,0740,Chicago O'Hare Airport Fund,85,Chicago Department of Aviation,2015,Chicago-O'Hare International Airport,0091,UNIFORM ALLOWANCE,436800.00,436800.00,436800.00
LOCAL,0740,Chicago O'Hare Airport Fund,85,Chicago Department of Aviation,2015,Chicago-O'Hare International Airport,0130,POSTAGE,15000.00,15000.00,12000.00
LOCAL,0740,Chicago O'Hare Airport Fund,85,Chicago Department of Aviation,2015,Chicago-O'Hare International Airport,0138,IT MAINTENANCE,27972600.00,27972600.00,30910600.00
LOCAL,0740,Chicago O'Hare Airport Fund,85,Chicago Department of Aviation,2015,Chicago-O'Hare International Airport,0140,PROFESSIONAL AND TECHNICAL SERVICES,132512400.00,132512400.00,160231100.00
LOCAL,0740,Chicago O'Hare Airport Fund,85,Chicago Department of Aviation,2015,Chicago-O'Hare International Airport,0141,APPRAISALS,50000.00,50000.00,20000.00
LOCAL,0740,Chicago O'Hare Airport Fund,85,Chicago Department of Aviation,2015,Chicago-O'Hare International Airport,0142,ACCOUNTING AND AUDITING,1090500.00,1090500.00,1134700.00
LOCAL,0740,Chicago O'Hare Airport Fund,85,Chicago Department of Aviation,2015,Chicago-O'Hare International Airport,0144,ENGINEERING AND ARCHITECTURE,770000.00,770000.00,770000.00
LOCAL,0740,Chicago O'Hare Airport Fund,85,Chicago Department of Aviation,2015,Chicago-O'Hare International Airport,0147,SURVEYS,15000.00,15000.00,15000.00
LOCAL,0740,Chicago O'Hare Airport Fund,85,Chicago Department of Aviation,2015,Chicago-O'Hare International Airport,0148,TESTING AND INSPECTING,29900.00,29900.00,44500.00
LOCAL,0740,Chicago O'Hare Airport Fund,85,Chicago Department of Aviation,2015,Chicago-O'Hare International Airport,0149,SOFTWARE MAINTENANCE AND LICENSING,1792400.00,1792400.00,2022700.00
LOCAL,0740,Chicago O'Hare Airport Fund,85,Chicago Department of Aviation,2015,Chicago-O'Hare International Airport,0152,ADVERTISING,417800.00,417800.00,440200.00
LOCAL,0740,Chicago O'Hare Airport Fund,85,Chicago Department of Aviation,2015,Chicago-O'Hare International Airport,0153,PROMOTIONS,0.00,0.00,12000.00
LOCAL,0740,Chicago O'Hare Airport Fund,85,Chicago Department of Aviation,2015,Chicago-O'Hare International Airport,0155,RENTAL OF PROPERTY,3346800.00,3346800.00,6136200.00
LOCAL,0740,Chicago O'Hare Airport Fund,85,Chicago Department of Aviation,2015,Chicago-O'Hare International Airport,0157,RENTAL EQUIPMENT AND SERVICES,89171200.00,89171200.00,102154600.00
LOCAL,0740,Chicago O'Hare Airport Fund,85,Chicago Department of Aviation,2015,Chicago-O'Hare International Airport,0160,REPAIR/MAINT PROPERTY,2330000.00,2330000.00,2250000.00
LOCAL,0740,Chicago O'Hare Airport Fund,85,Chicago Department of Aviation,2015,Chicago-O'Hare International Airport,0161,MAINT FACILITIES,51060800.00,51060800.00,62292900.00
LOCAL,0740,Chicago O'Hare Airport Fund,85,Chicago Department of Aviation,2015,Chicago-O'Hare International Airport,0162,REPAIR/MAINT EQUIPMENT,20959600.00,20959600.00,24637200.00
LOCAL,0740,Chicago O'Hare Airport Fund,85,Chicago Department of Aviation,2015,Chicago-O'Hare International Airport,0163,MAINT STREETS,13773600.00,13773600.00,13946100.00
LOCAL,0740,Chicago O'Hare Airport Fund,85,Chicago Department of Aviation,2015,Chicago-O'Hare International Airport,0166,DUES  SUBSC & MEM,691300.00,691300.00,799500.00
LOCAL,0740,Chicago O'Hare Airport Fund,85,Chicago Department of Aviation,2015,Chicago-O'Hare International Airport,0168,EDUCATION DEVELOPMENT,2561100.00,2561100.00,2944800.00
LOCAL,0740,Chicago O'Hare Airport Fund,85,Chicago Department of Aviation,2015,Chicago-O'Hare International Airport,0169,TECHNICAL MEETING COSTS,957000.00,957000.00,982900.00
LOCAL,0740,Chicago O'Hare Airport Fund,85,Chicago Department of Aviation,2015,Chicago-O'Hare International Airport,0178,FREIGHT AND EXPRESS CHARGES,20000.00,20000.00,20000.00
LOCAL,0740,Chicago O'Hare Airport Fund,85,Chicago Department of Aviation,2015,Chicago-O'Hare International Airport,0181,MOBILE COMMUNICATION SERVICES,270500.00,270500.00,318000.00
LOCAL,0740,Chicago O'Hare Airport Fund,85,Chicago Department of Aviation,2015,Chicago-O'Hare International Airport,0183,WATER,12000000.00,12000000.00,12000000.00
LOCAL,0740,Chicago O'Hare Airport Fund,85,Chicago Department of Aviation,2015,Chicago-O'Hare International Airport,0185,WASTE DISPOSAL SERVICES,2076800.00,2076800.00,2236300.00
LOCAL,0740,Chicago O'Hare Airport Fund,85,Chicago Department of Aviation,2015,Chicago-O'Hare International Airport,0189,TELEPHONE - NON-CENTREX BILLINGS,316500.00,316500.00,393600.00
LOCAL,0740,Chicago O'Hare Airport Fund,85,Chicago Department of Aviation,2015,Chicago-O'Hare International Airport,0190,TELEPHONE - CENTREX BILLINGS,603000.00,603000.00,663000.00
LOCAL,0740,Chicago O'Hare Airport Fund,85,Chicago Department of Aviation,2015,Chicago-O'Hare International Airport,0196,DATA CIRCUITS,360000.00,360000.00,360000.00
LOCAL,0740,Chicago O'Hare Airport Fund,85,Chicago Department of Aviation,2015,Chicago-O'Hare International Airport,0197,TELEPHONE - MAINTENANCE,20000.00,20000.00,20000.00
LOCAL,0740,Chicago O'Hare Airport Fund,85,Chicago Department of Aviation,2015,Chicago-O'Hare International Airport,0229,TRANSPORTATION AND EXPENSE ALLOWANCE,5500.00,5500.00,5500.00
LOCAL,0740,Chicago O'Hare Airport Fund,85,Chicago Department of Aviation,2015,Chicago-O'Hare International Airport,0245,REIMBURSEMENT TO TRAVELERS,171000.00,171000.00,215000.00
LOCAL,0740,Chicago O'Hare Airport Fund,85,Chicago Department of Aviation,2015,Chicago-O'Hare International Airport,0270,LOCAL TRANSPORTATION,6500.00,6500.00,6500.00
LOCAL,0740,Chicago O'Hare Airport Fund,85,Chicago Department of Aviation,2015,Chicago-O'Hare International Airport,0313,CLEANING AND SANITATION SUPPLIES,797500.00,797500.00,797500.00
LOCAL,0740,Chicago O'Hare Airport Fund,85,Chicago Department of Aviation,2015,Chicago-O'Hare International Airport,0314,FUEL OIL,100000.00,100000.00,100000.00
LOCAL,0740,Chicago O'Hare Airport Fund,85,Chicago Department of Aviation,2015,Chicago-O'Hare International Airport,0319,CLOTHING,696200.00,696200.00,728500.00
LOCAL,0740,Chicago O'Hare Airport Fund,85,Chicago Department of Aviation,2015,Chicago-O'Hare International Airport,0340,MATERIAL AND SUPPLIES,12743600.00,12743600.00,13468100.00
LOCAL,0740,Chicago O'Hare Airport Fund,85,Chicago Department of Aviation,2015,Chicago-O'Hare International Airport,0345,APPARATUS AND INSTRUMENTS,25000.00,25000.00,25000.00
LOCAL,0740,Chicago O'Hare Airport Fund,85,Chicago Department of Aviation,2015,Chicago-O'Hare International Airport,0348,BOOKS AND RELATED MATERIAL,23100.00,23100.00,3500.00
LOCAL,0740,Chicago O'Hare Airport Fund,85,Chicago Department of Aviation,2015,Chicago-O'Hare International Airport,0350,STATIONERY AND OFFICE SUPPLIES,200000.00,200000.00,200000.00
LOCAL,0740,Chicago O'Hare Airport Fund,85,Chicago Department of Aviation,2015,Chicago-O'Hare International Airport,0360,REPAIR PARTS AND MATERIAL,1584000.00,1584000.00,1614000.00
LOCAL,0740,Chicago O'Hare Airport Fund,85,Chicago Department of Aviation,2015,Chicago-O'Hare International Airport,0361,BUILDING MATERIALS AND SUPPLIES,687600.00,687600.00,840000.00
LOCAL,0740,Chicago O'Hare Airport Fund,85,Chicago Department of Aviation,2015,Chicago-O'Hare International Airport,0362,PAINTS AND PAINTING SUPPLIES,550000.00,550000.00,550000.00
LOCAL,0740,Chicago O'Hare Airport Fund,85,Chicago Department of Aviation,2015,Chicago-O'Hare International Airport,0364,PLUMBING SUPPLIES,250000.00,250000.00,250000.00
LOCAL,0740,Chicago O'Hare Airport Fund,85,Chicago Department of Aviation,2015,Chicago-O'Hare International Airport,0365,ELECTRICAL SUPPLIES,3840000.00,3840000.00,3840000.00
LOCAL,0740,Chicago O'Hare Airport Fund,85,Chicago Department of Aviation,2015,Chicago-O'Hare International Airport,0402,TOOLS > $100 UNIT,40000.00,40000.00,40000.00
LOCAL,0740,Chicago O'Hare Airport Fund,85,Chicago Department of Aviation,2015,Chicago-O'Hare International Airport,0423,COMMUNICATION DEVICES,1650700.00,1650700.00,3114700.00
LOCAL,0740,Chicago O'Hare Airport Fund,85,Chicago Department of Aviation,2015,Chicago-O'Hare International Airport,0424,FURNITURE AND FURNISHINGS,1010000.00,1010000.00,1050000.00
LOCAL,0740,Chicago O'Hare Airport Fund,85,Chicago Department of Aviation,2015,Chicago-O'Hare International Airport,0440,MACHINERY AND EQUIPMENT,4123000.00,4123000.00,3567000.00
LOCAL,0740,Chicago O'Hare Airport Fund,85,Chicago Department of Aviation,2015,Chicago-O'Hare International Airport,0446,PURCHASE - IT HARDWARE,2435500.00,2435500.00,7467000.00
LOCAL,0740,Chicago O'Hare Airport Fund,85,Chicago Department of Aviation,2015,Chicago-O'Hare International Airport,9438,REIMBURSEMENT - FFM,90000.00,90000.00,90000.00
LOCAL,0740,Chicago O'Hare Airport Fund,85,Chicago Department of Aviation,2015,Chicago-O'Hare International Airport,9441,REIMBURSEMENT - CDPH,90000.00,90000.00,90000.00
LOCAL,0740,Chicago O'Hare Airport Fund,85,Chicago Department of Aviation,2015,Chicago-O'Hare International Airport,9481,REIMBURSEMENT - DSS,1200000.00,1200000.00,1200000.00
LOCAL,0740,Chicago O'Hare Airport Fund,85,Chicago Department of Aviation,2015,Chicago-O'Hare International Airport,9484,REIMBURSEMENT - CDOT,800000.00,800000.00,800000.00
LOCAL,0200,Water Fund,88,Department of Water Management,2005,Commissioner's Office,0005,SALARIES AND WAGES - ON PAYROLL,5933437.00,5933437.00,6002368.00
LOCAL,0200,Water Fund,88,Department of Water Management,2005,Commissioner's Office,0012,CONTRACT WAGE - PREVAILING RATE,40839.00,40839.00,37402.00
LOCAL,0200,Water Fund,88,Department of Water Management,2005,Commissioner's Office,0015,SCHEDULE SALARY ADJUSTMENTS,57247.00,57247.00,65420.00
LOCAL,0200,Water Fund,88,Department of Water Management,2005,Commissioner's Office,0020,OVERTIME,113244.00,113244.00,113244.00
LOCAL,0200,Water Fund,88,Department of Water Management,2005,Commissioner's Office,0039,STUDENT AS TRAINEES,90000.00,90000.00,90000.00
LOCAL,0200,Water Fund,88,Department of Water Management,2005,Commissioner's Office,0126,OFFICE CONVENIENCES,0.00,0.00,15000.00
LOCAL,0200,Water Fund,88,Department of Water Management,2005,Commissioner's Office,0130,POSTAGE,210000.00,210000.00,113000.00
LOCAL,0200,Water Fund,88,Department of Water Management,2005,Commissioner's Office,0140,PROFESSIONAL AND TECHNICAL SERVICES,6351828.00,6351828.00,6351828.00
LOCAL,0200,Water Fund,88,Department of Water Management,2005,Commissioner's Office,0150,OUTSIDE GRAPHIC SERVICES,71900.00,71900.00,16000.00
LOCAL,0200,Water Fund,88,Department of Water Management,2005,Commissioner's Office,0152,ADVERTISING,0.00,0.00,152900.00
LOCAL,0200,Water Fund,88,Department of Water Management,2005,Commissioner's Office,0161,MAINT FACILITIES,52000.00,52000.00,52000.00
LOCAL,0200,Water Fund,88,Department of Water Management,2005,Commissioner's Office,0162,REPAIR/MAINT EQUIPMENT,466675.00,466675.00,515675.00
LOCAL,0200,Water Fund,88,Department of Water Management,2005,Commissioner's Office,0166,DUES  SUBSC & MEM,583000.00,583000.00,583800.00
LOCAL,0200,Water Fund,88,Department of Water Management,2005,Commissioner's Office,0169,TECHNICAL MEETING COSTS,167500.00,167500.00,172500.00
LOCAL,0200,Water Fund,88,Department of Water Management,2005,Commissioner's Office,0245,REIMBURSEMENT TO TRAVELERS,18400.00,18400.00,18400.00
LOCAL,0200,Water Fund,88,Department of Water Management,2005,Commissioner's Office,0340,MATERIAL AND SUPPLIES,314100.00,314100.00,889075.00
LOCAL,0200,Water Fund,88,Department of Water Management,2005,Commissioner's Office,0348,BOOKS AND RELATED MATERIAL,500.00,500.00,500.00
LOCAL,0200,Water Fund,88,Department of Water Management,2005,Commissioner's Office,0350,STATIONERY AND OFFICE SUPPLIES,14500.00,14500.00,14500.00
LOCAL,0200,Water Fund,88,Department of Water Management,2005,Commissioner's Office,0424,FURNITURE AND FURNISHINGS,7500.00,7500.00,7500.00
LOCAL,0200,Water Fund,88,Department of Water Management,2005,Commissioner's Office,0440,MACHINERY AND EQUIPMENT,99828.00,99828.00,139828.00
LOCAL,0200,Water Fund,88,Department of Water Management,2010,Bureau of Administrative Support,0005,SALARIES AND WAGES - ON PAYROLL,4000432.00,4000432.00,4353221.00
LOCAL,0200,Water Fund,88,Department of Water Management,2010,Bureau of Administrative Support,0015,SCHEDULE SALARY ADJUSTMENTS,88308.00,88308.00,55397.00
LOCAL,0200,Water Fund,88,Department of Water Management,2010,Bureau of Administrative Support,0020,OVERTIME,400000.00,400000.00,400000.00
LOCAL,0200,Water Fund,88,Department of Water Management,2010,Bureau of Administrative Support,0140,PROFESSIONAL AND TECHNICAL SERVICES,27950.00,27950.00,27950.00
LOCAL,0200,Water Fund,88,Department of Water Management,2010,Bureau of Administrative Support,0149,SOFTWARE MAINTENANCE AND LICENSING,80000.00,80000.00,80000.00
LOCAL,0200,Water Fund,88,Department of Water Management,2010,Bureau of Administrative Support,0154,RENTAL-DATA HARDWARE EQ,90000.00,90000.00,90000.00
LOCAL,0200,Water Fund,88,Department of Water Management,2010,Bureau of Administrative Support,0159,LEASE/PURCHASE EQUIPMENT,478860.00,478860.00,478860.00
LOCAL,0200,Water Fund,88,Department of Water Management,2010,Bureau of Administrative Support,0168,EDUCATION DEVELOPMENT,10500.00,10500.00,10500.00
LOCAL,0200,Water Fund,88,Department of Water Management,2010,Bureau of Administrative Support,0169,TECHNICAL MEETING COSTS,5000.00,5000.00,5000.00
LOCAL,0200,Water Fund,88,Department of Water Management,2010,Bureau of Administrative Support,0245,REIMBURSEMENT TO TRAVELERS,2500.00,2500.00,2500.00
LOCAL,0200,Water Fund,88,Department of Water Management,2010,Bureau of Administrative Support,0312,SOFTWARE PURCHASES,6426.00,6426.00,6426.00
LOCAL,0200,Water Fund,88,Department of Water Management,2010,Bureau of Administrative Support,0350,STATIONERY AND OFFICE SUPPLIES,31600.00,31600.00,31600.00
LOCAL,0200,Water Fund,88,Department of Water Management,2010,Bureau of Administrative Support,0446,PURCHASE - IT HARDWARE,96716.00,96716.00,124000.00
LOCAL,0200,Water Fund,88,Department of Water Management,2010,Bureau of Administrative Support,9438,REIMBURSEMENT - FFM,82500.00,82500.00,82500.00
LOCAL,0200,Water Fund,88,Department of Water Management,2015,Bureau of Engineering Services,0005,SALARIES AND WAGES - ON PAYROLL,7836689.00,7836689.00,4637762.00
LOCAL,0200,Water Fund,88,Department of Water Management,2015,Bureau of Engineering Services,0012,CONTRACT WAGE - PREVAILING RATE,58342.00,58342.00,13589.00
LOCAL,0200,Water Fund,88,Department of Water Management,2015,Bureau of Engineering Services,0015,SCHEDULE SALARY ADJUSTMENTS,19104.00,19104.00,61173.00
LOCAL,0200,Water Fund,88,Department of Water Management,2015,Bureau of Engineering Services,0020,OVERTIME,49842.00,49842.00,0.00
LOCAL,0200,Water Fund,88,Department of Water Management,2015,Bureau of Engineering Services,0140,PROFESSIONAL AND TECHNICAL SERVICES,2435000.00,2435000.00,3285000.00
LOCAL,0200,Water Fund,88,Department of Water Management,2015,Bureau of Engineering Services,0162,REPAIR/MAINT EQUIPMENT,2400.00,2400.00,2400.00
LOCAL,0200,Water Fund,88,Department of Water Management,2015,Bureau of Engineering Services,0166,DUES  SUBSC & MEM,0.00,0.00,20000.00
LOCAL,0200,Water Fund,88,Department of Water Management,2015,Bureau of Engineering Services,0169,TECHNICAL MEETING COSTS,17500.00,17500.00,14000.00
LOCAL,0200,Water Fund,88,Department of Water Management,2015,Bureau of Engineering Services,0229,TRANSPORTATION AND EXPENSE ALLOWANCE,5000.00,5000.00,0.00
LOCAL,0200,Water Fund,88,Department of Water Management,2015,Bureau of Engineering Services,0245,REIMBURSEMENT TO TRAVELERS,10500.00,10500.00,10500.00
LOCAL,0200,Water Fund,88,Department of Water Management,2015,Bureau of Engineering Services,0340,MATERIAL AND SUPPLIES,30000.00,30000.00,30000.00
LOCAL,0200,Water Fund,88,Department of Water Management,2015,Bureau of Engineering Services,0345,APPARATUS AND INSTRUMENTS,4000.00,4000.00,0.00
LOCAL,0200,Water Fund,88,Department of Water Management,2015,Bureau of Engineering Services,0348,BOOKS AND RELATED MATERIAL,1250.00,1250.00,750.00
LOCAL,0200,Water Fund,88,Department of Water Management,2015,Bureau of Engineering Services,0350,STATIONERY AND OFFICE SUPPLIES,16500.00,16500.00,16000.00
LOCAL,0200,Water Fund,88,Department of Water Management,2015,Bureau of Engineering Services,0424,FURNITURE AND FURNISHINGS,4500.00,4500.00,4500.00
LOCAL,0200,Water Fund,88,Department of Water Management,2015,Bureau of Engineering Services,0521,MAINTENANCE AND CONSTRUCTION,1000000.00,1000000.00,1000000.00
LOCAL,0200,Water Fund,88,Department of Water Management,2020,Bureau of Water Supply,0005,SALARIES AND WAGES - ON PAYROLL,60821308.00,60821308.00,43189416.00
LOCAL,0200,Water Fund,88,Department of Water Management,2020,Bureau of Water Supply,0012,CONTRACT WAGE - PREVAILING RATE,632587.00,632587.00,505627.00
LOCAL,0200,Water Fund,88,Department of Water Management,2020,Bureau of Water Supply,0015,SCHEDULE SALARY ADJUSTMENTS,122649.00,122649.00,104017.00
LOCAL,0200,Water Fund,88,Department of Water Management,2020,Bureau of Water Supply,0020,OVERTIME,10238491.00,10238491.00,6157742.00
LOCAL,0200,Water Fund,88,Department of Water Management,2020,Bureau of Water Supply,0125,OFFICE AND BUILDING SERVICES,345000.00,345000.00,415000.00
LOCAL,0200,Water Fund,88,Department of Water Management,2020,Bureau of Water Supply,0140,PROFESSIONAL AND TECHNICAL SERVICES,115000.00,115000.00,0.00
LOCAL,0200,Water Fund,88,Department of Water Management,2020,Bureau of Water Supply,0148,TESTING AND INSPECTING,1590000.00,1590000.00,1580000.00
LOCAL,0200,Water Fund,88,Department of Water Management,2020,Bureau of Water Supply,0157,RENTAL EQUIPMENT AND SERVICES,142000.00,142000.00,88000.00
LOCAL,0200,Water Fund,88,Department of Water Management,2020,Bureau of Water Supply,0159,LEASE/PURCHASE EQUIPMENT,187550.00,187550.00,187550.00
LOCAL,0200,Water Fund,88,Department of Water Management,2020,Bureau of Water Supply,0160,REPAIR/MAINT PROPERTY,1256800.00,1256800.00,765000.00
LOCAL,0200,Water Fund,88,Department of Water Management,2020,Bureau of Water Supply,0162,REPAIR/MAINT EQUIPMENT,6721875.00,6721875.00,3272000.00
LOCAL,0200,Water Fund,88,Department of Water Management,2020,Bureau of Water Supply,0169,TECHNICAL MEETING COSTS,246300.00,246300.00,193000.00
LOCAL,0200,Water Fund,88,Department of Water Management,2020,Bureau of Water Supply,0245,REIMBURSEMENT TO TRAVELERS,5200.00,5200.00,5200.00
LOCAL,0200,Water Fund,88,Department of Water Management,2020,Bureau of Water Supply,0314,FUEL OIL,754400.00,754400.00,158400.00
LOCAL,0200,Water Fund,88,Department of Water Management,2020,Bureau of Water Supply,0340,MATERIAL AND SUPPLIES,3437250.00,3437250.00,2798500.00
LOCAL,0200,Water Fund,88,Department of Water Management,2020,Bureau of Water Supply,0342,DRUGS  MEDICINE AND CHEMICAL MATERIALS,23918041.00,23918041.00,23918041.00
LOCAL,0200,Water Fund,88,Department of Water Management,2020,Bureau of Water Supply,0345,APPARATUS AND INSTRUMENTS,311000.00,311000.00,271000.00
LOCAL,0200,Water Fund,88,Department of Water Management,2020,Bureau of Water Supply,0348,BOOKS AND RELATED MATERIAL,1000.00,1000.00,1000.00
LOCAL,0200,Water Fund,88,Department of Water Management,2020,Bureau of Water Supply,0350,STATIONERY AND OFFICE SUPPLIES,69000.00,69000.00,56000.00
LOCAL,0200,Water Fund,88,Department of Water Management,2020,Bureau of Water Supply,0360,REPAIR PARTS AND MATERIAL,1463187.00,1463187.00,836500.00
LOCAL,0200,Water Fund,88,Department of Water Management,2020,Bureau of Water Supply,0401,TOOL <= $100 UNIT,11000.00,11000.00,6000.00
LOCAL,0200,Water Fund,88,Department of Water Management,2020,Bureau of Water Supply,0402,TOOLS > $100 UNIT,17500.00,17500.00,12500.00
LOCAL,0200,Water Fund,88,Department of Water Management,2020,Bureau of Water Supply,0410,EQUIPMENT FOR BUILDINGS,175000.00,175000.00,175000.00
LOCAL,0200,Water Fund,88,Department of Water Management,2020,Bureau of Water Supply,0424,FURNITURE AND FURNISHINGS,13500.00,13500.00,10500.00
LOCAL,0200,Water Fund,88,Department of Water Management,2020,Bureau of Water Supply,0440,MACHINERY AND EQUIPMENT,1234803.00,1234803.00,1057003.00
LOCAL,0200,Water Fund,88,Department of Water Management,2020,Bureau of Water Supply,0445,TECHNICAL AND SCIENTIFIC EQUIPMENT,560000.00,560000.00,560000.00
LOCAL,0200,Water Fund,88,Department of Water Management,2020,Bureau of Water Supply,0446,PURCHASE - IT HARDWARE,143880.00,143880.00,143880.00
LOCAL,0200,Water Fund,88,Department of Water Management,2020,Bureau of Water Supply,0450,VEHICLES,240000.00,240000.00,240000.00
LOCAL,0200,Water Fund,88,Department of Water Management,2025,Bureau of Operations and Distribution,0005,SALARIES AND WAGES - ON PAYROLL,90453568.00,90453568.00,96447568.00
LOCAL,0200,Water Fund,88,Department of Water Management,2025,Bureau of Operations and Distribution,0012,CONTRACT WAGE - PREVAILING RATE,1408384.00,1408384.00,1428756.00
LOCAL,0200,Water Fund,88,Department of Water Management,2025,Bureau of Operations and Distribution,0015,SCHEDULE SALARY ADJUSTMENTS,75167.00,75167.00,89493.00
LOCAL,0200,Water Fund,88,Department of Water Management,2025,Bureau of Operations and Distribution,0020,OVERTIME,9946396.00,9946396.00,10022927.00
LOCAL,0200,Water Fund,88,Department of Water Management,2025,Bureau of Operations and Distribution,0091,UNIFORM ALLOWANCE,0.00,0.00,50000.00
LOCAL,0200,Water Fund,88,Department of Water Management,2025,Bureau of Operations and Distribution,0140,PROFESSIONAL AND TECHNICAL SERVICES,3341543.00,3341543.00,5846720.00
LOCAL,0200,Water Fund,88,Department of Water Management,2025,Bureau of Operations and Distribution,0157,RENTAL EQUIPMENT AND SERVICES,2954152.00,2954152.00,2954152.00
LOCAL,0200,Water Fund,88,Department of Water Management,2025,Bureau of Operations and Distribution,0160,REPAIR/MAINT PROPERTY,323800.00,323800.00,323800.00
LOCAL,0200,Water Fund,88,Department of Water Management,2025,Bureau of Operations and Distribution,0162,REPAIR/MAINT EQUIPMENT,100000.00,100000.00,100000.00
LOCAL,0200,Water Fund,88,Department of Water Management,2025,Bureau of Operations and Distribution,0169,TECHNICAL MEETING COSTS,1500.00,1500.00,5000.00
LOCAL,0200,Water Fund,88,Department of Water Management,2025,Bureau of Operations and Distribution,0185,WASTE DISPOSAL SERVICES,2967710.00,2967710.00,3858022.00
LOCAL,0200,Water Fund,88,Department of Water Management,2025,Bureau of Operations and Distribution,0229,TRANSPORTATION AND EXPENSE ALLOWANCE,0.00,0.00,5000.00
LOCAL,0200,Water Fund,88,Department of Water Management,2025,Bureau of Operations and Distribution,0316,GAS - BOTTLED AND PROPANE,161400.00,161400.00,161400.00
LOCAL,0200,Water Fund,88,Department of Water Management,2025,Bureau of Operations and Distribution,0340,MATERIAL AND SUPPLIES,1056380.00,1056380.00,1056380.00
LOCAL,0200,Water Fund,88,Department of Water Management,2025,Bureau of Operations and Distribution,0345,APPARATUS AND INSTRUMENTS,0.00,0.00,4000.00
LOCAL,0200,Water Fund,88,Department of Water Management,2025,Bureau of Operations and Distribution,0348,BOOKS AND RELATED MATERIAL,0.00,0.00,1000.00
LOCAL,0200,Water Fund,88,Department of Water Management,2025,Bureau of Operations and Distribution,0350,STATIONERY AND OFFICE SUPPLIES,56930.00,56930.00,56930.00
LOCAL,0200,Water Fund,88,Department of Water Management,2025,Bureau of Operations and Distribution,0360,REPAIR PARTS AND MATERIAL,7620027.00,7620027.00,9122672.00
LOCAL,0200,Water Fund,88,Department of Water Management,2025,Bureau of Operations and Distribution,0401,TOOL <= $100 UNIT,3000.00,3000.00,3000.00
LOCAL,0200,Water Fund,88,Department of Water Management,2025,Bureau of Operations and Distribution,0423,COMMUNICATION DEVICES,1000.00,1000.00,1000.00
LOCAL,0200,Water Fund,88,Department of Water Management,2025,Bureau of Operations and Distribution,0424,FURNITURE AND FURNISHINGS,3000.00,3000.00,3000.00
LOCAL,0200,Water Fund,88,Department of Water Management,2025,Bureau of Operations and Distribution,0440,MACHINERY AND EQUIPMENT,549391.00,549391.00,549391.00
LOCAL,0200,Water Fund,88,Department of Water Management,2025,Bureau of Operations and Distribution,0446,PURCHASE - IT HARDWARE,100000.00,100000.00,100000.00
LOCAL,0200,Water Fund,88,Department of Water Management,2025,Bureau of Operations and Distribution,0521,MAINTENANCE AND CONSTRUCTION,2946315.00,2946315.00,2946315.00
LOCAL,0200,Water Fund,88,Department of Water Management,2025,Bureau of Operations and Distribution,9481,REIMBURSEMENT - DSS,1346319.00,1346319.00,1346319.00
LOCAL,0200,Water Fund,88,Department of Water Management,2035,Bureau of Meter Services,0005,SALARIES AND WAGES - ON PAYROLL,11055347.00,11055347.00,11319402.00
LOCAL,0200,Water Fund,88,Department of Water Management,2035,Bureau of Meter Services,0012,CONTRACT WAGE - PREVAILING RATE,130184.00,130184.00,126122.00
LOCAL,0200,Water Fund,88,Department of Water Management,2035,Bureau of Meter Services,0015,SCHEDULE SALARY ADJUSTMENTS,34243.00,34243.00,33761.00
LOCAL,0200,Water Fund,88,Department of Water Management,2035,Bureau of Meter Services,0020,OVERTIME,320000.00,320000.00,320000.00
LOCAL,0200,Water Fund,88,Department of Water Management,2035,Bureau of Meter Services,0138,IT MAINTENANCE,155000.00,155000.00,272000.00
LOCAL,0200,Water Fund,88,Department of Water Management,2035,Bureau of Meter Services,0140,PROFESSIONAL AND TECHNICAL SERVICES,500.00,500.00,500.00
LOCAL,0200,Water Fund,88,Department of Water Management,2035,Bureau of Meter Services,0148,TESTING AND INSPECTING,70000.00,70000.00,194000.00
LOCAL,0200,Water Fund,88,Department of Water Management,2035,Bureau of Meter Services,0229,TRANSPORTATION AND EXPENSE ALLOWANCE,7500.00,7500.00,7500.00
LOCAL,0200,Water Fund,88,Department of Water Management,2035,Bureau of Meter Services,0340,MATERIAL AND SUPPLIES,36500.00,36500.00,36500.00
LOCAL,0200,Water Fund,88,Department of Water Management,2035,Bureau of Meter Services,0350,STATIONERY AND OFFICE SUPPLIES,6000.00,6000.00,6000.00
LOCAL,0200,Water Fund,88,Department of Water Management,2035,Bureau of Meter Services,0360,REPAIR PARTS AND MATERIAL,376750.00,376750.00,376750.00
LOCAL,0200,Water Fund,88,Department of Water Management,2035,Bureau of Meter Services,0424,FURNITURE AND FURNISHINGS,5000.00,5000.00,5000.00
LOCAL,0200,Water Fund,88,Department of Water Management,2035,Bureau of Meter Services,0450,VEHICLES,75500.00,75500.00,75500.00
LOCAL,0200,Water Fund,88,Department of Water Management,2040,Pumping Stations,0005,SALARIES AND WAGES - ON PAYROLL,0.00,0.00,19106454.00
LOCAL,0200,Water Fund,88,Department of Water Management,2040,Pumping Stations,0012,CONTRACT WAGE - PREVAILING RATE,0.00,0.00,282200.00
LOCAL,0200,Water Fund,88,Department of Water Management,2040,Pumping Stations,0015,SCHEDULE SALARY ADJUSTMENTS,0.00,0.00,15417.00
LOCAL,0200,Water Fund,88,Department of Water Management,2040,Pumping Stations,0020,OVERTIME,0.00,0.00,4080749.00
LOCAL,0200,Water Fund,88,Department of Water Management,2040,Pumping Stations,0125,OFFICE AND BUILDING SERVICES,0.00,0.00,30000.00
LOCAL,0200,Water Fund,88,Department of Water Management,2040,Pumping Stations,0140,PROFESSIONAL AND TECHNICAL SERVICES,0.00,0.00,115000.00
LOCAL,0200,Water Fund,88,Department of Water Management,2040,Pumping Stations,0148,TESTING AND INSPECTING,0.00,0.00,10000.00
LOCAL,0200,Water Fund,88,Department of Water Management,2040,Pumping Stations,0157,RENTAL EQUIPMENT AND SERVICES,0.00,0.00,54000.00
LOCAL,0200,Water Fund,88,Department of Water Management,2040,Pumping Stations,0160,REPAIR/MAINT PROPERTY,0.00,0.00,581800.00
LOCAL,0200,Water Fund,88,Department of Water Management,2040,Pumping Stations,0162,REPAIR/MAINT EQUIPMENT,0.00,0.00,5101875.00
LOCAL,0200,Water Fund,88,Department of Water Management,2040,Pumping Stations,0169,TECHNICAL MEETING COSTS,0.00,0.00,53300.00
LOCAL,0200,Water Fund,88,Department of Water Management,2040,Pumping Stations,0314,FUEL OIL,0.00,0.00,784000.00
LOCAL,0200,Water Fund,88,Department of Water Management,2040,Pumping Stations,0340,MATERIAL AND SUPPLIES,0.00,0.00,988750.00
LOCAL,0200,Water Fund,88,Department of Water Management,2040,Pumping Stations,0345,APPARATUS AND INSTRUMENTS,0.00,0.00,40000.00
LOCAL,0200,Water Fund,88,Department of Water Management,2040,Pumping Stations,0350,STATIONERY AND OFFICE SUPPLIES,0.00,0.00,13000.00
LOCAL,0200,Water Fund,88,Department of Water Management,2040,Pumping Stations,0360,REPAIR PARTS AND MATERIAL,0.00,0.00,626687.00
LOCAL,0200,Water Fund,88,Department of Water Management,2040,Pumping Stations,0401,TOOL <= $100 UNIT,0.00,0.00,5000.00
LOCAL,0200,Water Fund,88,Department of Water Management,2040,Pumping Stations,0402,TOOLS > $100 UNIT,0.00,0.00,5000.00
LOCAL,0200,Water Fund,88,Department of Water Management,2040,Pumping Stations,0424,FURNITURE AND FURNISHINGS,0.00,0.00,3000.00
LOCAL,0200,Water Fund,88,Department of Water Management,2040,Pumping Stations,0440,MACHINERY AND EQUIPMENT,0.00,0.00,177800.00
LOCAL,0314,Sewer Fund,88,Department of Water Management,2015,Bureau of Engineering Services,0005,SALARIES AND WAGES - ON PAYROLL,2661077.00,2661077.00,2953304.00
LOCAL,0314,Sewer Fund,88,Department of Water Management,2015,Bureau of Engineering Services,0015,SCHEDULE SALARY ADJUSTMENTS,27258.00,27258.00,44386.00
LOCAL,0314,Sewer Fund,88,Department of Water Management,2015,Bureau of Engineering Services,0020,OVERTIME,30000.00,30000.00,30000.00
LOCAL,0314,Sewer Fund,88,Department of Water Management,2015,Bureau of Engineering Services,0140,PROFESSIONAL AND TECHNICAL SERVICES,719000.00,719000.00,3719000.00
LOCAL,0314,Sewer Fund,88,Department of Water Management,2015,Bureau of Engineering Services,0149,SOFTWARE MAINTENANCE AND LICENSING,39493.00,39493.00,39493.00
LOCAL,0314,Sewer Fund,88,Department of Water Management,2015,Bureau of Engineering Services,0150,OUTSIDE GRAPHIC SERVICES,500.00,500.00,500.00
LOCAL,0314,Sewer Fund,88,Department of Water Management,2015,Bureau of Engineering Services,0162,REPAIR/MAINT EQUIPMENT,20500.00,20500.00,20500.00
LOCAL,0314,Sewer Fund,88,Department of Water Management,2015,Bureau of Engineering Services,0166,DUES  SUBSC & MEM,25000.00,25000.00,25000.00
LOCAL,0314,Sewer Fund,88,Department of Water Management,2015,Bureau of Engineering Services,0169,TECHNICAL MEETING COSTS,21930.00,21930.00,21930.00
LOCAL,0314,Sewer Fund,88,Department of Water Management,2015,Bureau of Engineering Services,0245,REIMBURSEMENT TO TRAVELERS,8000.00,8000.00,8000.00
LOCAL,0314,Sewer Fund,88,Department of Water Management,2015,Bureau of Engineering Services,0348,BOOKS AND RELATED MATERIAL,1500.00,1500.00,1500.00
LOCAL,0314,Sewer Fund,88,Department of Water Management,2015,Bureau of Engineering Services,0350,STATIONERY AND OFFICE SUPPLIES,6000.00,6000.00,6000.00
LOCAL,0314,Sewer Fund,88,Department of Water Management,2015,Bureau of Engineering Services,0424,FURNITURE AND FURNISHINGS,3000.00,3000.00,3000.00
LOCAL,0314,Sewer Fund,88,Department of Water Management,2015,Bureau of Engineering Services,0446,PURCHASE - IT HARDWARE,17500.00,17500.00,17500.00
LOCAL,0314,Sewer Fund,88,Department of Water Management,2015,Bureau of Engineering Services,0521,MAINTENANCE AND CONSTRUCTION,3000000.00,3000000.00,1500000.00
LOCAL,0314,Sewer Fund,88,Department of Water Management,2025,Bureau of Operations and Distribution,0005,SALARIES AND WAGES - ON PAYROLL,50162719.00,50162719.00,58090031.00
LOCAL,0314,Sewer Fund,88,Department of Water Management,2025,Bureau of Operations and Distribution,0012,CONTRACT WAGE - PREVAILING RATE,732371.00,732371.00,860295.00
LOCAL,0314,Sewer Fund,88,Department of Water Management,2025,Bureau of Operations and Distribution,0015,SCHEDULE SALARY ADJUSTMENTS,24376.00,24376.00,48818.00
LOCAL,0314,Sewer Fund,88,Department of Water Management,2025,Bureau of Operations and Distribution,0020,OVERTIME,5556001.00,5556001.00,5556001.00
LOCAL,0314,Sewer Fund,88,Department of Water Management,2025,Bureau of Operations and Distribution,0091,UNIFORM ALLOWANCE,0.00,0.00,50000.00
LOCAL,0314,Sewer Fund,88,Department of Water Management,2025,Bureau of Operations and Distribution,0140,PROFESSIONAL AND TECHNICAL SERVICES,5262432.00,5262432.00,4262432.00
LOCAL,0314,Sewer Fund,88,Department of Water Management,2025,Bureau of Operations and Distribution,0154,RENTAL-DATA HARDWARE EQ,6924.00,6924.00,6924.00
LOCAL,0314,Sewer Fund,88,Department of Water Management,2025,Bureau of Operations and Distribution,0157,RENTAL EQUIPMENT AND SERVICES,1420305.00,1420305.00,1420305.00
LOCAL,0314,Sewer Fund,88,Department of Water Management,2025,Bureau of Operations and Distribution,0160,REPAIR/MAINT PROPERTY,0.00,0.00,26500.00
LOCAL,0314,Sewer Fund,88,Department of Water Management,2025,Bureau of Operations and Distribution,0185,WASTE DISPOSAL SERVICES,2842918.00,2842918.00,3695793.00
LOCAL,0314,Sewer Fund,88,Department of Water Management,2025,Bureau of Operations and Distribution,0229,TRANSPORTATION AND EXPENSE ALLOWANCE,79390.00,79390.00,79390.00
LOCAL,0314,Sewer Fund,88,Department of Water Management,2025,Bureau of Operations and Distribution,0340,MATERIAL AND SUPPLIES,5326102.00,5326102.00,6899527.00
LOCAL,0314,Sewer Fund,88,Department of Water Management,2025,Bureau of Operations and Distribution,0345,APPARATUS AND INSTRUMENTS,1500.00,1500.00,1500.00
LOCAL,0314,Sewer Fund,88,Department of Water Management,2025,Bureau of Operations and Distribution,0401,TOOL <= $100 UNIT,25000.00,25000.00,25000.00
LOCAL,0314,Sewer Fund,88,Department of Water Management,2025,Bureau of Operations and Distribution,0402,TOOLS > $100 UNIT,99673.00,99673.00,99673.00
LOCAL,0314,Sewer Fund,88,Department of Water Management,2025,Bureau of Operations and Distribution,0440,MACHINERY AND EQUIPMENT,245923.00,245923.00,245923.00
LOCAL,0314,Sewer Fund,88,Department of Water Management,2025,Bureau of Operations and Distribution,9438,REIMBURSEMENT - FFM,4750000.00,4750000.00,4750000.00
LOCAL,0314,Sewer Fund,88,Department of Water Management,2025,Bureau of Operations and Distribution,9481,REIMBURSEMENT - DSS,7767702.00,7767702.00,7767702.00
LOCAL,0346,Library Fund,91,Chicago Public Library,2005,Chicago Public Library,0005,SALARIES AND WAGES - ON PAYROLL,71892954.00,71892954.00,71306813.00
LOCAL,0346,Library Fund,91,Chicago Public Library,2005,Chicago Public Library,0012,CONTRACT WAGE - PREVAILING RATE,18416.00,18416.00,16731.00
LOCAL,0346,Library Fund,91,Chicago Public Library,2005,Chicago Public Library,0015,SCHEDULE SALARY ADJUSTMENTS,550845.00,550845.00,700193.00
LOCAL,0346,Library Fund,91,Chicago Public Library,2005,Chicago Public Library,0020,OVERTIME,400000.00,400000.00,400000.00
LOCAL,0346,Library Fund,91,Chicago Public Library,2005,Chicago Public Library,0091,UNIFORM ALLOWANCE,5500.00,5500.00,5500.00
LOCAL,0346,Library Fund,91,Chicago Public Library,2005,Chicago Public Library,0123,SERVICES BY PERFORMERS / EXHIBITORS,99582.00,99582.00,99582.00
LOCAL,0346,Library Fund,91,Chicago Public Library,2005,Chicago Public Library,0130,POSTAGE,22000.00,22000.00,22000.00
LOCAL,0346,Library Fund,91,Chicago Public Library,2005,Chicago Public Library,0140,PROFESSIONAL AND TECHNICAL SERVICES,704581.00,704581.00,704581.00
LOCAL,0346,Library Fund,91,Chicago Public Library,2005,Chicago Public Library,0149,SOFTWARE MAINTENANCE AND LICENSING,1897079.00,1897079.00,1797079.00
LOCAL,0346,Library Fund,91,Chicago Public Library,2005,Chicago Public Library,0153,PROMOTIONS,67500.00,67500.00,67500.00
LOCAL,0346,Library Fund,91,Chicago Public Library,2005,Chicago Public Library,0157,RENTAL EQUIPMENT AND SERVICES,222233.00,222233.00,222233.00
LOCAL,0346,Library Fund,91,Chicago Public Library,2005,Chicago Public Library,0162,REPAIR/MAINT EQUIPMENT,645427.00,645427.00,645427.00
LOCAL,0346,Library Fund,91,Chicago Public Library,2005,Chicago Public Library,0164,BOOKBINDING,56107.00,56107.00,41107.00
LOCAL,0346,Library Fund,91,Chicago Public Library,2005,Chicago Public Library,0165,GRAPHIC DESIGN SERV,13813.00,13813.00,13813.00
LOCAL,0346,Library Fund,91,Chicago Public Library,2005,Chicago Public Library,0166,DUES  SUBSC & MEM,209377.00,209377.00,209377.00
LOCAL,0346,Library Fund,91,Chicago Public Library,2005,Chicago Public Library,0168,EDUCATION DEVELOPMENT,10000.00,10000.00,10000.00
LOCAL,0346,Library Fund,91,Chicago Public Library,2005,Chicago Public Library,0169,TECHNICAL MEETING COSTS,28000.00,28000.00,28000.00
LOCAL,0346,Library Fund,91,Chicago Public Library,2005,Chicago Public Library,0172,INSURANCE PREMIUMS,24000.00,24000.00,24000.00
LOCAL,0346,Library Fund,91,Chicago Public Library,2005,Chicago Public Library,0178,FREIGHT AND EXPRESS CHARGES,4001.00,4001.00,2001.00
LOCAL,0346,Library Fund,91,Chicago Public Library,2005,Chicago Public Library,0196,DATA CIRCUITS,1110885.00,1110885.00,1110885.00
LOCAL,0346,Library Fund,91,Chicago Public Library,2005,Chicago Public Library,0245,REIMBURSEMENT TO TRAVELERS,21250.00,21250.00,21250.00
LOCAL,0346,Library Fund,91,Chicago Public Library,2005,Chicago Public Library,0340,MATERIAL AND SUPPLIES,112988.00,112988.00,112988.00
LOCAL,0346,Library Fund,91,Chicago Public Library,2005,Chicago Public Library,0350,STATIONERY AND OFFICE SUPPLIES,560291.00,560291.00,560291.00
LOCAL,0346,Library Fund,91,Chicago Public Library,2005,Chicago Public Library,0361,BUILDING MATERIALS AND SUPPLIES,1312.00,1312.00,1312.00
LOCAL,0346,Library Fund,91,Chicago Public Library,2005,Chicago Public Library,0365,ELECTRICAL SUPPLIES,1220.00,1220.00,1220.00
LOCAL,0346,Library Fund,91,Chicago Public Library,2005,Chicago Public Library,0410,EQUIPMENT FOR BUILDINGS,96000.00,96000.00,96000.00
LOCAL,0346,Library Fund,91,Chicago Public Library,2005,Chicago Public Library,0420,FURNITURE AND FIXTURES,375000.00,375000.00,375000.00
LOCAL,0346,Library Fund,91,Chicago Public Library,2005,Chicago Public Library,0446,PURCHASE - IT HARDWARE,209972.00,209972.00,209972.00
LOCAL,0346,Library Fund,91,Chicago Public Library,2005,Chicago Public Library,9199,CPL LIBRARY BOOKS AND MATERIALS,10500000.00,10500000.00,10000000.00
LOCAL,0346,Library Fund,91,Chicago Public Library,2005,Chicago Public Library,9438,REIMBURSEMENT - FFM,20000.00,20000.00,20000.00
LOCAL,0100,Corporate Fund,99,Finance General,2005,Finance General,0003,SCHEDULED WAGE ADJUSTMENTS,105446222.00,105446222.00,162800000.00
LOCAL,0100,Corporate Fund,99,Finance General,2005,Finance General,0029,HMO PREMIUMS,82617311.00,82617311.00,85283104.00
LOCAL,0100,Corporate Fund,99,Finance General,2005,Finance General,0042,For the Costs of Claims and Administration for Hospital and Medical Care Provided to Eligible Employees  Provided However  That All Payments to the In...,298861658.00,298861658.00,323099952.00
LOCAL,0100,Corporate Fund,99,Finance General,2005,Finance General,0043,For the Health Maintenance Organization Premiums or Cost of Claims and Administration for Hospital and Medical Care Provided to Police and Fire Depart...,1177416.00,1177416.00,1177416.00
LOCAL,0100,Corporate Fund,99,Finance General,2005,Finance General,0045,PREM TERM LIFE INSURANCE,2920489.00,2920489.00,3057023.00
LOCAL,0100,Corporate Fund,99,Finance General,2005,Finance General,0049,WORKERS' COMPENSATION,42304500.00,42304500.00,42304500.00
LOCAL,0100,Corporate Fund,99,Finance General,2005,Finance General,0051,UNEMPLOYMENT INSURANCE CLAIM,3748283.00,3748283.00,3748283.00
LOCAL,0100,Corporate Fund,99,Finance General,2005,Finance General,0052,MEDICAL CARE CLAIMS,5536670.00,5536670.00,3974130.00
LOCAL,0100,Corporate Fund,99,Finance General,2005,Finance General,0056,DENTAL PLAN PREMIUMS,12627214.00,12627214.00,14603791.00
LOCAL,0100,Corporate Fund,99,Finance General,2005,Finance General,0069,PAR GRANT RECONCILIATION,600000.00,600000.00,0.00
LOCAL,0100,Corporate Fund,99,Finance General,2005,Finance General,0070,TUITION REIMBURSEMENT,205000.00,205000.00,205000.00
LOCAL,0100,Corporate Fund,99,Finance General,2005,Finance General,0085,CITY DEFERRED COMPENSATION,1677246.00,1677246.00,1677246.00
LOCAL,0100,Corporate Fund,99,Finance General,2005,Finance General,0095,PAYMENT TO DEPENDENTS OF POLICE /FIRE,1200000.00,1200000.00,1200000.00
LOCAL,0100,Corporate Fund,99,Finance General,2005,Finance General,0096,For Paying the Salary of Any Sworn Member of the Police or Fire Department Killed in the Line of Duty for a Period of One Year Commencing From the Dat...,4000000.00,4000000.00,4000000.00
LOCAL,0100,Corporate Fund,99,Finance General,2005,Finance General,0135,DELEGATE AGENCIES,400000.00,400000.00,100000.00
LOCAL,0100,Corporate Fund,99,Finance General,2005,Finance General,0138,IT MAINTENANCE,73951721.00,73951721.00,71079333.00
LOCAL,0100,Corporate Fund,99,Finance General,2005,Finance General,0139,IT DEVELOPMENT,5512047.00,5512047.00,4662232.00
LOCAL,0100,Corporate Fund,99,Finance General,2005,Finance General,0140,PROFESSIONAL AND TECHNICAL SERVICES,51726873.00,51726873.00,44437701.00
LOCAL,0100,Corporate Fund,99,Finance General,2005,Finance General,0142,ACCOUNTING AND AUDITING,1870200.00,1870200.00,1870200.00
LOCAL,0100,Corporate Fund,99,Finance General,2005,Finance General,0143,COURT REPORTING,150000.00,150000.00,150000.00
LOCAL,0100,Corporate Fund,99,Finance General,2005,Finance General,0145,LEGAL EXPENSES,2300000.00,2300000.00,3880000.00
LOCAL,0100,Corporate Fund,99,Finance General,2005,Finance General,0149,SOFTWARE MAINTENANCE AND LICENSING,124177.00,124177.00,525577.00
LOCAL,0100,Corporate Fund,99,Finance General,2005,Finance General,0161,MAINT FACILITIES,0.00,0.00,3401410.00
LOCAL,0100,Corporate Fund,99,Finance General,2005,Finance General,0170,SURETY BOND PREMIUMS,85000.00,85000.00,85000.00
LOCAL,0100,Corporate Fund,99,Finance General,2005,Finance General,0171,MISCELLANEOUS SUPPLIES,80000.00,80000.00,88000.00
LOCAL,0100,Corporate Fund,99,Finance General,2005,Finance General,0172,INSURANCE PREMIUMS,4379893.00,4379893.00,5429376.00
LOCAL,0100,Corporate Fund,99,Finance General,2005,Finance General,0245,REIMBURSEMENT TO TRAVELERS,300000.00,300000.00,150000.00
LOCAL,0100,Corporate Fund,99,Finance General,2005,Finance General,0340,MATERIAL AND SUPPLIES,750000.00,750000.00,750000.00
LOCAL,0100,Corporate Fund,99,Finance General,2005,Finance General,0342,DRUGS  MEDICINE AND CHEMICAL MATERIALS,125000.00,125000.00,125000.00
LOCAL,0100,Corporate Fund,99,Finance General,2005,Finance General,0420,FURNITURE AND FIXTURES,320000.00,320000.00,320000.00
LOCAL,0100,Corporate Fund,99,Finance General,2005,Finance General,0912,PAYMENT OF BONDS,182612000.00,182612000.00,197851801.00
LOCAL,0100,Corporate Fund,99,Finance General,2005,Finance General,0931,TORT/NON-TORT JUDGMENT,44160000.00,44160000.00,44358000.00
LOCAL,0100,Corporate Fund,99,Finance General,2005,Finance General,0934,CLAIMS AGAINST THE CITY,200000.00,200000.00,200000.00
LOCAL,0100,Corporate Fund,99,Finance General,2005,Finance General,0991,MATCHING AND SUPPLEMENTAL GRANTS,16088768.00,16088768.00,16894146.00
LOCAL,0100,Corporate Fund,99,Finance General,2005,Finance General,9027,SOCIAL SECURITY TAX,1189189.00,1189189.00,1189189.00
LOCAL,0100,Corporate Fund,99,Finance General,2005,Finance General,9067,PHYSICAL EXAMS,450000.00,450000.00,450000.00
LOCAL,0100,Corporate Fund,99,Finance General,2005,Finance General,9076,CITY CNTB MEDICARE TAX,38193322.00,38193322.00,38193322.00
LOCAL,0100,Corporate Fund,99,Finance General,2005,Finance General,9180,WORLD BUSINESS CHICAGO,1600000.00,1600000.00,1600000.00
LOCAL,0100,Corporate Fund,99,Finance General,2005,Finance General,9222,EMERGENCY MEDICAL TRANSPORTATION,125000000.00,125000000.00,127642689.00
LOCAL,0100,Corporate Fund,99,Finance General,2005,Finance General,9265,HOME REPAIR PROGRAM,10000000.00,10000000.00,0.00
LOCAL,0100,Corporate Fund,99,Finance General,2005,Finance General,9295,CONSENT DECREE,4740000.00,4740000.00,5520000.00
LOCAL,0100,Corporate Fund,99,Finance General,2005,Finance General,929A,CASINO COMMUNITY IMPACT,2000000.00,2000000.00,2000000.00
LOCAL,0100,Corporate Fund,99,Finance General,2005,Finance General,9540,PAYT GEN/OB-CERTIFICATE,1411615.00,1411615.00,0.00
LOCAL,0100,Corporate Fund,99,Finance General,2005,Finance General,9635,REIMB MIDWAY - FIRE SALARIES,2923412.00,2923412.00,2923412.00
LOCAL,0100,Corporate Fund,99,Finance General,2005,Finance General,9636,REIMB MIDWAY - FIRE BENEFITS,1504095.00,1504095.00,1504095.00
LOCAL,0100,Corporate Fund,99,Finance General,2005,Finance General,9827,NEW ARRIVALS SERVICES,150000000.00,220000000.00,0.00
LOCAL,0100,Corporate Fund,99,Finance General,2005,Finance General,9980,MUNICIPAL FUND PENSION ALLOCATION,358222830.00,358222830.00,370478361.00
LOCAL,0100,Corporate Fund,99,Finance General,2005,Finance General,9981,LABORERS' FUND PENSION ALLOCATION,25426000.00,25426000.00,32467417.00
LOCAL,0100,Corporate Fund,99,Finance General,2005,Finance General,9982,POLICEMEN'S FUND PENSION ALLOCATION,104141000.00,104141000.00,11346852.00
LOCAL,0100,Corporate Fund,99,Finance General,2005,Finance General,9983,FIREMEN'S FUND PENSION ALLOCATION,54556000.00,54556000.00,1212639.00
LOCAL,0100,Corporate Fund,99,Finance General,2005,Finance General,9984,MUNICIPAL FUND ADVANCE PENSION PAYMT,142301000.00,142301000.00,134830705.00
LOCAL,0100,Corporate Fund,99,Finance General,2005,Finance General,9985,LABORERS' FUND ADVANCE PENSION PAYMT,12571000.00,12571000.00,12500472.00
LOCAL,0100,Corporate Fund,99,Finance General,2005,Finance General,9986,POLICEMEN'S FUND ADVANCE PENSION PAYMT,78170000.00,78170000.00,65928735.00
LOCAL,0100,Corporate Fund,99,Finance General,2005,Finance General,9987,FIREMEN'S FUND ADVANCE PENSION PAYMT,26464000.00,26464000.00,14639670.00
LOCAL,0200,Water Fund,99,Finance General,2005,Finance General,0003,SCHEDULED WAGE ADJUSTMENTS,754000.00,754000.00,1311090.00
LOCAL,0200,Water Fund,99,Finance General,2005,Finance General,0029,HMO PREMIUMS,5392342.00,5392342.00,5592756.00
LOCAL,0200,Water Fund,99,Finance General,2005,Finance General,0042,For the Costs of Claims and Administration for Hospital and Medical Care Provided to Eligible Employees  Provided However  That All Payments to the In...,19506382.00,19506382.00,21188477.00
LOCAL,0200,Water Fund,99,Finance General,2005,Finance General,0045,PREM TERM LIFE INSURANCE,191043.00,191043.00,200476.00
LOCAL,0200,Water Fund,99,Finance General,2005,Finance General,0049,WORKERS' COMPENSATION,13344660.00,13344660.00,13344660.00
LOCAL,0200,Water Fund,99,Finance General,2005,Finance General,0051,UNEMPLOYMENT INSURANCE CLAIM,507896.00,507896.00,507896.00
LOCAL,0200,Water Fund,99,Finance General,2005,Finance General,0052,MEDICAL CARE CLAIMS,362180.00,362180.00,260618.00
LOCAL,0200,Water Fund,99,Finance General,2005,Finance General,0056,DENTAL PLAN PREMIUMS,826006.00,826006.00,957698.00
LOCAL,0200,Water Fund,99,Finance General,2005,Finance General,0070,TUITION REIMBURSEMENT,150000.00,150000.00,150000.00
LOCAL,0200,Water Fund,99,Finance General,2005,Finance General,0085,CITY DEFERRED COMPENSATION,662781.00,662781.00,662781.00
LOCAL,0200,Water Fund,99,Finance General,2005,Finance General,0128,INVESTIGATION COSTS - COMPTROLLER,602550.00,602550.00,300000.00
LOCAL,0200,Water Fund,99,Finance General,2005,Finance General,0130,POSTAGE,247754.00,247754.00,288020.00
LOCAL,0200,Water Fund,99,Finance General,2005,Finance General,0138,IT MAINTENANCE,5734645.00,5734645.00,4956764.00
LOCAL,0200,Water Fund,99,Finance General,2005,Finance General,0139,IT DEVELOPMENT,2670807.00,2670807.00,2049600.00
LOCAL,0200,Water Fund,99,Finance General,2005,Finance General,0140,PROFESSIONAL AND TECHNICAL SERVICES,7676942.00,7676942.00,7440628.00
LOCAL,0200,Water Fund,99,Finance General,2005,Finance General,0142,ACCOUNTING AND AUDITING,442500.00,442500.00,442500.00
LOCAL,0200,Water Fund,99,Finance General,2005,Finance General,0149,SOFTWARE MAINTENANCE AND LICENSING,25025.00,25025.00,425025.00
LOCAL,0200,Water Fund,99,Finance General,2005,Finance General,0172,INSURANCE PREMIUMS,2286583.00,2286583.00,2727695.00
LOCAL,0200,Water Fund,99,Finance General,2005,Finance General,0902,INTEREST ON BONDS,92282794.00,92217794.00,96396774.00
LOCAL,0200,Water Fund,99,Finance General,2005,Finance General,0905,MSD USER CHARGES,6800000.00,6800000.00,6800000.00
LOCAL,0200,Water Fund,99,Finance General,2005,Finance General,0912,PAYMENT OF BONDS,85780000.00,85845000.00,90520000.00
LOCAL,0200,Water Fund,99,Finance General,2005,Finance General,0931,TORT/NON-TORT JUDGMENT,6800000.00,6800000.00,6800000.00
LOCAL,0200,Water Fund,99,Finance General,2005,Finance General,0934,CLAIMS AGAINST THE CITY,15000.00,15000.00,15000.00
LOCAL,0200,Water Fund,99,Finance General,2005,Finance General,0943,INTEREST ON LOANS,23269475.00,23269475.00,13857891.00
LOCAL,0200,Water Fund,99,Finance General,2005,Finance General,0944,PAYMENT ON LOANS,45436362.00,45436362.00,39043912.00
LOCAL,0200,Water Fund,99,Finance General,2005,Finance General,0958,WATER PIPE EXTENSION CERTIFICATES,100000.00,100000.00,100000.00
LOCAL,0200,Water Fund,99,Finance General,2005,Finance General,0959,BOND FEES AND COSTS,47100.00,47100.00,47100.00
LOCAL,0200,Water Fund,99,Finance General,2005,Finance General,9027,SOCIAL SECURITY TAX,40166.00,40166.00,40166.00
LOCAL,0200,Water Fund,99,Finance General,2005,Finance General,9067,PHYSICAL EXAMS,30000.00,30000.00,30000.00
LOCAL,0200,Water Fund,99,Finance General,2005,Finance General,9076,CITY CNTB MEDICARE TAX,1700162.00,1700162.00,1700162.00
LOCAL,0200,Water Fund,99,Finance General,2005,Finance General,9097,FOR CAPITAL CONSTRUCTION,81093435.00,81093435.00,25351591.00
LOCAL,0200,Water Fund,99,Finance General,2005,Finance General,9611,REIMB - INDIRECT COSTS TO CORPORATE,70964000.00,70964000.00,73234971.00
LOCAL,0200,Water Fund,99,Finance General,2005,Finance General,9645,REIMB - INDIRECT PENSION TO CORPORATE,23694000.00,23694000.00,25872066.00
LOCAL,0200,Water Fund,99,Finance General,2005,Finance General,9765,TRANSFER FOR CONTRACTUAL SERVICES,625000.00,625000.00,625000.00
LOCAL,0200,Water Fund,99,Finance General,2005,Finance General,9773,TRANSFER FOR SERVICES - CPD,1470301.00,1470301.00,1470301.00
LOCAL,0200,Water Fund,99,Finance General,2005,Finance General,9774,TRANSFER FOR SERVICES - OEMC,325000.00,325000.00,325000.00
LOCAL,0200,Water Fund,99,Finance General,2005,Finance General,9980,MUNICIPAL FUND PENSION ALLOCATION,52957000.00,52957000.00,55609008.00
LOCAL,0200,Water Fund,99,Finance General,2005,Finance General,9981,LABORERS' FUND PENSION ALLOCATION,22448000.00,22448000.00,21871119.00
LOCAL,0200,Water Fund,99,Finance General,2005,Finance General,9984,MUNICIPAL FUND ADVANCE PENSION PAYMT,12448000.00,12448000.00,11794524.00
LOCAL,0200,Water Fund,99,Finance General,2005,Finance General,9985,LABORERS' FUND ADVANCE PENSION PAYMT,3610000.00,3610000.00,3589746.00
LOCAL,0300,Vehicle Tax Fund,99,Finance General,2005,Finance General,0003,SCHEDULED WAGE ADJUSTMENTS,468000.00,468000.00,797882.00
LOCAL,0300,Vehicle Tax Fund,99,Finance General,2005,Finance General,0029,HMO PREMIUMS,3077271.00,3077271.00,2987357.00
LOCAL,0300,Vehicle Tax Fund,99,Finance General,2005,Finance General,0042,For the Costs of Claims and Administration for Hospital and Medical Care Provided to Eligible Employees  Provided However  That All Payments to the In...,11131792.00,11131792.00,11317773.00
LOCAL,0300,Vehicle Tax Fund,99,Finance General,2005,Finance General,0045,PREM TERM LIFE INSURANCE,109023.00,109023.00,107084.00
LOCAL,0300,Vehicle Tax Fund,99,Finance General,2005,Finance General,0049,WORKERS' COMPENSATION,12240000.00,12240000.00,12240000.00
LOCAL,0300,Vehicle Tax Fund,99,Finance General,2005,Finance General,0051,UNEMPLOYMENT INSURANCE CLAIM,306231.00,306231.00,306231.00
LOCAL,0300,Vehicle Tax Fund,99,Finance General,2005,Finance General,0052,MEDICAL CARE CLAIMS,206687.00,206687.00,139209.00
LOCAL,0300,Vehicle Tax Fund,99,Finance General,2005,Finance General,0056,DENTAL PLAN PREMIUMS,471380.00,471380.00,511552.00
LOCAL,0300,Vehicle Tax Fund,99,Finance General,2005,Finance General,0070,TUITION REIMBURSEMENT,25000.00,25000.00,25000.00
LOCAL,0300,Vehicle Tax Fund,99,Finance General,2005,Finance General,0085,CITY DEFERRED COMPENSATION,314545.00,314545.00,314545.00
LOCAL,0300,Vehicle Tax Fund,99,Finance General,2005,Finance General,0128,INVESTIGATION COSTS - COMPTROLLER,113300.00,113300.00,85000.00
LOCAL,0300,Vehicle Tax Fund,99,Finance General,2005,Finance General,0138,IT MAINTENANCE,3616049.00,3616049.00,3007271.00
LOCAL,0300,Vehicle Tax Fund,99,Finance General,2005,Finance General,0139,IT DEVELOPMENT,234750.00,234750.00,153501.00
LOCAL,0300,Vehicle Tax Fund,99,Finance General,2005,Finance General,0140,PROFESSIONAL AND TECHNICAL SERVICES,6544182.00,6544182.00,6357535.00
LOCAL,0300,Vehicle Tax Fund,99,Finance General,2005,Finance General,0142,ACCOUNTING AND AUDITING,150000.00,150000.00,150000.00
LOCAL,0300,Vehicle Tax Fund,99,Finance General,2005,Finance General,0149,SOFTWARE MAINTENANCE AND LICENSING,0.00,0.00,400000.00
LOCAL,0300,Vehicle Tax Fund,99,Finance General,2005,Finance General,0931,TORT/NON-TORT JUDGMENT,11800.00,11800.00,11800.00
LOCAL,0300,Vehicle Tax Fund,99,Finance General,2005,Finance General,0934,CLAIMS AGAINST THE CITY,375000.00,375000.00,375000.00
LOCAL,0300,Vehicle Tax Fund,99,Finance General,2005,Finance General,0989,REFUND - CANCELLED VOUCHER,765000.00,765000.00,765000.00
LOCAL,0300,Vehicle Tax Fund,99,Finance General,2005,Finance General,0991,MATCHING AND SUPPLEMENTAL GRANTS,410000.00,410000.00,760000.00
LOCAL,0300,Vehicle Tax Fund,99,Finance General,2005,Finance General,9027,SOCIAL SECURITY TAX,24275.00,24275.00,24275.00
LOCAL,0300,Vehicle Tax Fund,99,Finance General,2005,Finance General,9076,CITY CNTB MEDICARE TAX,1027533.00,1027533.00,1027533.00
LOCAL,0300,Vehicle Tax Fund,99,Finance General,2005,Finance General,9281,RESERVE FOR SNOW EVENTS,500000.00,500000.00,0.00
LOCAL,0300,Vehicle Tax Fund,99,Finance General,2005,Finance General,9610,REIMB - PENSION PAYMENTS,40375668.00,40375668.00,44036590.00
LOCAL,0300,Vehicle Tax Fund,99,Finance General,2005,Finance General,9611,REIMB - INDIRECT COSTS TO CORPORATE,12580196.00,12580196.00,17060592.00
LOCAL,0300,Vehicle Tax Fund,99,Finance General,2005,Finance General,9774,TRANSFER FOR SERVICES - OEMC,10000.00,10000.00,10000.00
LOCAL,0310,Motor Fuel Tax Fund,99,Finance General,2005,Finance General,0003,SCHEDULED WAGE ADJUSTMENTS,234000.00,234000.00,245005.00
LOCAL,0310,Motor Fuel Tax Fund,99,Finance General,2005,Finance General,9189,FOR ANNUAL PAYMENT TO CTA,3000000.00,3000000.00,3000000.00
LOCAL,0314,Sewer Fund,99,Finance General,2005,Finance General,0003,SCHEDULED WAGE ADJUSTMENTS,235000.00,235000.00,374934.00
LOCAL,0314,Sewer Fund,99,Finance General,2005,Finance General,0029,HMO PREMIUMS,1456722.00,1456722.00,1432204.00
LOCAL,0314,Sewer Fund,99,Finance General,2005,Finance General,0042,For the Costs of Claims and Administration for Hospital and Medical Care Provided to Eligible Employees  Provided However  That All Payments to the In...,5269580.00,5269580.00,5425989.00
LOCAL,0314,Sewer Fund,99,Finance General,2005,Finance General,0045,PREM TERM LIFE INSURANCE,51610.00,51610.00,51338.00
LOCAL,0314,Sewer Fund,99,Finance General,2005,Finance General,0049,WORKERS' COMPENSATION,6694423.00,6694423.00,6694423.00
LOCAL,0314,Sewer Fund,99,Finance General,2005,Finance General,0051,UNEMPLOYMENT INSURANCE CLAIM,182992.00,182992.00,182992.00
LOCAL,0314,Sewer Fund,99,Finance General,2005,Finance General,0052,MEDICAL CARE CLAIMS,97842.00,97842.00,66740.00
LOCAL,0314,Sewer Fund,99,Finance General,2005,Finance General,0056,DENTAL PLAN PREMIUMS,223142.00,223142.00,245249.00
LOCAL,0314,Sewer Fund,99,Finance General,2005,Finance General,0070,TUITION REIMBURSEMENT,30000.00,30000.00,30000.00
LOCAL,0314,Sewer Fund,99,Finance General,2005,Finance General,0085,CITY DEFERRED COMPENSATION,180996.00,180996.00,180996.00
LOCAL,0314,Sewer Fund,99,Finance General,2005,Finance General,0128,INVESTIGATION COSTS - COMPTROLLER,103000.00,103000.00,75000.00
LOCAL,0314,Sewer Fund,99,Finance General,2005,Finance General,0130,POSTAGE,247754.00,247754.00,288020.00
LOCAL,0314,Sewer Fund,99,Finance General,2005,Finance General,0138,IT MAINTENANCE,2123600.00,2123600.00,1665161.00
LOCAL,0314,Sewer Fund,99,Finance General,2005,Finance General,0139,IT DEVELOPMENT,2183734.00,2183734.00,1893869.00
LOCAL,0314,Sewer Fund,99,Finance General,2005,Finance General,0140,PROFESSIONAL AND TECHNICAL SERVICES,1233733.00,1233733.00,1249783.00
LOCAL,0314,Sewer Fund,99,Finance General,2005,Finance General,0142,ACCOUNTING AND AUDITING,150000.00,150000.00,150000.00
LOCAL,0314,Sewer Fund,99,Finance General,2005,Finance General,0149,SOFTWARE MAINTENANCE AND LICENSING,25025.00,25025.00,25025.00
LOCAL,0314,Sewer Fund,99,Finance General,2005,Finance General,0166,DUES  SUBSC & MEM,75000.00,75000.00,75000.00
LOCAL,0314,Sewer Fund,99,Finance General,2005,Finance General,0172,INSURANCE PREMIUMS,2198037.00,2198037.00,2625867.00
LOCAL,0314,Sewer Fund,99,Finance General,2005,Finance General,0902,INTEREST ON BONDS,83450302.00,83450302.00,85029061.00
LOCAL,0314,Sewer Fund,99,Finance General,2005,Finance General,0912,PAYMENT OF BONDS,54012419.00,54012419.00,42147250.00
LOCAL,0314,Sewer Fund,99,Finance General,2005,Finance General,0931,TORT/NON-TORT JUDGMENT,383133.00,383133.00,383133.00
LOCAL,0314,Sewer Fund,99,Finance General,2005,Finance General,0934,CLAIMS AGAINST THE CITY,25000.00,25000.00,25000.00
LOCAL,0314,Sewer Fund,99,Finance General,2005,Finance General,0943,INTEREST ON LOANS,21080796.00,21080796.00,11505280.00
LOCAL,0314,Sewer Fund,99,Finance General,2005,Finance General,0944,PAYMENT ON LOANS,42652484.00,42652484.00,31996584.00
LOCAL,0314,Sewer Fund,99,Finance General,2005,Finance General,0959,BOND FEES AND COSTS,40900.00,40900.00,40900.00
LOCAL,0314,Sewer Fund,99,Finance General,2005,Finance General,9027,SOCIAL SECURITY TAX,14134.00,14134.00,14134.00
LOCAL,0314,Sewer Fund,99,Finance General,2005,Finance General,9076,CITY CNTB MEDICARE TAX,598267.00,598267.00,598267.00
LOCAL,0314,Sewer Fund,99,Finance General,2005,Finance General,9097,FOR CAPITAL CONSTRUCTION,25039439.00,25039439.00,53242936.00
LOCAL,0314,Sewer Fund,99,Finance General,2005,Finance General,9148,SENIOR CITIZEN SEWER,350000.00,350000.00,350000.00
LOCAL,0314,Sewer Fund,99,Finance General,2005,Finance General,9611,REIMB - INDIRECT COSTS TO CORPORATE,37213000.00,37213000.00,36494617.00
LOCAL,0314,Sewer Fund,99,Finance General,2005,Finance General,9645,REIMB - INDIRECT PENSION TO CORPORATE,14577000.00,14577000.00,16343868.00
LOCAL,0314,Sewer Fund,99,Finance General,2005,Finance General,9774,TRANSFER FOR SERVICES - OEMC,120000.00,120000.00,120000.00
LOCAL,0314,Sewer Fund,99,Finance General,2005,Finance General,9980,MUNICIPAL FUND PENSION ALLOCATION,13349000.00,13349000.00,14315755.00
LOCAL,0314,Sewer Fund,99,Finance General,2005,Finance General,9981,LABORERS' FUND PENSION ALLOCATION,14873000.00,14873000.00,14596113.00
LOCAL,0314,Sewer Fund,99,Finance General,2005,Finance General,9984,MUNICIPAL FUND ADVANCE PENSION PAYMT,3179000.00,3179000.00,3012114.00
LOCAL,0314,Sewer Fund,99,Finance General,2005,Finance General,9985,LABORERS' FUND ADVANCE PENSION PAYMT,2392000.00,2392000.00,2378580.00
LOCAL,0346,Library Fund,99,Finance General,2005,Finance General,0003,SCHEDULED WAGE ADJUSTMENTS,403000.00,403000.00,570806.00
LOCAL,0346,Library Fund,99,Finance General,2005,Finance General,0029,HMO PREMIUMS,2086786.00,2086786.00,2278085.00
LOCAL,0346,Library Fund,99,Finance General,2005,Finance General,0042,For the Costs of Claims and Administration for Hospital and Medical Care Provided to Eligible Employees  Provided However  That All Payments to the In...,7548789.00,7548789.00,8630656.00
LOCAL,0346,Library Fund,99,Finance General,2005,Finance General,0045,PREM TERM LIFE INSURANCE,73932.00,73932.00,81659.00
LOCAL,0346,Library Fund,99,Finance General,2005,Finance General,0049,WORKERS' COMPENSATION,605880.00,605880.00,605880.00
LOCAL,0346,Library Fund,99,Finance General,2005,Finance General,0051,UNEMPLOYMENT INSURANCE CLAIM,261417.00,261417.00,261417.00
LOCAL,0346,Library Fund,99,Finance General,2005,Finance General,0052,MEDICAL CARE CLAIMS,140160.00,140160.00,106157.00
LOCAL,0346,Library Fund,99,Finance General,2005,Finance General,0056,DENTAL PLAN PREMIUMS,319657.00,319657.00,390097.00
LOCAL,0346,Library Fund,99,Finance General,2005,Finance General,0070,TUITION REIMBURSEMENT,150000.00,150000.00,150000.00
LOCAL,0346,Library Fund,99,Finance General,2005,Finance General,0085,CITY DEFERRED COMPENSATION,176902.00,176902.00,176902.00
LOCAL,0346,Library Fund,99,Finance General,2005,Finance General,0138,IT MAINTENANCE,0.00,0.00,7941.00
LOCAL,0346,Library Fund,99,Finance General,2005,Finance General,0139,IT DEVELOPMENT,7941.00,7941.00,0.00
LOCAL,0346,Library Fund,99,Finance General,2005,Finance General,0140,PROFESSIONAL AND TECHNICAL SERVICES,327199.00,327199.00,327199.00
LOCAL,0346,Library Fund,99,Finance General,2005,Finance General,0142,ACCOUNTING AND AUDITING,110000.00,110000.00,110000.00
LOCAL,0346,Library Fund,99,Finance General,2005,Finance General,0450,VEHICLES,160000.00,160000.00,160000.00
LOCAL,0346,Library Fund,99,Finance General,2005,Finance General,0955,INTEREST ON LIBRARY FINANCING,2200000.00,2200000.00,2200000.00
LOCAL,0346,Library Fund,99,Finance General,2005,Finance General,9027,SOCIAL SECURITY TAX,20682.00,20682.00,20682.00
LOCAL,0346,Library Fund,99,Finance General,2005,Finance General,9076,CITY CNTB MEDICARE TAX,875431.00,875431.00,875431.00
LOCAL,0346,Library Fund,99,Finance General,2005,Finance General,9112,PROP. MAINT. CNTRL LIBR,9850396.00,9850396.00,10374209.00
LOCAL,0346,Library Fund,99,Finance General,2005,Finance General,9980,MUNICIPAL FUND PENSION ALLOCATION,4692000.00,4692000.00,4692000.00
LOCAL,0353,Emergency Communication Fund,99,Finance General,2005,Finance General,0003,SCHEDULED WAGE ADJUSTMENTS,403000.00,403000.00,504359.00
LOCAL,0353,Emergency Communication Fund,99,Finance General,2005,Finance General,0029,HMO PREMIUMS,1933165.00,1933165.00,1936017.00
LOCAL,0353,Emergency Communication Fund,99,Finance General,2005,Finance General,0042,For the Costs of Claims and Administration for Hospital and Medical Care Provided to Eligible Employees  Provided However  That All Payments to the In...,6993074.00,6993074.00,7334712.00
LOCAL,0353,Emergency Communication Fund,99,Finance General,2005,Finance General,0045,PREM TERM LIFE INSURANCE,68489.00,68489.00,69398.00
LOCAL,0353,Emergency Communication Fund,99,Finance General,2005,Finance General,0051,UNEMPLOYMENT INSURANCE CLAIM,15816.00,15816.00,15816.00
LOCAL,0353,Emergency Communication Fund,99,Finance General,2005,Finance General,0052,MEDICAL CARE CLAIMS,129842.00,129842.00,90217.00
LOCAL,0353,Emergency Communication Fund,99,Finance General,2005,Finance General,0056,DENTAL PLAN PREMIUMS,296125.00,296125.00,331522.00
LOCAL,0353,Emergency Communication Fund,99,Finance General,2005,Finance General,0085,CITY DEFERRED COMPENSATION,221014.00,221014.00,221014.00
LOCAL,0353,Emergency Communication Fund,99,Finance General,2005,Finance General,0138,IT MAINTENANCE,2293142.00,2293142.00,2311671.00
LOCAL,0353,Emergency Communication Fund,99,Finance General,2005,Finance General,0139,IT DEVELOPMENT,98616.00,98616.00,98616.00
LOCAL,0353,Emergency Communication Fund,99,Finance General,2005,Finance General,0140,PROFESSIONAL AND TECHNICAL SERVICES,1953.00,1953.00,2187.00
LOCAL,0353,Emergency Communication Fund,99,Finance General,2005,Finance General,0991,MATCHING AND SUPPLEMENTAL GRANTS,0.00,0.00,148000.00
LOCAL,0353,Emergency Communication Fund,99,Finance General,2005,Finance General,9611,REIMB - INDIRECT COSTS TO CORPORATE,4249737.00,4249737.00,10071862.00
LOCAL,0353,Emergency Communication Fund,99,Finance General,2005,Finance General,9980,MUNICIPAL FUND PENSION ALLOCATION,21892000.00,21892000.00,22412889.00
LOCAL,0353,Emergency Communication Fund,99,Finance General,2005,Finance General,9984,MUNICIPAL FUND ADVANCE PENSION PAYMT,5268000.00,5268000.00,4991449.00
LOCAL,0355,Special Events and Municipal Hotel Operators' Occupation Tax Fund,99,Finance General,2005,Finance General,0003,SCHEDULED WAGE ADJUSTMENTS,26000.00,26000.00,265757.00
LOCAL,0355,Special Events and Municipal Hotel Operators' Occupation Tax Fund,99,Finance General,2005,Finance General,0029,HMO PREMIUMS,208947.00,208947.00,236060.00
LOCAL,0355,Special Events and Municipal Hotel Operators' Occupation Tax Fund,99,Finance General,2005,Finance General,0042,For the Costs of Claims and Administration for Hospital and Medical Care Provided to Eligible Employees  Provided However  That All Payments to the In...,755850.00,755850.00,894326.00
LOCAL,0355,Special Events and Municipal Hotel Operators' Occupation Tax Fund,99,Finance General,2005,Finance General,0045,PREM TERM LIFE INSURANCE,7403.00,7403.00,8462.00
LOCAL,0355,Special Events and Municipal Hotel Operators' Occupation Tax Fund,99,Finance General,2005,Finance General,0049,WORKERS' COMPENSATION,60588.00,60588.00,60588.00
LOCAL,0355,Special Events and Municipal Hotel Operators' Occupation Tax Fund,99,Finance General,2005,Finance General,0051,UNEMPLOYMENT INSURANCE CLAIM,29877.00,29877.00,29877.00
LOCAL,0355,Special Events and Municipal Hotel Operators' Occupation Tax Fund,99,Finance General,2005,Finance General,0052,MEDICAL CARE CLAIMS,14034.00,14034.00,11000.00
LOCAL,0355,Special Events and Municipal Hotel Operators' Occupation Tax Fund,99,Finance General,2005,Finance General,0056,DENTAL PLAN PREMIUMS,32007.00,32007.00,40423.00
LOCAL,0355,Special Events and Municipal Hotel Operators' Occupation Tax Fund,99,Finance General,2005,Finance General,0085,CITY DEFERRED COMPENSATION,246096.00,246096.00,246096.00
LOCAL,0355,Special Events and Municipal Hotel Operators' Occupation Tax Fund,99,Finance General,2005,Finance General,0140,PROFESSIONAL AND TECHNICAL SERVICES,767053.00,767053.00,767053.00
LOCAL,0355,Special Events and Municipal Hotel Operators' Occupation Tax Fund,99,Finance General,2005,Finance General,0991,MATCHING AND SUPPLEMENTAL GRANTS,2521308.00,2521308.00,2540000.00
LOCAL,0355,Special Events and Municipal Hotel Operators' Occupation Tax Fund,99,Finance General,2005,Finance General,9027,SOCIAL SECURITY TAX,2076.00,2076.00,2076.00
LOCAL,0355,Special Events and Municipal Hotel Operators' Occupation Tax Fund,99,Finance General,2005,Finance General,9076,CITY CNTB MEDICARE TAX,87882.00,87882.00,8788.00
LOCAL,0355,Special Events and Municipal Hotel Operators' Occupation Tax Fund,99,Finance General,2005,Finance General,9610,REIMB - PENSION PAYMENTS,3599000.00,3599000.00,2804977.00
LOCAL,0355,Special Events and Municipal Hotel Operators' Occupation Tax Fund,99,Finance General,2005,Finance General,9611,REIMB - INDIRECT COSTS TO CORPORATE,1794352.00,1794352.00,7191498.00
LOCAL,0355,Special Events and Municipal Hotel Operators' Occupation Tax Fund,99,Finance General,2005,Finance General,9771,TRANSFER FOR SERVICES - AIS,134400.00,134400.00,134400.00
LOCAL,0355,Special Events and Municipal Hotel Operators' Occupation Tax Fund,99,Finance General,2005,Finance General,9773,TRANSFER FOR SERVICES - CPD,120000.00,120000.00,120000.00
LOCAL,0355,Special Events and Municipal Hotel Operators' Occupation Tax Fund,99,Finance General,2005,Finance General,9774,TRANSFER FOR SERVICES - OEMC,34800.00,34800.00,34800.00
LOCAL,0355,Special Events and Municipal Hotel Operators' Occupation Tax Fund,99,Finance General,2005,Finance General,9775,TRANSFER FOR SERVICES - CFD,21000.00,21000.00,21000.00
LOCAL,0355,Special Events and Municipal Hotel Operators' Occupation Tax Fund,99,Finance General,2005,Finance General,9776,TRANSFER FOR SERVICES - DSS,9000.00,9000.00,9000.00
LOCAL,0355,Special Events and Municipal Hotel Operators' Occupation Tax Fund,99,Finance General,2005,Finance General,9778,TRANSFER FOR SERVICES - AVIATION,35000.00,35000.00,35000.00
LOCAL,0510,Bond Redemption and Interest Series Fund,99,Finance General,2005,Finance General,0902,INTEREST ON BONDS,283840000.00,283840000.00,303174801.00
LOCAL,0510,Bond Redemption and Interest Series Fund,99,Finance General,2005,Finance General,0912,PAYMENT OF BONDS,198853000.00,198853000.00,156707000.00
LOCAL,0510,Bond Redemption and Interest Series Fund,99,Finance General,2005,Finance General,0960,LOSS IN COLLECTION OF TAXES,9587000.00,9587000.00,10918000.00
LOCAL,0521,"Library Note Redemption and Interest Tender Notes Series ""B"" Fund",99,Finance General,2005,Finance General,0960,LOSS IN COLLECTION OF TAXES,4881000.00,4881000.00,4881000.00
LOCAL,0521,"Library Note Redemption and Interest Tender Notes Series ""B"" Fund",99,Finance General,2005,Finance General,0961,PAYMENT OF TERM NOTES,117145000.00,117145000.00,117145000.00
LOCAL,0610,Chicago Midway Airport Fund,99,Finance General,2005,Finance General,0003,SCHEDULED WAGE ADJUSTMENTS,2695000.00,2695000.00,2841910.00
LOCAL,0610,Chicago Midway Airport Fund,99,Finance General,2005,Finance General,0029,HMO PREMIUMS,1505064.00,1505064.00,1589031.00
LOCAL,0610,Chicago Midway Airport Fund,99,Finance General,2005,Finance General,0042,For the Costs of Claims and Administration for Hospital and Medical Care Provided to Eligible Employees  Provided However  That All Payments to the In...,5444455.00,5444455.00,6020136.00
LOCAL,0610,Chicago Midway Airport Fund,99,Finance General,2005,Finance General,0043,For the Health Maintenance Organization Premiums or Cost of Claims and Administration for Hospital and Medical Care Provided to Police and Fire Depart...,57528.00,57528.00,57528.00
LOCAL,0610,Chicago Midway Airport Fund,99,Finance General,2005,Finance General,0045,PREM TERM LIFE INSURANCE,53322.00,53322.00,56960.00
LOCAL,0610,Chicago Midway Airport Fund,99,Finance General,2005,Finance General,0049,WORKERS' COMPENSATION,192780.00,192780.00,192780.00
LOCAL,0610,Chicago Midway Airport Fund,99,Finance General,2005,Finance General,0051,UNEMPLOYMENT INSURANCE CLAIM,97844.00,97844.00,97844.00
LOCAL,0610,Chicago Midway Airport Fund,99,Finance General,2005,Finance General,0052,MEDICAL CARE CLAIMS,101089.00,101089.00,74048.00
LOCAL,0610,Chicago Midway Airport Fund,99,Finance General,2005,Finance General,0056,DENTAL PLAN PREMIUMS,230548.00,230548.00,272104.00
LOCAL,0610,Chicago Midway Airport Fund,99,Finance General,2005,Finance General,0085,CITY DEFERRED COMPENSATION,1736.00,1736.00,1736.00
LOCAL,0610,Chicago Midway Airport Fund,99,Finance General,2005,Finance General,0138,IT MAINTENANCE,1652927.00,1652927.00,1667740.00
LOCAL,0610,Chicago Midway Airport Fund,99,Finance General,2005,Finance General,0140,PROFESSIONAL AND TECHNICAL SERVICES,2006227.00,2006227.00,1983519.00
LOCAL,0610,Chicago Midway Airport Fund,99,Finance General,2005,Finance General,0142,ACCOUNTING AND AUDITING,470500.00,470500.00,470500.00
LOCAL,0610,Chicago Midway Airport Fund,99,Finance General,2005,Finance General,0145,LEGAL EXPENSES,847000.00,847000.00,847000.00
LOCAL,0610,Chicago Midway Airport Fund,99,Finance General,2005,Finance General,0149,SOFTWARE MAINTENANCE AND LICENSING,25025.00,25025.00,425025.00
LOCAL,0610,Chicago Midway Airport Fund,99,Finance General,2005,Finance General,0161,MAINT FACILITIES,20000.00,20000.00,20000.00
LOCAL,0610,Chicago Midway Airport Fund,99,Finance General,2005,Finance General,0172,INSURANCE PREMIUMS,4131855.00,4131855.00,4623540.00
LOCAL,0610,Chicago Midway Airport Fund,99,Finance General,2005,Finance General,0245,REIMBURSEMENT TO TRAVELERS,5000.00,5000.00,0.00
LOCAL,0610,Chicago Midway Airport Fund,99,Finance General,2005,Finance General,0902,INTEREST ON BONDS,68926842.00,68926842.00,62037273.00
LOCAL,0610,Chicago Midway Airport Fund,99,Finance General,2005,Finance General,0912,PAYMENT OF BONDS,71260000.00,71260000.00,63100000.00
LOCAL,0610,Chicago Midway Airport Fund,99,Finance General,2005,Finance General,0931,TORT/NON-TORT JUDGMENT,4500.00,4500.00,4500.00
LOCAL,0610,Chicago Midway Airport Fund,99,Finance General,2005,Finance General,0959,BOND FEES AND COSTS,5855182.00,5855182.00,5855182.00
LOCAL,0610,Chicago Midway Airport Fund,99,Finance General,2005,Finance General,9027,SOCIAL SECURITY TAX,7587.00,7587.00,7587.00
LOCAL,0610,Chicago Midway Airport Fund,99,Finance General,2005,Finance General,9046,OPERATIONS AND MAINTENANCE RESERVE,1200000.00,1200000.00,1200000.00
LOCAL,0610,Chicago Midway Airport Fund,99,Finance General,2005,Finance General,9076,CITY CNTB MEDICARE TAX,301180.00,301180.00,301180.00
LOCAL,0610,Chicago Midway Airport Fund,99,Finance General,2005,Finance General,9611,REIMB - INDIRECT COSTS TO CORPORATE,7348163.00,7348163.00,6511644.00
LOCAL,0610,Chicago Midway Airport Fund,99,Finance General,2005,Finance General,9711,TRANSFER-O'HARE FUND FOR ADMIN SALARIES,3000000.00,3000000.00,3000000.00
LOCAL,0610,Chicago Midway Airport Fund,99,Finance General,2005,Finance General,9980,MUNICIPAL FUND PENSION ALLOCATION,9415000.00,9415000.00,10911947.00
LOCAL,0610,Chicago Midway Airport Fund,99,Finance General,2005,Finance General,9981,LABORERS' FUND PENSION ALLOCATION,2320000.00,2320000.00,3435241.00
LOCAL,0610,Chicago Midway Airport Fund,99,Finance General,2005,Finance General,9982,POLICEMEN'S FUND PENSION ALLOCATION,4476000.00,4476000.00,5393581.00
LOCAL,0610,Chicago Midway Airport Fund,99,Finance General,2005,Finance General,9983,FIREMEN'S FUND PENSION ALLOCATION,5854000.00,5854000.00,6054814.00
LOCAL,0610,Chicago Midway Airport Fund,99,Finance General,2005,Finance General,9984,MUNICIPAL FUND ADVANCE PENSION PAYMT,2159000.00,2159000.00,2045660.00
LOCAL,0610,Chicago Midway Airport Fund,99,Finance General,2005,Finance General,9985,LABORERS' FUND ADVANCE PENSION PAYMT,370000.00,370000.00,367924.00
LOCAL,0610,Chicago Midway Airport Fund,99,Finance General,2005,Finance General,9986,POLICEMEN'S FUND ADVANCE PENSION PAYMT,411000.00,411000.00,346638.00
LOCAL,0610,Chicago Midway Airport Fund,99,Finance General,2005,Finance General,9987,FIREMEN'S FUND ADVANCE PENSION PAYMT,389000.00,389000.00,215192.00
LOCAL,0681,Municipal Employees' Annuity and Benefit Fund,99,Finance General,2005,Finance General,0960,LOSS IN COLLECTION OF TAXES,7017000.00,7017000.00,8158000.00
LOCAL,0681,Municipal Employees' Annuity and Benefit Fund,99,Finance General,2005,Finance General,0976,EMPLOYEE ANNUITY AND BENEFIT,942717000.00,942717000.00,955738601.00
LOCAL,0681,Municipal Employees' Annuity and Benefit Fund,99,Finance General,2005,Finance General,097A,EMPLOYEE ADVANCE ANNUITY AND BENFT,178085000.00,178085000.00,168736173.00
LOCAL,0682,Laborers' and Retirement Board Annuity and Benefit Fund,99,Finance General,2005,Finance General,0960,LOSS IN COLLECTION OF TAXES,2238000.00,2238000.00,2187000.00
LOCAL,0682,Laborers' and Retirement Board Annuity and Benefit Fund,99,Finance General,2005,Finance General,0976,EMPLOYEE ANNUITY AND BENEFIT,127350000.00,127350000.00,136089915.00
LOCAL,0682,Laborers' and Retirement Board Annuity and Benefit Fund,99,Finance General,2005,Finance General,097A,EMPLOYEE ADVANCE ANNUITY AND BENFT,20343000.00,20343000.00,20228867.00
LOCAL,0683,Policemen's Annuity and Benefit Fund,99,Finance General,2005,Finance General,0960,LOSS IN COLLECTION OF TAXES,32541000.00,32541000.00,41554000.00
LOCAL,0683,Policemen's Annuity and Benefit Fund,99,Finance General,2005,Finance General,0976,EMPLOYEE ANNUITY AND BENEFIT,929066000.00,929066000.00,1042582135.00
LOCAL,0683,Policemen's Annuity and Benefit Fund,99,Finance General,2005,Finance General,097A,EMPLOYEE ADVANCE ANNUITY AND BENFT,79864000.00,79864000.00,67357458.00
LOCAL,0684,Firemen's Annuity and Benefit Fund,99,Finance General,2005,Finance General,0960,LOSS IN COLLECTION OF TAXES,14679000.00,14679000.00,17078000.00
LOCAL,0684,Firemen's Annuity and Benefit Fund,99,Finance General,2005,Finance General,0976,EMPLOYEE ANNUITY AND BENEFIT,444881000.00,444881000.00,443683274.00
LOCAL,0684,Firemen's Annuity and Benefit Fund,99,Finance General,2005,Finance General,097A,EMPLOYEE ADVANCE ANNUITY AND BENFT,28274000.00,28274000.00,15640948.00
LOCAL,0740,Chicago O'Hare Airport Fund,99,Finance General,2005,Finance General,0003,SCHEDULED WAGE ADJUSTMENTS,7212000.00,7212000.00,8388476.00
LOCAL,0740,Chicago O'Hare Airport Fund,99,Finance General,2005,Finance General,0029,HMO PREMIUMS,6679328.00,6679328.00,7195994.00
LOCAL,0740,Chicago O'Hare Airport Fund,99,Finance General,2005,Finance General,0042,For the Costs of Claims and Administration for Hospital and Medical Care Provided to Eligible Employees  Provided However  That All Payments to the In...,24161955.00,24161955.00,27262438.00
LOCAL,0740,Chicago O'Hare Airport Fund,99,Finance General,2005,Finance General,0043,For the Health Maintenance Organization Premiums or Cost of Claims and Administration for Hospital and Medical Care Provided to Police and Fire Depart...,115055.00,115055.00,115055.00
LOCAL,0740,Chicago O'Hare Airport Fund,99,Finance General,2005,Finance General,0045,PREM TERM LIFE INSURANCE,236639.00,236639.00,257945.00
LOCAL,0740,Chicago O'Hare Airport Fund,99,Finance General,2005,Finance General,0049,WORKERS' COMPENSATION,370799.00,370799.00,370799.00
LOCAL,0740,Chicago O'Hare Airport Fund,99,Finance General,2005,Finance General,0051,UNEMPLOYMENT INSURANCE CLAIM,502668.00,502668.00,502668.00
LOCAL,0740,Chicago O'Hare Airport Fund,99,Finance General,2005,Finance General,0052,MEDICAL CARE CLAIMS,448621.00,448621.00,335328.00
LOCAL,0740,Chicago O'Hare Airport Fund,99,Finance General,2005,Finance General,0056,DENTAL PLAN PREMIUMS,1023148.00,1023148.00,1232235.00
LOCAL,0740,Chicago O'Hare Airport Fund,99,Finance General,2005,Finance General,0070,TUITION REIMBURSEMENT,50000.00,50000.00,50000.00
LOCAL,0740,Chicago O'Hare Airport Fund,99,Finance General,2005,Finance General,0085,CITY DEFERRED COMPENSATION,92264.00,92264.00,92264.00
LOCAL,0740,Chicago O'Hare Airport Fund,99,Finance General,2005,Finance General,0135,DELEGATE AGENCIES,1255902.00,1255902.00,1255902.00
LOCAL,0740,Chicago O'Hare Airport Fund,99,Finance General,2005,Finance General,0138,IT MAINTENANCE,7210338.00,7210338.00,7160156.00
LOCAL,0740,Chicago O'Hare Airport Fund,99,Finance General,2005,Finance General,0140,PROFESSIONAL AND TECHNICAL SERVICES,93146509.00,93146509.00,91593627.00
LOCAL,0740,Chicago O'Hare Airport Fund,99,Finance General,2005,Finance General,0142,ACCOUNTING AND AUDITING,1077000.00,1077000.00,1077000.00
LOCAL,0740,Chicago O'Hare Airport Fund,99,Finance General,2005,Finance General,0145,LEGAL EXPENSES,3030000.00,3030000.00,3030000.00
LOCAL,0740,Chicago O'Hare Airport Fund,99,Finance General,2005,Finance General,0149,SOFTWARE MAINTENANCE AND LICENSING,25025.00,25025.00,425025.00
LOCAL,0740,Chicago O'Hare Airport Fund,99,Finance General,2005,Finance General,0161,MAINT FACILITIES,5030000.00,5030000.00,5030000.00
LOCAL,0740,Chicago O'Hare Airport Fund,99,Finance General,2005,Finance General,0172,INSURANCE PREMIUMS,20522880.00,20522880.00,22692918.00
LOCAL,0740,Chicago O'Hare Airport Fund,99,Finance General,2005,Finance General,0902,INTEREST ON BONDS,443672107.00,443672107.00,476852996.00
LOCAL,0740,Chicago O'Hare Airport Fund,99,Finance General,2005,Finance General,0912,PAYMENT OF BONDS,258095000.00,258095000.00,315390934.00
LOCAL,0740,Chicago O'Hare Airport Fund,99,Finance General,2005,Finance General,0931,TORT/NON-TORT JUDGMENT,8000.00,8000.00,8000.00
LOCAL,0740,Chicago O'Hare Airport Fund,99,Finance General,2005,Finance General,0959,BOND FEES AND COSTS,3077208.00,3077208.00,3077208.00
LOCAL,0740,Chicago O'Hare Airport Fund,99,Finance General,2005,Finance General,9027,SOCIAL SECURITY TAX,39766.00,39766.00,39766.00
LOCAL,0740,Chicago O'Hare Airport Fund,99,Finance General,2005,Finance General,9046,OPERATIONS AND MAINTENANCE RESERVE,3000000.00,3000000.00,3000000.00
LOCAL,0740,Chicago O'Hare Airport Fund,99,Finance General,2005,Finance General,9047,SPECIAL CAPITAL PROJECTS - AIRLINES,2000000.00,2000000.00,2000000.00
LOCAL,0740,Chicago O'Hare Airport Fund,99,Finance General,2005,Finance General,9067,PHYSICAL EXAMS,30000.00,30000.00,30000.00
LOCAL,0740,Chicago O'Hare Airport Fund,99,Finance General,2005,Finance General,9076,CITY CNTB MEDICARE TAX,1683261.00,1683261.00,1683261.00
LOCAL,0740,Chicago O'Hare Airport Fund,99,Finance General,2005,Finance General,9611,REIMB - INDIRECT COSTS TO CORPORATE,30217713.00,30217713.00,28861850.00
LOCAL,0740,Chicago O'Hare Airport Fund,99,Finance General,2005,Finance General,9980,MUNICIPAL FUND PENSION ALLOCATION,54015000.00,54015000.00,60296516.00
LOCAL,0740,Chicago O'Hare Airport Fund,99,Finance General,2005,Finance General,9981,LABORERS' FUND PENSION ALLOCATION,8560000.00,8560000.00,11246025.00
LOCAL,0740,Chicago O'Hare Airport Fund,99,Finance General,2005,Finance General,9982,POLICEMEN'S FUND PENSION ALLOCATION,14502000.00,14502000.00,16761665.00
LOCAL,0740,Chicago O'Hare Airport Fund,99,Finance General,2005,Finance General,9983,FIREMEN'S FUND PENSION ALLOCATION,22152000.00,22152000.00,21862086.00
LOCAL,0740,Chicago O'Hare Airport Fund,99,Finance General,2005,Finance General,9984,MUNICIPAL FUND ADVANCE PENSION PAYMT,12730000.00,12730000.00,12061721.00
LOCAL,0740,Chicago O'Hare Airport Fund,99,Finance General,2005,Finance General,9985,LABORERS' FUND ADVANCE PENSION PAYMT,1400000.00,1400000.00,1392145.00
LOCAL,0740,Chicago O'Hare Airport Fund,99,Finance General,2005,Finance General,9986,POLICEMEN'S FUND ADVANCE PENSION PAYMT,1283000.00,1283000.00,1082085.00
LOCAL,0740,Chicago O'Hare Airport Fund,99,Finance General,2005,Finance General,9987,FIREMEN'S FUND ADVANCE PENSION PAYMT,1421000.00,1421000.00,786086.00
LOCAL,0996,Affordable Housing Opportunity Fund,99,Finance General,2005,Finance General,0003,SCHEDULED WAGE ADJUSTMENTS,0.00,0.00,8829.00
LOCAL,0996,Affordable Housing Opportunity Fund,99,Finance General,2005,Finance General,0029,HMO PREMIUMS,12354.00,12354.00,15847.00
LOCAL,0996,Affordable Housing Opportunity Fund,99,Finance General,2005,Finance General,0042,For the Costs of Claims and Administration for Hospital and Medical Care Provided to Eligible Employees  Provided However  That All Payments to the In...,44690.00,44690.00,60036.00
LOCAL,0996,Affordable Housing Opportunity Fund,99,Finance General,2005,Finance General,0045,PREM TERM LIFE INSURANCE,438.00,438.00,568.00
LOCAL,0996,Affordable Housing Opportunity Fund,99,Finance General,2005,Finance General,0052,MEDICAL CARE CLAIMS,830.00,830.00,738.00
LOCAL,0996,Affordable Housing Opportunity Fund,99,Finance General,2005,Finance General,0056,DENTAL PLAN PREMIUMS,1892.00,1892.00,2714.00
LOCAL,0996,Affordable Housing Opportunity Fund,99,Finance General,2005,Finance General,0085,CITY DEFERRED COMPENSATION,487377.00,487377.00,487377.00
LOCAL,0996,Affordable Housing Opportunity Fund,99,Finance General,2005,Finance General,9610,REIMB - PENSION PAYMENTS,228000.00,228000.00,173781.00
LOCAL,0996,Affordable Housing Opportunity Fund,99,Finance General,2005,Finance General,9611,REIMB - INDIRECT COSTS TO CORPORATE,685000.00,685000.00,54500.00
LOCAL,0B09,CTA Real Property Transfer Tax Fund,99,Finance General,2005,Finance General,9205,FOR DISTRIBUTION - CTA,56302290.00,56302290.00,58728050.00
LOCAL,0B09,CTA Real Property Transfer Tax Fund,99,Finance General,2005,Finance General,9640,REIMB - FROM CTA,568710.00,568710.00,599205.00
LOCAL,0B21,Tax Increment Financing Administration Fund,99,Finance General,2005,Finance General,0003,SCHEDULED WAGE ADJUSTMENTS,0.00,0.00,257892.00
LOCAL,0B21,Tax Increment Financing Administration Fund,99,Finance General,2005,Finance General,0029,HMO PREMIUMS,205724.00,205724.00,240431.00
LOCAL,0B21,Tax Increment Financing Administration Fund,99,Finance General,2005,Finance General,0042,For the Costs of Claims and Administration for Hospital and Medical Care Provided to Eligible Employees  Provided However  That All Payments to the In...,744192.00,744192.00,910887.00
LOCAL,0B21,Tax Increment Financing Administration Fund,99,Finance General,2005,Finance General,0045,PREM TERM LIFE INSURANCE,7289.00,7289.00,8618.00
LOCAL,0B21,Tax Increment Financing Administration Fund,99,Finance General,2005,Finance General,0052,MEDICAL CARE CLAIMS,13818.00,13818.00,11204.00
LOCAL,0B21,Tax Increment Financing Administration Fund,99,Finance General,2005,Finance General,0056,DENTAL PLAN PREMIUMS,31513.00,31513.00,41171.00
LOCAL,0B21,Tax Increment Financing Administration Fund,99,Finance General,2005,Finance General,0085,CITY DEFERRED COMPENSATION,4421.00,4421.00,4421.00
LOCAL,0B21,Tax Increment Financing Administration Fund,99,Finance General,2005,Finance General,0138,IT MAINTENANCE,247772.00,247772.00,274490.00
LOCAL,0B21,Tax Increment Financing Administration Fund,99,Finance General,2005,Finance General,0142,ACCOUNTING AND AUDITING,195000.00,195000.00,195000.00
LOCAL,0B21,Tax Increment Financing Administration Fund,99,Finance General,2005,Finance General,9610,REIMB - PENSION PAYMENTS,3327566.00,3327566.00,3412809.00
LOCAL,0B21,Tax Increment Financing Administration Fund,99,Finance General,2005,Finance General,9611,REIMB - INDIRECT COSTS TO CORPORATE,1011655.00,1011655.00,1035924.00
LOCAL,0B32,Garbage Collection Fund,99,Finance General,2005,Finance General,0003,SCHEDULED WAGE ADJUSTMENTS,0.00,0.00,82559.00
LOCAL,0B32,Garbage Collection Fund,99,Finance General,2005,Finance General,0130,POSTAGE,89700.00,89700.00,104278.00
LOCAL,0B32,Garbage Collection Fund,99,Finance General,2005,Finance General,0138,IT MAINTENANCE,0.00,0.00,8412.00
LOCAL,0B32,Garbage Collection Fund,99,Finance General,2005,Finance General,0139,IT DEVELOPMENT,48536.00,48536.00,0.00
LOCAL,0B32,Garbage Collection Fund,99,Finance General,2005,Finance General,0140,PROFESSIONAL AND TECHNICAL SERVICES,1912739.00,1912739.00,2102560.00
LOCAL,0B42,Foreign Fire Insurance Tax Fund,99,Finance General,2005,Finance General,0455,EMERGENCY RESPONSE VEHICLE MAINTENANCE,6399900.00,6399900.00,6399900.00
LOCAL,0B42,Foreign Fire Insurance Tax Fund,99,Finance General,2005,Finance General,0526,FIRE FACILITIES MAINTENANCE,15072100.00,15072100.00,15072100.00
LOCAL,0B42,Foreign Fire Insurance Tax Fund,99,Finance General,2005,Finance General,9287,CFD - OTHER MAINTENANCE / BENEFITS,3837000.00,3837000.00,3837000.00
LOCAL,0B53,Wheelchair Accessible Vehicle Fund,99,Finance General,2005,Finance General,9647,TRANSFERS OUT,0.00,0.00,271714.00
LOCAL,0B70,Cannabis Regulation Tax,99,Finance General,2005,Finance General,0003,SCHEDULED WAGE ADJUSTMENTS,0.00,0.00,13238.00
LOCAL,0B70,Cannabis Regulation Tax,99,Finance General,2005,Finance General,9102,SPECIAL PROGRAM COSTS,7119088.00,7119088.00,1500000.00
LOCAL,0B70,Cannabis Regulation Tax,99,Finance General,2005,Finance General,929B,Restoration Committee,500000.00,500000.00,0.00
LOCAL,0B89,Opioid Settlement Fund,99,Finance General,2005,Finance General,0003,SCHEDULED WAGE ADJUSTMENTS,0.00,0.00,40177.00
LOCAL,0B90,Vaping Settlement Fund,99,Finance General,2005,Finance General,0003,SCHEDULED WAGE ADJUSTMENTS,0.00,0.00,9235.00
LOCAL,0B93,Houseshare Surcharge - Homeless Services Fund,99,Finance General,2005,Finance General,9713,TRANSFER - ADMINISTRATION,1192000.00,1192000.00,1192000.00
LOCAL,0B94,Houseshare Surcharge - Domestic Violence Fund,99,Finance General,2005,Finance General,9713,TRANSFER - ADMINISTRATION,884960.00,884960.00,784000.00
LOCAL,0D43,Neighborhoods Opportunity Fund,99,Finance General,2005,Finance General,0003,SCHEDULED WAGE ADJUSTMENTS,0.00,0.00,13379.00
LOCAL,0D43,Neighborhoods Opportunity Fund,99,Finance General,2005,Finance General,0029,HMO PREMIUMS,9131.00,9131.00,13114.00
LOCAL,0D43,Neighborhoods Opportunity Fund,99,Finance General,2005,Finance General,0042,For the Costs of Claims and Administration for Hospital and Medical Care Provided to Eligible Employees  Provided However  That All Payments to the In...,33032.00,33032.00,49685.00
LOCAL,0D43,Neighborhoods Opportunity Fund,99,Finance General,2005,Finance General,0045,PREM TERM LIFE INSURANCE,324.00,324.00,470.00
LOCAL,0D43,Neighborhoods Opportunity Fund,99,Finance General,2005,Finance General,0052,MEDICAL CARE CLAIMS,613.00,613.00,611.00
LOCAL,0D43,Neighborhoods Opportunity Fund,99,Finance General,2005,Finance General,0056,DENTAL PLAN PREMIUMS,1399.00,1399.00,2246.00
LOCAL,0D43,Neighborhoods Opportunity Fund,99,Finance General,2005,Finance General,0085,CITY DEFERRED COMPENSATION,155.00,155.00,155.00
LOCAL,0D43,Neighborhoods Opportunity Fund,99,Finance General,2005,Finance General,9610,REIMB - PENSION PAYMENTS,201000.00,201000.00,137712.00
LOCAL,0D43,Neighborhoods Opportunity Fund,99,Finance General,2005,Finance General,9611,REIMB - INDIRECT COSTS TO CORPORATE,1484000.00,1484000.00,106533.00
GRANTS,925L,Local Public and Private Grant Fund,1,Office of the Mayor,2808,Water Policy Program,0005,SALARIES AND WAGES - ON PAYROLL,0.00,0.00,93073.00
GRANTS,925L,Local Public and Private Grant Fund,1,Office of the Mayor,2808,Water Policy Program,0006,SALARY PROVISION,130000.00,130000.00,0.00
GRANTS,925L,Local Public and Private Grant Fund,1,Office of the Mayor,2808,Water Policy Program,0044,FRINGE BENEFITS,0.00,0.00,55470.00
GRANTS,925L,Local Public and Private Grant Fund,1,Office of the Mayor,2808,Water Policy Program,0140,PROFESSIONAL AND TECHNICAL SERVICES,130000.00,130000.00,0.00
GRANTS,925L,Local Public and Private Grant Fund,1,Office of the Mayor,2808,Water Policy Program,909A,RESERVE BALANCE,0.00,0.00,111457.00
GRANTS,925L,Local Public and Private Grant Fund,1,Office of the Mayor,280A,CityStart,909A,RESERVE BALANCE,75000.00,75000.00,75000.00
GRANTS,925L,Local Public and Private Grant Fund,1,Office of the Mayor,2836,Walder Fellowship,0005,SALARIES AND WAGES - ON PAYROLL,40026.00,40026.00,0.00
GRANTS,925L,Local Public and Private Grant Fund,1,Office of the Mayor,2836,Walder Fellowship,0044,FRINGE BENEFITS,59974.00,59974.00,0.00
GRANTS,925L,Local Public and Private Grant Fund,1,Office of the Mayor,2839,Chicago Funders Together to End Homelessness,0005,SALARIES AND WAGES - ON PAYROLL,130900.00,130900.00,166510.00
GRANTS,925L,Local Public and Private Grant Fund,1,Office of the Mayor,2839,Chicago Funders Together to End Homelessness,0006,SALARY PROVISION,447373.00,447373.00,0.00
GRANTS,925L,Local Public and Private Grant Fund,1,Office of the Mayor,2839,Chicago Funders Together to End Homelessness,0044,FRINGE BENEFITS,96727.00,96727.00,99237.00
GRANTS,925L,Local Public and Private Grant Fund,1,Office of the Mayor,2839,Chicago Funders Together to End Homelessness,909A,RESERVE BALANCE,0.00,0.00,409253.00
GRANTS,GA00,Coronavirus Local Fiscal Recovery Fund,1,Office of the Mayor,290H,American Rescue Plan Fiscal Recovery,0005,SALARIES AND WAGES - ON PAYROLL,874417.00,874417.00,647103.00
GRANTS,GA00,Coronavirus Local Fiscal Recovery Fund,1,Office of the Mayor,290H,American Rescue Plan Fiscal Recovery,0006,SALARY PROVISION,534819.00,534819.00,238.00
GRANTS,GA00,Coronavirus Local Fiscal Recovery Fund,1,Office of the Mayor,290H,American Rescue Plan Fiscal Recovery,0044,FRINGE BENEFITS,608577.00,608577.00,385659.00
GRANTS,GA00,Coronavirus Local Fiscal Recovery Fund,1,Office of the Mayor,290H,American Rescue Plan Fiscal Recovery,909A,RESERVE BALANCE,9627187.00,9627187.00,1694000.00
GRANTS,0075,Grants Management Fund,5,Office of Budget and Management,2855,Grants Management,0005,SALARIES AND WAGES - ON PAYROLL,1211383.00,1211383.00,1397580.00
GRANTS,0075,Grants Management Fund,5,Office of Budget and Management,2855,Grants Management,0006,SALARY PROVISION,400031.00,400031.00,0.00
GRANTS,0075,Grants Management Fund,5,Office of Budget and Management,2855,Grants Management,0015,SCHEDULE SALARY ADJUSTMENTS,18069.00,18069.00,25730.00
GRANTS,0075,Grants Management Fund,5,Office of Budget and Management,2855,Grants Management,0039,STUDENT AS TRAINEES,26876.00,26876.00,26108.00
GRANTS,0075,Grants Management Fund,5,Office of Budget and Management,2855,Grants Management,0044,FRINGE BENEFITS,815291.00,815291.00,832930.00
GRANTS,0075,Grants Management Fund,5,Office of Budget and Management,2855,Grants Management,0140,PROFESSIONAL AND TECHNICAL SERVICES,507100.00,507100.00,508358.00
GRANTS,0075,Grants Management Fund,5,Office of Budget and Management,2855,Grants Management,0152,ADVERTISING,0.00,0.00,10000.00
GRANTS,0075,Grants Management Fund,5,Office of Budget and Management,2855,Grants Management,0166,DUES  SUBSC & MEM,5000.00,5000.00,894.00
GRANTS,0075,Grants Management Fund,5,Office of Budget and Management,2855,Grants Management,0169,TECHNICAL MEETING COSTS,0.00,0.00,10000.00
GRANTS,0075,Grants Management Fund,5,Office of Budget and Management,2855,Grants Management,0190,TELEPHONE - CENTREX BILLINGS,2250.00,2250.00,0.00
GRANTS,0075,Grants Management Fund,5,Office of Budget and Management,2855,Grants Management,0245,REIMBURSEMENT TO TRAVELERS,15000.00,15000.00,5400.00
GRANTS,0075,Grants Management Fund,5,Office of Budget and Management,2855,Grants Management,0350,STATIONERY AND OFFICE SUPPLIES,5000.00,5000.00,5000.00
GRANTS,925F,Federal Grant Fund,5,Office of Budget and Management,2816,Public Assistance,909A,RESERVE BALANCE,232000.00,232000.00,232000.00
GRANTS,925L,Local Public and Private Grant Fund,5,Office of Budget and Management,2818,Disaster Response and Recovery Fund,909A,RESERVE BALANCE,70000000.00,70000000.00,0.00
GRANTS,GA00,Coronavirus Local Fiscal Recovery Fund,5,Office of Budget and Management,290H,American Rescue Plan Fiscal Recovery,0005,SALARIES AND WAGES - ON PAYROLL,224163.00,224163.00,230891.00
GRANTS,GA00,Coronavirus Local Fiscal Recovery Fund,5,Office of Budget and Management,290H,American Rescue Plan Fiscal Recovery,0006,SALARY PROVISION,193446.00,193446.00,0.00
GRANTS,GA00,Coronavirus Local Fiscal Recovery Fund,5,Office of Budget and Management,290H,American Rescue Plan Fiscal Recovery,0044,FRINGE BENEFITS,145152.00,145152.00,137606.00
GRANTS,GA00,Coronavirus Local Fiscal Recovery Fund,5,Office of Budget and Management,290H,American Rescue Plan Fiscal Recovery,0135,DELEGATE AGENCIES,-632996.00,-632996.00,0.00
GRANTS,GA00,Coronavirus Local Fiscal Recovery Fund,5,Office of Budget and Management,290H,American Rescue Plan Fiscal Recovery,0140,PROFESSIONAL AND TECHNICAL SERVICES,18335235.00,18335235.00,2049503.00
GRANTS,GA00,Coronavirus Local Fiscal Recovery Fund,5,Office of Budget and Management,290H,American Rescue Plan Fiscal Recovery,0157,RENTAL EQUIPMENT AND SERVICES,500.00,500.00,0.00
GRANTS,GA00,Coronavirus Local Fiscal Recovery Fund,5,Office of Budget and Management,290H,American Rescue Plan Fiscal Recovery,0350,STATIONERY AND OFFICE SUPPLIES,200.00,200.00,0.00
GRANTS,GA00,Coronavirus Local Fiscal Recovery Fund,5,Office of Budget and Management,290H,American Rescue Plan Fiscal Recovery,0446,PURCHASE - IT HARDWARE,4300.00,4300.00,0.00
GRANTS,GA00,Coronavirus Local Fiscal Recovery Fund,5,Office of Budget and Management,290H,American Rescue Plan Fiscal Recovery,909A,RESERVE BALANCE,0.00,0.00,10482000.00
GRANTS,GA00,Coronavirus Local Fiscal Recovery Fund,5,Office of Budget and Management,290H,American Rescue Plan Fiscal Recovery,9246,AMERICAN RESCUE PLAN INVESTMENT,500000.00,500000.00,0.00
GRANTS,925F,Federal Grant Fund,6,Department of Technology and Innovation,2825,Urban Areas Security Initiative,0005,SALARIES AND WAGES - ON PAYROLL,414053.00,414053.00,409392.00
GRANTS,925F,Federal Grant Fund,6,Department of Technology and Innovation,2825,Urban Areas Security Initiative,0015,SCHEDULE SALARY ADJUSTMENTS,0.00,0.00,7506.00
GRANTS,925F,Federal Grant Fund,6,Department of Technology and Innovation,2825,Urban Areas Security Initiative,0044,FRINGE BENEFITS,276818.00,276818.00,259396.00
GRANTS,925F,Federal Grant Fund,6,Department of Technology and Innovation,2825,Urban Areas Security Initiative,0140,PROFESSIONAL AND TECHNICAL SERVICES,18661129.00,18661129.00,5923706.00
GRANTS,925F,Federal Grant Fund,6,Department of Technology and Innovation,2825,Urban Areas Security Initiative,909A,RESERVE BALANCE,0.00,0.00,19352000.00
GRANTS,925F,Federal Grant Fund,6,Department of Technology and Innovation,2829,Public Health Emergency Preparedness (PHEP),0005,SALARIES AND WAGES - ON PAYROLL,348700.00,348700.00,0.00
GRANTS,925F,Federal Grant Fund,6,Department of Technology and Innovation,2829,Public Health Emergency Preparedness (PHEP),0006,SALARY PROVISION,387710.00,387710.00,0.00
GRANTS,925F,Federal Grant Fund,6,Department of Technology and Innovation,2829,Public Health Emergency Preparedness (PHEP),0044,FRINGE BENEFITS,255300.00,255300.00,0.00
GRANTS,925F,Federal Grant Fund,6,Department of Technology and Innovation,2829,Public Health Emergency Preparedness (PHEP),909A,RESERVE BALANCE,-991710.00,-991710.00,0.00
GRANTS,GA00,Coronavirus Local Fiscal Recovery Fund,6,Department of Technology and Innovation,290H,American Rescue Plan Fiscal Recovery,0006,SALARY PROVISION,137051.00,137051.00,0.00
GRANTS,GA00,Coronavirus Local Fiscal Recovery Fund,6,Department of Technology and Innovation,290H,American Rescue Plan Fiscal Recovery,909A,RESERVE BALANCE,-137051.00,-137051.00,0.00
GRANTS,0075,Grants Management Fund,21,Department of Housing,2846,Housing Preservation,0005,SALARIES AND WAGES - ON PAYROLL,0.00,0.00,363191.00
GRANTS,0075,Grants Management Fund,21,Department of Housing,2846,Housing Preservation,0006,SALARY PROVISION,0.00,0.00,358.00
GRANTS,0075,Grants Management Fund,21,Department of Housing,2846,Housing Preservation,0015,SCHEDULE SALARY ADJUSTMENTS,0.00,0.00,15997.00
GRANTS,0075,Grants Management Fund,21,Department of Housing,2846,Housing Preservation,0044,FRINGE BENEFITS,0.00,0.00,216454.00
GRANTS,0075,Grants Management Fund,21,Department of Housing,2847,Homeownership Programs,0005,SALARIES AND WAGES - ON PAYROLL,0.00,0.00,466159.00
GRANTS,0075,Grants Management Fund,21,Department of Housing,2847,Homeownership Programs,0015,SCHEDULE SALARY ADJUSTMENTS,0.00,0.00,6020.00
GRANTS,0075,Grants Management Fund,21,Department of Housing,2847,Homeownership Programs,0044,FRINGE BENEFITS,0.00,0.00,277821.00
GRANTS,925C,COVID-19 Grant Fund,21,Department of Housing,2833,Home Investment Partnership,909A,RESERVE BALANCE,0.00,0.00,27171000.00
GRANTS,925C,COVID-19 Grant Fund,21,Department of Housing,2833,Home Investment Partnership,9103,REHABILITATION LOANS GT,27171000.00,27171000.00,0.00
GRANTS,925C,COVID-19 Grant Fund,21,Department of Housing,2836,Emergency Rental Housing Asst,0005,SALARIES AND WAGES - ON PAYROLL,169828.00,169828.00,73542.00
GRANTS,925C,COVID-19 Grant Fund,21,Department of Housing,2836,Emergency Rental Housing Asst,0006,SALARY PROVISION,500000.00,500000.00,0.00
GRANTS,925C,COVID-19 Grant Fund,21,Department of Housing,2836,Emergency Rental Housing Asst,0015,SCHEDULE SALARY ADJUSTMENTS,5573.00,5573.00,2070.00
GRANTS,925C,COVID-19 Grant Fund,21,Department of Housing,2836,Emergency Rental Housing Asst,0044,FRINGE BENEFITS,109968.00,109968.00,50017.00
GRANTS,925C,COVID-19 Grant Fund,21,Department of Housing,2836,Emergency Rental Housing Asst,0135,DELEGATE AGENCIES,17568031.00,17568031.00,0.00
GRANTS,925C,COVID-19 Grant Fund,21,Department of Housing,2836,Emergency Rental Housing Asst,0149,SOFTWARE MAINTENANCE AND LICENSING,186000.00,186000.00,0.00
GRANTS,925C,COVID-19 Grant Fund,21,Department of Housing,2836,Emergency Rental Housing Asst,1246,HOUSING ASSISTANCE,2442600.00,2442600.00,0.00
GRANTS,925C,COVID-19 Grant Fund,21,Department of Housing,2836,Emergency Rental Housing Asst,909A,RESERVE BALANCE,0.00,0.00,6858371.00
GRANTS,925F,Federal Grant Fund,21,Department of Housing,2833,Home Investment Partnership,0005,SALARIES AND WAGES - ON PAYROLL,2036405.00,2036405.00,2194554.00
GRANTS,925F,Federal Grant Fund,21,Department of Housing,2833,Home Investment Partnership,0015,SCHEDULE SALARY ADJUSTMENTS,31859.00,31859.00,38964.00
GRANTS,925F,Federal Grant Fund,21,Department of Housing,2833,Home Investment Partnership,0044,FRINGE BENEFITS,1360045.00,1360045.00,1318936.00
GRANTS,925F,Federal Grant Fund,21,Department of Housing,2833,Home Investment Partnership,0135,DELEGATE AGENCIES,-3831772.00,-3831772.00,300000.00
GRANTS,925F,Federal Grant Fund,21,Department of Housing,2833,Home Investment Partnership,0169,TECHNICAL MEETING COSTS,18000.00,18000.00,18000.00
GRANTS,925F,Federal Grant Fund,21,Department of Housing,2833,Home Investment Partnership,909A,RESERVE BALANCE,0.00,0.00,59934000.00
GRANTS,925F,Federal Grant Fund,21,Department of Housing,2833,Home Investment Partnership,9103,REHABILITATION LOANS GT,94357463.00,94357463.00,16129546.00
GRANTS,925F,Federal Grant Fund,21,Department of Housing,2840,Prairie District Affordable Housing,909A,RESERVE BALANCE,0.00,0.00,2000000.00
GRANTS,925F,Federal Grant Fund,21,Department of Housing,2840,Prairie District Affordable Housing,9103,REHABILITATION LOANS GT,2000000.00,2000000.00,0.00
GRANTS,925F,Federal Grant Fund,21,Department of Housing,2845,South Shore Homeownership Preservation,909A,RESERVE BALANCE,0.00,0.00,2000000.00
GRANTS,925F,Federal Grant Fund,21,Department of Housing,2845,South Shore Homeownership Preservation,9103,REHABILITATION LOANS GT,2000000.00,2000000.00,0.00
GRANTS,925L,Local Public and Private Grant Fund,21,Department of Housing,2834,Abandoned Residential Property Relief,0140,PROFESSIONAL AND TECHNICAL SERVICES,2579000.00,2579000.00,0.00
GRANTS,925L,Local Public and Private Grant Fund,21,Department of Housing,2834,Abandoned Residential Property Relief,909A,RESERVE BALANCE,0.00,0.00,708000.00
GRANTS,925P,Program Income Fund,21,Department of Housing,2833,Home Investment Partnership,909A,RESERVE BALANCE,0.00,0.00,11746000.00
GRANTS,925P,Program Income Fund,21,Department of Housing,2833,Home Investment Partnership,9103,REHABILITATION LOANS GT,22591000.00,22591000.00,16847000.00
GRANTS,925S,State Grant Fund,21,Department of Housing,2835,Low Income Housing Trust Fund,0005,SALARIES AND WAGES - ON PAYROLL,0.00,0.00,62169.00
GRANTS,925S,State Grant Fund,21,Department of Housing,2835,Low Income Housing Trust Fund,0044,FRINGE BENEFITS,0.00,0.00,42282.00
GRANTS,925S,State Grant Fund,21,Department of Housing,2835,Low Income Housing Trust Fund,0135,DELEGATE AGENCIES,6957000.00,6957000.00,9895549.00
GRANTS,925S,State Grant Fund,21,Department of Housing,2838,Build Illinois,0135,DELEGATE AGENCIES,20000000.00,20000000.00,0.00
GRANTS,925S,State Grant Fund,21,Department of Housing,2838,Build Illinois,909A,RESERVE BALANCE,0.00,0.00,20000000.00
GRANTS,GA00,Coronavirus Local Fiscal Recovery Fund,21,Department of Housing,290H,American Rescue Plan Fiscal Recovery,0005,SALARIES AND WAGES - ON PAYROLL,113141.00,113141.00,0.00
GRANTS,GA00,Coronavirus Local Fiscal Recovery Fund,21,Department of Housing,290H,American Rescue Plan Fiscal Recovery,0006,SALARY PROVISION,56213.00,56213.00,0.00
GRANTS,GA00,Coronavirus Local Fiscal Recovery Fund,21,Department of Housing,290H,American Rescue Plan Fiscal Recovery,0044,FRINGE BENEFITS,73262.00,73262.00,0.00
GRANTS,GA00,Coronavirus Local Fiscal Recovery Fund,21,Department of Housing,290H,American Rescue Plan Fiscal Recovery,909A,RESERVE BALANCE,384.00,384.00,0.00
GRANTS,925F,Federal Grant Fund,23,Department of Cultural Affairs and Special Events,2829,Farmers Markets,0140,PROFESSIONAL AND TECHNICAL SERVICES,60000.00,60000.00,0.00
GRANTS,925F,Federal Grant Fund,23,Department of Cultural Affairs and Special Events,2829,Farmers Markets,909A,RESERVE BALANCE,0.00,0.00,39000.00
GRANTS,925F,Federal Grant Fund,23,Department of Cultural Affairs and Special Events,2838,Partners in Excellence,0991,MATCHING AND SUPPLEMENTAL GRANTS,0.00,0.00,54000.00
GRANTS,925F,Federal Grant Fund,23,Department of Cultural Affairs and Special Events,2838,Partners in Excellence,909A,RESERVE BALANCE,108000.00,108000.00,17000.00
GRANTS,925F,Federal Grant Fund,23,Department of Cultural Affairs and Special Events,2865,Art Works,0140,PROFESSIONAL AND TECHNICAL SERVICES,40000.00,40000.00,50000.00
GRANTS,925F,Federal Grant Fund,23,Department of Cultural Affairs and Special Events,2865,Art Works,909A,RESERVE BALANCE,0.00,0.00,33000.00
GRANTS,925F,Federal Grant Fund,23,Department of Cultural Affairs and Special Events,2872,Our Town Program,0140,PROFESSIONAL AND TECHNICAL SERVICES,100000.00,100000.00,100000.00
GRANTS,925F,Federal Grant Fund,23,Department of Cultural Affairs and Special Events,2872,Our Town Program,909A,RESERVE BALANCE,0.00,0.00,60000.00
GRANTS,925L,Local Public and Private Grant Fund,23,Department of Cultural Affairs and Special Events,2829,Farmers Markets,909A,RESERVE BALANCE,0.00,0.00,15000.00
GRANTS,925L,Local Public and Private Grant Fund,23,Department of Cultural Affairs and Special Events,2838,Partners in Excellence,0991,MATCHING AND SUPPLEMENTAL GRANTS,108000.00,108000.00,54000.00
GRANTS,925L,Local Public and Private Grant Fund,23,Department of Cultural Affairs and Special Events,2838,Partners in Excellence,909A,RESERVE BALANCE,0.00,0.00,21000.00
GRANTS,925L,Local Public and Private Grant Fund,23,Department of Cultural Affairs and Special Events,2839,Community Arts Access Program,0991,MATCHING AND SUPPLEMENTAL GRANTS,73000.00,73000.00,36000.00
GRANTS,925L,Local Public and Private Grant Fund,23,Department of Cultural Affairs and Special Events,2839,Community Arts Access Program,909A,RESERVE BALANCE,0.00,0.00,36000.00
GRANTS,925L,Local Public and Private Grant Fund,23,Department of Cultural Affairs and Special Events,2855,Visual Arts Exhibition,0140,PROFESSIONAL AND TECHNICAL SERVICES,26000.00,26000.00,400000.00
GRANTS,925L,Local Public and Private Grant Fund,23,Department of Cultural Affairs and Special Events,2855,Visual Arts Exhibition,909A,RESERVE BALANCE,0.00,0.00,144000.00
GRANTS,925L,Local Public and Private Grant Fund,23,Department of Cultural Affairs and Special Events,2864,Chicago Cultural Center Foundation,0140,PROFESSIONAL AND TECHNICAL SERVICES,101000.00,101000.00,0.00
GRANTS,925L,Local Public and Private Grant Fund,23,Department of Cultural Affairs and Special Events,2864,Chicago Cultural Center Foundation,909A,RESERVE BALANCE,0.00,0.00,101000.00
GRANTS,925L,Local Public and Private Grant Fund,23,Department of Cultural Affairs and Special Events,2865,Art Works,0991,MATCHING AND SUPPLEMENTAL GRANTS,40000.00,40000.00,50000.00
GRANTS,925L,Local Public and Private Grant Fund,23,Department of Cultural Affairs and Special Events,2865,Art Works,909A,RESERVE BALANCE,0.00,0.00,33000.00
GRANTS,925L,Local Public and Private Grant Fund,23,Department of Cultural Affairs and Special Events,2869,Millennium Park Winter Program,0140,PROFESSIONAL AND TECHNICAL SERVICES,66000.00,66000.00,0.00
GRANTS,925L,Local Public and Private Grant Fund,23,Department of Cultural Affairs and Special Events,2872,Our Town Program,0991,MATCHING AND SUPPLEMENTAL GRANTS,0.00,0.00,100000.00
GRANTS,925L,Local Public and Private Grant Fund,23,Department of Cultural Affairs and Special Events,2872,Our Town Program,909A,RESERVE BALANCE,0.00,0.00,37000.00
GRANTS,925L,Local Public and Private Grant Fund,23,Department of Cultural Affairs and Special Events,2877,Cultural Sector Building,0140,PROFESSIONAL AND TECHNICAL SERVICES,3000.00,3000.00,0.00
GRANTS,925L,Local Public and Private Grant Fund,23,Department of Cultural Affairs and Special Events,2877,Cultural Sector Building,0991,MATCHING AND SUPPLEMENTAL GRANTS,550000.00,550000.00,1800000.00
GRANTS,925L,Local Public and Private Grant Fund,23,Department of Cultural Affairs and Special Events,2878,Department of Cultural Affairs and Special Events - Private Grants,0140,PROFESSIONAL AND TECHNICAL SERVICES,6932000.00,6932000.00,3000000.00
GRANTS,925L,Local Public and Private Grant Fund,23,Department of Cultural Affairs and Special Events,2878,Department of Cultural Affairs and Special Events - Private Grants,0991,MATCHING AND SUPPLEMENTAL GRANTS,1755000.00,1755000.00,0.00
GRANTS,925L,Local Public and Private Grant Fund,23,Department of Cultural Affairs and Special Events,2878,Department of Cultural Affairs and Special Events - Private Grants,909A,RESERVE BALANCE,0.00,0.00,8112000.00
GRANTS,925L,Local Public and Private Grant Fund,23,Department of Cultural Affairs and Special Events,2882,Builders Initiative,0140,PROFESSIONAL AND TECHNICAL SERVICES,203000.00,203000.00,0.00
GRANTS,925S,State Grant Fund,23,Department of Cultural Affairs and Special Events,280B,Tourism Private Sector Grant Program,909A,RESERVE BALANCE,450000.00,450000.00,450000.00
GRANTS,925S,State Grant Fund,23,Department of Cultural Affairs and Special Events,2839,Community Arts Access Program,0991,MATCHING AND SUPPLEMENTAL GRANTS,0.00,0.00,141000.00
GRANTS,925S,State Grant Fund,23,Department of Cultural Affairs and Special Events,2839,Community Arts Access Program,909A,RESERVE BALANCE,286000.00,286000.00,141000.00
GRANTS,GA00,Coronavirus Local Fiscal Recovery Fund,23,Department of Cultural Affairs and Special Events,290H,American Rescue Plan Fiscal Recovery,0005,SALARIES AND WAGES - ON PAYROLL,113141.00,113141.00,0.00
GRANTS,GA00,Coronavirus Local Fiscal Recovery Fund,23,Department of Cultural Affairs and Special Events,290H,American Rescue Plan Fiscal Recovery,0006,SALARY PROVISION,125286.00,125286.00,0.00
GRANTS,GA00,Coronavirus Local Fiscal Recovery Fund,23,Department of Cultural Affairs and Special Events,290H,American Rescue Plan Fiscal Recovery,0044,FRINGE BENEFITS,73262.00,73262.00,0.00
GRANTS,GA00,Coronavirus Local Fiscal Recovery Fund,23,Department of Cultural Affairs and Special Events,290H,American Rescue Plan Fiscal Recovery,0135,DELEGATE AGENCIES,965872.00,965872.00,2885000.00
GRANTS,GA00,Coronavirus Local Fiscal Recovery Fund,23,Department of Cultural Affairs and Special Events,290H,American Rescue Plan Fiscal Recovery,909A,RESERVE BALANCE,0.00,0.00,10760000.00
GRANTS,GA00,Coronavirus Local Fiscal Recovery Fund,23,Department of Cultural Affairs and Special Events,290H,American Rescue Plan Fiscal Recovery,9219,IMPLEMENTATION OF CULTURAL PLAN,9838712.00,9838712.00,0.00
GRANTS,GA00,Coronavirus Local Fiscal Recovery Fund,23,Department of Cultural Affairs and Special Events,290H,American Rescue Plan Fiscal Recovery,9246,AMERICAN RESCUE PLAN INVESTMENT,4060727.00,4060727.00,0.00
GRANTS,925L,Local Public and Private Grant Fund,25,Office of City Clerk,2800,CLIR Recordings at Risk Program,0340,MATERIAL AND SUPPLIES,39000.00,39000.00,39000.00
GRANTS,0075,Grants Management Fund,27,Department of Finance,2855,Central Grants Management,0005,SALARIES AND WAGES - ON PAYROLL,1308112.00,1308112.00,1297067.00
GRANTS,0075,Grants Management Fund,27,Department of Finance,2855,Central Grants Management,0006,SALARY PROVISION,0.00,0.00,12140.00
GRANTS,0075,Grants Management Fund,27,Department of Finance,2855,Central Grants Management,0015,SCHEDULE SALARY ADJUSTMENTS,11930.00,11930.00,12868.00
GRANTS,0075,Grants Management Fund,27,Department of Finance,2855,Central Grants Management,0044,FRINGE BENEFITS,886835.00,886835.00,803793.00
GRANTS,0075,Grants Management Fund,27,Department of Finance,2855,Central Grants Management,0140,PROFESSIONAL AND TECHNICAL SERVICES,185728.00,185728.00,185737.00
GRANTS,0075,Grants Management Fund,27,Department of Finance,2855,Central Grants Management,0142,ACCOUNTING AND AUDITING,158895.00,158895.00,158895.00
GRANTS,0075,Grants Management Fund,27,Department of Finance,2855,Central Grants Management,0149,SOFTWARE MAINTENANCE AND LICENSING,37500.00,37500.00,37500.00
GRANTS,925L,Local Public and Private Grant Fund,27,Department of Finance,2834,Abandoned Residential Property Program,0005,SALARIES AND WAGES - ON PAYROLL,0.00,0.00,69216.00
GRANTS,925L,Local Public and Private Grant Fund,27,Department of Finance,2834,Abandoned Residential Property Program,0006,SALARY PROVISION,0.00,0.00,697.00
GRANTS,925L,Local Public and Private Grant Fund,27,Department of Finance,2834,Abandoned Residential Property Program,0015,SCHEDULE SALARY ADJUSTMENTS,0.00,0.00,2070.00
GRANTS,925L,Local Public and Private Grant Fund,27,Department of Finance,2834,Abandoned Residential Property Program,0044,FRINGE BENEFITS,0.00,0.00,50017.00
GRANTS,GA00,Coronavirus Local Fiscal Recovery Fund,27,Department of Finance,290H,American Rescue Plan Fiscal Recovery,0135,DELEGATE AGENCIES,0.00,0.00,4449000.00
GRANTS,GA00,Coronavirus Local Fiscal Recovery Fund,27,Department of Finance,290H,American Rescue Plan Fiscal Recovery,0140,PROFESSIONAL AND TECHNICAL SERVICES,514098.00,514098.00,0.00
GRANTS,GA00,Coronavirus Local Fiscal Recovery Fund,27,Department of Finance,290H,American Rescue Plan Fiscal Recovery,909A,RESERVE BALANCE,-514098.00,-514098.00,0.00
GRANTS,925L,Local Public and Private Grant Fund,31,Department of Law,2834,Abandoned Residential Property Program,0005,SALARIES AND WAGES - ON PAYROLL,0.00,0.00,60662.00
GRANTS,925L,Local Public and Private Grant Fund,31,Department of Law,2834,Abandoned Residential Property Program,0006,SALARY PROVISION,0.00,0.00,502.00
GRANTS,925L,Local Public and Private Grant Fund,31,Department of Law,2834,Abandoned Residential Property Program,0044,FRINGE BENEFITS,0.00,0.00,43836.00
GRANTS,0075,Grants Management Fund,33,Department of Human Resources,2800,Central Grants Management,0005,SALARIES AND WAGES - ON PAYROLL,563040.00,563040.00,586711.00
GRANTS,0075,Grants Management Fund,33,Department of Human Resources,2800,Central Grants Management,0006,SALARY PROVISION,31556.00,31556.00,20876.00
GRANTS,0075,Grants Management Fund,33,Department of Human Resources,2800,Central Grants Management,0015,SCHEDULE SALARY ADJUSTMENTS,3494.00,3494.00,3910.00
GRANTS,0075,Grants Management Fund,33,Department of Human Resources,2800,Central Grants Management,0044,FRINGE BENEFITS,388323.00,388323.00,363503.00
GRANTS,0075,Grants Management Fund,33,Department of Human Resources,2800,Central Grants Management,909A,RESERVE BALANCE,-413.00,-413.00,0.00
GRANTS,GA00,Coronavirus Local Fiscal Recovery Fund,33,Department of Human Resources,290H,American Rescue Plan Fiscal Recovery,0006,SALARY PROVISION,404388.00,404388.00,0.00
GRANTS,GA00,Coronavirus Local Fiscal Recovery Fund,33,Department of Human Resources,290H,American Rescue Plan Fiscal Recovery,909A,RESERVE BALANCE,-360388.00,-360388.00,0.00
GRANTS,925C,COVID-19 Grant Fund,38,Department of Fleet and Facility Management,280A,Community Development Block Grant - CARES Act,0140,PROFESSIONAL AND TECHNICAL SERVICES,1534000.00,1534000.00,0.00
GRANTS,925C,COVID-19 Grant Fund,38,Department of Fleet and Facility Management,280A,Community Development Block Grant - CARES Act,909A,RESERVE BALANCE,0.00,0.00,78000.00
GRANTS,925F,Federal Grant Fund,38,Department of Fleet and Facility Management,2829,Energy Efficiency and Conservation Block Grant,0140,PROFESSIONAL AND TECHNICAL SERVICES,0.00,0.00,615000.00
GRANTS,925F,Federal Grant Fund,38,Department of Fleet and Facility Management,2829,Energy Efficiency and Conservation Block Grant,909A,RESERVE BALANCE,1000000.00,1000000.00,1000000.00
GRANTS,925F,Federal Grant Fund,38,Department of Fleet and Facility Management,2837,Brownfields Assessment and Cleanup Cooperative Agreements Carryover,909A,RESERVE BALANCE,0.00,0.00,445000.00
GRANTS,925F,Federal Grant Fund,38,Department of Fleet and Facility Management,2852,Anadarko / Streeterville Removal,0005,SALARIES AND WAGES - ON PAYROLL,107554.00,107554.00,115771.00
GRANTS,925F,Federal Grant Fund,38,Department of Fleet and Facility Management,2852,Anadarko / Streeterville Removal,0044,FRINGE BENEFITS,69644.00,69644.00,68997.00
GRANTS,925F,Federal Grant Fund,38,Department of Fleet and Facility Management,2852,Anadarko / Streeterville Removal,0140,PROFESSIONAL AND TECHNICAL SERVICES,43758802.00,43758802.00,0.00
GRANTS,925F,Federal Grant Fund,38,Department of Fleet and Facility Management,2852,Anadarko / Streeterville Removal,909A,RESERVE BALANCE,0.00,0.00,41757232.00
GRANTS,GA00,Coronavirus Local Fiscal Recovery Fund,38,Department of Fleet and Facility Management,290H,American Rescue Plan Fiscal Recovery,0125,OFFICE AND BUILDING SERVICES,468000.00,468000.00,0.00
GRANTS,925C,COVID-19 Grant Fund,41,Chicago Department of Public Health,2710,Building Epidemiology and Health IT Capacity,0005,SALARIES AND WAGES - ON PAYROLL,18088003.00,18088003.00,13414761.00
GRANTS,925C,COVID-19 Grant Fund,41,Chicago Department of Public Health,2710,Building Epidemiology and Health IT Capacity,0006,SALARY PROVISION,5001602.00,5001602.00,12916.00
GRANTS,925C,COVID-19 Grant Fund,41,Chicago Department of Public Health,2710,Building Epidemiology and Health IT Capacity,0015,SCHEDULE SALARY ADJUSTMENTS,174926.00,174926.00,165021.00
GRANTS,925C,COVID-19 Grant Fund,41,Chicago Department of Public Health,2710,Building Epidemiology and Health IT Capacity,0044,FRINGE BENEFITS,12127669.00,12127669.00,8080556.00
GRANTS,925C,COVID-19 Grant Fund,41,Chicago Department of Public Health,2710,Building Epidemiology and Health IT Capacity,0140,PROFESSIONAL AND TECHNICAL SERVICES,197676492.00,197676492.00,0.00
GRANTS,925C,COVID-19 Grant Fund,41,Chicago Department of Public Health,2710,Building Epidemiology and Health IT Capacity,0270,LOCAL TRANSPORTATION,246564.00,246564.00,0.00
GRANTS,925C,COVID-19 Grant Fund,41,Chicago Department of Public Health,2710,Building Epidemiology and Health IT Capacity,0340,MATERIAL AND SUPPLIES,1280442.00,1280442.00,0.00
GRANTS,925C,COVID-19 Grant Fund,41,Chicago Department of Public Health,2710,Building Epidemiology and Health IT Capacity,0801,INDIRECT COSTS,15993302.00,15993302.00,16726097.00
GRANTS,925C,COVID-19 Grant Fund,41,Chicago Department of Public Health,2710,Building Epidemiology and Health IT Capacity,909A,RESERVE BALANCE,0.00,0.00,136027649.00
GRANTS,925C,COVID-19 Grant Fund,41,Chicago Department of Public Health,2814,Sexually Transmitted Disease Prevention,909A,RESERVE BALANCE,10575000.00,10575000.00,1817000.00
GRANTS,925C,COVID-19 Grant Fund,41,Chicago Department of Public Health,281G,Public Health Crisis Response,0005,SALARIES AND WAGES - ON PAYROLL,1271895.00,1271895.00,570034.00
GRANTS,925C,COVID-19 Grant Fund,41,Chicago Department of Public Health,281G,Public Health Crisis Response,0006,SALARY PROVISION,109601.00,109601.00,0.00
GRANTS,925C,COVID-19 Grant Fund,41,Chicago Department of Public Health,281G,Public Health Crisis Response,0015,SCHEDULE SALARY ADJUSTMENTS,24853.00,24853.00,6850.00
GRANTS,925C,COVID-19 Grant Fund,41,Chicago Department of Public Health,281G,Public Health Crisis Response,0044,FRINGE BENEFITS,861457.00,861457.00,339729.00
GRANTS,925C,COVID-19 Grant Fund,41,Chicago Department of Public Health,281G,Public Health Crisis Response,0140,PROFESSIONAL AND TECHNICAL SERVICES,13291194.00,13291194.00,0.00
GRANTS,925C,COVID-19 Grant Fund,41,Chicago Department of Public Health,281G,Public Health Crisis Response,909A,RESERVE BALANCE,0.00,0.00,9522387.00
GRANTS,925C,COVID-19 Grant Fund,41,Chicago Department of Public Health,281J,ACT/CST Services for Serious Mental Illness,0135,DELEGATE AGENCIES,1000000.00,1000000.00,0.00
GRANTS,925C,COVID-19 Grant Fund,41,Chicago Department of Public Health,281K,Behavioral Health Services for Homeless Shelters,0135,DELEGATE AGENCIES,500000.00,500000.00,0.00
GRANTS,925C,COVID-19 Grant Fund,41,Chicago Department of Public Health,281L,Building Outpatient Mental Health Services,0135,DELEGATE AGENCIES,4000000.00,4000000.00,0.00
GRANTS,925C,COVID-19 Grant Fund,41,Chicago Department of Public Health,281L,Building Outpatient Mental Health Services,909A,RESERVE BALANCE,0.00,0.00,3812000.00
GRANTS,925C,COVID-19 Grant Fund,41,Chicago Department of Public Health,281M,Community Mental Health,0135,DELEGATE AGENCIES,2000000.00,2000000.00,0.00
GRANTS,925C,COVID-19 Grant Fund,41,Chicago Department of Public Health,281N,Community Mental Health Workers,0135,DELEGATE AGENCIES,1500000.00,1500000.00,0.00
GRANTS,925C,COVID-19 Grant Fund,41,Chicago Department of Public Health,281P,Expanded Street Outreach,0135,DELEGATE AGENCIES,4248000.00,4248000.00,0.00
GRANTS,925C,COVID-19 Grant Fund,41,Chicago Department of Public Health,281P,Expanded Street Outreach,909A,RESERVE BALANCE,0.00,0.00,1337000.00
GRANTS,925C,COVID-19 Grant Fund,41,Chicago Department of Public Health,281Q,LINK Up IL /LINK Match,0135,DELEGATE AGENCIES,438000.00,438000.00,0.00
GRANTS,925C,COVID-19 Grant Fund,41,Chicago Department of Public Health,281Q,LINK Up IL /LINK Match,909A,RESERVE BALANCE,0.00,0.00,21000.00
GRANTS,925C,COVID-19 Grant Fund,41,Chicago Department of Public Health,2820,Vaccine Preventable Diseases,0140,PROFESSIONAL AND TECHNICAL SERVICES,32387000.00,32387000.00,0.00
GRANTS,925C,COVID-19 Grant Fund,41,Chicago Department of Public Health,2820,Vaccine Preventable Diseases,909A,RESERVE BALANCE,0.00,0.00,14968000.00
GRANTS,925C,COVID-19 Grant Fund,41,Chicago Department of Public Health,282B,Health Disparities Chicago,0005,SALARIES AND WAGES - ON PAYROLL,987340.00,987340.00,352272.00
GRANTS,925C,COVID-19 Grant Fund,41,Chicago Department of Public Health,282B,Health Disparities Chicago,0006,SALARY PROVISION,779389.00,779389.00,0.00
GRANTS,925C,COVID-19 Grant Fund,41,Chicago Department of Public Health,282B,Health Disparities Chicago,0015,SCHEDULE SALARY ADJUSTMENTS,12076.00,12076.00,4864.00
GRANTS,925C,COVID-19 Grant Fund,41,Chicago Department of Public Health,282B,Health Disparities Chicago,0044,FRINGE BENEFITS,655360.00,655360.00,209948.00
GRANTS,925C,COVID-19 Grant Fund,41,Chicago Department of Public Health,282B,Health Disparities Chicago,0140,PROFESSIONAL AND TECHNICAL SERVICES,13822835.00,13822835.00,0.00
GRANTS,925C,COVID-19 Grant Fund,41,Chicago Department of Public Health,282B,Health Disparities Chicago,909A,RESERVE BALANCE,0.00,0.00,4872916.00
GRANTS,925C,COVID-19 Grant Fund,41,Chicago Department of Public Health,282D,Developing Health Literacy in Chicago Health Equity Zones,0005,SALARIES AND WAGES - ON PAYROLL,247411.00,247411.00,0.00
GRANTS,925C,COVID-19 Grant Fund,41,Chicago Department of Public Health,282D,Developing Health Literacy in Chicago Health Equity Zones,0006,SALARY PROVISION,16973.00,16973.00,0.00
GRANTS,925C,COVID-19 Grant Fund,41,Chicago Department of Public Health,282D,Developing Health Literacy in Chicago Health Equity Zones,0015,SCHEDULE SALARY ADJUSTMENTS,3452.00,3452.00,0.00
GRANTS,925C,COVID-19 Grant Fund,41,Chicago Department of Public Health,282D,Developing Health Literacy in Chicago Health Equity Zones,0044,FRINGE BENEFITS,166060.00,166060.00,0.00
GRANTS,925C,COVID-19 Grant Fund,41,Chicago Department of Public Health,282D,Developing Health Literacy in Chicago Health Equity Zones,0140,PROFESSIONAL AND TECHNICAL SERVICES,1610104.00,1610104.00,0.00
GRANTS,925C,COVID-19 Grant Fund,41,Chicago Department of Public Health,282D,Developing Health Literacy in Chicago Health Equity Zones,909A,RESERVE BALANCE,0.00,0.00,644000.00
GRANTS,925C,COVID-19 Grant Fund,41,Chicago Department of Public Health,282G,US Public Health Pathogens Genomics Centers of Excellence,0005,SALARIES AND WAGES - ON PAYROLL,3454278.00,3454278.00,0.00
GRANTS,925C,COVID-19 Grant Fund,41,Chicago Department of Public Health,282G,US Public Health Pathogens Genomics Centers of Excellence,0015,SCHEDULE SALARY ADJUSTMENTS,12336.00,12336.00,0.00
GRANTS,925C,COVID-19 Grant Fund,41,Chicago Department of Public Health,282G,US Public Health Pathogens Genomics Centers of Excellence,0044,FRINGE BENEFITS,2552510.00,2552510.00,0.00
GRANTS,925C,COVID-19 Grant Fund,41,Chicago Department of Public Health,282G,US Public Health Pathogens Genomics Centers of Excellence,0140,PROFESSIONAL AND TECHNICAL SERVICES,-6019124.00,-6019124.00,0.00
GRANTS,925C,COVID-19 Grant Fund,41,Chicago Department of Public Health,282H,Community Health Workers for Covid Response and Resilient Communities,0140,PROFESSIONAL AND TECHNICAL SERVICES,3000000.00,3000000.00,0.00
GRANTS,925C,COVID-19 Grant Fund,41,Chicago Department of Public Health,282H,Community Health Workers for Covid Response and Resilient Communities,909A,RESERVE BALANCE,0.00,0.00,2575000.00
GRANTS,925C,COVID-19 Grant Fund,41,Chicago Department of Public Health,282N,Strengthening Public Health Infrastructure,0005,SALARIES AND WAGES - ON PAYROLL,0.00,0.00,3830540.00
GRANTS,925C,COVID-19 Grant Fund,41,Chicago Department of Public Health,282N,Strengthening Public Health Infrastructure,0015,SCHEDULE SALARY ADJUSTMENTS,0.00,0.00,54712.00
GRANTS,925C,COVID-19 Grant Fund,41,Chicago Department of Public Health,282N,Strengthening Public Health Infrastructure,0044,FRINGE BENEFITS,0.00,0.00,2487043.00
GRANTS,925C,COVID-19 Grant Fund,41,Chicago Department of Public Health,282N,Strengthening Public Health Infrastructure,909A,RESERVE BALANCE,31517000.00,31517000.00,23945705.00
GRANTS,925F,Federal Grant Fund,41,Chicago Department of Public Health,2710,Building Epidemiology and Health IT Capacity,0005,SALARIES AND WAGES - ON PAYROLL,719535.00,719535.00,1388261.00
GRANTS,925F,Federal Grant Fund,41,Chicago Department of Public Health,2710,Building Epidemiology and Health IT Capacity,0006,SALARY PROVISION,0.00,0.00,55951.00
GRANTS,925F,Federal Grant Fund,41,Chicago Department of Public Health,2710,Building Epidemiology and Health IT Capacity,0015,SCHEDULE SALARY ADJUSTMENTS,6188.00,6188.00,20662.00
GRANTS,925F,Federal Grant Fund,41,Chicago Department of Public Health,2710,Building Epidemiology and Health IT Capacity,0044,FRINGE BENEFITS,479864.00,479864.00,885173.00
GRANTS,925F,Federal Grant Fund,41,Chicago Department of Public Health,2710,Building Epidemiology and Health IT Capacity,0140,PROFESSIONAL AND TECHNICAL SERVICES,13980413.00,13980413.00,1049953.00
GRANTS,925F,Federal Grant Fund,41,Chicago Department of Public Health,2710,Building Epidemiology and Health IT Capacity,909A,RESERVE BALANCE,0.00,0.00,7802000.00
GRANTS,925F,Federal Grant Fund,41,Chicago Department of Public Health,2714,Air Pollution Control Program,0005,SALARIES AND WAGES - ON PAYROLL,481185.00,481185.00,283003.00
GRANTS,925F,Federal Grant Fund,41,Chicago Department of Public Health,2714,Air Pollution Control Program,0006,SALARY PROVISION,0.00,0.00,4037.00
GRANTS,925F,Federal Grant Fund,41,Chicago Department of Public Health,2714,Air Pollution Control Program,0015,SCHEDULE SALARY ADJUSTMENTS,0.00,0.00,3570.00
GRANTS,925F,Federal Grant Fund,41,Chicago Department of Public Health,2714,Air Pollution Control Program,0044,FRINGE BENEFITS,317098.00,317098.00,173895.00
GRANTS,925F,Federal Grant Fund,41,Chicago Department of Public Health,2714,Air Pollution Control Program,0140,PROFESSIONAL AND TECHNICAL SERVICES,430717.00,430717.00,0.00
GRANTS,925F,Federal Grant Fund,41,Chicago Department of Public Health,2714,Air Pollution Control Program,0991,MATCHING AND SUPPLEMENTAL GRANTS,410000.00,410000.00,0.00
GRANTS,925F,Federal Grant Fund,41,Chicago Department of Public Health,2714,Air Pollution Control Program,909A,RESERVE BALANCE,0.00,0.00,1652495.00
GRANTS,925F,Federal Grant Fund,41,Chicago Department of Public Health,2731,Ryan White HIV Care Act Part A - Emergency Relief,0005,SALARIES AND WAGES - ON PAYROLL,2186626.00,2186626.00,2138708.00
GRANTS,925F,Federal Grant Fund,41,Chicago Department of Public Health,2731,Ryan White HIV Care Act Part A - Emergency Relief,0006,SALARY PROVISION,111423.00,111423.00,0.00
GRANTS,925F,Federal Grant Fund,41,Chicago Department of Public Health,2731,Ryan White HIV Care Act Part A - Emergency Relief,0015,SCHEDULE SALARY ADJUSTMENTS,21719.00,21719.00,23331.00
GRANTS,925F,Federal Grant Fund,41,Chicago Department of Public Health,2731,Ryan White HIV Care Act Part A - Emergency Relief,0044,FRINGE BENEFITS,1451018.00,1451018.00,1316008.00
GRANTS,925F,Federal Grant Fund,41,Chicago Department of Public Health,2731,Ryan White HIV Care Act Part A - Emergency Relief,0135,DELEGATE AGENCIES,-1095000.00,-1095000.00,11510977.00
GRANTS,925F,Federal Grant Fund,41,Chicago Department of Public Health,2731,Ryan White HIV Care Act Part A - Emergency Relief,0140,PROFESSIONAL AND TECHNICAL SERVICES,54703214.00,54703214.00,11510976.00
GRANTS,925F,Federal Grant Fund,41,Chicago Department of Public Health,2731,Ryan White HIV Care Act Part A - Emergency Relief,909A,RESERVE BALANCE,0.00,0.00,28026000.00
GRANTS,925F,Federal Grant Fund,41,Chicago Department of Public Health,2808,Women Infants and Children Nutrition,0005,SALARIES AND WAGES - ON PAYROLL,0.00,0.00,2034805.00
GRANTS,925F,Federal Grant Fund,41,Chicago Department of Public Health,2808,Women Infants and Children Nutrition,0015,SCHEDULE SALARY ADJUSTMENTS,0.00,0.00,18267.00
GRANTS,925F,Federal Grant Fund,41,Chicago Department of Public Health,2808,Women Infants and Children Nutrition,0044,FRINGE BENEFITS,0.00,0.00,1277521.00
GRANTS,925F,Federal Grant Fund,41,Chicago Department of Public Health,2808,Women Infants and Children Nutrition,0135,DELEGATE AGENCIES,0.00,0.00,665000.00
GRANTS,925F,Federal Grant Fund,41,Chicago Department of Public Health,2808,Women Infants and Children Nutrition,0140,PROFESSIONAL AND TECHNICAL SERVICES,0.00,0.00,1669407.00
GRANTS,925F,Federal Grant Fund,41,Chicago Department of Public Health,2808,Women Infants and Children Nutrition,909A,RESERVE BALANCE,10055000.00,10055000.00,6206000.00
GRANTS,925F,Federal Grant Fund,41,Chicago Department of Public Health,280L,Lead Poisoning Surveillance,0005,SALARIES AND WAGES - ON PAYROLL,108892.00,108892.00,112163.00
GRANTS,925F,Federal Grant Fund,41,Chicago Department of Public Health,280L,Lead Poisoning Surveillance,0006,SALARY PROVISION,3368.00,3368.00,3368.00
GRANTS,925F,Federal Grant Fund,41,Chicago Department of Public Health,280L,Lead Poisoning Surveillance,0044,FRINGE BENEFITS,70511.00,70511.00,66847.00
GRANTS,925F,Federal Grant Fund,41,Chicago Department of Public Health,280L,Lead Poisoning Surveillance,0140,PROFESSIONAL AND TECHNICAL SERVICES,843188.00,843188.00,182622.00
GRANTS,925F,Federal Grant Fund,41,Chicago Department of Public Health,280L,Lead Poisoning Surveillance,0340,MATERIAL AND SUPPLIES,854.00,854.00,0.00
GRANTS,925F,Federal Grant Fund,41,Chicago Department of Public Health,280L,Lead Poisoning Surveillance,0801,INDIRECT COSTS,22187.00,22187.00,85000.00
GRANTS,925F,Federal Grant Fund,41,Chicago Department of Public Health,280L,Lead Poisoning Surveillance,909A,RESERVE BALANCE,0.00,0.00,722000.00
GRANTS,925F,Federal Grant Fund,41,Chicago Department of Public Health,280R,C3 Clinical and Translation Research,0005,SALARIES AND WAGES - ON PAYROLL,1693.00,1693.00,75462.00
GRANTS,925F,Federal Grant Fund,41,Chicago Department of Public Health,280R,C3 Clinical and Translation Research,0006,SALARY PROVISION,80000.00,80000.00,7676.00
GRANTS,925F,Federal Grant Fund,41,Chicago Department of Public Health,280R,C3 Clinical and Translation Research,0015,SCHEDULE SALARY ADJUSTMENTS,1674.00,1674.00,1888.00
GRANTS,925F,Federal Grant Fund,41,Chicago Department of Public Health,280R,C3 Clinical and Translation Research,0044,FRINGE BENEFITS,46633.00,46633.00,44974.00
GRANTS,925F,Federal Grant Fund,41,Chicago Department of Public Health,280R,C3 Clinical and Translation Research,0140,PROFESSIONAL AND TECHNICAL SERVICES,120000.00,120000.00,0.00
GRANTS,925F,Federal Grant Fund,41,Chicago Department of Public Health,280R,C3 Clinical and Translation Research,909A,RESERVE BALANCE,0.00,0.00,65000.00
GRANTS,925F,Federal Grant Fund,41,Chicago Department of Public Health,280Y,HIV Surveillance and Prevention,0005,SALARIES AND WAGES - ON PAYROLL,2874127.00,2874127.00,4091530.00
GRANTS,925F,Federal Grant Fund,41,Chicago Department of Public Health,280Y,HIV Surveillance and Prevention,0006,SALARY PROVISION,3140000.00,3140000.00,933142.00
GRANTS,925F,Federal Grant Fund,41,Chicago Department of Public Health,280Y,HIV Surveillance and Prevention,0015,SCHEDULE SALARY ADJUSTMENTS,25917.00,25917.00,28788.00
GRANTS,925F,Federal Grant Fund,41,Chicago Department of Public Health,280Y,HIV Surveillance and Prevention,0020,OVERTIME,6858.00,6858.00,6858.00
GRANTS,925F,Federal Grant Fund,41,Chicago Department of Public Health,280Y,HIV Surveillance and Prevention,0044,FRINGE BENEFITS,1938506.00,1938506.00,2508682.00
GRANTS,925F,Federal Grant Fund,41,Chicago Department of Public Health,280Y,HIV Surveillance and Prevention,0135,DELEGATE AGENCIES,12268997.00,12268997.00,500000.00
GRANTS,925F,Federal Grant Fund,41,Chicago Department of Public Health,280Y,HIV Surveillance and Prevention,0140,PROFESSIONAL AND TECHNICAL SERVICES,190000.00,190000.00,1000000.00
GRANTS,925F,Federal Grant Fund,41,Chicago Department of Public Health,280Y,HIV Surveillance and Prevention,0340,MATERIAL AND SUPPLIES,139113.00,139113.00,0.00
GRANTS,925F,Federal Grant Fund,41,Chicago Department of Public Health,280Y,HIV Surveillance and Prevention,0801,INDIRECT COSTS,441482.00,441482.00,431000.00
GRANTS,925F,Federal Grant Fund,41,Chicago Department of Public Health,280Y,HIV Surveillance and Prevention,909A,RESERVE BALANCE,0.00,0.00,24389000.00
GRANTS,925F,Federal Grant Fund,41,Chicago Department of Public Health,2814,Sexually Transmitted Disease Prevention,0005,SALARIES AND WAGES - ON PAYROLL,956648.00,956648.00,1197099.00
GRANTS,925F,Federal Grant Fund,41,Chicago Department of Public Health,2814,Sexually Transmitted Disease Prevention,0015,SCHEDULE SALARY ADJUSTMENTS,3371.00,3371.00,3612.00
GRANTS,925F,Federal Grant Fund,41,Chicago Department of Public Health,2814,Sexually Transmitted Disease Prevention,0044,FRINGE BENEFITS,637022.00,637022.00,760802.00
GRANTS,925F,Federal Grant Fund,41,Chicago Department of Public Health,2814,Sexually Transmitted Disease Prevention,0135,DELEGATE AGENCIES,2919959.00,2919959.00,0.00
GRANTS,925F,Federal Grant Fund,41,Chicago Department of Public Health,2814,Sexually Transmitted Disease Prevention,909A,RESERVE BALANCE,0.00,0.00,948487.00
GRANTS,925F,Federal Grant Fund,41,Chicago Department of Public Health,281D,Injury Prevention and Control Research,0005,SALARIES AND WAGES - ON PAYROLL,0.00,0.00,294597.00
GRANTS,925F,Federal Grant Fund,41,Chicago Department of Public Health,281D,Injury Prevention and Control Research,0015,SCHEDULE SALARY ADJUSTMENTS,0.00,0.00,2226.00
GRANTS,925F,Federal Grant Fund,41,Chicago Department of Public Health,281D,Injury Prevention and Control Research,0044,FRINGE BENEFITS,0.00,0.00,180804.00
GRANTS,925F,Federal Grant Fund,41,Chicago Department of Public Health,281D,Injury Prevention and Control Research,0135,DELEGATE AGENCIES,0.00,0.00,814373.00
GRANTS,925F,Federal Grant Fund,41,Chicago Department of Public Health,281D,Injury Prevention and Control Research,0140,PROFESSIONAL AND TECHNICAL SERVICES,6836000.00,6836000.00,2000000.00
GRANTS,925F,Federal Grant Fund,41,Chicago Department of Public Health,281D,Injury Prevention and Control Research,0801,INDIRECT COSTS,0.00,0.00,208000.00
GRANTS,925F,Federal Grant Fund,41,Chicago Department of Public Health,281D,Injury Prevention and Control Research,909A,RESERVE BALANCE,0.00,0.00,5458000.00
GRANTS,925F,Federal Grant Fund,41,Chicago Department of Public Health,281F,Anadarko / Streeterville Removal,0005,SALARIES AND WAGES - ON PAYROLL,160406.00,160406.00,110778.00
GRANTS,925F,Federal Grant Fund,41,Chicago Department of Public Health,281F,Anadarko / Streeterville Removal,0015,SCHEDULE SALARY ADJUSTMENTS,2288.00,2288.00,848.00
GRANTS,925F,Federal Grant Fund,41,Chicago Department of Public Health,281F,Anadarko / Streeterville Removal,0044,FRINGE BENEFITS,109124.00,109124.00,66021.00
GRANTS,925F,Federal Grant Fund,41,Chicago Department of Public Health,281F,Anadarko / Streeterville Removal,0140,PROFESSIONAL AND TECHNICAL SERVICES,1728182.00,1728182.00,0.00
GRANTS,925F,Federal Grant Fund,41,Chicago Department of Public Health,281F,Anadarko / Streeterville Removal,909A,RESERVE BALANCE,0.00,0.00,1564353.00
GRANTS,925F,Federal Grant Fund,41,Chicago Department of Public Health,281T,Ending HIV Epidemic -Ryan White,0005,SALARIES AND WAGES - ON PAYROLL,1058914.00,1058914.00,1164929.00
GRANTS,925F,Federal Grant Fund,41,Chicago Department of Public Health,281T,Ending HIV Epidemic -Ryan White,0015,SCHEDULE SALARY ADJUSTMENTS,8898.00,8898.00,15834.00
GRANTS,925F,Federal Grant Fund,41,Chicago Department of Public Health,281T,Ending HIV Epidemic -Ryan White,0044,FRINGE BENEFITS,739227.00,739227.00,709967.00
GRANTS,925F,Federal Grant Fund,41,Chicago Department of Public Health,281T,Ending HIV Epidemic -Ryan White,0135,DELEGATE AGENCIES,7188488.00,7188488.00,1288757.00
GRANTS,925F,Federal Grant Fund,41,Chicago Department of Public Health,281T,Ending HIV Epidemic -Ryan White,0140,PROFESSIONAL AND TECHNICAL SERVICES,0.00,0.00,1319413.00
GRANTS,925F,Federal Grant Fund,41,Chicago Department of Public Health,281T,Ending HIV Epidemic -Ryan White,0270,LOCAL TRANSPORTATION,0.00,0.00,18800.00
GRANTS,925F,Federal Grant Fund,41,Chicago Department of Public Health,281T,Ending HIV Epidemic -Ryan White,0340,MATERIAL AND SUPPLIES,0.00,0.00,9700.00
GRANTS,925F,Federal Grant Fund,41,Chicago Department of Public Health,281T,Ending HIV Epidemic -Ryan White,0801,INDIRECT COSTS,878473.00,878473.00,162000.00
GRANTS,925F,Federal Grant Fund,41,Chicago Department of Public Health,281T,Ending HIV Epidemic -Ryan White,0999,CULTURAL PROGRAMMING GRANTS,0.00,0.00,10600.00
GRANTS,925F,Federal Grant Fund,41,Chicago Department of Public Health,281T,Ending HIV Epidemic -Ryan White,909A,RESERVE BALANCE,0.00,0.00,7614000.00
GRANTS,925F,Federal Grant Fund,41,Chicago Department of Public Health,281U,Integrated HIV Programs to Support Ending the HIV Epidemic,0005,SALARIES AND WAGES - ON PAYROLL,1403653.00,1403653.00,0.00
GRANTS,925F,Federal Grant Fund,41,Chicago Department of Public Health,281U,Integrated HIV Programs to Support Ending the HIV Epidemic,0006,SALARY PROVISION,5740750.00,5740750.00,0.00
GRANTS,925F,Federal Grant Fund,41,Chicago Department of Public Health,281U,Integrated HIV Programs to Support Ending the HIV Epidemic,0015,SCHEDULE SALARY ADJUSTMENTS,13115.00,13115.00,0.00
GRANTS,925F,Federal Grant Fund,41,Chicago Department of Public Health,281U,Integrated HIV Programs to Support Ending the HIV Epidemic,0044,FRINGE BENEFITS,972482.00,972482.00,0.00
GRANTS,925F,Federal Grant Fund,41,Chicago Department of Public Health,281U,Integrated HIV Programs to Support Ending the HIV Epidemic,0135,DELEGATE AGENCIES,-652000.00,-652000.00,0.00
GRANTS,925F,Federal Grant Fund,41,Chicago Department of Public Health,281U,Integrated HIV Programs to Support Ending the HIV Epidemic,0140,PROFESSIONAL AND TECHNICAL SERVICES,600000.00,600000.00,0.00
GRANTS,925F,Federal Grant Fund,41,Chicago Department of Public Health,2820,Vaccine Preventable Diseases,0005,SALARIES AND WAGES - ON PAYROLL,4695029.00,4695029.00,3960436.00
GRANTS,925F,Federal Grant Fund,41,Chicago Department of Public Health,2820,Vaccine Preventable Diseases,0006,SALARY PROVISION,4350000.00,4350000.00,-481825.00
GRANTS,925F,Federal Grant Fund,41,Chicago Department of Public Health,2820,Vaccine Preventable Diseases,0015,SCHEDULE SALARY ADJUSTMENTS,58176.00,58176.00,46230.00
GRANTS,925F,Federal Grant Fund,41,Chicago Department of Public Health,2820,Vaccine Preventable Diseases,0020,OVERTIME,85744.00,85744.00,0.00
GRANTS,925F,Federal Grant Fund,41,Chicago Department of Public Health,2820,Vaccine Preventable Diseases,0044,FRINGE BENEFITS,3142025.00,3142025.00,2375159.00
GRANTS,925F,Federal Grant Fund,41,Chicago Department of Public Health,2820,Vaccine Preventable Diseases,0140,PROFESSIONAL AND TECHNICAL SERVICES,-2985872.00,-2985872.00,0.00
GRANTS,925F,Federal Grant Fund,41,Chicago Department of Public Health,2820,Vaccine Preventable Diseases,0340,MATERIAL AND SUPPLIES,32898.00,32898.00,0.00
GRANTS,925F,Federal Grant Fund,41,Chicago Department of Public Health,2820,Vaccine Preventable Diseases,0801,INDIRECT COSTS,940000.00,940000.00,0.00
GRANTS,925F,Federal Grant Fund,41,Chicago Department of Public Health,2820,Vaccine Preventable Diseases,909A,RESERVE BALANCE,0.00,0.00,5754000.00
GRANTS,925F,Federal Grant Fund,41,Chicago Department of Public Health,2824,Tuberculosis Control,0005,SALARIES AND WAGES - ON PAYROLL,460232.00,460232.00,432567.00
GRANTS,925F,Federal Grant Fund,41,Chicago Department of Public Health,2824,Tuberculosis Control,0006,SALARY PROVISION,716583.00,716583.00,0.00
GRANTS,925F,Federal Grant Fund,41,Chicago Department of Public Health,2824,Tuberculosis Control,0015,SCHEDULE SALARY ADJUSTMENTS,3474.00,3474.00,2094.00
GRANTS,925F,Federal Grant Fund,41,Chicago Department of Public Health,2824,Tuberculosis Control,0044,FRINGE BENEFITS,309002.00,309002.00,263876.00
GRANTS,925F,Federal Grant Fund,41,Chicago Department of Public Health,2824,Tuberculosis Control,0140,PROFESSIONAL AND TECHNICAL SERVICES,693709.00,693709.00,175463.00
GRANTS,925F,Federal Grant Fund,41,Chicago Department of Public Health,2824,Tuberculosis Control,0270,LOCAL TRANSPORTATION,20000.00,20000.00,20000.00
GRANTS,925F,Federal Grant Fund,41,Chicago Department of Public Health,2824,Tuberculosis Control,0340,MATERIAL AND SUPPLIES,10000.00,10000.00,15000.00
GRANTS,925F,Federal Grant Fund,41,Chicago Department of Public Health,2824,Tuberculosis Control,0999,CULTURAL PROGRAMMING GRANTS,0.00,0.00,91000.00
GRANTS,925F,Federal Grant Fund,41,Chicago Department of Public Health,2824,Tuberculosis Control,909A,RESERVE BALANCE,0.00,0.00,874000.00
GRANTS,925F,Federal Grant Fund,41,Chicago Department of Public Health,2829,Emergency Preparedness,0005,SALARIES AND WAGES - ON PAYROLL,3062015.00,3062015.00,3210757.00
GRANTS,925F,Federal Grant Fund,41,Chicago Department of Public Health,2829,Emergency Preparedness,0006,SALARY PROVISION,200952.00,200952.00,0.00
GRANTS,925F,Federal Grant Fund,41,Chicago Department of Public Health,2829,Emergency Preparedness,0015,SCHEDULE SALARY ADJUSTMENTS,25126.00,25126.00,29263.00
GRANTS,925F,Federal Grant Fund,41,Chicago Department of Public Health,2829,Emergency Preparedness,0044,FRINGE BENEFITS,2017839.00,2017839.00,1943832.00
GRANTS,925F,Federal Grant Fund,41,Chicago Department of Public Health,2829,Emergency Preparedness,0140,PROFESSIONAL AND TECHNICAL SERVICES,16973727.00,16973727.00,2225314.00
GRANTS,925F,Federal Grant Fund,41,Chicago Department of Public Health,2829,Emergency Preparedness,0270,LOCAL TRANSPORTATION,11394.00,11394.00,0.00
GRANTS,925F,Federal Grant Fund,41,Chicago Department of Public Health,2829,Emergency Preparedness,0340,MATERIAL AND SUPPLIES,165455.00,165455.00,0.00
GRANTS,925F,Federal Grant Fund,41,Chicago Department of Public Health,2829,Emergency Preparedness,0342,DRUGS  MEDICINE AND CHEMICAL MATERIALS,17485.00,17485.00,0.00
GRANTS,925F,Federal Grant Fund,41,Chicago Department of Public Health,2829,Emergency Preparedness,0801,INDIRECT COSTS,1235007.00,1235007.00,3090834.00
GRANTS,925F,Federal Grant Fund,41,Chicago Department of Public Health,2829,Emergency Preparedness,909A,RESERVE BALANCE,0.00,0.00,14949000.00
GRANTS,925F,Federal Grant Fund,41,Chicago Department of Public Health,282M,Reducing the Burden of Tobacco Products,0005,SALARIES AND WAGES - ON PAYROLL,0.00,0.00,92247.00
GRANTS,925F,Federal Grant Fund,41,Chicago Department of Public Health,282M,Reducing the Burden of Tobacco Products,0044,FRINGE BENEFITS,0.00,0.00,54977.00
GRANTS,925F,Federal Grant Fund,41,Chicago Department of Public Health,282M,Reducing the Burden of Tobacco Products,0140,PROFESSIONAL AND TECHNICAL SERVICES,750000.00,750000.00,201876.00
GRANTS,925F,Federal Grant Fund,41,Chicago Department of Public Health,282M,Reducing the Burden of Tobacco Products,0801,INDIRECT COSTS,0.00,0.00,25900.00
GRANTS,925F,Federal Grant Fund,41,Chicago Department of Public Health,282M,Reducing the Burden of Tobacco Products,909A,RESERVE BALANCE,0.00,0.00,748000.00
GRANTS,925F,Federal Grant Fund,41,Chicago Department of Public Health,282N,Strengthening Public Health Infrastructure,0005,SALARIES AND WAGES - ON PAYROLL,0.00,0.00,316747.00
GRANTS,925F,Federal Grant Fund,41,Chicago Department of Public Health,282N,Strengthening Public Health Infrastructure,0044,FRINGE BENEFITS,0.00,0.00,188775.00
GRANTS,925F,Federal Grant Fund,41,Chicago Department of Public Health,282N,Strengthening Public Health Infrastructure,0140,PROFESSIONAL AND TECHNICAL SERVICES,0.00,0.00,3500000.00
GRANTS,925F,Federal Grant Fund,41,Chicago Department of Public Health,282N,Strengthening Public Health Infrastructure,909A,RESERVE BALANCE,3166000.00,3166000.00,2129478.00
GRANTS,925F,Federal Grant Fund,41,Chicago Department of Public Health,282Q,Social Services Block Grant,0140,PROFESSIONAL AND TECHNICAL SERVICES,0.00,0.00,750000.00
GRANTS,925F,Federal Grant Fund,41,Chicago Department of Public Health,282Q,Social Services Block Grant,909A,RESERVE BALANCE,750000.00,750000.00,750000.00
GRANTS,925F,Federal Grant Fund,41,Chicago Department of Public Health,2883,Hospital Preparedness Program (HPP),0005,SALARIES AND WAGES - ON PAYROLL,656682.00,656682.00,662630.00
GRANTS,925F,Federal Grant Fund,41,Chicago Department of Public Health,2883,Hospital Preparedness Program (HPP),0006,SALARY PROVISION,1152367.00,1152367.00,1126879.00
GRANTS,925F,Federal Grant Fund,41,Chicago Department of Public Health,2883,Hospital Preparedness Program (HPP),0015,SCHEDULE SALARY ADJUSTMENTS,7597.00,7597.00,10132.00
GRANTS,925F,Federal Grant Fund,41,Chicago Department of Public Health,2883,Hospital Preparedness Program (HPP),0044,FRINGE BENEFITS,425219.00,425219.00,401102.00
GRANTS,925F,Federal Grant Fund,41,Chicago Department of Public Health,2883,Hospital Preparedness Program (HPP),0135,DELEGATE AGENCIES,3156794.00,3156794.00,396257.00
GRANTS,925F,Federal Grant Fund,41,Chicago Department of Public Health,2883,Hospital Preparedness Program (HPP),0140,PROFESSIONAL AND TECHNICAL SERVICES,1302027.00,1302027.00,0.00
GRANTS,925F,Federal Grant Fund,41,Chicago Department of Public Health,2883,Hospital Preparedness Program (HPP),0270,LOCAL TRANSPORTATION,11830.00,11830.00,0.00
GRANTS,925F,Federal Grant Fund,41,Chicago Department of Public Health,2883,Hospital Preparedness Program (HPP),0340,MATERIAL AND SUPPLIES,2455.00,2455.00,0.00
GRANTS,925F,Federal Grant Fund,41,Chicago Department of Public Health,2883,Hospital Preparedness Program (HPP),0446,PURCHASE - IT HARDWARE,764.00,764.00,0.00
GRANTS,925F,Federal Grant Fund,41,Chicago Department of Public Health,2883,Hospital Preparedness Program (HPP),0801,INDIRECT COSTS,230265.00,230265.00,303000.00
GRANTS,925F,Federal Grant Fund,41,Chicago Department of Public Health,2883,Hospital Preparedness Program (HPP),909A,RESERVE BALANCE,0.00,0.00,3588000.00
GRANTS,925F,Federal Grant Fund,41,Chicago Department of Public Health,2887,Morbidity and Risk Behavior Surveillance,0005,SALARIES AND WAGES - ON PAYROLL,168643.00,168643.00,122080.00
GRANTS,925F,Federal Grant Fund,41,Chicago Department of Public Health,2887,Morbidity and Risk Behavior Surveillance,0006,SALARY PROVISION,523532.00,523532.00,0.00
GRANTS,925F,Federal Grant Fund,41,Chicago Department of Public Health,2887,Morbidity and Risk Behavior Surveillance,0044,FRINGE BENEFITS,113781.00,113781.00,72757.00
GRANTS,925F,Federal Grant Fund,41,Chicago Department of Public Health,2887,Morbidity and Risk Behavior Surveillance,0140,PROFESSIONAL AND TECHNICAL SERVICES,422044.00,422044.00,382466.00
GRANTS,925F,Federal Grant Fund,41,Chicago Department of Public Health,2887,Morbidity and Risk Behavior Surveillance,0270,LOCAL TRANSPORTATION,6000.00,6000.00,2996.00
GRANTS,925F,Federal Grant Fund,41,Chicago Department of Public Health,2887,Morbidity and Risk Behavior Surveillance,0801,INDIRECT COSTS,222000.00,222000.00,31700.00
GRANTS,925F,Federal Grant Fund,41,Chicago Department of Public Health,2887,Morbidity and Risk Behavior Surveillance,0999,CULTURAL PROGRAMMING GRANTS,0.00,0.00,38001.00
GRANTS,925F,Federal Grant Fund,41,Chicago Department of Public Health,2887,Morbidity and Risk Behavior Surveillance,909A,RESERVE BALANCE,0.00,0.00,825000.00
GRANTS,925F,Federal Grant Fund,41,Chicago Department of Public Health,2910,Maternal and Child Health Block Grant,0005,SALARIES AND WAGES - ON PAYROLL,3336642.00,3336642.00,2786349.00
GRANTS,925F,Federal Grant Fund,41,Chicago Department of Public Health,2910,Maternal and Child Health Block Grant,0006,SALARY PROVISION,1400000.00,1400000.00,0.00
GRANTS,925F,Federal Grant Fund,41,Chicago Department of Public Health,2910,Maternal and Child Health Block Grant,0015,SCHEDULE SALARY ADJUSTMENTS,55948.00,55948.00,37598.00
GRANTS,925F,Federal Grant Fund,41,Chicago Department of Public Health,2910,Maternal and Child Health Block Grant,0044,FRINGE BENEFITS,2319860.00,2319860.00,1714341.00
GRANTS,925F,Federal Grant Fund,41,Chicago Department of Public Health,2910,Maternal and Child Health Block Grant,0140,PROFESSIONAL AND TECHNICAL SERVICES,3088550.00,3088550.00,561712.00
GRANTS,925F,Federal Grant Fund,41,Chicago Department of Public Health,2910,Maternal and Child Health Block Grant,909A,RESERVE BALANCE,0.00,0.00,6489000.00
GRANTS,925F,Federal Grant Fund,41,Chicago Department of Public Health,2932,Housing Opportunities for People with AIDS (HOPWA),0005,SALARIES AND WAGES - ON PAYROLL,324128.00,324128.00,374573.00
GRANTS,925F,Federal Grant Fund,41,Chicago Department of Public Health,2932,Housing Opportunities for People with AIDS (HOPWA),0015,SCHEDULE SALARY ADJUSTMENTS,8002.00,8002.00,396.00
GRANTS,925F,Federal Grant Fund,41,Chicago Department of Public Health,2932,Housing Opportunities for People with AIDS (HOPWA),0044,FRINGE BENEFITS,216604.00,216604.00,229538.00
GRANTS,925F,Federal Grant Fund,41,Chicago Department of Public Health,2932,Housing Opportunities for People with AIDS (HOPWA),0135,DELEGATE AGENCIES,0.00,0.00,6037347.00
GRANTS,925F,Federal Grant Fund,41,Chicago Department of Public Health,2932,Housing Opportunities for People with AIDS (HOPWA),0140,PROFESSIONAL AND TECHNICAL SERVICES,27388266.00,27388266.00,6097746.00
GRANTS,925F,Federal Grant Fund,41,Chicago Department of Public Health,2932,Housing Opportunities for People with AIDS (HOPWA),0169,TECHNICAL MEETING COSTS,0.00,0.00,60400.00
GRANTS,925F,Federal Grant Fund,41,Chicago Department of Public Health,2932,Housing Opportunities for People with AIDS (HOPWA),909A,RESERVE BALANCE,0.00,0.00,17854000.00
GRANTS,925F,Federal Grant Fund,41,Chicago Department of Public Health,2944,Lead Hazard Reduction,0005,SALARIES AND WAGES - ON PAYROLL,182650.00,182650.00,70946.00
GRANTS,925F,Federal Grant Fund,41,Chicago Department of Public Health,2944,Lead Hazard Reduction,0015,SCHEDULE SALARY ADJUSTMENTS,1512.00,1512.00,0.00
GRANTS,925F,Federal Grant Fund,41,Chicago Department of Public Health,2944,Lead Hazard Reduction,0044,FRINGE BENEFITS,123527.00,123527.00,42282.00
GRANTS,925F,Federal Grant Fund,41,Chicago Department of Public Health,2944,Lead Hazard Reduction,0140,PROFESSIONAL AND TECHNICAL SERVICES,8264311.00,8264311.00,0.00
GRANTS,925F,Federal Grant Fund,41,Chicago Department of Public Health,2944,Lead Hazard Reduction,909A,RESERVE BALANCE,0.00,0.00,6825772.00
GRANTS,925F,Federal Grant Fund,41,Chicago Department of Public Health,2961,HOPWA Housing and Health Study Program,0140,PROFESSIONAL AND TECHNICAL SERVICES,671000.00,671000.00,1500000.00
GRANTS,925F,Federal Grant Fund,41,Chicago Department of Public Health,2961,HOPWA Housing and Health Study Program,909A,RESERVE BALANCE,0.00,0.00,264000.00
GRANTS,925F,Federal Grant Fund,41,Chicago Department of Public Health,2978,HIV Behavioral Surveillance,0005,SALARIES AND WAGES - ON PAYROLL,60353.00,60353.00,90066.00
GRANTS,925F,Federal Grant Fund,41,Chicago Department of Public Health,2978,HIV Behavioral Surveillance,0044,FRINGE BENEFITS,44598.00,44598.00,61255.00
GRANTS,925F,Federal Grant Fund,41,Chicago Department of Public Health,2978,HIV Behavioral Surveillance,0135,DELEGATE AGENCIES,0.00,0.00,236375.00
GRANTS,925F,Federal Grant Fund,41,Chicago Department of Public Health,2978,HIV Behavioral Surveillance,0140,PROFESSIONAL AND TECHNICAL SERVICES,1187049.00,1187049.00,500000.00
GRANTS,925F,Federal Grant Fund,41,Chicago Department of Public Health,2978,HIV Behavioral Surveillance,0229,TRANSPORTATION AND EXPENSE ALLOWANCE,0.00,0.00,1500.00
GRANTS,925F,Federal Grant Fund,41,Chicago Department of Public Health,2978,HIV Behavioral Surveillance,0340,MATERIAL AND SUPPLIES,0.00,0.00,300.00
GRANTS,925F,Federal Grant Fund,41,Chicago Department of Public Health,2978,HIV Behavioral Surveillance,0801,INDIRECT COSTS,0.00,0.00,10504.00
GRANTS,925F,Federal Grant Fund,41,Chicago Department of Public Health,2978,HIV Behavioral Surveillance,909A,RESERVE BALANCE,0.00,0.00,591000.00
GRANTS,925F,Federal Grant Fund,41,Chicago Department of Public Health,2979,Adult Viral Hepatitis,0005,SALARIES AND WAGES - ON PAYROLL,0.00,0.00,136558.00
GRANTS,925F,Federal Grant Fund,41,Chicago Department of Public Health,2979,Adult Viral Hepatitis,0006,SALARY PROVISION,216270.00,216270.00,0.00
GRANTS,925F,Federal Grant Fund,41,Chicago Department of Public Health,2979,Adult Viral Hepatitis,0044,FRINGE BENEFITS,0.00,0.00,92875.00
GRANTS,925F,Federal Grant Fund,41,Chicago Department of Public Health,2979,Adult Viral Hepatitis,0140,PROFESSIONAL AND TECHNICAL SERVICES,576978.00,576978.00,303787.00
GRANTS,925F,Federal Grant Fund,41,Chicago Department of Public Health,2979,Adult Viral Hepatitis,0181,MOBILE COMMUNICATION SERVICES,179504.00,179504.00,0.00
GRANTS,925F,Federal Grant Fund,41,Chicago Department of Public Health,2979,Adult Viral Hepatitis,0270,LOCAL TRANSPORTATION,1780.00,1780.00,1780.00
GRANTS,925F,Federal Grant Fund,41,Chicago Department of Public Health,2979,Adult Viral Hepatitis,0340,MATERIAL AND SUPPLIES,468.00,468.00,0.00
GRANTS,925F,Federal Grant Fund,41,Chicago Department of Public Health,2979,Adult Viral Hepatitis,0999,CULTURAL PROGRAMMING GRANTS,0.00,0.00,15000.00
GRANTS,925F,Federal Grant Fund,41,Chicago Department of Public Health,2979,Adult Viral Hepatitis,909A,RESERVE BALANCE,0.00,0.00,2051000.00
GRANTS,925F,Federal Grant Fund,41,Chicago Department of Public Health,2984,Summer Food Program,0140,PROFESSIONAL AND TECHNICAL SERVICES,276000.00,276000.00,99400.00
GRANTS,925F,Federal Grant Fund,41,Chicago Department of Public Health,2984,Summer Food Program,0270,LOCAL TRANSPORTATION,0.00,0.00,6600.00
GRANTS,925F,Federal Grant Fund,41,Chicago Department of Public Health,2984,Summer Food Program,0350,STATIONERY AND OFFICE SUPPLIES,0.00,0.00,44000.00
GRANTS,925F,Federal Grant Fund,41,Chicago Department of Public Health,2984,Summer Food Program,909A,RESERVE BALANCE,0.00,0.00,276000.00
GRANTS,925L,Local Public and Private Grant Fund,41,Chicago Department of Public Health,2700,Care Van Blue Cross,0020,OVERTIME,50000.00,50000.00,0.00
GRANTS,925L,Local Public and Private Grant Fund,41,Chicago Department of Public Health,2700,Care Van Blue Cross,909A,RESERVE BALANCE,-50000.00,-50000.00,0.00
GRANTS,925L,Local Public and Private Grant Fund,41,Chicago Department of Public Health,2714,Air Pollution Control Program,0005,SALARIES AND WAGES - ON PAYROLL,0.00,0.00,184249.00
GRANTS,925L,Local Public and Private Grant Fund,41,Chicago Department of Public Health,2714,Air Pollution Control Program,0044,FRINGE BENEFITS,0.00,0.00,115039.00
GRANTS,925L,Local Public and Private Grant Fund,41,Chicago Department of Public Health,2714,Air Pollution Control Program,0140,PROFESSIONAL AND TECHNICAL SERVICES,410000.00,410000.00,66287.00
GRANTS,925L,Local Public and Private Grant Fund,41,Chicago Department of Public Health,2714,Air Pollution Control Program,0229,TRANSPORTATION AND EXPENSE ALLOWANCE,0.00,0.00,8000.00
GRANTS,925L,Local Public and Private Grant Fund,41,Chicago Department of Public Health,2714,Air Pollution Control Program,0340,MATERIAL AND SUPPLIES,0.00,0.00,7312.00
GRANTS,925L,Local Public and Private Grant Fund,41,Chicago Department of Public Health,2714,Air Pollution Control Program,0991,MATCHING AND SUPPLEMENTAL GRANTS,410000.00,410000.00,29113.00
GRANTS,925L,Local Public and Private Grant Fund,41,Chicago Department of Public Health,2714,Air Pollution Control Program,909A,RESERVE BALANCE,0.00,0.00,813000.00
GRANTS,925L,Local Public and Private Grant Fund,41,Chicago Department of Public Health,282E,Healthy Chicago 3.0,0140,PROFESSIONAL AND TECHNICAL SERVICES,70000.00,70000.00,0.00
GRANTS,925L,Local Public and Private Grant Fund,41,Chicago Department of Public Health,282E,Healthy Chicago 3.0,909A,RESERVE BALANCE,0.00,0.00,65000.00
GRANTS,925L,Local Public and Private Grant Fund,41,Chicago Department of Public Health,282J,Crisis Assistance Response and Engagement,0140,PROFESSIONAL AND TECHNICAL SERVICES,133000.00,133000.00,0.00
GRANTS,925L,Local Public and Private Grant Fund,41,Chicago Department of Public Health,282J,Crisis Assistance Response and Engagement,909A,RESERVE BALANCE,0.00,0.00,118000.00
GRANTS,925L,Local Public and Private Grant Fund,41,Chicago Department of Public Health,282K,NFL Social Justice,0140,PROFESSIONAL AND TECHNICAL SERVICES,200000.00,200000.00,0.00
GRANTS,925L,Local Public and Private Grant Fund,41,Chicago Department of Public Health,282K,NFL Social Justice,909A,RESERVE BALANCE,0.00,0.00,79000.00
GRANTS,925L,Local Public and Private Grant Fund,41,Chicago Department of Public Health,2884,Lead Based Paint Hazard Control (Torrens Fund),0140,PROFESSIONAL AND TECHNICAL SERVICES,680000.00,680000.00,0.00
GRANTS,925L,Local Public and Private Grant Fund,41,Chicago Department of Public Health,2884,Lead Based Paint Hazard Control (Torrens Fund),909A,RESERVE BALANCE,0.00,0.00,315000.00
GRANTS,925S,State Grant Fund,41,Chicago Department of Public Health,2720,Underground Storage Tank Inspection,0005,SALARIES AND WAGES - ON PAYROLL,308496.00,308496.00,369347.00
GRANTS,925S,State Grant Fund,41,Chicago Department of Public Health,2720,Underground Storage Tank Inspection,0015,SCHEDULE SALARY ADJUSTMENTS,2484.00,2484.00,2788.00
GRANTS,925S,State Grant Fund,41,Chicago Department of Public Health,2720,Underground Storage Tank Inspection,0044,FRINGE BENEFITS,239020.00,239020.00,226881.00
GRANTS,925S,State Grant Fund,41,Chicago Department of Public Health,2720,Underground Storage Tank Inspection,0140,PROFESSIONAL AND TECHNICAL SERVICES,755000.00,755000.00,0.00
GRANTS,925S,State Grant Fund,41,Chicago Department of Public Health,2720,Underground Storage Tank Inspection,909A,RESERVE BALANCE,0.00,0.00,684984.00
GRANTS,925S,State Grant Fund,41,Chicago Department of Public Health,2721,Resource Conservation,0005,SALARIES AND WAGES - ON PAYROLL,114584.00,114584.00,129518.00
GRANTS,925S,State Grant Fund,41,Chicago Department of Public Health,2721,Resource Conservation,0015,SCHEDULE SALARY ADJUSTMENTS,6415.00,6415.00,2660.00
GRANTS,925S,State Grant Fund,41,Chicago Department of Public Health,2721,Resource Conservation,0044,FRINGE BENEFITS,74196.00,74196.00,77190.00
GRANTS,925S,State Grant Fund,41,Chicago Department of Public Health,2721,Resource Conservation,0140,PROFESSIONAL AND TECHNICAL SERVICES,588805.00,588805.00,0.00
GRANTS,925S,State Grant Fund,41,Chicago Department of Public Health,2721,Resource Conservation,909A,RESERVE BALANCE,0.00,0.00,108632.00
GRANTS,925S,State Grant Fund,41,Chicago Department of Public Health,2722,Solid Waste Management,0005,SALARIES AND WAGES - ON PAYROLL,54125.00,54125.00,62169.00
GRANTS,925S,State Grant Fund,41,Chicago Department of Public Health,2722,Solid Waste Management,0006,SALARY PROVISION,145000.00,145000.00,0.00
GRANTS,925S,State Grant Fund,41,Chicago Department of Public Health,2722,Solid Waste Management,0015,SCHEDULE SALARY ADJUSTMENTS,1608.00,1608.00,0.00
GRANTS,925S,State Grant Fund,41,Chicago Department of Public Health,2722,Solid Waste Management,0044,FRINGE BENEFITS,42495.00,42495.00,42282.00
GRANTS,925S,State Grant Fund,41,Chicago Department of Public Health,2722,Solid Waste Management,0140,PROFESSIONAL AND TECHNICAL SERVICES,102772.00,102772.00,0.00
GRANTS,925S,State Grant Fund,41,Chicago Department of Public Health,2722,Solid Waste Management,0801,INDIRECT COSTS,0.00,0.00,68549.00
GRANTS,925S,State Grant Fund,41,Chicago Department of Public Health,2722,Solid Waste Management,909A,RESERVE BALANCE,0.00,0.00,318000.00
GRANTS,925S,State Grant Fund,41,Chicago Department of Public Health,2730,Local Health Protection,0005,SALARIES AND WAGES - ON PAYROLL,2077350.00,2077350.00,0.00
GRANTS,925S,State Grant Fund,41,Chicago Department of Public Health,2730,Local Health Protection,0015,SCHEDULE SALARY ADJUSTMENTS,11643.00,11643.00,0.00
GRANTS,925S,State Grant Fund,41,Chicago Department of Public Health,2730,Local Health Protection,0044,FRINGE BENEFITS,1377897.00,1377897.00,0.00
GRANTS,925S,State Grant Fund,41,Chicago Department of Public Health,2730,Local Health Protection,0140,PROFESSIONAL AND TECHNICAL SERVICES,183110.00,183110.00,0.00
GRANTS,925S,State Grant Fund,41,Chicago Department of Public Health,2804,Childhood Lead Poisoning Prevention,0005,SALARIES AND WAGES - ON PAYROLL,1265732.00,1265732.00,0.00
GRANTS,925S,State Grant Fund,41,Chicago Department of Public Health,2804,Childhood Lead Poisoning Prevention,0006,SALARY PROVISION,64156.00,64156.00,0.00
GRANTS,925S,State Grant Fund,41,Chicago Department of Public Health,2804,Childhood Lead Poisoning Prevention,0015,SCHEDULE SALARY ADJUSTMENTS,10938.00,10938.00,0.00
GRANTS,925S,State Grant Fund,41,Chicago Department of Public Health,2804,Childhood Lead Poisoning Prevention,0044,FRINGE BENEFITS,835303.00,835303.00,0.00
GRANTS,925S,State Grant Fund,41,Chicago Department of Public Health,2804,Childhood Lead Poisoning Prevention,0140,PROFESSIONAL AND TECHNICAL SERVICES,501871.00,501871.00,0.00
GRANTS,925S,State Grant Fund,41,Chicago Department of Public Health,2808,Women Infants and Children Nutrition,0005,SALARIES AND WAGES - ON PAYROLL,1966050.00,1966050.00,0.00
GRANTS,925S,State Grant Fund,41,Chicago Department of Public Health,2808,Women Infants and Children Nutrition,0015,SCHEDULE SALARY ADJUSTMENTS,4545.00,4545.00,0.00
GRANTS,925S,State Grant Fund,41,Chicago Department of Public Health,2808,Women Infants and Children Nutrition,0044,FRINGE BENEFITS,1360352.00,1360352.00,0.00
GRANTS,925S,State Grant Fund,41,Chicago Department of Public Health,2808,Women Infants and Children Nutrition,0140,PROFESSIONAL AND TECHNICAL SERVICES,-3330947.00,-3330947.00,0.00
GRANTS,925S,State Grant Fund,41,Chicago Department of Public Health,281C,Pre-Exposure Prophylaxis (PREP),0140,PROFESSIONAL AND TECHNICAL SERVICES,124000.00,124000.00,0.00
GRANTS,925S,State Grant Fund,41,Chicago Department of Public Health,281V,Family Connects,0005,SALARIES AND WAGES - ON PAYROLL,639254.00,639254.00,814261.00
GRANTS,925S,State Grant Fund,41,Chicago Department of Public Health,281V,Family Connects,0006,SALARY PROVISION,5736.00,5736.00,0.00
GRANTS,925S,State Grant Fund,41,Chicago Department of Public Health,281V,Family Connects,0015,SCHEDULE SALARY ADJUSTMENTS,8076.00,8076.00,12465.00
GRANTS,925S,State Grant Fund,41,Chicago Department of Public Health,281V,Family Connects,0044,FRINGE BENEFITS,446934.00,446934.00,498348.00
GRANTS,925S,State Grant Fund,41,Chicago Department of Public Health,281V,Family Connects,0140,PROFESSIONAL AND TECHNICAL SERVICES,800000.00,800000.00,0.00
GRANTS,925S,State Grant Fund,41,Chicago Department of Public Health,281V,Family Connects,909A,RESERVE BALANCE,0.00,0.00,524926.00
GRANTS,925S,State Grant Fund,41,Chicago Department of Public Health,282P,Comprehensive Health Protection Grant,0005,SALARIES AND WAGES - ON PAYROLL,0.00,0.00,3752124.00
GRANTS,925S,State Grant Fund,41,Chicago Department of Public Health,282P,Comprehensive Health Protection Grant,0015,SCHEDULE SALARY ADJUSTMENTS,0.00,0.00,15572.00
GRANTS,925S,State Grant Fund,41,Chicago Department of Public Health,282P,Comprehensive Health Protection Grant,0044,FRINGE BENEFITS,0.00,0.00,2255546.00
GRANTS,925S,State Grant Fund,41,Chicago Department of Public Health,282P,Comprehensive Health Protection Grant,909A,RESERVE BALANCE,5455000.00,5455000.00,4931758.00
GRANTS,925S,State Grant Fund,41,Chicago Department of Public Health,2868,Tobacco Free Communities,0005,SALARIES AND WAGES - ON PAYROLL,263695.00,263695.00,364233.00
GRANTS,925S,State Grant Fund,41,Chicago Department of Public Health,2868,Tobacco Free Communities,0015,SCHEDULE SALARY ADJUSTMENTS,0.00,0.00,5076.00
GRANTS,925S,State Grant Fund,41,Chicago Department of Public Health,2868,Tobacco Free Communities,0044,FRINGE BENEFITS,184420.00,184420.00,230419.00
GRANTS,925S,State Grant Fund,41,Chicago Department of Public Health,2868,Tobacco Free Communities,0140,PROFESSIONAL AND TECHNICAL SERVICES,1249885.00,1249885.00,95157.00
GRANTS,925S,State Grant Fund,41,Chicago Department of Public Health,2868,Tobacco Free Communities,0801,INDIRECT COSTS,0.00,0.00,155115.00
GRANTS,925S,State Grant Fund,41,Chicago Department of Public Health,2868,Tobacco Free Communities,909A,RESERVE BALANCE,0.00,0.00,1086000.00
GRANTS,925S,State Grant Fund,41,Chicago Department of Public Health,2878,Tanning Facilities Inspections,0140,PROFESSIONAL AND TECHNICAL SERVICES,21000.00,21000.00,0.00
GRANTS,925S,State Grant Fund,41,Chicago Department of Public Health,2960,Mosquito Vector Prevention Program (Tire Funds),0005,SALARIES AND WAGES - ON PAYROLL,131113.00,131113.00,0.00
GRANTS,925S,State Grant Fund,41,Chicago Department of Public Health,2960,Mosquito Vector Prevention Program (Tire Funds),0006,SALARY PROVISION,4055.00,4055.00,0.00
GRANTS,925S,State Grant Fund,41,Chicago Department of Public Health,2960,Mosquito Vector Prevention Program (Tire Funds),0015,SCHEDULE SALARY ADJUSTMENTS,5992.00,5992.00,0.00
GRANTS,925S,State Grant Fund,41,Chicago Department of Public Health,2960,Mosquito Vector Prevention Program (Tire Funds),0044,FRINGE BENEFITS,84899.00,84899.00,0.00
GRANTS,925S,State Grant Fund,41,Chicago Department of Public Health,2960,Mosquito Vector Prevention Program (Tire Funds),0140,PROFESSIONAL AND TECHNICAL SERVICES,205941.00,205941.00,0.00
GRANTS,925S,State Grant Fund,41,Chicago Department of Public Health,2998,Body Art and Tanning Inspection,0140,PROFESSIONAL AND TECHNICAL SERVICES,220000.00,220000.00,0.00
GRANTS,GA00,Coronavirus Local Fiscal Recovery Fund,41,Chicago Department of Public Health,290H,American Rescue Plan Fiscal Recovery,0005,SALARIES AND WAGES - ON PAYROLL,8626614.00,8626614.00,5567660.00
GRANTS,GA00,Coronavirus Local Fiscal Recovery Fund,41,Chicago Department of Public Health,290H,American Rescue Plan Fiscal Recovery,0006,SALARY PROVISION,4321781.00,4321781.00,361216.00
GRANTS,GA00,Coronavirus Local Fiscal Recovery Fund,41,Chicago Department of Public Health,290H,American Rescue Plan Fiscal Recovery,0015,SCHEDULE SALARY ADJUSTMENTS,110199.00,110199.00,45084.00
GRANTS,GA00,Coronavirus Local Fiscal Recovery Fund,41,Chicago Department of Public Health,290H,American Rescue Plan Fiscal Recovery,0044,FRINGE BENEFITS,6109564.00,6109564.00,3473844.00
GRANTS,GA00,Coronavirus Local Fiscal Recovery Fund,41,Chicago Department of Public Health,290H,American Rescue Plan Fiscal Recovery,0091,UNIFORM ALLOWANCE,6800.00,6800.00,0.00
GRANTS,GA00,Coronavirus Local Fiscal Recovery Fund,41,Chicago Department of Public Health,290H,American Rescue Plan Fiscal Recovery,0135,DELEGATE AGENCIES,33777904.00,33777904.00,25450627.00
GRANTS,GA00,Coronavirus Local Fiscal Recovery Fund,41,Chicago Department of Public Health,290H,American Rescue Plan Fiscal Recovery,0140,PROFESSIONAL AND TECHNICAL SERVICES,42952674.00,42952674.00,2645569.00
GRANTS,GA00,Coronavirus Local Fiscal Recovery Fund,41,Chicago Department of Public Health,290H,American Rescue Plan Fiscal Recovery,0149,SOFTWARE MAINTENANCE AND LICENSING,363512.00,363512.00,0.00
GRANTS,GA00,Coronavirus Local Fiscal Recovery Fund,41,Chicago Department of Public Health,290H,American Rescue Plan Fiscal Recovery,0150,OUTSIDE GRAPHIC SERVICES,35000.00,35000.00,0.00
GRANTS,GA00,Coronavirus Local Fiscal Recovery Fund,41,Chicago Department of Public Health,290H,American Rescue Plan Fiscal Recovery,0155,RENTAL OF PROPERTY,992660.00,992660.00,0.00
GRANTS,GA00,Coronavirus Local Fiscal Recovery Fund,41,Chicago Department of Public Health,290H,American Rescue Plan Fiscal Recovery,0157,RENTAL EQUIPMENT AND SERVICES,239259.00,239259.00,0.00
GRANTS,GA00,Coronavirus Local Fiscal Recovery Fund,41,Chicago Department of Public Health,290H,American Rescue Plan Fiscal Recovery,0159,LEASE/PURCHASE EQUIPMENT,125399.00,125399.00,0.00
GRANTS,GA00,Coronavirus Local Fiscal Recovery Fund,41,Chicago Department of Public Health,290H,American Rescue Plan Fiscal Recovery,0162,REPAIR/MAINT EQUIPMENT,535378.00,535378.00,0.00
GRANTS,GA00,Coronavirus Local Fiscal Recovery Fund,41,Chicago Department of Public Health,290H,American Rescue Plan Fiscal Recovery,0169,TECHNICAL MEETING COSTS,16165.00,16165.00,5500.00
GRANTS,GA00,Coronavirus Local Fiscal Recovery Fund,41,Chicago Department of Public Health,290H,American Rescue Plan Fiscal Recovery,0181,MOBILE COMMUNICATION SERVICES,57777.00,57777.00,0.00
GRANTS,GA00,Coronavirus Local Fiscal Recovery Fund,41,Chicago Department of Public Health,290H,American Rescue Plan Fiscal Recovery,0189,TELEPHONE - NON-CENTREX BILLINGS,5550.00,5550.00,0.00
GRANTS,GA00,Coronavirus Local Fiscal Recovery Fund,41,Chicago Department of Public Health,290H,American Rescue Plan Fiscal Recovery,0190,TELEPHONE - CENTREX BILLINGS,32153.00,32153.00,0.00
GRANTS,GA00,Coronavirus Local Fiscal Recovery Fund,41,Chicago Department of Public Health,290H,American Rescue Plan Fiscal Recovery,0196,DATA CIRCUITS,15000.00,15000.00,0.00
GRANTS,GA00,Coronavirus Local Fiscal Recovery Fund,41,Chicago Department of Public Health,290H,American Rescue Plan Fiscal Recovery,0229,TRANSPORTATION AND EXPENSE ALLOWANCE,22000.00,22000.00,2500.00
GRANTS,GA00,Coronavirus Local Fiscal Recovery Fund,41,Chicago Department of Public Health,290H,American Rescue Plan Fiscal Recovery,0270,LOCAL TRANSPORTATION,8228.00,8228.00,0.00
GRANTS,GA00,Coronavirus Local Fiscal Recovery Fund,41,Chicago Department of Public Health,290H,American Rescue Plan Fiscal Recovery,0340,MATERIAL AND SUPPLIES,64518.00,64518.00,0.00
GRANTS,GA00,Coronavirus Local Fiscal Recovery Fund,41,Chicago Department of Public Health,290H,American Rescue Plan Fiscal Recovery,0342,DRUGS  MEDICINE AND CHEMICAL MATERIALS,995000.00,995000.00,0.00
GRANTS,GA00,Coronavirus Local Fiscal Recovery Fund,41,Chicago Department of Public Health,290H,American Rescue Plan Fiscal Recovery,0350,STATIONERY AND OFFICE SUPPLIES,46938.00,46938.00,4000.00
GRANTS,GA00,Coronavirus Local Fiscal Recovery Fund,41,Chicago Department of Public Health,290H,American Rescue Plan Fiscal Recovery,0420,FURNITURE AND FIXTURES,74325.00,74325.00,0.00
GRANTS,GA00,Coronavirus Local Fiscal Recovery Fund,41,Chicago Department of Public Health,290H,American Rescue Plan Fiscal Recovery,0446,PURCHASE - IT HARDWARE,241602.00,241602.00,0.00
GRANTS,GA00,Coronavirus Local Fiscal Recovery Fund,41,Chicago Department of Public Health,290H,American Rescue Plan Fiscal Recovery,909A,RESERVE BALANCE,0.00,0.00,40378000.00
GRANTS,925F,Federal Grant Fund,48,Mayor's Office for People with Disabilities,2805,Substance Prevention Use Deaf,0005,SALARIES AND WAGES - ON PAYROLL,0.00,0.00,135373.00
GRANTS,925F,Federal Grant Fund,48,Mayor's Office for People with Disabilities,2805,Substance Prevention Use Deaf,0006,SALARY PROVISION,196032.00,196032.00,0.00
GRANTS,925F,Federal Grant Fund,48,Mayor's Office for People with Disabilities,2805,Substance Prevention Use Deaf,0015,SCHEDULE SALARY ADJUSTMENTS,0.00,0.00,4260.00
GRANTS,925F,Federal Grant Fund,48,Mayor's Office for People with Disabilities,2805,Substance Prevention Use Deaf,0044,FRINGE BENEFITS,0.00,0.00,80680.00
GRANTS,925F,Federal Grant Fund,48,Mayor's Office for People with Disabilities,2805,Substance Prevention Use Deaf,0140,PROFESSIONAL AND TECHNICAL SERVICES,174968.00,174968.00,4687.00
GRANTS,925F,Federal Grant Fund,48,Mayor's Office for People with Disabilities,2805,Substance Prevention Use Deaf,909A,RESERVE BALANCE,0.00,0.00,218000.00
GRANTS,925F,Federal Grant Fund,48,Mayor's Office for People with Disabilities,280A,Violence Against Women Domestic Violence,0005,SALARIES AND WAGES - ON PAYROLL,57508.00,57508.00,0.00
GRANTS,925F,Federal Grant Fund,48,Mayor's Office for People with Disabilities,280A,Violence Against Women Domestic Violence,0006,SALARY PROVISION,10148.00,10148.00,0.00
GRANTS,925F,Federal Grant Fund,48,Mayor's Office for People with Disabilities,280A,Violence Against Women Domestic Violence,0015,SCHEDULE SALARY ADJUSTMENTS,1512.00,1512.00,0.00
GRANTS,925F,Federal Grant Fund,48,Mayor's Office for People with Disabilities,280A,Violence Against Women Domestic Violence,0044,FRINGE BENEFITS,42495.00,42495.00,0.00
GRANTS,925F,Federal Grant Fund,48,Mayor's Office for People with Disabilities,280A,Violence Against Women Domestic Violence,0140,PROFESSIONAL AND TECHNICAL SERVICES,-111663.00,-111663.00,0.00
GRANTS,925F,Federal Grant Fund,48,Mayor's Office for People with Disabilities,2818,CHA Home Modification Program,0135,DELEGATE AGENCIES,0.00,0.00,100000.00
GRANTS,925F,Federal Grant Fund,48,Mayor's Office for People with Disabilities,2818,CHA Home Modification Program,0140,PROFESSIONAL AND TECHNICAL SERVICES,174000.00,174000.00,0.00
GRANTS,925F,Federal Grant Fund,48,Mayor's Office for People with Disabilities,2818,CHA Home Modification Program,909A,RESERVE BALANCE,128000.00,128000.00,100000.00
GRANTS,925F,Federal Grant Fund,48,Mayor's Office for People with Disabilities,2833,Disabled Survivors of Gun and Community Violence Assistance Program,0005,SALARIES AND WAGES - ON PAYROLL,57508.00,57508.00,70946.00
GRANTS,925F,Federal Grant Fund,48,Mayor's Office for People with Disabilities,2833,Disabled Survivors of Gun and Community Violence Assistance Program,0006,SALARY PROVISION,10148.00,10148.00,0.00
GRANTS,925F,Federal Grant Fund,48,Mayor's Office for People with Disabilities,2833,Disabled Survivors of Gun and Community Violence Assistance Program,0015,SCHEDULE SALARY ADJUSTMENTS,1512.00,1512.00,984.00
GRANTS,925F,Federal Grant Fund,48,Mayor's Office for People with Disabilities,2833,Disabled Survivors of Gun and Community Violence Assistance Program,0044,FRINGE BENEFITS,42495.00,42495.00,42282.00
GRANTS,925F,Federal Grant Fund,48,Mayor's Office for People with Disabilities,2833,Disabled Survivors of Gun and Community Violence Assistance Program,0140,PROFESSIONAL AND TECHNICAL SERVICES,238337.00,238337.00,0.00
GRANTS,925F,Federal Grant Fund,48,Mayor's Office for People with Disabilities,2833,Disabled Survivors of Gun and Community Violence Assistance Program,909A,RESERVE BALANCE,0.00,0.00,201788.00
GRANTS,925L,Local Public and Private Grant Fund,48,Mayor's Office for People with Disabilities,2805,Substance Prevention Use Deaf,0006,SALARY PROVISION,0.00,0.00,40000.00
GRANTS,925L,Local Public and Private Grant Fund,48,Mayor's Office for People with Disabilities,2805,Substance Prevention Use Deaf,909A,RESERVE BALANCE,40000.00,40000.00,40000.00
GRANTS,925L,Local Public and Private Grant Fund,48,Mayor's Office for People with Disabilities,2819,MOPD - Private Grants,0140,PROFESSIONAL AND TECHNICAL SERVICES,189000.00,189000.00,0.00
GRANTS,925L,Local Public and Private Grant Fund,48,Mayor's Office for People with Disabilities,2819,MOPD - Private Grants,909A,RESERVE BALANCE,0.00,0.00,183000.00
GRANTS,925L,Local Public and Private Grant Fund,48,Mayor's Office for People with Disabilities,2820,Empowered Cities Initiative,0140,PROFESSIONAL AND TECHNICAL SERVICES,81000.00,81000.00,0.00
GRANTS,925L,Local Public and Private Grant Fund,48,Mayor's Office for People with Disabilities,2820,Empowered Cities Initiative,909A,RESERVE BALANCE,0.00,0.00,79000.00
GRANTS,925L,Local Public and Private Grant Fund,48,Mayor's Office for People with Disabilities,2832,RTA - ADA Certification Appeals Program,0140,PROFESSIONAL AND TECHNICAL SERVICES,10000.00,10000.00,0.00
GRANTS,925L,Local Public and Private Grant Fund,48,Mayor's Office for People with Disabilities,2832,RTA - ADA Certification Appeals Program,909A,RESERVE BALANCE,0.00,0.00,10000.00
GRANTS,925S,State Grant Fund,48,Mayor's Office for People with Disabilities,2805,Substance Prevention Use Deaf,0005,SALARIES AND WAGES - ON PAYROLL,105469.00,105469.00,0.00
GRANTS,925S,State Grant Fund,48,Mayor's Office for People with Disabilities,2805,Substance Prevention Use Deaf,0006,SALARY PROVISION,-191000.00,-191000.00,0.00
GRANTS,925S,State Grant Fund,48,Mayor's Office for People with Disabilities,2805,Substance Prevention Use Deaf,0015,SCHEDULE SALARY ADJUSTMENTS,398.00,398.00,0.00
GRANTS,925S,State Grant Fund,48,Mayor's Office for People with Disabilities,2805,Substance Prevention Use Deaf,0044,FRINGE BENEFITS,85133.00,85133.00,0.00
GRANTS,GA00,Coronavirus Local Fiscal Recovery Fund,48,Mayor's Office for People with Disabilities,290H,ARP Fiscal Recovery,0006,SALARY PROVISION,48878.00,48878.00,0.00
GRANTS,GA00,Coronavirus Local Fiscal Recovery Fund,48,Mayor's Office for People with Disabilities,290H,ARP Fiscal Recovery,0135,DELEGATE AGENCIES,4925000.00,4925000.00,0.00
GRANTS,GA00,Coronavirus Local Fiscal Recovery Fund,48,Mayor's Office for People with Disabilities,290H,ARP Fiscal Recovery,0140,PROFESSIONAL AND TECHNICAL SERVICES,25562.00,25562.00,0.00
GRANTS,GA00,Coronavirus Local Fiscal Recovery Fund,48,Mayor's Office for People with Disabilities,290H,ARP Fiscal Recovery,0270,LOCAL TRANSPORTATION,60.00,60.00,0.00
GRANTS,GA00,Coronavirus Local Fiscal Recovery Fund,48,Mayor's Office for People with Disabilities,290H,ARP Fiscal Recovery,0340,MATERIAL AND SUPPLIES,500.00,500.00,0.00
GRANTS,GA00,Coronavirus Local Fiscal Recovery Fund,48,Mayor's Office for People with Disabilities,290H,ARP Fiscal Recovery,909A,RESERVE BALANCE,0.00,0.00,4879000.00
GRANTS,925C,COVID-19 Grant Fund,50,Department of Family and Support Services,280C,Youth Services,0135,DELEGATE AGENCIES,100000.00,100000.00,0.00
GRANTS,925C,COVID-19 Grant Fund,50,Department of Family and Support Services,280E,Home Investment Partnership,0005,SALARIES AND WAGES - ON PAYROLL,64668.00,64668.00,203328.00
GRANTS,925C,COVID-19 Grant Fund,50,Department of Family and Support Services,280E,Home Investment Partnership,0015,SCHEDULE SALARY ADJUSTMENTS,0.00,0.00,2779.00
GRANTS,925C,COVID-19 Grant Fund,50,Department of Family and Support Services,280E,Home Investment Partnership,0044,FRINGE BENEFITS,0.00,0.00,121179.00
GRANTS,925C,COVID-19 Grant Fund,50,Department of Family and Support Services,280E,Home Investment Partnership,0135,DELEGATE AGENCIES,43935332.00,43935332.00,0.00
GRANTS,925C,COVID-19 Grant Fund,50,Department of Family and Support Services,280E,Home Investment Partnership,909A,RESERVE BALANCE,0.00,0.00,43647714.00
GRANTS,925C,COVID-19 Grant Fund,50,Department of Family and Support Services,2827,Services to Victims of Domestic Violence,0135,DELEGATE AGENCIES,652000.00,652000.00,0.00
GRANTS,925C,COVID-19 Grant Fund,50,Department of Family and Support Services,2827,Services to Victims of Domestic Violence,909A,RESERVE BALANCE,0.00,0.00,652000.00
GRANTS,925C,COVID-19 Grant Fund,50,Department of Family and Support Services,2836,Long Term Care Ombudsman Program - CMP,909A,RESERVE BALANCE,72000.00,72000.00,72000.00
GRANTS,925C,COVID-19 Grant Fund,50,Department of Family and Support Services,2904,Area Plan on Aging,0005,SALARIES AND WAGES - ON PAYROLL,111302.00,111302.00,117988.00
GRANTS,925C,COVID-19 Grant Fund,50,Department of Family and Support Services,2904,Area Plan on Aging,0044,FRINGE BENEFITS,76247.00,76247.00,74276.00
GRANTS,925C,COVID-19 Grant Fund,50,Department of Family and Support Services,2904,Area Plan on Aging,0140,PROFESSIONAL AND TECHNICAL SERVICES,10721451.00,10721451.00,0.00
GRANTS,925C,COVID-19 Grant Fund,50,Department of Family and Support Services,2904,Area Plan on Aging,909A,RESERVE BALANCE,0.00,0.00,4126736.00
GRANTS,925C,COVID-19 Grant Fund,50,Department of Family and Support Services,2944,Emergency Solutions,0135,DELEGATE AGENCIES,2329000.00,2329000.00,0.00
GRANTS,925C,COVID-19 Grant Fund,50,Department of Family and Support Services,2944,Emergency Solutions,909A,RESERVE BALANCE,0.00,0.00,2329000.00
GRANTS,925C,COVID-19 Grant Fund,50,Department of Family and Support Services,2981,Domestic Violence Hotline,0135,DELEGATE AGENCIES,12000.00,12000.00,0.00
GRANTS,925C,COVID-19 Grant Fund,50,Department of Family and Support Services,2981,Domestic Violence Hotline,909A,RESERVE BALANCE,0.00,0.00,12000.00
GRANTS,925C,COVID-19 Grant Fund,50,Department of Family and Support Services,2985,Homeless Shelter,0135,DELEGATE AGENCIES,1100000.00,1100000.00,0.00
GRANTS,925C,COVID-19 Grant Fund,50,Department of Family and Support Services,2985,Homeless Shelter,909A,RESERVE BALANCE,0.00,0.00,308000.00
GRANTS,925C,COVID-19 Grant Fund,50,Department of Family and Support Services,2987,Workforce Services,0135,DELEGATE AGENCIES,1132000.00,1132000.00,0.00
GRANTS,925C,COVID-19 Grant Fund,50,Department of Family and Support Services,2987,Workforce Services,909A,RESERVE BALANCE,0.00,0.00,554000.00
GRANTS,925F,Federal Grant Fund,50,Department of Family and Support Services,2805,Community Services Block Grant,0005,SALARIES AND WAGES - ON PAYROLL,4862356.00,4862356.00,4908125.00
GRANTS,925F,Federal Grant Fund,50,Department of Family and Support Services,2805,Community Services Block Grant,0006,SALARY PROVISION,0.00,0.00,-59199.00
GRANTS,925F,Federal Grant Fund,50,Department of Family and Support Services,2805,Community Services Block Grant,0015,SCHEDULE SALARY ADJUSTMENTS,44402.00,44402.00,43495.00
GRANTS,925F,Federal Grant Fund,50,Department of Family and Support Services,2805,Community Services Block Grant,0044,FRINGE BENEFITS,3166002.00,3166002.00,2954391.00
GRANTS,925F,Federal Grant Fund,50,Department of Family and Support Services,2805,Community Services Block Grant,0125,OFFICE AND BUILDING SERVICES,-2662074.00,-2662074.00,33926.00
GRANTS,925F,Federal Grant Fund,50,Department of Family and Support Services,2805,Community Services Block Grant,0135,DELEGATE AGENCIES,4815161.00,4815161.00,3641109.00
GRANTS,925F,Federal Grant Fund,50,Department of Family and Support Services,2805,Community Services Block Grant,0140,PROFESSIONAL AND TECHNICAL SERVICES,40774.00,40774.00,40774.00
GRANTS,925F,Federal Grant Fund,50,Department of Family and Support Services,2805,Community Services Block Grant,0155,RENTAL OF PROPERTY,53570.00,53570.00,53570.00
GRANTS,925F,Federal Grant Fund,50,Department of Family and Support Services,2805,Community Services Block Grant,0159,LEASE/PURCHASE EQUIPMENT,20892.00,20892.00,20892.00
GRANTS,925F,Federal Grant Fund,50,Department of Family and Support Services,2805,Community Services Block Grant,0190,TELEPHONE - CENTREX BILLINGS,53570.00,53570.00,53570.00
GRANTS,925F,Federal Grant Fund,50,Department of Family and Support Services,2805,Community Services Block Grant,0340,MATERIAL AND SUPPLIES,10500.00,10500.00,10500.00
GRANTS,925F,Federal Grant Fund,50,Department of Family and Support Services,2805,Community Services Block Grant,0350,STATIONERY AND OFFICE SUPPLIES,3285.00,3285.00,3285.00
GRANTS,925F,Federal Grant Fund,50,Department of Family and Support Services,2805,Community Services Block Grant,0801,INDIRECT COSTS,695562.00,695562.00,695562.00
GRANTS,925F,Federal Grant Fund,50,Department of Family and Support Services,2805,Community Services Block Grant,909A,RESERVE BALANCE,0.00,0.00,2221000.00
GRANTS,925F,Federal Grant Fund,50,Department of Family and Support Services,280F,Reducing Risk for Girls in the Juvenile Justice System,0140,PROFESSIONAL AND TECHNICAL SERVICES,371000.00,371000.00,0.00
GRANTS,925F,Federal Grant Fund,50,Department of Family and Support Services,280F,Reducing Risk for Girls in the Juvenile Justice System,909A,RESERVE BALANCE,0.00,0.00,316000.00
GRANTS,925F,Federal Grant Fund,50,Department of Family and Support Services,280L,Emergency Food and Shelter Program,909A,RESERVE BALANCE,9361000.00,9361000.00,0.00
GRANTS,925F,Federal Grant Fund,50,Department of Family and Support Services,280M,Shelter Services Program,909A,RESERVE BALANCE,44996000.00,44996000.00,0.00
GRANTS,925F,Federal Grant Fund,50,Department of Family and Support Services,280Q,Social Services Block Grant,0135,DELEGATE AGENCIES,0.00,0.00,1300000.00
GRANTS,925F,Federal Grant Fund,50,Department of Family and Support Services,280Q,Social Services Block Grant,909A,RESERVE BALANCE,1257000.00,1257000.00,1257000.00
GRANTS,925F,Federal Grant Fund,50,Department of Family and Support Services,2815,Foster Grandparents,0005,SALARIES AND WAGES - ON PAYROLL,135362.00,135362.00,137992.00
GRANTS,925F,Federal Grant Fund,50,Department of Family and Support Services,2815,Foster Grandparents,0006,SALARY PROVISION,0.00,0.00,-5295.00
GRANTS,925F,Federal Grant Fund,50,Department of Family and Support Services,2815,Foster Grandparents,0044,FRINGE BENEFITS,87650.00,87650.00,85238.00
GRANTS,925F,Federal Grant Fund,50,Department of Family and Support Services,2815,Foster Grandparents,0135,DELEGATE AGENCIES,1066988.00,1066988.00,431065.00
GRANTS,925F,Federal Grant Fund,50,Department of Family and Support Services,2815,Foster Grandparents,909A,RESERVE BALANCE,0.00,0.00,641000.00
GRANTS,925F,Federal Grant Fund,50,Department of Family and Support Services,2860,Head Start and Early Head Start,0005,SALARIES AND WAGES - ON PAYROLL,4509531.00,4509531.00,4692017.00
GRANTS,925F,Federal Grant Fund,50,Department of Family and Support Services,2860,Head Start and Early Head Start,0006,SALARY PROVISION,42121541.00,42121541.00,24515198.00
GRANTS,925F,Federal Grant Fund,50,Department of Family and Support Services,2860,Head Start and Early Head Start,0015,SCHEDULE SALARY ADJUSTMENTS,28425.00,28425.00,44462.00
GRANTS,925F,Federal Grant Fund,50,Department of Family and Support Services,2860,Head Start and Early Head Start,0044,FRINGE BENEFITS,2973503.00,2973503.00,2848600.00
GRANTS,925F,Federal Grant Fund,50,Department of Family and Support Services,2860,Head Start and Early Head Start,0135,DELEGATE AGENCIES,81627000.00,81627000.00,42127000.00
GRANTS,925F,Federal Grant Fund,50,Department of Family and Support Services,2860,Head Start and Early Head Start,0140,PROFESSIONAL AND TECHNICAL SERVICES,26644000.00,26644000.00,17963723.00
GRANTS,925F,Federal Grant Fund,50,Department of Family and Support Services,2860,Head Start and Early Head Start,909A,RESERVE BALANCE,0.00,0.00,52664000.00
GRANTS,925F,Federal Grant Fund,50,Department of Family and Support Services,2868,Senior Companion Project - Action,0005,SALARIES AND WAGES - ON PAYROLL,99394.00,99394.00,102374.00
GRANTS,925F,Federal Grant Fund,50,Department of Family and Support Services,2868,Senior Companion Project - Action,0044,FRINGE BENEFITS,64360.00,64360.00,61013.00
GRANTS,925F,Federal Grant Fund,50,Department of Family and Support Services,2868,Senior Companion Project - Action,0140,PROFESSIONAL AND TECHNICAL SERVICES,529246.00,529246.00,211613.00
GRANTS,925F,Federal Grant Fund,50,Department of Family and Support Services,2868,Senior Companion Project - Action,909A,RESERVE BALANCE,0.00,0.00,336000.00
GRANTS,925F,Federal Grant Fund,50,Department of Family and Support Services,2873,Title XX Donated Funds,0091,UNIFORM ALLOWANCE,1018000.00,1018000.00,0.00
GRANTS,925F,Federal Grant Fund,50,Department of Family and Support Services,2873,Title XX Donated Funds,0140,PROFESSIONAL AND TECHNICAL SERVICES,-509000.00,-509000.00,0.00
GRANTS,925F,Federal Grant Fund,50,Department of Family and Support Services,2896,CHA Family Supportive Services,0005,SALARIES AND WAGES - ON PAYROLL,346464.00,346464.00,360596.00
GRANTS,925F,Federal Grant Fund,50,Department of Family and Support Services,2896,CHA Family Supportive Services,0015,SCHEDULE SALARY ADJUSTMENTS,3333.00,3333.00,3487.00
GRANTS,925F,Federal Grant Fund,50,Department of Family and Support Services,2896,CHA Family Supportive Services,0044,FRINGE BENEFITS,224345.00,224345.00,214907.00
GRANTS,925F,Federal Grant Fund,50,Department of Family and Support Services,2896,CHA Family Supportive Services,0135,DELEGATE AGENCIES,1390658.00,1390658.00,1385810.00
GRANTS,925F,Federal Grant Fund,50,Department of Family and Support Services,2896,CHA Family Supportive Services,0801,INDIRECT COSTS,189200.00,189200.00,189200.00
GRANTS,925F,Federal Grant Fund,50,Department of Family and Support Services,2904,Area Plan on Aging,0005,SALARIES AND WAGES - ON PAYROLL,6934270.00,6934270.00,7350102.00
GRANTS,925F,Federal Grant Fund,50,Department of Family and Support Services,2904,Area Plan on Aging,0006,SALARY PROVISION,0.00,0.00,-1953.00
GRANTS,925F,Federal Grant Fund,50,Department of Family and Support Services,2904,Area Plan on Aging,0015,SCHEDULE SALARY ADJUSTMENTS,65880.00,65880.00,62846.00
GRANTS,925F,Federal Grant Fund,50,Department of Family and Support Services,2904,Area Plan on Aging,0044,FRINGE BENEFITS,4527407.00,4527407.00,4394423.00
GRANTS,925F,Federal Grant Fund,50,Department of Family and Support Services,2904,Area Plan on Aging,0135,DELEGATE AGENCIES,25101443.00,25101443.00,2994582.00
GRANTS,925F,Federal Grant Fund,50,Department of Family and Support Services,2904,Area Plan on Aging,909A,RESERVE BALANCE,0.00,0.00,27868000.00
GRANTS,925F,Federal Grant Fund,50,Department of Family and Support Services,2923,Chicago Domestic Violence Help Line,0140,PROFESSIONAL AND TECHNICAL SERVICES,455000.00,455000.00,0.00
GRANTS,925F,Federal Grant Fund,50,Department of Family and Support Services,2923,Chicago Domestic Violence Help Line,909A,RESERVE BALANCE,0.00,0.00,111000.00
GRANTS,925F,Federal Grant Fund,50,Department of Family and Support Services,2937,Medicare Improvements for Patients and Providers Act,0006,SALARY PROVISION,147000.00,147000.00,0.00
GRANTS,925F,Federal Grant Fund,50,Department of Family and Support Services,2937,Medicare Improvements for Patients and Providers Act,0140,PROFESSIONAL AND TECHNICAL SERVICES,141000.00,141000.00,147000.00
GRANTS,925F,Federal Grant Fund,50,Department of Family and Support Services,2937,Medicare Improvements for Patients and Providers Act,909A,RESERVE BALANCE,0.00,0.00,141000.00
GRANTS,925F,Federal Grant Fund,50,Department of Family and Support Services,2943,Child Care Services,0005,SALARIES AND WAGES - ON PAYROLL,772072.00,772072.00,834721.00
GRANTS,925F,Federal Grant Fund,50,Department of Family and Support Services,2943,Child Care Services,0006,SALARY PROVISION,0.00,0.00,-42186.00
GRANTS,925F,Federal Grant Fund,50,Department of Family and Support Services,2943,Child Care Services,0015,SCHEDULE SALARY ADJUSTMENTS,2546.00,2546.00,1776.00
GRANTS,925F,Federal Grant Fund,50,Department of Family and Support Services,2943,Child Care Services,0044,FRINGE BENEFITS,508867.00,508867.00,502786.00
GRANTS,925F,Federal Grant Fund,50,Department of Family and Support Services,2943,Child Care Services,0135,DELEGATE AGENCIES,17348515.00,17348515.00,9702903.00
GRANTS,925F,Federal Grant Fund,50,Department of Family and Support Services,2943,Child Care Services,909A,RESERVE BALANCE,0.00,0.00,10816000.00
GRANTS,925F,Federal Grant Fund,50,Department of Family and Support Services,2944,Emergency Solutions,0005,SALARIES AND WAGES - ON PAYROLL,444962.00,444962.00,473725.00
GRANTS,925F,Federal Grant Fund,50,Department of Family and Support Services,2944,Emergency Solutions,0015,SCHEDULE SALARY ADJUSTMENTS,10108.00,10108.00,5893.00
GRANTS,925F,Federal Grant Fund,50,Department of Family and Support Services,2944,Emergency Solutions,0044,FRINGE BENEFITS,288124.00,288124.00,282329.00
GRANTS,925F,Federal Grant Fund,50,Department of Family and Support Services,2944,Emergency Solutions,0135,DELEGATE AGENCIES,10056906.00,10056906.00,5000000.00
GRANTS,925F,Federal Grant Fund,50,Department of Family and Support Services,2944,Emergency Solutions,0140,PROFESSIONAL AND TECHNICAL SERVICES,229687.00,229687.00,963640.00
GRANTS,925F,Federal Grant Fund,50,Department of Family and Support Services,2944,Emergency Solutions,0270,LOCAL TRANSPORTATION,800.00,800.00,0.00
GRANTS,925F,Federal Grant Fund,50,Department of Family and Support Services,2944,Emergency Solutions,0340,MATERIAL AND SUPPLIES,7413.00,7413.00,7413.00
GRANTS,925F,Federal Grant Fund,50,Department of Family and Support Services,2944,Emergency Solutions,909A,RESERVE BALANCE,0.00,0.00,3708000.00
GRANTS,925F,Federal Grant Fund,50,Department of Family and Support Services,2945,Senior Medicare Patrol,0140,PROFESSIONAL AND TECHNICAL SERVICES,62000.00,62000.00,36000.00
GRANTS,925F,Federal Grant Fund,50,Department of Family and Support Services,2945,Senior Medicare Patrol,909A,RESERVE BALANCE,0.00,0.00,36000.00
GRANTS,925F,Federal Grant Fund,50,Department of Family and Support Services,2966,Assistance for Victims of Human Trafficking,0135,DELEGATE AGENCIES,457000.00,457000.00,800000.00
GRANTS,925L,Local Public and Private Grant Fund,50,Department of Family and Support Services,280P,Transit and Homelessness Support,0135,DELEGATE AGENCIES,2000000.00,2000000.00,2000000.00
GRANTS,925L,Local Public and Private Grant Fund,50,Department of Family and Support Services,280P,Transit and Homelessness Support,909A,RESERVE BALANCE,0.00,0.00,2678000.00
GRANTS,925L,Local Public and Private Grant Fund,50,Department of Family and Support Services,280Q,Social Services Block Grant,0135,DELEGATE AGENCIES,0.00,0.00,420000.00
GRANTS,925L,Local Public and Private Grant Fund,50,Department of Family and Support Services,280Q,Social Services Block Grant,909A,RESERVE BALANCE,419000.00,419000.00,419000.00
GRANTS,925L,Local Public and Private Grant Fund,50,Department of Family and Support Services,2815,Foster Grandparents,0991,MATCHING AND SUPPLEMENTAL GRANTS,490000.00,490000.00,490000.00
GRANTS,925L,Local Public and Private Grant Fund,50,Department of Family and Support Services,2868,Senior Companion Project - Action,0140,PROFESSIONAL AND TECHNICAL SERVICES,0.00,0.00,140000.00
GRANTS,925L,Local Public and Private Grant Fund,50,Department of Family and Support Services,2868,Senior Companion Project - Action,0991,MATCHING AND SUPPLEMENTAL GRANTS,139000.00,139000.00,0.00
GRANTS,925L,Local Public and Private Grant Fund,50,Department of Family and Support Services,2868,Senior Companion Project - Action,909A,RESERVE BALANCE,0.00,0.00,139000.00
GRANTS,925L,Local Public and Private Grant Fund,50,Department of Family and Support Services,2873,Title XX Donated Funds,0135,DELEGATE AGENCIES,-321000.00,-321000.00,0.00
GRANTS,925L,Local Public and Private Grant Fund,50,Department of Family and Support Services,2873,Title XX Donated Funds,0140,PROFESSIONAL AND TECHNICAL SERVICES,491000.00,491000.00,0.00
GRANTS,925L,Local Public and Private Grant Fund,50,Department of Family and Support Services,2904,Area Plan on Aging,0991,MATCHING AND SUPPLEMENTAL GRANTS,372000.00,372000.00,186000.00
GRANTS,925L,Local Public and Private Grant Fund,50,Department of Family and Support Services,2904,Area Plan on Aging,909A,RESERVE BALANCE,0.00,0.00,205000.00
GRANTS,925L,Local Public and Private Grant Fund,50,Department of Family and Support Services,2923,Chicago Domestic Violence Help Line,0991,MATCHING AND SUPPLEMENTAL GRANTS,357000.00,357000.00,357000.00
GRANTS,925L,Local Public and Private Grant Fund,50,Department of Family and Support Services,2923,Chicago Domestic Violence Help Line,909A,RESERVE BALANCE,0.00,0.00,207000.00
GRANTS,925P,Program Income Fund,50,Department of Family and Support Services,2904,Area Plan on Aging,0135,DELEGATE AGENCIES,541000.00,541000.00,150000.00
GRANTS,925P,Program Income Fund,50,Department of Family and Support Services,2904,Area Plan on Aging,909A,RESERVE BALANCE,0.00,0.00,541000.00
GRANTS,925S,State Grant Fund,50,Department of Family and Support Services,280N,Asylum Seeker Shelter and  Support Program,909A,RESERVE BALANCE,69800000.00,69800000.00,0.00
GRANTS,925S,State Grant Fund,50,Department of Family and Support Services,2815,Foster Grandparents,0135,DELEGATE AGENCIES,0.00,0.00,59000.00
GRANTS,925S,State Grant Fund,50,Department of Family and Support Services,2815,Foster Grandparents,909A,RESERVE BALANCE,113000.00,113000.00,54000.00
GRANTS,925S,State Grant Fund,50,Department of Family and Support Services,2818,State Foster Grandparents,0135,DELEGATE AGENCIES,-59000.00,-59000.00,0.00
GRANTS,925S,State Grant Fund,50,Department of Family and Support Services,2818,State Foster Grandparents,0140,PROFESSIONAL AND TECHNICAL SERVICES,59000.00,59000.00,0.00
GRANTS,925S,State Grant Fund,50,Department of Family and Support Services,2820,Long Term Care System Development,0005,SALARIES AND WAGES - ON PAYROLL,134580.00,134580.00,0.00
GRANTS,925S,State Grant Fund,50,Department of Family and Support Services,2820,Long Term Care System Development,0015,SCHEDULE SALARY ADJUSTMENTS,1193.00,1193.00,0.00
GRANTS,925S,State Grant Fund,50,Department of Family and Support Services,2820,Long Term Care System Development,0044,FRINGE BENEFITS,84530.00,84530.00,0.00
GRANTS,925S,State Grant Fund,50,Department of Family and Support Services,2820,Long Term Care System Development,0140,PROFESSIONAL AND TECHNICAL SERVICES,-158303.00,-158303.00,0.00
GRANTS,925S,State Grant Fund,50,Department of Family and Support Services,2836,Long Term Care Ombudsman Program - CMP,0005,SALARIES AND WAGES - ON PAYROLL,90660.00,90660.00,161062.00
GRANTS,925S,State Grant Fund,50,Department of Family and Support Services,2836,Long Term Care Ombudsman Program - CMP,0006,SALARY PROVISION,202340.00,202340.00,60022.00
GRANTS,925S,State Grant Fund,50,Department of Family and Support Services,2836,Long Term Care Ombudsman Program - CMP,0015,SCHEDULE SALARY ADJUSTMENTS,0.00,0.00,2926.00
GRANTS,925S,State Grant Fund,50,Department of Family and Support Services,2836,Long Term Care Ombudsman Program - CMP,0044,FRINGE BENEFITS,0.00,0.00,95990.00
GRANTS,925S,State Grant Fund,50,Department of Family and Support Services,2836,Long Term Care Ombudsman Program - CMP,909A,RESERVE BALANCE,317000.00,317000.00,317000.00
GRANTS,925S,State Grant Fund,50,Department of Family and Support Services,2846,Elder Abuse and Neglect,0006,SALARY PROVISION,61542.00,61542.00,0.00
GRANTS,925S,State Grant Fund,50,Department of Family and Support Services,2846,Elder Abuse and Neglect,0140,PROFESSIONAL AND TECHNICAL SERVICES,61000.00,61000.00,62000.00
GRANTS,925S,State Grant Fund,50,Department of Family and Support Services,2846,Elder Abuse and Neglect,0801,INDIRECT COSTS,6458.00,6458.00,6000.00
GRANTS,925S,State Grant Fund,50,Department of Family and Support Services,2846,Elder Abuse and Neglect,909A,RESERVE BALANCE,0.00,0.00,67000.00
GRANTS,925S,State Grant Fund,50,Department of Family and Support Services,2868,Senior Companion Project - Action,0140,PROFESSIONAL AND TECHNICAL SERVICES,74000.00,74000.00,55000.00
GRANTS,925S,State Grant Fund,50,Department of Family and Support Services,2868,Senior Companion Project - Action,909A,RESERVE BALANCE,0.00,0.00,33000.00
GRANTS,925S,State Grant Fund,50,Department of Family and Support Services,2904,Area Plan on Aging,0005,SALARIES AND WAGES - ON PAYROLL,0.00,0.00,53684.00
GRANTS,925S,State Grant Fund,50,Department of Family and Support Services,2904,Area Plan on Aging,0044,FRINGE BENEFITS,0.00,0.00,31994.00
GRANTS,925S,State Grant Fund,50,Department of Family and Support Services,2904,Area Plan on Aging,0135,DELEGATE AGENCIES,34011000.00,34011000.00,17314322.00
GRANTS,925S,State Grant Fund,50,Department of Family and Support Services,2904,Area Plan on Aging,909A,RESERVE BALANCE,0.00,0.00,17372000.00
GRANTS,925S,State Grant Fund,50,Department of Family and Support Services,2923,Chicago Domestic Violence Help Line,0140,PROFESSIONAL AND TECHNICAL SERVICES,276000.00,276000.00,0.00
GRANTS,925S,State Grant Fund,50,Department of Family and Support Services,2923,Chicago Domestic Violence Help Line,909A,RESERVE BALANCE,0.00,0.00,44000.00
GRANTS,925S,State Grant Fund,50,Department of Family and Support Services,2942,Emergency and Transitional Housing,0005,SALARIES AND WAGES - ON PAYROLL,216935.00,216935.00,225304.00
GRANTS,925S,State Grant Fund,50,Department of Family and Support Services,2942,Emergency and Transitional Housing,0006,SALARY PROVISION,6709.00,6709.00,6709.00
GRANTS,925S,State Grant Fund,50,Department of Family and Support Services,2942,Emergency and Transitional Housing,0015,SCHEDULE SALARY ADJUSTMENTS,0.00,0.00,3176.00
GRANTS,925S,State Grant Fund,50,Department of Family and Support Services,2942,Emergency and Transitional Housing,0044,FRINGE BENEFITS,140471.00,140471.00,134276.00
GRANTS,925S,State Grant Fund,50,Department of Family and Support Services,2942,Emergency and Transitional Housing,0135,DELEGATE AGENCIES,12961759.00,12961759.00,8000000.00
GRANTS,925S,State Grant Fund,50,Department of Family and Support Services,2942,Emergency and Transitional Housing,0140,PROFESSIONAL AND TECHNICAL SERVICES,11815008.00,11815008.00,5043417.00
GRANTS,925S,State Grant Fund,50,Department of Family and Support Services,2942,Emergency and Transitional Housing,0190,TELEPHONE - CENTREX BILLINGS,4359.00,4359.00,4359.00
GRANTS,925S,State Grant Fund,50,Department of Family and Support Services,2942,Emergency and Transitional Housing,0801,INDIRECT COSTS,102759.00,102759.00,102759.00
GRANTS,925S,State Grant Fund,50,Department of Family and Support Services,2942,Emergency and Transitional Housing,909A,RESERVE BALANCE,0.00,0.00,13448000.00
GRANTS,925S,State Grant Fund,50,Department of Family and Support Services,2946,Senior Health Assistance Program,0005,SALARIES AND WAGES - ON PAYROLL,172877.00,172877.00,182120.00
GRANTS,925S,State Grant Fund,50,Department of Family and Support Services,2946,Senior Health Assistance Program,0006,SALARY PROVISION,54180.00,54180.00,43341.00
GRANTS,925S,State Grant Fund,50,Department of Family and Support Services,2946,Senior Health Assistance Program,0044,FRINGE BENEFITS,111943.00,111943.00,108539.00
GRANTS,925S,State Grant Fund,50,Department of Family and Support Services,2946,Senior Health Assistance Program,0140,PROFESSIONAL AND TECHNICAL SERVICES,329000.00,329000.00,0.00
GRANTS,925S,State Grant Fund,50,Department of Family and Support Services,2946,Senior Health Assistance Program,909A,RESERVE BALANCE,0.00,0.00,334000.00
GRANTS,925S,State Grant Fund,50,Department of Family and Support Services,2962,Early Childhood Block Grant,0005,SALARIES AND WAGES - ON PAYROLL,1333729.00,1333729.00,1406591.00
GRANTS,925S,State Grant Fund,50,Department of Family and Support Services,2962,Early Childhood Block Grant,0006,SALARY PROVISION,0.00,0.00,-32862.00
GRANTS,925S,State Grant Fund,50,Department of Family and Support Services,2962,Early Childhood Block Grant,0015,SCHEDULE SALARY ADJUSTMENTS,8246.00,8246.00,19469.00
GRANTS,925S,State Grant Fund,50,Department of Family and Support Services,2962,Early Childhood Block Grant,0044,FRINGE BENEFITS,884430.00,884430.00,867323.00
GRANTS,925S,State Grant Fund,50,Department of Family and Support Services,2962,Early Childhood Block Grant,0135,DELEGATE AGENCIES,84177000.00,84177000.00,75125000.00
GRANTS,925S,State Grant Fund,50,Department of Family and Support Services,2962,Early Childhood Block Grant,0140,PROFESSIONAL AND TECHNICAL SERVICES,98898595.00,98898595.00,40614479.00
GRANTS,925S,State Grant Fund,50,Department of Family and Support Services,2962,Early Childhood Block Grant,909A,RESERVE BALANCE,0.00,0.00,116325000.00
GRANTS,925S,State Grant Fund,50,Department of Family and Support Services,2977,Senior Benefits Access Program,0140,PROFESSIONAL AND TECHNICAL SERVICES,276000.00,276000.00,438000.00
GRANTS,925S,State Grant Fund,50,Department of Family and Support Services,2977,Senior Benefits Access Program,909A,RESERVE BALANCE,0.00,0.00,276000.00
GRANTS,GA00,Coronavirus Local Fiscal Recovery Fund,50,Department of Family and Support Services,290H,American Rescue Plan Fiscal Recovery,0005,SALARIES AND WAGES - ON PAYROLL,2564295.00,2564295.00,1898366.00
GRANTS,GA00,Coronavirus Local Fiscal Recovery Fund,50,Department of Family and Support Services,290H,American Rescue Plan Fiscal Recovery,0006,SALARY PROVISION,3799273.00,3799273.00,-51789.00
GRANTS,GA00,Coronavirus Local Fiscal Recovery Fund,50,Department of Family and Support Services,290H,American Rescue Plan Fiscal Recovery,0015,SCHEDULE SALARY ADJUSTMENTS,9685.00,9685.00,9563.00
GRANTS,GA00,Coronavirus Local Fiscal Recovery Fund,50,Department of Family and Support Services,290H,American Rescue Plan Fiscal Recovery,0044,FRINGE BENEFITS,1720931.00,1720931.00,1149049.00
GRANTS,GA00,Coronavirus Local Fiscal Recovery Fund,50,Department of Family and Support Services,290H,American Rescue Plan Fiscal Recovery,0135,DELEGATE AGENCIES,140186516.00,140186516.00,47705811.00
GRANTS,GA00,Coronavirus Local Fiscal Recovery Fund,50,Department of Family and Support Services,290H,American Rescue Plan Fiscal Recovery,0140,PROFESSIONAL AND TECHNICAL SERVICES,1143300.00,1143300.00,0.00
GRANTS,GA00,Coronavirus Local Fiscal Recovery Fund,50,Department of Family and Support Services,290H,American Rescue Plan Fiscal Recovery,909A,RESERVE BALANCE,0.00,0.00,90689000.00
GRANTS,925F,Federal Grant Fund,51,Office of Public Safety Administration,2810,Edward Byrne Memorial Justice Assistance Grant (JAG),0005,SALARIES AND WAGES - ON PAYROLL,91247.00,91247.00,0.00
GRANTS,925F,Federal Grant Fund,51,Office of Public Safety Administration,2810,Edward Byrne Memorial Justice Assistance Grant (JAG),0006,SALARY PROVISION,154742.00,154742.00,0.00
GRANTS,925F,Federal Grant Fund,51,Office of Public Safety Administration,2810,Edward Byrne Memorial Justice Assistance Grant (JAG),0044,FRINGE BENEFITS,69011.00,69011.00,0.00
GRANTS,925F,Federal Grant Fund,51,Office of Public Safety Administration,2810,Edward Byrne Memorial Justice Assistance Grant (JAG),0140,PROFESSIONAL AND TECHNICAL SERVICES,-315000.00,-315000.00,0.00
GRANTS,925F,Federal Grant Fund,51,Office of Public Safety Administration,2815,Urban Areas Security Initiative,0005,SALARIES AND WAGES - ON PAYROLL,1101793.00,1101793.00,1166898.00
GRANTS,925F,Federal Grant Fund,51,Office of Public Safety Administration,2815,Urban Areas Security Initiative,0006,SALARY PROVISION,2000000.00,2000000.00,1994947.00
GRANTS,925F,Federal Grant Fund,51,Office of Public Safety Administration,2815,Urban Areas Security Initiative,0015,SCHEDULE SALARY ADJUSTMENTS,11255.00,11255.00,15688.00
GRANTS,925F,Federal Grant Fund,51,Office of Public Safety Administration,2815,Urban Areas Security Initiative,0044,FRINGE BENEFITS,739664.00,739664.00,719193.00
GRANTS,925F,Federal Grant Fund,51,Office of Public Safety Administration,2815,Urban Areas Security Initiative,0140,PROFESSIONAL AND TECHNICAL SERVICES,26513288.00,26513288.00,5355274.00
GRANTS,925F,Federal Grant Fund,51,Office of Public Safety Administration,2815,Urban Areas Security Initiative,909A,RESERVE BALANCE,0.00,0.00,14335000.00
GRANTS,925F,Federal Grant Fund,51,Office of Public Safety Administration,2996,Edward Byrne Memorial Justice Assistance Grant (JAG),0005,SALARIES AND WAGES - ON PAYROLL,0.00,0.00,73542.00
GRANTS,925F,Federal Grant Fund,51,Office of Public Safety Administration,2996,Edward Byrne Memorial Justice Assistance Grant (JAG),0006,SALARY PROVISION,0.00,0.00,154742.00
GRANTS,925F,Federal Grant Fund,51,Office of Public Safety Administration,2996,Edward Byrne Memorial Justice Assistance Grant (JAG),0015,SCHEDULE SALARY ADJUSTMENTS,0.00,0.00,2070.00
GRANTS,925F,Federal Grant Fund,51,Office of Public Safety Administration,2996,Edward Byrne Memorial Justice Assistance Grant (JAG),0044,FRINGE BENEFITS,0.00,0.00,50017.00
GRANTS,925F,Federal Grant Fund,51,Office of Public Safety Administration,2996,Edward Byrne Memorial Justice Assistance Grant (JAG),0140,PROFESSIONAL AND TECHNICAL SERVICES,1589000.00,1589000.00,199629.00
GRANTS,925F,Federal Grant Fund,51,Office of Public Safety Administration,2996,Edward Byrne Memorial Justice Assistance Grant (JAG),909A,RESERVE BALANCE,0.00,0.00,790000.00
GRANTS,925L,Local Public and Private Grant Fund,51,Office of Public Safety Administration,2826,PSA - Private Grants,0140,PROFESSIONAL AND TECHNICAL SERVICES,2313000.00,2313000.00,0.00
GRANTS,925L,Local Public and Private Grant Fund,51,Office of Public Safety Administration,2826,PSA - Private Grants,909A,RESERVE BALANCE,0.00,0.00,953000.00
GRANTS,925F,Federal Grant Fund,54,Department of Planning and Development,2894,Equitable Transit Oriented Development,0140,PROFESSIONAL AND TECHNICAL SERVICES,800000.00,800000.00,0.00
GRANTS,925F,Federal Grant Fund,54,Department of Planning and Development,2894,Equitable Transit Oriented Development,909A,RESERVE BALANCE,0.00,0.00,608000.00
GRANTS,925L,Local Public and Private Grant Fund,54,Department of Planning and Development,280D,African American Cultural Heritage,0006,SALARY PROVISION,150000.00,150000.00,0.00
GRANTS,925L,Local Public and Private Grant Fund,54,Department of Planning and Development,280D,African American Cultural Heritage,909A,RESERVE BALANCE,0.00,0.00,150000.00
GRANTS,925L,Local Public and Private Grant Fund,54,Department of Planning and Development,280E,RTA Community Planning Program,0140,PROFESSIONAL AND TECHNICAL SERVICES,285000.00,285000.00,285000.00
GRANTS,925L,Local Public and Private Grant Fund,54,Department of Planning and Development,2894,Equitable Transit Oriented Development,0140,PROFESSIONAL AND TECHNICAL SERVICES,200000.00,200000.00,0.00
GRANTS,925L,Local Public and Private Grant Fund,54,Department of Planning and Development,2894,Equitable Transit Oriented Development,909A,RESERVE BALANCE,0.00,0.00,67000.00
GRANTS,925S,State Grant Fund,54,Department of Planning and Development,280C,Bronzeville Theatre Project,909A,RESERVE BALANCE,-26000000.00,-26000000.00,0.00
GRANTS,925S,State Grant Fund,54,Department of Planning and Development,280C,Bronzeville Theatre Project,9103,REHABILITATION LOANS GT,26000000.00,26000000.00,0.00
GRANTS,GA00,Coronavirus Local Fiscal Recovery Fund,54,Department of Planning and Development,290H,American Rescue Plan Fiscal Recovery,0005,SALARIES AND WAGES - ON PAYROLL,496296.00,496296.00,211194.00
GRANTS,GA00,Coronavirus Local Fiscal Recovery Fund,54,Department of Planning and Development,290H,American Rescue Plan Fiscal Recovery,0006,SALARY PROVISION,378016.00,378016.00,50896.00
GRANTS,GA00,Coronavirus Local Fiscal Recovery Fund,54,Department of Planning and Development,290H,American Rescue Plan Fiscal Recovery,0044,FRINGE BENEFITS,262702.00,262702.00,132910.00
GRANTS,GA00,Coronavirus Local Fiscal Recovery Fund,54,Department of Planning and Development,290H,American Rescue Plan Fiscal Recovery,0135,DELEGATE AGENCIES,-24640151.00,-24640151.00,0.00
GRANTS,GA00,Coronavirus Local Fiscal Recovery Fund,54,Department of Planning and Development,290H,American Rescue Plan Fiscal Recovery,0140,PROFESSIONAL AND TECHNICAL SERVICES,8693148.00,8693148.00,1200000.00
GRANTS,GA00,Coronavirus Local Fiscal Recovery Fund,54,Department of Planning and Development,290H,American Rescue Plan Fiscal Recovery,0149,SOFTWARE MAINTENANCE AND LICENSING,4202.00,4202.00,0.00
GRANTS,GA00,Coronavirus Local Fiscal Recovery Fund,54,Department of Planning and Development,290H,American Rescue Plan Fiscal Recovery,0169,TECHNICAL MEETING COSTS,25157.00,25157.00,0.00
GRANTS,GA00,Coronavirus Local Fiscal Recovery Fund,54,Department of Planning and Development,290H,American Rescue Plan Fiscal Recovery,0446,PURCHASE - IT HARDWARE,18695.00,18695.00,0.00
GRANTS,GA00,Coronavirus Local Fiscal Recovery Fund,54,Department of Planning and Development,290H,American Rescue Plan Fiscal Recovery,909A,RESERVE BALANCE,0.00,0.00,12379000.00
GRANTS,GA00,Coronavirus Local Fiscal Recovery Fund,54,Department of Planning and Development,290H,American Rescue Plan Fiscal Recovery,9103,REHABILITATION LOANS GT,34960935.00,34960935.00,0.00
GRANTS,925C,COVID-19 Grant Fund,57,Chicago Police Department,2996,Edward Byrne Memorial Justice Assistance Grant (JAG),0020,OVERTIME,1056000.00,1056000.00,0.00
GRANTS,925C,COVID-19 Grant Fund,57,Chicago Police Department,2996,Edward Byrne Memorial Justice Assistance Grant (JAG),0140,PROFESSIONAL AND TECHNICAL SERVICES,28000.00,28000.00,0.00
GRANTS,925C,COVID-19 Grant Fund,57,Chicago Police Department,2996,Edward Byrne Memorial Justice Assistance Grant (JAG),0340,MATERIAL AND SUPPLIES,4519000.00,4519000.00,0.00
GRANTS,925C,COVID-19 Grant Fund,57,Chicago Police Department,2996,Edward Byrne Memorial Justice Assistance Grant (JAG),0421,MACHINERY AND EQUIPMENT,80000.00,80000.00,0.00
GRANTS,925C,COVID-19 Grant Fund,57,Chicago Police Department,2996,Edward Byrne Memorial Justice Assistance Grant (JAG),0450,VEHICLES,55000.00,55000.00,0.00
GRANTS,925C,COVID-19 Grant Fund,57,Chicago Police Department,2996,Edward Byrne Memorial Justice Assistance Grant (JAG),0801,INDIRECT COSTS,299000.00,299000.00,0.00
GRANTS,925C,COVID-19 Grant Fund,57,Chicago Police Department,2996,Edward Byrne Memorial Justice Assistance Grant (JAG),909A,RESERVE BALANCE,0.00,0.00,6037000.00
GRANTS,925F,Federal Grant Fund,57,Chicago Police Department,280E,Improving CPD's Response to Domestic Violence  Sexual Assault  and Stalking,0005,SALARIES AND WAGES - ON PAYROLL,57508.00,57508.00,62169.00
GRANTS,925F,Federal Grant Fund,57,Chicago Police Department,280E,Improving CPD's Response to Domestic Violence  Sexual Assault  and Stalking,0015,SCHEDULE SALARY ADJUSTMENTS,1512.00,1512.00,1608.00
GRANTS,925F,Federal Grant Fund,57,Chicago Police Department,280E,Improving CPD's Response to Domestic Violence  Sexual Assault  and Stalking,0044,FRINGE BENEFITS,42495.00,42495.00,42282.00
GRANTS,925F,Federal Grant Fund,57,Chicago Police Department,280E,Improving CPD's Response to Domestic Violence  Sexual Assault  and Stalking,0140,PROFESSIONAL AND TECHNICAL SERVICES,440485.00,440485.00,0.00
GRANTS,925F,Federal Grant Fund,57,Chicago Police Department,280E,Improving CPD's Response to Domestic Violence  Sexual Assault  and Stalking,909A,RESERVE BALANCE,0.00,0.00,431941.00
GRANTS,925F,Federal Grant Fund,57,Chicago Police Department,280H,Body Worn Cameras,0006,SALARY PROVISION,850000.00,850000.00,0.00
GRANTS,925F,Federal Grant Fund,57,Chicago Police Department,280H,Body Worn Cameras,909A,RESERVE BALANCE,-850000.00,-850000.00,0.00
GRANTS,925F,Federal Grant Fund,57,Chicago Police Department,280N,Port Security,0020,OVERTIME,1291000.00,1291000.00,0.00
GRANTS,925F,Federal Grant Fund,57,Chicago Police Department,280N,Port Security,0140,PROFESSIONAL AND TECHNICAL SERVICES,855000.00,855000.00,0.00
GRANTS,925F,Federal Grant Fund,57,Chicago Police Department,280N,Port Security,0451,VEHICLES - POLICE AND FIRE,130000.00,130000.00,0.00
GRANTS,925F,Federal Grant Fund,57,Chicago Police Department,280N,Port Security,909A,RESERVE BALANCE,0.00,0.00,541000.00
GRANTS,925F,Federal Grant Fund,57,Chicago Police Department,280R,Local Law Enforcement Crime Gun Intelligence Integration,0140,PROFESSIONAL AND TECHNICAL SERVICES,700000.00,700000.00,0.00
GRANTS,925F,Federal Grant Fund,57,Chicago Police Department,280R,Local Law Enforcement Crime Gun Intelligence Integration,909A,RESERVE BALANCE,0.00,0.00,602000.00
GRANTS,925F,Federal Grant Fund,57,Chicago Police Department,280V,Urban Areas Security Initiative,0005,SALARIES AND WAGES - ON PAYROLL,68534.00,68534.00,68534.00
GRANTS,925F,Federal Grant Fund,57,Chicago Police Department,280V,Urban Areas Security Initiative,0015,SCHEDULE SALARY ADJUSTMENTS,948.00,948.00,1008.00
GRANTS,925F,Federal Grant Fund,57,Chicago Police Department,280V,Urban Areas Security Initiative,0044,FRINGE BENEFITS,50642.00,50642.00,46611.00
GRANTS,925F,Federal Grant Fund,57,Chicago Police Department,280V,Urban Areas Security Initiative,0140,PROFESSIONAL AND TECHNICAL SERVICES,47095000.00,47095000.00,5024971.00
GRANTS,925F,Federal Grant Fund,57,Chicago Police Department,280V,Urban Areas Security Initiative,0451,VEHICLES - POLICE AND FIRE,3724876.00,3724876.00,3724876.00
GRANTS,925F,Federal Grant Fund,57,Chicago Police Department,280V,Urban Areas Security Initiative,909A,RESERVE BALANCE,0.00,0.00,33260000.00
GRANTS,925F,Federal Grant Fund,57,Chicago Police Department,2816,Asset Forfeiture - Federal,0140,PROFESSIONAL AND TECHNICAL SERVICES,3179000.00,3179000.00,3179000.00
GRANTS,925F,Federal Grant Fund,57,Chicago Police Department,281A,Comprehensive Opioid Abuse Site-Based Program,0006,SALARY PROVISION,1600000.00,1600000.00,0.00
GRANTS,925F,Federal Grant Fund,57,Chicago Police Department,281A,Comprehensive Opioid Abuse Site-Based Program,909A,RESERVE BALANCE,-1600000.00,-1600000.00,0.00
GRANTS,925F,Federal Grant Fund,57,Chicago Police Department,281E,Law Enforcement Mental Health and Wellness,0140,PROFESSIONAL AND TECHNICAL SERVICES,550000.00,550000.00,0.00
GRANTS,925F,Federal Grant Fund,57,Chicago Police Department,281J,Operation Legend,0140,PROFESSIONAL AND TECHNICAL SERVICES,3500000.00,3500000.00,0.00
GRANTS,925F,Federal Grant Fund,57,Chicago Police Department,281J,Operation Legend,909A,RESERVE BALANCE,0.00,0.00,1252000.00
GRANTS,925F,Federal Grant Fund,57,Chicago Police Department,281K,Juvenile Justice System Enhancements,0140,PROFESSIONAL AND TECHNICAL SERVICES,390000.00,390000.00,0.00
GRANTS,925F,Federal Grant Fund,57,Chicago Police Department,281K,Juvenile Justice System Enhancements,909A,RESERVE BALANCE,0.00,0.00,390000.00
GRANTS,925F,Federal Grant Fund,57,Chicago Police Department,281L,Sexual Assault Kit Initiative (SAKI) Grant,0006,SALARY PROVISION,1000000.00,1000000.00,0.00
GRANTS,925F,Federal Grant Fund,57,Chicago Police Department,281L,Sexual Assault Kit Initiative (SAKI) Grant,909A,RESERVE BALANCE,0.00,0.00,797000.00
GRANTS,925F,Federal Grant Fund,57,Chicago Police Department,281P,Connect and Protect,0140,PROFESSIONAL AND TECHNICAL SERVICES,504000.00,504000.00,0.00
GRANTS,925F,Federal Grant Fund,57,Chicago Police Department,281P,Connect and Protect,909A,RESERVE BALANCE,0.00,0.00,217000.00
GRANTS,925F,Federal Grant Fund,57,Chicago Police Department,281R,COPS Technology and Equipment Program,0140,PROFESSIONAL AND TECHNICAL SERVICES,500000.00,500000.00,0.00
GRANTS,925F,Federal Grant Fund,57,Chicago Police Department,281R,COPS Technology and Equipment Program,909A,RESERVE BALANCE,0.00,0.00,500000.00
GRANTS,925F,Federal Grant Fund,57,Chicago Police Department,281S,Byrne Discretionary Community Project,0140,PROFESSIONAL AND TECHNICAL SERVICES,500000.00,500000.00,0.00
GRANTS,925F,Federal Grant Fund,57,Chicago Police Department,281S,Byrne Discretionary Community Project,909A,RESERVE BALANCE,0.00,0.00,500000.00
GRANTS,925F,Federal Grant Fund,57,Chicago Police Department,281W,Presidential Nominating Convention,0140,PROFESSIONAL AND TECHNICAL SERVICES,75000000.00,75000000.00,0.00
GRANTS,925F,Federal Grant Fund,57,Chicago Police Department,281W,Presidential Nominating Convention,909A,RESERVE BALANCE,0.00,0.00,75000000.00
GRANTS,925F,Federal Grant Fund,57,Chicago Police Department,282A,Matthew Shepard and James Byrd Jr. Hate Crimes Program,909A,RESERVE BALANCE,400000.00,400000.00,400000.00
GRANTS,925F,Federal Grant Fund,57,Chicago Police Department,2842,Violence Against Women - Sexual Assault Program,0140,PROFESSIONAL AND TECHNICAL SERVICES,124000.00,124000.00,62000.00
GRANTS,925F,Federal Grant Fund,57,Chicago Police Department,2842,Violence Against Women - Sexual Assault Program,0991,MATCHING AND SUPPLEMENTAL GRANTS,19000.00,19000.00,10000.00
GRANTS,925F,Federal Grant Fund,57,Chicago Police Department,2844,Violence Against Women - Domestic Violence Protection,0005,SALARIES AND WAGES - ON PAYROLL,48382.00,48382.00,68401.00
GRANTS,925F,Federal Grant Fund,57,Chicago Police Department,2844,Violence Against Women - Domestic Violence Protection,0006,SALARY PROVISION,0.00,0.00,-16062.00
GRANTS,925F,Federal Grant Fund,57,Chicago Police Department,2844,Violence Against Women - Domestic Violence Protection,0015,SCHEDULE SALARY ADJUSTMENTS,1074.00,1074.00,1140.00
GRANTS,925F,Federal Grant Fund,57,Chicago Police Department,2844,Violence Against Women - Domestic Violence Protection,0044,FRINGE BENEFITS,50544.00,50544.00,46521.00
GRANTS,925F,Federal Grant Fund,57,Chicago Police Department,2859,Project Safe Neighborhoods,0140,PROFESSIONAL AND TECHNICAL SERVICES,167000.00,167000.00,0.00
GRANTS,925F,Federal Grant Fund,57,Chicago Police Department,2859,Project Safe Neighborhoods,909A,RESERVE BALANCE,0.00,0.00,56000.00
GRANTS,925F,Federal Grant Fund,57,Chicago Police Department,2909,Community Policing Development,0140,PROFESSIONAL AND TECHNICAL SERVICES,607000.00,607000.00,250000.00
GRANTS,925F,Federal Grant Fund,57,Chicago Police Department,2909,Community Policing Development,909A,RESERVE BALANCE,0.00,0.00,357000.00
GRANTS,925F,Federal Grant Fund,57,Chicago Police Department,2921,Transit Security,0005,SALARIES AND WAGES - ON PAYROLL,2803401.00,2803401.00,3024715.00
GRANTS,925F,Federal Grant Fund,57,Chicago Police Department,2921,Transit Security,0006,SALARY PROVISION,5463064.00,5463064.00,1623915.00
GRANTS,925F,Federal Grant Fund,57,Chicago Police Department,2921,Transit Security,0015,SCHEDULE SALARY ADJUSTMENTS,86632.00,86632.00,88609.00
GRANTS,925F,Federal Grant Fund,57,Chicago Police Department,2921,Transit Security,0020,OVERTIME,634000.00,634000.00,634000.00
GRANTS,925F,Federal Grant Fund,57,Chicago Police Department,2921,Transit Security,0044,FRINGE BENEFITS,1833903.00,1833903.00,1824761.00
GRANTS,925F,Federal Grant Fund,57,Chicago Police Department,2921,Transit Security,0140,PROFESSIONAL AND TECHNICAL SERVICES,1304000.00,1304000.00,1304000.00
GRANTS,925F,Federal Grant Fund,57,Chicago Police Department,2921,Transit Security,909A,RESERVE BALANCE,0.00,0.00,9418000.00
GRANTS,925F,Federal Grant Fund,57,Chicago Police Department,2968,Sustained Traffic Enforcement Program,0006,SALARY PROVISION,1300000.00,1300000.00,328000.00
GRANTS,925F,Federal Grant Fund,57,Chicago Police Department,2968,Sustained Traffic Enforcement Program,0140,PROFESSIONAL AND TECHNICAL SERVICES,613000.00,613000.00,328000.00
GRANTS,925F,Federal Grant Fund,57,Chicago Police Department,2968,Sustained Traffic Enforcement Program,909A,RESERVE BALANCE,0.00,0.00,1072000.00
GRANTS,925F,Federal Grant Fund,57,Chicago Police Department,2983,COPS Hiring Program,0005,SALARIES AND WAGES - ON PAYROLL,5631140.00,5631140.00,7336665.00
GRANTS,925F,Federal Grant Fund,57,Chicago Police Department,2983,COPS Hiring Program,0006,SALARY PROVISION,8671048.00,8671048.00,0.00
GRANTS,925F,Federal Grant Fund,57,Chicago Police Department,2983,COPS Hiring Program,0015,SCHEDULE SALARY ADJUSTMENTS,106074.00,106074.00,109252.00
GRANTS,925F,Federal Grant Fund,57,Chicago Police Department,2983,COPS Hiring Program,0044,FRINGE BENEFITS,4518738.00,4518738.00,4597844.00
GRANTS,925F,Federal Grant Fund,57,Chicago Police Department,2983,COPS Hiring Program,909A,RESERVE BALANCE,0.00,0.00,1745239.00
GRANTS,925F,Federal Grant Fund,57,Chicago Police Department,2996,Edward Byrne Memorial Justice Assistance Grant (JAG),0005,SALARIES AND WAGES - ON PAYROLL,501725.00,501725.00,501725.00
GRANTS,925F,Federal Grant Fund,57,Chicago Police Department,2996,Edward Byrne Memorial Justice Assistance Grant (JAG),0006,SALARY PROVISION,1787000.00,1787000.00,0.00
GRANTS,925F,Federal Grant Fund,57,Chicago Police Department,2996,Edward Byrne Memorial Justice Assistance Grant (JAG),0044,FRINGE BENEFITS,315133.00,315133.00,290047.00
GRANTS,925F,Federal Grant Fund,57,Chicago Police Department,2996,Edward Byrne Memorial Justice Assistance Grant (JAG),0140,PROFESSIONAL AND TECHNICAL SERVICES,8386142.00,8386142.00,1608228.00
GRANTS,925F,Federal Grant Fund,57,Chicago Police Department,2996,Edward Byrne Memorial Justice Assistance Grant (JAG),0229,TRANSPORTATION AND EXPENSE ALLOWANCE,25000.00,25000.00,0.00
GRANTS,925F,Federal Grant Fund,57,Chicago Police Department,2996,Edward Byrne Memorial Justice Assistance Grant (JAG),0340,MATERIAL AND SUPPLIES,110000.00,110000.00,0.00
GRANTS,925F,Federal Grant Fund,57,Chicago Police Department,2996,Edward Byrne Memorial Justice Assistance Grant (JAG),0421,MACHINERY AND EQUIPMENT,100000.00,100000.00,0.00
GRANTS,925F,Federal Grant Fund,57,Chicago Police Department,2996,Edward Byrne Memorial Justice Assistance Grant (JAG),0801,INDIRECT COSTS,100000.00,100000.00,100000.00
GRANTS,925F,Federal Grant Fund,57,Chicago Police Department,2996,Edward Byrne Memorial Justice Assistance Grant (JAG),909A,RESERVE BALANCE,0.00,0.00,7375000.00
GRANTS,925L,Local Public and Private Grant Fund,57,Chicago Police Department,280N,Port Security,0140,PROFESSIONAL AND TECHNICAL SERVICES,181000.00,181000.00,151000.00
GRANTS,925L,Local Public and Private Grant Fund,57,Chicago Police Department,280N,Port Security,909A,RESERVE BALANCE,0.00,0.00,181000.00
GRANTS,925L,Local Public and Private Grant Fund,57,Chicago Police Department,281P,Connect and Protect,0140,PROFESSIONAL AND TECHNICAL SERVICES,200000.00,200000.00,0.00
GRANTS,925L,Local Public and Private Grant Fund,57,Chicago Police Department,281P,Connect and Protect,909A,RESERVE BALANCE,0.00,0.00,86000.00
GRANTS,925L,Local Public and Private Grant Fund,57,Chicago Police Department,2842,Violence Against Women - Sexual Assault Program,909A,RESERVE BALANCE,38000.00,38000.00,19000.00
GRANTS,925L,Local Public and Private Grant Fund,57,Chicago Police Department,2844,Violence Against Women - Domestic Violence Protection,909A,RESERVE BALANCE,37000.00,37000.00,37000.00
GRANTS,925L,Local Public and Private Grant Fund,57,Chicago Police Department,2854,CPD - Private Grants,0140,PROFESSIONAL AND TECHNICAL SERVICES,13000.00,13000.00,0.00
GRANTS,925L,Local Public and Private Grant Fund,57,Chicago Police Department,2854,CPD - Private Grants,909A,RESERVE BALANCE,0.00,0.00,13000.00
GRANTS,925L,Local Public and Private Grant Fund,57,Chicago Police Department,2983,COPS Hiring Program,0005,SALARIES AND WAGES - ON PAYROLL,1938210.00,1938210.00,4368018.00
GRANTS,925L,Local Public and Private Grant Fund,57,Chicago Police Department,2983,COPS Hiring Program,0006,SALARY PROVISION,0.00,0.00,1265519.00
GRANTS,925L,Local Public and Private Grant Fund,57,Chicago Police Department,2983,COPS Hiring Program,0015,SCHEDULE SALARY ADJUSTMENTS,118272.00,118272.00,114540.00
GRANTS,925L,Local Public and Private Grant Fund,57,Chicago Police Department,2983,COPS Hiring Program,0044,FRINGE BENEFITS,2543518.00,2543518.00,2620923.00
GRANTS,925L,Local Public and Private Grant Fund,57,Chicago Police Department,2983,COPS Hiring Program,909A,RESERVE BALANCE,10644000.00,10644000.00,7161000.00
GRANTS,925S,State Grant Fund,57,Chicago Police Department,2817,Asset Forfeiture - State,0140,PROFESSIONAL AND TECHNICAL SERVICES,1776000.00,1776000.00,1776000.00
GRANTS,925S,State Grant Fund,57,Chicago Police Department,281Q,Impaired Driving Prevention Training,0140,PROFESSIONAL AND TECHNICAL SERVICES,0.00,0.00,237000.00
GRANTS,925S,State Grant Fund,57,Chicago Police Department,281Q,Impaired Driving Prevention Training,909A,RESERVE BALANCE,409000.00,409000.00,298000.00
GRANTS,925S,State Grant Fund,57,Chicago Police Department,281U,Chicago Police Department Training and Recruitment Program,909A,RESERVE BALANCE,3740000.00,3740000.00,3740000.00
GRANTS,925S,State Grant Fund,57,Chicago Police Department,281V,Chicago First Responder Wellness Program,0140,PROFESSIONAL AND TECHNICAL SERVICES,2010000.00,2010000.00,0.00
GRANTS,925S,State Grant Fund,57,Chicago Police Department,281V,Chicago First Responder Wellness Program,909A,RESERVE BALANCE,0.00,0.00,2010000.00
GRANTS,925S,State Grant Fund,57,Chicago Police Department,281Y,Revocation Enforcement Program,0140,PROFESSIONAL AND TECHNICAL SERVICES,403000.00,403000.00,0.00
GRANTS,925S,State Grant Fund,57,Chicago Police Department,281Z,IDOT License Plate Readers Expansion,0140,PROFESSIONAL AND TECHNICAL SERVICES,10000000.00,10000000.00,0.00
GRANTS,925S,State Grant Fund,57,Chicago Police Department,281Z,IDOT License Plate Readers Expansion,909A,RESERVE BALANCE,0.00,0.00,9500000.00
GRANTS,925S,State Grant Fund,57,Chicago Police Department,282B,Organized Retail Crime Program,909A,RESERVE BALANCE,308000.00,308000.00,308000.00
GRANTS,925S,State Grant Fund,57,Chicago Police Department,282C,Chicago Camera Program,909A,RESERVE BALANCE,1970000.00,1970000.00,1970000.00
GRANTS,925F,Federal Grant Fund,58,Office of Emergency Management and Communications,2811,Urban Areas Security Initiative,0140,PROFESSIONAL AND TECHNICAL SERVICES,12388000.00,12388000.00,3000000.00
GRANTS,925F,Federal Grant Fund,58,Office of Emergency Management and Communications,2811,Urban Areas Security Initiative,909A,RESERVE BALANCE,0.00,0.00,4791000.00
GRANTS,925F,Federal Grant Fund,58,Office of Emergency Management and Communications,2820,Emergency Management Assistance,0140,PROFESSIONAL AND TECHNICAL SERVICES,1500000.00,1500000.00,750000.00
GRANTS,925F,Federal Grant Fund,58,Office of Emergency Management and Communications,2820,Emergency Management Assistance,909A,RESERVE BALANCE,0.00,0.00,1693000.00
GRANTS,925F,Federal Grant Fund,58,Office of Emergency Management and Communications,2825,Hazardous Materials Emergency Preparedness,0140,PROFESSIONAL AND TECHNICAL SERVICES,150000.00,150000.00,0.00
GRANTS,925F,Federal Grant Fund,58,Office of Emergency Management and Communications,2825,Hazardous Materials Emergency Preparedness,909A,RESERVE BALANCE,0.00,0.00,29000.00
GRANTS,925F,Federal Grant Fund,58,Office of Emergency Management and Communications,2831,Port Security,0140,PROFESSIONAL AND TECHNICAL SERVICES,1013000.00,1013000.00,0.00
GRANTS,925F,Federal Grant Fund,58,Office of Emergency Management and Communications,2831,Port Security,909A,RESERVE BALANCE,0.00,0.00,1013000.00
GRANTS,925F,Federal Grant Fund,58,Office of Emergency Management and Communications,2885,Regional Catastrophic Preparedness,0140,PROFESSIONAL AND TECHNICAL SERVICES,1000000.00,1000000.00,0.00
GRANTS,925F,Federal Grant Fund,58,Office of Emergency Management and Communications,2885,Regional Catastrophic Preparedness,909A,RESERVE BALANCE,0.00,0.00,229000.00
GRANTS,925L,Local Public and Private Grant Fund,58,Office of Emergency Management and Communications,2831,Port Security,0140,PROFESSIONAL AND TECHNICAL SERVICES,376000.00,376000.00,0.00
GRANTS,925L,Local Public and Private Grant Fund,58,Office of Emergency Management and Communications,2831,Port Security,909A,RESERVE BALANCE,0.00,0.00,338000.00
GRANTS,925L,Local Public and Private Grant Fund,58,Office of Emergency Management and Communications,2903,OEMC - Private Grants,0140,PROFESSIONAL AND TECHNICAL SERVICES,5000.00,5000.00,0.00
GRANTS,925L,Local Public and Private Grant Fund,58,Office of Emergency Management and Communications,2903,OEMC - Private Grants,909A,RESERVE BALANCE,0.00,0.00,3000.00
GRANTS,925S,State Grant Fund,58,Office of Emergency Management and Communications,281V,Chicago First Responder Wellness Program,0005,SALARIES AND WAGES - ON PAYROLL,169944.00,169944.00,169781.00
GRANTS,925S,State Grant Fund,58,Office of Emergency Management and Communications,281V,Chicago First Responder Wellness Program,0044,FRINGE BENEFITS,106742.00,106742.00,101186.00
GRANTS,925S,State Grant Fund,58,Office of Emergency Management and Communications,281V,Chicago First Responder Wellness Program,0140,PROFESSIONAL AND TECHNICAL SERVICES,2013314.00,2013314.00,0.00
GRANTS,925S,State Grant Fund,58,Office of Emergency Management and Communications,281V,Chicago First Responder Wellness Program,909A,RESERVE BALANCE,0.00,0.00,2019033.00
GRANTS,925S,State Grant Fund,58,Office of Emergency Management and Communications,2902,Preparedness and Response,0140,PROFESSIONAL AND TECHNICAL SERVICES,1200000.00,1200000.00,0.00
GRANTS,925F,Federal Grant Fund,59,Chicago Fire Department,2812,Assistance to Firefighters,0140,PROFESSIONAL AND TECHNICAL SERVICES,174000.00,174000.00,0.00
GRANTS,925F,Federal Grant Fund,59,Chicago Fire Department,2812,Assistance to Firefighters,0991,MATCHING AND SUPPLEMENTAL GRANTS,31000.00,31000.00,0.00
GRANTS,925F,Federal Grant Fund,59,Chicago Fire Department,2823,Securing the City,0005,SALARIES AND WAGES - ON PAYROLL,147840.00,147840.00,360519.00
GRANTS,925F,Federal Grant Fund,59,Chicago Fire Department,2823,Securing the City,0006,SALARY PROVISION,475091.00,475091.00,72106.00
GRANTS,925F,Federal Grant Fund,59,Chicago Fire Department,2823,Securing the City,0015,SCHEDULE SALARY ADJUSTMENTS,1618.00,1618.00,2512.00
GRANTS,925F,Federal Grant Fund,59,Chicago Fire Department,2823,Securing the City,0020,OVERTIME,264000.00,264000.00,0.00
GRANTS,925F,Federal Grant Fund,59,Chicago Fire Department,2823,Securing the City,0044,FRINGE BENEFITS,95730.00,95730.00,214863.00
GRANTS,925F,Federal Grant Fund,59,Chicago Fire Department,2823,Securing the City,0140,PROFESSIONAL AND TECHNICAL SERVICES,6974721.00,6974721.00,0.00
GRANTS,925F,Federal Grant Fund,59,Chicago Fire Department,2823,Securing the City,0181,MOBILE COMMUNICATION SERVICES,4000.00,4000.00,0.00
GRANTS,925F,Federal Grant Fund,59,Chicago Fire Department,2823,Securing the City,0340,MATERIAL AND SUPPLIES,34000.00,34000.00,0.00
GRANTS,925F,Federal Grant Fund,59,Chicago Fire Department,2823,Securing the City,0421,MACHINERY AND EQUIPMENT,3863000.00,3863000.00,0.00
GRANTS,925F,Federal Grant Fund,59,Chicago Fire Department,2823,Securing the City,0801,INDIRECT COSTS,325000.00,325000.00,0.00
GRANTS,925F,Federal Grant Fund,59,Chicago Fire Department,2823,Securing the City,909A,RESERVE BALANCE,0.00,0.00,3502000.00
GRANTS,925F,Federal Grant Fund,59,Chicago Fire Department,2824,Port Security,0140,PROFESSIONAL AND TECHNICAL SERVICES,688000.00,688000.00,0.00
GRANTS,925F,Federal Grant Fund,59,Chicago Fire Department,2824,Port Security,909A,RESERVE BALANCE,0.00,0.00,558000.00
GRANTS,925F,Federal Grant Fund,59,Chicago Fire Department,2825,Urban Areas Security Initiative,0140,PROFESSIONAL AND TECHNICAL SERVICES,43241000.00,43241000.00,8551000.00
GRANTS,925F,Federal Grant Fund,59,Chicago Fire Department,2825,Urban Areas Security Initiative,909A,RESERVE BALANCE,0.00,0.00,19275000.00
GRANTS,925L,Local Public and Private Grant Fund,59,Chicago Fire Department,2812,Assistance to Firefighters,0991,MATCHING AND SUPPLEMENTAL GRANTS,31000.00,31000.00,0.00
GRANTS,925L,Local Public and Private Grant Fund,59,Chicago Fire Department,2824,Port Security,0991,MATCHING AND SUPPLEMENTAL GRANTS,151000.00,151000.00,0.00
GRANTS,925L,Local Public and Private Grant Fund,59,Chicago Fire Department,2824,Port Security,909A,RESERVE BALANCE,0.00,0.00,186000.00
GRANTS,925L,Local Public and Private Grant Fund,59,Chicago Fire Department,2826,CFD - Private Grants,0140,PROFESSIONAL AND TECHNICAL SERVICES,20000.00,20000.00,0.00
GRANTS,925L,Local Public and Private Grant Fund,59,Chicago Fire Department,2826,CFD - Private Grants,909A,RESERVE BALANCE,0.00,0.00,20000.00
GRANTS,925S,State Grant Fund,59,Chicago Fire Department,2810,Fire Academy Training and Improvement,0005,SALARIES AND WAGES - ON PAYROLL,1216015.00,1216015.00,1401462.00
GRANTS,925S,State Grant Fund,59,Chicago Fire Department,2810,Fire Academy Training and Improvement,0015,SCHEDULE SALARY ADJUSTMENTS,6038.00,6038.00,4987.00
GRANTS,925S,State Grant Fund,59,Chicago Fire Department,2810,Fire Academy Training and Improvement,0044,FRINGE BENEFITS,799243.00,799243.00,851826.00
GRANTS,925S,State Grant Fund,59,Chicago Fire Department,2810,Fire Academy Training and Improvement,0140,PROFESSIONAL AND TECHNICAL SERVICES,5550704.00,5550704.00,3241725.00
GRANTS,925S,State Grant Fund,59,Chicago Fire Department,2810,Fire Academy Training and Improvement,909A,RESERVE BALANCE,0.00,0.00,4272000.00
GRANTS,925S,State Grant Fund,59,Chicago Fire Department,281V,Chicago First Responder Wellness Program,0005,SALARIES AND WAGES - ON PAYROLL,254916.00,254916.00,306339.00
GRANTS,925S,State Grant Fund,59,Chicago Fire Department,281V,Chicago First Responder Wellness Program,0044,FRINGE BENEFITS,173663.00,173663.00,194061.00
GRANTS,925S,State Grant Fund,59,Chicago Fire Department,281V,Chicago First Responder Wellness Program,0140,PROFESSIONAL AND TECHNICAL SERVICES,5271421.00,5271421.00,0.00
GRANTS,925S,State Grant Fund,59,Chicago Fire Department,281V,Chicago First Responder Wellness Program,909A,RESERVE BALANCE,0.00,0.00,5199600.00
GRANTS,925S,State Grant Fund,59,Chicago Fire Department,2829,Capital Construction Grant,0140,PROFESSIONAL AND TECHNICAL SERVICES,5000000.00,5000000.00,0.00
GRANTS,925S,State Grant Fund,59,Chicago Fire Department,2829,Capital Construction Grant,909A,RESERVE BALANCE,0.00,0.00,5000000.00
GRANTS,925F,Federal Grant Fund,67,Department of Buildings,2800,Hazard Mitigation Program,0140,PROFESSIONAL AND TECHNICAL SERVICES,225000.00,225000.00,0.00
GRANTS,925F,Federal Grant Fund,67,Department of Buildings,2800,Hazard Mitigation Program,909A,RESERVE BALANCE,0.00,0.00,224000.00
GRANTS,925C,COVID-19 Grant Fund,70,Department of Business Affairs and Consumer Protection,2802,Business Assistance (Outdoor Dining),0140,PROFESSIONAL AND TECHNICAL SERVICES,2000000.00,2000000.00,0.00
GRANTS,925C,COVID-19 Grant Fund,70,Department of Business Affairs and Consumer Protection,2802,Business Assistance (Outdoor Dining),909A,RESERVE BALANCE,0.00,0.00,1627000.00
GRANTS,925L,Local Public and Private Grant Fund,70,Department of Business Affairs and Consumer Protection,2815,Cable Local Origination,0005,SALARIES AND WAGES - ON PAYROLL,786314.00,786314.00,836217.00
GRANTS,925L,Local Public and Private Grant Fund,70,Department of Business Affairs and Consumer Protection,2815,Cable Local Origination,0015,SCHEDULE SALARY ADJUSTMENTS,16735.00,16735.00,12563.00
GRANTS,925L,Local Public and Private Grant Fund,70,Department of Business Affairs and Consumer Protection,2815,Cable Local Origination,0044,FRINGE BENEFITS,517113.00,517113.00,498367.00
GRANTS,925L,Local Public and Private Grant Fund,70,Department of Business Affairs and Consumer Protection,2815,Cable Local Origination,0138,IT MAINTENANCE,17259.00,17259.00,
GRANTS,925L,Local Public and Private Grant Fund,70,Department of Business Affairs and Consumer Protection,2815,Cable Local Origination,0140,PROFESSIONAL AND TECHNICAL SERVICES,25978.00,25978.00,0.00
GRANTS,925L,Local Public and Private Grant Fund,70,Department of Business Affairs and Consumer Protection,2815,Cable Local Origination,0446,PURCHASE - IT HARDWARE,140434.00,140434.00,0.00
GRANTS,925L,Local Public and Private Grant Fund,70,Department of Business Affairs and Consumer Protection,2815,Cable Local Origination,9046,OPERATIONS AND MAINTENANCE RESERVE,5961642.00,5961642.00,5760853.00
GRANTS,925L,Local Public and Private Grant Fund,70,Department of Business Affairs and Consumer Protection,2815,Cable Local Origination,909A,RESERVE BALANCE,0.00,0.00,5601000.00
GRANTS,925L,Local Public and Private Grant Fund,70,Department of Business Affairs and Consumer Protection,2815,Cable Local Origination,9470,REIMBURSEMENT - BACP,534525.00,534525.00,0.00
GRANTS,925S,State Grant Fund,70,Department of Business Affairs and Consumer Protection,2801,Tobacco Enforcement Grant,0006,SALARY PROVISION,0.00,0.00,273433.00
GRANTS,925S,State Grant Fund,70,Department of Business Affairs and Consumer Protection,2801,Tobacco Enforcement Grant,0130,POSTAGE,0.00,0.00,6567.00
GRANTS,925S,State Grant Fund,70,Department of Business Affairs and Consumer Protection,2801,Tobacco Enforcement Grant,0140,PROFESSIONAL AND TECHNICAL SERVICES,660000.00,660000.00,50000.00
GRANTS,925S,State Grant Fund,70,Department of Business Affairs and Consumer Protection,2801,Tobacco Enforcement Grant,909A,RESERVE BALANCE,-330000.00,-330000.00,295000.00
GRANTS,GA00,Coronavirus Local Fiscal Recovery Fund,70,Department of Business Affairs and Consumer Protection,290H,American Rescue Plan Fiscal Recovery,0005,SALARIES AND WAGES - ON PAYROLL,659240.00,659240.00,668091.00
GRANTS,GA00,Coronavirus Local Fiscal Recovery Fund,70,Department of Business Affairs and Consumer Protection,290H,American Rescue Plan Fiscal Recovery,0006,SALARY PROVISION,1019436.00,1019436.00,48529.00
GRANTS,GA00,Coronavirus Local Fiscal Recovery Fund,70,Department of Business Affairs and Consumer Protection,290H,American Rescue Plan Fiscal Recovery,0015,SCHEDULE SALARY ADJUSTMENTS,0.00,0.00,10836.00
GRANTS,GA00,Coronavirus Local Fiscal Recovery Fund,70,Department of Business Affairs and Consumer Protection,290H,American Rescue Plan Fiscal Recovery,0044,FRINGE BENEFITS,433803.00,433803.00,410544.00
GRANTS,GA00,Coronavirus Local Fiscal Recovery Fund,70,Department of Business Affairs and Consumer Protection,290H,American Rescue Plan Fiscal Recovery,0135,DELEGATE AGENCIES,45669686.00,45669686.00,29520000.00
GRANTS,GA00,Coronavirus Local Fiscal Recovery Fund,70,Department of Business Affairs and Consumer Protection,290H,American Rescue Plan Fiscal Recovery,0149,SOFTWARE MAINTENANCE AND LICENSING,7647.00,7647.00,0.00
GRANTS,GA00,Coronavirus Local Fiscal Recovery Fund,70,Department of Business Affairs and Consumer Protection,290H,American Rescue Plan Fiscal Recovery,0159,LEASE/PURCHASE EQUIPMENT,8951.00,8951.00,0.00
GRANTS,GA00,Coronavirus Local Fiscal Recovery Fund,70,Department of Business Affairs and Consumer Protection,290H,American Rescue Plan Fiscal Recovery,0350,STATIONERY AND OFFICE SUPPLIES,18237.00,18237.00,0.00
GRANTS,GA00,Coronavirus Local Fiscal Recovery Fund,70,Department of Business Affairs and Consumer Protection,290H,American Rescue Plan Fiscal Recovery,909A,RESERVE BALANCE,0.00,0.00,9343000.00
GRANTS,GA00,Coronavirus Local Fiscal Recovery Fund,70,Department of Business Affairs and Consumer Protection,290H,American Rescue Plan Fiscal Recovery,9438,REIMBURSEMENT - FFM,10000.00,10000.00,0.00
GRANTS,925F,Federal Grant Fund,72,Department of Environment,2806,Energy Efficiency and Conservation Block Grant,909A,RESERVE BALANCE,2208000.00,2208000.00,483000.00
GRANTS,925F,Federal Grant Fund,81,Department of Streets and Sanitation,2813,Urban and Community Forestry Program,0005,SALARIES AND WAGES - ON PAYROLL,0.00,0.00,128571.00
GRANTS,925F,Federal Grant Fund,81,Department of Streets and Sanitation,2813,Urban and Community Forestry Program,0044,FRINGE BENEFITS,0.00,0.00,87443.00
GRANTS,925F,Federal Grant Fund,81,Department of Streets and Sanitation,2813,Urban and Community Forestry Program,0140,PROFESSIONAL AND TECHNICAL SERVICES,3000000.00,3000000.00,0.00
GRANTS,925F,Federal Grant Fund,81,Department of Streets and Sanitation,2813,Urban and Community Forestry Program,909A,RESERVE BALANCE,0.00,0.00,2783986.00
GRANTS,925C,COVID-19 Grant Fund,84,Chicago Department of Transportation,280V,Public Space Activations,0140,PROFESSIONAL AND TECHNICAL SERVICES,3446000.00,3446000.00,3174000.00
GRANTS,925C,COVID-19 Grant Fund,84,Chicago Department of Transportation,280W,Shared Streets,0140,PROFESSIONAL AND TECHNICAL SERVICES,446000.00,446000.00,429000.00
GRANTS,925C,COVID-19 Grant Fund,84,Chicago Department of Transportation,290G,Infrastructure Improvement Grants - COVID,0140,PROFESSIONAL AND TECHNICAL SERVICES,-6880000.00,-6880000.00,9000000.00
GRANTS,925C,COVID-19 Grant Fund,84,Chicago Department of Transportation,290G,Infrastructure Improvement Grants - COVID,0540,CONSTRUCTION OF BUILDINGS AND STRUCTURES,15880000.00,15880000.00,0.00
GRANTS,925F,Federal Grant Fund,84,Chicago Department of Transportation,2700,Enhanced Mobility of Seniors and Individuals with Disabilities,0540,CONSTRUCTION OF BUILDINGS AND STRUCTURES,1094000.00,1094000.00,0.00
GRANTS,925F,Federal Grant Fund,84,Chicago Department of Transportation,2700,Enhanced Mobility of Seniors and Individuals with Disabilities,909A,RESERVE BALANCE,0.00,0.00,1094000.00
GRANTS,925F,Federal Grant Fund,84,Chicago Department of Transportation,2805,Congestion Mitigation Air Quality (CMAQ),0540,CONSTRUCTION OF BUILDINGS AND STRUCTURES,201840000.00,201840000.00,39830000.00
GRANTS,925F,Federal Grant Fund,84,Chicago Department of Transportation,2805,Congestion Mitigation Air Quality (CMAQ),909A,RESERVE BALANCE,0.00,0.00,196847000.00
GRANTS,925F,Federal Grant Fund,84,Chicago Department of Transportation,280F,New Freedom,0540,CONSTRUCTION OF BUILDINGS AND STRUCTURES,1612000.00,1612000.00,0.00
GRANTS,925F,Federal Grant Fund,84,Chicago Department of Transportation,280F,New Freedom,909A,RESERVE BALANCE,0.00,0.00,1612000.00
GRANTS,925F,Federal Grant Fund,84,Chicago Department of Transportation,280G,National Priority Safety Program,0540,CONSTRUCTION OF BUILDINGS AND STRUCTURES,819000.00,819000.00,1500000.00
GRANTS,925F,Federal Grant Fund,84,Chicago Department of Transportation,280G,National Priority Safety Program,909A,RESERVE BALANCE,0.00,0.00,792000.00
GRANTS,925F,Federal Grant Fund,84,Chicago Department of Transportation,280H,Unified Work Program,0005,SALARIES AND WAGES - ON PAYROLL,262621.00,262621.00,192270.00
GRANTS,925F,Federal Grant Fund,84,Chicago Department of Transportation,280H,Unified Work Program,0015,SCHEDULE SALARY ADJUSTMENTS,2824.00,2824.00,2765.00
GRANTS,925F,Federal Grant Fund,84,Chicago Department of Transportation,280H,Unified Work Program,0044,FRINGE BENEFITS,170055.00,170055.00,114589.00
GRANTS,925F,Federal Grant Fund,84,Chicago Department of Transportation,280H,Unified Work Program,0140,PROFESSIONAL AND TECHNICAL SERVICES,-142500.00,-142500.00,590376.00
GRANTS,925F,Federal Grant Fund,84,Chicago Department of Transportation,280H,Unified Work Program,909A,RESERVE BALANCE,0.00,0.00,293000.00
GRANTS,925F,Federal Grant Fund,84,Chicago Department of Transportation,280L,Illinois Competitive Freight Program,0540,CONSTRUCTION OF BUILDINGS AND STRUCTURES,63397000.00,63397000.00,0.00
GRANTS,925F,Federal Grant Fund,84,Chicago Department of Transportation,280L,Illinois Competitive Freight Program,909A,RESERVE BALANCE,0.00,0.00,62602000.00
GRANTS,925F,Federal Grant Fund,84,Chicago Department of Transportation,280R,Diesel Emissions Reduction Act,9000,PURPOSES AS SPECIFIED,0.00,0.00,3825000.00
GRANTS,925F,Federal Grant Fund,84,Chicago Department of Transportation,280R,Diesel Emissions Reduction Act,909A,RESERVE BALANCE,3825000.00,3825000.00,0.00
GRANTS,925F,Federal Grant Fund,84,Chicago Department of Transportation,280Y,Nationally Significant Multimodal Freight & Highway Projects (INFRA),0540,CONSTRUCTION OF BUILDINGS AND STRUCTURES,0.00,0.00,70000000.00
GRANTS,925F,Federal Grant Fund,84,Chicago Department of Transportation,281A,Open Space Land Acquisition and Development (OSLAD),0140,PROFESSIONAL AND TECHNICAL SERVICES,408000.00,408000.00,0.00
GRANTS,925F,Federal Grant Fund,84,Chicago Department of Transportation,281A,Open Space Land Acquisition and Development (OSLAD),909A,RESERVE BALANCE,0.00,0.00,408000.00
GRANTS,925F,Federal Grant Fund,84,Chicago Department of Transportation,281B,Rebuilding American Infrastructure with Sustainability and Equity (RAISE),0540,CONSTRUCTION OF BUILDINGS AND STRUCTURES,20000000.00,20000000.00,0.00
GRANTS,925F,Federal Grant Fund,84,Chicago Department of Transportation,281B,Rebuilding American Infrastructure with Sustainability and Equity (RAISE),909A,RESERVE BALANCE,0.00,0.00,20000000.00
GRANTS,925F,Federal Grant Fund,84,Chicago Department of Transportation,281C,Community Project Funding,0140,PROFESSIONAL AND TECHNICAL SERVICES,1000000.00,1000000.00,2000000.00
GRANTS,925F,Federal Grant Fund,84,Chicago Department of Transportation,281C,Community Project Funding,909A,RESERVE BALANCE,0.00,0.00,1000000.00
GRANTS,925F,Federal Grant Fund,84,Chicago Department of Transportation,281E,Carbon Reduction Program,0140,PROFESSIONAL AND TECHNICAL SERVICES,15000000.00,15000000.00,0.00
GRANTS,925F,Federal Grant Fund,84,Chicago Department of Transportation,281E,Carbon Reduction Program,909A,RESERVE BALANCE,0.00,0.00,15000000.00
GRANTS,925F,Federal Grant Fund,84,Chicago Department of Transportation,281F,Advanced Transportation Congestion Mgmt Technologies Deployment,0140,PROFESSIONAL AND TECHNICAL SERVICES,3990000.00,3990000.00,0.00
GRANTS,925F,Federal Grant Fund,84,Chicago Department of Transportation,281F,Advanced Transportation Congestion Mgmt Technologies Deployment,909A,RESERVE BALANCE,0.00,0.00,3990000.00
GRANTS,925F,Federal Grant Fund,84,Chicago Department of Transportation,281H,Bridge Investment Program (BIP),0140,PROFESSIONAL AND TECHNICAL SERVICES,0.00,0.00,143000000.00
GRANTS,925F,Federal Grant Fund,84,Chicago Department of Transportation,281H,Bridge Investment Program (BIP),909A,RESERVE BALANCE,1000000.00,1000000.00,1000000.00
GRANTS,925F,Federal Grant Fund,84,Chicago Department of Transportation,281J,Reconnecting Communities and Neighborhoods,909A,RESERVE BALANCE,2000000.00,2000000.00,2000000.00
GRANTS,925F,Federal Grant Fund,84,Chicago Department of Transportation,281K,Safe Streets and Roads for All (SS4A),0140,PROFESSIONAL AND TECHNICAL SERVICES,0.00,0.00,20928000.00
GRANTS,925F,Federal Grant Fund,84,Chicago Department of Transportation,281L,Energy Efficiency and Conservation Block Grant (EECBG),0140,PROFESSIONAL AND TECHNICAL SERVICES,0.00,0.00,1110000.00
GRANTS,925F,Federal Grant Fund,84,Chicago Department of Transportation,2820,Surface Transportation Program (STP),0540,CONSTRUCTION OF BUILDINGS AND STRUCTURES,313616000.00,313616000.00,138913000.00
GRANTS,925F,Federal Grant Fund,84,Chicago Department of Transportation,2820,Surface Transportation Program (STP),909A,RESERVE BALANCE,0.00,0.00,309306000.00
GRANTS,925F,Federal Grant Fund,84,Chicago Department of Transportation,2869,High Priority Project Program,0540,CONSTRUCTION OF BUILDINGS AND STRUCTURES,2284000.00,2284000.00,0.00
GRANTS,925F,Federal Grant Fund,84,Chicago Department of Transportation,2869,High Priority Project Program,909A,RESERVE BALANCE,0.00,0.00,914000.00
GRANTS,925F,Federal Grant Fund,84,Chicago Department of Transportation,2906,Illinois Special Bridge Program (ISPB) / Major Bridge,0140,PROFESSIONAL AND TECHNICAL SERVICES,-1500000.00,-1500000.00,0.00
GRANTS,925F,Federal Grant Fund,84,Chicago Department of Transportation,2906,Illinois Special Bridge Program (ISPB) / Major Bridge,0540,CONSTRUCTION OF BUILDINGS AND STRUCTURES,3000000.00,3000000.00,0.00
GRANTS,925F,Federal Grant Fund,84,Chicago Department of Transportation,2906,Illinois Special Bridge Program (ISPB) / Major Bridge,909A,RESERVE BALANCE,0.00,0.00,1500000.00
GRANTS,925F,Federal Grant Fund,84,Chicago Department of Transportation,2921,Safe Routes to School,0540,CONSTRUCTION OF BUILDINGS AND STRUCTURES,259000.00,259000.00,0.00
GRANTS,925F,Federal Grant Fund,84,Chicago Department of Transportation,2921,Safe Routes to School,909A,RESERVE BALANCE,0.00,0.00,259000.00
GRANTS,925F,Federal Grant Fund,84,Chicago Department of Transportation,2925,Highway Safety Improvement Program,0540,CONSTRUCTION OF BUILDINGS AND STRUCTURES,984000.00,984000.00,0.00
GRANTS,925F,Federal Grant Fund,84,Chicago Department of Transportation,2925,Highway Safety Improvement Program,909A,RESERVE BALANCE,0.00,0.00,984000.00
GRANTS,925F,Federal Grant Fund,84,Chicago Department of Transportation,2961,Electric Vehicles and Charging Infrastructure,0140,PROFESSIONAL AND TECHNICAL SERVICES,15000000.00,15000000.00,0.00
GRANTS,925F,Federal Grant Fund,84,Chicago Department of Transportation,2961,Electric Vehicles and Charging Infrastructure,909A,RESERVE BALANCE,0.00,0.00,15000000.00
GRANTS,925F,Federal Grant Fund,84,Chicago Department of Transportation,2981,State Planning and Research,0140,PROFESSIONAL AND TECHNICAL SERVICES,0.00,0.00,500000.00
GRANTS,925F,Federal Grant Fund,84,Chicago Department of Transportation,2981,State Planning and Research,0540,CONSTRUCTION OF BUILDINGS AND STRUCTURES,911000.00,911000.00,0.00
GRANTS,925F,Federal Grant Fund,84,Chicago Department of Transportation,2981,State Planning and Research,909A,RESERVE BALANCE,0.00,0.00,595000.00
GRANTS,925F,Federal Grant Fund,84,Chicago Department of Transportation,2994,Transportation Alternatives Program,0540,CONSTRUCTION OF BUILDINGS AND STRUCTURES,1438000.00,1438000.00,47398000.00
GRANTS,925F,Federal Grant Fund,84,Chicago Department of Transportation,2994,Transportation Alternatives Program,909A,RESERVE BALANCE,0.00,0.00,457000.00
GRANTS,925L,Local Public and Private Grant Fund,84,Chicago Department of Transportation,280P,Transportation Planning,0991,MATCHING AND SUPPLEMENTAL GRANTS,292000.00,292000.00,350000.00
GRANTS,925L,Local Public and Private Grant Fund,84,Chicago Department of Transportation,280P,Transportation Planning,909A,RESERVE BALANCE,0.00,0.00,195000.00
GRANTS,925L,Local Public and Private Grant Fund,84,Chicago Department of Transportation,280Z,CDOT - Private Grants,0540,CONSTRUCTION OF BUILDINGS AND STRUCTURES,4000000.00,4000000.00,0.00
GRANTS,925L,Local Public and Private Grant Fund,84,Chicago Department of Transportation,280Z,CDOT - Private Grants,909A,RESERVE BALANCE,0.00,0.00,4000000.00
GRANTS,925L,Local Public and Private Grant Fund,84,Chicago Department of Transportation,2873,Cook County Highway Program,0140,PROFESSIONAL AND TECHNICAL SERVICES,0.00,0.00,9000000.00
GRANTS,925L,Local Public and Private Grant Fund,84,Chicago Department of Transportation,2873,Cook County Highway Program,0540,CONSTRUCTION OF BUILDINGS AND STRUCTURES,24067000.00,24067000.00,0.00
GRANTS,925L,Local Public and Private Grant Fund,84,Chicago Department of Transportation,2873,Cook County Highway Program,909A,RESERVE BALANCE,0.00,0.00,24064000.00
GRANTS,925L,Local Public and Private Grant Fund,84,Chicago Department of Transportation,2996,Chicago Transit Authority Infrastructure Improvement,0540,CONSTRUCTION OF BUILDINGS AND STRUCTURES,47000.00,47000.00,28000000.00
GRANTS,925L,Local Public and Private Grant Fund,84,Chicago Department of Transportation,2996,Chicago Transit Authority Infrastructure Improvement,909A,RESERVE BALANCE,0.00,0.00,47000.00
GRANTS,925S,State Grant Fund,84,Chicago Department of Transportation,280E,IDOT Transportation Funds,0540,CONSTRUCTION OF BUILDINGS AND STRUCTURES,130696000.00,130696000.00,123332000.00
GRANTS,925S,State Grant Fund,84,Chicago Department of Transportation,280E,IDOT Transportation Funds,909A,RESERVE BALANCE,0.00,0.00,101560000.00
GRANTS,925S,State Grant Fund,84,Chicago Department of Transportation,280M,Department of Commerce and Economic Opportunity,0540,CONSTRUCTION OF BUILDINGS AND STRUCTURES,141315000.00,141315000.00,55441000.00
GRANTS,925S,State Grant Fund,84,Chicago Department of Transportation,280M,Department of Commerce and Economic Opportunity,909A,RESERVE BALANCE,0.00,0.00,141315000.00
GRANTS,925S,State Grant Fund,84,Chicago Department of Transportation,280Q,Rebuild Illinois,0540,CONSTRUCTION OF BUILDINGS AND STRUCTURES,159976000.00,159976000.00,53669000.00
GRANTS,925S,State Grant Fund,84,Chicago Department of Transportation,280Q,Rebuild Illinois,909A,RESERVE BALANCE,0.00,0.00,140474000.00
GRANTS,925S,State Grant Fund,84,Chicago Department of Transportation,281D,Grant Adminstration Support Services,0140,PROFESSIONAL AND TECHNICAL SERVICES,500000.00,500000.00,0.00
GRANTS,925S,State Grant Fund,84,Chicago Department of Transportation,281D,Grant Adminstration Support Services,909A,RESERVE BALANCE,0.00,0.00,211000.00
GRANTS,925S,State Grant Fund,84,Chicago Department of Transportation,2993,Illinois Transportation Enhancement Program,0540,CONSTRUCTION OF BUILDINGS AND STRUCTURES,0.00,0.00,5304000.00
GRANTS,925S,State Grant Fund,84,Chicago Department of Transportation,2993,Illinois Transportation Enhancement Program,909A,RESERVE BALANCE,203000.00,203000.00,156000.00
GRANTS,925F,Federal Grant Fund,85,Chicago Department of Aviation,2805,Midway - Airport Improvement Program,0140,PROFESSIONAL AND TECHNICAL SERVICES,32014000.00,32014000.00,5500000.00
GRANTS,925F,Federal Grant Fund,85,Chicago Department of Aviation,2805,Midway - Airport Improvement Program,909A,RESERVE BALANCE,0.00,0.00,21736000.00
GRANTS,925F,Federal Grant Fund,85,Chicago Department of Aviation,2807,Midway TSA,0140,PROFESSIONAL AND TECHNICAL SERVICES,1478000.00,1478000.00,0.00
GRANTS,925F,Federal Grant Fund,85,Chicago Department of Aviation,2810,O'Hare - Airport Improvement Program,0140,PROFESSIONAL AND TECHNICAL SERVICES,55360000.00,55360000.00,8800000.00
GRANTS,925F,Federal Grant Fund,85,Chicago Department of Aviation,2810,O'Hare - Airport Improvement Program,909A,RESERVE BALANCE,0.00,0.00,32236000.00
GRANTS,925F,Federal Grant Fund,85,Chicago Department of Aviation,2811,O'Hare - Transportation Security Administration,0140,PROFESSIONAL AND TECHNICAL SERVICES,1643000.00,1643000.00,1600000.00
GRANTS,925F,Federal Grant Fund,85,Chicago Department of Aviation,2813,O'Hare - Airport Improvement Program (AIP) - Noise Program,0140,PROFESSIONAL AND TECHNICAL SERVICES,21171000.00,21171000.00,0.00
GRANTS,925F,Federal Grant Fund,85,Chicago Department of Aviation,2813,O'Hare - Airport Improvement Program (AIP) - Noise Program,909A,RESERVE BALANCE,0.00,0.00,21171000.00
GRANTS,925F,Federal Grant Fund,85,Chicago Department of Aviation,2815,O'Hare / Midway - TSA National Explosives Detection Canine Team Program,0140,PROFESSIONAL AND TECHNICAL SERVICES,1263000.00,1263000.00,1263000.00
GRANTS,925F,Federal Grant Fund,85,Chicago Department of Aviation,2824,Midway - AIP - Noise Program,0140,PROFESSIONAL AND TECHNICAL SERVICES,32367000.00,32367000.00,23500000.00
GRANTS,925F,Federal Grant Fund,85,Chicago Department of Aviation,2824,Midway - AIP - Noise Program,909A,RESERVE BALANCE,0.00,0.00,32367000.00
GRANTS,925F,Federal Grant Fund,85,Chicago Department of Aviation,2825,AIP - Letter of Intent (LOI) Funding,0140,PROFESSIONAL AND TECHNICAL SERVICES,60000000.00,60000000.00,30000000.00
GRANTS,925F,Federal Grant Fund,85,Chicago Department of Aviation,2825,AIP - Letter of Intent (LOI) Funding,909A,RESERVE BALANCE,0.00,0.00,30000000.00
GRANTS,925F,Federal Grant Fund,85,Chicago Department of Aviation,2827,Bipartisan Airport Improvement Program,0140,PROFESSIONAL AND TECHNICAL SERVICES,644481000.00,644481000.00,140000000.00
GRANTS,925F,Federal Grant Fund,85,Chicago Department of Aviation,2827,Bipartisan Airport Improvement Program,909A,RESERVE BALANCE,0.00,0.00,367060000.00
GRANTS,925F,Federal Grant Fund,88,Department of Water Management,280B,Congressionally Mandated Projects,909A,RESERVE BALANCE,1960000.00,1960000.00,1960000.00
GRANTS,925S,State Grant Fund,91,Chicago Public Library,2842,State Capital Construction Program,0540,CONSTRUCTION OF BUILDINGS AND STRUCTURES,10050000.00,10050000.00,0.00
GRANTS,925S,State Grant Fund,91,Chicago Public Library,2842,State Capital Construction Program,909A,RESERVE BALANCE,0.00,0.00,10050000.00
GRANTS,925S,State Grant Fund,91,Chicago Public Library,2895,Illinois Library Development - Per Capita and Area,0005,SALARIES AND WAGES - ON PAYROLL,5063257.00,5063257.00,5577690.00
GRANTS,925S,State Grant Fund,91,Chicago Public Library,2895,Illinois Library Development - Per Capita and Area,0006,SALARY PROVISION,8257186.00,8257186.00,0.00
GRANTS,925S,State Grant Fund,91,Chicago Public Library,2895,Illinois Library Development - Per Capita and Area,0015,SCHEDULE SALARY ADJUSTMENTS,33215.00,33215.00,25043.00
GRANTS,925S,State Grant Fund,91,Chicago Public Library,2895,Illinois Library Development - Per Capita and Area,0044,FRINGE BENEFITS,3518342.00,3518342.00,3389777.00
GRANTS,925S,State Grant Fund,91,Chicago Public Library,2895,Illinois Library Development - Per Capita and Area,909A,RESERVE BALANCE,27000.00,27000.00,14245490.00
CDBG,GJ51,Community Development Block Grant Year LI,5,Office of Budget and Management,2505,Administration and Monitoring,0005,SALARIES AND WAGES - ON PAYROLL,108339.00,108339.00,0.00
CDBG,GJ51,Community Development Block Grant Year LI,5,Office of Budget and Management,2505,Administration and Monitoring,0039,STUDENT AS TRAINEES,1502.00,1502.00,0.00
CDBG,GJ51,Community Development Block Grant Year LI,5,Office of Budget and Management,2505,Administration and Monitoring,0044,FRINGE BENEFITS,69704.00,69704.00,0.00
CDBG,GJ51,Community Development Block Grant Year LI,5,Office of Budget and Management,2505,Administration and Monitoring,0140,PROFESSIONAL AND TECHNICAL SERVICES,-221179.00,-221179.00,0.00
CDBG,GJ51,Community Development Block Grant Year LI,5,Office of Budget and Management,2505,Administration and Monitoring,0152,ADVERTISING,10000.00,10000.00,0.00
CDBG,GJ51,Community Development Block Grant Year LI,5,Office of Budget and Management,2505,Administration and Monitoring,0157,RENTAL EQUIPMENT AND SERVICES,6810.00,6810.00,0.00
CDBG,GJ51,Community Development Block Grant Year LI,5,Office of Budget and Management,2505,Administration and Monitoring,0159,LEASE/PURCHASE EQUIPMENT,2600.00,2600.00,0.00
CDBG,GJ51,Community Development Block Grant Year LI,5,Office of Budget and Management,2505,Administration and Monitoring,0169,TECHNICAL MEETING COSTS,10000.00,10000.00,0.00
CDBG,GJ51,Community Development Block Grant Year LI,5,Office of Budget and Management,2505,Administration and Monitoring,0190,TELEPHONE - CENTREX BILLINGS,1950.00,1950.00,0.00
CDBG,GJ51,Community Development Block Grant Year LI,5,Office of Budget and Management,2505,Administration and Monitoring,0270,LOCAL TRANSPORTATION,150.00,150.00,0.00
CDBG,GJ51,Community Development Block Grant Year LI,5,Office of Budget and Management,2505,Administration and Monitoring,0348,BOOKS AND RELATED MATERIAL,1624.00,1624.00,0.00
CDBG,GJ51,Community Development Block Grant Year LI,5,Office of Budget and Management,2505,Administration and Monitoring,0350,STATIONERY AND OFFICE SUPPLIES,3500.00,3500.00,0.00
CDBG,GJ51,Community Development Block Grant Year LI,5,Office of Budget and Management,2505,Administration and Monitoring,9438,REIMBURSEMENT - FFM,5000.00,5000.00,0.00
CDBG,GJ51,Community Development Block Grant Year LI,21,Department of Housing,2556,Developer Services,0005,SALARIES AND WAGES - ON PAYROLL,568271.00,568271.00,554242.00
CDBG,GJ51,Community Development Block Grant Year LI,21,Department of Housing,2556,Developer Services,0006,SALARY PROVISION,0.00,0.00,43961.00
CDBG,GJ51,Community Development Block Grant Year LI,21,Department of Housing,2556,Developer Services,0015,SCHEDULE SALARY ADJUSTMENTS,7462.00,7462.00,8344.00
CDBG,GJ51,Community Development Block Grant Year LI,21,Department of Housing,2556,Developer Services,0044,FRINGE BENEFITS,389417.00,389417.00,344953.00
CDBG,GJ51,Community Development Block Grant Year LI,21,Department of Housing,2556,Developer Services,0140,PROFESSIONAL AND TECHNICAL SERVICES,6132774.00,6132774.00,50000.00
CDBG,GJ51,Community Development Block Grant Year LI,21,Department of Housing,2556,Developer Services,0169,TECHNICAL MEETING COSTS,31500.00,31500.00,31500.00
CDBG,GJ51,Community Development Block Grant Year LI,21,Department of Housing,2556,Developer Services,0801,INDIRECT COSTS,451576.00,451576.00,0.00
CDBG,GJ51,Community Development Block Grant Year LI,21,Department of Housing,2556,Developer Services,909A,RESERVE BALANCE,0.00,0.00,20721000.00
CDBG,GJ51,Community Development Block Grant Year LI,21,Department of Housing,2556,Developer Services,9103,REHABILITATION LOANS GT,13775000.00,13775000.00,12561000.00
CDBG,GJ51,Community Development Block Grant Year LI,21,Department of Housing,2557,Housing Preservation,0005,SALARIES AND WAGES - ON PAYROLL,519678.00,519678.00,0.00
CDBG,GJ51,Community Development Block Grant Year LI,21,Department of Housing,2557,Housing Preservation,0015,SCHEDULE SALARY ADJUSTMENTS,12189.00,12189.00,0.00
CDBG,GJ51,Community Development Block Grant Year LI,21,Department of Housing,2557,Housing Preservation,0044,FRINGE BENEFITS,352771.00,352771.00,0.00
CDBG,GJ51,Community Development Block Grant Year LI,21,Department of Housing,2557,Housing Preservation,0135,DELEGATE AGENCIES,5290000.00,5290000.00,1343000.00
CDBG,GJ51,Community Development Block Grant Year LI,21,Department of Housing,2557,Housing Preservation,0140,PROFESSIONAL AND TECHNICAL SERVICES,277697.00,277697.00,0.00
CDBG,GJ51,Community Development Block Grant Year LI,21,Department of Housing,2557,Housing Preservation,0143,COURT REPORTING,25000.00,25000.00,0.00
CDBG,GJ51,Community Development Block Grant Year LI,21,Department of Housing,2557,Housing Preservation,0801,INDIRECT COSTS,478665.00,478665.00,0.00
CDBG,GJ51,Community Development Block Grant Year LI,21,Department of Housing,2558,Emergency Repair,0005,SALARIES AND WAGES - ON PAYROLL,243776.00,243776.00,0.00
CDBG,GJ51,Community Development Block Grant Year LI,21,Department of Housing,2558,Emergency Repair,0044,FRINGE BENEFITS,157852.00,157852.00,0.00
CDBG,GJ51,Community Development Block Grant Year LI,21,Department of Housing,2558,Emergency Repair,0135,DELEGATE AGENCIES,6000000.00,6000000.00,0.00
CDBG,GJ51,Community Development Block Grant Year LI,21,Department of Housing,2558,Emergency Repair,0140,PROFESSIONAL AND TECHNICAL SERVICES,-463086.00,-463086.00,0.00
CDBG,GJ51,Community Development Block Grant Year LI,21,Department of Housing,2558,Emergency Repair,0169,TECHNICAL MEETING COSTS,3000.00,3000.00,0.00
CDBG,GJ51,Community Development Block Grant Year LI,21,Department of Housing,2558,Emergency Repair,0801,INDIRECT COSTS,387458.00,387458.00,0.00
CDBG,GJ51,Community Development Block Grant Year LI,21,Department of Housing,2559,Housing Services and Technical Assistance,0005,SALARIES AND WAGES - ON PAYROLL,314486.00,314486.00,431180.00
CDBG,GJ51,Community Development Block Grant Year LI,21,Department of Housing,2559,Housing Services and Technical Assistance,0006,SALARY PROVISION,100000.00,100000.00,83846.00
CDBG,GJ51,Community Development Block Grant Year LI,21,Department of Housing,2559,Housing Services and Technical Assistance,0015,SCHEDULE SALARY ADJUSTMENTS,2280.00,2280.00,0.00
CDBG,GJ51,Community Development Block Grant Year LI,21,Department of Housing,2559,Housing Services and Technical Assistance,0044,FRINGE BENEFITS,221662.00,221662.00,256974.00
CDBG,GJ51,Community Development Block Grant Year LI,21,Department of Housing,2559,Housing Services and Technical Assistance,0135,DELEGATE AGENCIES,1123000.00,1123000.00,1130000.00
CDBG,GJ51,Community Development Block Grant Year LI,21,Department of Housing,2559,Housing Services and Technical Assistance,0801,INDIRECT COSTS,250454.00,250454.00,0.00
CDBG,GJ51,Community Development Block Grant Year LI,21,Department of Housing,2559,Housing Services and Technical Assistance,909A,RESERVE BALANCE,-588882.00,-588882.00,0.00
CDBG,GJ51,Community Development Block Grant Year LI,21,Department of Housing,2560,Homeownership Counseling Services,0005,SALARIES AND WAGES - ON PAYROLL,512917.00,512917.00,431181.00
CDBG,GJ51,Community Development Block Grant Year LI,21,Department of Housing,2560,Homeownership Counseling Services,0006,SALARY PROVISION,0.00,0.00,52500.00
CDBG,GJ51,Community Development Block Grant Year LI,21,Department of Housing,2560,Homeownership Counseling Services,0015,SCHEDULE SALARY ADJUSTMENTS,11781.00,11781.00,4926.00
CDBG,GJ51,Community Development Block Grant Year LI,21,Department of Housing,2560,Homeownership Counseling Services,0044,FRINGE BENEFITS,332127.00,332127.00,268393.00
CDBG,GJ51,Community Development Block Grant Year LI,21,Department of Housing,2560,Homeownership Counseling Services,0135,DELEGATE AGENCIES,1446000.00,1446000.00,1446000.00
CDBG,GJ51,Community Development Block Grant Year LI,21,Department of Housing,2560,Homeownership Counseling Services,0801,INDIRECT COSTS,438150.00,438150.00,0.00
CDBG,GJ51,Community Development Block Grant Year LI,21,Department of Housing,2560,Homeownership Counseling Services,909A,RESERVE BALANCE,-891975.00,-891975.00,0.00
CDBG,GJ51,Community Development Block Grant Year LI,21,Department of Housing,2561,Small Accessible Repairs for Seniors,0135,DELEGATE AGENCIES,2978000.00,2978000.00,0.00
CDBG,GJ51,Community Development Block Grant Year LI,21,Department of Housing,2561,Small Accessible Repairs for Seniors,0140,PROFESSIONAL AND TECHNICAL SERVICES,-510000.00,-510000.00,0.00
CDBG,GJ51,Community Development Block Grant Year LI,21,Department of Housing,2562,Neighborhood Lending,0005,SALARIES AND WAGES - ON PAYROLL,131031.00,131031.00,0.00
CDBG,GJ51,Community Development Block Grant Year LI,21,Department of Housing,2562,Neighborhood Lending,0015,SCHEDULE SALARY ADJUSTMENTS,10003.00,10003.00,0.00
CDBG,GJ51,Community Development Block Grant Year LI,21,Department of Housing,2562,Neighborhood Lending,0044,FRINGE BENEFITS,84846.00,84846.00,0.00
CDBG,GJ51,Community Development Block Grant Year LI,21,Department of Housing,2562,Neighborhood Lending,0801,INDIRECT COSTS,65299.00,65299.00,0.00
CDBG,GJ51,Community Development Block Grant Year LI,21,Department of Housing,2562,Neighborhood Lending,909A,RESERVE BALANCE,-185179.00,-185179.00,0.00
CDBG,GJ51,Community Development Block Grant Year LI,21,Department of Housing,2562,Neighborhood Lending,9103,REHABILITATION LOANS GT,1500000.00,1500000.00,0.00
CDBG,GJ51,Community Development Block Grant Year LI,21,Department of Housing,2563,Construction and Compliance,0005,SALARIES AND WAGES - ON PAYROLL,1863344.00,1863344.00,1913031.00
CDBG,GJ51,Community Development Block Grant Year LI,21,Department of Housing,2563,Construction and Compliance,0015,SCHEDULE SALARY ADJUSTMENTS,36128.00,36128.00,31920.00
CDBG,GJ51,Community Development Block Grant Year LI,21,Department of Housing,2563,Construction and Compliance,0044,FRINGE BENEFITS,1245546.00,1245546.00,1193649.00
CDBG,GJ51,Community Development Block Grant Year LI,21,Department of Housing,2563,Construction and Compliance,0140,PROFESSIONAL AND TECHNICAL SERVICES,-3490796.00,-3490796.00,200000.00
CDBG,GJ51,Community Development Block Grant Year LI,21,Department of Housing,2563,Construction and Compliance,0149,SOFTWARE MAINTENANCE AND LICENSING,4400.00,4400.00,4400.00
CDBG,GJ51,Community Development Block Grant Year LI,21,Department of Housing,2563,Construction and Compliance,0155,RENTAL OF PROPERTY,300000.00,300000.00,300000.00
CDBG,GJ51,Community Development Block Grant Year LI,21,Department of Housing,2563,Construction and Compliance,0169,TECHNICAL MEETING COSTS,49000.00,49000.00,49000.00
CDBG,GJ51,Community Development Block Grant Year LI,21,Department of Housing,2563,Construction and Compliance,0340,MATERIAL AND SUPPLIES,1000.00,1000.00,1000.00
CDBG,GJ51,Community Development Block Grant Year LI,21,Department of Housing,2563,Construction and Compliance,0801,INDIRECT COSTS,2104378.00,2104378.00,0.00
CDBG,GJ51,Community Development Block Grant Year LI,21,Department of Housing,2565,Planning and Administration,0801,INDIRECT COSTS,0.00,0.00,1346000.00
CDBG,GJ51,Community Development Block Grant Year LI,21,Department of Housing,2570,Policy,0005,SALARIES AND WAGES - ON PAYROLL,585135.00,585135.00,642900.00
CDBG,GJ51,Community Development Block Grant Year LI,21,Department of Housing,2570,Policy,0006,SALARY PROVISION,0.00,0.00,706.00
CDBG,GJ51,Community Development Block Grant Year LI,21,Department of Housing,2570,Policy,0015,SCHEDULE SALARY ADJUSTMENTS,6561.00,6561.00,2280.00
CDBG,GJ51,Community Development Block Grant Year LI,21,Department of Housing,2570,Policy,0044,FRINGE BENEFITS,392748.00,392748.00,403114.00
CDBG,GJ51,Community Development Block Grant Year LI,21,Department of Housing,2570,Policy,909A,RESERVE BALANCE,-521444.00,-521444.00,0.00
CDBG,GJ51,Community Development Block Grant Year LI,21,Department of Housing,2575,Right To Counsel Program,0135,DELEGATE AGENCIES,0.00,0.00,750000.00
CDBG,GJ51,Community Development Block Grant Year LI,38,Department of Fleet and Facility Management,2505,Environmental Review,0005,SALARIES AND WAGES - ON PAYROLL,201996.00,201996.00,249084.00
CDBG,GJ51,Community Development Block Grant Year LI,38,Department of Fleet and Facility Management,2505,Environmental Review,0015,SCHEDULE SALARY ADJUSTMENTS,1818.00,1818.00,2070.00
CDBG,GJ51,Community Development Block Grant Year LI,38,Department of Fleet and Facility Management,2505,Environmental Review,0044,FRINGE BENEFITS,153450.00,153450.00,148449.00
CDBG,GJ51,Community Development Block Grant Year LI,38,Department of Fleet and Facility Management,2505,Environmental Review,0140,PROFESSIONAL AND TECHNICAL SERVICES,73736.00,73736.00,163397.00
CDBG,GJ51,Community Development Block Grant Year LI,41,Chicago Department of Public Health,2555,Lead Poisoning Prevention,0005,SALARIES AND WAGES - ON PAYROLL,2223604.00,2223604.00,2512041.00
CDBG,GJ51,Community Development Block Grant Year LI,41,Chicago Department of Public Health,2555,Lead Poisoning Prevention,0015,SCHEDULE SALARY ADJUSTMENTS,14750.00,14750.00,33710.00
CDBG,GJ51,Community Development Block Grant Year LI,41,Chicago Department of Public Health,2555,Lead Poisoning Prevention,0044,FRINGE BENEFITS,1739224.00,1739224.00,1543970.00
CDBG,GJ51,Community Development Block Grant Year LI,41,Chicago Department of Public Health,2555,Lead Poisoning Prevention,0140,PROFESSIONAL AND TECHNICAL SERVICES,-1830738.00,-1830738.00,39400.00
CDBG,GJ51,Community Development Block Grant Year LI,41,Chicago Department of Public Health,2555,Lead Poisoning Prevention,0229,TRANSPORTATION AND EXPENSE ALLOWANCE,0.00,0.00,10879.00
CDBG,GJ51,Community Development Block Grant Year LI,41,Chicago Department of Public Health,2555,Lead Poisoning Prevention,0801,INDIRECT COSTS,1234160.00,1234160.00,0.00
CDBG,GJ51,Community Development Block Grant Year LI,41,Chicago Department of Public Health,2565,Violence Prevention Program,0135,DELEGATE AGENCIES,500000.00,500000.00,300000.00
CDBG,GJ51,Community Development Block Grant Year LI,41,Chicago Department of Public Health,2598,Mental Health Clinics,0005,SALARIES AND WAGES - ON PAYROLL,4658740.00,4658740.00,5009013.00
CDBG,GJ51,Community Development Block Grant Year LI,41,Chicago Department of Public Health,2598,Mental Health Clinics,0006,SALARY PROVISION,0.00,0.00,54662.00
CDBG,GJ51,Community Development Block Grant Year LI,41,Chicago Department of Public Health,2598,Mental Health Clinics,0015,SCHEDULE SALARY ADJUSTMENTS,26112.00,26112.00,28630.00
CDBG,GJ51,Community Development Block Grant Year LI,41,Chicago Department of Public Health,2598,Mental Health Clinics,0044,FRINGE BENEFITS,3388423.00,3388423.00,3039694.00
CDBG,GJ51,Community Development Block Grant Year LI,41,Chicago Department of Public Health,2598,Mental Health Clinics,0135,DELEGATE AGENCIES,272398.00,272398.00,500000.00
CDBG,GJ51,Community Development Block Grant Year LI,41,Chicago Department of Public Health,2598,Mental Health Clinics,0140,PROFESSIONAL AND TECHNICAL SERVICES,-3342296.00,-3342296.00,356501.00
CDBG,GJ51,Community Development Block Grant Year LI,41,Chicago Department of Public Health,2598,Mental Health Clinics,0149,SOFTWARE MAINTENANCE AND LICENSING,35000.00,35000.00,38500.00
CDBG,GJ51,Community Development Block Grant Year LI,41,Chicago Department of Public Health,2598,Mental Health Clinics,0342,DRUGS  MEDICINE AND CHEMICAL MATERIALS,96927.00,96927.00,0.00
CDBG,GJ51,Community Development Block Grant Year LI,41,Chicago Department of Public Health,2598,Mental Health Clinics,0801,INDIRECT COSTS,2526696.00,2526696.00,0.00
CDBG,GJ51,Community Development Block Grant Year LI,45,Chicago Commission on Human Relations,2505,Education Outreach and Intergroup,0005,SALARIES AND WAGES - ON PAYROLL,280868.00,280868.00,177953.00
CDBG,GJ51,Community Development Block Grant Year LI,45,Chicago Commission on Human Relations,2505,Education Outreach and Intergroup,0006,SALARY PROVISION,3340.00,3340.00,108139.00
CDBG,GJ51,Community Development Block Grant Year LI,45,Chicago Commission on Human Relations,2505,Education Outreach and Intergroup,0015,SCHEDULE SALARY ADJUSTMENTS,1608.00,1608.00,3010.00
CDBG,GJ51,Community Development Block Grant Year LI,45,Chicago Commission on Human Relations,2505,Education Outreach and Intergroup,0044,FRINGE BENEFITS,187127.00,187127.00,106056.00
CDBG,GJ51,Community Development Block Grant Year LI,45,Chicago Commission on Human Relations,2505,Education Outreach and Intergroup,0140,PROFESSIONAL AND TECHNICAL SERVICES,-327389.00,-327389.00,800.00
CDBG,GJ51,Community Development Block Grant Year LI,45,Chicago Commission on Human Relations,2505,Education Outreach and Intergroup,0152,ADVERTISING,8242.00,8242.00,8242.00
CDBG,GJ51,Community Development Block Grant Year LI,45,Chicago Commission on Human Relations,2505,Education Outreach and Intergroup,0153,PROMOTIONS,3200.00,3200.00,3200.00
CDBG,GJ51,Community Development Block Grant Year LI,45,Chicago Commission on Human Relations,2505,Education Outreach and Intergroup,0159,LEASE/PURCHASE EQUIPMENT,1600.00,1600.00,1600.00
CDBG,GJ51,Community Development Block Grant Year LI,45,Chicago Commission on Human Relations,2505,Education Outreach and Intergroup,0169,TECHNICAL MEETING COSTS,7000.00,7000.00,7000.00
CDBG,GJ51,Community Development Block Grant Year LI,45,Chicago Commission on Human Relations,2505,Education Outreach and Intergroup,0801,INDIRECT COSTS,262404.00,262404.00,0.00
CDBG,GJ51,Community Development Block Grant Year LI,45,Chicago Commission on Human Relations,2510,Fair Housing,0005,SALARIES AND WAGES - ON PAYROLL,435517.00,435517.00,540341.00
CDBG,GJ51,Community Development Block Grant Year LI,45,Chicago Commission on Human Relations,2510,Fair Housing,0006,SALARY PROVISION,0.00,0.00,434.00
CDBG,GJ51,Community Development Block Grant Year LI,45,Chicago Commission on Human Relations,2510,Fair Housing,0015,SCHEDULE SALARY ADJUSTMENTS,1449.00,1449.00,2204.00
CDBG,GJ51,Community Development Block Grant Year LI,45,Chicago Commission on Human Relations,2510,Fair Housing,0044,FRINGE BENEFITS,335548.00,335548.00,322032.00
CDBG,GJ51,Community Development Block Grant Year LI,45,Chicago Commission on Human Relations,2510,Fair Housing,0140,PROFESSIONAL AND TECHNICAL SERVICES,-495593.00,-495593.00,11589.00
CDBG,GJ51,Community Development Block Grant Year LI,45,Chicago Commission on Human Relations,2510,Fair Housing,0143,COURT REPORTING,4000.00,4000.00,4000.00
CDBG,GJ51,Community Development Block Grant Year LI,45,Chicago Commission on Human Relations,2510,Fair Housing,0152,ADVERTISING,8800.00,8800.00,8800.00
CDBG,GJ51,Community Development Block Grant Year LI,45,Chicago Commission on Human Relations,2510,Fair Housing,0153,PROMOTIONS,3200.00,3200.00,2000.00
CDBG,GJ51,Community Development Block Grant Year LI,45,Chicago Commission on Human Relations,2510,Fair Housing,0159,LEASE/PURCHASE EQUIPMENT,1600.00,1600.00,1600.00
CDBG,GJ51,Community Development Block Grant Year LI,45,Chicago Commission on Human Relations,2510,Fair Housing,0801,INDIRECT COSTS,396479.00,396479.00,0.00
CDBG,GJ51,Community Development Block Grant Year LI,48,Mayor's Office for People with Disabilities,2503,Administration,0005,SALARIES AND WAGES - ON PAYROLL,179442.00,179442.00,196204.00
CDBG,GJ51,Community Development Block Grant Year LI,48,Mayor's Office for People with Disabilities,2503,Administration,0015,SCHEDULE SALARY ADJUSTMENTS,3304.00,3304.00,1745.00
CDBG,GJ51,Community Development Block Grant Year LI,48,Mayor's Office for People with Disabilities,2503,Administration,0044,FRINGE BENEFITS,116194.00,116194.00,116934.00
CDBG,GJ51,Community Development Block Grant Year LI,48,Mayor's Office for People with Disabilities,2503,Administration,0138,IT MAINTENANCE,88321.00,88321.00,75117.00
CDBG,GJ51,Community Development Block Grant Year LI,48,Mayor's Office for People with Disabilities,2503,Administration,0801,INDIRECT COSTS,206146.00,206146.00,0.00
CDBG,GJ51,Community Development Block Grant Year LI,48,Mayor's Office for People with Disabilities,2503,Administration,909A,RESERVE BALANCE,-343407.00,-343407.00,0.00
CDBG,GJ51,Community Development Block Grant Year LI,48,Mayor's Office for People with Disabilities,2505,Disability Resources,0005,SALARIES AND WAGES - ON PAYROLL,386122.00,386122.00,399263.00
CDBG,GJ51,Community Development Block Grant Year LI,48,Mayor's Office for People with Disabilities,2505,Disability Resources,0006,SALARY PROVISION,0.00,0.00,103.00
CDBG,GJ51,Community Development Block Grant Year LI,48,Mayor's Office for People with Disabilities,2505,Disability Resources,0015,SCHEDULE SALARY ADJUSTMENTS,3060.00,3060.00,3348.00
CDBG,GJ51,Community Development Block Grant Year LI,48,Mayor's Office for People with Disabilities,2505,Disability Resources,0039,STUDENT AS TRAINEES,4304.00,4304.00,8728.00
CDBG,GJ51,Community Development Block Grant Year LI,48,Mayor's Office for People with Disabilities,2505,Disability Resources,0044,FRINGE BENEFITS,250024.00,250024.00,237953.00
CDBG,GJ51,Community Development Block Grant Year LI,48,Mayor's Office for People with Disabilities,2505,Disability Resources,0140,PROFESSIONAL AND TECHNICAL SERVICES,-578990.00,-578990.00,158800.00
CDBG,GJ51,Community Development Block Grant Year LI,48,Mayor's Office for People with Disabilities,2505,Disability Resources,0270,LOCAL TRANSPORTATION,340.00,340.00,210.00
CDBG,GJ51,Community Development Block Grant Year LI,48,Mayor's Office for People with Disabilities,2505,Disability Resources,0340,MATERIAL AND SUPPLIES,1382.00,1382.00,645.00
CDBG,GJ51,Community Development Block Grant Year LI,48,Mayor's Office for People with Disabilities,2505,Disability Resources,0350,STATIONERY AND OFFICE SUPPLIES,3790.00,3790.00,3950.00
CDBG,GJ51,Community Development Block Grant Year LI,48,Mayor's Office for People with Disabilities,2505,Disability Resources,0801,INDIRECT COSTS,443968.00,443968.00,0.00
CDBG,GJ51,Community Development Block Grant Year LI,48,Mayor's Office for People with Disabilities,2510,Independent Living for Disabled Persons,0135,DELEGATE AGENCIES,760000.00,760000.00,760000.00
CDBG,GJ51,Community Development Block Grant Year LI,48,Mayor's Office for People with Disabilities,2525,Home Mod Program,0005,SALARIES AND WAGES - ON PAYROLL,371351.00,371351.00,385913.00
CDBG,GJ51,Community Development Block Grant Year LI,48,Mayor's Office for People with Disabilities,2525,Home Mod Program,0015,SCHEDULE SALARY ADJUSTMENTS,1873.00,1873.00,3667.00
CDBG,GJ51,Community Development Block Grant Year LI,48,Mayor's Office for People with Disabilities,2525,Home Mod Program,0044,FRINGE BENEFITS,240459.00,240459.00,229996.00
CDBG,GJ51,Community Development Block Grant Year LI,48,Mayor's Office for People with Disabilities,2525,Home Mod Program,0135,DELEGATE AGENCIES,1696000.00,1696000.00,2696000.00
CDBG,GJ51,Community Development Block Grant Year LI,48,Mayor's Office for People with Disabilities,2525,Home Mod Program,0140,PROFESSIONAL AND TECHNICAL SERVICES,1187245.00,1187245.00,24569.00
CDBG,GJ51,Community Development Block Grant Year LI,48,Mayor's Office for People with Disabilities,2525,Home Mod Program,0348,BOOKS AND RELATED MATERIAL,600.00,600.00,600.00
CDBG,GJ51,Community Development Block Grant Year LI,48,Mayor's Office for People with Disabilities,2525,Home Mod Program,0446,PURCHASE - IT HARDWARE,5925.00,5925.00,4255.00
CDBG,GJ51,Community Development Block Grant Year LI,48,Mayor's Office for People with Disabilities,2525,Home Mod Program,0801,INDIRECT COSTS,180547.00,180547.00,0.00
CDBG,GJ51,Community Development Block Grant Year LI,50,Department of Family and Support Services,2501,Planning and Administration,0125,OFFICE AND BUILDING SERVICES,4500.00,4500.00,4500.00
CDBG,GJ51,Community Development Block Grant Year LI,50,Department of Family and Support Services,2501,Planning and Administration,0140,PROFESSIONAL AND TECHNICAL SERVICES,-139024.00,-139024.00,11976.00
CDBG,GJ51,Community Development Block Grant Year LI,50,Department of Family and Support Services,2501,Planning and Administration,0152,ADVERTISING,500.00,500.00,500.00
CDBG,GJ51,Community Development Block Grant Year LI,50,Department of Family and Support Services,2501,Planning and Administration,0157,RENTAL EQUIPMENT AND SERVICES,200.00,200.00,200.00
CDBG,GJ51,Community Development Block Grant Year LI,50,Department of Family and Support Services,2501,Planning and Administration,0159,LEASE/PURCHASE EQUIPMENT,22625.00,22625.00,22625.00
CDBG,GJ51,Community Development Block Grant Year LI,50,Department of Family and Support Services,2501,Planning and Administration,0166,DUES  SUBSC & MEM,1400.00,1400.00,1400.00
CDBG,GJ51,Community Development Block Grant Year LI,50,Department of Family and Support Services,2501,Planning and Administration,0169,TECHNICAL MEETING COSTS,5026.00,5026.00,5026.00
CDBG,GJ51,Community Development Block Grant Year LI,50,Department of Family and Support Services,2501,Planning and Administration,0190,TELEPHONE - CENTREX BILLINGS,135000.00,135000.00,0.00
CDBG,GJ51,Community Development Block Grant Year LI,50,Department of Family and Support Services,2501,Planning and Administration,0197,TELEPHONE - MAINTENANCE,16000.00,16000.00,0.00
CDBG,GJ51,Community Development Block Grant Year LI,50,Department of Family and Support Services,2501,Planning and Administration,0270,LOCAL TRANSPORTATION,450.00,450.00,450.00
CDBG,GJ51,Community Development Block Grant Year LI,50,Department of Family and Support Services,2501,Planning and Administration,0340,MATERIAL AND SUPPLIES,3775.00,3775.00,3775.00
CDBG,GJ51,Community Development Block Grant Year LI,50,Department of Family and Support Services,2501,Planning and Administration,0350,STATIONERY AND OFFICE SUPPLIES,2400.00,2400.00,2400.00
CDBG,GJ51,Community Development Block Grant Year LI,50,Department of Family and Support Services,2501,Planning and Administration,9438,REIMBURSEMENT - FFM,13148.00,13148.00,13148.00
CDBG,GJ51,Community Development Block Grant Year LI,50,Department of Family and Support Services,2510,Human Services,0005,SALARIES AND WAGES - ON PAYROLL,45195.00,45195.00,70946.00
CDBG,GJ51,Community Development Block Grant Year LI,50,Department of Family and Support Services,2510,Human Services,0006,SALARY PROVISION,-112223.00,-112223.00,50772.00
CDBG,GJ51,Community Development Block Grant Year LI,50,Department of Family and Support Services,2510,Human Services,0015,SCHEDULE SALARY ADJUSTMENTS,2093.00,2093.00,0.00
CDBG,GJ51,Community Development Block Grant Year LI,50,Department of Family and Support Services,2510,Human Services,0044,FRINGE BENEFITS,46633.00,46633.00,42282.00
CDBG,GJ51,Community Development Block Grant Year LI,50,Department of Family and Support Services,2510,Human Services,0135,DELEGATE AGENCIES,1006000.00,1006000.00,1006000.00
CDBG,GJ51,Community Development Block Grant Year LI,50,Department of Family and Support Services,2510,Human Services,0801,INDIRECT COSTS,57302.00,57302.00,0.00
CDBG,GJ51,Community Development Block Grant Year LI,50,Department of Family and Support Services,2515,Homeless Services,0005,SALARIES AND WAGES - ON PAYROLL,1185756.00,1185756.00,1351485.00
CDBG,GJ51,Community Development Block Grant Year LI,50,Department of Family and Support Services,2515,Homeless Services,0012,CONTRACT WAGE - PREVAILING RATE,1663.00,1663.00,1474.00
CDBG,GJ51,Community Development Block Grant Year LI,50,Department of Family and Support Services,2515,Homeless Services,0015,SCHEDULE SALARY ADJUSTMENTS,9763.00,9763.00,16531.00
CDBG,GJ51,Community Development Block Grant Year LI,50,Department of Family and Support Services,2515,Homeless Services,0044,FRINGE BENEFITS,834948.00,834948.00,814660.00
CDBG,GJ51,Community Development Block Grant Year LI,50,Department of Family and Support Services,2515,Homeless Services,0135,DELEGATE AGENCIES,8613843.00,8613843.00,8893850.00
CDBG,GJ51,Community Development Block Grant Year LI,50,Department of Family and Support Services,2515,Homeless Services,0801,INDIRECT COSTS,1305297.00,1305297.00,0.00
CDBG,GJ51,Community Development Block Grant Year LI,50,Department of Family and Support Services,2515,Homeless Services,909A,RESERVE BALANCE,-2788270.00,-2788270.00,0.00
CDBG,GJ51,Community Development Block Grant Year LI,50,Department of Family and Support Services,2520,Workforce Services,0005,SALARIES AND WAGES - ON PAYROLL,517789.00,517789.00,624301.00
CDBG,GJ51,Community Development Block Grant Year LI,50,Department of Family and Support Services,2520,Workforce Services,0015,SCHEDULE SALARY ADJUSTMENTS,15001.00,15001.00,15180.00
CDBG,GJ51,Community Development Block Grant Year LI,50,Department of Family and Support Services,2520,Workforce Services,0044,FRINGE BENEFITS,359593.00,359593.00,372071.00
CDBG,GJ51,Community Development Block Grant Year LI,50,Department of Family and Support Services,2520,Workforce Services,0135,DELEGATE AGENCIES,5332922.00,5332922.00,5332448.00
CDBG,GJ51,Community Development Block Grant Year LI,50,Department of Family and Support Services,2520,Workforce Services,0801,INDIRECT COSTS,563970.00,563970.00,0.00
CDBG,GJ51,Community Development Block Grant Year LI,50,Department of Family and Support Services,2520,Workforce Services,909A,RESERVE BALANCE,-1215275.00,-1215275.00,0.00
CDBG,GJ51,Community Development Block Grant Year LI,50,Department of Family and Support Services,2525,Senior Services,0005,SALARIES AND WAGES - ON PAYROLL,311718.00,311718.00,138260.00
CDBG,GJ51,Community Development Block Grant Year LI,50,Department of Family and Support Services,2525,Senior Services,0015,SCHEDULE SALARY ADJUSTMENTS,9089.00,9089.00,3724.00
CDBG,GJ51,Community Development Block Grant Year LI,50,Department of Family and Support Services,2525,Senior Services,0044,FRINGE BENEFITS,243369.00,243369.00,82400.00
CDBG,GJ51,Community Development Block Grant Year LI,50,Department of Family and Support Services,2525,Senior Services,0135,DELEGATE AGENCIES,2466812.00,2466812.00,2866808.00
CDBG,GJ51,Community Development Block Grant Year LI,50,Department of Family and Support Services,2525,Senior Services,0140,PROFESSIONAL AND TECHNICAL SERVICES,-541196.00,-541196.00,239808.00
CDBG,GJ51,Community Development Block Grant Year LI,50,Department of Family and Support Services,2525,Senior Services,0801,INDIRECT COSTS,369208.00,369208.00,0.00
CDBG,GJ51,Community Development Block Grant Year LI,50,Department of Family and Support Services,2530,Domestic Violence Services,0005,SALARIES AND WAGES - ON PAYROLL,313176.00,313176.00,410188.00
CDBG,GJ51,Community Development Block Grant Year LI,50,Department of Family and Support Services,2530,Domestic Violence Services,0015,SCHEDULE SALARY ADJUSTMENTS,684.00,684.00,10693.00
CDBG,GJ51,Community Development Block Grant Year LI,50,Department of Family and Support Services,2530,Domestic Violence Services,0044,FRINGE BENEFITS,229810.00,229810.00,249774.00
CDBG,GJ51,Community Development Block Grant Year LI,50,Department of Family and Support Services,2530,Domestic Violence Services,0135,DELEGATE AGENCIES,2022245.00,2022245.00,1931345.00
CDBG,GJ51,Community Development Block Grant Year LI,50,Department of Family and Support Services,2530,Domestic Violence Services,0166,DUES  SUBSC & MEM,69355.00,69355.00,50000.00
CDBG,GJ51,Community Development Block Grant Year LI,50,Department of Family and Support Services,2530,Domestic Violence Services,0801,INDIRECT COSTS,412343.00,412343.00,0.00
CDBG,GJ51,Community Development Block Grant Year LI,50,Department of Family and Support Services,2530,Domestic Violence Services,909A,RESERVE BALANCE,-809613.00,-809613.00,0.00
CDBG,GJ51,Community Development Block Grant Year LI,54,Department of Planning and Development,2505,Planning and Administration,0005,SALARIES AND WAGES - ON PAYROLL,985793.00,985793.00,981641.00
CDBG,GJ51,Community Development Block Grant Year LI,54,Department of Planning and Development,2505,Planning and Administration,0015,SCHEDULE SALARY ADJUSTMENTS,5471.00,5471.00,6918.00
CDBG,GJ51,Community Development Block Grant Year LI,54,Department of Planning and Development,2505,Planning and Administration,0044,FRINGE BENEFITS,656168.00,656168.00,608441.00
CDBG,GJ51,Community Development Block Grant Year LI,54,Department of Planning and Development,2505,Planning and Administration,0130,POSTAGE,30000.00,30000.00,30000.00
CDBG,GJ51,Community Development Block Grant Year LI,54,Department of Planning and Development,2505,Planning and Administration,0140,PROFESSIONAL AND TECHNICAL SERVICES,-778314.00,-778314.00,50000.00
CDBG,GJ51,Community Development Block Grant Year LI,54,Department of Planning and Development,2505,Planning and Administration,0801,INDIRECT COSTS,597882.00,597882.00,0.00
CDBG,GJ51,Community Development Block Grant Year LI,84,Chicago Department of Transportation,2535,Infrastructure Improvements,0140,PROFESSIONAL AND TECHNICAL SERVICES,2291000.00,2291000.00,0.00
CDBG,GJ51,Community Development Block Grant Year LI,88,Department of Water Management,2505,Lead Service Line Replacement,0140,PROFESSIONAL AND TECHNICAL SERVICES,-5750000.00,-5750000.00,0.00
CDBG,GJ51,Community Development Block Grant Year LI,88,Department of Water Management,2505,Lead Service Line Replacement,0540,CONSTRUCTION OF BUILDINGS AND STRUCTURES,23000000.00,23000000.00,4768000.00
CDBG,GJ51,Community Development Block Grant Year LI,88,Department of Water Management,2505,Lead Service Line Replacement,909A,RESERVE BALANCE,0.00,0.00,9950000.00
