fund_type,fund_code,fund_description,department_number,department_description,appropriation_authority,appropriation_authority_description,appropriation_account,appropriation_account_description,appropration,revised_appropriation,recommendation
LOCAL,0100,CORPORATE FUND,1,OFFICE OF THE MAYOR,2005,OFFICE OF THE MAYOR,5,SALARIES AND WAGES - ON PAYROLL,5511957,5511957,5550657
LOCAL,0100,CORPORATE FUND,1,OFFICE OF THE MAYOR,2005,OFFICE OF THE MAYOR,126,OFFICE CONVENIENCES,1200,1200,1000
LOCAL,0100,CORPORATE FUND,1,OFFICE OF THE MAYOR,2005,OFFICE OF THE MAYOR,130,POSTAGE,10000,10000,5019
LOCAL,0100,CORPORATE FUND,1,OFFICE OF THE MAYOR,2005,OFFICE OF THE MAYOR,150,PUBLICATN & REPRODT-OUT,1000,1000,1000
LOCAL,0100,CORPORATE FUND,1,OFFICE OF THE MAYOR,2005,OFFICE OF THE MAYOR,157,RENTAL EQUIPMENT AND SERVICES,49500,49500,49500
LOCAL,0100,CORPORATE FUND,1,OFFICE OF THE MAYOR,2005,OFFICE OF THE MAYOR,159,LEASE PURCHASE AGREEMNT,63500,63500,63500
LOCAL,0100,CORPORATE FUND,1,OFFICE OF THE MAYOR,2005,OFFICE OF THE MAYOR,162,REPAIR/MAINT EQUIPMENT,6984,6984,6984
LOCAL,0100,CORPORATE FUND,1,OFFICE OF THE MAYOR,2005,OFFICE OF THE MAYOR,166,"DUES, SUBSC & MEM",18500,18500,18500
LOCAL,0100,CORPORATE FUND,1,OFFICE OF THE MAYOR,2005,OFFICE OF THE MAYOR,169,TECHNICAL MEETING COSTS,5286,5286,5286
LOCAL,0100,CORPORATE FUND,1,OFFICE OF THE MAYOR,2005,OFFICE OF THE MAYOR,181,MOBILE COMMUNICATION SERVICES,47400,47400,37700
LOCAL,0100,CORPORATE FUND,1,OFFICE OF THE MAYOR,2005,OFFICE OF THE MAYOR,190,TELEPHONE - NON-CENTREX BILLINGS,43300,43300,49700
LOCAL,0100,CORPORATE FUND,1,OFFICE OF THE MAYOR,2005,OFFICE OF THE MAYOR,196,DATA CIRCUITS,3000,3000,3000
LOCAL,0100,CORPORATE FUND,1,OFFICE OF THE MAYOR,2005,OFFICE OF THE MAYOR,197,TELEPHONE - MAINTENANCE,17272,17272,17670
LOCAL,0100,CORPORATE FUND,1,OFFICE OF THE MAYOR,2005,OFFICE OF THE MAYOR,229,TRANSPORTATION AND EXPENSE ALLOWANCE,680,680,680
LOCAL,0100,CORPORATE FUND,1,OFFICE OF THE MAYOR,2005,OFFICE OF THE MAYOR,245,REIMBURSEMENT TO TRAVELERS,23280,23280,23280
LOCAL,0100,CORPORATE FUND,1,OFFICE OF THE MAYOR,2005,OFFICE OF THE MAYOR,270,LOCAL TRANSPORTATION,872,872,872
LOCAL,0100,CORPORATE FUND,1,OFFICE OF THE MAYOR,2005,OFFICE OF THE MAYOR,350,STATIONERY AND OFFICE SUPPLIES,48500,48500,40000
LOCAL,0310,MOTOR FUEL TAX FUND,1,OFFICE OF THE MAYOR,2005,OFFICE OF THE MAYOR,5,SALARIES AND WAGES - ON PAYROLL,259998,259998,259998
LOCAL,0355,SPECIAL EVENTS / MUNICIPAL HOTEL T/F,1,OFFICE OF THE MAYOR,2005,OFFICE OF THE MAYOR,5,SALARIES AND WAGES - ON PAYROLL,529248,529248,541254
GRANTS,0929,COM ED SETTLEMENT FUND II,1,OFFICE OF THE MAYOR,2809,COMED SETTLEMENT FUND,5,SALARIES AND WAGES - ON PAYROLL,272566,272566,272566
GRANTS,0929,COM ED SETTLEMENT FUND II,1,OFFICE OF THE MAYOR,2809,COMED SETTLEMENT FUND,44,FRINGE BENEFITS,101549,101549,100014
GRANTS,0J38,SMART GRID / ENERGY EFF. CONSUMER ED.,1,OFFICE OF THE MAYOR,2804,SMART GRID / ENERGY EFFICIENCY,5,SALARIES AND WAGES - ON PAYROLL,0,0,47504
GRANTS,0J38,SMART GRID / ENERGY EFF. CONSUMER ED.,1,OFFICE OF THE MAYOR,2804,SMART GRID / ENERGY EFFICIENCY,44,FRINGE BENEFITS,0,0,18256
GRANTS,0J38,SMART GRID / ENERGY EFF. CONSUMER ED.,1,OFFICE OF THE MAYOR,2804,SMART GRID / ENERGY EFFICIENCY,140,PROFESSIONAL AND TECHNICAL SERVICES,155000,155000,84240
GRANTS,0J38,SMART GRID / ENERGY EFF. CONSUMER ED.,1,OFFICE OF THE MAYOR,2804,SMART GRID / ENERGY EFFICIENCY,245,REIMBURSEMENT TO TRAVELERS,0,0,5000
GRANTS,0J39,GUN VIOLENCE PREVENTION,1,OFFICE OF THE MAYOR,2803,GUN VIOLENCE PREVENTION,5,SALARIES AND WAGES - ON PAYROLL,0,0,102000
GRANTS,0J39,GUN VIOLENCE PREVENTION,1,OFFICE OF THE MAYOR,2803,GUN VIOLENCE PREVENTION,44,FRINGE BENEFITS,0,0,37240
GRANTS,0J39,GUN VIOLENCE PREVENTION,1,OFFICE OF THE MAYOR,2803,GUN VIOLENCE PREVENTION,140,PROFESSIONAL AND TECHNICAL SERVICES,150000,150000,10760
GRANTS,0P71,INNOVATIVE DELIVERY GRANT,1,OFFICE OF THE MAYOR,2800,INNOVATION DELIVERY GRANT,5,SALARIES AND WAGES - ON PAYROLL,867288,867288,784508
GRANTS,0P71,INNOVATIVE DELIVERY GRANT,1,OFFICE OF THE MAYOR,2800,INNOVATION DELIVERY GRANT,44,FRINGE BENEFITS,323080,323080,303565
GRANTS,0P71,INNOVATIVE DELIVERY GRANT,1,OFFICE OF THE MAYOR,2800,INNOVATION DELIVERY GRANT,140,PROFESSIONAL AND TECHNICAL SERVICES,685932,685932,718382
GRANTS,0P71,INNOVATIVE DELIVERY GRANT,1,OFFICE OF THE MAYOR,2800,INNOVATION DELIVERY GRANT,149,SOFTWARE MAINTENANCE AND LICENSING,50000,50000,50377
GRANTS,0P71,INNOVATIVE DELIVERY GRANT,1,OFFICE OF THE MAYOR,2800,INNOVATION DELIVERY GRANT,150,PUBLICATN & REPRODT-OUT,50000,50000,50000
GRANTS,0P71,INNOVATIVE DELIVERY GRANT,1,OFFICE OF THE MAYOR,2800,INNOVATION DELIVERY GRANT,166,"DUES, SUBSC & MEM",1000,1000,1000
GRANTS,0P71,INNOVATIVE DELIVERY GRANT,1,OFFICE OF THE MAYOR,2800,INNOVATION DELIVERY GRANT,181,MOBILE COMMUNICATION SERVICES,7600,7600,5400
GRANTS,0P71,INNOVATIVE DELIVERY GRANT,1,OFFICE OF THE MAYOR,2800,INNOVATION DELIVERY GRANT,190,TELEPHONE - NON-CENTREX BILLINGS,4700,4700,2042
GRANTS,0P71,INNOVATIVE DELIVERY GRANT,1,OFFICE OF THE MAYOR,2800,INNOVATION DELIVERY GRANT,197,TELEPHONE - MAINTENANCE,400,400,726
GRANTS,0P71,INNOVATIVE DELIVERY GRANT,1,OFFICE OF THE MAYOR,2800,INNOVATION DELIVERY GRANT,350,STATIONERY AND OFFICE SUPPLIES,10000,10000,10000
GRANTS,0P92,MAYOR'S OFFICE - US DOJ,1,OFFICE OF THE MAYOR,2805,NTL FORUM YOUTH VIOLENCE PREV.,5,SALARIES AND WAGES - ON PAYROLL,0,0,96900
GRANTS,0P92,MAYOR'S OFFICE - US DOJ,1,OFFICE OF THE MAYOR,2805,NTL FORUM YOUTH VIOLENCE PREV.,44,FRINGE BENEFITS,0,0,37240
GRANTS,0P92,MAYOR'S OFFICE - US DOJ,1,OFFICE OF THE MAYOR,2805,NTL FORUM YOUTH VIOLENCE PREV.,140,PROFESSIONAL AND TECHNICAL SERVICES,469000,469000,120860
LOCAL,0100,CORPORATE FUND,3,IG,2005,OFFICE OF INSPECTOR GENERAL,5,SALARIES AND WAGES - ON PAYROLL,2235291,2235291,2348337
LOCAL,0100,CORPORATE FUND,3,IG,2005,OFFICE OF INSPECTOR GENERAL,11,CONTRACT WAGE - SALARY,0,0,315
LOCAL,0100,CORPORATE FUND,3,IG,2005,OFFICE OF INSPECTOR GENERAL,15,SCHEDULE SALARY ADJUSTMENTS,10562,10562,19912
LOCAL,0100,CORPORATE FUND,3,IG,2005,OFFICE OF INSPECTOR GENERAL,20,OVERTIME,8486,8486,0
LOCAL,0100,CORPORATE FUND,3,IG,2005,OFFICE OF INSPECTOR GENERAL,130,POSTAGE,820,820,820
LOCAL,0100,CORPORATE FUND,3,IG,2005,OFFICE OF INSPECTOR GENERAL,138,IT MAINTENANCE,23263,23263,29873
LOCAL,0100,CORPORATE FUND,3,IG,2005,OFFICE OF INSPECTOR GENERAL,140,PROFESSIONAL AND TECHNICAL SERVICES,34614,34614,93942
LOCAL,0100,CORPORATE FUND,3,IG,2005,OFFICE OF INSPECTOR GENERAL,149,SOFTWARE MAINTENANCE AND LICENSING,1649,1649,14754
LOCAL,0100,CORPORATE FUND,3,IG,2005,OFFICE OF INSPECTOR GENERAL,154,RENTAL-DATA HARDWARE EQ,19199,19199,15845
LOCAL,0100,CORPORATE FUND,3,IG,2005,OFFICE OF INSPECTOR GENERAL,157,RENTAL EQUIPMENT AND SERVICES,24168,24168,16235
LOCAL,0100,CORPORATE FUND,3,IG,2005,OFFICE OF INSPECTOR GENERAL,159,LEASE PURCHASE AGREEMNT,5527,5527,3384
LOCAL,0100,CORPORATE FUND,3,IG,2005,OFFICE OF INSPECTOR GENERAL,162,REPAIR/MAINT EQUIPMENT,1487,1487,1487
LOCAL,0100,CORPORATE FUND,3,IG,2005,OFFICE OF INSPECTOR GENERAL,166,"DUES, SUBSC & MEM",721,721,760
LOCAL,0100,CORPORATE FUND,3,IG,2005,OFFICE OF INSPECTOR GENERAL,169,TECHNICAL MEETING COSTS,44773,44773,44773
LOCAL,0100,CORPORATE FUND,3,IG,2005,OFFICE OF INSPECTOR GENERAL,181,MOBILE COMMUNICATION SERVICES,25368,25368,25187
LOCAL,0100,CORPORATE FUND,3,IG,2005,OFFICE OF INSPECTOR GENERAL,189,TELEPHONE - NON-CENTREX BILLINGS,70208,70208,70208
LOCAL,0100,CORPORATE FUND,3,IG,2005,OFFICE OF INSPECTOR GENERAL,245,REIMBURSEMENT TO TRAVELERS,558,558,558
LOCAL,0100,CORPORATE FUND,3,IG,2005,OFFICE OF INSPECTOR GENERAL,270,LOCAL TRANSPORTATION,3875,3875,3875
LOCAL,0100,CORPORATE FUND,3,IG,2005,OFFICE OF INSPECTOR GENERAL,320,GASOLINE,2597,2597,1347
LOCAL,0100,CORPORATE FUND,3,IG,2005,OFFICE OF INSPECTOR GENERAL,340,MATERIAL AND SUPPLIES,6036,6036,6036
LOCAL,0100,CORPORATE FUND,3,IG,2005,OFFICE OF INSPECTOR GENERAL,348,BOOKS AND RELATED MATERIAL,2032,2032,2032
LOCAL,0100,CORPORATE FUND,3,IG,2005,OFFICE OF INSPECTOR GENERAL,350,STATIONERY AND OFFICE SUPPLIES,7592,7592,5092
LOCAL,0100,CORPORATE FUND,3,IG,2005,OFFICE OF INSPECTOR GENERAL,700,CONTINGENCIES,12784,12784,16616
LOCAL,0200,WATER FUND,3,IG,2005,OFFICE OF INSPECTOR GENERAL,5,SALARIES AND WAGES - ON PAYROLL,937055,937055,953375
LOCAL,0200,WATER FUND,3,IG,2005,OFFICE OF INSPECTOR GENERAL,11,CONTRACT WAGE - SALARY,0,0,379
LOCAL,0200,WATER FUND,3,IG,2005,OFFICE OF INSPECTOR GENERAL,15,SCHEDULE SALARY ADJUSTMENTS,6132,6132,8258
LOCAL,0200,WATER FUND,3,IG,2005,OFFICE OF INSPECTOR GENERAL,20,OVERTIME,4858,4858,0
LOCAL,0200,WATER FUND,3,IG,2005,OFFICE OF INSPECTOR GENERAL,130,POSTAGE,683,683,683
LOCAL,0200,WATER FUND,3,IG,2005,OFFICE OF INSPECTOR GENERAL,138,IT MAINTENANCE,26317,26317,32929
LOCAL,0200,WATER FUND,3,IG,2005,OFFICE OF INSPECTOR GENERAL,140,PROFESSIONAL AND TECHNICAL SERVICES,58057,58057,40442
LOCAL,0200,WATER FUND,3,IG,2005,OFFICE OF INSPECTOR GENERAL,149,SOFTWARE MAINTENANCE AND LICENSING,350,350,13457
LOCAL,0200,WATER FUND,3,IG,2005,OFFICE OF INSPECTOR GENERAL,154,RENTAL-DATA HARDWARE EQ,13386,13386,10031
LOCAL,0200,WATER FUND,3,IG,2005,OFFICE OF INSPECTOR GENERAL,155,RENTAL OF PROPERTY,1200,1200,0
LOCAL,0200,WATER FUND,3,IG,2005,OFFICE OF INSPECTOR GENERAL,157,RENTAL EQUIPMENT AND SERVICES,29267,29267,21334
LOCAL,0200,WATER FUND,3,IG,2005,OFFICE OF INSPECTOR GENERAL,159,LEASE PURCHASE AGREEMNT,3489,3489,1345
LOCAL,0200,WATER FUND,3,IG,2005,OFFICE OF INSPECTOR GENERAL,162,REPAIR/MAINT EQUIPMENT,2424,2424,2424
LOCAL,0200,WATER FUND,3,IG,2005,OFFICE OF INSPECTOR GENERAL,166,"DUES, SUBSC & MEM",2688,2688,2725
LOCAL,0200,WATER FUND,3,IG,2005,OFFICE OF INSPECTOR GENERAL,169,TECHNICAL MEETING COSTS,7854,7854,7854
LOCAL,0200,WATER FUND,3,IG,2005,OFFICE OF INSPECTOR GENERAL,181,MOBILE COMMUNICATION SERVICES,7681,7681,7501
LOCAL,0200,WATER FUND,3,IG,2005,OFFICE OF INSPECTOR GENERAL,189,TELEPHONE - NON-CENTREX BILLINGS,24062,24062,24062
LOCAL,0200,WATER FUND,3,IG,2005,OFFICE OF INSPECTOR GENERAL,245,REIMBURSEMENT TO TRAVELERS,558,558,558
LOCAL,0200,WATER FUND,3,IG,2005,OFFICE OF INSPECTOR GENERAL,270,LOCAL TRANSPORTATION,1615,1615,1615
LOCAL,0200,WATER FUND,3,IG,2005,OFFICE OF INSPECTOR GENERAL,320,GASOLINE,2382,2382,1132
LOCAL,0200,WATER FUND,3,IG,2005,OFFICE OF INSPECTOR GENERAL,340,MATERIAL AND SUPPLIES,3800,3800,3800
LOCAL,0200,WATER FUND,3,IG,2005,OFFICE OF INSPECTOR GENERAL,348,BOOKS AND RELATED MATERIAL,1082,1082,1082
LOCAL,0200,WATER FUND,3,IG,2005,OFFICE OF INSPECTOR GENERAL,350,STATIONERY AND OFFICE SUPPLIES,8248,8248,5748
LOCAL,0200,WATER FUND,3,IG,2005,OFFICE OF INSPECTOR GENERAL,700,CONTINGENCIES,5434,5434,10466
LOCAL,0314,SEWER FUND,3,IG,2005,OFFICE OF INSPECTOR GENERAL,5,SALARIES AND WAGES - ON PAYROLL,619361,619361,625901
LOCAL,0314,SEWER FUND,3,IG,2005,OFFICE OF INSPECTOR GENERAL,15,SCHEDULE SALARY ADJUSTMENTS,1452,1452,713
LOCAL,0314,SEWER FUND,3,IG,2005,OFFICE OF INSPECTOR GENERAL,20,OVERTIME,4858,4858,0
LOCAL,0314,SEWER FUND,3,IG,2005,OFFICE OF INSPECTOR GENERAL,130,POSTAGE,519,519,519
LOCAL,0314,SEWER FUND,3,IG,2005,OFFICE OF INSPECTOR GENERAL,138,IT MAINTENANCE,5000,5000,11612
LOCAL,0314,SEWER FUND,3,IG,2005,OFFICE OF INSPECTOR GENERAL,140,PROFESSIONAL AND TECHNICAL SERVICES,42080,42080,34911
LOCAL,0314,SEWER FUND,3,IG,2005,OFFICE OF INSPECTOR GENERAL,149,SOFTWARE MAINTENANCE AND LICENSING,325,325,13432
LOCAL,0314,SEWER FUND,3,IG,2005,OFFICE OF INSPECTOR GENERAL,154,RENTAL-DATA HARDWARE EQ,12954,12954,9599
LOCAL,0314,SEWER FUND,3,IG,2005,OFFICE OF INSPECTOR GENERAL,155,RENTAL OF PROPERTY,1300,1300,0
LOCAL,0314,SEWER FUND,3,IG,2005,OFFICE OF INSPECTOR GENERAL,157,RENTAL EQUIPMENT AND SERVICES,17292,17292,9359
LOCAL,0314,SEWER FUND,3,IG,2005,OFFICE OF INSPECTOR GENERAL,159,LEASE PURCHASE AGREEMNT,3030,3030,887
LOCAL,0314,SEWER FUND,3,IG,2005,OFFICE OF INSPECTOR GENERAL,162,REPAIR/MAINT EQUIPMENT,2284,2284,2284
LOCAL,0314,SEWER FUND,3,IG,2005,OFFICE OF INSPECTOR GENERAL,166,"DUES, SUBSC & MEM",1574,1574,1611
LOCAL,0314,SEWER FUND,3,IG,2005,OFFICE OF INSPECTOR GENERAL,169,TECHNICAL MEETING COSTS,11530,11530,11530
LOCAL,0314,SEWER FUND,3,IG,2005,OFFICE OF INSPECTOR GENERAL,181,MOBILE COMMUNICATION SERVICES,6948,6948,6768
LOCAL,0314,SEWER FUND,3,IG,2005,OFFICE OF INSPECTOR GENERAL,189,TELEPHONE - NON-CENTREX BILLINGS,19856,19856,19856
LOCAL,0314,SEWER FUND,3,IG,2005,OFFICE OF INSPECTOR GENERAL,245,REIMBURSEMENT TO TRAVELERS,558,558,558
LOCAL,0314,SEWER FUND,3,IG,2005,OFFICE OF INSPECTOR GENERAL,270,LOCAL TRANSPORTATION,1615,1615,1615
LOCAL,0314,SEWER FUND,3,IG,2005,OFFICE OF INSPECTOR GENERAL,320,GASOLINE,1430,1430,180
LOCAL,0314,SEWER FUND,3,IG,2005,OFFICE OF INSPECTOR GENERAL,340,MATERIAL AND SUPPLIES,3050,3050,3050
LOCAL,0314,SEWER FUND,3,IG,2005,OFFICE OF INSPECTOR GENERAL,348,BOOKS AND RELATED MATERIAL,1082,1082,1082
LOCAL,0314,SEWER FUND,3,IG,2005,OFFICE OF INSPECTOR GENERAL,350,STATIONERY AND OFFICE SUPPLIES,12509,12509,10009
LOCAL,0314,SEWER FUND,3,IG,2005,OFFICE OF INSPECTOR GENERAL,700,CONTINGENCIES,6392,6392,11523
LOCAL,0740,O'HARE REVENUE FUND,3,IG,2005,OFFICE OF INSPECTOR GENERAL,5,SALARIES AND WAGES - ON PAYROLL,1128308,1128308,1135508
LOCAL,0740,O'HARE REVENUE FUND,3,IG,2005,OFFICE OF INSPECTOR GENERAL,15,SCHEDULE SALARY ADJUSTMENTS,5190,5190,8851
LOCAL,0740,O'HARE REVENUE FUND,3,IG,2005,OFFICE OF INSPECTOR GENERAL,20,OVERTIME,1624,1624,1000
LOCAL,0740,O'HARE REVENUE FUND,3,IG,2005,OFFICE OF INSPECTOR GENERAL,130,POSTAGE,710,710,710
LOCAL,0740,O'HARE REVENUE FUND,3,IG,2005,OFFICE OF INSPECTOR GENERAL,138,IT MAINTENANCE,5000,5000,11612
LOCAL,0740,O'HARE REVENUE FUND,3,IG,2005,OFFICE OF INSPECTOR GENERAL,140,PROFESSIONAL AND TECHNICAL SERVICES,28906,28906,5729
LOCAL,0740,O'HARE REVENUE FUND,3,IG,2005,OFFICE OF INSPECTOR GENERAL,149,SOFTWARE MAINTENANCE AND LICENSING,1034,1034,14141
LOCAL,0740,O'HARE REVENUE FUND,3,IG,2005,OFFICE OF INSPECTOR GENERAL,154,RENTAL-DATA HARDWARE EQ,25612,25612,22257
LOCAL,0740,O'HARE REVENUE FUND,3,IG,2005,OFFICE OF INSPECTOR GENERAL,155,RENTAL OF PROPERTY,2500,2500,0
LOCAL,0740,O'HARE REVENUE FUND,3,IG,2005,OFFICE OF INSPECTOR GENERAL,157,RENTAL EQUIPMENT AND SERVICES,30517,30517,22584
LOCAL,0740,O'HARE REVENUE FUND,3,IG,2005,OFFICE OF INSPECTOR GENERAL,159,LEASE PURCHASE AGREEMNT,5527,5527,3384
LOCAL,0740,O'HARE REVENUE FUND,3,IG,2005,OFFICE OF INSPECTOR GENERAL,162,REPAIR/MAINT EQUIPMENT,1151,1151,1151
LOCAL,0740,O'HARE REVENUE FUND,3,IG,2005,OFFICE OF INSPECTOR GENERAL,166,"DUES, SUBSC & MEM",1573,1573,1610
LOCAL,0740,O'HARE REVENUE FUND,3,IG,2005,OFFICE OF INSPECTOR GENERAL,169,TECHNICAL MEETING COSTS,12843,12843,12843
LOCAL,0740,O'HARE REVENUE FUND,3,IG,2005,OFFICE OF INSPECTOR GENERAL,181,MOBILE COMMUNICATION SERVICES,10724,10724,10544
LOCAL,0740,O'HARE REVENUE FUND,3,IG,2005,OFFICE OF INSPECTOR GENERAL,189,TELEPHONE - NON-CENTREX BILLINGS,15258,15258,15258
LOCAL,0740,O'HARE REVENUE FUND,3,IG,2005,OFFICE OF INSPECTOR GENERAL,245,REIMBURSEMENT TO TRAVELERS,558,558,558
LOCAL,0740,O'HARE REVENUE FUND,3,IG,2005,OFFICE OF INSPECTOR GENERAL,270,LOCAL TRANSPORTATION,1615,1615,1615
LOCAL,0740,O'HARE REVENUE FUND,3,IG,2005,OFFICE OF INSPECTOR GENERAL,320,GASOLINE,3812,3812,2562
LOCAL,0740,O'HARE REVENUE FUND,3,IG,2005,OFFICE OF INSPECTOR GENERAL,340,MATERIAL AND SUPPLIES,4450,4450,4450
LOCAL,0740,O'HARE REVENUE FUND,3,IG,2005,OFFICE OF INSPECTOR GENERAL,348,BOOKS AND RELATED MATERIAL,1082,1082,1082
LOCAL,0740,O'HARE REVENUE FUND,3,IG,2005,OFFICE OF INSPECTOR GENERAL,350,STATIONERY AND OFFICE SUPPLIES,6662,6662,4162
LOCAL,0740,O'HARE REVENUE FUND,3,IG,2005,OFFICE OF INSPECTOR GENERAL,700,CONTINGENCIES,7352,7352,13683
LOCAL,0100,CORPORATE FUND,5,OFFICE OF BUDGET & MANAGEMENT,2005,OFFICE OF BUDGET & MANAGEMENT,5,SALARIES AND WAGES - ON PAYROLL,1592994,1592994,1598418
LOCAL,0100,CORPORATE FUND,5,OFFICE OF BUDGET & MANAGEMENT,2005,OFFICE OF BUDGET & MANAGEMENT,15,SCHEDULE SALARY ADJUSTMENTS,7546,7546,7446
LOCAL,0100,CORPORATE FUND,5,OFFICE OF BUDGET & MANAGEMENT,2005,OFFICE OF BUDGET & MANAGEMENT,39,STUDENT AS TRAINEES,37500,37500,37500
LOCAL,0100,CORPORATE FUND,5,OFFICE OF BUDGET & MANAGEMENT,2005,OFFICE OF BUDGET & MANAGEMENT,130,POSTAGE,3200,3200,3200
LOCAL,0100,CORPORATE FUND,5,OFFICE OF BUDGET & MANAGEMENT,2005,OFFICE OF BUDGET & MANAGEMENT,140,PROFESSIONAL AND TECHNICAL SERVICES,4500,4500,4500
LOCAL,0100,CORPORATE FUND,5,OFFICE OF BUDGET & MANAGEMENT,2005,OFFICE OF BUDGET & MANAGEMENT,152,ADVERTISING,1000,1000,1000
LOCAL,0100,CORPORATE FUND,5,OFFICE OF BUDGET & MANAGEMENT,2005,OFFICE OF BUDGET & MANAGEMENT,157,RENTAL EQUIPMENT AND SERVICES,20000,20000,20000
LOCAL,0100,CORPORATE FUND,5,OFFICE OF BUDGET & MANAGEMENT,2005,OFFICE OF BUDGET & MANAGEMENT,169,TECHNICAL MEETING COSTS,1000,1000,1000
LOCAL,0100,CORPORATE FUND,5,OFFICE OF BUDGET & MANAGEMENT,2005,OFFICE OF BUDGET & MANAGEMENT,181,MOBILE COMMUNICATION SERVICES,4986,4986,4986
LOCAL,0100,CORPORATE FUND,5,OFFICE OF BUDGET & MANAGEMENT,2005,OFFICE OF BUDGET & MANAGEMENT,190,TELEPHONE - NON-CENTREX BILLINGS,10000,10000,10000
LOCAL,0100,CORPORATE FUND,5,OFFICE OF BUDGET & MANAGEMENT,2005,OFFICE OF BUDGET & MANAGEMENT,197,TELEPHONE - MAINTENANCE,4609,4609,4609
LOCAL,0100,CORPORATE FUND,5,OFFICE OF BUDGET & MANAGEMENT,2005,OFFICE OF BUDGET & MANAGEMENT,245,REIMBURSEMENT TO TRAVELERS,500,500,500
LOCAL,0100,CORPORATE FUND,5,OFFICE OF BUDGET & MANAGEMENT,2005,OFFICE OF BUDGET & MANAGEMENT,270,LOCAL TRANSPORTATION,500,500,500
LOCAL,0100,CORPORATE FUND,5,OFFICE OF BUDGET & MANAGEMENT,2005,OFFICE OF BUDGET & MANAGEMENT,348,BOOKS AND RELATED MATERIAL,400,400,400
LOCAL,0100,CORPORATE FUND,5,OFFICE OF BUDGET & MANAGEMENT,2005,OFFICE OF BUDGET & MANAGEMENT,350,STATIONERY AND OFFICE SUPPLIES,5400,5400,5400
LOCAL,0200,WATER FUND,5,OFFICE OF BUDGET & MANAGEMENT,2005,OFFICE OF BUDGET & MANAGEMENT,5,SALARIES AND WAGES - ON PAYROLL,115740,115740,115740
LOCAL,0310,MOTOR FUEL TAX FUND,5,OFFICE OF BUDGET & MANAGEMENT,2005,OFFICE OF BUDGET & MANAGEMENT,5,SALARIES AND WAGES - ON PAYROLL,282732,282732,282732
LOCAL,0B21,TIF ADMINISTRATION,5,OFFICE OF BUDGET & MANAGEMENT,2005,OFFICE OF BUDGET & MANAGEMENT,5,SALARIES AND WAGES - ON PAYROLL,161643,161643,164907
LOCAL,0B21,TIF ADMINISTRATION,5,OFFICE OF BUDGET & MANAGEMENT,2005,OFFICE OF BUDGET & MANAGEMENT,15,SCHEDULE SALARY ADJUSTMENTS,1632,1632,2070
GRANTS,0075,OBM GRANT MANAGEMT,5,OFFICE OF BUDGET & MANAGEMENT,2855,GRANTS MANAGEMENT,5,SALARIES AND WAGES - ON PAYROLL,981216,981216,922673
GRANTS,0075,OBM GRANT MANAGEMT,5,OFFICE OF BUDGET & MANAGEMENT,2855,GRANTS MANAGEMENT,15,SCHEDULE SALARY ADJUSTMENTS,0,0,4329
GRANTS,0075,OBM GRANT MANAGEMT,5,OFFICE OF BUDGET & MANAGEMENT,2855,GRANTS MANAGEMENT,39,STUDENT AS TRAINEES,17943,17943,17943
GRANTS,0075,OBM GRANT MANAGEMT,5,OFFICE OF BUDGET & MANAGEMENT,2855,GRANTS MANAGEMENT,44,FRINGE BENEFITS,365566,365566,357647
GRANTS,0075,OBM GRANT MANAGEMT,5,OFFICE OF BUDGET & MANAGEMENT,2855,GRANTS MANAGEMENT,140,PROFESSIONAL AND TECHNICAL SERVICES,564094,564094,626227
GRANTS,0075,OBM GRANT MANAGEMT,5,OFFICE OF BUDGET & MANAGEMENT,2855,GRANTS MANAGEMENT,159,LEASE PURCHASE AGREEMNT,5000,5000,5000
GRANTS,0075,OBM GRANT MANAGEMT,5,OFFICE OF BUDGET & MANAGEMENT,2855,GRANTS MANAGEMENT,169,TECHNICAL MEETING COSTS,3579,3579,3579
GRANTS,0075,OBM GRANT MANAGEMT,5,OFFICE OF BUDGET & MANAGEMENT,2855,GRANTS MANAGEMENT,181,MOBILE COMMUNICATION SERVICES,927,927,927
GRANTS,0075,OBM GRANT MANAGEMT,5,OFFICE OF BUDGET & MANAGEMENT,2855,GRANTS MANAGEMENT,190,TELEPHONE - NON-CENTREX BILLINGS,4335,4335,4335
GRANTS,0075,OBM GRANT MANAGEMT,5,OFFICE OF BUDGET & MANAGEMENT,2855,GRANTS MANAGEMENT,312,SOFTWARE PURCHASES,5000,5000,5000
GRANTS,0075,OBM GRANT MANAGEMT,5,OFFICE OF BUDGET & MANAGEMENT,2855,GRANTS MANAGEMENT,340,MATERIAL AND SUPPLIES,4340,4340,4340
GRANTS,0929,COM ED SETTLEMENT FUND II,5,OFFICE OF BUDGET & MANAGEMENT,2809,COMED SETTLEMENT FUND,140,PROFESSIONAL AND TECHNICAL SERVICES,1000112,1000112,1000420
GRANTS,0J63,CDBG - DISASTER RECOVERY,5,OFFICE OF BUDGET & MANAGEMENT,2812,DISASTER RECOVERY,140,PROFESSIONAL AND TECHNICAL SERVICES,4300000,4300000,4300000
GRANTS,0J63,CDBG - DISASTER RECOVERY,5,OFFICE OF BUDGET & MANAGEMENT,2814,DISASTER RECOVERY,140,PROFESSIONAL AND TECHNICAL SERVICES,0,0,11000000
GRANTS,0J63,CDBG - DISASTER RECOVERY,5,OFFICE OF BUDGET & MANAGEMENT,2880,CDBG - DISASTER RECOVERY,140,PROFESSIONAL AND TECHNICAL SERVICES,2390000,2390000,2390000
GRANTS,0J64,MBE/WBE CERTIFICATION AND COMPLIANCE,5,OFFICE OF BUDGET & MANAGEMENT,2815,MBE/WBE CERTIFICATION AND COMP,140,PROFESSIONAL AND TECHNICAL SERVICES,2000000,2000000,2000000
GRANTS,0M39,OEMC GRANTS 2013,5,OFFICE OF BUDGET & MANAGEMENT,2807,URBAN AREA SECURITY INITIATIVE,5,SALARIES AND WAGES - ON PAYROLL,158684,158684,72968
GRANTS,0M39,OEMC GRANTS 2013,5,OFFICE OF BUDGET & MANAGEMENT,2807,URBAN AREA SECURITY INITIATIVE,15,SCHEDULE SALARY ADJUSTMENTS,3899,3899,0
GRANTS,0M39,OEMC GRANTS 2013,5,OFFICE OF BUDGET & MANAGEMENT,2807,URBAN AREA SECURITY INITIATIVE,44,FRINGE BENEFITS,62634,62634,26927
CDBG,0J41,CDBG,5,OFFICE OF BUDGET & MANAGEMENT,2505,ADMINISTRATION AND MONITORING,5,SALARIES AND WAGES - ON PAYROLL,464596,464596,347806
CDBG,0J41,CDBG,5,OFFICE OF BUDGET & MANAGEMENT,2505,ADMINISTRATION AND MONITORING,15,SCHEDULE SALARY ADJUSTMENTS,4809,4809,1832
CDBG,0J41,CDBG,5,OFFICE OF BUDGET & MANAGEMENT,2505,ADMINISTRATION AND MONITORING,39,STUDENT AS TRAINEES,10000,10000,10000
CDBG,0J41,CDBG,5,OFFICE OF BUDGET & MANAGEMENT,2505,ADMINISTRATION AND MONITORING,44,FRINGE BENEFITS,173105,173105,131033
CDBG,0J41,CDBG,5,OFFICE OF BUDGET & MANAGEMENT,2505,ADMINISTRATION AND MONITORING,130,POSTAGE,3700,3700,3700
CDBG,0J41,CDBG,5,OFFICE OF BUDGET & MANAGEMENT,2505,ADMINISTRATION AND MONITORING,138,IT MAINTENANCE,4072,4072,4072
CDBG,0J41,CDBG,5,OFFICE OF BUDGET & MANAGEMENT,2505,ADMINISTRATION AND MONITORING,140,PROFESSIONAL AND TECHNICAL SERVICES,596588,596588,500742
CDBG,0J41,CDBG,5,OFFICE OF BUDGET & MANAGEMENT,2505,ADMINISTRATION AND MONITORING,152,ADVERTISING,5000,5000,20000
CDBG,0J41,CDBG,5,OFFICE OF BUDGET & MANAGEMENT,2505,ADMINISTRATION AND MONITORING,157,RENTAL EQUIPMENT AND SERVICES,17000,17000,17000
CDBG,0J41,CDBG,5,OFFICE OF BUDGET & MANAGEMENT,2505,ADMINISTRATION AND MONITORING,159,LEASE PURCHASE AGREEMNT,8600,8600,8600
CDBG,0J41,CDBG,5,OFFICE OF BUDGET & MANAGEMENT,2505,ADMINISTRATION AND MONITORING,169,TECHNICAL MEETING COSTS,2408,2408,27408
CDBG,0J41,CDBG,5,OFFICE OF BUDGET & MANAGEMENT,2505,ADMINISTRATION AND MONITORING,181,MOBILE COMMUNICATION SERVICES,927,927,927
CDBG,0J41,CDBG,5,OFFICE OF BUDGET & MANAGEMENT,2505,ADMINISTRATION AND MONITORING,190,TELEPHONE - NON-CENTREX BILLINGS,1665,1665,1665
CDBG,0J41,CDBG,5,OFFICE OF BUDGET & MANAGEMENT,2505,ADMINISTRATION AND MONITORING,245,REIMBURSEMENT TO TRAVELERS,3000,3000,3000
CDBG,0J41,CDBG,5,OFFICE OF BUDGET & MANAGEMENT,2505,ADMINISTRATION AND MONITORING,270,LOCAL TRANSPORTATION,3000,3000,3000
CDBG,0J41,CDBG,5,OFFICE OF BUDGET & MANAGEMENT,2505,ADMINISTRATION AND MONITORING,348,BOOKS AND RELATED MATERIAL,1630,1630,1630
CDBG,0J41,CDBG,5,OFFICE OF BUDGET & MANAGEMENT,2505,ADMINISTRATION AND MONITORING,350,STATIONERY AND OFFICE SUPPLIES,3500,3500,3500
CDBG,0J41,CDBG,5,OFFICE OF BUDGET & MANAGEMENT,2505,ADMINISTRATION AND MONITORING,9157,REPAYMENT SECTION 108,2306631,2306631,2538267
CDBG,0J41,CDBG,5,OFFICE OF BUDGET & MANAGEMENT,2505,ADMINISTRATION AND MONITORING,9438,REIMBURSEMENT - 2FM,20000,20000,20000
LOCAL,0100,CORPORATE FUND,6,DOIT,2005,DOIT,5,SALARIES AND WAGES - ON PAYROLL,7470539,7470539,8366105
LOCAL,0100,CORPORATE FUND,6,DOIT,2005,DOIT,11,CONTRACT WAGE - SALARY,0,0,8155
LOCAL,0100,CORPORATE FUND,6,DOIT,2005,DOIT,15,SCHEDULE SALARY ADJUSTMENTS,18929,18929,27529
LOCAL,0100,CORPORATE FUND,6,DOIT,2005,DOIT,130,POSTAGE,2000,2000,2000
LOCAL,0100,CORPORATE FUND,6,DOIT,2005,DOIT,138,IT MAINTENANCE,6814518,6814518,7461060
LOCAL,0100,CORPORATE FUND,6,DOIT,2005,DOIT,140,PROFESSIONAL AND TECHNICAL SERVICES,250000,250000,389385
LOCAL,0100,CORPORATE FUND,6,DOIT,2005,DOIT,149,SOFTWARE MAINTENANCE AND LICENSING,6563518,6563518,6672658
LOCAL,0100,CORPORATE FUND,6,DOIT,2005,DOIT,162,REPAIR/MAINT EQUIPMENT,459500,459500,815791
LOCAL,0100,CORPORATE FUND,6,DOIT,2005,DOIT,166,"DUES, SUBSC & MEM",29500,29500,1328
LOCAL,0100,CORPORATE FUND,6,DOIT,2005,DOIT,169,TECHNICAL MEETING COSTS,36600,36600,31672
LOCAL,0100,CORPORATE FUND,6,DOIT,2005,DOIT,181,MOBILE COMMUNICATION SERVICES,2521612,2521612,2470802
LOCAL,0100,CORPORATE FUND,6,DOIT,2005,DOIT,186,PAGERS,8700,8700,6700
LOCAL,0100,CORPORATE FUND,6,DOIT,2005,DOIT,190,TELEPHONE - NON-CENTREX BILLINGS,454000,454000,433726
LOCAL,0100,CORPORATE FUND,6,DOIT,2005,DOIT,196,DATA CIRCUITS,900000,900000,788318
LOCAL,0100,CORPORATE FUND,6,DOIT,2005,DOIT,197,TELEPHONE - MAINTENANCE,16505,16505,14282
LOCAL,0100,CORPORATE FUND,6,DOIT,2005,DOIT,245,REIMBURSEMENT TO TRAVELERS,3500,3500,3029
LOCAL,0100,CORPORATE FUND,6,DOIT,2005,DOIT,270,LOCAL TRANSPORTATION,2500,2500,865
LOCAL,0100,CORPORATE FUND,6,DOIT,2005,DOIT,340,MATERIAL AND SUPPLIES,17300,17300,16768
LOCAL,0100,CORPORATE FUND,6,DOIT,2005,DOIT,348,BOOKS AND RELATED MATERIAL,3000,3000,2596
LOCAL,0100,CORPORATE FUND,6,DOIT,2005,DOIT,350,STATIONERY AND OFFICE SUPPLIES,7500,7500,8221
LOCAL,0200,WATER FUND,6,DOIT,2005,DOIT,138,IT MAINTENANCE,1166000,1166000,1166000
LOCAL,0200,WATER FUND,6,DOIT,2005,DOIT,139,IT DEVELOPMENT,1200000,1200000,1100000
LOCAL,0200,WATER FUND,6,DOIT,2005,DOIT,140,PROFESSIONAL AND TECHNICAL SERVICES,4001364,4001364,4088391
LOCAL,0200,WATER FUND,6,DOIT,2005,DOIT,149,SOFTWARE MAINTENANCE AND LICENSING,13300,13300,113300
LOCAL,0200,WATER FUND,6,DOIT,2005,DOIT,197,TELEPHONE - MAINTENANCE,0,0,21593
LOCAL,0346,LIBRARY FUND,6,DOIT,2005,DOIT,5,SALARIES AND WAGES - ON PAYROLL,1176034,1176034,1144174
LOCAL,0346,LIBRARY FUND,6,DOIT,2005,DOIT,11,CONTRACT WAGE - SALARY,0,0,4262
LOCAL,0346,LIBRARY FUND,6,DOIT,2005,DOIT,15,SCHEDULE SALARY ADJUSTMENTS,4661,4661,4500
GRANTS,0792,BIS GRANTS,6,DOIT,2820,FIBER CONNECTION GRANT,140,PROFESSIONAL AND TECHNICAL SERVICES,0,0,566000
GRANTS,0H05,HEALTH SERVICES PROGRAM INCOME,6,DOIT,2810,HEALTH ENTERPRISE SYSTEMS,5,SALARIES AND WAGES - ON PAYROLL,458317,458317,0
GRANTS,0H05,HEALTH SERVICES PROGRAM INCOME,6,DOIT,2810,HEALTH ENTERPRISE SYSTEMS,11,CONTRACT WAGE - SALARY,0,0,0
GRANTS,0H05,HEALTH SERVICES PROGRAM INCOME,6,DOIT,2810,HEALTH ENTERPRISE SYSTEMS,15,SCHEDULE SALARY ADJUSTMENTS,0,0,0
GRANTS,0H05,HEALTH SERVICES PROGRAM INCOME,6,DOIT,2810,HEALTH ENTERPRISE SYSTEMS,44,FRINGE BENEFITS,204850,204850,0
GRANTS,0H05,HEALTH SERVICES PROGRAM INCOME,6,DOIT,2810,HEALTH ENTERPRISE SYSTEMS,138,IT MAINTENANCE,778460,778460,0
GRANTS,0H05,HEALTH SERVICES PROGRAM INCOME,6,DOIT,2810,HEALTH ENTERPRISE SYSTEMS,149,SOFTWARE MAINTENANCE AND LICENSING,109800,109800,0
GRANTS,0H05,HEALTH SERVICES PROGRAM INCOME,6,DOIT,2810,HEALTH ENTERPRISE SYSTEMS,162,REPAIR/MAINT EQUIPMENT,6800,6800,0
GRANTS,0H05,HEALTH SERVICES PROGRAM INCOME,6,DOIT,2810,HEALTH ENTERPRISE SYSTEMS,181,MOBILE COMMUNICATION SERVICES,6300,6300,0
GRANTS,0H05,HEALTH SERVICES PROGRAM INCOME,6,DOIT,2810,HEALTH ENTERPRISE SYSTEMS,340,MATERIAL AND SUPPLIES,1100,1100,0
GRANTS,0H05,HEALTH SERVICES PROGRAM INCOME,6,DOIT,2810,HEALTH ENTERPRISE SYSTEMS,350,STATIONERY AND OFFICE SUPPLIES,2000,2000,0
GRANTS,0H35,RYAN WHITE HIV CARE ACT PART A,6,DOIT,2731,RYAN WHITE HIV CARE ACT A,5,SALARIES AND WAGES - ON PAYROLL,186372,186372,0
GRANTS,0H35,RYAN WHITE HIV CARE ACT PART A,6,DOIT,2731,RYAN WHITE HIV CARE ACT A,11,CONTRACT WAGE - SALARY,0,0,0
GRANTS,0H35,RYAN WHITE HIV CARE ACT PART A,6,DOIT,2731,RYAN WHITE HIV CARE ACT A,44,FRINGE BENEFITS,69436,69436,0
GRANTS,0H60,RYAN WHITE HIV CARE ACT PART A,6,DOIT,2731,RYAN WHITE HIV CARE ACT A,5,SALARIES AND WAGES - ON PAYROLL,0,0,186232
GRANTS,0H60,RYAN WHITE HIV CARE ACT PART A,6,DOIT,2731,RYAN WHITE HIV CARE ACT A,11,CONTRACT WAGE - SALARY,0,0,524
GRANTS,0H60,RYAN WHITE HIV CARE ACT PART A,6,DOIT,2731,RYAN WHITE HIV CARE ACT A,44,FRINGE BENEFITS,0,0,70244
GRANTS,0H70,BIOTERRORISM PREPAREDNESS RESPONSE PLAN,6,DOIT,2829,BIOTERRORISM RESPONSE PLANNING,5,SALARIES AND WAGES - ON PAYROLL,365782,365782,366055
GRANTS,0H70,BIOTERRORISM PREPAREDNESS RESPONSE PLAN,6,DOIT,2829,BIOTERRORISM RESPONSE PLANNING,11,CONTRACT WAGE - SALARY,0,0,1342
GRANTS,0H70,BIOTERRORISM PREPAREDNESS RESPONSE PLAN,6,DOIT,2829,BIOTERRORISM RESPONSE PLANNING,44,FRINGE BENEFITS,136277,136277,138976
GRANTS,0J30,MAYORS CHALLENGE,6,DOIT,2822,MAYORS CHALLENGE,5,SALARIES AND WAGES - ON PAYROLL,0,0,93628
GRANTS,0J30,MAYORS CHALLENGE,6,DOIT,2822,MAYORS CHALLENGE,44,FRINGE BENEFITS,0,0,36040
GRANTS,0J30,MAYORS CHALLENGE,6,DOIT,2822,MAYORS CHALLENGE,140,PROFESSIONAL AND TECHNICAL SERVICES,1000000,1000000,770332
GRANTS,0N37,EMERGENCY SOLUTIONS,6,DOIT,2944,EMERGENCY SOLUTIONS,5,SALARIES AND WAGES - ON PAYROLL,0,0,104212
GRANTS,0N37,EMERGENCY SOLUTIONS,6,DOIT,2944,EMERGENCY SOLUTIONS,11,CONTRACT WAGE - SALARY,0,0,524
GRANTS,0N37,EMERGENCY SOLUTIONS,6,DOIT,2944,EMERGENCY SOLUTIONS,44,FRINGE BENEFITS,0,0,38239
GRANTS,0N54,HEAD START,6,DOIT,2823,HEAD START,5,SALARIES AND WAGES - ON PAYROLL,0,0,351028
GRANTS,0N54,HEAD START,6,DOIT,2823,HEAD START,11,CONTRACT WAGE - SALARY,0,0,1488
GRANTS,0N54,HEAD START,6,DOIT,2823,HEAD START,44,FRINGE BENEFITS,0,0,134906
GRANTS,0N63,CHILD CARE SERVICES,6,DOIT,2824,CHILD CARE SERVICES,5,SALARIES AND WAGES - ON PAYROLL,0,0,266093
GRANTS,0N63,CHILD CARE SERVICES,6,DOIT,2824,CHILD CARE SERVICES,11,CONTRACT WAGE - SALARY,0,0,1403
GRANTS,0N63,CHILD CARE SERVICES,6,DOIT,2824,CHILD CARE SERVICES,44,FRINGE BENEFITS,0,0,102432
LOCAL,0100,CORPORATE FUND,15,CITY COUNCIL,2005,CITY COUNCIL,5,SALARIES AND WAGES - ON PAYROLL,6295891,6295891,6352890
LOCAL,0100,CORPORATE FUND,15,CITY COUNCIL,2005,CITY COUNCIL,17,CITY COUNCIL - SALARIED EMPLOYEES,8824000,8824000,8824000
LOCAL,0100,CORPORATE FUND,15,CITY COUNCIL,2005,CITY COUNCIL,39,STUDENT AS TRAINEES,140000,140000,140000
LOCAL,0100,CORPORATE FUND,15,CITY COUNCIL,2005,CITY COUNCIL,181,MOBILE COMMUNICATION SERVICES,1350,1350,1350
LOCAL,0100,CORPORATE FUND,15,CITY COUNCIL,2005,CITY COUNCIL,190,TELEPHONE - NON-CENTREX BILLINGS,66000,66000,66000
LOCAL,0100,CORPORATE FUND,15,CITY COUNCIL,2005,CITY COUNCIL,197,TELEPHONE - MAINTENANCE,2800,2800,2800
LOCAL,0100,CORPORATE FUND,15,CITY COUNCIL,2005,CITY COUNCIL,245,REIMBURSEMENT TO TRAVELERS,1000,1000,1000
LOCAL,0100,CORPORATE FUND,15,CITY COUNCIL,2005,CITY COUNCIL,700,CONTINGENCIES,43000,43000,43000
LOCAL,0100,CORPORATE FUND,15,CITY COUNCIL,2005,CITY COUNCIL,982,RECOGNITION FOR HEROSIM,1000,1000,1000
LOCAL,0100,CORPORATE FUND,15,CITY COUNCIL,2005,CITY COUNCIL,9008,TEXT FILE - EXTRA LONG,4850000,4850000,4850000
LOCAL,0100,CORPORATE FUND,15,CITY COUNCIL,2005,CITY COUNCIL,9010,TEXT FILE - EXTRA LONG,92072,92072,92072
LOCAL,0100,CORPORATE FUND,15,CITY COUNCIL,2005,CITY COUNCIL,9072,TEXT FILE - EXTRA LONG,4000,4000,4000
LOCAL,0100,CORPORATE FUND,15,CITY COUNCIL,2010,COMMITTEE ON FINANCE,5,SALARIES AND WAGES - ON PAYROLL,1731752,1731752,1765784
LOCAL,0100,CORPORATE FUND,15,CITY COUNCIL,2010,COMMITTEE ON FINANCE,130,POSTAGE,16000,16000,16000
LOCAL,0100,CORPORATE FUND,15,CITY COUNCIL,2010,COMMITTEE ON FINANCE,140,PROFESSIONAL AND TECHNICAL SERVICES,12500,12500,12500
LOCAL,0100,CORPORATE FUND,15,CITY COUNCIL,2010,COMMITTEE ON FINANCE,143,COURT REPORTING,20000,20000,20000
LOCAL,0100,CORPORATE FUND,15,CITY COUNCIL,2010,COMMITTEE ON FINANCE,157,RENTAL EQUIPMENT AND SERVICES,65000,65000,65000
LOCAL,0100,CORPORATE FUND,15,CITY COUNCIL,2010,COMMITTEE ON FINANCE,166,"DUES, SUBSC & MEM",2000,2000,2000
LOCAL,0100,CORPORATE FUND,15,CITY COUNCIL,2010,COMMITTEE ON FINANCE,169,TECHNICAL MEETING COSTS,2500,2500,2500
LOCAL,0100,CORPORATE FUND,15,CITY COUNCIL,2010,COMMITTEE ON FINANCE,190,TELEPHONE - NON-CENTREX BILLINGS,19000,19000,19000
LOCAL,0100,CORPORATE FUND,15,CITY COUNCIL,2010,COMMITTEE ON FINANCE,197,TELEPHONE - MAINTENANCE,1400,1400,1400
LOCAL,0100,CORPORATE FUND,15,CITY COUNCIL,2010,COMMITTEE ON FINANCE,229,TRANSPORTATION AND EXPENSE ALLOWANCE,8000,8000,8000
LOCAL,0100,CORPORATE FUND,15,CITY COUNCIL,2010,COMMITTEE ON FINANCE,340,MATERIAL AND SUPPLIES,3500,3500,3500
LOCAL,0100,CORPORATE FUND,15,CITY COUNCIL,2010,COMMITTEE ON FINANCE,348,BOOKS AND RELATED MATERIAL,3000,3000,3000
LOCAL,0100,CORPORATE FUND,15,CITY COUNCIL,2010,COMMITTEE ON FINANCE,350,STATIONERY AND OFFICE SUPPLIES,45000,45000,45000
LOCAL,0100,CORPORATE FUND,15,CITY COUNCIL,2010,COMMITTEE ON FINANCE,700,CONTINGENCIES,100,100,100
LOCAL,0100,CORPORATE FUND,15,CITY COUNCIL,2010,COMMITTEE ON FINANCE,9005,LEGAL FEES - COMMITTE ON FINANCE,50000,50000,50000
LOCAL,0100,CORPORATE FUND,15,CITY COUNCIL,2010,COMMITTEE ON FINANCE,9006,LEGAL ASSISTANCE - COMMITTEE ON FINANCE,50000,50000,50000
LOCAL,0100,CORPORATE FUND,15,CITY COUNCIL,2010,COMMITTEE ON FINANCE,9010,TEXT FILE - EXTRA LONG,92500,92500,92500
LOCAL,0100,CORPORATE FUND,15,CITY COUNCIL,2012,COFA,5,SALARIES AND WAGES - ON PAYROLL,258924,258924,258924
LOCAL,0100,CORPORATE FUND,15,CITY COUNCIL,2012,COFA,700,CONTINGENCIES,25000,25000,25000
LOCAL,0100,CORPORATE FUND,15,CITY COUNCIL,2015,LEGISLATIVE INSPECTOR GENERAL,120,CON. SVS. FOR THE LIG,0,0,171000
LOCAL,0100,CORPORATE FUND,15,CITY COUNCIL,2015,LEGISLATIVE INSPECTOR GENERAL,137,CON. SVS. UNDER DIRECTOR OF LIG,0,0,183000
LOCAL,0100,CORPORATE FUND,15,CITY COUNCIL,2015,LEGISLATIVE INSPECTOR GENERAL,140,PROFESSIONAL AND TECHNICAL SERVICES,354000,354000,0
LOCAL,0100,CORPORATE FUND,15,CITY COUNCIL,2214,COMMITTEE ON BUDGET/GOVNTL OPS,0,PERSONNEL SERVICES,468750,468750,468750
LOCAL,0100,CORPORATE FUND,15,CITY COUNCIL,2214,COMMITTEE ON BUDGET/GOVNTL OPS,100,CONTRACTUAL SERVICES,15000,15000,15000
LOCAL,0100,CORPORATE FUND,15,CITY COUNCIL,2214,COMMITTEE ON BUDGET/GOVNTL OPS,300,COMMODITIES AND MATERIALS,12000,12000,12000
LOCAL,0100,CORPORATE FUND,15,CITY COUNCIL,2214,COMMITTEE ON BUDGET/GOVNTL OPS,400,EQUIPMENT,9500,9500,9500
LOCAL,0100,CORPORATE FUND,15,CITY COUNCIL,2214,COMMITTEE ON BUDGET/GOVNTL OPS,700,CONTINGENCIES,15000,15000,15000
LOCAL,0100,CORPORATE FUND,15,CITY COUNCIL,2220,COMMITTEE ON AVIATION,0,PERSONNEL SERVICES,102843,102843,102843
LOCAL,0100,CORPORATE FUND,15,CITY COUNCIL,2220,COMMITTEE ON AVIATION,100,CONTRACTUAL SERVICES,200,200,200
LOCAL,0100,CORPORATE FUND,15,CITY COUNCIL,2220,COMMITTEE ON AVIATION,300,COMMODITIES AND MATERIALS,500,500,500
LOCAL,0100,CORPORATE FUND,15,CITY COUNCIL,2220,COMMITTEE ON AVIATION,700,CONTINGENCIES,750,750,750
LOCAL,0100,CORPORATE FUND,15,CITY COUNCIL,2225,COMMITTEE ON LICENSES,0,PERSONNEL SERVICES,102081,102081,102081
LOCAL,0100,CORPORATE FUND,15,CITY COUNCIL,2225,COMMITTEE ON LICENSES,100,CONTRACTUAL SERVICES,17500,17500,7500
LOCAL,0100,CORPORATE FUND,15,CITY COUNCIL,2225,COMMITTEE ON LICENSES,300,COMMODITIES AND MATERIALS,500,500,10500
LOCAL,0100,CORPORATE FUND,15,CITY COUNCIL,2235,COMMITTEE ON PUBLIC SAFETY,0,PERSONNEL SERVICES,119289,119289,119289
LOCAL,0100,CORPORATE FUND,15,CITY COUNCIL,2235,COMMITTEE ON PUBLIC SAFETY,100,CONTRACTUAL SERVICES,1000,1000,1000
LOCAL,0100,CORPORATE FUND,15,CITY COUNCIL,2235,COMMITTEE ON PUBLIC SAFETY,300,COMMODITIES AND MATERIALS,1000,1000,1000
LOCAL,0100,CORPORATE FUND,15,CITY COUNCIL,2235,COMMITTEE ON PUBLIC SAFETY,700,CONTINGENCIES,500,500,500
LOCAL,0100,CORPORATE FUND,15,CITY COUNCIL,2240,COMM ON HEALTH AND ENVIRONMENT,0,PERSONNEL SERVICES,87670,87670,87670
LOCAL,0100,CORPORATE FUND,15,CITY COUNCIL,2240,COMM ON HEALTH AND ENVIRONMENT,100,CONTRACTUAL SERVICES,200,200,200
LOCAL,0100,CORPORATE FUND,15,CITY COUNCIL,2240,COMM ON HEALTH AND ENVIRONMENT,300,COMMODITIES AND MATERIALS,800,800,800
LOCAL,0100,CORPORATE FUND,15,CITY COUNCIL,2240,COMM ON HEALTH AND ENVIRONMENT,700,CONTINGENCIES,500,500,500
LOCAL,0100,CORPORATE FUND,15,CITY COUNCIL,2245,"COMMITTEE ON COMMT,RULES,ETHIC",0,PERSONNEL SERVICES,100008,100008,100008
LOCAL,0100,CORPORATE FUND,15,CITY COUNCIL,2245,"COMMITTEE ON COMMT,RULES,ETHIC",100,CONTRACTUAL SERVICES,40000,40000,40000
LOCAL,0100,CORPORATE FUND,15,CITY COUNCIL,2245,"COMMITTEE ON COMMT,RULES,ETHIC",300,COMMODITIES AND MATERIALS,500,500,500
LOCAL,0100,CORPORATE FUND,15,CITY COUNCIL,2255,COMM ON ECONOMIC/CAPITAL/TECH,0,PERSONNEL SERVICES,107635,104635,107635
LOCAL,0100,CORPORATE FUND,15,CITY COUNCIL,2255,COMM ON ECONOMIC/CAPITAL/TECH,100,CONTRACTUAL SERVICES,1000,1000,1000
LOCAL,0100,CORPORATE FUND,15,CITY COUNCIL,2255,COMM ON ECONOMIC/CAPITAL/TECH,300,COMMODITIES AND MATERIALS,500,3500,500
LOCAL,0100,CORPORATE FUND,15,CITY COUNCIL,2255,COMM ON ECONOMIC/CAPITAL/TECH,700,CONTINGENCIES,1000,1000,1000
LOCAL,0100,CORPORATE FUND,15,CITY COUNCIL,2260,COMMITTEE ON EDUCATION & CHILD,0,PERSONNEL SERVICES,200609,200609,200609
LOCAL,0100,CORPORATE FUND,15,CITY COUNCIL,2260,COMMITTEE ON EDUCATION & CHILD,100,CONTRACTUAL SERVICES,3000,3000,3000
LOCAL,0100,CORPORATE FUND,15,CITY COUNCIL,2260,COMMITTEE ON EDUCATION & CHILD,700,CONTINGENCIES,2000,2000,2000
LOCAL,0100,CORPORATE FUND,15,CITY COUNCIL,2275,COMM ON ZONING/LANDMARK/BUILD,0,PERSONNEL SERVICES,305134,305134,305134
LOCAL,0100,CORPORATE FUND,15,CITY COUNCIL,2275,COMM ON ZONING/LANDMARK/BUILD,100,CONTRACTUAL SERVICES,5300,5300,5300
LOCAL,0100,CORPORATE FUND,15,CITY COUNCIL,2275,COMM ON ZONING/LANDMARK/BUILD,300,COMMODITIES AND MATERIALS,74700,74700,74700
LOCAL,0100,CORPORATE FUND,15,CITY COUNCIL,2280,COMMITTEE ON HOUSING AND RE,0,PERSONNEL SERVICES,192406,192406,192406
LOCAL,0100,CORPORATE FUND,15,CITY COUNCIL,2280,COMMITTEE ON HOUSING AND RE,100,CONTRACTUAL SERVICES,1550,1550,1550
LOCAL,0100,CORPORATE FUND,15,CITY COUNCIL,2280,COMMITTEE ON HOUSING AND RE,300,COMMODITIES AND MATERIALS,400,400,400
LOCAL,0100,CORPORATE FUND,15,CITY COUNCIL,2280,COMMITTEE ON HOUSING AND RE,700,CONTINGENCIES,2150,2150,2150
LOCAL,0100,CORPORATE FUND,15,CITY COUNCIL,2286,COMMITTEE ON HUMAN RELATIONS,0,PERSONNEL SERVICES,88098,88098,88098
LOCAL,0100,CORPORATE FUND,15,CITY COUNCIL,2286,COMMITTEE ON HUMAN RELATIONS,300,COMMODITIES AND MATERIALS,1000,1000,1000
LOCAL,0100,CORPORATE FUND,15,CITY COUNCIL,2290,COMMITTEE ON WORKFORCE DEV,0,PERSONNEL SERVICES,479312,479312,479312
LOCAL,0100,CORPORATE FUND,15,CITY COUNCIL,2290,COMMITTEE ON WORKFORCE DEV,100,CONTRACTUAL SERVICES,30000,30000,30000
LOCAL,0100,CORPORATE FUND,15,CITY COUNCIL,2290,COMMITTEE ON WORKFORCE DEV,300,COMMODITIES AND MATERIALS,5000,5000,5000
LOCAL,0100,CORPORATE FUND,15,CITY COUNCIL,2295,LEGISLATIVE REFERENCE BUREAU,0,PERSONNEL SERVICES,282081,282081,282081
LOCAL,0100,CORPORATE FUND,15,CITY COUNCIL,2295,LEGISLATIVE REFERENCE BUREAU,100,CONTRACTUAL SERVICES,67000,67000,67000
LOCAL,0100,CORPORATE FUND,15,CITY COUNCIL,2295,LEGISLATIVE REFERENCE BUREAU,300,COMMODITIES AND MATERIALS,4000,4000,4000
LOCAL,0300,VEHICLE FUND,15,CITY COUNCIL,2230,COMMITTEE ON TRANSPORTATION,0,PERSONNEL SERVICES,416667,416667,416667
LOCAL,0300,VEHICLE FUND,15,CITY COUNCIL,2230,COMMITTEE ON TRANSPORTATION,9000,PURPOSES AS SPECIFIED,16387,16387,16387
LOCAL,0300,VEHICLE FUND,15,CITY COUNCIL,2265,COMM ON PEDESTRIAN AND TRAFFIC,0,PERSONNEL SERVICES,210000,164976,210000
LOCAL,0300,VEHICLE FUND,15,CITY COUNCIL,2265,COMM ON PEDESTRIAN AND TRAFFIC,300,COMMODITIES AND MATERIALS,5000,50024,5000
LOCAL,0355,SPECIAL EVENTS / MUNICIPAL HOTEL T/F,15,CITY COUNCIL,2155,COMM ON SP EVENTS/CULT AFF/REC,0,PERSONNEL SERVICES,146000,146000,146000
LOCAL,0355,SPECIAL EVENTS / MUNICIPAL HOTEL T/F,15,CITY COUNCIL,2155,COMM ON SP EVENTS/CULT AFF/REC,300,COMMODITIES AND MATERIALS,8720,8720,8720
LOCAL,0355,SPECIAL EVENTS / MUNICIPAL HOTEL T/F,23,CULTURAL AFFAIRS SPECIAL EVENT,2015,CULTURAL AFFAIRS SPECIAL EVENT,5,SALARIES AND WAGES - ON PAYROLL,6225843,6225843,6297241
LOCAL,0355,SPECIAL EVENTS / MUNICIPAL HOTEL T/F,23,CULTURAL AFFAIRS SPECIAL EVENT,2015,CULTURAL AFFAIRS SPECIAL EVENT,11,CONTRACT WAGE - SALARY,0,0,693
LOCAL,0355,SPECIAL EVENTS / MUNICIPAL HOTEL T/F,23,CULTURAL AFFAIRS SPECIAL EVENT,2015,CULTURAL AFFAIRS SPECIAL EVENT,15,SCHEDULE SALARY ADJUSTMENTS,35468,35468,38320
LOCAL,0355,SPECIAL EVENTS / MUNICIPAL HOTEL T/F,23,CULTURAL AFFAIRS SPECIAL EVENT,2015,CULTURAL AFFAIRS SPECIAL EVENT,39,STUDENT AS TRAINEES,81182,81182,100000
LOCAL,0355,SPECIAL EVENTS / MUNICIPAL HOTEL T/F,23,CULTURAL AFFAIRS SPECIAL EVENT,2015,CULTURAL AFFAIRS SPECIAL EVENT,125,OFFICE AND BUILDING SERVICES,25000,25000,25000
LOCAL,0355,SPECIAL EVENTS / MUNICIPAL HOTEL T/F,23,CULTURAL AFFAIRS SPECIAL EVENT,2015,CULTURAL AFFAIRS SPECIAL EVENT,130,POSTAGE,45000,45000,45000
LOCAL,0355,SPECIAL EVENTS / MUNICIPAL HOTEL T/F,23,CULTURAL AFFAIRS SPECIAL EVENT,2015,CULTURAL AFFAIRS SPECIAL EVENT,135,DELEGATE AGENCIES,575000,575000,742000
LOCAL,0355,SPECIAL EVENTS / MUNICIPAL HOTEL T/F,23,CULTURAL AFFAIRS SPECIAL EVENT,2015,CULTURAL AFFAIRS SPECIAL EVENT,138,IT MAINTENANCE,66000,66000,66000
LOCAL,0355,SPECIAL EVENTS / MUNICIPAL HOTEL T/F,23,CULTURAL AFFAIRS SPECIAL EVENT,2015,CULTURAL AFFAIRS SPECIAL EVENT,140,PROFESSIONAL AND TECHNICAL SERVICES,1366000,1366000,1250000
LOCAL,0355,SPECIAL EVENTS / MUNICIPAL HOTEL T/F,23,CULTURAL AFFAIRS SPECIAL EVENT,2015,CULTURAL AFFAIRS SPECIAL EVENT,150,PUBLICATN & REPRODT-OUT,171000,171000,171000
LOCAL,0355,SPECIAL EVENTS / MUNICIPAL HOTEL T/F,23,CULTURAL AFFAIRS SPECIAL EVENT,2015,CULTURAL AFFAIRS SPECIAL EVENT,152,ADVERTISING,84500,84500,84500
LOCAL,0355,SPECIAL EVENTS / MUNICIPAL HOTEL T/F,23,CULTURAL AFFAIRS SPECIAL EVENT,2015,CULTURAL AFFAIRS SPECIAL EVENT,153,PROMOTIONS,12000,12000,12000
LOCAL,0355,SPECIAL EVENTS / MUNICIPAL HOTEL T/F,23,CULTURAL AFFAIRS SPECIAL EVENT,2015,CULTURAL AFFAIRS SPECIAL EVENT,159,LEASE PURCHASE AGREEMNT,65500,65500,65500
LOCAL,0355,SPECIAL EVENTS / MUNICIPAL HOTEL T/F,23,CULTURAL AFFAIRS SPECIAL EVENT,2015,CULTURAL AFFAIRS SPECIAL EVENT,166,"DUES, SUBSC & MEM",61500,61500,61500
LOCAL,0355,SPECIAL EVENTS / MUNICIPAL HOTEL T/F,23,CULTURAL AFFAIRS SPECIAL EVENT,2015,CULTURAL AFFAIRS SPECIAL EVENT,172,INSURANCE PREMIUMS,393000,393000,393000
LOCAL,0355,SPECIAL EVENTS / MUNICIPAL HOTEL T/F,23,CULTURAL AFFAIRS SPECIAL EVENT,2015,CULTURAL AFFAIRS SPECIAL EVENT,181,MOBILE COMMUNICATION SERVICES,14400,14400,14400
LOCAL,0355,SPECIAL EVENTS / MUNICIPAL HOTEL T/F,23,CULTURAL AFFAIRS SPECIAL EVENT,2015,CULTURAL AFFAIRS SPECIAL EVENT,189,TELEPHONE - NON-CENTREX BILLINGS,29700,29700,28200
LOCAL,0355,SPECIAL EVENTS / MUNICIPAL HOTEL T/F,23,CULTURAL AFFAIRS SPECIAL EVENT,2015,CULTURAL AFFAIRS SPECIAL EVENT,190,TELEPHONE - NON-CENTREX BILLINGS,111000,111000,66500
LOCAL,0355,SPECIAL EVENTS / MUNICIPAL HOTEL T/F,23,CULTURAL AFFAIRS SPECIAL EVENT,2015,CULTURAL AFFAIRS SPECIAL EVENT,191,TELEPHONE - RELOCATIONS,25000,25000,25000
LOCAL,0355,SPECIAL EVENTS / MUNICIPAL HOTEL T/F,23,CULTURAL AFFAIRS SPECIAL EVENT,2015,CULTURAL AFFAIRS SPECIAL EVENT,197,TELEPHONE - MAINTENANCE,18280,18280,17000
LOCAL,0355,SPECIAL EVENTS / MUNICIPAL HOTEL T/F,23,CULTURAL AFFAIRS SPECIAL EVENT,2015,CULTURAL AFFAIRS SPECIAL EVENT,229,TRANSPORTATION AND EXPENSE ALLOWANCE,6500,6500,4500
LOCAL,0355,SPECIAL EVENTS / MUNICIPAL HOTEL T/F,23,CULTURAL AFFAIRS SPECIAL EVENT,2015,CULTURAL AFFAIRS SPECIAL EVENT,245,REIMBURSEMENT TO TRAVELERS,6000,6000,6000
LOCAL,0355,SPECIAL EVENTS / MUNICIPAL HOTEL T/F,23,CULTURAL AFFAIRS SPECIAL EVENT,2015,CULTURAL AFFAIRS SPECIAL EVENT,340,MATERIAL AND SUPPLIES,50000,50000,50000
LOCAL,0355,SPECIAL EVENTS / MUNICIPAL HOTEL T/F,23,CULTURAL AFFAIRS SPECIAL EVENT,2015,CULTURAL AFFAIRS SPECIAL EVENT,350,STATIONERY AND OFFICE SUPPLIES,45000,45000,45000
LOCAL,0355,SPECIAL EVENTS / MUNICIPAL HOTEL T/F,23,CULTURAL AFFAIRS SPECIAL EVENT,2015,CULTURAL AFFAIRS SPECIAL EVENT,9188,MILLENNIUM PARK OPERATIONS,6195000,6195000,6195000
LOCAL,0355,SPECIAL EVENTS / MUNICIPAL HOTEL T/F,23,CULTURAL AFFAIRS SPECIAL EVENT,2015,CULTURAL AFFAIRS SPECIAL EVENT,9219,IMPLEMENTATION OF CULTURAL PLAN,0,0,1250000
LOCAL,0355,SPECIAL EVENTS / MUNICIPAL HOTEL T/F,23,CULTURAL AFFAIRS SPECIAL EVENT,2015,CULTURAL AFFAIRS SPECIAL EVENT,9288,MILLENNIUM PARK PROGRAMMING,190000,190000,190000
LOCAL,0355,SPECIAL EVENTS / MUNICIPAL HOTEL T/F,23,CULTURAL AFFAIRS SPECIAL EVENT,2015,CULTURAL AFFAIRS SPECIAL EVENT,9427,REIMBURSEMENT - FINANCE,80000,80000,0
LOCAL,0355,SPECIAL EVENTS / MUNICIPAL HOTEL T/F,23,CULTURAL AFFAIRS SPECIAL EVENT,2015,CULTURAL AFFAIRS SPECIAL EVENT,9438,REIMBURSEMENT - 2FM,374000,374000,0
LOCAL,0355,SPECIAL EVENTS / MUNICIPAL HOTEL T/F,23,CULTURAL AFFAIRS SPECIAL EVENT,2015,CULTURAL AFFAIRS SPECIAL EVENT,9441,REIMBURSEMENT - CDPH,15000,15000,0
LOCAL,0355,SPECIAL EVENTS / MUNICIPAL HOTEL T/F,23,CULTURAL AFFAIRS SPECIAL EVENT,2015,CULTURAL AFFAIRS SPECIAL EVENT,9457,REIMBURSEMENT - CPD,1254760,1254760,0
LOCAL,0355,SPECIAL EVENTS / MUNICIPAL HOTEL T/F,23,CULTURAL AFFAIRS SPECIAL EVENT,2015,CULTURAL AFFAIRS SPECIAL EVENT,9458,REIMBURSEMENT - OEMC,450000,450000,0
LOCAL,0355,SPECIAL EVENTS / MUNICIPAL HOTEL T/F,23,CULTURAL AFFAIRS SPECIAL EVENT,2015,CULTURAL AFFAIRS SPECIAL EVENT,9459,REIMBURSEMENT - FIRE,165000,165000,0
LOCAL,0355,SPECIAL EVENTS / MUNICIPAL HOTEL T/F,23,CULTURAL AFFAIRS SPECIAL EVENT,2015,CULTURAL AFFAIRS SPECIAL EVENT,9481,REIMBURSEMENT - DSS,128000,128000,0
LOCAL,0355,SPECIAL EVENTS / MUNICIPAL HOTEL T/F,23,CULTURAL AFFAIRS SPECIAL EVENT,2015,CULTURAL AFFAIRS SPECIAL EVENT,9484,REIMBURSEMENT - CDOT,5000,5000,0
LOCAL,0355,SPECIAL EVENTS / MUNICIPAL HOTEL T/F,23,CULTURAL AFFAIRS SPECIAL EVENT,2015,CULTURAL AFFAIRS SPECIAL EVENT,9803,FOR PROGRAMMING/MARKETG,2456500,2456500,2513690
LOCAL,0355,SPECIAL EVENTS / MUNICIPAL HOTEL T/F,23,CULTURAL AFFAIRS SPECIAL EVENT,2015,CULTURAL AFFAIRS SPECIAL EVENT,9805,FOR FESTIVAL PRODUCTION,7320000,7320000,7353900
LOCAL,0355,SPECIAL EVENTS / MUNICIPAL HOTEL T/F,23,CULTURAL AFFAIRS SPECIAL EVENT,2015,CULTURAL AFFAIRS SPECIAL EVENT,9807,FOR REDEMPTION EXPENSES,2019000,2019000,2019000
LOCAL,0355,SPECIAL EVENTS / MUNICIPAL HOTEL T/F,23,CULTURAL AFFAIRS SPECIAL EVENT,2015,CULTURAL AFFAIRS SPECIAL EVENT,9811,SPORT DEVLP ACTIVITIES,41000,41000,41000
LOCAL,0355,SPECIAL EVENTS / MUNICIPAL HOTEL T/F,23,CULTURAL AFFAIRS SPECIAL EVENT,2015,CULTURAL AFFAIRS SPECIAL EVENT,9813,LOCAL PROMOTION/MARKETG,1363000,1363000,998555
GRANTS,0J23,COMMUNITY ARTS ACCESS,23,CULTURAL AFFAIRS SPECIAL EVENT,2839,IAC - COMMUNITY ARTS ACCESS,999,CULTURAL PROGRAMMING GRANTS,146000,146000,146000
GRANTS,0J24,PARTNERS IN EXCELLENCE,23,CULTURAL AFFAIRS SPECIAL EVENT,2838,IAC - PARTNERS IN EXCELLENCE,123,SERVICES BY PERFORMERS / EXHIBITORS,45000,45000,45000
GRANTS,0J25,ART WORKS,23,CULTURAL AFFAIRS SPECIAL EVENT,2865,ART WORKS,140,PROFESSIONAL AND TECHNICAL SERVICES,50000,50000,0
GRANTS,0J26,TOURISM MARKETING PARTNERSHIP,23,CULTURAL AFFAIRS SPECIAL EVENT,2866,TOURISM MARKETING PARTNERSHIP,140,PROFESSIONAL AND TECHNICAL SERVICES,58000,58000,20000
GRANTS,0J28,BURNHAM AWARD FOR EXCELLENCE IN PLANNING,23,CULTURAL AFFAIRS SPECIAL EVENT,2867,BURNHAM AWARD,140,PROFESSIONAL AND TECHNICAL SERVICES,5000,5000,0
GRANTS,0J55,COMMUNITY ARTS ACCESS,23,CULTURAL AFFAIRS SPECIAL EVENT,2839,IAC - COMMUNITY ARTS ACCESS,135,DELEGATE AGENCIES,0,0,147000
GRANTS,0J56,PARTNERS IN EXCELLENCE,23,CULTURAL AFFAIRS SPECIAL EVENT,2838,IAC - PARTNERS IN EXCELLENCE,140,PROFESSIONAL AND TECHNICAL SERVICES,0,0,46000
GRANTS,0J57,ART WORKS,23,CULTURAL AFFAIRS SPECIAL EVENT,2865,ART WORKS,140,PROFESSIONAL AND TECHNICAL SERVICES,0,0,50000
GRANTS,0J58,TOURISM MARKETING PARTNERSHIP,23,CULTURAL AFFAIRS SPECIAL EVENT,2866,TOURISM MARKETING PARTNERSHIP,140,PROFESSIONAL AND TECHNICAL SERVICES,0,0,58000
GRANTS,0J67,FARMERS MARKETS,23,CULTURAL AFFAIRS SPECIAL EVENT,2829,FARMERS MARKETS,140,PROFESSIONAL AND TECHNICAL SERVICES,89000,89000,89000
GRANTS,0P72,DCASE - PRIVATE GRANTS,23,CULTURAL AFFAIRS SPECIAL EVENT,2834,CITY'S CULTURAL PLAN,140,PROFESSIONAL AND TECHNICAL SERVICES,0,0,0
GRANTS,0P72,DCASE - PRIVATE GRANTS,23,CULTURAL AFFAIRS SPECIAL EVENT,2846,WORLD CLASS JAZZ,140,PROFESSIONAL AND TECHNICAL SERVICES,45000,45000,0
GRANTS,0P72,DCASE - PRIVATE GRANTS,23,CULTURAL AFFAIRS SPECIAL EVENT,2848,SUMMERDANCE / WORLD MUSIC,140,PROFESSIONAL AND TECHNICAL SERVICES,230000,230000,205000
GRANTS,0P72,DCASE - PRIVATE GRANTS,23,CULTURAL AFFAIRS SPECIAL EVENT,2849,MILLENIUM PARK WORKOUTS,140,PROFESSIONAL AND TECHNICAL SERVICES,100000,100000,100000
GRANTS,0P72,DCASE - PRIVATE GRANTS,23,CULTURAL AFFAIRS SPECIAL EVENT,2851,CULTURAL FUND,140,PROFESSIONAL AND TECHNICAL SERVICES,0,0,50000
GRANTS,0P72,DCASE - PRIVATE GRANTS,23,CULTURAL AFFAIRS SPECIAL EVENT,2852,WORLD MUSIC FESTIVAL,140,PROFESSIONAL AND TECHNICAL SERVICES,20000,20000,25000
GRANTS,0P72,DCASE - PRIVATE GRANTS,23,CULTURAL AFFAIRS SPECIAL EVENT,2855,CULTURAL CENTER EXHIBITION,140,PROFESSIONAL AND TECHNICAL SERVICES,75000,75000,70000
GRANTS,0P72,DCASE - PRIVATE GRANTS,23,CULTURAL AFFAIRS SPECIAL EVENT,2858,ARTISTS RESIDENCY PROJECT,140,PROFESSIONAL AND TECHNICAL SERVICES,50000,50000,70000
GRANTS,0P72,DCASE - PRIVATE GRANTS,23,CULTURAL AFFAIRS SPECIAL EVENT,2861,BERNSTEIN MEMORIAL GARDEN,140,PROFESSIONAL AND TECHNICAL SERVICES,10000,10000,10000
GRANTS,0P72,DCASE - PRIVATE GRANTS,23,CULTURAL AFFAIRS SPECIAL EVENT,2862,CULTURAL CENTER RENOVATION,140,PROFESSIONAL AND TECHNICAL SERVICES,200000,200000,200000
GRANTS,0P72,DCASE - PRIVATE GRANTS,23,CULTURAL AFFAIRS SPECIAL EVENT,2863,PUBLIC ART ENDOWMENT,140,PROFESSIONAL AND TECHNICAL SERVICES,610000,610000,610000
GRANTS,0P72,DCASE - PRIVATE GRANTS,23,CULTURAL AFFAIRS SPECIAL EVENT,2864,CULTURAL CENTER FOUNDATION,140,PROFESSIONAL AND TECHNICAL SERVICES,136000,136000,136000
GRANTS,0P72,DCASE - PRIVATE GRANTS,23,CULTURAL AFFAIRS SPECIAL EVENT,2868,CHICAGO JAZZ FESTIVAL,140,PROFESSIONAL AND TECHNICAL SERVICES,36000,36000,0
GRANTS,0P72,DCASE - PRIVATE GRANTS,23,CULTURAL AFFAIRS SPECIAL EVENT,2869,MILLENNIUM PARK PRESENTS,140,PROFESSIONAL AND TECHNICAL SERVICES,0,0,100000
GRANTS,0P73,DCASE - STATE GRANTS,23,CULTURAL AFFAIRS SPECIAL EVENT,2859,CHICAGO CULTURAL PLAN,140,PROFESSIONAL AND TECHNICAL SERVICES,258000,258000,264000
GRANTS,0P73,DCASE - STATE GRANTS,23,CULTURAL AFFAIRS SPECIAL EVENT,2860,CULTURAL CENTER: RANDOLPH ST.,140,PROFESSIONAL AND TECHNICAL SERVICES,0,0,0
LOCAL,0100,CORPORATE FUND,25,CITY CLERK,2005,CITY CLERK,5,SALARIES AND WAGES - ON PAYROLL,2335048,2335048,2428468
LOCAL,0100,CORPORATE FUND,25,CITY CLERK,2005,CITY CLERK,11,CONTRACT WAGE - SALARY,0,0,5761
LOCAL,0100,CORPORATE FUND,25,CITY CLERK,2005,CITY CLERK,15,SCHEDULE SALARY ADJUSTMENTS,19419,19419,6895
LOCAL,0100,CORPORATE FUND,25,CITY CLERK,2005,CITY CLERK,20,OVERTIME,60000,60000,60000
LOCAL,0100,CORPORATE FUND,25,CITY CLERK,2005,CITY CLERK,130,POSTAGE,5000,5000,43740
LOCAL,0100,CORPORATE FUND,25,CITY CLERK,2005,CITY CLERK,140,PROFESSIONAL AND TECHNICAL SERVICES,209538,209538,251883
LOCAL,0100,CORPORATE FUND,25,CITY CLERK,2005,CITY CLERK,150,PUBLICATN & REPRODT-OUT,12738,12738,16238
LOCAL,0100,CORPORATE FUND,25,CITY CLERK,2005,CITY CLERK,152,ADVERTISING,30000,30000,30600
LOCAL,0100,CORPORATE FUND,25,CITY CLERK,2005,CITY CLERK,159,LEASE PURCHASE AGREEMNT,228096,228096,170028
LOCAL,0100,CORPORATE FUND,25,CITY CLERK,2005,CITY CLERK,162,REPAIR/MAINT EQUIPMENT,10623,10623,21455
LOCAL,0100,CORPORATE FUND,25,CITY CLERK,2005,CITY CLERK,190,TELEPHONE - NON-CENTREX BILLINGS,33000,33000,33400
LOCAL,0100,CORPORATE FUND,25,CITY CLERK,2005,CITY CLERK,197,TELEPHONE - MAINTENANCE,4870,4870,18300
LOCAL,0100,CORPORATE FUND,25,CITY CLERK,2005,CITY CLERK,340,MATERIAL AND SUPPLIES,0,0,15690
LOCAL,0100,CORPORATE FUND,25,CITY CLERK,2005,CITY CLERK,350,STATIONERY AND OFFICE SUPPLIES,48836,48836,40587
LOCAL,0300,VEHICLE FUND,25,CITY CLERK,2005,CITY CLERK,5,SALARIES AND WAGES - ON PAYROLL,3715013,3715013,3921341
LOCAL,0300,VEHICLE FUND,25,CITY CLERK,2005,CITY CLERK,11,CONTRACT WAGE - SALARY,0,0,12122
LOCAL,0300,VEHICLE FUND,25,CITY CLERK,2005,CITY CLERK,15,SCHEDULE SALARY ADJUSTMENTS,31646,31646,23170
LOCAL,0300,VEHICLE FUND,25,CITY CLERK,2005,CITY CLERK,20,OVERTIME,75000,75000,75000
LOCAL,0300,VEHICLE FUND,25,CITY CLERK,2005,CITY CLERK,39,STUDENT AS TRAINEES,170000,170000,100000
LOCAL,0300,VEHICLE FUND,25,CITY CLERK,2005,CITY CLERK,130,POSTAGE,894350,894350,823800
LOCAL,0300,VEHICLE FUND,25,CITY CLERK,2005,CITY CLERK,139,IT DEVELOPMENT,726521,726521,526521
LOCAL,0300,VEHICLE FUND,25,CITY CLERK,2005,CITY CLERK,140,PROFESSIONAL AND TECHNICAL SERVICES,653675,653675,789262
LOCAL,0300,VEHICLE FUND,25,CITY CLERK,2005,CITY CLERK,154,RENTAL-DATA HARDWARE EQ,30236,30236,16116
LOCAL,0300,VEHICLE FUND,25,CITY CLERK,2005,CITY CLERK,157,RENTAL EQUIPMENT AND SERVICES,30940,30940,23980
LOCAL,0300,VEHICLE FUND,25,CITY CLERK,2005,CITY CLERK,162,REPAIR/MAINT EQUIPMENT,72038,72038,28655
LOCAL,0300,VEHICLE FUND,25,CITY CLERK,2005,CITY CLERK,181,MOBILE COMMUNICATION SERVICES,22356,22356,21500
LOCAL,0300,VEHICLE FUND,25,CITY CLERK,2005,CITY CLERK,190,TELEPHONE - NON-CENTREX BILLINGS,0,0,0
LOCAL,0300,VEHICLE FUND,25,CITY CLERK,2005,CITY CLERK,197,TELEPHONE - MAINTENANCE,0,0,0
LOCAL,0300,VEHICLE FUND,25,CITY CLERK,2005,CITY CLERK,229,TRANSPORTATION AND EXPENSE ALLOWANCE,33250,33250,23940
LOCAL,0300,VEHICLE FUND,25,CITY CLERK,2005,CITY CLERK,338,"LICENSE STICKER,TAG AND PLATES",313750,313750,238350
LOCAL,0300,VEHICLE FUND,25,CITY CLERK,2005,CITY CLERK,340,MATERIAL AND SUPPLIES,0,0,5400
LOCAL,0300,VEHICLE FUND,25,CITY CLERK,2005,CITY CLERK,350,STATIONERY AND OFFICE SUPPLIES,198400,198400,176500
LOCAL,0300,VEHICLE FUND,25,CITY CLERK,2005,CITY CLERK,9438,REIMBURSEMENT - 2FM,36500,36500,36500
LOCAL,0100,CORPORATE FUND,27,FINANCE,2011,CITY COMPTROLLER,5,SALARIES AND WAGES - ON PAYROLL,2917299,2917299,2859723
LOCAL,0100,CORPORATE FUND,27,FINANCE,2011,CITY COMPTROLLER,11,CONTRACT WAGE - SALARY,0,0,6419
LOCAL,0100,CORPORATE FUND,27,FINANCE,2011,CITY COMPTROLLER,15,SCHEDULE SALARY ADJUSTMENTS,8629,8629,10022
LOCAL,0100,CORPORATE FUND,27,FINANCE,2011,CITY COMPTROLLER,20,OVERTIME,4700,4700,4700
LOCAL,0100,CORPORATE FUND,27,FINANCE,2011,CITY COMPTROLLER,130,POSTAGE,7748,7748,0
LOCAL,0100,CORPORATE FUND,27,FINANCE,2011,CITY COMPTROLLER,140,PROFESSIONAL AND TECHNICAL SERVICES,66668,66668,38668
LOCAL,0100,CORPORATE FUND,27,FINANCE,2011,CITY COMPTROLLER,149,SOFTWARE MAINTENANCE AND LICENSING,18800,18800,0
LOCAL,0100,CORPORATE FUND,27,FINANCE,2011,CITY COMPTROLLER,150,PUBLICATN & REPRODT-OUT,1250,1250,0
LOCAL,0100,CORPORATE FUND,27,FINANCE,2011,CITY COMPTROLLER,157,RENTAL EQUIPMENT AND SERVICES,33412,33412,0
LOCAL,0100,CORPORATE FUND,27,FINANCE,2011,CITY COMPTROLLER,162,REPAIR/MAINT EQUIPMENT,4051,4051,0
LOCAL,0100,CORPORATE FUND,27,FINANCE,2011,CITY COMPTROLLER,166,"DUES, SUBSC & MEM",7400,7400,4615
LOCAL,0100,CORPORATE FUND,27,FINANCE,2011,CITY COMPTROLLER,169,TECHNICAL MEETING COSTS,1270,1270,985
LOCAL,0100,CORPORATE FUND,27,FINANCE,2011,CITY COMPTROLLER,181,MOBILE COMMUNICATION SERVICES,5000,5000,7885
LOCAL,0100,CORPORATE FUND,27,FINANCE,2011,CITY COMPTROLLER,190,TELEPHONE - NON-CENTREX BILLINGS,119000,119000,0
LOCAL,0100,CORPORATE FUND,27,FINANCE,2011,CITY COMPTROLLER,196,DATA CIRCUITS,9300,9300,0
LOCAL,0100,CORPORATE FUND,27,FINANCE,2011,CITY COMPTROLLER,197,TELEPHONE - MAINTENANCE,39000,39000,0
LOCAL,0100,CORPORATE FUND,27,FINANCE,2011,CITY COMPTROLLER,245,REIMBURSEMENT TO TRAVELERS,1200,1200,1200
LOCAL,0100,CORPORATE FUND,27,FINANCE,2011,CITY COMPTROLLER,270,LOCAL TRANSPORTATION,600,600,2651
LOCAL,0100,CORPORATE FUND,27,FINANCE,2011,CITY COMPTROLLER,348,BOOKS AND RELATED MATERIAL,4300,4300,200
LOCAL,0100,CORPORATE FUND,27,FINANCE,2011,CITY COMPTROLLER,350,STATIONERY AND OFFICE SUPPLIES,22700,22700,19800
LOCAL,0100,CORPORATE FUND,27,FINANCE,2012,ACCOUNTING FINANCIAL REPORTING,5,SALARIES AND WAGES - ON PAYROLL,3246626,3246626,3431894
LOCAL,0100,CORPORATE FUND,27,FINANCE,2012,ACCOUNTING FINANCIAL REPORTING,11,CONTRACT WAGE - SALARY,0,0,10966
LOCAL,0100,CORPORATE FUND,27,FINANCE,2012,ACCOUNTING FINANCIAL REPORTING,15,SCHEDULE SALARY ADJUSTMENTS,21183,21183,11944
LOCAL,0100,CORPORATE FUND,27,FINANCE,2012,ACCOUNTING FINANCIAL REPORTING,20,OVERTIME,10000,10000,10000
LOCAL,0100,CORPORATE FUND,27,FINANCE,2012,ACCOUNTING FINANCIAL REPORTING,130,POSTAGE,16700,16700,0
LOCAL,0100,CORPORATE FUND,27,FINANCE,2012,ACCOUNTING FINANCIAL REPORTING,140,PROFESSIONAL AND TECHNICAL SERVICES,80100,80100,124600
LOCAL,0100,CORPORATE FUND,27,FINANCE,2012,ACCOUNTING FINANCIAL REPORTING,142,ACCOUNTING AND AUDITING,603863,603863,603863
LOCAL,0100,CORPORATE FUND,27,FINANCE,2012,ACCOUNTING FINANCIAL REPORTING,150,PUBLICATN & REPRODT-OUT,14561,14561,14561
LOCAL,0100,CORPORATE FUND,27,FINANCE,2012,ACCOUNTING FINANCIAL REPORTING,157,RENTAL EQUIPMENT AND SERVICES,13396,13396,0
LOCAL,0100,CORPORATE FUND,27,FINANCE,2012,ACCOUNTING FINANCIAL REPORTING,162,REPAIR/MAINT EQUIPMENT,1050,1050,0
LOCAL,0100,CORPORATE FUND,27,FINANCE,2012,ACCOUNTING FINANCIAL REPORTING,166,"DUES, SUBSC & MEM",1800,1800,1800
LOCAL,0100,CORPORATE FUND,27,FINANCE,2012,ACCOUNTING FINANCIAL REPORTING,169,TECHNICAL MEETING COSTS,52924,52924,7924
LOCAL,0100,CORPORATE FUND,27,FINANCE,2012,ACCOUNTING FINANCIAL REPORTING,190,TELEPHONE - NON-CENTREX BILLINGS,16000,16000,0
LOCAL,0100,CORPORATE FUND,27,FINANCE,2012,ACCOUNTING FINANCIAL REPORTING,197,TELEPHONE - MAINTENANCE,1500,1500,0
LOCAL,0100,CORPORATE FUND,27,FINANCE,2012,ACCOUNTING FINANCIAL REPORTING,245,REIMBURSEMENT TO TRAVELERS,3000,3000,3000
LOCAL,0100,CORPORATE FUND,27,FINANCE,2012,ACCOUNTING FINANCIAL REPORTING,270,LOCAL TRANSPORTATION,825,825,0
LOCAL,0100,CORPORATE FUND,27,FINANCE,2012,ACCOUNTING FINANCIAL REPORTING,348,BOOKS AND RELATED MATERIAL,600,600,600
LOCAL,0100,CORPORATE FUND,27,FINANCE,2012,ACCOUNTING FINANCIAL REPORTING,350,STATIONERY AND OFFICE SUPPLIES,20000,20000,16000
LOCAL,0100,CORPORATE FUND,27,FINANCE,2015,FINANCIAL STRATEGY AND OPS,5,SALARIES AND WAGES - ON PAYROLL,5448344,5448344,5509616
LOCAL,0100,CORPORATE FUND,27,FINANCE,2015,FINANCIAL STRATEGY AND OPS,11,CONTRACT WAGE - SALARY,0,0,10499
LOCAL,0100,CORPORATE FUND,27,FINANCE,2015,FINANCIAL STRATEGY AND OPS,15,SCHEDULE SALARY ADJUSTMENTS,22344,22344,22802
LOCAL,0100,CORPORATE FUND,27,FINANCE,2015,FINANCIAL STRATEGY AND OPS,39,STUDENT AS TRAINEES,40000,40000,40000
LOCAL,0100,CORPORATE FUND,27,FINANCE,2015,FINANCIAL STRATEGY AND OPS,130,POSTAGE,132860,132860,108771
LOCAL,0100,CORPORATE FUND,27,FINANCE,2015,FINANCIAL STRATEGY AND OPS,138,IT MAINTENANCE,155000,155000,100000
LOCAL,0100,CORPORATE FUND,27,FINANCE,2015,FINANCIAL STRATEGY AND OPS,140,PROFESSIONAL AND TECHNICAL SERVICES,0,0,19000
LOCAL,0100,CORPORATE FUND,27,FINANCE,2015,FINANCIAL STRATEGY AND OPS,149,SOFTWARE MAINTENANCE AND LICENSING,344800,344800,504300
LOCAL,0100,CORPORATE FUND,27,FINANCE,2015,FINANCIAL STRATEGY AND OPS,150,PUBLICATN & REPRODT-OUT,261181,261181,256750
LOCAL,0100,CORPORATE FUND,27,FINANCE,2015,FINANCIAL STRATEGY AND OPS,152,ADVERTISING,7800,7800,7800
LOCAL,0100,CORPORATE FUND,27,FINANCE,2015,FINANCIAL STRATEGY AND OPS,157,RENTAL EQUIPMENT AND SERVICES,25000,25000,0
LOCAL,0100,CORPORATE FUND,27,FINANCE,2015,FINANCIAL STRATEGY AND OPS,162,REPAIR/MAINT EQUIPMENT,55500,55500,36400
LOCAL,0100,CORPORATE FUND,27,FINANCE,2015,FINANCIAL STRATEGY AND OPS,166,"DUES, SUBSC & MEM",5442,5442,6416
LOCAL,0100,CORPORATE FUND,27,FINANCE,2015,FINANCIAL STRATEGY AND OPS,169,TECHNICAL MEETING COSTS,9885,9885,7500
LOCAL,0100,CORPORATE FUND,27,FINANCE,2015,FINANCIAL STRATEGY AND OPS,178,FREIGHT AND EXPRESS CHARGES,300,300,4300
LOCAL,0100,CORPORATE FUND,27,FINANCE,2015,FINANCIAL STRATEGY AND OPS,245,REIMBURSEMENT TO TRAVELERS,3338,3338,3000
LOCAL,0100,CORPORATE FUND,27,FINANCE,2015,FINANCIAL STRATEGY AND OPS,270,LOCAL TRANSPORTATION,8750,8750,0
LOCAL,0100,CORPORATE FUND,27,FINANCE,2015,FINANCIAL STRATEGY AND OPS,340,MATERIAL AND SUPPLIES,53900,53900,53800
LOCAL,0100,CORPORATE FUND,27,FINANCE,2015,FINANCIAL STRATEGY AND OPS,348,BOOKS AND RELATED MATERIAL,2100,2100,2100
LOCAL,0100,CORPORATE FUND,27,FINANCE,2015,FINANCIAL STRATEGY AND OPS,350,STATIONERY AND OFFICE SUPPLIES,26900,26900,33000
LOCAL,0100,CORPORATE FUND,27,FINANCE,2015,FINANCIAL STRATEGY AND OPS,440,MACHINERY AND EQUIPMENT,0,0,90000
LOCAL,0100,CORPORATE FUND,27,FINANCE,2020,REVENUE SERVICES AND OPERATION,5,SALARIES AND WAGES - ON PAYROLL,21585659,21585659,22447059
LOCAL,0100,CORPORATE FUND,27,FINANCE,2020,REVENUE SERVICES AND OPERATION,11,CONTRACT WAGE - SALARY,0,0,42098
LOCAL,0100,CORPORATE FUND,27,FINANCE,2020,REVENUE SERVICES AND OPERATION,12,CONTRACT WAGE - PREVAILING RATE,81682,81682,28524
LOCAL,0100,CORPORATE FUND,27,FINANCE,2020,REVENUE SERVICES AND OPERATION,15,SCHEDULE SALARY ADJUSTMENTS,100006,100006,83122
LOCAL,0100,CORPORATE FUND,27,FINANCE,2020,REVENUE SERVICES AND OPERATION,20,OVERTIME,53468,53468,33468
LOCAL,0100,CORPORATE FUND,27,FINANCE,2020,REVENUE SERVICES AND OPERATION,39,STUDENT AS TRAINEES,15000,15000,15000
LOCAL,0100,CORPORATE FUND,27,FINANCE,2020,REVENUE SERVICES AND OPERATION,91,UNIFORM ALLOWANCE,110750,110750,107500
LOCAL,0100,CORPORATE FUND,27,FINANCE,2020,REVENUE SERVICES AND OPERATION,125,OFFICE AND BUILDING SERVICES,5000,5000,0
LOCAL,0100,CORPORATE FUND,27,FINANCE,2020,REVENUE SERVICES AND OPERATION,130,POSTAGE,115627,115627,135427
LOCAL,0100,CORPORATE FUND,27,FINANCE,2020,REVENUE SERVICES AND OPERATION,138,IT MAINTENANCE,22439500,22439500,24777500
LOCAL,0100,CORPORATE FUND,27,FINANCE,2020,REVENUE SERVICES AND OPERATION,140,PROFESSIONAL AND TECHNICAL SERVICES,4075310,4075310,5170058
LOCAL,0100,CORPORATE FUND,27,FINANCE,2020,REVENUE SERVICES AND OPERATION,149,SOFTWARE MAINTENANCE AND LICENSING,117363,117363,54660
LOCAL,0100,CORPORATE FUND,27,FINANCE,2020,REVENUE SERVICES AND OPERATION,150,PUBLICATN & REPRODT-OUT,5000,5000,5000
LOCAL,0100,CORPORATE FUND,27,FINANCE,2020,REVENUE SERVICES AND OPERATION,152,ADVERTISING,7200,7200,3900
LOCAL,0100,CORPORATE FUND,27,FINANCE,2020,REVENUE SERVICES AND OPERATION,156,LOCK BOX RENTAL,16828,16828,6824
LOCAL,0100,CORPORATE FUND,27,FINANCE,2020,REVENUE SERVICES AND OPERATION,157,RENTAL EQUIPMENT AND SERVICES,119000,119000,16086
LOCAL,0100,CORPORATE FUND,27,FINANCE,2020,REVENUE SERVICES AND OPERATION,159,LEASE PURCHASE AGREEMNT,0,0,174722
LOCAL,0100,CORPORATE FUND,27,FINANCE,2020,REVENUE SERVICES AND OPERATION,162,REPAIR/MAINT EQUIPMENT,787739,787739,786381
LOCAL,0100,CORPORATE FUND,27,FINANCE,2020,REVENUE SERVICES AND OPERATION,166,"DUES, SUBSC & MEM",100,100,0
LOCAL,0100,CORPORATE FUND,27,FINANCE,2020,REVENUE SERVICES AND OPERATION,169,TECHNICAL MEETING COSTS,9244,9244,9244
LOCAL,0100,CORPORATE FUND,27,FINANCE,2020,REVENUE SERVICES AND OPERATION,178,FREIGHT AND EXPRESS CHARGES,2220,2220,2020
LOCAL,0100,CORPORATE FUND,27,FINANCE,2020,REVENUE SERVICES AND OPERATION,179,MESSENGER SERVICES,50000,50000,50000
LOCAL,0100,CORPORATE FUND,27,FINANCE,2020,REVENUE SERVICES AND OPERATION,181,MOBILE COMMUNICATION SERVICES,160000,160000,235000
LOCAL,0100,CORPORATE FUND,27,FINANCE,2020,REVENUE SERVICES AND OPERATION,189,TELEPHONE - NON-CENTREX BILLINGS,9000,9000,11600
LOCAL,0100,CORPORATE FUND,27,FINANCE,2020,REVENUE SERVICES AND OPERATION,190,TELEPHONE - NON-CENTREX BILLINGS,94500,94500,182750
LOCAL,0100,CORPORATE FUND,27,FINANCE,2020,REVENUE SERVICES AND OPERATION,196,DATA CIRCUITS,45000,45000,64400
LOCAL,0100,CORPORATE FUND,27,FINANCE,2020,REVENUE SERVICES AND OPERATION,197,TELEPHONE - MAINTENANCE,115230,115230,136600
LOCAL,0100,CORPORATE FUND,27,FINANCE,2020,REVENUE SERVICES AND OPERATION,228,OUT OF TOWN TRAVEL FOR AUDITORS ONLY,3000,3000,3000
LOCAL,0100,CORPORATE FUND,27,FINANCE,2020,REVENUE SERVICES AND OPERATION,229,TRANSPORTATION AND EXPENSE ALLOWANCE,10450,10450,10000
LOCAL,0100,CORPORATE FUND,27,FINANCE,2020,REVENUE SERVICES AND OPERATION,270,LOCAL TRANSPORTATION,4226,4226,0
LOCAL,0100,CORPORATE FUND,27,FINANCE,2020,REVENUE SERVICES AND OPERATION,339,REVENUE STAMPS,79500,79500,85400
LOCAL,0100,CORPORATE FUND,27,FINANCE,2020,REVENUE SERVICES AND OPERATION,348,BOOKS AND RELATED MATERIAL,600,600,300
LOCAL,0100,CORPORATE FUND,27,FINANCE,2020,REVENUE SERVICES AND OPERATION,350,STATIONERY AND OFFICE SUPPLIES,195962,195962,166154
LOCAL,0200,WATER FUND,27,FINANCE,2011,CITY COMPTROLLER,140,PROFESSIONAL AND TECHNICAL SERVICES,6552,6552,6552
LOCAL,0200,WATER FUND,27,FINANCE,2012,ACCOUNTING FINANCIAL REPORTING,5,SALARIES AND WAGES - ON PAYROLL,220456,220456,146464
LOCAL,0200,WATER FUND,27,FINANCE,2012,ACCOUNTING FINANCIAL REPORTING,11,CONTRACT WAGE - SALARY,0,0,1192
LOCAL,0200,WATER FUND,27,FINANCE,2012,ACCOUNTING FINANCIAL REPORTING,15,SCHEDULE SALARY ADJUSTMENTS,5227,5227,1512
LOCAL,0200,WATER FUND,27,FINANCE,2015,FINANCIAL STRATEGY AND OPS,5,SALARIES AND WAGES - ON PAYROLL,218751,218751,235851
LOCAL,0200,WATER FUND,27,FINANCE,2015,FINANCIAL STRATEGY AND OPS,11,CONTRACT WAGE - SALARY,0,0,657
LOCAL,0200,WATER FUND,27,FINANCE,2015,FINANCIAL STRATEGY AND OPS,15,SCHEDULE SALARY ADJUSTMENTS,2670,2670,978
LOCAL,0200,WATER FUND,27,FINANCE,2015,FINANCIAL STRATEGY AND OPS,154,RENTAL-DATA HARDWARE EQ,50000,50000,50000
LOCAL,0200,WATER FUND,27,FINANCE,2020,REVENUE SERVICES AND OPERATION,5,SALARIES AND WAGES - ON PAYROLL,2132363,2132363,2200979
LOCAL,0200,WATER FUND,27,FINANCE,2020,REVENUE SERVICES AND OPERATION,11,CONTRACT WAGE - SALARY,0,0,8588
LOCAL,0200,WATER FUND,27,FINANCE,2020,REVENUE SERVICES AND OPERATION,15,SCHEDULE SALARY ADJUSTMENTS,11757,11757,10246
LOCAL,0200,WATER FUND,27,FINANCE,2020,REVENUE SERVICES AND OPERATION,20,OVERTIME,6000,6000,6000
LOCAL,0200,WATER FUND,27,FINANCE,2020,REVENUE SERVICES AND OPERATION,125,OFFICE AND BUILDING SERVICES,2000,2000,2000
LOCAL,0200,WATER FUND,27,FINANCE,2020,REVENUE SERVICES AND OPERATION,130,POSTAGE,1006709,1006709,1161872
LOCAL,0200,WATER FUND,27,FINANCE,2020,REVENUE SERVICES AND OPERATION,140,PROFESSIONAL AND TECHNICAL SERVICES,4627588,4627588,4225838
LOCAL,0200,WATER FUND,27,FINANCE,2020,REVENUE SERVICES AND OPERATION,150,PUBLICATN & REPRODT-OUT,25000,25000,25000
LOCAL,0200,WATER FUND,27,FINANCE,2020,REVENUE SERVICES AND OPERATION,156,LOCK BOX RENTAL,0,0,1577
LOCAL,0200,WATER FUND,27,FINANCE,2020,REVENUE SERVICES AND OPERATION,157,RENTAL EQUIPMENT AND SERVICES,17200,17200,0
LOCAL,0200,WATER FUND,27,FINANCE,2020,REVENUE SERVICES AND OPERATION,159,LEASE PURCHASE AGREEMNT,0,0,17200
LOCAL,0200,WATER FUND,27,FINANCE,2020,REVENUE SERVICES AND OPERATION,162,REPAIR/MAINT EQUIPMENT,1342,1342,1342
LOCAL,0200,WATER FUND,27,FINANCE,2020,REVENUE SERVICES AND OPERATION,179,MESSENGER SERVICES,495,495,495
LOCAL,0200,WATER FUND,27,FINANCE,2020,REVENUE SERVICES AND OPERATION,197,TELEPHONE - MAINTENANCE,21593,21593,0
LOCAL,0200,WATER FUND,27,FINANCE,2020,REVENUE SERVICES AND OPERATION,340,MATERIAL AND SUPPLIES,3525,3525,3525
LOCAL,0200,WATER FUND,27,FINANCE,2020,REVENUE SERVICES AND OPERATION,348,BOOKS AND RELATED MATERIAL,1400,1400,1400
LOCAL,0200,WATER FUND,27,FINANCE,2020,REVENUE SERVICES AND OPERATION,350,STATIONERY AND OFFICE SUPPLIES,30430,30430,30430
LOCAL,0200,WATER FUND,27,FINANCE,2020,REVENUE SERVICES AND OPERATION,424,FURNITURE AND FURNISHINGS,8000,8000,8000
LOCAL,0200,WATER FUND,27,FINANCE,2020,REVENUE SERVICES AND OPERATION,9438,REIMBURSEMENT - 2FM,90260,90260,90260
LOCAL,0300,VEHICLE FUND,27,FINANCE,2015,FINANCIAL STRATEGY AND OPS,5,SALARIES AND WAGES - ON PAYROLL,416187,416187,488115
LOCAL,0300,VEHICLE FUND,27,FINANCE,2015,FINANCIAL STRATEGY AND OPS,11,CONTRACT WAGE - SALARY,0,0,0
LOCAL,0300,VEHICLE FUND,27,FINANCE,2015,FINANCIAL STRATEGY AND OPS,15,SCHEDULE SALARY ADJUSTMENTS,1110,1110,0
LOCAL,0300,VEHICLE FUND,27,FINANCE,2020,REVENUE SERVICES AND OPERATION,5,SALARIES AND WAGES - ON PAYROLL,410150,410150,437090
LOCAL,0300,VEHICLE FUND,27,FINANCE,2020,REVENUE SERVICES AND OPERATION,11,CONTRACT WAGE - SALARY,0,0,2268
LOCAL,0300,VEHICLE FUND,27,FINANCE,2020,REVENUE SERVICES AND OPERATION,15,SCHEDULE SALARY ADJUSTMENTS,3285,3285,3102
LOCAL,0300,VEHICLE FUND,27,FINANCE,2020,REVENUE SERVICES AND OPERATION,130,POSTAGE,5600,5600,5600
LOCAL,0300,VEHICLE FUND,27,FINANCE,2020,REVENUE SERVICES AND OPERATION,350,STATIONERY AND OFFICE SUPPLIES,396,396,396
LOCAL,0314,SEWER FUND,27,FINANCE,2011,CITY COMPTROLLER,140,PROFESSIONAL AND TECHNICAL SERVICES,15675,15675,15675
LOCAL,0314,SEWER FUND,27,FINANCE,2015,FINANCIAL STRATEGY AND OPS,154,RENTAL-DATA HARDWARE EQ,50000,50000,50000
LOCAL,0610,MIDWAY AIRPORT FUND,27,FINANCE,2011,CITY COMPTROLLER,140,PROFESSIONAL AND TECHNICAL SERVICES,6552,6552,6552
LOCAL,0610,MIDWAY AIRPORT FUND,27,FINANCE,2012,ACCOUNTING FINANCIAL REPORTING,5,SALARIES AND WAGES - ON PAYROLL,346501,346501,166127
LOCAL,0610,MIDWAY AIRPORT FUND,27,FINANCE,2012,ACCOUNTING FINANCIAL REPORTING,11,CONTRACT WAGE - SALARY,0,0,842
LOCAL,0610,MIDWAY AIRPORT FUND,27,FINANCE,2012,ACCOUNTING FINANCIAL REPORTING,15,SCHEDULE SALARY ADJUSTMENTS,1176,1176,0
LOCAL,0610,MIDWAY AIRPORT FUND,27,FINANCE,2012,ACCOUNTING FINANCIAL REPORTING,20,OVERTIME,1500,1500,1500
LOCAL,0610,MIDWAY AIRPORT FUND,27,FINANCE,2012,ACCOUNTING FINANCIAL REPORTING,39,STUDENT AS TRAINEES,5000,5000,5000
LOCAL,0610,MIDWAY AIRPORT FUND,27,FINANCE,2012,ACCOUNTING FINANCIAL REPORTING,130,POSTAGE,1500,1500,1410
LOCAL,0610,MIDWAY AIRPORT FUND,27,FINANCE,2012,ACCOUNTING FINANCIAL REPORTING,140,PROFESSIONAL AND TECHNICAL SERVICES,15000,15000,15000
LOCAL,0610,MIDWAY AIRPORT FUND,27,FINANCE,2012,ACCOUNTING FINANCIAL REPORTING,166,"DUES, SUBSC & MEM",500,500,470
LOCAL,0610,MIDWAY AIRPORT FUND,27,FINANCE,2012,ACCOUNTING FINANCIAL REPORTING,169,TECHNICAL MEETING COSTS,500,500,470
LOCAL,0610,MIDWAY AIRPORT FUND,27,FINANCE,2012,ACCOUNTING FINANCIAL REPORTING,245,REIMBURSEMENT TO TRAVELERS,500,500,470
LOCAL,0610,MIDWAY AIRPORT FUND,27,FINANCE,2012,ACCOUNTING FINANCIAL REPORTING,270,LOCAL TRANSPORTATION,500,500,470
LOCAL,0610,MIDWAY AIRPORT FUND,27,FINANCE,2012,ACCOUNTING FINANCIAL REPORTING,348,BOOKS AND RELATED MATERIAL,300,300,282
LOCAL,0610,MIDWAY AIRPORT FUND,27,FINANCE,2012,ACCOUNTING FINANCIAL REPORTING,350,STATIONERY AND OFFICE SUPPLIES,911,911,856
LOCAL,0610,MIDWAY AIRPORT FUND,27,FINANCE,2015,FINANCIAL STRATEGY AND OPS,5,SALARIES AND WAGES - ON PAYROLL,0,0,162564
LOCAL,0610,MIDWAY AIRPORT FUND,27,FINANCE,2015,FINANCIAL STRATEGY AND OPS,11,CONTRACT WAGE - SALARY,0,0,812
LOCAL,0610,MIDWAY AIRPORT FUND,27,FINANCE,2015,FINANCIAL STRATEGY AND OPS,154,RENTAL-DATA HARDWARE EQ,50000,50000,50000
LOCAL,0740,O'HARE REVENUE FUND,27,FINANCE,2011,CITY COMPTROLLER,140,PROFESSIONAL AND TECHNICAL SERVICES,6552,6552,6552
LOCAL,0740,O'HARE REVENUE FUND,27,FINANCE,2012,ACCOUNTING FINANCIAL REPORTING,5,SALARIES AND WAGES - ON PAYROLL,1874892,1874892,1805628
LOCAL,0740,O'HARE REVENUE FUND,27,FINANCE,2012,ACCOUNTING FINANCIAL REPORTING,11,CONTRACT WAGE - SALARY,0,0,5988
LOCAL,0740,O'HARE REVENUE FUND,27,FINANCE,2012,ACCOUNTING FINANCIAL REPORTING,15,SCHEDULE SALARY ADJUSTMENTS,4902,4902,7500
LOCAL,0740,O'HARE REVENUE FUND,27,FINANCE,2012,ACCOUNTING FINANCIAL REPORTING,20,OVERTIME,6000,6000,6000
LOCAL,0740,O'HARE REVENUE FUND,27,FINANCE,2012,ACCOUNTING FINANCIAL REPORTING,39,STUDENT AS TRAINEES,15000,15000,15000
LOCAL,0740,O'HARE REVENUE FUND,27,FINANCE,2012,ACCOUNTING FINANCIAL REPORTING,130,POSTAGE,5000,5000,4700
LOCAL,0740,O'HARE REVENUE FUND,27,FINANCE,2012,ACCOUNTING FINANCIAL REPORTING,140,PROFESSIONAL AND TECHNICAL SERVICES,117000,117000,117000
LOCAL,0740,O'HARE REVENUE FUND,27,FINANCE,2012,ACCOUNTING FINANCIAL REPORTING,149,SOFTWARE MAINTENANCE AND LICENSING,6000,6000,5640
LOCAL,0740,O'HARE REVENUE FUND,27,FINANCE,2012,ACCOUNTING FINANCIAL REPORTING,152,ADVERTISING,1000,1000,940
LOCAL,0740,O'HARE REVENUE FUND,27,FINANCE,2012,ACCOUNTING FINANCIAL REPORTING,162,REPAIR/MAINT EQUIPMENT,20000,20000,18800
LOCAL,0740,O'HARE REVENUE FUND,27,FINANCE,2012,ACCOUNTING FINANCIAL REPORTING,166,"DUES, SUBSC & MEM",500,500,470
LOCAL,0740,O'HARE REVENUE FUND,27,FINANCE,2012,ACCOUNTING FINANCIAL REPORTING,169,TECHNICAL MEETING COSTS,2000,2000,1880
LOCAL,0740,O'HARE REVENUE FUND,27,FINANCE,2012,ACCOUNTING FINANCIAL REPORTING,190,TELEPHONE - NON-CENTREX BILLINGS,7800,7800,8000
LOCAL,0740,O'HARE REVENUE FUND,27,FINANCE,2012,ACCOUNTING FINANCIAL REPORTING,197,TELEPHONE - MAINTENANCE,300,300,250
LOCAL,0740,O'HARE REVENUE FUND,27,FINANCE,2012,ACCOUNTING FINANCIAL REPORTING,245,REIMBURSEMENT TO TRAVELERS,1000,1000,940
LOCAL,0740,O'HARE REVENUE FUND,27,FINANCE,2012,ACCOUNTING FINANCIAL REPORTING,270,LOCAL TRANSPORTATION,1500,1500,1410
LOCAL,0740,O'HARE REVENUE FUND,27,FINANCE,2012,ACCOUNTING FINANCIAL REPORTING,348,BOOKS AND RELATED MATERIAL,1000,1000,1000
LOCAL,0740,O'HARE REVENUE FUND,27,FINANCE,2012,ACCOUNTING FINANCIAL REPORTING,350,STATIONERY AND OFFICE SUPPLIES,10540,10540,10540
LOCAL,0740,O'HARE REVENUE FUND,27,FINANCE,2015,FINANCIAL STRATEGY AND OPS,5,SALARIES AND WAGES - ON PAYROLL,0,0,158856
LOCAL,0740,O'HARE REVENUE FUND,27,FINANCE,2015,FINANCIAL STRATEGY AND OPS,15,SCHEDULE SALARY ADJUSTMENTS,0,0,141
LOCAL,0740,O'HARE REVENUE FUND,27,FINANCE,2015,FINANCIAL STRATEGY AND OPS,154,RENTAL-DATA HARDWARE EQ,50000,50000,50000
LOCAL,0B21,TIF ADMINISTRATION,27,FINANCE,2012,ACCOUNTING FINANCIAL REPORTING,5,SALARIES AND WAGES - ON PAYROLL,297544,297544,330908
LOCAL,0B21,TIF ADMINISTRATION,27,FINANCE,2012,ACCOUNTING FINANCIAL REPORTING,11,CONTRACT WAGE - SALARY,0,0,790
LOCAL,0B21,TIF ADMINISTRATION,27,FINANCE,2012,ACCOUNTING FINANCIAL REPORTING,15,SCHEDULE SALARY ADJUSTMENTS,1512,1512,2148
LOCAL,0B21,TIF ADMINISTRATION,27,FINANCE,2012,ACCOUNTING FINANCIAL REPORTING,140,PROFESSIONAL AND TECHNICAL SERVICES,250000,250000,250000
LOCAL,0100,CORPORATE FUND,28,CITY TREASURER,2005,CITY TREASURER,179,MESSENGER SERVICES,500,500,500
LOCAL,0B21,TIF ADMINISTRATION,27,FINANCE,2015,FINANCIAL STRATEGY AND OPS,5,SALARIES AND WAGES - ON PAYROLL,75699,75699,75675
GRANTS,0585,CHILD CARE,27,FINANCE,2800,DHS ACCOUNTING,5,SALARIES AND WAGES - ON PAYROLL,0,0,0
GRANTS,0585,CHILD CARE,27,FINANCE,2800,DHS ACCOUNTING,44,FRINGE BENEFITS,0,0,0
GRANTS,0890,HEAD START,27,FINANCE,2801,DHS ACCOUNTING,5,SALARIES AND WAGES - ON PAYROLL,0,0,0
GRANTS,0890,HEAD START,27,FINANCE,2801,DHS ACCOUNTING,15,SCHEDULE SALARY ADJUSTMENTS,0,0,0
GRANTS,0890,HEAD START,27,FINANCE,2801,DHS ACCOUNTING,44,FRINGE BENEFITS,0,0,0
GRANTS,0J65,CHICAGO LIVES HEALTHY,27,FINANCE,2802,CHICAGO LIVES HEALTHY,140,PROFESSIONAL AND TECHNICAL SERVICES,2500000,2500000,2500000
GRANTS,0N21,CHILD CARE SERVICES,27,FINANCE,2800,DHS ACCOUNTING,5,SALARIES AND WAGES - ON PAYROLL,90768,90768,91086
GRANTS,0N21,CHILD CARE SERVICES,27,FINANCE,2800,DHS ACCOUNTING,11,CONTRACT WAGE - SALARY,0,0,479
GRANTS,0N21,CHILD CARE SERVICES,27,FINANCE,2800,DHS ACCOUNTING,44,FRINGE BENEFITS,33817,33817,35006
GRANTS,0N27,HEAD START,27,FINANCE,2801,DHS ACCOUNTING,5,SALARIES AND WAGES - ON PAYROLL,220998,220998,225481
GRANTS,0N27,HEAD START,27,FINANCE,2801,DHS ACCOUNTING,11,CONTRACT WAGE - SALARY,0,0,1187
GRANTS,0N27,HEAD START,27,FINANCE,2801,DHS ACCOUNTING,15,SCHEDULE SALARY ADJUSTMENTS,3565,3565,4497
GRANTS,0N27,HEAD START,27,FINANCE,2801,DHS ACCOUNTING,44,FRINGE BENEFITS,82335,82335,86656
CDBG,0J41,CDBG,27,FINANCE,2512,ACCOUNTING FINANCIAL REPORTING,5,SALARIES AND WAGES - ON PAYROLL,707905,707905,655603
CDBG,0J41,CDBG,27,FINANCE,2512,ACCOUNTING FINANCIAL REPORTING,8,PAYMENT RETROACTIVE SALARIES,0,0,5976
CDBG,0J41,CDBG,27,FINANCE,2512,ACCOUNTING FINANCIAL REPORTING,11,CONTRACT WAGE - SALARY,0,0,2045
CDBG,0J41,CDBG,27,FINANCE,2512,ACCOUNTING FINANCIAL REPORTING,15,SCHEDULE SALARY ADJUSTMENTS,5388,5388,5979
CDBG,0J41,CDBG,27,FINANCE,2512,ACCOUNTING FINANCIAL REPORTING,38,WORK STUDY/CO-OP EDUCATION,20000,20000,20000
CDBG,0J41,CDBG,27,FINANCE,2512,ACCOUNTING FINANCIAL REPORTING,39,STUDENT AS TRAINEES,20000,20000,20000
CDBG,0J41,CDBG,27,FINANCE,2512,ACCOUNTING FINANCIAL REPORTING,44,FRINGE BENEFITS,270219,270219,258534
CDBG,0J41,CDBG,27,FINANCE,2512,ACCOUNTING FINANCIAL REPORTING,140,PROFESSIONAL AND TECHNICAL SERVICES,81113,81113,81113
CDBG,0J41,CDBG,27,FINANCE,2512,ACCOUNTING FINANCIAL REPORTING,142,ACCOUNTING AND AUDITING,345000,345000,345000
CDBG,0J41,CDBG,27,FINANCE,2512,ACCOUNTING FINANCIAL REPORTING,149,SOFTWARE MAINTENANCE AND LICENSING,0,0,37500
CDBG,0J41,CDBG,27,FINANCE,2512,ACCOUNTING FINANCIAL REPORTING,348,BOOKS AND RELATED MATERIAL,1400,1400,14000
LOCAL,0100,CORPORATE FUND,28,CITY TREASURER,2005,CITY TREASURER,5,SALARIES AND WAGES - ON PAYROLL,1863081,1863081,1899633
LOCAL,0100,CORPORATE FUND,28,CITY TREASURER,2005,CITY TREASURER,11,CONTRACT WAGE - SALARY,0,0,2941
LOCAL,0100,CORPORATE FUND,28,CITY TREASURER,2005,CITY TREASURER,15,SCHEDULE SALARY ADJUSTMENTS,10057,10057,7436
LOCAL,0100,CORPORATE FUND,28,CITY TREASURER,2005,CITY TREASURER,39,STUDENT AS TRAINEES,19900,19900,19900
LOCAL,0100,CORPORATE FUND,28,CITY TREASURER,2005,CITY TREASURER,130,POSTAGE,1500,1500,1000
LOCAL,0100,CORPORATE FUND,28,CITY TREASURER,2005,CITY TREASURER,138,IT MAINTENANCE,16000,16000,14000
LOCAL,0100,CORPORATE FUND,28,CITY TREASURER,2005,CITY TREASURER,140,PROFESSIONAL AND TECHNICAL SERVICES,220000,220000,220000
LOCAL,0100,CORPORATE FUND,28,CITY TREASURER,2005,CITY TREASURER,142,ACCOUNTING AND AUDITING,100000,100000,100000
LOCAL,0100,CORPORATE FUND,28,CITY TREASURER,2005,CITY TREASURER,162,REPAIR/MAINT EQUIPMENT,10104,10104,6000
LOCAL,0100,CORPORATE FUND,28,CITY TREASURER,2005,CITY TREASURER,166,"DUES, SUBSC & MEM",72205,72205,72205
LOCAL,0100,CORPORATE FUND,28,CITY TREASURER,2005,CITY TREASURER,169,TECHNICAL MEETING COSTS,2650,2650,2650
LOCAL,0100,CORPORATE FUND,28,CITY TREASURER,2005,CITY TREASURER,181,MOBILE COMMUNICATION SERVICES,1400,1400,1500
LOCAL,0100,CORPORATE FUND,28,CITY TREASURER,2005,CITY TREASURER,190,TELEPHONE - NON-CENTREX BILLINGS,9200,9200,9200
LOCAL,0100,CORPORATE FUND,28,CITY TREASURER,2005,CITY TREASURER,196,DATA CIRCUITS,600,600,800
LOCAL,0100,CORPORATE FUND,28,CITY TREASURER,2005,CITY TREASURER,197,TELEPHONE - MAINTENANCE,1570,1570,1520
LOCAL,0100,CORPORATE FUND,28,CITY TREASURER,2005,CITY TREASURER,270,LOCAL TRANSPORTATION,975,975,500
LOCAL,0100,CORPORATE FUND,28,CITY TREASURER,2005,CITY TREASURER,350,STATIONERY AND OFFICE SUPPLIES,6500,6500,6500
LOCAL,0740,O'HARE REVENUE FUND,28,CITY TREASURER,2005,CITY TREASURER,5,SALARIES AND WAGES - ON PAYROLL,76212,76212,76212
LOCAL,0B21,TIF ADMINISTRATION,28,CITY TREASURER,2005,CITY TREASURER,5,SALARIES AND WAGES - ON PAYROLL,85020,85020,85020
LOCAL,0100,CORPORATE FUND,30,DEPT OF ADMINISTRATIVE HEARING,2005,DEPT OF ADMINISTRATIVE HEARING,5,SALARIES AND WAGES - ON PAYROLL,2874587,2874587,2952203
LOCAL,0100,CORPORATE FUND,30,DEPT OF ADMINISTRATIVE HEARING,2005,DEPT OF ADMINISTRATIVE HEARING,11,CONTRACT WAGE - SALARY,0,0,8643
LOCAL,0100,CORPORATE FUND,30,DEPT OF ADMINISTRATIVE HEARING,2005,DEPT OF ADMINISTRATIVE HEARING,15,SCHEDULE SALARY ADJUSTMENTS,16027,16027,8973
LOCAL,0100,CORPORATE FUND,30,DEPT OF ADMINISTRATIVE HEARING,2005,DEPT OF ADMINISTRATIVE HEARING,20,OVERTIME,500,500,500
LOCAL,0100,CORPORATE FUND,30,DEPT OF ADMINISTRATIVE HEARING,2005,DEPT OF ADMINISTRATIVE HEARING,130,POSTAGE,56273,56273,61450
LOCAL,0100,CORPORATE FUND,30,DEPT OF ADMINISTRATIVE HEARING,2005,DEPT OF ADMINISTRATIVE HEARING,138,IT MAINTENANCE,786081,786081,995720
LOCAL,0100,CORPORATE FUND,30,DEPT OF ADMINISTRATIVE HEARING,2005,DEPT OF ADMINISTRATIVE HEARING,140,PROFESSIONAL AND TECHNICAL SERVICES,3942805,3942805,3793581
LOCAL,0100,CORPORATE FUND,30,DEPT OF ADMINISTRATIVE HEARING,2005,DEPT OF ADMINISTRATIVE HEARING,143,COURT REPORTING,68466,68466,62508
LOCAL,0100,CORPORATE FUND,30,DEPT OF ADMINISTRATIVE HEARING,2005,DEPT OF ADMINISTRATIVE HEARING,157,RENTAL EQUIPMENT AND SERVICES,8144,8144,180
LOCAL,0100,CORPORATE FUND,30,DEPT OF ADMINISTRATIVE HEARING,2005,DEPT OF ADMINISTRATIVE HEARING,159,LEASE PURCHASE AGREEMNT,0,0,23093
LOCAL,0100,CORPORATE FUND,30,DEPT OF ADMINISTRATIVE HEARING,2005,DEPT OF ADMINISTRATIVE HEARING,162,REPAIR/MAINT EQUIPMENT,5070,5070,1175
LOCAL,0100,CORPORATE FUND,30,DEPT OF ADMINISTRATIVE HEARING,2005,DEPT OF ADMINISTRATIVE HEARING,166,"DUES, SUBSC & MEM",1814,1814,1814
LOCAL,0100,CORPORATE FUND,30,DEPT OF ADMINISTRATIVE HEARING,2005,DEPT OF ADMINISTRATIVE HEARING,169,TECHNICAL MEETING COSTS,970,970,970
LOCAL,0100,CORPORATE FUND,30,DEPT OF ADMINISTRATIVE HEARING,2005,DEPT OF ADMINISTRATIVE HEARING,179,MESSENGER SERVICES,5673,5673,5213
LOCAL,0100,CORPORATE FUND,30,DEPT OF ADMINISTRATIVE HEARING,2005,DEPT OF ADMINISTRATIVE HEARING,190,TELEPHONE - NON-CENTREX BILLINGS,27000,27000,27700
LOCAL,0100,CORPORATE FUND,30,DEPT OF ADMINISTRATIVE HEARING,2005,DEPT OF ADMINISTRATIVE HEARING,195,RELOCATION EXPENSES,500,500,0
LOCAL,0100,CORPORATE FUND,30,DEPT OF ADMINISTRATIVE HEARING,2005,DEPT OF ADMINISTRATIVE HEARING,197,TELEPHONE - MAINTENANCE,4650,4650,4200
LOCAL,0100,CORPORATE FUND,30,DEPT OF ADMINISTRATIVE HEARING,2005,DEPT OF ADMINISTRATIVE HEARING,229,TRANSPORTATION AND EXPENSE ALLOWANCE,2000,2000,2000
LOCAL,0100,CORPORATE FUND,30,DEPT OF ADMINISTRATIVE HEARING,2005,DEPT OF ADMINISTRATIVE HEARING,340,MATERIAL AND SUPPLIES,25091,25091,14168
LOCAL,0100,CORPORATE FUND,30,DEPT OF ADMINISTRATIVE HEARING,2005,DEPT OF ADMINISTRATIVE HEARING,348,BOOKS AND RELATED MATERIAL,1318,1318,1318
LOCAL,0100,CORPORATE FUND,30,DEPT OF ADMINISTRATIVE HEARING,2005,DEPT OF ADMINISTRATIVE HEARING,350,STATIONERY AND OFFICE SUPPLIES,8699,8699,12134
LOCAL,0100,CORPORATE FUND,31,DEPARTMENT OF LAW,2005,DEPARTMENT OF LAW,5,SALARIES AND WAGES - ON PAYROLL,24458022,24458022,24549754
LOCAL,0100,CORPORATE FUND,31,DEPARTMENT OF LAW,2005,DEPARTMENT OF LAW,11,CONTRACT WAGE - SALARY,0,0,21483
LOCAL,0100,CORPORATE FUND,31,DEPARTMENT OF LAW,2005,DEPARTMENT OF LAW,15,SCHEDULE SALARY ADJUSTMENTS,42635,42635,51501
LOCAL,0100,CORPORATE FUND,31,DEPARTMENT OF LAW,2005,DEPARTMENT OF LAW,20,OVERTIME,29332,29332,26352
LOCAL,0100,CORPORATE FUND,31,DEPARTMENT OF LAW,2005,DEPARTMENT OF LAW,39,STUDENT AS TRAINEES,13143,13143,8506
LOCAL,0100,CORPORATE FUND,31,DEPARTMENT OF LAW,2005,DEPARTMENT OF LAW,130,POSTAGE,37473,37473,26831
LOCAL,0100,CORPORATE FUND,31,DEPARTMENT OF LAW,2005,DEPARTMENT OF LAW,138,IT MAINTENANCE,257318,257318,250415
LOCAL,0100,CORPORATE FUND,31,DEPARTMENT OF LAW,2005,DEPARTMENT OF LAW,140,PROFESSIONAL AND TECHNICAL SERVICES,1118316,1118316,991458
LOCAL,0100,CORPORATE FUND,31,DEPARTMENT OF LAW,2005,DEPARTMENT OF LAW,141,APPRAISALS,8070,8070,8070
LOCAL,0100,CORPORATE FUND,31,DEPARTMENT OF LAW,2005,DEPARTMENT OF LAW,143,COURT REPORTING,968606,968606,933034
LOCAL,0100,CORPORATE FUND,31,DEPARTMENT OF LAW,2005,DEPARTMENT OF LAW,145,LEGAL EXPENSES,125373,125373,140915
LOCAL,0100,CORPORATE FUND,31,DEPARTMENT OF LAW,2005,DEPARTMENT OF LAW,149,SOFTWARE MAINTENANCE AND LICENSING,9752,9752,130694
LOCAL,0100,CORPORATE FUND,31,DEPARTMENT OF LAW,2005,DEPARTMENT OF LAW,150,PUBLICATN & REPRODT-OUT,10013,10013,9012
LOCAL,0100,CORPORATE FUND,31,DEPARTMENT OF LAW,2005,DEPARTMENT OF LAW,154,RENTAL-DATA HARDWARE EQ,128765,128765,0
LOCAL,0100,CORPORATE FUND,31,DEPARTMENT OF LAW,2005,DEPARTMENT OF LAW,157,RENTAL EQUIPMENT AND SERVICES,8812,8812,57435
LOCAL,0100,CORPORATE FUND,31,DEPARTMENT OF LAW,2005,DEPARTMENT OF LAW,159,LEASE PURCHASE AGREEMNT,0,0,130127
LOCAL,0100,CORPORATE FUND,31,DEPARTMENT OF LAW,2005,DEPARTMENT OF LAW,162,REPAIR/MAINT EQUIPMENT,3444,3444,3324
LOCAL,0100,CORPORATE FUND,31,DEPARTMENT OF LAW,2005,DEPARTMENT OF LAW,166,"DUES, SUBSC & MEM",140335,140335,134482
LOCAL,0100,CORPORATE FUND,31,DEPARTMENT OF LAW,2005,DEPARTMENT OF LAW,169,TECHNICAL MEETING COSTS,40050,40050,36045
LOCAL,0100,CORPORATE FUND,31,DEPARTMENT OF LAW,2005,DEPARTMENT OF LAW,178,FREIGHT AND EXPRESS CHARGES,10648,10648,11716
LOCAL,0100,CORPORATE FUND,31,DEPARTMENT OF LAW,2005,DEPARTMENT OF LAW,181,MOBILE COMMUNICATION SERVICES,21627,21627,20826
LOCAL,0100,CORPORATE FUND,31,DEPARTMENT OF LAW,2005,DEPARTMENT OF LAW,186,PAGERS,48,48,0
LOCAL,0100,CORPORATE FUND,31,DEPARTMENT OF LAW,2005,DEPARTMENT OF LAW,190,TELEPHONE - NON-CENTREX BILLINGS,113742,113742,115584
LOCAL,0100,CORPORATE FUND,31,DEPARTMENT OF LAW,2005,DEPARTMENT OF LAW,191,TELEPHONE - RELOCATIONS,801,801,600
LOCAL,0100,CORPORATE FUND,31,DEPARTMENT OF LAW,2005,DEPARTMENT OF LAW,197,TELEPHONE - MAINTENANCE,22552,22552,21627
LOCAL,0100,CORPORATE FUND,31,DEPARTMENT OF LAW,2005,DEPARTMENT OF LAW,229,TRANSPORTATION AND EXPENSE ALLOWANCE,5937,5937,6926
LOCAL,0100,CORPORATE FUND,31,DEPARTMENT OF LAW,2005,DEPARTMENT OF LAW,245,REIMBURSEMENT TO TRAVELERS,54013,54013,53996
LOCAL,0100,CORPORATE FUND,31,DEPARTMENT OF LAW,2005,DEPARTMENT OF LAW,270,LOCAL TRANSPORTATION,55393,55393,36938
LOCAL,0100,CORPORATE FUND,31,DEPARTMENT OF LAW,2005,DEPARTMENT OF LAW,348,BOOKS AND RELATED MATERIAL,21053,21053,19783
LOCAL,0100,CORPORATE FUND,31,DEPARTMENT OF LAW,2005,DEPARTMENT OF LAW,350,STATIONERY AND OFFICE SUPPLIES,128968,128968,119697
LOCAL,0200,WATER FUND,31,DEPARTMENT OF LAW,2005,DEPARTMENT OF LAW,5,SALARIES AND WAGES - ON PAYROLL,1240067,1240067,1261379
LOCAL,0200,WATER FUND,31,DEPARTMENT OF LAW,2005,DEPARTMENT OF LAW,11,CONTRACT WAGE - SALARY,0,0,0
LOCAL,0200,WATER FUND,31,DEPARTMENT OF LAW,2005,DEPARTMENT OF LAW,15,SCHEDULE SALARY ADJUSTMENTS,0,0,1667
LOCAL,0200,WATER FUND,31,DEPARTMENT OF LAW,2005,DEPARTMENT OF LAW,20,OVERTIME,2674,2674,2379
LOCAL,0200,WATER FUND,31,DEPARTMENT OF LAW,2005,DEPARTMENT OF LAW,39,STUDENT AS TRAINEES,674,674,300
LOCAL,0200,WATER FUND,31,DEPARTMENT OF LAW,2005,DEPARTMENT OF LAW,130,POSTAGE,3121,3121,2729
LOCAL,0200,WATER FUND,31,DEPARTMENT OF LAW,2005,DEPARTMENT OF LAW,138,IT MAINTENANCE,14777,14777,15591
LOCAL,0200,WATER FUND,31,DEPARTMENT OF LAW,2005,DEPARTMENT OF LAW,140,PROFESSIONAL AND TECHNICAL SERVICES,56888,56888,36811
LOCAL,0200,WATER FUND,31,DEPARTMENT OF LAW,2005,DEPARTMENT OF LAW,141,APPRAISALS,1000,1000,1000
LOCAL,0200,WATER FUND,31,DEPARTMENT OF LAW,2005,DEPARTMENT OF LAW,143,COURT REPORTING,58777,58777,57955
LOCAL,0200,WATER FUND,31,DEPARTMENT OF LAW,2005,DEPARTMENT OF LAW,145,LEGAL EXPENSES,15687,15687,15817
LOCAL,0200,WATER FUND,31,DEPARTMENT OF LAW,2005,DEPARTMENT OF LAW,149,SOFTWARE MAINTENANCE AND LICENSING,560,560,7506
LOCAL,0200,WATER FUND,31,DEPARTMENT OF LAW,2005,DEPARTMENT OF LAW,150,PUBLICATN & REPRODT-OUT,575,575,632
LOCAL,0200,WATER FUND,31,DEPARTMENT OF LAW,2005,DEPARTMENT OF LAW,154,RENTAL-DATA HARDWARE EQ,7360,7360,0
LOCAL,0200,WATER FUND,31,DEPARTMENT OF LAW,2005,DEPARTMENT OF LAW,157,RENTAL EQUIPMENT AND SERVICES,506,506,566
LOCAL,0200,WATER FUND,31,DEPARTMENT OF LAW,2005,DEPARTMENT OF LAW,159,LEASE PURCHASE AGREEMNT,0,0,5285
LOCAL,0200,WATER FUND,31,DEPARTMENT OF LAW,2005,DEPARTMENT OF LAW,162,REPAIR/MAINT EQUIPMENT,198,198,190
LOCAL,0200,WATER FUND,31,DEPARTMENT OF LAW,2005,DEPARTMENT OF LAW,166,"DUES, SUBSC & MEM",8522,8522,8010
LOCAL,0200,WATER FUND,31,DEPARTMENT OF LAW,2005,DEPARTMENT OF LAW,169,TECHNICAL MEETING COSTS,2425,2425,2070
LOCAL,0200,WATER FUND,31,DEPARTMENT OF LAW,2005,DEPARTMENT OF LAW,178,FREIGHT AND EXPRESS CHARGES,740,740,1198
LOCAL,0200,WATER FUND,31,DEPARTMENT OF LAW,2005,DEPARTMENT OF LAW,181,MOBILE COMMUNICATION SERVICES,1242,1242,1196
LOCAL,0200,WATER FUND,31,DEPARTMENT OF LAW,2005,DEPARTMENT OF LAW,190,TELEPHONE - NON-CENTREX BILLINGS,6532,6532,6638
LOCAL,0200,WATER FUND,31,DEPARTMENT OF LAW,2005,DEPARTMENT OF LAW,191,TELEPHONE - RELOCATIONS,0,0,100
LOCAL,0200,WATER FUND,31,DEPARTMENT OF LAW,2005,DEPARTMENT OF LAW,197,TELEPHONE - MAINTENANCE,1295,1295,1242
LOCAL,0200,WATER FUND,31,DEPARTMENT OF LAW,2005,DEPARTMENT OF LAW,229,TRANSPORTATION AND EXPENSE ALLOWANCE,0,0,100
LOCAL,0200,WATER FUND,31,DEPARTMENT OF LAW,2005,DEPARTMENT OF LAW,245,REIMBURSEMENT TO TRAVELERS,4018,4018,3275
LOCAL,0200,WATER FUND,31,DEPARTMENT OF LAW,2005,DEPARTMENT OF LAW,270,LOCAL TRANSPORTATION,2187,2187,1911
LOCAL,0200,WATER FUND,31,DEPARTMENT OF LAW,2005,DEPARTMENT OF LAW,348,BOOKS AND RELATED MATERIAL,1209,1209,1136
LOCAL,0200,WATER FUND,31,DEPARTMENT OF LAW,2005,DEPARTMENT OF LAW,350,STATIONERY AND OFFICE SUPPLIES,7752,7752,6874
LOCAL,0200,WATER FUND,31,DEPARTMENT OF LAW,2005,DEPARTMENT OF LAW,9438,REIMBURSEMENT - 2FM,1292,1292,1292
LOCAL,0300,VEHICLE FUND,31,DEPARTMENT OF LAW,2005,DEPARTMENT OF LAW,5,SALARIES AND WAGES - ON PAYROLL,1140328,1140328,1135144
LOCAL,0300,VEHICLE FUND,31,DEPARTMENT OF LAW,2005,DEPARTMENT OF LAW,11,CONTRACT WAGE - SALARY,0,0,198
LOCAL,0300,VEHICLE FUND,31,DEPARTMENT OF LAW,2005,DEPARTMENT OF LAW,15,SCHEDULE SALARY ADJUSTMENTS,2258,2258,3804
LOCAL,0300,VEHICLE FUND,31,DEPARTMENT OF LAW,2005,DEPARTMENT OF LAW,20,OVERTIME,2812,2812,2496
LOCAL,0300,VEHICLE FUND,31,DEPARTMENT OF LAW,2005,DEPARTMENT OF LAW,39,STUDENT AS TRAINEES,490,490,175
LOCAL,0300,VEHICLE FUND,31,DEPARTMENT OF LAW,2005,DEPARTMENT OF LAW,130,POSTAGE,1006,1006,954
LOCAL,0300,VEHICLE FUND,31,DEPARTMENT OF LAW,2005,DEPARTMENT OF LAW,138,IT MAINTENANCE,11244,11244,12755
LOCAL,0300,VEHICLE FUND,31,DEPARTMENT OF LAW,2005,DEPARTMENT OF LAW,140,PROFESSIONAL AND TECHNICAL SERVICES,33989,33989,30206
LOCAL,0300,VEHICLE FUND,31,DEPARTMENT OF LAW,2005,DEPARTMENT OF LAW,141,APPRAISALS,210,210,210
LOCAL,0300,VEHICLE FUND,31,DEPARTMENT OF LAW,2005,DEPARTMENT OF LAW,143,COURT REPORTING,20430,20430,19275
LOCAL,0300,VEHICLE FUND,31,DEPARTMENT OF LAW,2005,DEPARTMENT OF LAW,145,LEGAL EXPENSES,3632,3632,3747
LOCAL,0300,VEHICLE FUND,31,DEPARTMENT OF LAW,2005,DEPARTMENT OF LAW,149,SOFTWARE MAINTENANCE AND LICENSING,426,426,5711
LOCAL,0300,VEHICLE FUND,31,DEPARTMENT OF LAW,2005,DEPARTMENT OF LAW,150,PUBLICATN & REPRODT-OUT,438,438,384
LOCAL,0300,VEHICLE FUND,31,DEPARTMENT OF LAW,2005,DEPARTMENT OF LAW,154,RENTAL-DATA HARDWARE EQ,5600,5600,0
LOCAL,0300,VEHICLE FUND,31,DEPARTMENT OF LAW,2005,DEPARTMENT OF LAW,157,RENTAL EQUIPMENT AND SERVICES,386,386,431
LOCAL,0300,VEHICLE FUND,31,DEPARTMENT OF LAW,2005,DEPARTMENT OF LAW,159,LEASE PURCHASE AGREEMNT,0,0,4021
LOCAL,0300,VEHICLE FUND,31,DEPARTMENT OF LAW,2005,DEPARTMENT OF LAW,162,REPAIR/MAINT EQUIPMENT,151,151,146
LOCAL,0300,VEHICLE FUND,31,DEPARTMENT OF LAW,2005,DEPARTMENT OF LAW,166,"DUES, SUBSC & MEM",6484,6484,6107
LOCAL,0300,VEHICLE FUND,31,DEPARTMENT OF LAW,2005,DEPARTMENT OF LAW,169,TECHNICAL MEETING COSTS,1850,1850,1575
LOCAL,0300,VEHICLE FUND,31,DEPARTMENT OF LAW,2005,DEPARTMENT OF LAW,178,FREIGHT AND EXPRESS CHARGES,502,502,937
LOCAL,0300,VEHICLE FUND,31,DEPARTMENT OF LAW,2005,DEPARTMENT OF LAW,181,MOBILE COMMUNICATION SERVICES,945,945,910
LOCAL,0300,VEHICLE FUND,31,DEPARTMENT OF LAW,2005,DEPARTMENT OF LAW,190,TELEPHONE - NON-CENTREX BILLINGS,4970,4970,5051
LOCAL,0300,VEHICLE FUND,31,DEPARTMENT OF LAW,2005,DEPARTMENT OF LAW,191,TELEPHONE - RELOCATIONS,0,0,100
LOCAL,0300,VEHICLE FUND,31,DEPARTMENT OF LAW,2005,DEPARTMENT OF LAW,197,TELEPHONE - MAINTENANCE,985,985,945
LOCAL,0300,VEHICLE FUND,31,DEPARTMENT OF LAW,2005,DEPARTMENT OF LAW,229,TRANSPORTATION AND EXPENSE ALLOWANCE,4520,4520,3520
LOCAL,0300,VEHICLE FUND,31,DEPARTMENT OF LAW,2005,DEPARTMENT OF LAW,245,REIMBURSEMENT TO TRAVELERS,1702,1702,1407
LOCAL,0300,VEHICLE FUND,31,DEPARTMENT OF LAW,2005,DEPARTMENT OF LAW,270,LOCAL TRANSPORTATION,1536,1536,1297
LOCAL,0300,VEHICLE FUND,31,DEPARTMENT OF LAW,2005,DEPARTMENT OF LAW,348,BOOKS AND RELATED MATERIAL,920,920,864
LOCAL,0300,VEHICLE FUND,31,DEPARTMENT OF LAW,2005,DEPARTMENT OF LAW,350,STATIONERY AND OFFICE SUPPLIES,5898,5898,5230
LOCAL,0300,VEHICLE FUND,31,DEPARTMENT OF LAW,2005,DEPARTMENT OF LAW,9438,REIMBURSEMENT - 2FM,709,709,861
LOCAL,0314,SEWER FUND,31,DEPARTMENT OF LAW,2005,DEPARTMENT OF LAW,5,SALARIES AND WAGES - ON PAYROLL,653207,653207,670715
LOCAL,0314,SEWER FUND,31,DEPARTMENT OF LAW,2005,DEPARTMENT OF LAW,20,OVERTIME,1958,1958,1736
LOCAL,0314,SEWER FUND,31,DEPARTMENT OF LAW,2005,DEPARTMENT OF LAW,39,STUDENT AS TRAINEES,392,392,140
LOCAL,0314,SEWER FUND,31,DEPARTMENT OF LAW,2005,DEPARTMENT OF LAW,130,POSTAGE,1269,1269,1192
LOCAL,0314,SEWER FUND,31,DEPARTMENT OF LAW,2005,DEPARTMENT OF LAW,138,IT MAINTENANCE,8994,8994,10956
LOCAL,0314,SEWER FUND,31,DEPARTMENT OF LAW,2005,DEPARTMENT OF LAW,140,PROFESSIONAL AND TECHNICAL SERVICES,29992,29992,27377
LOCAL,0314,SEWER FUND,31,DEPARTMENT OF LAW,2005,DEPARTMENT OF LAW,141,APPRAISALS,320,320,320
LOCAL,0314,SEWER FUND,31,DEPARTMENT OF LAW,2005,DEPARTMENT OF LAW,143,COURT REPORTING,25524,25524,24515
LOCAL,0314,SEWER FUND,31,DEPARTMENT OF LAW,2005,DEPARTMENT OF LAW,145,LEGAL EXPENSES,5280,5280,5424
LOCAL,0314,SEWER FUND,31,DEPARTMENT OF LAW,2005,DEPARTMENT OF LAW,149,SOFTWARE MAINTENANCE AND LICENSING,341,341,4569
LOCAL,0314,SEWER FUND,31,DEPARTMENT OF LAW,2005,DEPARTMENT OF LAW,150,PUBLICATN & REPRODT-OUT,350,350,310
LOCAL,0314,SEWER FUND,31,DEPARTMENT OF LAW,2005,DEPARTMENT OF LAW,154,RENTAL-DATA HARDWARE EQ,4480,4480,0
LOCAL,0314,SEWER FUND,31,DEPARTMENT OF LAW,2005,DEPARTMENT OF LAW,157,RENTAL EQUIPMENT AND SERVICES,308,308,345
LOCAL,0314,SEWER FUND,31,DEPARTMENT OF LAW,2005,DEPARTMENT OF LAW,159,LEASE PURCHASE AGREEMNT,0,0,3217
LOCAL,0314,SEWER FUND,31,DEPARTMENT OF LAW,2005,DEPARTMENT OF LAW,162,REPAIR/MAINT EQUIPMENT,120,120,116
LOCAL,0314,SEWER FUND,31,DEPARTMENT OF LAW,2005,DEPARTMENT OF LAW,166,"DUES, SUBSC & MEM",5187,5187,4906
LOCAL,0314,SEWER FUND,31,DEPARTMENT OF LAW,2005,DEPARTMENT OF LAW,169,TECHNICAL MEETING COSTS,1400,1400,1260
LOCAL,0314,SEWER FUND,31,DEPARTMENT OF LAW,2005,DEPARTMENT OF LAW,178,FREIGHT AND EXPRESS CHARGES,523,523,950
LOCAL,0314,SEWER FUND,31,DEPARTMENT OF LAW,2005,DEPARTMENT OF LAW,181,MOBILE COMMUNICATION SERVICES,756,756,728
LOCAL,0314,SEWER FUND,31,DEPARTMENT OF LAW,2005,DEPARTMENT OF LAW,190,TELEPHONE - NON-CENTREX BILLINGS,3976,3976,4040
LOCAL,0314,SEWER FUND,31,DEPARTMENT OF LAW,2005,DEPARTMENT OF LAW,191,TELEPHONE - RELOCATIONS,0,0,100
LOCAL,0314,SEWER FUND,31,DEPARTMENT OF LAW,2005,DEPARTMENT OF LAW,197,TELEPHONE - MAINTENANCE,788,788,756
LOCAL,0314,SEWER FUND,31,DEPARTMENT OF LAW,2005,DEPARTMENT OF LAW,229,TRANSPORTATION AND EXPENSE ALLOWANCE,0,0,100
LOCAL,0314,SEWER FUND,31,DEPARTMENT OF LAW,2005,DEPARTMENT OF LAW,245,REIMBURSEMENT TO TRAVELERS,2022,2022,1626
LOCAL,0314,SEWER FUND,31,DEPARTMENT OF LAW,2005,DEPARTMENT OF LAW,270,LOCAL TRANSPORTATION,1173,1173,1293
LOCAL,0314,SEWER FUND,31,DEPARTMENT OF LAW,2005,DEPARTMENT OF LAW,348,BOOKS AND RELATED MATERIAL,736,736,692
LOCAL,0314,SEWER FUND,31,DEPARTMENT OF LAW,2005,DEPARTMENT OF LAW,350,STATIONERY AND OFFICE SUPPLIES,4718,4718,4185
LOCAL,0314,SEWER FUND,31,DEPARTMENT OF LAW,2005,DEPARTMENT OF LAW,9438,REIMBURSEMENT - 2FM,567,567,567
LOCAL,0610,MIDWAY AIRPORT FUND,31,DEPARTMENT OF LAW,2005,DEPARTMENT OF LAW,5,SALARIES AND WAGES - ON PAYROLL,390478,390478,381634
LOCAL,0610,MIDWAY AIRPORT FUND,31,DEPARTMENT OF LAW,2005,DEPARTMENT OF LAW,20,OVERTIME,1416,1416,1256
LOCAL,0610,MIDWAY AIRPORT FUND,31,DEPARTMENT OF LAW,2005,DEPARTMENT OF LAW,39,STUDENT AS TRAINEES,420,420,150
LOCAL,0610,MIDWAY AIRPORT FUND,31,DEPARTMENT OF LAW,2005,DEPARTMENT OF LAW,130,POSTAGE,1662,1662,934
LOCAL,0610,MIDWAY AIRPORT FUND,31,DEPARTMENT OF LAW,2005,DEPARTMENT OF LAW,138,IT MAINTENANCE,9638,9638,11470
LOCAL,0610,MIDWAY AIRPORT FUND,31,DEPARTMENT OF LAW,2005,DEPARTMENT OF LAW,140,PROFESSIONAL AND TECHNICAL SERVICES,29727,29727,26735
LOCAL,0610,MIDWAY AIRPORT FUND,31,DEPARTMENT OF LAW,2005,DEPARTMENT OF LAW,141,APPRAISALS,200,200,200
LOCAL,0610,MIDWAY AIRPORT FUND,31,DEPARTMENT OF LAW,2005,DEPARTMENT OF LAW,143,COURT REPORTING,20000,20000,18800
LOCAL,0610,MIDWAY AIRPORT FUND,31,DEPARTMENT OF LAW,2005,DEPARTMENT OF LAW,145,LEGAL EXPENSES,3385,3385,3609
LOCAL,0610,MIDWAY AIRPORT FUND,31,DEPARTMENT OF LAW,2005,DEPARTMENT OF LAW,149,SOFTWARE MAINTENANCE AND LICENSING,365,365,4895
LOCAL,0610,MIDWAY AIRPORT FUND,31,DEPARTMENT OF LAW,2005,DEPARTMENT OF LAW,150,PUBLICATN & REPRODT-OUT,375,375,287
LOCAL,0610,MIDWAY AIRPORT FUND,31,DEPARTMENT OF LAW,2005,DEPARTMENT OF LAW,154,RENTAL-DATA HARDWARE EQ,4800,4800,0
LOCAL,0610,MIDWAY AIRPORT FUND,31,DEPARTMENT OF LAW,2005,DEPARTMENT OF LAW,157,RENTAL EQUIPMENT AND SERVICES,330,330,369
LOCAL,0610,MIDWAY AIRPORT FUND,31,DEPARTMENT OF LAW,2005,DEPARTMENT OF LAW,159,LEASE PURCHASE AGREEMNT,0,0,3447
LOCAL,0610,MIDWAY AIRPORT FUND,31,DEPARTMENT OF LAW,2005,DEPARTMENT OF LAW,162,REPAIR/MAINT EQUIPMENT,129,129,124
LOCAL,0610,MIDWAY AIRPORT FUND,31,DEPARTMENT OF LAW,2005,DEPARTMENT OF LAW,166,"DUES, SUBSC & MEM",5558,5558,5249
LOCAL,0610,MIDWAY AIRPORT FUND,31,DEPARTMENT OF LAW,2005,DEPARTMENT OF LAW,169,TECHNICAL MEETING COSTS,1500,1500,1350
LOCAL,0610,MIDWAY AIRPORT FUND,31,DEPARTMENT OF LAW,2005,DEPARTMENT OF LAW,178,FREIGHT AND EXPRESS CHARGES,506,506,943
LOCAL,0610,MIDWAY AIRPORT FUND,31,DEPARTMENT OF LAW,2005,DEPARTMENT OF LAW,181,MOBILE COMMUNICATION SERVICES,810,810,780
LOCAL,0610,MIDWAY AIRPORT FUND,31,DEPARTMENT OF LAW,2005,DEPARTMENT OF LAW,190,TELEPHONE - NON-CENTREX BILLINGS,4260,4260,4329
LOCAL,0610,MIDWAY AIRPORT FUND,31,DEPARTMENT OF LAW,2005,DEPARTMENT OF LAW,191,TELEPHONE - RELOCATIONS,0,0,100
LOCAL,0610,MIDWAY AIRPORT FUND,31,DEPARTMENT OF LAW,2005,DEPARTMENT OF LAW,197,TELEPHONE - MAINTENANCE,845,845,810
LOCAL,0610,MIDWAY AIRPORT FUND,31,DEPARTMENT OF LAW,2005,DEPARTMENT OF LAW,229,TRANSPORTATION AND EXPENSE ALLOWANCE,0,0,100
LOCAL,0610,MIDWAY AIRPORT FUND,31,DEPARTMENT OF LAW,2005,DEPARTMENT OF LAW,245,REIMBURSEMENT TO TRAVELERS,1677,1677,1384
LOCAL,0610,MIDWAY AIRPORT FUND,31,DEPARTMENT OF LAW,2005,DEPARTMENT OF LAW,270,LOCAL TRANSPORTATION,1053,1053,1202
LOCAL,0610,MIDWAY AIRPORT FUND,31,DEPARTMENT OF LAW,2005,DEPARTMENT OF LAW,348,BOOKS AND RELATED MATERIAL,789,789,741
LOCAL,0610,MIDWAY AIRPORT FUND,31,DEPARTMENT OF LAW,2005,DEPARTMENT OF LAW,350,STATIONERY AND OFFICE SUPPLIES,5056,5056,4483
LOCAL,0610,MIDWAY AIRPORT FUND,31,DEPARTMENT OF LAW,2005,DEPARTMENT OF LAW,9438,REIMBURSEMENT - 2FM,608,608,608
LOCAL,0740,O'HARE REVENUE FUND,31,DEPARTMENT OF LAW,2005,DEPARTMENT OF LAW,5,SALARIES AND WAGES - ON PAYROLL,1573318,1573318,1672666
LOCAL,0740,O'HARE REVENUE FUND,31,DEPARTMENT OF LAW,2005,DEPARTMENT OF LAW,11,CONTRACT WAGE - SALARY,0,0,262
LOCAL,0740,O'HARE REVENUE FUND,31,DEPARTMENT OF LAW,2005,DEPARTMENT OF LAW,15,SCHEDULE SALARY ADJUSTMENTS,3806,3806,3110
LOCAL,0740,O'HARE REVENUE FUND,31,DEPARTMENT OF LAW,2005,DEPARTMENT OF LAW,20,OVERTIME,1434,1434,1263
LOCAL,0740,O'HARE REVENUE FUND,31,DEPARTMENT OF LAW,2005,DEPARTMENT OF LAW,39,STUDENT AS TRAINEES,840,840,300
LOCAL,0740,O'HARE REVENUE FUND,31,DEPARTMENT OF LAW,2005,DEPARTMENT OF LAW,130,POSTAGE,1662,1662,1395
LOCAL,0740,O'HARE REVENUE FUND,31,DEPARTMENT OF LAW,2005,DEPARTMENT OF LAW,138,IT MAINTENANCE,19275,19275,18262
LOCAL,0740,O'HARE REVENUE FUND,31,DEPARTMENT OF LAW,2005,DEPARTMENT OF LAW,140,PROFESSIONAL AND TECHNICAL SERVICES,66009,66009,60804
LOCAL,0740,O'HARE REVENUE FUND,31,DEPARTMENT OF LAW,2005,DEPARTMENT OF LAW,141,APPRAISALS,200,200,200
LOCAL,0740,O'HARE REVENUE FUND,31,DEPARTMENT OF LAW,2005,DEPARTMENT OF LAW,143,COURT REPORTING,27939,27939,27241
LOCAL,0740,O'HARE REVENUE FUND,31,DEPARTMENT OF LAW,2005,DEPARTMENT OF LAW,145,LEGAL EXPENSES,4140,4140,4276
LOCAL,0740,O'HARE REVENUE FUND,31,DEPARTMENT OF LAW,2005,DEPARTMENT OF LAW,149,SOFTWARE MAINTENANCE AND LICENSING,731,731,9790
LOCAL,0740,O'HARE REVENUE FUND,31,DEPARTMENT OF LAW,2005,DEPARTMENT OF LAW,150,PUBLICATN & REPRODT-OUT,750,750,799
LOCAL,0740,O'HARE REVENUE FUND,31,DEPARTMENT OF LAW,2005,DEPARTMENT OF LAW,154,RENTAL-DATA HARDWARE EQ,9600,9600,0
LOCAL,0740,O'HARE REVENUE FUND,31,DEPARTMENT OF LAW,2005,DEPARTMENT OF LAW,157,RENTAL EQUIPMENT AND SERVICES,660,660,738
LOCAL,0740,O'HARE REVENUE FUND,31,DEPARTMENT OF LAW,2005,DEPARTMENT OF LAW,159,LEASE PURCHASE AGREEMNT,0,0,8894
LOCAL,0740,O'HARE REVENUE FUND,31,DEPARTMENT OF LAW,2005,DEPARTMENT OF LAW,162,REPAIR/MAINT EQUIPMENT,258,258,250
LOCAL,0740,O'HARE REVENUE FUND,31,DEPARTMENT OF LAW,2005,DEPARTMENT OF LAW,166,"DUES, SUBSC & MEM",19166,19166,15448
LOCAL,0740,O'HARE REVENUE FUND,31,DEPARTMENT OF LAW,2005,DEPARTMENT OF LAW,169,TECHNICAL MEETING COSTS,3000,3000,2700
LOCAL,0740,O'HARE REVENUE FUND,31,DEPARTMENT OF LAW,2005,DEPARTMENT OF LAW,178,FREIGHT AND EXPRESS CHARGES,1494,1494,1735
LOCAL,0740,O'HARE REVENUE FUND,31,DEPARTMENT OF LAW,2005,DEPARTMENT OF LAW,181,MOBILE COMMUNICATION SERVICES,1620,1620,1560
LOCAL,0740,O'HARE REVENUE FUND,31,DEPARTMENT OF LAW,2005,DEPARTMENT OF LAW,190,TELEPHONE - NON-CENTREX BILLINGS,8520,8520,8658
LOCAL,0740,O'HARE REVENUE FUND,31,DEPARTMENT OF LAW,2005,DEPARTMENT OF LAW,191,TELEPHONE - RELOCATIONS,0,0,100
LOCAL,0740,O'HARE REVENUE FUND,31,DEPARTMENT OF LAW,2005,DEPARTMENT OF LAW,197,TELEPHONE - MAINTENANCE,1690,1690,1620
LOCAL,0740,O'HARE REVENUE FUND,31,DEPARTMENT OF LAW,2005,DEPARTMENT OF LAW,229,TRANSPORTATION AND EXPENSE ALLOWANCE,724,724,181
LOCAL,0740,O'HARE REVENUE FUND,31,DEPARTMENT OF LAW,2005,DEPARTMENT OF LAW,245,REIMBURSEMENT TO TRAVELERS,2373,2373,2057
LOCAL,0740,O'HARE REVENUE FUND,31,DEPARTMENT OF LAW,2005,DEPARTMENT OF LAW,270,LOCAL TRANSPORTATION,2414,2414,2174
LOCAL,0740,O'HARE REVENUE FUND,31,DEPARTMENT OF LAW,2005,DEPARTMENT OF LAW,348,BOOKS AND RELATED MATERIAL,1577,1577,1482
LOCAL,0740,O'HARE REVENUE FUND,31,DEPARTMENT OF LAW,2005,DEPARTMENT OF LAW,350,STATIONERY AND OFFICE SUPPLIES,10110,10110,8966
LOCAL,0740,O'HARE REVENUE FUND,31,DEPARTMENT OF LAW,2005,DEPARTMENT OF LAW,9438,REIMBURSEMENT - 2FM,1215,1215,1215
LOCAL,0B21,TIF ADMINISTRATION,31,DEPARTMENT OF LAW,2005,DEPARTMENT OF LAW,5,SALARIES AND WAGES - ON PAYROLL,1132342,1132342,1136242
LOCAL,0B21,TIF ADMINISTRATION,31,DEPARTMENT OF LAW,2005,DEPARTMENT OF LAW,11,CONTRACT WAGE - SALARY,0,0,402
CDBG,0J41,CDBG,31,DEPARTMENT OF LAW,2515,CODE ENFORCEMENT,5,SALARIES AND WAGES - ON PAYROLL,1280239,1280239,1271601
CDBG,0J41,CDBG,31,DEPARTMENT OF LAW,2515,CODE ENFORCEMENT,8,PAYMENT RETROACTIVE SALARIES,0,0,14162
CDBG,0J41,CDBG,31,DEPARTMENT OF LAW,2515,CODE ENFORCEMENT,11,CONTRACT WAGE - SALARY,0,0,2596
CDBG,0J41,CDBG,31,DEPARTMENT OF LAW,2515,CODE ENFORCEMENT,15,SCHEDULE SALARY ADJUSTMENTS,2496,2496,2973
CDBG,0J41,CDBG,31,DEPARTMENT OF LAW,2515,CODE ENFORCEMENT,20,OVERTIME,5760,5760,5120
CDBG,0J41,CDBG,31,DEPARTMENT OF LAW,2515,CODE ENFORCEMENT,44,FRINGE BENEFITS,484271,484271,474743
CDBG,0J41,CDBG,31,DEPARTMENT OF LAW,2515,CODE ENFORCEMENT,130,POSTAGE,4858,4858,794
CDBG,0J41,CDBG,31,DEPARTMENT OF LAW,2515,CODE ENFORCEMENT,140,PROFESSIONAL AND TECHNICAL SERVICES,17371,17371,694
CDBG,0J41,CDBG,31,DEPARTMENT OF LAW,2515,CODE ENFORCEMENT,178,FREIGHT AND EXPRESS CHARGES,174,174,100
CDBG,0J41,CDBG,31,DEPARTMENT OF LAW,2515,CODE ENFORCEMENT,245,REIMBURSEMENT TO TRAVELERS,868,868,0
CDBG,0J41,CDBG,31,DEPARTMENT OF LAW,2515,CODE ENFORCEMENT,270,LOCAL TRANSPORTATION,3015,3015,2155
LOCAL,0100,CORPORATE FUND,33,DEPARTMENT OF HUMAN RESOURCES,2005,DEPARTMENT OF HUMAN RESOURCES,5,SALARIES AND WAGES - ON PAYROLL,4488583,4488583,4471627
LOCAL,0100,CORPORATE FUND,33,DEPARTMENT OF HUMAN RESOURCES,2005,DEPARTMENT OF HUMAN RESOURCES,11,CONTRACT WAGE - SALARY,0,0,3279
LOCAL,0100,CORPORATE FUND,33,DEPARTMENT OF HUMAN RESOURCES,2005,DEPARTMENT OF HUMAN RESOURCES,15,SCHEDULE SALARY ADJUSTMENTS,48847,48847,38773
LOCAL,0100,CORPORATE FUND,33,DEPARTMENT OF HUMAN RESOURCES,2005,DEPARTMENT OF HUMAN RESOURCES,39,STUDENT AS TRAINEES,30000,30000,30000
LOCAL,0100,CORPORATE FUND,33,DEPARTMENT OF HUMAN RESOURCES,2005,DEPARTMENT OF HUMAN RESOURCES,50,STIPENDS,21000,21000,21000
LOCAL,0100,CORPORATE FUND,33,DEPARTMENT OF HUMAN RESOURCES,2005,DEPARTMENT OF HUMAN RESOURCES,130,POSTAGE,8560,8560,8360
LOCAL,0100,CORPORATE FUND,33,DEPARTMENT OF HUMAN RESOURCES,2005,DEPARTMENT OF HUMAN RESOURCES,140,PROFESSIONAL AND TECHNICAL SERVICES,287835,287835,260335
LOCAL,0100,CORPORATE FUND,33,DEPARTMENT OF HUMAN RESOURCES,2005,DEPARTMENT OF HUMAN RESOURCES,143,COURT REPORTING,78000,78000,78000
LOCAL,0100,CORPORATE FUND,33,DEPARTMENT OF HUMAN RESOURCES,2005,DEPARTMENT OF HUMAN RESOURCES,149,SOFTWARE MAINTENANCE AND LICENSING,7710,7710,9719
LOCAL,0100,CORPORATE FUND,33,DEPARTMENT OF HUMAN RESOURCES,2005,DEPARTMENT OF HUMAN RESOURCES,150,PUBLICATN & REPRODT-OUT,7500,7500,3000
LOCAL,0100,CORPORATE FUND,33,DEPARTMENT OF HUMAN RESOURCES,2005,DEPARTMENT OF HUMAN RESOURCES,152,ADVERTISING,6980,6980,15480
LOCAL,0100,CORPORATE FUND,33,DEPARTMENT OF HUMAN RESOURCES,2005,DEPARTMENT OF HUMAN RESOURCES,159,LEASE PURCHASE AGREEMNT,27410,27410,14583
LOCAL,0100,CORPORATE FUND,33,DEPARTMENT OF HUMAN RESOURCES,2005,DEPARTMENT OF HUMAN RESOURCES,162,REPAIR/MAINT EQUIPMENT,10054,10054,7400
LOCAL,0100,CORPORATE FUND,33,DEPARTMENT OF HUMAN RESOURCES,2005,DEPARTMENT OF HUMAN RESOURCES,166,"DUES, SUBSC & MEM",9100,9100,10780
LOCAL,0100,CORPORATE FUND,33,DEPARTMENT OF HUMAN RESOURCES,2005,DEPARTMENT OF HUMAN RESOURCES,169,TECHNICAL MEETING COSTS,11000,11000,15178
LOCAL,0100,CORPORATE FUND,33,DEPARTMENT OF HUMAN RESOURCES,2005,DEPARTMENT OF HUMAN RESOURCES,178,FREIGHT AND EXPRESS CHARGES,2250,2250,2250
LOCAL,0100,CORPORATE FUND,33,DEPARTMENT OF HUMAN RESOURCES,2005,DEPARTMENT OF HUMAN RESOURCES,181,MOBILE COMMUNICATION SERVICES,3300,3300,3216
LOCAL,0100,CORPORATE FUND,33,DEPARTMENT OF HUMAN RESOURCES,2005,DEPARTMENT OF HUMAN RESOURCES,190,TELEPHONE - NON-CENTREX BILLINGS,29000,29000,30100
LOCAL,0100,CORPORATE FUND,33,DEPARTMENT OF HUMAN RESOURCES,2005,DEPARTMENT OF HUMAN RESOURCES,197,TELEPHONE - MAINTENANCE,6305,6305,6275
LOCAL,0100,CORPORATE FUND,33,DEPARTMENT OF HUMAN RESOURCES,2005,DEPARTMENT OF HUMAN RESOURCES,270,LOCAL TRANSPORTATION,2210,2210,3060
LOCAL,0100,CORPORATE FUND,33,DEPARTMENT OF HUMAN RESOURCES,2005,DEPARTMENT OF HUMAN RESOURCES,340,MATERIAL AND SUPPLIES,20068,20068,20068
LOCAL,0100,CORPORATE FUND,33,DEPARTMENT OF HUMAN RESOURCES,2005,DEPARTMENT OF HUMAN RESOURCES,350,STATIONERY AND OFFICE SUPPLIES,13133,13133,22657
LOCAL,0100,CORPORATE FUND,33,DEPARTMENT OF HUMAN RESOURCES,2005,DEPARTMENT OF HUMAN RESOURCES,9067,PHYSICAL EXAMS,170000,170000,210000
LOCAL,0200,WATER FUND,33,DEPARTMENT OF HUMAN RESOURCES,2005,DEPARTMENT OF HUMAN RESOURCES,5,SALARIES AND WAGES - ON PAYROLL,208107,208107,218436
LOCAL,0200,WATER FUND,33,DEPARTMENT OF HUMAN RESOURCES,2005,DEPARTMENT OF HUMAN RESOURCES,11,CONTRACT WAGE - SALARY,0,0,777
LOCAL,0200,WATER FUND,33,DEPARTMENT OF HUMAN RESOURCES,2005,DEPARTMENT OF HUMAN RESOURCES,15,SCHEDULE SALARY ADJUSTMENTS,5430,5430,5750
LOCAL,0200,WATER FUND,33,DEPARTMENT OF HUMAN RESOURCES,2005,DEPARTMENT OF HUMAN RESOURCES,130,POSTAGE,176,176,176
LOCAL,0200,WATER FUND,33,DEPARTMENT OF HUMAN RESOURCES,2005,DEPARTMENT OF HUMAN RESOURCES,140,PROFESSIONAL AND TECHNICAL SERVICES,10000,10000,10000
LOCAL,0200,WATER FUND,33,DEPARTMENT OF HUMAN RESOURCES,2005,DEPARTMENT OF HUMAN RESOURCES,270,LOCAL TRANSPORTATION,500,500,500
LOCAL,0200,WATER FUND,33,DEPARTMENT OF HUMAN RESOURCES,2005,DEPARTMENT OF HUMAN RESOURCES,350,STATIONERY AND OFFICE SUPPLIES,260,260,250
LOCAL,0200,WATER FUND,33,DEPARTMENT OF HUMAN RESOURCES,2005,DEPARTMENT OF HUMAN RESOURCES,9067,PHYSICAL EXAMS,0,0,28584
LOCAL,0610,MIDWAY AIRPORT FUND,33,DEPARTMENT OF HUMAN RESOURCES,2005,DEPARTMENT OF HUMAN RESOURCES,5,SALARIES AND WAGES - ON PAYROLL,69342,69342,75840
LOCAL,0610,MIDWAY AIRPORT FUND,33,DEPARTMENT OF HUMAN RESOURCES,2005,DEPARTMENT OF HUMAN RESOURCES,11,CONTRACT WAGE - SALARY,0,0,379
LOCAL,0610,MIDWAY AIRPORT FUND,33,DEPARTMENT OF HUMAN RESOURCES,2005,DEPARTMENT OF HUMAN RESOURCES,15,SCHEDULE SALARY ADJUSTMENTS,2640,2640,1904
LOCAL,0740,O'HARE REVENUE FUND,33,DEPARTMENT OF HUMAN RESOURCES,2005,DEPARTMENT OF HUMAN RESOURCES,5,SALARIES AND WAGES - ON PAYROLL,226026,226026,233544
LOCAL,0740,O'HARE REVENUE FUND,33,DEPARTMENT OF HUMAN RESOURCES,2005,DEPARTMENT OF HUMAN RESOURCES,11,CONTRACT WAGE - SALARY,0,0,853
LOCAL,0740,O'HARE REVENUE FUND,33,DEPARTMENT OF HUMAN RESOURCES,2005,DEPARTMENT OF HUMAN RESOURCES,15,SCHEDULE SALARY ADJUSTMENTS,2790,2790,3030
LOCAL,0740,O'HARE REVENUE FUND,33,DEPARTMENT OF HUMAN RESOURCES,2005,DEPARTMENT OF HUMAN RESOURCES,130,POSTAGE,396,396,350
LOCAL,0740,O'HARE REVENUE FUND,33,DEPARTMENT OF HUMAN RESOURCES,2005,DEPARTMENT OF HUMAN RESOURCES,140,PROFESSIONAL AND TECHNICAL SERVICES,14050,14050,14050
LOCAL,0740,O'HARE REVENUE FUND,33,DEPARTMENT OF HUMAN RESOURCES,2005,DEPARTMENT OF HUMAN RESOURCES,168,EDUCATION DEVELOPMENT,15000,15000,15000
LOCAL,0740,O'HARE REVENUE FUND,33,DEPARTMENT OF HUMAN RESOURCES,2005,DEPARTMENT OF HUMAN RESOURCES,270,LOCAL TRANSPORTATION,600,600,0
LOCAL,0740,O'HARE REVENUE FUND,33,DEPARTMENT OF HUMAN RESOURCES,2005,DEPARTMENT OF HUMAN RESOURCES,350,STATIONERY AND OFFICE SUPPLIES,3000,3000,1000
LOCAL,0740,O'HARE REVENUE FUND,33,DEPARTMENT OF HUMAN RESOURCES,2005,DEPARTMENT OF HUMAN RESOURCES,9067,PHYSICAL EXAMS,0,0,26416
LOCAL,0100,CORPORATE FUND,35,DEPARTMENT OF PROCUREMENT SERV,2005,DEPARTMENT OF PROCUREMENT SERV,5,SALARIES AND WAGES - ON PAYROLL,5042148,5042148,5201816
LOCAL,0100,CORPORATE FUND,35,DEPARTMENT OF PROCUREMENT SERV,2005,DEPARTMENT OF PROCUREMENT SERV,11,CONTRACT WAGE - SALARY,0,0,3653
LOCAL,0100,CORPORATE FUND,35,DEPARTMENT OF PROCUREMENT SERV,2005,DEPARTMENT OF PROCUREMENT SERV,12,CONTRACT WAGE - PREVAILING RATE,2109,2109,2117
LOCAL,0100,CORPORATE FUND,35,DEPARTMENT OF PROCUREMENT SERV,2005,DEPARTMENT OF PROCUREMENT SERV,15,SCHEDULE SALARY ADJUSTMENTS,30795,30795,42849
LOCAL,0100,CORPORATE FUND,35,DEPARTMENT OF PROCUREMENT SERV,2005,DEPARTMENT OF PROCUREMENT SERV,39,STUDENT AS TRAINEES,0,0,20000
LOCAL,0100,CORPORATE FUND,35,DEPARTMENT OF PROCUREMENT SERV,2005,DEPARTMENT OF PROCUREMENT SERV,130,POSTAGE,12848,12848,12900
LOCAL,0100,CORPORATE FUND,35,DEPARTMENT OF PROCUREMENT SERV,2005,DEPARTMENT OF PROCUREMENT SERV,140,PROFESSIONAL AND TECHNICAL SERVICES,979700,979700,949200
LOCAL,0100,CORPORATE FUND,35,DEPARTMENT OF PROCUREMENT SERV,2005,DEPARTMENT OF PROCUREMENT SERV,152,ADVERTISING,36000,36000,35800
LOCAL,0100,CORPORATE FUND,35,DEPARTMENT OF PROCUREMENT SERV,2005,DEPARTMENT OF PROCUREMENT SERV,157,RENTAL EQUIPMENT AND SERVICES,0,0,12180
LOCAL,0100,CORPORATE FUND,35,DEPARTMENT OF PROCUREMENT SERV,2005,DEPARTMENT OF PROCUREMENT SERV,160,REPAIR/MAINT PROPERTY,9300,9300,10980
LOCAL,0100,CORPORATE FUND,35,DEPARTMENT OF PROCUREMENT SERV,2005,DEPARTMENT OF PROCUREMENT SERV,162,REPAIR/MAINT EQUIPMENT,72800,72800,48470
LOCAL,0100,CORPORATE FUND,35,DEPARTMENT OF PROCUREMENT SERV,2005,DEPARTMENT OF PROCUREMENT SERV,168,EDUCATION DEVELOPMENT,4500,4500,4500
LOCAL,0100,CORPORATE FUND,35,DEPARTMENT OF PROCUREMENT SERV,2005,DEPARTMENT OF PROCUREMENT SERV,169,TECHNICAL MEETING COSTS,6800,6800,7900
LOCAL,0100,CORPORATE FUND,35,DEPARTMENT OF PROCUREMENT SERV,2005,DEPARTMENT OF PROCUREMENT SERV,178,FREIGHT AND EXPRESS CHARGES,700,700,700
LOCAL,0100,CORPORATE FUND,35,DEPARTMENT OF PROCUREMENT SERV,2005,DEPARTMENT OF PROCUREMENT SERV,181,MOBILE COMMUNICATION SERVICES,9280,9280,11505
LOCAL,0100,CORPORATE FUND,35,DEPARTMENT OF PROCUREMENT SERV,2005,DEPARTMENT OF PROCUREMENT SERV,190,TELEPHONE - NON-CENTREX BILLINGS,26000,26000,23600
LOCAL,0100,CORPORATE FUND,35,DEPARTMENT OF PROCUREMENT SERV,2005,DEPARTMENT OF PROCUREMENT SERV,197,TELEPHONE - MAINTENANCE,6500,6500,6500
LOCAL,0100,CORPORATE FUND,35,DEPARTMENT OF PROCUREMENT SERV,2005,DEPARTMENT OF PROCUREMENT SERV,229,TRANSPORTATION AND EXPENSE ALLOWANCE,200,200,200
LOCAL,0100,CORPORATE FUND,35,DEPARTMENT OF PROCUREMENT SERV,2005,DEPARTMENT OF PROCUREMENT SERV,245,REIMBURSEMENT TO TRAVELERS,2500,2500,8000
LOCAL,0100,CORPORATE FUND,35,DEPARTMENT OF PROCUREMENT SERV,2005,DEPARTMENT OF PROCUREMENT SERV,270,LOCAL TRANSPORTATION,2490,2490,3290
LOCAL,0100,CORPORATE FUND,35,DEPARTMENT OF PROCUREMENT SERV,2005,DEPARTMENT OF PROCUREMENT SERV,340,MATERIAL AND SUPPLIES,3000,3000,2500
LOCAL,0100,CORPORATE FUND,35,DEPARTMENT OF PROCUREMENT SERV,2005,DEPARTMENT OF PROCUREMENT SERV,350,STATIONERY AND OFFICE SUPPLIES,18950,18950,23350
LOCAL,0200,WATER FUND,35,DEPARTMENT OF PROCUREMENT SERV,2005,DEPARTMENT OF PROCUREMENT SERV,5,SALARIES AND WAGES - ON PAYROLL,178572,178572,188316
LOCAL,0200,WATER FUND,35,DEPARTMENT OF PROCUREMENT SERV,2005,DEPARTMENT OF PROCUREMENT SERV,15,SCHEDULE SALARY ADJUSTMENTS,4138,4138,3134
LOCAL,0740,O'HARE REVENUE FUND,35,DEPARTMENT OF PROCUREMENT SERV,2005,DEPARTMENT OF PROCUREMENT SERV,5,SALARIES AND WAGES - ON PAYROLL,1229664,1229664,1194084
LOCAL,0740,O'HARE REVENUE FUND,35,DEPARTMENT OF PROCUREMENT SERV,2005,DEPARTMENT OF PROCUREMENT SERV,11,CONTRACT WAGE - SALARY,0,0,0
LOCAL,0740,O'HARE REVENUE FUND,35,DEPARTMENT OF PROCUREMENT SERV,2005,DEPARTMENT OF PROCUREMENT SERV,15,SCHEDULE SALARY ADJUSTMENTS,16766,16766,9960
LOCAL,0740,O'HARE REVENUE FUND,35,DEPARTMENT OF PROCUREMENT SERV,2005,DEPARTMENT OF PROCUREMENT SERV,130,POSTAGE,1200,1200,1200
LOCAL,0740,O'HARE REVENUE FUND,35,DEPARTMENT OF PROCUREMENT SERV,2005,DEPARTMENT OF PROCUREMENT SERV,140,PROFESSIONAL AND TECHNICAL SERVICES,150000,150000,142000
LOCAL,0740,O'HARE REVENUE FUND,35,DEPARTMENT OF PROCUREMENT SERV,2005,DEPARTMENT OF PROCUREMENT SERV,162,REPAIR/MAINT EQUIPMENT,12000,12000,0
LOCAL,0740,O'HARE REVENUE FUND,35,DEPARTMENT OF PROCUREMENT SERV,2005,DEPARTMENT OF PROCUREMENT SERV,190,TELEPHONE - NON-CENTREX BILLINGS,374,374,500
LOCAL,0740,O'HARE REVENUE FUND,35,DEPARTMENT OF PROCUREMENT SERV,2005,DEPARTMENT OF PROCUREMENT SERV,245,REIMBURSEMENT TO TRAVELERS,0,0,2000
LOCAL,0740,O'HARE REVENUE FUND,35,DEPARTMENT OF PROCUREMENT SERV,2005,DEPARTMENT OF PROCUREMENT SERV,270,LOCAL TRANSPORTATION,1000,1000,500
LOCAL,0740,O'HARE REVENUE FUND,35,DEPARTMENT OF PROCUREMENT SERV,2005,DEPARTMENT OF PROCUREMENT SERV,350,STATIONERY AND OFFICE SUPPLIES,773,773,1000
LOCAL,0100,CORPORATE FUND,38,FLEET AND FACILITY MGMT,2103,BUREAU OF FINANCE AND ADMIN,5,SALARIES AND WAGES - ON PAYROLL,2777853,2777853,2905941
LOCAL,0100,CORPORATE FUND,38,FLEET AND FACILITY MGMT,2103,BUREAU OF FINANCE AND ADMIN,11,CONTRACT WAGE - SALARY,0,0,6788
LOCAL,0100,CORPORATE FUND,38,FLEET AND FACILITY MGMT,2103,BUREAU OF FINANCE AND ADMIN,15,SCHEDULE SALARY ADJUSTMENTS,19697,19697,13628
LOCAL,0100,CORPORATE FUND,38,FLEET AND FACILITY MGMT,2103,BUREAU OF FINANCE AND ADMIN,140,PROFESSIONAL AND TECHNICAL SERVICES,20000,20000,20000
LOCAL,0100,CORPORATE FUND,38,FLEET AND FACILITY MGMT,2103,BUREAU OF FINANCE AND ADMIN,143,COURT REPORTING,5000,5000,5000
LOCAL,0100,CORPORATE FUND,38,FLEET AND FACILITY MGMT,2103,BUREAU OF FINANCE AND ADMIN,148,TESTING AND INSPECTING,2000,2000,2000
LOCAL,0100,CORPORATE FUND,38,FLEET AND FACILITY MGMT,2103,BUREAU OF FINANCE AND ADMIN,152,ADVERTISING,2000,2000,2000
LOCAL,0100,CORPORATE FUND,38,FLEET AND FACILITY MGMT,2103,BUREAU OF FINANCE AND ADMIN,159,LEASE PURCHASE AGREEMNT,141000,141000,75000
LOCAL,0100,CORPORATE FUND,38,FLEET AND FACILITY MGMT,2103,BUREAU OF FINANCE AND ADMIN,166,"DUES, SUBSC & MEM",3250,3250,14050
LOCAL,0100,CORPORATE FUND,38,FLEET AND FACILITY MGMT,2103,BUREAU OF FINANCE AND ADMIN,181,MOBILE COMMUNICATION SERVICES,150000,150000,136948
LOCAL,0100,CORPORATE FUND,38,FLEET AND FACILITY MGMT,2103,BUREAU OF FINANCE AND ADMIN,189,TELEPHONE - NON-CENTREX BILLINGS,30400,30400,41700
LOCAL,0100,CORPORATE FUND,38,FLEET AND FACILITY MGMT,2103,BUREAU OF FINANCE AND ADMIN,190,TELEPHONE - NON-CENTREX BILLINGS,194000,194000,213800
LOCAL,0100,CORPORATE FUND,38,FLEET AND FACILITY MGMT,2103,BUREAU OF FINANCE AND ADMIN,191,TELEPHONE - RELOCATIONS,9000,9000,9000
LOCAL,0100,CORPORATE FUND,38,FLEET AND FACILITY MGMT,2103,BUREAU OF FINANCE AND ADMIN,196,DATA CIRCUITS,110000,110000,88500
LOCAL,0100,CORPORATE FUND,38,FLEET AND FACILITY MGMT,2103,BUREAU OF FINANCE AND ADMIN,197,TELEPHONE - MAINTENANCE,33695,33695,33695
LOCAL,0100,CORPORATE FUND,38,FLEET AND FACILITY MGMT,2103,BUREAU OF FINANCE AND ADMIN,270,LOCAL TRANSPORTATION,250,250,0
LOCAL,0100,CORPORATE FUND,38,FLEET AND FACILITY MGMT,2103,BUREAU OF FINANCE AND ADMIN,340,MATERIAL AND SUPPLIES,13000,13000,13000
LOCAL,0100,CORPORATE FUND,38,FLEET AND FACILITY MGMT,2103,BUREAU OF FINANCE AND ADMIN,350,STATIONERY AND OFFICE SUPPLIES,45000,45000,40000
LOCAL,0100,CORPORATE FUND,38,FLEET AND FACILITY MGMT,2126,BUREAU OF FACILITY MANAGEMENT,5,SALARIES AND WAGES - ON PAYROLL,28442525,28442525,29801434
LOCAL,0100,CORPORATE FUND,38,FLEET AND FACILITY MGMT,2126,BUREAU OF FACILITY MANAGEMENT,11,CONTRACT WAGE - SALARY,0,0,5281
LOCAL,0100,CORPORATE FUND,38,FLEET AND FACILITY MGMT,2126,BUREAU OF FACILITY MANAGEMENT,12,CONTRACT WAGE - PREVAILING RATE,482098,482098,319346
LOCAL,0100,CORPORATE FUND,38,FLEET AND FACILITY MGMT,2126,BUREAU OF FACILITY MANAGEMENT,15,SCHEDULE SALARY ADJUSTMENTS,12890,12890,13263
LOCAL,0100,CORPORATE FUND,38,FLEET AND FACILITY MGMT,2126,BUREAU OF FACILITY MANAGEMENT,20,OVERTIME,500000,500000,500000
LOCAL,0100,CORPORATE FUND,38,FLEET AND FACILITY MGMT,2126,BUREAU OF FACILITY MANAGEMENT,91,UNIFORM ALLOWANCE,15400,15400,0
LOCAL,0100,CORPORATE FUND,38,FLEET AND FACILITY MGMT,2126,BUREAU OF FACILITY MANAGEMENT,125,OFFICE AND BUILDING SERVICES,16263982,16263982,17191058
LOCAL,0100,CORPORATE FUND,38,FLEET AND FACILITY MGMT,2126,BUREAU OF FACILITY MANAGEMENT,130,POSTAGE,0,0,45000
LOCAL,0100,CORPORATE FUND,38,FLEET AND FACILITY MGMT,2126,BUREAU OF FACILITY MANAGEMENT,140,PROFESSIONAL AND TECHNICAL SERVICES,4196529,4196529,4286017
LOCAL,0100,CORPORATE FUND,38,FLEET AND FACILITY MGMT,2126,BUREAU OF FACILITY MANAGEMENT,157,RENTAL EQUIPMENT AND SERVICES,345300,345300,445180
LOCAL,0100,CORPORATE FUND,38,FLEET AND FACILITY MGMT,2126,BUREAU OF FACILITY MANAGEMENT,160,REPAIR/MAINT PROPERTY,560000,560000,810000
LOCAL,0100,CORPORATE FUND,38,FLEET AND FACILITY MGMT,2126,BUREAU OF FACILITY MANAGEMENT,162,REPAIR/MAINT EQUIPMENT,1585300,1585300,1835300
LOCAL,0100,CORPORATE FUND,38,FLEET AND FACILITY MGMT,2126,BUREAU OF FACILITY MANAGEMENT,229,TRANSPORTATION AND EXPENSE ALLOWANCE,35000,35000,35000
LOCAL,0100,CORPORATE FUND,38,FLEET AND FACILITY MGMT,2126,BUREAU OF FACILITY MANAGEMENT,313,CLEANING AND SANITATION SUPPLIES,827450,827450,620000
LOCAL,0100,CORPORATE FUND,38,FLEET AND FACILITY MGMT,2126,BUREAU OF FACILITY MANAGEMENT,319,CLOTHING,50712,50712,52612
LOCAL,0100,CORPORATE FUND,38,FLEET AND FACILITY MGMT,2126,BUREAU OF FACILITY MANAGEMENT,340,MATERIAL AND SUPPLIES,1010000,1010000,1658000
LOCAL,0100,CORPORATE FUND,38,FLEET AND FACILITY MGMT,2126,BUREAU OF FACILITY MANAGEMENT,342,"DRUGS, MEDICINE AND CHEMICAL MATERIALS",1660,1660,1660
LOCAL,0100,CORPORATE FUND,38,FLEET AND FACILITY MGMT,2131,BUREAU OF ASSET MANAGEMENT,5,SALARIES AND WAGES - ON PAYROLL,2617381,2617381,3072673
LOCAL,0100,CORPORATE FUND,38,FLEET AND FACILITY MGMT,2131,BUREAU OF ASSET MANAGEMENT,11,CONTRACT WAGE - SALARY,0,0,4092
LOCAL,0100,CORPORATE FUND,38,FLEET AND FACILITY MGMT,2131,BUREAU OF ASSET MANAGEMENT,15,SCHEDULE SALARY ADJUSTMENTS,21339,21339,8785
LOCAL,0100,CORPORATE FUND,38,FLEET AND FACILITY MGMT,2131,BUREAU OF ASSET MANAGEMENT,130,POSTAGE,45000,45000,0
LOCAL,0100,CORPORATE FUND,38,FLEET AND FACILITY MGMT,2131,BUREAU OF ASSET MANAGEMENT,140,PROFESSIONAL AND TECHNICAL SERVICES,2034000,2034000,1707750
LOCAL,0100,CORPORATE FUND,38,FLEET AND FACILITY MGMT,2131,BUREAU OF ASSET MANAGEMENT,141,APPRAISALS,25000,25000,30000
LOCAL,0100,CORPORATE FUND,38,FLEET AND FACILITY MGMT,2131,BUREAU OF ASSET MANAGEMENT,149,SOFTWARE MAINTENANCE AND LICENSING,134600,134600,115500
LOCAL,0100,CORPORATE FUND,38,FLEET AND FACILITY MGMT,2131,BUREAU OF ASSET MANAGEMENT,155,RENTAL OF PROPERTY,11891286,11891286,11498310
LOCAL,0100,CORPORATE FUND,38,FLEET AND FACILITY MGMT,2131,BUREAU OF ASSET MANAGEMENT,157,RENTAL EQUIPMENT AND SERVICES,46000,46000,0
LOCAL,0100,CORPORATE FUND,38,FLEET AND FACILITY MGMT,2131,BUREAU OF ASSET MANAGEMENT,159,LEASE PURCHASE AGREEMNT,299000,299000,280000
LOCAL,0100,CORPORATE FUND,38,FLEET AND FACILITY MGMT,2131,BUREAU OF ASSET MANAGEMENT,160,REPAIR/MAINT PROPERTY,200000,200000,200000
LOCAL,0100,CORPORATE FUND,38,FLEET AND FACILITY MGMT,2131,BUREAU OF ASSET MANAGEMENT,162,REPAIR/MAINT EQUIPMENT,70000,70000,60000
LOCAL,0100,CORPORATE FUND,38,FLEET AND FACILITY MGMT,2131,BUREAU OF ASSET MANAGEMENT,166,"DUES, SUBSC & MEM",2915,2915,1761
LOCAL,0100,CORPORATE FUND,38,FLEET AND FACILITY MGMT,2131,BUREAU OF ASSET MANAGEMENT,169,TECHNICAL MEETING COSTS,6390,6390,38392
LOCAL,0100,CORPORATE FUND,38,FLEET AND FACILITY MGMT,2131,BUREAU OF ASSET MANAGEMENT,179,MESSENGER SERVICES,2500,2500,1500
LOCAL,0100,CORPORATE FUND,38,FLEET AND FACILITY MGMT,2131,BUREAU OF ASSET MANAGEMENT,185,WASTE DISPOSAL SERVICES,4000,4000,1000
LOCAL,0100,CORPORATE FUND,38,FLEET AND FACILITY MGMT,2131,BUREAU OF ASSET MANAGEMENT,229,TRANSPORTATION AND EXPENSE ALLOWANCE,2214,2214,2419
LOCAL,0100,CORPORATE FUND,38,FLEET AND FACILITY MGMT,2131,BUREAU OF ASSET MANAGEMENT,315,MOTOR VEHL DIESEL FUEL,11939360,11939360,5477129
LOCAL,0100,CORPORATE FUND,38,FLEET AND FACILITY MGMT,2131,BUREAU OF ASSET MANAGEMENT,318,OTHER FUEL,340047,340047,275000
LOCAL,0100,CORPORATE FUND,38,FLEET AND FACILITY MGMT,2131,BUREAU OF ASSET MANAGEMENT,320,GASOLINE,16626466,16626466,17424383
LOCAL,0100,CORPORATE FUND,38,FLEET AND FACILITY MGMT,2131,BUREAU OF ASSET MANAGEMENT,322,NATURAL GAS,3695915,3695915,2933151
LOCAL,0100,CORPORATE FUND,38,FLEET AND FACILITY MGMT,2131,BUREAU OF ASSET MANAGEMENT,325,ALTERNATIVE FUEL,244000,244000,140812
LOCAL,0100,CORPORATE FUND,38,FLEET AND FACILITY MGMT,2131,BUREAU OF ASSET MANAGEMENT,331,ELECTRICITY,12445517,12445517,10666356
LOCAL,0100,CORPORATE FUND,38,FLEET AND FACILITY MGMT,2131,BUREAU OF ASSET MANAGEMENT,340,MATERIAL AND SUPPLIES,205158,205158,256130
LOCAL,0100,CORPORATE FUND,38,FLEET AND FACILITY MGMT,2131,BUREAU OF ASSET MANAGEMENT,348,BOOKS AND RELATED MATERIAL,165,165,0
LOCAL,0100,CORPORATE FUND,38,FLEET AND FACILITY MGMT,2131,BUREAU OF ASSET MANAGEMENT,350,STATIONERY AND OFFICE SUPPLIES,410000,410000,370000
LOCAL,0100,CORPORATE FUND,38,FLEET AND FACILITY MGMT,2131,BUREAU OF ASSET MANAGEMENT,9067,PHYSICAL EXAMS,80535,80535,0
LOCAL,0100,CORPORATE FUND,38,FLEET AND FACILITY MGMT,2131,BUREAU OF ASSET MANAGEMENT,9160,PBC,1453341,1453341,512777
LOCAL,0100,CORPORATE FUND,38,FLEET AND FACILITY MGMT,2140,FLEET OPERATIONS,5,SALARIES AND WAGES - ON PAYROLL,30172311,30172311,30548521
LOCAL,0100,CORPORATE FUND,38,FLEET AND FACILITY MGMT,2140,FLEET OPERATIONS,11,CONTRACT WAGE - SALARY,0,0,3710
LOCAL,0100,CORPORATE FUND,38,FLEET AND FACILITY MGMT,2140,FLEET OPERATIONS,12,CONTRACT WAGE - PREVAILING RATE,457261,457261,290324
LOCAL,0100,CORPORATE FUND,38,FLEET AND FACILITY MGMT,2140,FLEET OPERATIONS,15,SCHEDULE SALARY ADJUSTMENTS,23837,23837,22438
LOCAL,0100,CORPORATE FUND,38,FLEET AND FACILITY MGMT,2140,FLEET OPERATIONS,20,OVERTIME,400000,400000,400000
LOCAL,0100,CORPORATE FUND,38,FLEET AND FACILITY MGMT,2140,FLEET OPERATIONS,140,PROFESSIONAL AND TECHNICAL SERVICES,4262982,4212982,4240982
LOCAL,0100,CORPORATE FUND,38,FLEET AND FACILITY MGMT,2140,FLEET OPERATIONS,148,TESTING AND INSPECTING,102060,102060,102060
LOCAL,0100,CORPORATE FUND,38,FLEET AND FACILITY MGMT,2140,FLEET OPERATIONS,149,SOFTWARE MAINTENANCE AND LICENSING,112804,112804,202804
LOCAL,0100,CORPORATE FUND,38,FLEET AND FACILITY MGMT,2140,FLEET OPERATIONS,157,RENTAL EQUIPMENT AND SERVICES,2379483,2379483,2377983
LOCAL,0100,CORPORATE FUND,38,FLEET AND FACILITY MGMT,2140,FLEET OPERATIONS,161,MAINT FACILITIES,216201,216201,57501
LOCAL,0100,CORPORATE FUND,38,FLEET AND FACILITY MGMT,2140,FLEET OPERATIONS,162,REPAIR/MAINT EQUIPMENT,377676,377676,536376
LOCAL,0100,CORPORATE FUND,38,FLEET AND FACILITY MGMT,2140,FLEET OPERATIONS,166,"DUES, SUBSC & MEM",5000,5000,5000
LOCAL,0100,CORPORATE FUND,38,FLEET AND FACILITY MGMT,2140,FLEET OPERATIONS,176,MAINTENANCE AND OPERATION - VEHICLES,5731514,5731514,5852476
LOCAL,0100,CORPORATE FUND,38,FLEET AND FACILITY MGMT,2140,FLEET OPERATIONS,185,WASTE DISPOSAL SERVICES,4704,4704,4704
LOCAL,0100,CORPORATE FUND,38,FLEET AND FACILITY MGMT,2140,FLEET OPERATIONS,188,VEHICLE TRACKING SERVICE,75000,125000,75000
LOCAL,0100,CORPORATE FUND,38,FLEET AND FACILITY MGMT,2140,FLEET OPERATIONS,245,REIMBURSEMENT TO TRAVELERS,10000,10000,10000
LOCAL,0100,CORPORATE FUND,38,FLEET AND FACILITY MGMT,2140,FLEET OPERATIONS,319,CLOTHING,37800,37800,22300
LOCAL,0100,CORPORATE FUND,38,FLEET AND FACILITY MGMT,2140,FLEET OPERATIONS,338,"LICENSE STICKER,TAG AND PLATES",104050,104050,104050
LOCAL,0100,CORPORATE FUND,38,FLEET AND FACILITY MGMT,2140,FLEET OPERATIONS,340,MATERIAL AND SUPPLIES,48912,48912,48912
LOCAL,0100,CORPORATE FUND,38,FLEET AND FACILITY MGMT,2140,FLEET OPERATIONS,342,"DRUGS, MEDICINE AND CHEMICAL MATERIALS",3885,3885,3885
LOCAL,0100,CORPORATE FUND,38,FLEET AND FACILITY MGMT,2140,FLEET OPERATIONS,345,APPARATUS AND INSTRUMENTS,47004,47004,47004
LOCAL,0100,CORPORATE FUND,38,FLEET AND FACILITY MGMT,2140,FLEET OPERATIONS,348,BOOKS AND RELATED MATERIAL,588,588,588
LOCAL,0100,CORPORATE FUND,38,FLEET AND FACILITY MGMT,2140,FLEET OPERATIONS,360,REPAIR PARTS AND MATERIAL,11170427,11170427,11170427
LOCAL,0200,WATER FUND,38,FLEET AND FACILITY MGMT,2126,BUREAU OF FACILITY MANAGEMENT,125,OFFICE AND BUILDING SERVICES,115102,115102,126025
LOCAL,0200,WATER FUND,38,FLEET AND FACILITY MGMT,2126,BUREAU OF FACILITY MANAGEMENT,313,CLEANING AND SANITATION SUPPLIES,10500,10500,5800
LOCAL,0200,WATER FUND,38,FLEET AND FACILITY MGMT,2131,BUREAU OF ASSET MANAGEMENT,140,PROFESSIONAL AND TECHNICAL SERVICES,125000,125000,125000
LOCAL,0200,WATER FUND,38,FLEET AND FACILITY MGMT,2131,BUREAU OF ASSET MANAGEMENT,155,RENTAL OF PROPERTY,401196,401196,403434
LOCAL,0200,WATER FUND,38,FLEET AND FACILITY MGMT,2131,BUREAU OF ASSET MANAGEMENT,315,MOTOR VEHL DIESEL FUEL,2571201,2571201,2571201
LOCAL,0200,WATER FUND,38,FLEET AND FACILITY MGMT,2131,BUREAU OF ASSET MANAGEMENT,320,GASOLINE,196117,196117,196117
LOCAL,0200,WATER FUND,38,FLEET AND FACILITY MGMT,2131,BUREAU OF ASSET MANAGEMENT,322,NATURAL GAS,12635433,12635433,14018639
LOCAL,0200,WATER FUND,38,FLEET AND FACILITY MGMT,2131,BUREAU OF ASSET MANAGEMENT,331,ELECTRICITY,13744566,13744566,14724550
LOCAL,0200,WATER FUND,38,FLEET AND FACILITY MGMT,2140,FLEET OPERATIONS,5,SALARIES AND WAGES - ON PAYROLL,3993028,3993028,4081527
LOCAL,0200,WATER FUND,38,FLEET AND FACILITY MGMT,2140,FLEET OPERATIONS,11,CONTRACT WAGE - SALARY,0,0,1321
LOCAL,0200,WATER FUND,38,FLEET AND FACILITY MGMT,2140,FLEET OPERATIONS,12,CONTRACT WAGE - PREVAILING RATE,47758,47758,32937
LOCAL,0200,WATER FUND,38,FLEET AND FACILITY MGMT,2140,FLEET OPERATIONS,15,SCHEDULE SALARY ADJUSTMENTS,906,906,2215
LOCAL,0200,WATER FUND,38,FLEET AND FACILITY MGMT,2140,FLEET OPERATIONS,20,OVERTIME,120000,120000,120000
LOCAL,0200,WATER FUND,38,FLEET AND FACILITY MGMT,2140,FLEET OPERATIONS,140,PROFESSIONAL AND TECHNICAL SERVICES,398930,398930,398930
LOCAL,0200,WATER FUND,38,FLEET AND FACILITY MGMT,2140,FLEET OPERATIONS,160,REPAIR/MAINT PROPERTY,65800,65800,65800
LOCAL,0200,WATER FUND,38,FLEET AND FACILITY MGMT,2140,FLEET OPERATIONS,176,MAINTENANCE AND OPERATION - VEHICLES,215000,215000,219516
LOCAL,0200,WATER FUND,38,FLEET AND FACILITY MGMT,2140,FLEET OPERATIONS,360,REPAIR PARTS AND MATERIAL,1465798,1465798,1465798
LOCAL,0300,VEHICLE FUND,38,FLEET AND FACILITY MGMT,2126,BUREAU OF FACILITY MANAGEMENT,125,OFFICE AND BUILDING SERVICES,301955,301955,398721
LOCAL,0300,VEHICLE FUND,38,FLEET AND FACILITY MGMT,2126,BUREAU OF FACILITY MANAGEMENT,140,PROFESSIONAL AND TECHNICAL SERVICES,383983,383983,399240
LOCAL,0300,VEHICLE FUND,38,FLEET AND FACILITY MGMT,2126,BUREAU OF FACILITY MANAGEMENT,313,CLEANING AND SANITATION SUPPLIES,28500,28500,26000
LOCAL,0300,VEHICLE FUND,38,FLEET AND FACILITY MGMT,2131,BUREAU OF ASSET MANAGEMENT,140,PROFESSIONAL AND TECHNICAL SERVICES,30000,30000,30000
LOCAL,0300,VEHICLE FUND,38,FLEET AND FACILITY MGMT,2131,BUREAU OF ASSET MANAGEMENT,155,RENTAL OF PROPERTY,1598313,1598313,1838488
LOCAL,0300,VEHICLE FUND,38,FLEET AND FACILITY MGMT,2131,BUREAU OF ASSET MANAGEMENT,315,MOTOR VEHL DIESEL FUEL,2015760,2015760,10319346
LOCAL,0300,VEHICLE FUND,38,FLEET AND FACILITY MGMT,2131,BUREAU OF ASSET MANAGEMENT,320,GASOLINE,1247581,1247581,1320208
LOCAL,0300,VEHICLE FUND,38,FLEET AND FACILITY MGMT,2131,BUREAU OF ASSET MANAGEMENT,322,NATURAL GAS,952846,952846,780984
LOCAL,0300,VEHICLE FUND,38,FLEET AND FACILITY MGMT,2131,BUREAU OF ASSET MANAGEMENT,325,ALTERNATIVE FUEL,0,0,200000
LOCAL,0300,VEHICLE FUND,38,FLEET AND FACILITY MGMT,2131,BUREAU OF ASSET MANAGEMENT,331,ELECTRICITY,3344873,3344873,1350816
LOCAL,0310,MOTOR FUEL TAX FUND,38,FLEET AND FACILITY MGMT,2131,BUREAU OF ASSET MANAGEMENT,315,MOTOR VEHL DIESEL FUEL,1900000,1900000,1099607
LOCAL,0310,MOTOR FUEL TAX FUND,38,FLEET AND FACILITY MGMT,2131,BUREAU OF ASSET MANAGEMENT,320,GASOLINE,100000,100000,332413
LOCAL,0310,MOTOR FUEL TAX FUND,38,FLEET AND FACILITY MGMT,2131,BUREAU OF ASSET MANAGEMENT,331,ELECTRICITY,14958192,14958192,21213647
LOCAL,0310,MOTOR FUEL TAX FUND,38,FLEET AND FACILITY MGMT,2140,FLEET OPERATIONS,5,SALARIES AND WAGES - ON PAYROLL,3195258,3195258,3236470
LOCAL,0310,MOTOR FUEL TAX FUND,38,FLEET AND FACILITY MGMT,2140,FLEET OPERATIONS,12,CONTRACT WAGE - PREVAILING RATE,48634,48634,33363
LOCAL,0310,MOTOR FUEL TAX FUND,38,FLEET AND FACILITY MGMT,2140,FLEET OPERATIONS,15,SCHEDULE SALARY ADJUSTMENTS,1504,1504,1712
LOCAL,0310,MOTOR FUEL TAX FUND,38,FLEET AND FACILITY MGMT,2140,FLEET OPERATIONS,20,OVERTIME,1000000,1000000,1000000
LOCAL,0310,MOTOR FUEL TAX FUND,38,FLEET AND FACILITY MGMT,2140,FLEET OPERATIONS,140,PROFESSIONAL AND TECHNICAL SERVICES,300000,300000,300000
LOCAL,0310,MOTOR FUEL TAX FUND,38,FLEET AND FACILITY MGMT,2140,FLEET OPERATIONS,157,RENTAL EQUIPMENT AND SERVICES,3041822,3041822,3041822
LOCAL,0310,MOTOR FUEL TAX FUND,38,FLEET AND FACILITY MGMT,2140,FLEET OPERATIONS,360,REPAIR PARTS AND MATERIAL,1200000,1200000,1200000
LOCAL,0314,SEWER FUND,38,FLEET AND FACILITY MGMT,2131,BUREAU OF ASSET MANAGEMENT,140,PROFESSIONAL AND TECHNICAL SERVICES,90000,90000,90000
LOCAL,0314,SEWER FUND,38,FLEET AND FACILITY MGMT,2131,BUREAU OF ASSET MANAGEMENT,155,RENTAL OF PROPERTY,390420,390420,390420
LOCAL,0314,SEWER FUND,38,FLEET AND FACILITY MGMT,2131,BUREAU OF ASSET MANAGEMENT,315,MOTOR VEHL DIESEL FUEL,1259602,1259602,1259602
LOCAL,0314,SEWER FUND,38,FLEET AND FACILITY MGMT,2131,BUREAU OF ASSET MANAGEMENT,320,GASOLINE,186310,186310,186310
LOCAL,0314,SEWER FUND,38,FLEET AND FACILITY MGMT,2131,BUREAU OF ASSET MANAGEMENT,322,NATURAL GAS,48633,48633,48633
LOCAL,0314,SEWER FUND,38,FLEET AND FACILITY MGMT,2131,BUREAU OF ASSET MANAGEMENT,325,ALTERNATIVE FUEL,0,0,42883
LOCAL,0314,SEWER FUND,38,FLEET AND FACILITY MGMT,2131,BUREAU OF ASSET MANAGEMENT,331,ELECTRICITY,63107,63107,63107
LOCAL,0314,SEWER FUND,38,FLEET AND FACILITY MGMT,2140,FLEET OPERATIONS,5,SALARIES AND WAGES - ON PAYROLL,2442994,2442994,2488171
LOCAL,0314,SEWER FUND,38,FLEET AND FACILITY MGMT,2140,FLEET OPERATIONS,12,CONTRACT WAGE - PREVAILING RATE,20364,20364,18129
LOCAL,0314,SEWER FUND,38,FLEET AND FACILITY MGMT,2140,FLEET OPERATIONS,20,OVERTIME,60000,60000,60000
LOCAL,0314,SEWER FUND,38,FLEET AND FACILITY MGMT,2140,FLEET OPERATIONS,140,PROFESSIONAL AND TECHNICAL SERVICES,203747,203747,203747
LOCAL,0314,SEWER FUND,38,FLEET AND FACILITY MGMT,2140,FLEET OPERATIONS,162,REPAIR/MAINT EQUIPMENT,45120,45120,45120
LOCAL,0314,SEWER FUND,38,FLEET AND FACILITY MGMT,2140,FLEET OPERATIONS,176,MAINTENANCE AND OPERATION - VEHICLES,250501,250501,250501
LOCAL,0314,SEWER FUND,38,FLEET AND FACILITY MGMT,2140,FLEET OPERATIONS,360,REPAIR PARTS AND MATERIAL,754603,754603,754603
LOCAL,0346,LIBRARY FUND,38,FLEET AND FACILITY MGMT,2126,BUREAU OF FACILITY MANAGEMENT,5,SALARIES AND WAGES - ON PAYROLL,1330675,1330675,1380521
LOCAL,0346,LIBRARY FUND,38,FLEET AND FACILITY MGMT,2126,BUREAU OF FACILITY MANAGEMENT,12,CONTRACT WAGE - PREVAILING RATE,21102,21102,15985
LOCAL,0346,LIBRARY FUND,38,FLEET AND FACILITY MGMT,2126,BUREAU OF FACILITY MANAGEMENT,15,SCHEDULE SALARY ADJUSTMENTS,2837,2837,1944
LOCAL,0346,LIBRARY FUND,38,FLEET AND FACILITY MGMT,2126,BUREAU OF FACILITY MANAGEMENT,20,OVERTIME,10000,10000,10000
LOCAL,0346,LIBRARY FUND,38,FLEET AND FACILITY MGMT,2126,BUREAU OF FACILITY MANAGEMENT,125,OFFICE AND BUILDING SERVICES,3116000,3116000,3264910
LOCAL,0346,LIBRARY FUND,38,FLEET AND FACILITY MGMT,2126,BUREAU OF FACILITY MANAGEMENT,140,PROFESSIONAL AND TECHNICAL SERVICES,2835895,2835895,2972860
LOCAL,0346,LIBRARY FUND,38,FLEET AND FACILITY MGMT,2126,BUREAU OF FACILITY MANAGEMENT,160,REPAIR/MAINT PROPERTY,300000,300000,300000
LOCAL,0346,LIBRARY FUND,38,FLEET AND FACILITY MGMT,2126,BUREAU OF FACILITY MANAGEMENT,162,REPAIR/MAINT EQUIPMENT,250000,250000,250000
LOCAL,0346,LIBRARY FUND,38,FLEET AND FACILITY MGMT,2126,BUREAU OF FACILITY MANAGEMENT,313,CLEANING AND SANITATION SUPPLIES,220000,220000,175000
LOCAL,0346,LIBRARY FUND,38,FLEET AND FACILITY MGMT,2126,BUREAU OF FACILITY MANAGEMENT,340,MATERIAL AND SUPPLIES,315000,315000,306000
LOCAL,0346,LIBRARY FUND,38,FLEET AND FACILITY MGMT,2131,BUREAU OF ASSET MANAGEMENT,155,RENTAL OF PROPERTY,1758985,1758985,1735165
LOCAL,0346,LIBRARY FUND,38,FLEET AND FACILITY MGMT,2131,BUREAU OF ASSET MANAGEMENT,315,MOTOR VEHL DIESEL FUEL,0,0,38388
LOCAL,0346,LIBRARY FUND,38,FLEET AND FACILITY MGMT,2131,BUREAU OF ASSET MANAGEMENT,320,GASOLINE,0,0,8772
LOCAL,0346,LIBRARY FUND,38,FLEET AND FACILITY MGMT,2131,BUREAU OF ASSET MANAGEMENT,322,NATURAL GAS,541716,541716,349599
LOCAL,0346,LIBRARY FUND,38,FLEET AND FACILITY MGMT,2131,BUREAU OF ASSET MANAGEMENT,331,ELECTRICITY,2670233,2670233,2406143
LOCAL,0346,LIBRARY FUND,38,FLEET AND FACILITY MGMT,2140,FLEET OPERATIONS,176,MAINTENANCE AND OPERATION - VEHICLES,0,0,37485
LOCAL,0346,LIBRARY FUND,38,FLEET AND FACILITY MGMT,2140,FLEET OPERATIONS,360,REPAIR PARTS AND MATERIAL,0,0,15000
LOCAL,0610,MIDWAY AIRPORT FUND,38,FLEET AND FACILITY MGMT,2131,BUREAU OF ASSET MANAGEMENT,140,PROFESSIONAL AND TECHNICAL SERVICES,15000,15000,15000
LOCAL,0610,MIDWAY AIRPORT FUND,38,FLEET AND FACILITY MGMT,2131,BUREAU OF ASSET MANAGEMENT,315,MOTOR VEHL DIESEL FUEL,531762,531762,526788
LOCAL,0610,MIDWAY AIRPORT FUND,38,FLEET AND FACILITY MGMT,2131,BUREAU OF ASSET MANAGEMENT,320,GASOLINE,228230,228230,258598
LOCAL,0610,MIDWAY AIRPORT FUND,38,FLEET AND FACILITY MGMT,2131,BUREAU OF ASSET MANAGEMENT,322,NATURAL GAS,910805,910805,1002629
LOCAL,0610,MIDWAY AIRPORT FUND,38,FLEET AND FACILITY MGMT,2131,BUREAU OF ASSET MANAGEMENT,325,ALTERNATIVE FUEL,10000,10000,0
LOCAL,0610,MIDWAY AIRPORT FUND,38,FLEET AND FACILITY MGMT,2131,BUREAU OF ASSET MANAGEMENT,331,ELECTRICITY,4821558,4821558,4896276
LOCAL,0610,MIDWAY AIRPORT FUND,38,FLEET AND FACILITY MGMT,2140,FLEET OPERATIONS,5,SALARIES AND WAGES - ON PAYROLL,1191528,1191528,1208879
LOCAL,0610,MIDWAY AIRPORT FUND,38,FLEET AND FACILITY MGMT,2140,FLEET OPERATIONS,12,CONTRACT WAGE - PREVAILING RATE,14972,14972,10270
LOCAL,0610,MIDWAY AIRPORT FUND,38,FLEET AND FACILITY MGMT,2140,FLEET OPERATIONS,15,SCHEDULE SALARY ADJUSTMENTS,1935,1935,0
LOCAL,0610,MIDWAY AIRPORT FUND,38,FLEET AND FACILITY MGMT,2140,FLEET OPERATIONS,20,OVERTIME,100000,100000,100000
LOCAL,0610,MIDWAY AIRPORT FUND,38,FLEET AND FACILITY MGMT,2140,FLEET OPERATIONS,140,PROFESSIONAL AND TECHNICAL SERVICES,214000,214000,214000
LOCAL,0610,MIDWAY AIRPORT FUND,38,FLEET AND FACILITY MGMT,2140,FLEET OPERATIONS,148,TESTING AND INSPECTING,5890,5890,5890
LOCAL,0610,MIDWAY AIRPORT FUND,38,FLEET AND FACILITY MGMT,2140,FLEET OPERATIONS,149,SOFTWARE MAINTENANCE AND LICENSING,6580,6580,6580
LOCAL,0610,MIDWAY AIRPORT FUND,38,FLEET AND FACILITY MGMT,2140,FLEET OPERATIONS,162,REPAIR/MAINT EQUIPMENT,30550,30550,30550
LOCAL,0610,MIDWAY AIRPORT FUND,38,FLEET AND FACILITY MGMT,2140,FLEET OPERATIONS,176,MAINTENANCE AND OPERATION - VEHICLES,315000,315000,315000
LOCAL,0610,MIDWAY AIRPORT FUND,38,FLEET AND FACILITY MGMT,2140,FLEET OPERATIONS,319,CLOTHING,600,600,600
LOCAL,0610,MIDWAY AIRPORT FUND,38,FLEET AND FACILITY MGMT,2140,FLEET OPERATIONS,338,"LICENSE STICKER,TAG AND PLATES",1000,1000,1000
LOCAL,0610,MIDWAY AIRPORT FUND,38,FLEET AND FACILITY MGMT,2140,FLEET OPERATIONS,342,"DRUGS, MEDICINE AND CHEMICAL MATERIALS",158,158,158
LOCAL,0610,MIDWAY AIRPORT FUND,38,FLEET AND FACILITY MGMT,2140,FLEET OPERATIONS,350,STATIONERY AND OFFICE SUPPLIES,846,846,846
LOCAL,0610,MIDWAY AIRPORT FUND,38,FLEET AND FACILITY MGMT,2140,FLEET OPERATIONS,360,REPAIR PARTS AND MATERIAL,507795,507795,507795
LOCAL,0610,MIDWAY AIRPORT FUND,38,FLEET AND FACILITY MGMT,2140,FLEET OPERATIONS,440,MACHINERY AND EQUIPMENT,30690,30690,30690
LOCAL,0610,MIDWAY AIRPORT FUND,38,FLEET AND FACILITY MGMT,2140,FLEET OPERATIONS,450,VEHICLES,380000,380000,380000
LOCAL,0740,O'HARE REVENUE FUND,38,FLEET AND FACILITY MGMT,2131,BUREAU OF ASSET MANAGEMENT,140,PROFESSIONAL AND TECHNICAL SERVICES,30000,30000,30000
LOCAL,0740,O'HARE REVENUE FUND,38,FLEET AND FACILITY MGMT,2131,BUREAU OF ASSET MANAGEMENT,155,RENTAL OF PROPERTY,495040,495040,515040
LOCAL,0740,O'HARE REVENUE FUND,38,FLEET AND FACILITY MGMT,2131,BUREAU OF ASSET MANAGEMENT,315,MOTOR VEHL DIESEL FUEL,1914342,1914342,1935840
LOCAL,0740,O'HARE REVENUE FUND,38,FLEET AND FACILITY MGMT,2131,BUREAU OF ASSET MANAGEMENT,320,GASOLINE,706426,706426,608567
LOCAL,0740,O'HARE REVENUE FUND,38,FLEET AND FACILITY MGMT,2131,BUREAU OF ASSET MANAGEMENT,322,NATURAL GAS,6510284,6510284,6902417
LOCAL,0740,O'HARE REVENUE FUND,38,FLEET AND FACILITY MGMT,2131,BUREAU OF ASSET MANAGEMENT,325,ALTERNATIVE FUEL,203000,203000,40000
LOCAL,0740,O'HARE REVENUE FUND,38,FLEET AND FACILITY MGMT,2131,BUREAU OF ASSET MANAGEMENT,331,ELECTRICITY,19760161,19760161,19669369
LOCAL,0740,O'HARE REVENUE FUND,38,FLEET AND FACILITY MGMT,2140,FLEET OPERATIONS,5,SALARIES AND WAGES - ON PAYROLL,5263844,5263844,5353469
LOCAL,0740,O'HARE REVENUE FUND,38,FLEET AND FACILITY MGMT,2140,FLEET OPERATIONS,11,CONTRACT WAGE - SALARY,0,0,856
LOCAL,0740,O'HARE REVENUE FUND,38,FLEET AND FACILITY MGMT,2140,FLEET OPERATIONS,12,CONTRACT WAGE - PREVAILING RATE,74796,74796,52430
LOCAL,0740,O'HARE REVENUE FUND,38,FLEET AND FACILITY MGMT,2140,FLEET OPERATIONS,15,SCHEDULE SALARY ADJUSTMENTS,3165,3165,1104
LOCAL,0740,O'HARE REVENUE FUND,38,FLEET AND FACILITY MGMT,2140,FLEET OPERATIONS,20,OVERTIME,340000,340000,340000
LOCAL,0740,O'HARE REVENUE FUND,38,FLEET AND FACILITY MGMT,2140,FLEET OPERATIONS,140,PROFESSIONAL AND TECHNICAL SERVICES,765000,765000,765000
LOCAL,0740,O'HARE REVENUE FUND,38,FLEET AND FACILITY MGMT,2140,FLEET OPERATIONS,148,TESTING AND INSPECTING,9670,9670,9670
LOCAL,0740,O'HARE REVENUE FUND,38,FLEET AND FACILITY MGMT,2140,FLEET OPERATIONS,149,SOFTWARE MAINTENANCE AND LICENSING,6580,6580,6580
LOCAL,0740,O'HARE REVENUE FUND,38,FLEET AND FACILITY MGMT,2140,FLEET OPERATIONS,162,REPAIR/MAINT EQUIPMENT,60912,60912,60912
LOCAL,0740,O'HARE REVENUE FUND,38,FLEET AND FACILITY MGMT,2140,FLEET OPERATIONS,176,MAINTENANCE AND OPERATION - VEHICLES,1320000,1320000,1320000
LOCAL,0740,O'HARE REVENUE FUND,38,FLEET AND FACILITY MGMT,2140,FLEET OPERATIONS,319,CLOTHING,3000,3000,3000
LOCAL,0740,O'HARE REVENUE FUND,38,FLEET AND FACILITY MGMT,2140,FLEET OPERATIONS,338,"LICENSE STICKER,TAG AND PLATES",10000,10000,10000
LOCAL,0740,O'HARE REVENUE FUND,38,FLEET AND FACILITY MGMT,2140,FLEET OPERATIONS,342,"DRUGS, MEDICINE AND CHEMICAL MATERIALS",158,158,158
LOCAL,0740,O'HARE REVENUE FUND,38,FLEET AND FACILITY MGMT,2140,FLEET OPERATIONS,350,STATIONERY AND OFFICE SUPPLIES,1034,1034,1034
LOCAL,0740,O'HARE REVENUE FUND,38,FLEET AND FACILITY MGMT,2140,FLEET OPERATIONS,360,REPAIR PARTS AND MATERIAL,2669850,2669850,2669850
LOCAL,0740,O'HARE REVENUE FUND,38,FLEET AND FACILITY MGMT,2140,FLEET OPERATIONS,440,MACHINERY AND EQUIPMENT,48000,48000,38000
LOCAL,0740,O'HARE REVENUE FUND,38,FLEET AND FACILITY MGMT,2140,FLEET OPERATIONS,450,VEHICLES,8000000,8000000,8000000
GRANTS,0079,DGS PROGRAMS,38,FLEET AND FACILITY MGMT,2833,NPV SENIOR WELLNESS CENTER,540,CONSTRUCTION OF BUILDINGS AND STRUCTURES,1000000,1000000,1000000
GRANTS,0079,DGS PROGRAMS,38,FLEET AND FACILITY MGMT,2843,LIGHTING RETROFITS,140,PROFESSIONAL AND TECHNICAL SERVICES,287000,287000,300000
GRANTS,0929,COM ED SETTLEMENT FUND II,38,FLEET AND FACILITY MGMT,2838,COMED ENVIRONMENTAL FUND,5,SALARIES AND WAGES - ON PAYROLL,497246,497246,0
GRANTS,0929,COM ED SETTLEMENT FUND II,38,FLEET AND FACILITY MGMT,2838,COMED ENVIRONMENTAL FUND,11,CONTRACT WAGE - SALARY,0,0,0
GRANTS,0929,COM ED SETTLEMENT FUND II,38,FLEET AND FACILITY MGMT,2838,COMED ENVIRONMENTAL FUND,15,SCHEDULE SALARY ADJUSTMENTS,3402,3402,0
GRANTS,0929,COM ED SETTLEMENT FUND II,38,FLEET AND FACILITY MGMT,2838,COMED ENVIRONMENTAL FUND,44,FRINGE BENEFITS,190125,190125,0
GRANTS,0929,COM ED SETTLEMENT FUND II,38,FLEET AND FACILITY MGMT,2838,COMED ENVIRONMENTAL FUND,140,PROFESSIONAL AND TECHNICAL SERVICES,230000,230000,180000
GRANTS,0N54,HEAD START,38,FLEET AND FACILITY MGMT,2846,HEAD START,5,SALARIES AND WAGES - ON PAYROLL,0,0,149908
GRANTS,0N54,HEAD START,38,FLEET AND FACILITY MGMT,2846,HEAD START,11,CONTRACT WAGE - SALARY,0,0,484
GRANTS,0N54,HEAD START,38,FLEET AND FACILITY MGMT,2846,HEAD START,44,FRINGE BENEFITS,0,0,57328
GRANTS,0N56,SENIOR COMPANION PROJECT - ACTION,38,FLEET AND FACILITY MGMT,2847,SENIOR COMPANION PJT - ACTION,5,SALARIES AND WAGES - ON PAYROLL,0,0,45760
GRANTS,0N56,SENIOR COMPANION PROJECT - ACTION,38,FLEET AND FACILITY MGMT,2847,SENIOR COMPANION PJT - ACTION,11,CONTRACT WAGE - SALARY,0,0,241
GRANTS,0N56,SENIOR COMPANION PROJECT - ACTION,38,FLEET AND FACILITY MGMT,2847,SENIOR COMPANION PJT - ACTION,44,FRINGE BENEFITS,0,0,17586
GRANTS,0P14,DEPT OF GENERAL SERVICES PROGRAMS,38,FLEET AND FACILITY MGMT,2836,STREETERVILLE THORIUM MORATORM,140,PROFESSIONAL AND TECHNICAL SERVICES,1434710,1434710,1359951
GRANTS,0P14,DEPT OF GENERAL SERVICES PROGRAMS,38,FLEET AND FACILITY MGMT,2836,STREETERVILLE THORIUM MORATORM,340,MATERIAL AND SUPPLIES,217250,217250,212304
GRANTS,0P14,DEPT OF GENERAL SERVICES PROGRAMS,38,FLEET AND FACILITY MGMT,2836,STREETERVILLE THORIUM MORATORM,540,CONSTRUCTION OF BUILDINGS AND STRUCTURES,890040,890040,869745
GRANTS,0P29,DEPT. OF ENVIRONMENT STATE GRANTS,38,FLEET AND FACILITY MGMT,2842,ENERGY EFFICIENCY AGGREGATION,140,PROFESSIONAL AND TECHNICAL SERVICES,30000,30000,600000
GRANTS,0P83,FLEET AND FACILITY MANGEMENT,38,FLEET AND FACILITY MGMT,2814,LED LIGHTING,140,PROFESSIONAL AND TECHNICAL SERVICES,16000,16000,320000
CDBG,0J41,CDBG,38,FLEET AND FACILITY MGMT,2505,ENVIRONMENTAL REVIEW,5,SALARIES AND WAGES - ON PAYROLL,97655,97655,101594
CDBG,0J41,CDBG,38,FLEET AND FACILITY MGMT,2505,ENVIRONMENTAL REVIEW,11,CONTRACT WAGE - SALARY,0,0,524
CDBG,0J41,CDBG,38,FLEET AND FACILITY MGMT,2505,ENVIRONMENTAL REVIEW,44,FRINGE BENEFITS,36940,36940,38239
LOCAL,0100,CORPORATE FUND,39,BOARD OF ELECTION COMMISSIONER,2005,ELECTION AND ADMIN DIVISION,5,SALARIES AND WAGES - ON PAYROLL,6327636,6327636,6273624
LOCAL,0100,CORPORATE FUND,39,BOARD OF ELECTION COMMISSIONER,2005,ELECTION AND ADMIN DIVISION,15,SCHEDULE SALARY ADJUSTMENTS,4908,4908,0
LOCAL,0100,CORPORATE FUND,39,BOARD OF ELECTION COMMISSIONER,2005,ELECTION AND ADMIN DIVISION,20,OVERTIME,322715,322715,284389
LOCAL,0100,CORPORATE FUND,39,BOARD OF ELECTION COMMISSIONER,2005,ELECTION AND ADMIN DIVISION,55,EXTRA HIRE,1770660,1770660,7856357
LOCAL,0100,CORPORATE FUND,39,BOARD OF ELECTION COMMISSIONER,2005,ELECTION AND ADMIN DIVISION,130,POSTAGE,206016,206016,906256
LOCAL,0100,CORPORATE FUND,39,BOARD OF ELECTION COMMISSIONER,2005,ELECTION AND ADMIN DIVISION,138,IT MAINTENANCE,54189,54189,1550926
LOCAL,0100,CORPORATE FUND,39,BOARD OF ELECTION COMMISSIONER,2005,ELECTION AND ADMIN DIVISION,140,PROFESSIONAL AND TECHNICAL SERVICES,495348,495348,525358
LOCAL,0100,CORPORATE FUND,39,BOARD OF ELECTION COMMISSIONER,2005,ELECTION AND ADMIN DIVISION,143,COURT REPORTING,15992,15992,181650
LOCAL,0100,CORPORATE FUND,39,BOARD OF ELECTION COMMISSIONER,2005,ELECTION AND ADMIN DIVISION,145,LEGAL EXPENSES,588439,848439,1635075
LOCAL,0100,CORPORATE FUND,39,BOARD OF ELECTION COMMISSIONER,2005,ELECTION AND ADMIN DIVISION,149,SOFTWARE MAINTENANCE AND LICENSING,55468,55468,618343
LOCAL,0100,CORPORATE FUND,39,BOARD OF ELECTION COMMISSIONER,2005,ELECTION AND ADMIN DIVISION,150,PUBLICATN & REPRODT-OUT,229817,2817,869241
LOCAL,0100,CORPORATE FUND,39,BOARD OF ELECTION COMMISSIONER,2005,ELECTION AND ADMIN DIVISION,152,ADVERTISING,37502,4502,171400
LOCAL,0100,CORPORATE FUND,39,BOARD OF ELECTION COMMISSIONER,2005,ELECTION AND ADMIN DIVISION,154,RENTAL-DATA HARDWARE EQ,29150,29150,18000
LOCAL,0100,CORPORATE FUND,39,BOARD OF ELECTION COMMISSIONER,2005,ELECTION AND ADMIN DIVISION,155,RENTAL OF PROPERTY,500616,500616,985700
LOCAL,0100,CORPORATE FUND,39,BOARD OF ELECTION COMMISSIONER,2005,ELECTION AND ADMIN DIVISION,157,RENTAL EQUIPMENT AND SERVICES,72172,72172,201000
LOCAL,0100,CORPORATE FUND,39,BOARD OF ELECTION COMMISSIONER,2005,ELECTION AND ADMIN DIVISION,159,LEASE PURCHASE AGREEMNT,144093,144093,1215820
LOCAL,0100,CORPORATE FUND,39,BOARD OF ELECTION COMMISSIONER,2005,ELECTION AND ADMIN DIVISION,162,REPAIR/MAINT EQUIPMENT,106753,106753,89000
LOCAL,0100,CORPORATE FUND,39,BOARD OF ELECTION COMMISSIONER,2005,ELECTION AND ADMIN DIVISION,166,"DUES, SUBSC & MEM",2036,2036,5200
LOCAL,0100,CORPORATE FUND,39,BOARD OF ELECTION COMMISSIONER,2005,ELECTION AND ADMIN DIVISION,169,TECHNICAL MEETING COSTS,19511,19511,19511
LOCAL,0100,CORPORATE FUND,39,BOARD OF ELECTION COMMISSIONER,2005,ELECTION AND ADMIN DIVISION,172,INSURANCE PREMIUMS,1350,1350,1800
LOCAL,0100,CORPORATE FUND,39,BOARD OF ELECTION COMMISSIONER,2005,ELECTION AND ADMIN DIVISION,178,FREIGHT AND EXPRESS CHARGES,4307,4307,932607
LOCAL,0100,CORPORATE FUND,39,BOARD OF ELECTION COMMISSIONER,2005,ELECTION AND ADMIN DIVISION,181,MOBILE COMMUNICATION SERVICES,321647,321647,417000
LOCAL,0100,CORPORATE FUND,39,BOARD OF ELECTION COMMISSIONER,2005,ELECTION AND ADMIN DIVISION,190,TELEPHONE - NON-CENTREX BILLINGS,247189,247189,251000
LOCAL,0100,CORPORATE FUND,39,BOARD OF ELECTION COMMISSIONER,2005,ELECTION AND ADMIN DIVISION,229,TRANSPORTATION AND EXPENSE ALLOWANCE,3846,3846,22500
LOCAL,0100,CORPORATE FUND,39,BOARD OF ELECTION COMMISSIONER,2005,ELECTION AND ADMIN DIVISION,245,REIMBURSEMENT TO TRAVELERS,1058,1058,10000
LOCAL,0100,CORPORATE FUND,39,BOARD OF ELECTION COMMISSIONER,2005,ELECTION AND ADMIN DIVISION,270,LOCAL TRANSPORTATION,498,498,18000
LOCAL,0100,CORPORATE FUND,39,BOARD OF ELECTION COMMISSIONER,2005,ELECTION AND ADMIN DIVISION,340,MATERIAL AND SUPPLIES,297520,297520,475300
LOCAL,0100,CORPORATE FUND,39,BOARD OF ELECTION COMMISSIONER,2005,ELECTION AND ADMIN DIVISION,350,STATIONERY AND OFFICE SUPPLIES,15111,15111,20900
LOCAL,0100,CORPORATE FUND,41,DEPARTMENT OF PUBLIC HEALTH,1005,DEPARTMENT OF PUBLIC HEALTH,5,SALARIES AND WAGES - ON PAYROLL,11576396,11576396,14024646
LOCAL,0100,CORPORATE FUND,41,DEPARTMENT OF PUBLIC HEALTH,1005,DEPARTMENT OF PUBLIC HEALTH,11,CONTRACT WAGE - SALARY,0,0,32669
LOCAL,0100,CORPORATE FUND,41,DEPARTMENT OF PUBLIC HEALTH,1005,DEPARTMENT OF PUBLIC HEALTH,12,CONTRACT WAGE - PREVAILING RATE,5594,5594,0
LOCAL,0100,CORPORATE FUND,41,DEPARTMENT OF PUBLIC HEALTH,1005,DEPARTMENT OF PUBLIC HEALTH,15,SCHEDULE SALARY ADJUSTMENTS,68512,68512,79602
LOCAL,0100,CORPORATE FUND,41,DEPARTMENT OF PUBLIC HEALTH,1005,DEPARTMENT OF PUBLIC HEALTH,20,OVERTIME,47672,47672,42672
LOCAL,0100,CORPORATE FUND,41,DEPARTMENT OF PUBLIC HEALTH,1005,DEPARTMENT OF PUBLIC HEALTH,50,STIPENDS,5000,5000,43400
LOCAL,0100,CORPORATE FUND,41,DEPARTMENT OF PUBLIC HEALTH,1005,DEPARTMENT OF PUBLIC HEALTH,91,UNIFORM ALLOWANCE,10800,10800,12800
LOCAL,0100,CORPORATE FUND,41,DEPARTMENT OF PUBLIC HEALTH,1005,DEPARTMENT OF PUBLIC HEALTH,125,OFFICE AND BUILDING SERVICES,163500,163500,151925
LOCAL,0100,CORPORATE FUND,41,DEPARTMENT OF PUBLIC HEALTH,1005,DEPARTMENT OF PUBLIC HEALTH,130,POSTAGE,33000,33000,38080
LOCAL,0100,CORPORATE FUND,41,DEPARTMENT OF PUBLIC HEALTH,1005,DEPARTMENT OF PUBLIC HEALTH,135,DELEGATE AGENCIES,7875950,7875950,6115950
LOCAL,0100,CORPORATE FUND,41,DEPARTMENT OF PUBLIC HEALTH,1005,DEPARTMENT OF PUBLIC HEALTH,138,IT MAINTENANCE,0,0,42000
LOCAL,0100,CORPORATE FUND,41,DEPARTMENT OF PUBLIC HEALTH,1005,DEPARTMENT OF PUBLIC HEALTH,140,PROFESSIONAL AND TECHNICAL SERVICES,1318688,1318688,1934325
LOCAL,0100,CORPORATE FUND,41,DEPARTMENT OF PUBLIC HEALTH,1005,DEPARTMENT OF PUBLIC HEALTH,147,SURVEYS,450000,450000,450000
LOCAL,0100,CORPORATE FUND,41,DEPARTMENT OF PUBLIC HEALTH,1005,DEPARTMENT OF PUBLIC HEALTH,148,TESTING AND INSPECTING,1000,1000,18815
LOCAL,0100,CORPORATE FUND,41,DEPARTMENT OF PUBLIC HEALTH,1005,DEPARTMENT OF PUBLIC HEALTH,149,SOFTWARE MAINTENANCE AND LICENSING,20000,20000,90000
LOCAL,0100,CORPORATE FUND,41,DEPARTMENT OF PUBLIC HEALTH,1005,DEPARTMENT OF PUBLIC HEALTH,150,PUBLICATN & REPRODT-OUT,46380,46380,37102
LOCAL,0100,CORPORATE FUND,41,DEPARTMENT OF PUBLIC HEALTH,1005,DEPARTMENT OF PUBLIC HEALTH,152,ADVERTISING,105108,105108,105500
GRANTS,0562,AIDS-CARE ACT,41,DEPARTMENT OF PUBLIC HEALTH,2806,RYAN WHITE HIV-FORMULA,44,FRINGE BENEFITS,0,0,0
LOCAL,0100,CORPORATE FUND,41,DEPARTMENT OF PUBLIC HEALTH,1005,DEPARTMENT OF PUBLIC HEALTH,157,RENTAL EQUIPMENT AND SERVICES,115100,115100,1260
LOCAL,0100,CORPORATE FUND,41,DEPARTMENT OF PUBLIC HEALTH,1005,DEPARTMENT OF PUBLIC HEALTH,159,LEASE PURCHASE AGREEMNT,0,0,176436
LOCAL,0100,CORPORATE FUND,41,DEPARTMENT OF PUBLIC HEALTH,1005,DEPARTMENT OF PUBLIC HEALTH,162,REPAIR/MAINT EQUIPMENT,88430,88430,8430
LOCAL,0100,CORPORATE FUND,41,DEPARTMENT OF PUBLIC HEALTH,1005,DEPARTMENT OF PUBLIC HEALTH,166,"DUES, SUBSC & MEM",54890,54890,94333
LOCAL,0100,CORPORATE FUND,41,DEPARTMENT OF PUBLIC HEALTH,1005,DEPARTMENT OF PUBLIC HEALTH,168,EDUCATION DEVELOPMENT,0,0,0
LOCAL,0100,CORPORATE FUND,41,DEPARTMENT OF PUBLIC HEALTH,1005,DEPARTMENT OF PUBLIC HEALTH,169,TECHNICAL MEETING COSTS,14676,14676,36526
LOCAL,0100,CORPORATE FUND,41,DEPARTMENT OF PUBLIC HEALTH,1005,DEPARTMENT OF PUBLIC HEALTH,179,MESSENGER SERVICES,20900,20900,13480
LOCAL,0100,CORPORATE FUND,41,DEPARTMENT OF PUBLIC HEALTH,1005,DEPARTMENT OF PUBLIC HEALTH,181,MOBILE COMMUNICATION SERVICES,156000,156000,165000
LOCAL,0100,CORPORATE FUND,41,DEPARTMENT OF PUBLIC HEALTH,1005,DEPARTMENT OF PUBLIC HEALTH,185,WASTE DISPOSAL SERVICES,3780,3780,3005
LOCAL,0100,CORPORATE FUND,41,DEPARTMENT OF PUBLIC HEALTH,1005,DEPARTMENT OF PUBLIC HEALTH,186,PAGERS,1000,1000,600
LOCAL,0100,CORPORATE FUND,41,DEPARTMENT OF PUBLIC HEALTH,1005,DEPARTMENT OF PUBLIC HEALTH,189,TELEPHONE - NON-CENTREX BILLINGS,5200,5200,6500
LOCAL,0100,CORPORATE FUND,41,DEPARTMENT OF PUBLIC HEALTH,1005,DEPARTMENT OF PUBLIC HEALTH,190,TELEPHONE - NON-CENTREX BILLINGS,220000,220000,230000
LOCAL,0100,CORPORATE FUND,41,DEPARTMENT OF PUBLIC HEALTH,1005,DEPARTMENT OF PUBLIC HEALTH,191,TELEPHONE - RELOCATIONS,500,500,500
LOCAL,0100,CORPORATE FUND,41,DEPARTMENT OF PUBLIC HEALTH,1005,DEPARTMENT OF PUBLIC HEALTH,196,DATA CIRCUITS,245000,245000,261000
LOCAL,0100,CORPORATE FUND,41,DEPARTMENT OF PUBLIC HEALTH,1005,DEPARTMENT OF PUBLIC HEALTH,197,TELEPHONE - MAINTENANCE,66900,66900,62000
LOCAL,0100,CORPORATE FUND,41,DEPARTMENT OF PUBLIC HEALTH,1005,DEPARTMENT OF PUBLIC HEALTH,229,TRANSPORTATION AND EXPENSE ALLOWANCE,19392,19392,19392
LOCAL,0100,CORPORATE FUND,41,DEPARTMENT OF PUBLIC HEALTH,1005,DEPARTMENT OF PUBLIC HEALTH,245,REIMBURSEMENT TO TRAVELERS,6200,6200,3500
LOCAL,0100,CORPORATE FUND,41,DEPARTMENT OF PUBLIC HEALTH,1005,DEPARTMENT OF PUBLIC HEALTH,270,LOCAL TRANSPORTATION,10155,10155,10000
LOCAL,0100,CORPORATE FUND,41,DEPARTMENT OF PUBLIC HEALTH,1005,DEPARTMENT OF PUBLIC HEALTH,319,CLOTHING,3207,3207,3597
LOCAL,0100,CORPORATE FUND,41,DEPARTMENT OF PUBLIC HEALTH,1005,DEPARTMENT OF PUBLIC HEALTH,330,FOOD,800,800,800
LOCAL,0100,CORPORATE FUND,41,DEPARTMENT OF PUBLIC HEALTH,1005,DEPARTMENT OF PUBLIC HEALTH,338,"LICENSE STICKER,TAG AND PLATES",20525,20525,0
LOCAL,0100,CORPORATE FUND,41,DEPARTMENT OF PUBLIC HEALTH,1005,DEPARTMENT OF PUBLIC HEALTH,340,MATERIAL AND SUPPLIES,53187,53187,73213
LOCAL,0100,CORPORATE FUND,41,DEPARTMENT OF PUBLIC HEALTH,1005,DEPARTMENT OF PUBLIC HEALTH,342,"DRUGS, MEDICINE AND CHEMICAL MATERIALS",938468,938468,750000
LOCAL,0100,CORPORATE FUND,41,DEPARTMENT OF PUBLIC HEALTH,1005,DEPARTMENT OF PUBLIC HEALTH,343,X-RAY SUPPLIES,20000,20000,0
LOCAL,0100,CORPORATE FUND,41,DEPARTMENT OF PUBLIC HEALTH,1005,DEPARTMENT OF PUBLIC HEALTH,345,APPARATUS AND INSTRUMENTS,2000,2000,440
LOCAL,0100,CORPORATE FUND,41,DEPARTMENT OF PUBLIC HEALTH,1005,DEPARTMENT OF PUBLIC HEALTH,348,BOOKS AND RELATED MATERIAL,2950,2950,2465
LOCAL,0100,CORPORATE FUND,41,DEPARTMENT OF PUBLIC HEALTH,1005,DEPARTMENT OF PUBLIC HEALTH,350,STATIONERY AND OFFICE SUPPLIES,31928,31928,28275
LOCAL,0100,CORPORATE FUND,41,DEPARTMENT OF PUBLIC HEALTH,1005,DEPARTMENT OF PUBLIC HEALTH,445,TECHNICAL AND SCIENTIFIC EQUIPMENT,7920,7920,7920
LOCAL,0100,CORPORATE FUND,41,DEPARTMENT OF PUBLIC HEALTH,1005,DEPARTMENT OF PUBLIC HEALTH,9018,A.I.D.S - OUTREACH,627500,627500,627500
LOCAL,0100,CORPORATE FUND,41,DEPARTMENT OF PUBLIC HEALTH,1005,DEPARTMENT OF PUBLIC HEALTH,9067,PHYSICAL EXAMS,6120,6120,0
LOCAL,0100,CORPORATE FUND,41,DEPARTMENT OF PUBLIC HEALTH,1005,DEPARTMENT OF PUBLIC HEALTH,9129,HIV/AIDS PROGRAMS,3657000,3657000,3657000
GRANTS,0071,DENTAL SEALANT GRANT,41,DEPARTMENT OF PUBLIC HEALTH,2734,BIOSENSE SYNDROMIC SURVEILLANC,6,SALARY PROVISION,20957,20957,20957
GRANTS,0071,DENTAL SEALANT GRANT,41,DEPARTMENT OF PUBLIC HEALTH,2734,BIOSENSE SYNDROMIC SURVEILLANC,138,IT MAINTENANCE,828,828,828
GRANTS,0071,DENTAL SEALANT GRANT,41,DEPARTMENT OF PUBLIC HEALTH,2734,BIOSENSE SYNDROMIC SURVEILLANC,140,PROFESSIONAL AND TECHNICAL SERVICES,0,0,9000
GRANTS,0071,DENTAL SEALANT GRANT,41,DEPARTMENT OF PUBLIC HEALTH,2734,BIOSENSE SYNDROMIC SURVEILLANC,190,TELEPHONE - NON-CENTREX BILLINGS,316,316,316
GRANTS,0071,DENTAL SEALANT GRANT,41,DEPARTMENT OF PUBLIC HEALTH,2734,BIOSENSE SYNDROMIC SURVEILLANC,340,MATERIAL AND SUPPLIES,118,118,118
GRANTS,0071,DENTAL SEALANT GRANT,41,DEPARTMENT OF PUBLIC HEALTH,2734,BIOSENSE SYNDROMIC SURVEILLANC,801,INDIRECT COSTS,2781,2781,2781
GRANTS,0071,DENTAL SEALANT GRANT,41,DEPARTMENT OF PUBLIC HEALTH,2871,DENTAL SEALANT GRANT,140,PROFESSIONAL AND TECHNICAL SERVICES,104000,104000,98000
GRANTS,0071,DENTAL SEALANT GRANT,41,DEPARTMENT OF PUBLIC HEALTH,2878,TANNING FACILITIES INSPECTIONS,140,PROFESSIONAL AND TECHNICAL SERVICES,29000,29000,29000
GRANTS,0071,DENTAL SEALANT GRANT,41,DEPARTMENT OF PUBLIC HEALTH,2984,SUMMER FOOD PROGRAM,140,PROFESSIONAL AND TECHNICAL SERVICES,18000,18000,18000
GRANTS,0071,DENTAL SEALANT GRANT,41,DEPARTMENT OF PUBLIC HEALTH,2998,TATTOO AND BODY ART PIERCING,140,PROFESSIONAL AND TECHNICAL SERVICES,27000,27000,27000
GRANTS,0248,ST LEAD POISONGS AND VISION,41,DEPARTMENT OF PUBLIC HEALTH,2804,CHILDHOOD LEAD POISONING PREV,5,SALARIES AND WAGES - ON PAYROLL,104499,104499,0
GRANTS,0248,ST LEAD POISONGS AND VISION,41,DEPARTMENT OF PUBLIC HEALTH,2804,CHILDHOOD LEAD POISONING PREV,44,FRINGE BENEFITS,38932,38932,0
GRANTS,0248,ST LEAD POISONGS AND VISION,41,DEPARTMENT OF PUBLIC HEALTH,2804,CHILDHOOD LEAD POISONING PREV,91,UNIFORM ALLOWANCE,78569,78569,0
GRANTS,0248,ST LEAD POISONGS AND VISION,41,DEPARTMENT OF PUBLIC HEALTH,2804,CHILDHOOD LEAD POISONING PREV,140,PROFESSIONAL AND TECHNICAL SERVICES,0,0,12500
GRANTS,0248,ST LEAD POISONGS AND VISION,41,DEPARTMENT OF PUBLIC HEALTH,2804,CHILDHOOD LEAD POISONING PREV,312,SOFTWARE PURCHASES,0,0,188500
GRANTS,0248,ST LEAD POISONGS AND VISION,41,DEPARTMENT OF PUBLIC HEALTH,2804,CHILDHOOD LEAD POISONING PREV,421,MACHINERY AND EQUIPMENT,0,0,0
GRANTS,0260,FED AIDS PREV SUR,41,DEPARTMENT OF PUBLIC HEALTH,2812,AIDS PREVENTION,140,PROFESSIONAL AND TECHNICAL SERVICES,1267000,1267000,450000
GRANTS,0261,TB AND IMMUNIZATION,41,DEPARTMENT OF PUBLIC HEALTH,2727,"IMMUNIZATION BUILDING ASSIST,",140,PROFESSIONAL AND TECHNICAL SERVICES,1015000,1015000,390000
GRANTS,0261,TB AND IMMUNIZATION,41,DEPARTMENT OF PUBLIC HEALTH,2820,IMMUNIZATION,140,PROFESSIONAL AND TECHNICAL SERVICES,1131000,1131000,0
GRANTS,0352,LOCAL HEALTH PROTECTION,41,DEPARTMENT OF PUBLIC HEALTH,2702,TEEN PREGNANCY PREVENTION-CPS,5,SALARIES AND WAGES - ON PAYROLL,69336,69336,0
GRANTS,0352,LOCAL HEALTH PROTECTION,41,DEPARTMENT OF PUBLIC HEALTH,2702,TEEN PREGNANCY PREVENTION-CPS,11,CONTRACT WAGE - SALARY,0,0,0
GRANTS,0352,LOCAL HEALTH PROTECTION,41,DEPARTMENT OF PUBLIC HEALTH,2702,TEEN PREGNANCY PREVENTION-CPS,15,SCHEDULE SALARY ADJUSTMENTS,695,695,0
GRANTS,0352,LOCAL HEALTH PROTECTION,41,DEPARTMENT OF PUBLIC HEALTH,2702,TEEN PREGNANCY PREVENTION-CPS,44,FRINGE BENEFITS,25832,25832,0
GRANTS,0352,LOCAL HEALTH PROTECTION,41,DEPARTMENT OF PUBLIC HEALTH,2702,TEEN PREGNANCY PREVENTION-CPS,140,PROFESSIONAL AND TECHNICAL SERVICES,75028,75028,249842
GRANTS,0352,LOCAL HEALTH PROTECTION,41,DEPARTMENT OF PUBLIC HEALTH,2702,TEEN PREGNANCY PREVENTION-CPS,152,ADVERTISING,96500,96500,96500
GRANTS,0352,LOCAL HEALTH PROTECTION,41,DEPARTMENT OF PUBLIC HEALTH,2702,TEEN PREGNANCY PREVENTION-CPS,245,REIMBURSEMENT TO TRAVELERS,3801,3801,3801
GRANTS,0352,LOCAL HEALTH PROTECTION,41,DEPARTMENT OF PUBLIC HEALTH,2702,TEEN PREGNANCY PREVENTION-CPS,350,STATIONERY AND OFFICE SUPPLIES,92808,92808,30857
GRANTS,0382,FEDERAL T.B. CNTL,41,DEPARTMENT OF PUBLIC HEALTH,2824,TUBERCULOSIS CONTROL,140,PROFESSIONAL AND TECHNICAL SERVICES,0,0,0
GRANTS,0517,EPIDEMIOLOGY AND LAB CAPACITY,41,DEPARTMENT OF PUBLIC HEALTH,2710,BUILDING EPIDEMIOLOGY AND HLTH,140,PROFESSIONAL AND TECHNICAL SERVICES,300000,300000,0
GRANTS,0517,EPIDEMIOLOGY AND LAB CAPACITY,41,DEPARTMENT OF PUBLIC HEALTH,2813,EPIDEMIOLOGY AND LAB CAPACITY,140,PROFESSIONAL AND TECHNICAL SERVICES,75000,75000,0
GRANTS,0562,AIDS-CARE ACT,41,DEPARTMENT OF PUBLIC HEALTH,2806,RYAN WHITE HIV-FORMULA,5,SALARIES AND WAGES - ON PAYROLL,0,0,0
GRANTS,0562,AIDS-CARE ACT,41,DEPARTMENT OF PUBLIC HEALTH,2806,RYAN WHITE HIV-FORMULA,140,PROFESSIONAL AND TECHNICAL SERVICES,1580000,1580000,886000
GRANTS,0562,AIDS-CARE ACT,41,DEPARTMENT OF PUBLIC HEALTH,2974,MINORITY AIDS INITIATIVE,5,SALARIES AND WAGES - ON PAYROLL,0,0,76749
GRANTS,0562,AIDS-CARE ACT,41,DEPARTMENT OF PUBLIC HEALTH,2974,MINORITY AIDS INITIATIVE,15,SCHEDULE SALARY ADJUSTMENTS,0,0,480
GRANTS,0562,AIDS-CARE ACT,41,DEPARTMENT OF PUBLIC HEALTH,2974,MINORITY AIDS INITIATIVE,44,FRINGE BENEFITS,0,0,29542
GRANTS,0562,AIDS-CARE ACT,41,DEPARTMENT OF PUBLIC HEALTH,2974,MINORITY AIDS INITIATIVE,140,PROFESSIONAL AND TECHNICAL SERVICES,598000,598000,491229
GRANTS,0578,HOPWA/HUD,41,DEPARTMENT OF PUBLIC HEALTH,2961,HOPWA HOUSING AND HEALTH STUDY,140,PROFESSIONAL AND TECHNICAL SERVICES,486000,486000,486000
GRANTS,0594,VARIOUS HEALTH GRANTS,41,DEPARTMENT OF PUBLIC HEALTH,2880,EDUCATIONAL SEMINARS SUPPORT,130,POSTAGE,500,500,500
GRANTS,0594,VARIOUS HEALTH GRANTS,41,DEPARTMENT OF PUBLIC HEALTH,2880,EDUCATIONAL SEMINARS SUPPORT,140,PROFESSIONAL AND TECHNICAL SERVICES,11000,11000,6000
GRANTS,0594,VARIOUS HEALTH GRANTS,41,DEPARTMENT OF PUBLIC HEALTH,2880,EDUCATIONAL SEMINARS SUPPORT,150,PUBLICATN & REPRODT-OUT,1000,1000,1000
GRANTS,0594,VARIOUS HEALTH GRANTS,41,DEPARTMENT OF PUBLIC HEALTH,2880,EDUCATIONAL SEMINARS SUPPORT,169,TECHNICAL MEETING COSTS,10000,10000,10000
GRANTS,0594,VARIOUS HEALTH GRANTS,41,DEPARTMENT OF PUBLIC HEALTH,2880,EDUCATIONAL SEMINARS SUPPORT,245,REIMBURSEMENT TO TRAVELERS,15000,15000,15000
GRANTS,0594,VARIOUS HEALTH GRANTS,41,DEPARTMENT OF PUBLIC HEALTH,2880,EDUCATIONAL SEMINARS SUPPORT,270,LOCAL TRANSPORTATION,2300,2300,2300
GRANTS,0594,VARIOUS HEALTH GRANTS,41,DEPARTMENT OF PUBLIC HEALTH,2880,EDUCATIONAL SEMINARS SUPPORT,350,STATIONERY AND OFFICE SUPPLIES,6200,6200,6200
GRANTS,0648,SPECIAL DEPOSITS,41,DEPARTMENT OF PUBLIC HEALTH,2722,SOLID WASTE MANAGEMENT,5,SALARIES AND WAGES - ON PAYROLL,148617,148617,0
GRANTS,0648,SPECIAL DEPOSITS,41,DEPARTMENT OF PUBLIC HEALTH,2722,SOLID WASTE MANAGEMENT,11,CONTRACT WAGE - SALARY,0,0,0
GRANTS,0648,SPECIAL DEPOSITS,41,DEPARTMENT OF PUBLIC HEALTH,2722,SOLID WASTE MANAGEMENT,15,SCHEDULE SALARY ADJUSTMENTS,2037,2037,0
GRANTS,0648,SPECIAL DEPOSITS,41,DEPARTMENT OF PUBLIC HEALTH,2722,SOLID WASTE MANAGEMENT,44,FRINGE BENEFITS,55369,55369,0
GRANTS,0648,SPECIAL DEPOSITS,41,DEPARTMENT OF PUBLIC HEALTH,2722,SOLID WASTE MANAGEMENT,140,PROFESSIONAL AND TECHNICAL SERVICES,29977,29977,0
GRANTS,0847,DOH BIOTERRORISM GRANT PGM,41,DEPARTMENT OF PUBLIC HEALTH,2829,BIOTERRORISM RESPONSE,5,SALARIES AND WAGES - ON PAYROLL,185751,185751,0
GRANTS,0847,DOH BIOTERRORISM GRANT PGM,41,DEPARTMENT OF PUBLIC HEALTH,2829,BIOTERRORISM RESPONSE,44,FRINGE BENEFITS,69204,69204,0
GRANTS,0847,DOH BIOTERRORISM GRANT PGM,41,DEPARTMENT OF PUBLIC HEALTH,2829,BIOTERRORISM RESPONSE,140,PROFESSIONAL AND TECHNICAL SERVICES,3649045,3649045,0
GRANTS,0847,DOH BIOTERRORISM GRANT PGM,41,DEPARTMENT OF PUBLIC HEALTH,2883,BIOTERRORISM HOSPITAL PREP,140,PROFESSIONAL AND TECHNICAL SERVICES,123000,123000,0
GRANTS,0847,DOH BIOTERRORISM GRANT PGM,41,DEPARTMENT OF PUBLIC HEALTH,2944,LEAD HAZARD REDUCTION DEMO,5,SALARIES AND WAGES - ON PAYROLL,65479,65479,0
GRANTS,0847,DOH BIOTERRORISM GRANT PGM,41,DEPARTMENT OF PUBLIC HEALTH,2944,LEAD HAZARD REDUCTION DEMO,11,CONTRACT WAGE - SALARY,0,0,0
GRANTS,0847,DOH BIOTERRORISM GRANT PGM,41,DEPARTMENT OF PUBLIC HEALTH,2944,LEAD HAZARD REDUCTION DEMO,15,SCHEDULE SALARY ADJUSTMENTS,0,0,0
GRANTS,0847,DOH BIOTERRORISM GRANT PGM,41,DEPARTMENT OF PUBLIC HEALTH,2944,LEAD HAZARD REDUCTION DEMO,44,FRINGE BENEFITS,24395,24395,0
GRANTS,0847,DOH BIOTERRORISM GRANT PGM,41,DEPARTMENT OF PUBLIC HEALTH,2944,LEAD HAZARD REDUCTION DEMO,140,PROFESSIONAL AND TECHNICAL SERVICES,2560891,2560891,3000000
GRANTS,0847,DOH BIOTERRORISM GRANT PGM,41,DEPARTMENT OF PUBLIC HEALTH,2944,LEAD HAZARD REDUCTION DEMO,270,LOCAL TRANSPORTATION,5323,5323,0
GRANTS,0847,DOH BIOTERRORISM GRANT PGM,41,DEPARTMENT OF PUBLIC HEALTH,2944,LEAD HAZARD REDUCTION DEMO,350,STATIONERY AND OFFICE SUPPLIES,4561,4561,0
GRANTS,0847,DOH BIOTERRORISM GRANT PGM,41,DEPARTMENT OF PUBLIC HEALTH,2944,LEAD HAZARD REDUCTION DEMO,9651,REIMB - INDIRECT COSTS,39351,39351,0
GRANTS,0H01,CDC,41,DEPARTMENT OF PUBLIC HEALTH,2705,PUBLIC HEALTH INFRASTRUCTURE I,140,PROFESSIONAL AND TECHNICAL SERVICES,46000,46000,0
GRANTS,0H05,HEALTH SERVICES PROGRAM INCOME,41,DEPARTMENT OF PUBLIC HEALTH,2921,HEALTH REVENUE,5,SALARIES AND WAGES - ON PAYROLL,3497798,3497798,0
GRANTS,0H05,HEALTH SERVICES PROGRAM INCOME,41,DEPARTMENT OF PUBLIC HEALTH,2921,HEALTH REVENUE,11,CONTRACT WAGE - SALARY,0,0,0
GRANTS,0H05,HEALTH SERVICES PROGRAM INCOME,41,DEPARTMENT OF PUBLIC HEALTH,2921,HEALTH REVENUE,15,SCHEDULE SALARY ADJUSTMENTS,11930,11930,0
GRANTS,0H05,HEALTH SERVICES PROGRAM INCOME,41,DEPARTMENT OF PUBLIC HEALTH,2921,HEALTH REVENUE,44,FRINGE BENEFITS,1463399,1463399,0
GRANTS,0H05,HEALTH SERVICES PROGRAM INCOME,41,DEPARTMENT OF PUBLIC HEALTH,2921,HEALTH REVENUE,91,UNIFORM ALLOWANCE,4200,4200,0
GRANTS,0H05,HEALTH SERVICES PROGRAM INCOME,41,DEPARTMENT OF PUBLIC HEALTH,2921,HEALTH REVENUE,135,DELEGATE AGENCIES,327500,327500,0
GRANTS,0H05,HEALTH SERVICES PROGRAM INCOME,41,DEPARTMENT OF PUBLIC HEALTH,2921,HEALTH REVENUE,138,IT MAINTENANCE,0,0,0
GRANTS,0H05,HEALTH SERVICES PROGRAM INCOME,41,DEPARTMENT OF PUBLIC HEALTH,2921,HEALTH REVENUE,140,PROFESSIONAL AND TECHNICAL SERVICES,259046,259046,0
GRANTS,0H05,HEALTH SERVICES PROGRAM INCOME,41,DEPARTMENT OF PUBLIC HEALTH,2921,HEALTH REVENUE,149,SOFTWARE MAINTENANCE AND LICENSING,45000,45000,0
GRANTS,0H05,HEALTH SERVICES PROGRAM INCOME,41,DEPARTMENT OF PUBLIC HEALTH,2921,HEALTH REVENUE,169,TECHNICAL MEETING COSTS,0,0,0
GRANTS,0H05,HEALTH SERVICES PROGRAM INCOME,41,DEPARTMENT OF PUBLIC HEALTH,2921,HEALTH REVENUE,191,TELEPHONE - RELOCATIONS,2500,2500,0
GRANTS,0H05,HEALTH SERVICES PROGRAM INCOME,41,DEPARTMENT OF PUBLIC HEALTH,2921,HEALTH REVENUE,342,"DRUGS, MEDICINE AND CHEMICAL MATERIALS",580000,580000,0
GRANTS,0H05,HEALTH SERVICES PROGRAM INCOME,41,DEPARTMENT OF PUBLIC HEALTH,2921,HEALTH REVENUE,9181,REIM HLTH CDBG,32000,32000,0
GRANTS,0H06,DIABETES TRANSLATION RESEARCH,41,DEPARTMENT OF PUBLIC HEALTH,2725,TRANSLATION RESEARCH PROGRAM,5,SALARIES AND WAGES - ON PAYROLL,58882,58882,68514
GRANTS,0H06,DIABETES TRANSLATION RESEARCH,41,DEPARTMENT OF PUBLIC HEALTH,2725,TRANSLATION RESEARCH PROGRAM,11,CONTRACT WAGE - SALARY,0,0,361
GRANTS,0H06,DIABETES TRANSLATION RESEARCH,41,DEPARTMENT OF PUBLIC HEALTH,2725,TRANSLATION RESEARCH PROGRAM,15,SCHEDULE SALARY ADJUSTMENTS,1596,1596,2360
GRANTS,0H06,DIABETES TRANSLATION RESEARCH,41,DEPARTMENT OF PUBLIC HEALTH,2725,TRANSLATION RESEARCH PROGRAM,44,FRINGE BENEFITS,24253,24253,26331
GRANTS,0H06,DIABETES TRANSLATION RESEARCH,41,DEPARTMENT OF PUBLIC HEALTH,2725,TRANSLATION RESEARCH PROGRAM,140,PROFESSIONAL AND TECHNICAL SERVICES,39000,39000,47934
GRANTS,0H06,DIABETES TRANSLATION RESEARCH,41,DEPARTMENT OF PUBLIC HEALTH,2725,TRANSLATION RESEARCH PROGRAM,149,SOFTWARE MAINTENANCE AND LICENSING,6000,6000,25000
GRANTS,0H06,DIABETES TRANSLATION RESEARCH,41,DEPARTMENT OF PUBLIC HEALTH,2725,TRANSLATION RESEARCH PROGRAM,169,TECHNICAL MEETING COSTS,500,500,3000
GRANTS,0H06,DIABETES TRANSLATION RESEARCH,41,DEPARTMENT OF PUBLIC HEALTH,2725,TRANSLATION RESEARCH PROGRAM,245,REIMBURSEMENT TO TRAVELERS,4100,4100,9000
GRANTS,0H06,DIABETES TRANSLATION RESEARCH,41,DEPARTMENT OF PUBLIC HEALTH,2725,TRANSLATION RESEARCH PROGRAM,270,LOCAL TRANSPORTATION,150,150,1000
GRANTS,0H06,DIABETES TRANSLATION RESEARCH,41,DEPARTMENT OF PUBLIC HEALTH,2725,TRANSLATION RESEARCH PROGRAM,350,STATIONERY AND OFFICE SUPPLIES,519,519,6500
GRANTS,0H07,COMMUNITY TRANSFORMATION,41,DEPARTMENT OF PUBLIC HEALTH,2726,COMMUNITY TRANSFORMATION,5,SALARIES AND WAGES - ON PAYROLL,92437,92437,0
GRANTS,0H07,COMMUNITY TRANSFORMATION,41,DEPARTMENT OF PUBLIC HEALTH,2726,COMMUNITY TRANSFORMATION,44,FRINGE BENEFITS,38074,38074,0
GRANTS,0H07,COMMUNITY TRANSFORMATION,41,DEPARTMENT OF PUBLIC HEALTH,2726,COMMUNITY TRANSFORMATION,140,PROFESSIONAL AND TECHNICAL SERVICES,163489,163489,0
GRANTS,0H08,UNDERGROUND STORAGE TANK INSPECTION,41,DEPARTMENT OF PUBLIC HEALTH,2720,UNDERGROUND STORAGE TANK,5,SALARIES AND WAGES - ON PAYROLL,386451,386451,0
GRANTS,0H08,UNDERGROUND STORAGE TANK INSPECTION,41,DEPARTMENT OF PUBLIC HEALTH,2720,UNDERGROUND STORAGE TANK,11,CONTRACT WAGE - SALARY,0,0,0
GRANTS,0H08,UNDERGROUND STORAGE TANK INSPECTION,41,DEPARTMENT OF PUBLIC HEALTH,2720,UNDERGROUND STORAGE TANK,15,SCHEDULE SALARY ADJUSTMENTS,3759,3759,0
GRANTS,0H08,UNDERGROUND STORAGE TANK INSPECTION,41,DEPARTMENT OF PUBLIC HEALTH,2720,UNDERGROUND STORAGE TANK,44,FRINGE BENEFITS,143978,143978,0
GRANTS,0H20,HIV / AIDS PREVENTION,41,DEPARTMENT OF PUBLIC HEALTH,2812,AIDS PREVENTION,342,"DRUGS, MEDICINE AND CHEMICAL MATERIALS",344430,344430,0
GRANTS,0H08,UNDERGROUND STORAGE TANK INSPECTION,41,DEPARTMENT OF PUBLIC HEALTH,2720,UNDERGROUND STORAGE TANK,140,PROFESSIONAL AND TECHNICAL SERVICES,15812,15812,0
GRANTS,0H09,SEXUALLY TRANSMITTED DISEASE PREVENTION,41,DEPARTMENT OF PUBLIC HEALTH,2814,SEXUALLY TRANSMITTED DISEASE C,5,SALARIES AND WAGES - ON PAYROLL,1395684,1395684,0
GRANTS,0H09,SEXUALLY TRANSMITTED DISEASE PREVENTION,41,DEPARTMENT OF PUBLIC HEALTH,2814,SEXUALLY TRANSMITTED DISEASE C,11,CONTRACT WAGE - SALARY,0,0,0
GRANTS,0H09,SEXUALLY TRANSMITTED DISEASE PREVENTION,41,DEPARTMENT OF PUBLIC HEALTH,2814,SEXUALLY TRANSMITTED DISEASE C,15,SCHEDULE SALARY ADJUSTMENTS,12965,12965,0
GRANTS,0H09,SEXUALLY TRANSMITTED DISEASE PREVENTION,41,DEPARTMENT OF PUBLIC HEALTH,2814,SEXUALLY TRANSMITTED DISEASE C,44,FRINGE BENEFITS,528686,528686,0
GRANTS,0H09,SEXUALLY TRANSMITTED DISEASE PREVENTION,41,DEPARTMENT OF PUBLIC HEALTH,2814,SEXUALLY TRANSMITTED DISEASE C,140,PROFESSIONAL AND TECHNICAL SERVICES,0,0,400000
GRANTS,0H09,SEXUALLY TRANSMITTED DISEASE PREVENTION,41,DEPARTMENT OF PUBLIC HEALTH,2814,SEXUALLY TRANSMITTED DISEASE C,245,REIMBURSEMENT TO TRAVELERS,7000,7000,0
GRANTS,0H09,SEXUALLY TRANSMITTED DISEASE PREVENTION,41,DEPARTMENT OF PUBLIC HEALTH,2814,SEXUALLY TRANSMITTED DISEASE C,270,LOCAL TRANSPORTATION,2038,2038,0
GRANTS,0H09,SEXUALLY TRANSMITTED DISEASE PREVENTION,41,DEPARTMENT OF PUBLIC HEALTH,2814,SEXUALLY TRANSMITTED DISEASE C,342,"DRUGS, MEDICINE AND CHEMICAL MATERIALS",18172,18172,0
GRANTS,0H09,SEXUALLY TRANSMITTED DISEASE PREVENTION,41,DEPARTMENT OF PUBLIC HEALTH,2814,SEXUALLY TRANSMITTED DISEASE C,350,STATIONERY AND OFFICE SUPPLIES,6257,6257,0
GRANTS,0H09,SEXUALLY TRANSMITTED DISEASE PREVENTION,41,DEPARTMENT OF PUBLIC HEALTH,2814,SEXUALLY TRANSMITTED DISEASE C,9651,REIMB - INDIRECT COSTS,187198,187198,0
GRANTS,0H11,DENTAL SEALANT,41,DEPARTMENT OF PUBLIC HEALTH,2871,DENTAL SEALANT GRANT,5,SALARIES AND WAGES - ON PAYROLL,20000,20000,0
GRANTS,0H11,DENTAL SEALANT,41,DEPARTMENT OF PUBLIC HEALTH,2871,DENTAL SEALANT GRANT,44,FRINGE BENEFITS,7414,7414,0
GRANTS,0H11,DENTAL SEALANT,41,DEPARTMENT OF PUBLIC HEALTH,2871,DENTAL SEALANT GRANT,140,PROFESSIONAL AND TECHNICAL SERVICES,0,0,0
GRANTS,0H11,DENTAL SEALANT,41,DEPARTMENT OF PUBLIC HEALTH,2871,DENTAL SEALANT GRANT,150,PUBLICATN & REPRODT-OUT,20566,20566,0
GRANTS,0H11,DENTAL SEALANT,41,DEPARTMENT OF PUBLIC HEALTH,2871,DENTAL SEALANT GRANT,169,TECHNICAL MEETING COSTS,1000,1000,0
GRANTS,0H11,DENTAL SEALANT,41,DEPARTMENT OF PUBLIC HEALTH,2871,DENTAL SEALANT GRANT,245,REIMBURSEMENT TO TRAVELERS,1500,1500,0
GRANTS,0H11,DENTAL SEALANT,41,DEPARTMENT OF PUBLIC HEALTH,2871,DENTAL SEALANT GRANT,270,LOCAL TRANSPORTATION,1000,1000,0
GRANTS,0H11,DENTAL SEALANT,41,DEPARTMENT OF PUBLIC HEALTH,2871,DENTAL SEALANT GRANT,342,"DRUGS, MEDICINE AND CHEMICAL MATERIALS",3000,3000,0
GRANTS,0H11,DENTAL SEALANT,41,DEPARTMENT OF PUBLIC HEALTH,2871,DENTAL SEALANT GRANT,345,APPARATUS AND INSTRUMENTS,4020,4020,0
GRANTS,0H11,DENTAL SEALANT,41,DEPARTMENT OF PUBLIC HEALTH,2871,DENTAL SEALANT GRANT,350,STATIONERY AND OFFICE SUPPLIES,1500,1500,0
GRANTS,0H12,SUMMER FOOD PROGRAM,41,DEPARTMENT OF PUBLIC HEALTH,2984,SUMMER FOOD PROGRAM,140,PROFESSIONAL AND TECHNICAL SERVICES,37800,37800,10000
GRANTS,0H12,SUMMER FOOD PROGRAM,41,DEPARTMENT OF PUBLIC HEALTH,2984,SUMMER FOOD PROGRAM,229,TRANSPORTATION AND EXPENSE ALLOWANCE,10000,10000,0
GRANTS,0H12,SUMMER FOOD PROGRAM,41,DEPARTMENT OF PUBLIC HEALTH,2984,SUMMER FOOD PROGRAM,350,STATIONERY AND OFFICE SUPPLIES,14000,14000,0
GRANTS,0H12,SUMMER FOOD PROGRAM,41,DEPARTMENT OF PUBLIC HEALTH,2984,SUMMER FOOD PROGRAM,440,MACHINERY AND EQUIPMENT,13200,13200,0
GRANTS,0H13,TANNING FACILITIES INSPECTIONS,41,DEPARTMENT OF PUBLIC HEALTH,2878,TANNING FACILITIES INSPECTIONS,140,PROFESSIONAL AND TECHNICAL SERVICES,8389,8389,0
GRANTS,0H13,TANNING FACILITIES INSPECTIONS,41,DEPARTMENT OF PUBLIC HEALTH,2878,TANNING FACILITIES INSPECTIONS,340,MATERIAL AND SUPPLIES,2611,2611,0
GRANTS,0H14,TATTOO AND BODY ART PIERCING INSPECTION,41,DEPARTMENT OF PUBLIC HEALTH,2998,TATTOO AND BODY ART PIERCING,140,PROFESSIONAL AND TECHNICAL SERVICES,22968,22968,0
GRANTS,0H14,TATTOO AND BODY ART PIERCING INSPECTION,41,DEPARTMENT OF PUBLIC HEALTH,2998,TATTOO AND BODY ART PIERCING,229,TRANSPORTATION AND EXPENSE ALLOWANCE,1032,1032,0
GRANTS,0H15,CHILDHOOD LEAD POISONING PREVENTION,41,DEPARTMENT OF PUBLIC HEALTH,2804,CHILDHOOD LEAD POISONING PREV,5,SALARIES AND WAGES - ON PAYROLL,66231,66231,0
GRANTS,0H15,CHILDHOOD LEAD POISONING PREVENTION,41,DEPARTMENT OF PUBLIC HEALTH,2804,CHILDHOOD LEAD POISONING PREV,11,CONTRACT WAGE - SALARY,0,0,0
GRANTS,0H15,CHILDHOOD LEAD POISONING PREVENTION,41,DEPARTMENT OF PUBLIC HEALTH,2804,CHILDHOOD LEAD POISONING PREV,15,SCHEDULE SALARY ADJUSTMENTS,0,0,0
GRANTS,0H15,CHILDHOOD LEAD POISONING PREVENTION,41,DEPARTMENT OF PUBLIC HEALTH,2804,CHILDHOOD LEAD POISONING PREV,20,OVERTIME,5000,5000,0
GRANTS,0H15,CHILDHOOD LEAD POISONING PREVENTION,41,DEPARTMENT OF PUBLIC HEALTH,2804,CHILDHOOD LEAD POISONING PREV,44,FRINGE BENEFITS,24675,24675,0
GRANTS,0H15,CHILDHOOD LEAD POISONING PREVENTION,41,DEPARTMENT OF PUBLIC HEALTH,2804,CHILDHOOD LEAD POISONING PREV,140,PROFESSIONAL AND TECHNICAL SERVICES,113610,113610,0
GRANTS,0H15,CHILDHOOD LEAD POISONING PREVENTION,41,DEPARTMENT OF PUBLIC HEALTH,2804,CHILDHOOD LEAD POISONING PREV,157,RENTAL EQUIPMENT AND SERVICES,45000,45000,0
GRANTS,0H15,CHILDHOOD LEAD POISONING PREVENTION,41,DEPARTMENT OF PUBLIC HEALTH,2804,CHILDHOOD LEAD POISONING PREV,162,REPAIR/MAINT EQUIPMENT,28766,28766,0
GRANTS,0H15,CHILDHOOD LEAD POISONING PREVENTION,41,DEPARTMENT OF PUBLIC HEALTH,2804,CHILDHOOD LEAD POISONING PREV,168,EDUCATION DEVELOPMENT,4000,4000,0
GRANTS,0H15,CHILDHOOD LEAD POISONING PREVENTION,41,DEPARTMENT OF PUBLIC HEALTH,2804,CHILDHOOD LEAD POISONING PREV,181,MOBILE COMMUNICATION SERVICES,3768,3768,0
GRANTS,0H15,CHILDHOOD LEAD POISONING PREVENTION,41,DEPARTMENT OF PUBLIC HEALTH,2804,CHILDHOOD LEAD POISONING PREV,229,TRANSPORTATION AND EXPENSE ALLOWANCE,2750,2750,0
GRANTS,0H15,CHILDHOOD LEAD POISONING PREVENTION,41,DEPARTMENT OF PUBLIC HEALTH,2804,CHILDHOOD LEAD POISONING PREV,270,LOCAL TRANSPORTATION,5000,5000,0
GRANTS,0H15,CHILDHOOD LEAD POISONING PREVENTION,41,DEPARTMENT OF PUBLIC HEALTH,2804,CHILDHOOD LEAD POISONING PREV,312,SOFTWARE PURCHASES,0,0,28000
GRANTS,0H15,CHILDHOOD LEAD POISONING PREVENTION,41,DEPARTMENT OF PUBLIC HEALTH,2804,CHILDHOOD LEAD POISONING PREV,345,APPARATUS AND INSTRUMENTS,127700,127700,0
GRANTS,0H15,CHILDHOOD LEAD POISONING PREVENTION,41,DEPARTMENT OF PUBLIC HEALTH,2804,CHILDHOOD LEAD POISONING PREV,350,STATIONERY AND OFFICE SUPPLIES,4500,4500,0
GRANTS,0H15,CHILDHOOD LEAD POISONING PREVENTION,41,DEPARTMENT OF PUBLIC HEALTH,2804,CHILDHOOD LEAD POISONING PREV,421,MACHINERY AND EQUIPMENT,0,0,112000
GRANTS,0H16,HIV / AIDS SURVEILLANCE,41,DEPARTMENT OF PUBLIC HEALTH,2733,HIV / AIDS SURVEILLANCE,5,SALARIES AND WAGES - ON PAYROLL,767653,767653,0
GRANTS,0H16,HIV / AIDS SURVEILLANCE,41,DEPARTMENT OF PUBLIC HEALTH,2733,HIV / AIDS SURVEILLANCE,11,CONTRACT WAGE - SALARY,0,0,0
GRANTS,0H16,HIV / AIDS SURVEILLANCE,41,DEPARTMENT OF PUBLIC HEALTH,2733,HIV / AIDS SURVEILLANCE,15,SCHEDULE SALARY ADJUSTMENTS,1704,1704,0
GRANTS,0H16,HIV / AIDS SURVEILLANCE,41,DEPARTMENT OF PUBLIC HEALTH,2733,HIV / AIDS SURVEILLANCE,44,FRINGE BENEFITS,292297,292297,0
GRANTS,0H16,HIV / AIDS SURVEILLANCE,41,DEPARTMENT OF PUBLIC HEALTH,2733,HIV / AIDS SURVEILLANCE,140,PROFESSIONAL AND TECHNICAL SERVICES,221906,221906,493000
GRANTS,0H16,HIV / AIDS SURVEILLANCE,41,DEPARTMENT OF PUBLIC HEALTH,2733,HIV / AIDS SURVEILLANCE,245,REIMBURSEMENT TO TRAVELERS,7559,7559,0
GRANTS,0H16,HIV / AIDS SURVEILLANCE,41,DEPARTMENT OF PUBLIC HEALTH,2733,HIV / AIDS SURVEILLANCE,340,MATERIAL AND SUPPLIES,2364,2364,0
GRANTS,0H16,HIV / AIDS SURVEILLANCE,41,DEPARTMENT OF PUBLIC HEALTH,2733,HIV / AIDS SURVEILLANCE,801,INDIRECT COSTS,171517,171517,0
GRANTS,0H18,HEALTHY START INITIATIVE / PERINATAL HLT,41,DEPARTMENT OF PUBLIC HEALTH,2816,HEALTHY START INITIATIVE,5,SALARIES AND WAGES - ON PAYROLL,476516,476516,0
GRANTS,0H18,HEALTHY START INITIATIVE / PERINATAL HLT,41,DEPARTMENT OF PUBLIC HEALTH,2816,HEALTHY START INITIATIVE,11,CONTRACT WAGE - SALARY,0,0,0
GRANTS,0H18,HEALTHY START INITIATIVE / PERINATAL HLT,41,DEPARTMENT OF PUBLIC HEALTH,2816,HEALTHY START INITIATIVE,15,SCHEDULE SALARY ADJUSTMENTS,5238,5238,0
GRANTS,0H18,HEALTHY START INITIATIVE / PERINATAL HLT,41,DEPARTMENT OF PUBLIC HEALTH,2816,HEALTHY START INITIATIVE,44,FRINGE BENEFITS,184671,184671,0
GRANTS,0H18,HEALTHY START INITIATIVE / PERINATAL HLT,41,DEPARTMENT OF PUBLIC HEALTH,2816,HEALTHY START INITIATIVE,91,UNIFORM ALLOWANCE,4000,4000,0
GRANTS,0H18,HEALTHY START INITIATIVE / PERINATAL HLT,41,DEPARTMENT OF PUBLIC HEALTH,2816,HEALTHY START INITIATIVE,130,POSTAGE,50,50,0
GRANTS,0H18,HEALTHY START INITIATIVE / PERINATAL HLT,41,DEPARTMENT OF PUBLIC HEALTH,2816,HEALTHY START INITIATIVE,140,PROFESSIONAL AND TECHNICAL SERVICES,74454,74454,0
GRANTS,0H18,HEALTHY START INITIATIVE / PERINATAL HLT,41,DEPARTMENT OF PUBLIC HEALTH,2816,HEALTHY START INITIATIVE,150,PUBLICATN & REPRODT-OUT,1340,1340,0
GRANTS,0H18,HEALTHY START INITIATIVE / PERINATAL HLT,41,DEPARTMENT OF PUBLIC HEALTH,2816,HEALTHY START INITIATIVE,160,REPAIR/MAINT PROPERTY,500,500,0
GRANTS,0H18,HEALTHY START INITIATIVE / PERINATAL HLT,41,DEPARTMENT OF PUBLIC HEALTH,2816,HEALTHY START INITIATIVE,166,"DUES, SUBSC & MEM",1776,1776,0
GRANTS,0H18,HEALTHY START INITIATIVE / PERINATAL HLT,41,DEPARTMENT OF PUBLIC HEALTH,2816,HEALTHY START INITIATIVE,169,TECHNICAL MEETING COSTS,100,100,0
GRANTS,0H18,HEALTHY START INITIATIVE / PERINATAL HLT,41,DEPARTMENT OF PUBLIC HEALTH,2816,HEALTHY START INITIATIVE,186,PAGERS,100,100,0
GRANTS,0H18,HEALTHY START INITIATIVE / PERINATAL HLT,41,DEPARTMENT OF PUBLIC HEALTH,2816,HEALTHY START INITIATIVE,190,TELEPHONE - NON-CENTREX BILLINGS,100,100,0
GRANTS,0H18,HEALTHY START INITIATIVE / PERINATAL HLT,41,DEPARTMENT OF PUBLIC HEALTH,2816,HEALTHY START INITIATIVE,245,REIMBURSEMENT TO TRAVELERS,7000,7000,0
GRANTS,0H18,HEALTHY START INITIATIVE / PERINATAL HLT,41,DEPARTMENT OF PUBLIC HEALTH,2816,HEALTHY START INITIATIVE,270,LOCAL TRANSPORTATION,1000,1000,0
GRANTS,0H18,HEALTHY START INITIATIVE / PERINATAL HLT,41,DEPARTMENT OF PUBLIC HEALTH,2816,HEALTHY START INITIATIVE,340,MATERIAL AND SUPPLIES,7000,7000,0
GRANTS,0H18,HEALTHY START INITIATIVE / PERINATAL HLT,41,DEPARTMENT OF PUBLIC HEALTH,2816,HEALTHY START INITIATIVE,348,BOOKS AND RELATED MATERIAL,700,700,0
GRANTS,0H18,HEALTHY START INITIATIVE / PERINATAL HLT,41,DEPARTMENT OF PUBLIC HEALTH,2816,HEALTHY START INITIATIVE,350,STATIONERY AND OFFICE SUPPLIES,2160,2160,0
GRANTS,0H18,HEALTHY START INITIATIVE / PERINATAL HLT,41,DEPARTMENT OF PUBLIC HEALTH,2816,HEALTHY START INITIATIVE,9438,REIMBURSEMENT - 2FM,14000,14000,0
GRANTS,0H18,HEALTHY START INITIATIVE / PERINATAL HLT,41,DEPARTMENT OF PUBLIC HEALTH,2816,HEALTHY START INITIATIVE,9651,REIMB - INDIRECT COSTS,108295,108295,0
GRANTS,0H19,HIV BEHAVIORAL SURVEILLANCE MSM2,41,DEPARTMENT OF PUBLIC HEALTH,2978,HIV BEHAVIORAL SURVEILLANCE,5,SALARIES AND WAGES - ON PAYROLL,220019,220019,0
GRANTS,0H19,HIV BEHAVIORAL SURVEILLANCE MSM2,41,DEPARTMENT OF PUBLIC HEALTH,2978,HIV BEHAVIORAL SURVEILLANCE,11,CONTRACT WAGE - SALARY,0,0,0
GRANTS,0H19,HIV BEHAVIORAL SURVEILLANCE MSM2,41,DEPARTMENT OF PUBLIC HEALTH,2978,HIV BEHAVIORAL SURVEILLANCE,15,SCHEDULE SALARY ADJUSTMENTS,0,0,0
GRANTS,0H19,HIV BEHAVIORAL SURVEILLANCE MSM2,41,DEPARTMENT OF PUBLIC HEALTH,2978,HIV BEHAVIORAL SURVEILLANCE,44,FRINGE BENEFITS,81972,81972,0
GRANTS,0H19,HIV BEHAVIORAL SURVEILLANCE MSM2,41,DEPARTMENT OF PUBLIC HEALTH,2978,HIV BEHAVIORAL SURVEILLANCE,140,PROFESSIONAL AND TECHNICAL SERVICES,764000,764000,0
GRANTS,0H19,HIV BEHAVIORAL SURVEILLANCE MSM2,41,DEPARTMENT OF PUBLIC HEALTH,2978,HIV BEHAVIORAL SURVEILLANCE,350,STATIONERY AND OFFICE SUPPLIES,8451,8451,0
GRANTS,0H19,HIV BEHAVIORAL SURVEILLANCE MSM2,41,DEPARTMENT OF PUBLIC HEALTH,2978,HIV BEHAVIORAL SURVEILLANCE,801,INDIRECT COSTS,50558,50558,0
GRANTS,0H20,HIV / AIDS PREVENTION,41,DEPARTMENT OF PUBLIC HEALTH,2812,AIDS PREVENTION,5,SALARIES AND WAGES - ON PAYROLL,4056614,4056614,0
GRANTS,0H20,HIV / AIDS PREVENTION,41,DEPARTMENT OF PUBLIC HEALTH,2812,AIDS PREVENTION,11,CONTRACT WAGE - SALARY,0,0,0
GRANTS,0H20,HIV / AIDS PREVENTION,41,DEPARTMENT OF PUBLIC HEALTH,2812,AIDS PREVENTION,15,SCHEDULE SALARY ADJUSTMENTS,30875,30875,0
GRANTS,0H20,HIV / AIDS PREVENTION,41,DEPARTMENT OF PUBLIC HEALTH,2812,AIDS PREVENTION,44,FRINGE BENEFITS,1417624,1417624,0
GRANTS,0H20,HIV / AIDS PREVENTION,41,DEPARTMENT OF PUBLIC HEALTH,2812,AIDS PREVENTION,130,POSTAGE,436,436,0
GRANTS,0H20,HIV / AIDS PREVENTION,41,DEPARTMENT OF PUBLIC HEALTH,2812,AIDS PREVENTION,140,PROFESSIONAL AND TECHNICAL SERVICES,2563498,2563498,1200000
GRANTS,0H20,HIV / AIDS PREVENTION,41,DEPARTMENT OF PUBLIC HEALTH,2812,AIDS PREVENTION,169,TECHNICAL MEETING COSTS,14387,14387,0
GRANTS,0H20,HIV / AIDS PREVENTION,41,DEPARTMENT OF PUBLIC HEALTH,2812,AIDS PREVENTION,190,TELEPHONE - NON-CENTREX BILLINGS,7500,7500,0
GRANTS,0H20,HIV / AIDS PREVENTION,41,DEPARTMENT OF PUBLIC HEALTH,2812,AIDS PREVENTION,245,REIMBURSEMENT TO TRAVELERS,11140,11140,0
GRANTS,0H20,HIV / AIDS PREVENTION,41,DEPARTMENT OF PUBLIC HEALTH,2812,AIDS PREVENTION,270,LOCAL TRANSPORTATION,4250,4250,0
GRANTS,0H20,HIV / AIDS PREVENTION,41,DEPARTMENT OF PUBLIC HEALTH,2812,AIDS PREVENTION,340,MATERIAL AND SUPPLIES,5000,5000,0
GRANTS,0H20,HIV / AIDS PREVENTION,41,DEPARTMENT OF PUBLIC HEALTH,2812,AIDS PREVENTION,9438,REIMBURSEMENT - 2FM,10182,10182,0
GRANTS,0H20,HIV / AIDS PREVENTION,41,DEPARTMENT OF PUBLIC HEALTH,2812,AIDS PREVENTION,9651,REIMB - INDIRECT COSTS,697064,697064,0
GRANTS,0H21,MORBIDITY AND RISK BEHAVIOR SURVEILLANCE,41,DEPARTMENT OF PUBLIC HEALTH,2887,MORBIDITY AND RISK BEHAVIOR,5,SALARIES AND WAGES - ON PAYROLL,307813,307813,0
GRANTS,0H21,MORBIDITY AND RISK BEHAVIOR SURVEILLANCE,41,DEPARTMENT OF PUBLIC HEALTH,2887,MORBIDITY AND RISK BEHAVIOR,11,CONTRACT WAGE - SALARY,0,0,0
GRANTS,0H21,MORBIDITY AND RISK BEHAVIOR SURVEILLANCE,41,DEPARTMENT OF PUBLIC HEALTH,2887,MORBIDITY AND RISK BEHAVIOR,15,SCHEDULE SALARY ADJUSTMENTS,0,0,0
GRANTS,0H21,MORBIDITY AND RISK BEHAVIOR SURVEILLANCE,41,DEPARTMENT OF PUBLIC HEALTH,2887,MORBIDITY AND RISK BEHAVIOR,44,FRINGE BENEFITS,114679,114679,0
GRANTS,0H21,MORBIDITY AND RISK BEHAVIOR SURVEILLANCE,41,DEPARTMENT OF PUBLIC HEALTH,2887,MORBIDITY AND RISK BEHAVIOR,140,PROFESSIONAL AND TECHNICAL SERVICES,21511,21511,25000
GRANTS,0H21,MORBIDITY AND RISK BEHAVIOR SURVEILLANCE,41,DEPARTMENT OF PUBLIC HEALTH,2887,MORBIDITY AND RISK BEHAVIOR,9651,REIMB - INDIRECT COSTS,12997,12997,0
GRANTS,0H22,RYAN WHITE HIV CARE ACT PART C,41,DEPARTMENT OF PUBLIC HEALTH,2728,RYAN WHITE HIV CARE ACT C,5,SALARIES AND WAGES - ON PAYROLL,307675,307675,0
GRANTS,0H22,RYAN WHITE HIV CARE ACT PART C,41,DEPARTMENT OF PUBLIC HEALTH,2728,RYAN WHITE HIV CARE ACT C,11,CONTRACT WAGE - SALARY,0,0,0
GRANTS,0H22,RYAN WHITE HIV CARE ACT PART C,41,DEPARTMENT OF PUBLIC HEALTH,2728,RYAN WHITE HIV CARE ACT C,15,SCHEDULE SALARY ADJUSTMENTS,798,798,0
GRANTS,0H22,RYAN WHITE HIV CARE ACT PART C,41,DEPARTMENT OF PUBLIC HEALTH,2728,RYAN WHITE HIV CARE ACT C,44,FRINGE BENEFITS,115845,115845,0
GRANTS,0H22,RYAN WHITE HIV CARE ACT PART C,41,DEPARTMENT OF PUBLIC HEALTH,2728,RYAN WHITE HIV CARE ACT C,140,PROFESSIONAL AND TECHNICAL SERVICES,77053,77053,0
GRANTS,0H22,RYAN WHITE HIV CARE ACT PART C,41,DEPARTMENT OF PUBLIC HEALTH,2728,RYAN WHITE HIV CARE ACT C,245,REIMBURSEMENT TO TRAVELERS,1000,1000,0
GRANTS,0H22,RYAN WHITE HIV CARE ACT PART C,41,DEPARTMENT OF PUBLIC HEALTH,2728,RYAN WHITE HIV CARE ACT C,270,LOCAL TRANSPORTATION,447,447,0
GRANTS,0H22,RYAN WHITE HIV CARE ACT PART C,41,DEPARTMENT OF PUBLIC HEALTH,2728,RYAN WHITE HIV CARE ACT C,342,"DRUGS, MEDICINE AND CHEMICAL MATERIALS",2182,2182,0
GRANTS,0H22,RYAN WHITE HIV CARE ACT PART C,41,DEPARTMENT OF PUBLIC HEALTH,2728,RYAN WHITE HIV CARE ACT C,9651,REIMB - INDIRECT COSTS,3000,3000,0
GRANTS,0H23,IMMUNIZATION AND VACCINES FOR CHILDREN,41,DEPARTMENT OF PUBLIC HEALTH,2820,IMMUNIZATION,5,SALARIES AND WAGES - ON PAYROLL,2340250,2340250,0
GRANTS,0H23,IMMUNIZATION AND VACCINES FOR CHILDREN,41,DEPARTMENT OF PUBLIC HEALTH,2820,IMMUNIZATION,11,CONTRACT WAGE - SALARY,0,0,0
GRANTS,0H23,IMMUNIZATION AND VACCINES FOR CHILDREN,41,DEPARTMENT OF PUBLIC HEALTH,2820,IMMUNIZATION,15,SCHEDULE SALARY ADJUSTMENTS,12393,12393,0
GRANTS,0H23,IMMUNIZATION AND VACCINES FOR CHILDREN,41,DEPARTMENT OF PUBLIC HEALTH,2820,IMMUNIZATION,44,FRINGE BENEFITS,877188,877188,0
GRANTS,0H23,IMMUNIZATION AND VACCINES FOR CHILDREN,41,DEPARTMENT OF PUBLIC HEALTH,2820,IMMUNIZATION,91,UNIFORM ALLOWANCE,2400,2400,0
GRANTS,0H23,IMMUNIZATION AND VACCINES FOR CHILDREN,41,DEPARTMENT OF PUBLIC HEALTH,2820,IMMUNIZATION,125,OFFICE AND BUILDING SERVICES,2500,2500,0
GRANTS,0H23,IMMUNIZATION AND VACCINES FOR CHILDREN,41,DEPARTMENT OF PUBLIC HEALTH,2820,IMMUNIZATION,130,POSTAGE,8700,8700,0
GRANTS,0H23,IMMUNIZATION AND VACCINES FOR CHILDREN,41,DEPARTMENT OF PUBLIC HEALTH,2820,IMMUNIZATION,140,PROFESSIONAL AND TECHNICAL SERVICES,694573,694573,200000
GRANTS,0H23,IMMUNIZATION AND VACCINES FOR CHILDREN,41,DEPARTMENT OF PUBLIC HEALTH,2820,IMMUNIZATION,150,PUBLICATN & REPRODT-OUT,53495,53495,0
GRANTS,0H23,IMMUNIZATION AND VACCINES FOR CHILDREN,41,DEPARTMENT OF PUBLIC HEALTH,2820,IMMUNIZATION,152,ADVERTISING,13500,13500,0
GRANTS,0H23,IMMUNIZATION AND VACCINES FOR CHILDREN,41,DEPARTMENT OF PUBLIC HEALTH,2820,IMMUNIZATION,157,RENTAL EQUIPMENT AND SERVICES,18000,18000,0
GRANTS,0H23,IMMUNIZATION AND VACCINES FOR CHILDREN,41,DEPARTMENT OF PUBLIC HEALTH,2820,IMMUNIZATION,162,REPAIR/MAINT EQUIPMENT,10000,10000,0
GRANTS,0H23,IMMUNIZATION AND VACCINES FOR CHILDREN,41,DEPARTMENT OF PUBLIC HEALTH,2820,IMMUNIZATION,166,"DUES, SUBSC & MEM",5350,5350,0
CDBG,0J41,CDBG,41,DEPARTMENT OF PUBLIC HEALTH,2571,COMMUNITY ENGAGED CARE,130,POSTAGE,500,500,0
GRANTS,0H23,IMMUNIZATION AND VACCINES FOR CHILDREN,41,DEPARTMENT OF PUBLIC HEALTH,2820,IMMUNIZATION,168,EDUCATION DEVELOPMENT,5000,5000,0
GRANTS,0H23,IMMUNIZATION AND VACCINES FOR CHILDREN,41,DEPARTMENT OF PUBLIC HEALTH,2820,IMMUNIZATION,169,TECHNICAL MEETING COSTS,3000,3000,0
GRANTS,0H23,IMMUNIZATION AND VACCINES FOR CHILDREN,41,DEPARTMENT OF PUBLIC HEALTH,2820,IMMUNIZATION,181,MOBILE COMMUNICATION SERVICES,7900,7900,0
GRANTS,0H23,IMMUNIZATION AND VACCINES FOR CHILDREN,41,DEPARTMENT OF PUBLIC HEALTH,2820,IMMUNIZATION,190,TELEPHONE - NON-CENTREX BILLINGS,9300,9300,0
GRANTS,0H23,IMMUNIZATION AND VACCINES FOR CHILDREN,41,DEPARTMENT OF PUBLIC HEALTH,2820,IMMUNIZATION,229,TRANSPORTATION AND EXPENSE ALLOWANCE,13803,13803,0
GRANTS,0H23,IMMUNIZATION AND VACCINES FOR CHILDREN,41,DEPARTMENT OF PUBLIC HEALTH,2820,IMMUNIZATION,245,REIMBURSEMENT TO TRAVELERS,11928,11928,0
GRANTS,0H23,IMMUNIZATION AND VACCINES FOR CHILDREN,41,DEPARTMENT OF PUBLIC HEALTH,2820,IMMUNIZATION,340,MATERIAL AND SUPPLIES,10000,10000,0
GRANTS,0H23,IMMUNIZATION AND VACCINES FOR CHILDREN,41,DEPARTMENT OF PUBLIC HEALTH,2820,IMMUNIZATION,342,"DRUGS, MEDICINE AND CHEMICAL MATERIALS",2100,2100,0
GRANTS,0H23,IMMUNIZATION AND VACCINES FOR CHILDREN,41,DEPARTMENT OF PUBLIC HEALTH,2820,IMMUNIZATION,345,APPARATUS AND INSTRUMENTS,6200,6200,0
GRANTS,0H23,IMMUNIZATION AND VACCINES FOR CHILDREN,41,DEPARTMENT OF PUBLIC HEALTH,2820,IMMUNIZATION,348,BOOKS AND RELATED MATERIAL,39500,39500,0
GRANTS,0H23,IMMUNIZATION AND VACCINES FOR CHILDREN,41,DEPARTMENT OF PUBLIC HEALTH,2820,IMMUNIZATION,350,STATIONERY AND OFFICE SUPPLIES,6700,6700,0
GRANTS,0H23,IMMUNIZATION AND VACCINES FOR CHILDREN,41,DEPARTMENT OF PUBLIC HEALTH,2820,IMMUNIZATION,801,INDIRECT COSTS,535220,535220,0
GRANTS,0H24,LEAD BASED PAINT HAZARD CONTROL,41,DEPARTMENT OF PUBLIC HEALTH,2884,LEAD-BASED PAINT HAZARD,140,PROFESSIONAL AND TECHNICAL SERVICES,376000,376000,0
GRANTS,0H24,LEAD BASED PAINT HAZARD CONTROL,41,DEPARTMENT OF PUBLIC HEALTH,2884,LEAD-BASED PAINT HAZARD,9651,REIMB - INDIRECT COSTS,24000,24000,0
GRANTS,0H25,GENETICS EDUCATION / FOLLOW-UP SERVICES,41,DEPARTMENT OF PUBLIC HEALTH,2729,GENETICS EDUCATION,5,SALARIES AND WAGES - ON PAYROLL,79509,79509,0
GRANTS,0H25,GENETICS EDUCATION / FOLLOW-UP SERVICES,41,DEPARTMENT OF PUBLIC HEALTH,2729,GENETICS EDUCATION,44,FRINGE BENEFITS,37491,37491,0
GRANTS,0H25,GENETICS EDUCATION / FOLLOW-UP SERVICES,41,DEPARTMENT OF PUBLIC HEALTH,2729,GENETICS EDUCATION,138,IT MAINTENANCE,0,0,0
GRANTS,0H26,RESOURCE CONSERVATION AND RECOVERY ACT D,41,DEPARTMENT OF PUBLIC HEALTH,2721,RESOURCE CONSERVATION,5,SALARIES AND WAGES - ON PAYROLL,87955,87955,0
GRANTS,0H26,RESOURCE CONSERVATION AND RECOVERY ACT D,41,DEPARTMENT OF PUBLIC HEALTH,2721,RESOURCE CONSERVATION,44,FRINGE BENEFITS,36228,36228,0
GRANTS,0H26,RESOURCE CONSERVATION AND RECOVERY ACT D,41,DEPARTMENT OF PUBLIC HEALTH,2721,RESOURCE CONSERVATION,140,PROFESSIONAL AND TECHNICAL SERVICES,25817,25817,0
GRANTS,0H27,MOSQUITO VECTOR PREVENTION PROGRAM,41,DEPARTMENT OF PUBLIC HEALTH,2960,VECTOR CONTROL TIRE FUND,5,SALARIES AND WAGES - ON PAYROLL,76894,76894,0
GRANTS,0H27,MOSQUITO VECTOR PREVENTION PROGRAM,41,DEPARTMENT OF PUBLIC HEALTH,2960,VECTOR CONTROL TIRE FUND,15,SCHEDULE SALARY ADJUSTMENTS,0,0,0
GRANTS,0H27,MOSQUITO VECTOR PREVENTION PROGRAM,41,DEPARTMENT OF PUBLIC HEALTH,2960,VECTOR CONTROL TIRE FUND,44,FRINGE BENEFITS,28648,28648,0
GRANTS,0H27,MOSQUITO VECTOR PREVENTION PROGRAM,41,DEPARTMENT OF PUBLIC HEALTH,2960,VECTOR CONTROL TIRE FUND,140,PROFESSIONAL AND TECHNICAL SERVICES,478733,478733,0
GRANTS,0H27,MOSQUITO VECTOR PREVENTION PROGRAM,41,DEPARTMENT OF PUBLIC HEALTH,2960,VECTOR CONTROL TIRE FUND,245,REIMBURSEMENT TO TRAVELERS,3946,3946,0
GRANTS,0H27,MOSQUITO VECTOR PREVENTION PROGRAM,41,DEPARTMENT OF PUBLIC HEALTH,2960,VECTOR CONTROL TIRE FUND,342,"DRUGS, MEDICINE AND CHEMICAL MATERIALS",5000,5000,0
GRANTS,0H27,MOSQUITO VECTOR PREVENTION PROGRAM,41,DEPARTMENT OF PUBLIC HEALTH,2960,VECTOR CONTROL TIRE FUND,801,INDIRECT COSTS,78779,78779,0
GRANTS,0H28,CARE VAN BLUE CROSS,41,DEPARTMENT OF PUBLIC HEALTH,2700,CARE VAN BLUE CROSS,140,PROFESSIONAL AND TECHNICAL SERVICES,60315,60315,0
GRANTS,0H28,CARE VAN BLUE CROSS,41,DEPARTMENT OF PUBLIC HEALTH,2700,CARE VAN BLUE CROSS,229,TRANSPORTATION AND EXPENSE ALLOWANCE,666,666,0
GRANTS,0H28,CARE VAN BLUE CROSS,41,DEPARTMENT OF PUBLIC HEALTH,2700,CARE VAN BLUE CROSS,350,STATIONERY AND OFFICE SUPPLIES,14019,14019,0
GRANTS,0H29,DATING MATTERS INITIATIVE,41,DEPARTMENT OF PUBLIC HEALTH,2713,DATING MATTERS,5,SALARIES AND WAGES - ON PAYROLL,115579,115579,0
GRANTS,0H29,DATING MATTERS INITIATIVE,41,DEPARTMENT OF PUBLIC HEALTH,2713,DATING MATTERS,15,SCHEDULE SALARY ADJUSTMENTS,1967,1967,0
CDBG,0J41,CDBG,48,MAYORS OFFICE-DISABILITIES,2525,HOME MOD PROGRAM,44,FRINGE BENEFITS,59795,59795,60316
GRANTS,0H29,DATING MATTERS INITIATIVE,41,DEPARTMENT OF PUBLIC HEALTH,2713,DATING MATTERS,44,FRINGE BENEFITS,43060,43060,0
GRANTS,0H29,DATING MATTERS INITIATIVE,41,DEPARTMENT OF PUBLIC HEALTH,2713,DATING MATTERS,140,PROFESSIONAL AND TECHNICAL SERVICES,171978,171978,22000
GRANTS,0H29,DATING MATTERS INITIATIVE,41,DEPARTMENT OF PUBLIC HEALTH,2713,DATING MATTERS,801,INDIRECT COSTS,37416,37416,0
GRANTS,0H30,LOCAL HEALTH PROTECTION,41,DEPARTMENT OF PUBLIC HEALTH,2730,LOCAL HEALTH PROTECTION,5,SALARIES AND WAGES - ON PAYROLL,1554359,1554359,0
GRANTS,0H30,LOCAL HEALTH PROTECTION,41,DEPARTMENT OF PUBLIC HEALTH,2730,LOCAL HEALTH PROTECTION,11,CONTRACT WAGE - SALARY,0,0,0
GRANTS,0H30,LOCAL HEALTH PROTECTION,41,DEPARTMENT OF PUBLIC HEALTH,2730,LOCAL HEALTH PROTECTION,15,SCHEDULE SALARY ADJUSTMENTS,13173,13173,0
GRANTS,0H30,LOCAL HEALTH PROTECTION,41,DEPARTMENT OF PUBLIC HEALTH,2730,LOCAL HEALTH PROTECTION,20,OVERTIME,18684,18684,0
GRANTS,0H30,LOCAL HEALTH PROTECTION,41,DEPARTMENT OF PUBLIC HEALTH,2730,LOCAL HEALTH PROTECTION,44,FRINGE BENEFITS,582621,582621,0
GRANTS,0H30,LOCAL HEALTH PROTECTION,41,DEPARTMENT OF PUBLIC HEALTH,2730,LOCAL HEALTH PROTECTION,91,UNIFORM ALLOWANCE,500,500,0
GRANTS,0H30,LOCAL HEALTH PROTECTION,41,DEPARTMENT OF PUBLIC HEALTH,2730,LOCAL HEALTH PROTECTION,140,PROFESSIONAL AND TECHNICAL SERVICES,257900,257900,0
GRANTS,0H30,LOCAL HEALTH PROTECTION,41,DEPARTMENT OF PUBLIC HEALTH,2730,LOCAL HEALTH PROTECTION,152,ADVERTISING,10000,10000,0
GRANTS,0H30,LOCAL HEALTH PROTECTION,41,DEPARTMENT OF PUBLIC HEALTH,2730,LOCAL HEALTH PROTECTION,157,RENTAL EQUIPMENT AND SERVICES,19008,19008,0
GRANTS,0H30,LOCAL HEALTH PROTECTION,41,DEPARTMENT OF PUBLIC HEALTH,2730,LOCAL HEALTH PROTECTION,181,MOBILE COMMUNICATION SERVICES,11696,11696,0
GRANTS,0H30,LOCAL HEALTH PROTECTION,41,DEPARTMENT OF PUBLIC HEALTH,2730,LOCAL HEALTH PROTECTION,229,TRANSPORTATION AND EXPENSE ALLOWANCE,10656,10656,0
GRANTS,0H30,LOCAL HEALTH PROTECTION,41,DEPARTMENT OF PUBLIC HEALTH,2730,LOCAL HEALTH PROTECTION,245,REIMBURSEMENT TO TRAVELERS,6758,6758,0
GRANTS,0H30,LOCAL HEALTH PROTECTION,41,DEPARTMENT OF PUBLIC HEALTH,2730,LOCAL HEALTH PROTECTION,270,LOCAL TRANSPORTATION,10425,10425,0
GRANTS,0H30,LOCAL HEALTH PROTECTION,41,DEPARTMENT OF PUBLIC HEALTH,2730,LOCAL HEALTH PROTECTION,340,MATERIAL AND SUPPLIES,22500,22500,0
GRANTS,0H30,LOCAL HEALTH PROTECTION,41,DEPARTMENT OF PUBLIC HEALTH,2730,LOCAL HEALTH PROTECTION,350,STATIONERY AND OFFICE SUPPLIES,22720,22720,0
GRANTS,0H30,LOCAL HEALTH PROTECTION,41,DEPARTMENT OF PUBLIC HEALTH,2830,LOCAL HEALTH PROTECTION,20,OVERTIME,0,0,0
GRANTS,0H30,LOCAL HEALTH PROTECTION,41,DEPARTMENT OF PUBLIC HEALTH,2830,LOCAL HEALTH PROTECTION,91,UNIFORM ALLOWANCE,0,0,0
GRANTS,0H30,LOCAL HEALTH PROTECTION,41,DEPARTMENT OF PUBLIC HEALTH,2830,LOCAL HEALTH PROTECTION,152,ADVERTISING,0,0,0
GRANTS,0H30,LOCAL HEALTH PROTECTION,41,DEPARTMENT OF PUBLIC HEALTH,2830,LOCAL HEALTH PROTECTION,157,RENTAL EQUIPMENT AND SERVICES,0,0,0
GRANTS,0H30,LOCAL HEALTH PROTECTION,41,DEPARTMENT OF PUBLIC HEALTH,2830,LOCAL HEALTH PROTECTION,181,MOBILE COMMUNICATION SERVICES,0,0,0
GRANTS,0H30,LOCAL HEALTH PROTECTION,41,DEPARTMENT OF PUBLIC HEALTH,2830,LOCAL HEALTH PROTECTION,229,TRANSPORTATION AND EXPENSE ALLOWANCE,0,0,0
GRANTS,0H30,LOCAL HEALTH PROTECTION,41,DEPARTMENT OF PUBLIC HEALTH,2830,LOCAL HEALTH PROTECTION,245,REIMBURSEMENT TO TRAVELERS,0,0,0
GRANTS,0H30,LOCAL HEALTH PROTECTION,41,DEPARTMENT OF PUBLIC HEALTH,2830,LOCAL HEALTH PROTECTION,270,LOCAL TRANSPORTATION,0,0,0
GRANTS,0H30,LOCAL HEALTH PROTECTION,41,DEPARTMENT OF PUBLIC HEALTH,2830,LOCAL HEALTH PROTECTION,340,MATERIAL AND SUPPLIES,0,0,0
GRANTS,0H30,LOCAL HEALTH PROTECTION,41,DEPARTMENT OF PUBLIC HEALTH,2830,LOCAL HEALTH PROTECTION,350,STATIONERY AND OFFICE SUPPLIES,0,0,0
GRANTS,0H31,TUBERCULOSIS CONTROL,41,DEPARTMENT OF PUBLIC HEALTH,2824,TUBERCULOSIS CONTROL,5,SALARIES AND WAGES - ON PAYROLL,832022,832022,0
GRANTS,0H31,TUBERCULOSIS CONTROL,41,DEPARTMENT OF PUBLIC HEALTH,2824,TUBERCULOSIS CONTROL,11,CONTRACT WAGE - SALARY,0,0,0
GRANTS,0H31,TUBERCULOSIS CONTROL,41,DEPARTMENT OF PUBLIC HEALTH,2824,TUBERCULOSIS CONTROL,15,SCHEDULE SALARY ADJUSTMENTS,4496,4496,0
GRANTS,0H31,TUBERCULOSIS CONTROL,41,DEPARTMENT OF PUBLIC HEALTH,2824,TUBERCULOSIS CONTROL,44,FRINGE BENEFITS,316388,316388,0
GRANTS,0H31,TUBERCULOSIS CONTROL,41,DEPARTMENT OF PUBLIC HEALTH,2824,TUBERCULOSIS CONTROL,91,UNIFORM ALLOWANCE,600,600,0
GRANTS,0H31,TUBERCULOSIS CONTROL,41,DEPARTMENT OF PUBLIC HEALTH,2824,TUBERCULOSIS CONTROL,130,POSTAGE,200,200,0
GRANTS,0H31,TUBERCULOSIS CONTROL,41,DEPARTMENT OF PUBLIC HEALTH,2824,TUBERCULOSIS CONTROL,140,PROFESSIONAL AND TECHNICAL SERVICES,23294,23294,0
GRANTS,0H31,TUBERCULOSIS CONTROL,41,DEPARTMENT OF PUBLIC HEALTH,2824,TUBERCULOSIS CONTROL,181,MOBILE COMMUNICATION SERVICES,0,0,0
GRANTS,0H31,TUBERCULOSIS CONTROL,41,DEPARTMENT OF PUBLIC HEALTH,2824,TUBERCULOSIS CONTROL,229,TRANSPORTATION AND EXPENSE ALLOWANCE,0,0,0
GRANTS,0H31,TUBERCULOSIS CONTROL,41,DEPARTMENT OF PUBLIC HEALTH,2824,TUBERCULOSIS CONTROL,340,MATERIAL AND SUPPLIES,0,0,0
GRANTS,0H68,TUBERCULOSIS CONTROL,41,DEPARTMENT OF PUBLIC HEALTH,2824,TUBERCULOSIS CONTROL,130,POSTAGE,0,0,200
GRANTS,0H31,TUBERCULOSIS CONTROL,41,DEPARTMENT OF PUBLIC HEALTH,2824,TUBERCULOSIS CONTROL,350,STATIONERY AND OFFICE SUPPLIES,0,0,0
GRANTS,0H32,BUILDING EPIDEMIOLOGY AND HEALTH IT,41,DEPARTMENT OF PUBLIC HEALTH,2710,BUILDING EPIDEMIOLOGY AND HLTH,5,SALARIES AND WAGES - ON PAYROLL,213212,213212,0
GRANTS,0H32,BUILDING EPIDEMIOLOGY AND HEALTH IT,41,DEPARTMENT OF PUBLIC HEALTH,2710,BUILDING EPIDEMIOLOGY AND HLTH,11,CONTRACT WAGE - SALARY,0,0,0
GRANTS,0H32,BUILDING EPIDEMIOLOGY AND HEALTH IT,41,DEPARTMENT OF PUBLIC HEALTH,2710,BUILDING EPIDEMIOLOGY AND HLTH,15,SCHEDULE SALARY ADJUSTMENTS,2258,2258,0
GRANTS,0H32,BUILDING EPIDEMIOLOGY AND HEALTH IT,41,DEPARTMENT OF PUBLIC HEALTH,2710,BUILDING EPIDEMIOLOGY AND HLTH,44,FRINGE BENEFITS,79434,79434,0
GRANTS,0H32,BUILDING EPIDEMIOLOGY AND HEALTH IT,41,DEPARTMENT OF PUBLIC HEALTH,2710,BUILDING EPIDEMIOLOGY AND HLTH,140,PROFESSIONAL AND TECHNICAL SERVICES,167790,167790,0
GRANTS,0H32,BUILDING EPIDEMIOLOGY AND HEALTH IT,41,DEPARTMENT OF PUBLIC HEALTH,2710,BUILDING EPIDEMIOLOGY AND HLTH,229,TRANSPORTATION AND EXPENSE ALLOWANCE,4000,4000,0
GRANTS,0H32,BUILDING EPIDEMIOLOGY AND HEALTH IT,41,DEPARTMENT OF PUBLIC HEALTH,2710,BUILDING EPIDEMIOLOGY AND HLTH,245,REIMBURSEMENT TO TRAVELERS,1500,1500,0
GRANTS,0H32,BUILDING EPIDEMIOLOGY AND HEALTH IT,41,DEPARTMENT OF PUBLIC HEALTH,2710,BUILDING EPIDEMIOLOGY AND HLTH,350,STATIONERY AND OFFICE SUPPLIES,1673,1673,0
GRANTS,0H32,BUILDING EPIDEMIOLOGY AND HEALTH IT,41,DEPARTMENT OF PUBLIC HEALTH,2710,BUILDING EPIDEMIOLOGY AND HLTH,801,INDIRECT COSTS,40133,40133,0
GRANTS,0H33,EPIDEMIOLOGY AND LABORATORY CAPACITY,41,DEPARTMENT OF PUBLIC HEALTH,2813,EPIDEMIOLOGY AND LAB CAPACITY,5,SALARIES AND WAGES - ON PAYROLL,0,0,0
GRANTS,0H33,EPIDEMIOLOGY AND LABORATORY CAPACITY,41,DEPARTMENT OF PUBLIC HEALTH,2813,EPIDEMIOLOGY AND LAB CAPACITY,44,FRINGE BENEFITS,0,0,0
GRANTS,0H33,EPIDEMIOLOGY AND LABORATORY CAPACITY,41,DEPARTMENT OF PUBLIC HEALTH,2813,EPIDEMIOLOGY AND LAB CAPACITY,140,PROFESSIONAL AND TECHNICAL SERVICES,0,0,0
GRANTS,0H34,MINORITY AIDS INITIATIVE - TARGETED CAP.,41,DEPARTMENT OF PUBLIC HEALTH,2974,MINORITY AIDS INITIATIVE,5,SALARIES AND WAGES - ON PAYROLL,136756,136756,0
GRANTS,0H34,MINORITY AIDS INITIATIVE - TARGETED CAP.,41,DEPARTMENT OF PUBLIC HEALTH,2974,MINORITY AIDS INITIATIVE,11,CONTRACT WAGE - SALARY,0,0,0
GRANTS,0H34,MINORITY AIDS INITIATIVE - TARGETED CAP.,41,DEPARTMENT OF PUBLIC HEALTH,2974,MINORITY AIDS INITIATIVE,15,SCHEDULE SALARY ADJUSTMENTS,1524,1524,0
GRANTS,0H34,MINORITY AIDS INITIATIVE - TARGETED CAP.,41,DEPARTMENT OF PUBLIC HEALTH,2974,MINORITY AIDS INITIATIVE,44,FRINGE BENEFITS,53198,53198,0
GRANTS,0H34,MINORITY AIDS INITIATIVE - TARGETED CAP.,41,DEPARTMENT OF PUBLIC HEALTH,2974,MINORITY AIDS INITIATIVE,140,PROFESSIONAL AND TECHNICAL SERVICES,1485522,1485522,0
GRANTS,0H34,MINORITY AIDS INITIATIVE - TARGETED CAP.,41,DEPARTMENT OF PUBLIC HEALTH,2974,MINORITY AIDS INITIATIVE,242,REIMBURSEMENT FOR OUT-OF-STATE AUDIT,0,0,0
GRANTS,0H34,MINORITY AIDS INITIATIVE - TARGETED CAP.,41,DEPARTMENT OF PUBLIC HEALTH,2974,MINORITY AIDS INITIATIVE,340,MATERIAL AND SUPPLIES,0,0,0
GRANTS,0H35,RYAN WHITE HIV CARE ACT PART A,41,DEPARTMENT OF PUBLIC HEALTH,2731,RYAN WHITE HIV CARE ACT PART A,5,SALARIES AND WAGES - ON PAYROLL,2403564,2403564,0
GRANTS,0H35,RYAN WHITE HIV CARE ACT PART A,41,DEPARTMENT OF PUBLIC HEALTH,2731,RYAN WHITE HIV CARE ACT PART A,11,CONTRACT WAGE - SALARY,0,0,0
GRANTS,0H35,RYAN WHITE HIV CARE ACT PART A,41,DEPARTMENT OF PUBLIC HEALTH,2731,RYAN WHITE HIV CARE ACT PART A,15,SCHEDULE SALARY ADJUSTMENTS,25237,25237,0
GRANTS,0H35,RYAN WHITE HIV CARE ACT PART A,41,DEPARTMENT OF PUBLIC HEALTH,2731,RYAN WHITE HIV CARE ACT PART A,44,FRINGE BENEFITS,912829,912829,0
GRANTS,0H35,RYAN WHITE HIV CARE ACT PART A,41,DEPARTMENT OF PUBLIC HEALTH,2731,RYAN WHITE HIV CARE ACT PART A,50,STIPENDS,65435,65435,0
GRANTS,0H35,RYAN WHITE HIV CARE ACT PART A,41,DEPARTMENT OF PUBLIC HEALTH,2731,RYAN WHITE HIV CARE ACT PART A,130,POSTAGE,2000,2000,0
GRANTS,0H35,RYAN WHITE HIV CARE ACT PART A,41,DEPARTMENT OF PUBLIC HEALTH,2731,RYAN WHITE HIV CARE ACT PART A,138,IT MAINTENANCE,17671,17671,0
GRANTS,0H35,RYAN WHITE HIV CARE ACT PART A,41,DEPARTMENT OF PUBLIC HEALTH,2731,RYAN WHITE HIV CARE ACT PART A,140,PROFESSIONAL AND TECHNICAL SERVICES,23473568,23473568,1107000
GRANTS,0H35,RYAN WHITE HIV CARE ACT PART A,41,DEPARTMENT OF PUBLIC HEALTH,2731,RYAN WHITE HIV CARE ACT PART A,150,PUBLICATN & REPRODT-OUT,4500,4500,0
GRANTS,0H35,RYAN WHITE HIV CARE ACT PART A,41,DEPARTMENT OF PUBLIC HEALTH,2731,RYAN WHITE HIV CARE ACT PART A,152,ADVERTISING,3000,3000,0
GRANTS,0H35,RYAN WHITE HIV CARE ACT PART A,41,DEPARTMENT OF PUBLIC HEALTH,2731,RYAN WHITE HIV CARE ACT PART A,169,TECHNICAL MEETING COSTS,10000,10000,0
GRANTS,0H35,RYAN WHITE HIV CARE ACT PART A,41,DEPARTMENT OF PUBLIC HEALTH,2731,RYAN WHITE HIV CARE ACT PART A,190,TELEPHONE - NON-CENTREX BILLINGS,5000,5000,0
GRANTS,0H35,RYAN WHITE HIV CARE ACT PART A,41,DEPARTMENT OF PUBLIC HEALTH,2731,RYAN WHITE HIV CARE ACT PART A,245,REIMBURSEMENT TO TRAVELERS,14000,14000,0
GRANTS,0H35,RYAN WHITE HIV CARE ACT PART A,41,DEPARTMENT OF PUBLIC HEALTH,2731,RYAN WHITE HIV CARE ACT PART A,270,LOCAL TRANSPORTATION,500,500,0
GRANTS,0H35,RYAN WHITE HIV CARE ACT PART A,41,DEPARTMENT OF PUBLIC HEALTH,2731,RYAN WHITE HIV CARE ACT PART A,342,"DRUGS, MEDICINE AND CHEMICAL MATERIALS",56188,56188,0
GRANTS,0H35,RYAN WHITE HIV CARE ACT PART A,41,DEPARTMENT OF PUBLIC HEALTH,2731,RYAN WHITE HIV CARE ACT PART A,350,STATIONERY AND OFFICE SUPPLIES,8055,8055,0
GRANTS,0H35,RYAN WHITE HIV CARE ACT PART A,41,DEPARTMENT OF PUBLIC HEALTH,2731,RYAN WHITE HIV CARE ACT PART A,9182,REIM HLTH GRANTS,8600,8600,0
GRANTS,0H35,RYAN WHITE HIV CARE ACT PART A,41,DEPARTMENT OF PUBLIC HEALTH,2731,RYAN WHITE HIV CARE ACT PART A,9651,REIMB - INDIRECT COSTS,252045,252045,0
GRANTS,0H36,HOUSING OPPORTUNITIES FOR PEOPLE W/ AIDS,41,DEPARTMENT OF PUBLIC HEALTH,2932,HOPWA,5,SALARIES AND WAGES - ON PAYROLL,293677,293677,0
GRANTS,0H36,HOUSING OPPORTUNITIES FOR PEOPLE W/ AIDS,41,DEPARTMENT OF PUBLIC HEALTH,2932,HOPWA,11,CONTRACT WAGE - SALARY,0,0,0
GRANTS,0H36,HOUSING OPPORTUNITIES FOR PEOPLE W/ AIDS,41,DEPARTMENT OF PUBLIC HEALTH,2932,HOPWA,15,SCHEDULE SALARY ADJUSTMENTS,4476,4476,0
GRANTS,0H36,HOUSING OPPORTUNITIES FOR PEOPLE W/ AIDS,41,DEPARTMENT OF PUBLIC HEALTH,2932,HOPWA,44,FRINGE BENEFITS,111348,111348,0
GRANTS,0H36,HOUSING OPPORTUNITIES FOR PEOPLE W/ AIDS,41,DEPARTMENT OF PUBLIC HEALTH,2932,HOPWA,50,STIPENDS,1000,1000,0
GRANTS,0H36,HOUSING OPPORTUNITIES FOR PEOPLE W/ AIDS,41,DEPARTMENT OF PUBLIC HEALTH,2932,HOPWA,130,POSTAGE,500,500,0
GRANTS,0H36,HOUSING OPPORTUNITIES FOR PEOPLE W/ AIDS,41,DEPARTMENT OF PUBLIC HEALTH,2932,HOPWA,138,IT MAINTENANCE,2277,2277,0
GRANTS,0H36,HOUSING OPPORTUNITIES FOR PEOPLE W/ AIDS,41,DEPARTMENT OF PUBLIC HEALTH,2932,HOPWA,140,PROFESSIONAL AND TECHNICAL SERVICES,7259790,7259790,1588000
GRANTS,0H36,HOUSING OPPORTUNITIES FOR PEOPLE W/ AIDS,41,DEPARTMENT OF PUBLIC HEALTH,2932,HOPWA,150,PUBLICATN & REPRODT-OUT,515,515,0
GRANTS,0H36,HOUSING OPPORTUNITIES FOR PEOPLE W/ AIDS,41,DEPARTMENT OF PUBLIC HEALTH,2932,HOPWA,190,TELEPHONE - NON-CENTREX BILLINGS,757,757,0
GRANTS,0H36,HOUSING OPPORTUNITIES FOR PEOPLE W/ AIDS,41,DEPARTMENT OF PUBLIC HEALTH,2932,HOPWA,245,REIMBURSEMENT TO TRAVELERS,18000,18000,0
GRANTS,0H36,HOUSING OPPORTUNITIES FOR PEOPLE W/ AIDS,41,DEPARTMENT OF PUBLIC HEALTH,2932,HOPWA,350,STATIONERY AND OFFICE SUPPLIES,660,660,0
GRANTS,0H36,HOUSING OPPORTUNITIES FOR PEOPLE W/ AIDS,41,DEPARTMENT OF PUBLIC HEALTH,2932,HOPWA,9438,REIMBURSEMENT - 2FM,3000,3000,0
GRANTS,0H37,MENTAL HEALTH - MENTAL HEALTH BASE GRANT,41,DEPARTMENT OF PUBLIC HEALTH,2802,MENTAL HEALTH SERVICES,5,SALARIES AND WAGES - ON PAYROLL,476576,476576,0
GRANTS,0H57,RYAN WHITE HIV CARE ACT PART C,41,DEPARTMENT OF PUBLIC HEALTH,2728,RYAN WHITE HIV CARE ACT C,11,CONTRACT WAGE - SALARY,0,0,801
GRANTS,0H37,MENTAL HEALTH - MENTAL HEALTH BASE GRANT,41,DEPARTMENT OF PUBLIC HEALTH,2802,MENTAL HEALTH SERVICES,11,CONTRACT WAGE - SALARY,0,0,0
GRANTS,0H37,MENTAL HEALTH - MENTAL HEALTH BASE GRANT,41,DEPARTMENT OF PUBLIC HEALTH,2802,MENTAL HEALTH SERVICES,15,SCHEDULE SALARY ADJUSTMENTS,1806,1806,0
GRANTS,0H37,MENTAL HEALTH - MENTAL HEALTH BASE GRANT,41,DEPARTMENT OF PUBLIC HEALTH,2802,MENTAL HEALTH SERVICES,44,FRINGE BENEFITS,297618,297618,0
GRANTS,0H37,MENTAL HEALTH - MENTAL HEALTH BASE GRANT,41,DEPARTMENT OF PUBLIC HEALTH,2802,MENTAL HEALTH SERVICES,140,PROFESSIONAL AND TECHNICAL SERVICES,0,0,0
GRANTS,0H38,SUBSTANCE ABUSE TREATMENT,41,DEPARTMENT OF PUBLIC HEALTH,2936,SUBSTANCE ABUSE TREATMENT,140,PROFESSIONAL AND TECHNICAL SERVICES,666000,666000,0
GRANTS,0H39,SOLID WASTE MANAGEMENT,41,DEPARTMENT OF PUBLIC HEALTH,2722,SOLID WASTE MANAGEMENT,5,SALARIES AND WAGES - ON PAYROLL,91765,91765,0
GRANTS,0H39,SOLID WASTE MANAGEMENT,41,DEPARTMENT OF PUBLIC HEALTH,2722,SOLID WASTE MANAGEMENT,15,SCHEDULE SALARY ADJUSTMENTS,1600,1600,0
GRANTS,0H39,SOLID WASTE MANAGEMENT,41,DEPARTMENT OF PUBLIC HEALTH,2722,SOLID WASTE MANAGEMENT,44,FRINGE BENEFITS,49635,49635,0
GRANTS,0H40,TOBACCO FREE COMMUNITIES,41,DEPARTMENT OF PUBLIC HEALTH,2868,TOBACCO FREE COMMUNITIES,5,SALARIES AND WAGES - ON PAYROLL,646935,646935,0
GRANTS,0H40,TOBACCO FREE COMMUNITIES,41,DEPARTMENT OF PUBLIC HEALTH,2868,TOBACCO FREE COMMUNITIES,11,CONTRACT WAGE - SALARY,0,0,0
GRANTS,0H40,TOBACCO FREE COMMUNITIES,41,DEPARTMENT OF PUBLIC HEALTH,2868,TOBACCO FREE COMMUNITIES,15,SCHEDULE SALARY ADJUSTMENTS,6875,6875,0
GRANTS,0H40,TOBACCO FREE COMMUNITIES,41,DEPARTMENT OF PUBLIC HEALTH,2868,TOBACCO FREE COMMUNITIES,44,FRINGE BENEFITS,246500,246500,0
GRANTS,0H40,TOBACCO FREE COMMUNITIES,41,DEPARTMENT OF PUBLIC HEALTH,2868,TOBACCO FREE COMMUNITIES,140,PROFESSIONAL AND TECHNICAL SERVICES,360557,360557,0
GRANTS,0H40,TOBACCO FREE COMMUNITIES,41,DEPARTMENT OF PUBLIC HEALTH,2868,TOBACCO FREE COMMUNITIES,150,PUBLICATN & REPRODT-OUT,5971,5971,0
GRANTS,0H40,TOBACCO FREE COMMUNITIES,41,DEPARTMENT OF PUBLIC HEALTH,2868,TOBACCO FREE COMMUNITIES,190,TELEPHONE - NON-CENTREX BILLINGS,2601,2601,0
GRANTS,0H40,TOBACCO FREE COMMUNITIES,41,DEPARTMENT OF PUBLIC HEALTH,2868,TOBACCO FREE COMMUNITIES,229,TRANSPORTATION AND EXPENSE ALLOWANCE,1516,1516,0
GRANTS,0H40,TOBACCO FREE COMMUNITIES,41,DEPARTMENT OF PUBLIC HEALTH,2868,TOBACCO FREE COMMUNITIES,350,STATIONERY AND OFFICE SUPPLIES,3045,3045,0
GRANTS,0H41,BIOTERRORISM HOSPITAL PREPAREDNESS PGM,41,DEPARTMENT OF PUBLIC HEALTH,2883,BIOTERRORISM HOSPITAL PREP,5,SALARIES AND WAGES - ON PAYROLL,334317,334317,0
GRANTS,0H41,BIOTERRORISM HOSPITAL PREPAREDNESS PGM,41,DEPARTMENT OF PUBLIC HEALTH,2883,BIOTERRORISM HOSPITAL PREP,11,CONTRACT WAGE - SALARY,0,0,0
GRANTS,0H41,BIOTERRORISM HOSPITAL PREPAREDNESS PGM,41,DEPARTMENT OF PUBLIC HEALTH,2883,BIOTERRORISM HOSPITAL PREP,44,FRINGE BENEFITS,127735,127735,0
GRANTS,0H41,BIOTERRORISM HOSPITAL PREPAREDNESS PGM,41,DEPARTMENT OF PUBLIC HEALTH,2883,BIOTERRORISM HOSPITAL PREP,140,PROFESSIONAL AND TECHNICAL SERVICES,321251,321251,0
GRANTS,0H41,BIOTERRORISM HOSPITAL PREPAREDNESS PGM,41,DEPARTMENT OF PUBLIC HEALTH,2883,BIOTERRORISM HOSPITAL PREP,245,REIMBURSEMENT TO TRAVELERS,19664,19664,0
GRANTS,0H41,BIOTERRORISM HOSPITAL PREPAREDNESS PGM,41,DEPARTMENT OF PUBLIC HEALTH,2883,BIOTERRORISM HOSPITAL PREP,270,LOCAL TRANSPORTATION,6060,6060,0
GRANTS,0H41,BIOTERRORISM HOSPITAL PREPAREDNESS PGM,41,DEPARTMENT OF PUBLIC HEALTH,2883,BIOTERRORISM HOSPITAL PREP,350,STATIONERY AND OFFICE SUPPLIES,9915,9915,0
GRANTS,0H41,BIOTERRORISM HOSPITAL PREPAREDNESS PGM,41,DEPARTMENT OF PUBLIC HEALTH,2883,BIOTERRORISM HOSPITAL PREP,999,CULTURAL PROGRAMMING GRANTS,1145795,1145795,0
GRANTS,0H41,BIOTERRORISM HOSPITAL PREPAREDNESS PGM,41,DEPARTMENT OF PUBLIC HEALTH,2883,BIOTERRORISM HOSPITAL PREP,9651,REIMB - INDIRECT COSTS,731263,731263,0
GRANTS,0H42,BIOTERRORISM PREPAREDNESS RESPONSE PLAN,41,DEPARTMENT OF PUBLIC HEALTH,2829,BIOTERRORISM RESPONSE,5,SALARIES AND WAGES - ON PAYROLL,3503412,3503412,0
GRANTS,0H42,BIOTERRORISM PREPAREDNESS RESPONSE PLAN,41,DEPARTMENT OF PUBLIC HEALTH,2829,BIOTERRORISM RESPONSE,11,CONTRACT WAGE - SALARY,0,0,0
GRANTS,0H42,BIOTERRORISM PREPAREDNESS RESPONSE PLAN,41,DEPARTMENT OF PUBLIC HEALTH,2829,BIOTERRORISM RESPONSE,15,SCHEDULE SALARY ADJUSTMENTS,21109,21109,0
GRANTS,0H42,BIOTERRORISM PREPAREDNESS RESPONSE PLAN,41,DEPARTMENT OF PUBLIC HEALTH,2829,BIOTERRORISM RESPONSE,44,FRINGE BENEFITS,1330665,1330665,0
GRANTS,0H42,BIOTERRORISM PREPAREDNESS RESPONSE PLAN,41,DEPARTMENT OF PUBLIC HEALTH,2829,BIOTERRORISM RESPONSE,140,PROFESSIONAL AND TECHNICAL SERVICES,1585443,1585443,3904000
GRANTS,0H42,BIOTERRORISM PREPAREDNESS RESPONSE PLAN,41,DEPARTMENT OF PUBLIC HEALTH,2829,BIOTERRORISM RESPONSE,229,TRANSPORTATION AND EXPENSE ALLOWANCE,800,800,0
GRANTS,0H42,BIOTERRORISM PREPAREDNESS RESPONSE PLAN,41,DEPARTMENT OF PUBLIC HEALTH,2829,BIOTERRORISM RESPONSE,245,REIMBURSEMENT TO TRAVELERS,49606,49606,0
GRANTS,0H42,BIOTERRORISM PREPAREDNESS RESPONSE PLAN,41,DEPARTMENT OF PUBLIC HEALTH,2829,BIOTERRORISM RESPONSE,270,LOCAL TRANSPORTATION,14256,14256,0
GRANTS,0H42,BIOTERRORISM PREPAREDNESS RESPONSE PLAN,41,DEPARTMENT OF PUBLIC HEALTH,2829,BIOTERRORISM RESPONSE,340,MATERIAL AND SUPPLIES,1420257,1420257,0
GRANTS,0H42,BIOTERRORISM PREPAREDNESS RESPONSE PLAN,41,DEPARTMENT OF PUBLIC HEALTH,2829,BIOTERRORISM RESPONSE,348,BOOKS AND RELATED MATERIAL,24118,24118,0
GRANTS,0H42,BIOTERRORISM PREPAREDNESS RESPONSE PLAN,41,DEPARTMENT OF PUBLIC HEALTH,2829,BIOTERRORISM RESPONSE,350,STATIONERY AND OFFICE SUPPLIES,40833,40833,0
GRANTS,0H42,BIOTERRORISM PREPAREDNESS RESPONSE PLAN,41,DEPARTMENT OF PUBLIC HEALTH,2829,BIOTERRORISM RESPONSE,421,MACHINERY AND EQUIPMENT,10000,10000,0
GRANTS,0H42,BIOTERRORISM PREPAREDNESS RESPONSE PLAN,41,DEPARTMENT OF PUBLIC HEALTH,2829,BIOTERRORISM RESPONSE,426,OUTDOOR EQUIPMENT,251160,251160,0
GRANTS,0H42,BIOTERRORISM PREPAREDNESS RESPONSE PLAN,41,DEPARTMENT OF PUBLIC HEALTH,2829,BIOTERRORISM RESPONSE,999,CULTURAL PROGRAMMING GRANTS,3332,3332,0
GRANTS,0H42,BIOTERRORISM PREPAREDNESS RESPONSE PLAN,41,DEPARTMENT OF PUBLIC HEALTH,2829,BIOTERRORISM RESPONSE,9651,REIMB - INDIRECT COSTS,1077950,1077950,0
GRANTS,0H43,STRENGTHENING PUBLIC HEALTH INFRASTRUCT.,41,DEPARTMENT OF PUBLIC HEALTH,2705,PUBLIC HEALTH INFRASTRUCTURE I,5,SALARIES AND WAGES - ON PAYROLL,0,0,0
GRANTS,0H43,STRENGTHENING PUBLIC HEALTH INFRASTRUCT.,41,DEPARTMENT OF PUBLIC HEALTH,2705,PUBLIC HEALTH INFRASTRUCTURE I,44,FRINGE BENEFITS,0,0,0
GRANTS,0H43,STRENGTHENING PUBLIC HEALTH INFRASTRUCT.,41,DEPARTMENT OF PUBLIC HEALTH,2705,PUBLIC HEALTH INFRASTRUCTURE I,140,PROFESSIONAL AND TECHNICAL SERVICES,0,0,0
GRANTS,0H43,STRENGTHENING PUBLIC HEALTH INFRASTRUCT.,41,DEPARTMENT OF PUBLIC HEALTH,2705,PUBLIC HEALTH INFRASTRUCTURE I,245,REIMBURSEMENT TO TRAVELERS,0,0,0
GRANTS,0H43,STRENGTHENING PUBLIC HEALTH INFRASTRUCT.,41,DEPARTMENT OF PUBLIC HEALTH,2705,PUBLIC HEALTH INFRASTRUCTURE I,340,MATERIAL AND SUPPLIES,0,0,0
GRANTS,0H43,STRENGTHENING PUBLIC HEALTH INFRASTRUCT.,41,DEPARTMENT OF PUBLIC HEALTH,2705,PUBLIC HEALTH INFRASTRUCTURE I,801,INDIRECT COSTS,0,0,0
GRANTS,0H44,HAZARDOUS MATERIALS EMERGENCY PREP PLAN,41,DEPARTMENT OF PUBLIC HEALTH,2718,HMEP PLANNING,140,PROFESSIONAL AND TECHNICAL SERVICES,29314,29314,0
GRANTS,0H44,HAZARDOUS MATERIALS EMERGENCY PREP PLAN,41,DEPARTMENT OF PUBLIC HEALTH,2718,HMEP PLANNING,801,INDIRECT COSTS,4686,4686,0
GRANTS,0H45,AIR POLLUTION CONTROL PROGRAM,41,DEPARTMENT OF PUBLIC HEALTH,2714,AIR POLLUTION CONTROL PROGRAM,5,SALARIES AND WAGES - ON PAYROLL,166967,166967,0
GRANTS,0H45,AIR POLLUTION CONTROL PROGRAM,41,DEPARTMENT OF PUBLIC HEALTH,2714,AIR POLLUTION CONTROL PROGRAM,11,CONTRACT WAGE - SALARY,0,0,0
GRANTS,0H45,AIR POLLUTION CONTROL PROGRAM,41,DEPARTMENT OF PUBLIC HEALTH,2714,AIR POLLUTION CONTROL PROGRAM,15,SCHEDULE SALARY ADJUSTMENTS,2448,2448,0
GRANTS,0H45,AIR POLLUTION CONTROL PROGRAM,41,DEPARTMENT OF PUBLIC HEALTH,2714,AIR POLLUTION CONTROL PROGRAM,44,FRINGE BENEFITS,242585,242585,0
GRANTS,0H45,AIR POLLUTION CONTROL PROGRAM,41,DEPARTMENT OF PUBLIC HEALTH,2714,AIR POLLUTION CONTROL PROGRAM,140,PROFESSIONAL AND TECHNICAL SERVICES,0,0,0
GRANTS,0H46,SCHOOL BASED HEALTH CENTERS,41,DEPARTMENT OF PUBLIC HEALTH,2736,SCHOOL BASED HEALTH CENTERS,140,PROFESSIONAL AND TECHNICAL SERVICES,700000,700000,0
GRANTS,0H47,SMILES ACROSS AMERICA,41,DEPARTMENT OF PUBLIC HEALTH,2735,SMILES ACROSS AMERICA,140,PROFESSIONAL AND TECHNICAL SERVICES,10000,10000,0
GRANTS,0H49,CARE VAN BLUE CROSS,41,DEPARTMENT OF PUBLIC HEALTH,2700,CARE VAN BLUE CROSS,20,OVERTIME,0,0,75000
GRANTS,0H50,BUILDING EPIDEMIOLOGY AND HEALTH IT,41,DEPARTMENT OF PUBLIC HEALTH,2710,BUILDING EPIDEMIOLOGY AND HLTH,5,SALARIES AND WAGES - ON PAYROLL,0,0,314531
GRANTS,0H50,BUILDING EPIDEMIOLOGY AND HEALTH IT,41,DEPARTMENT OF PUBLIC HEALTH,2710,BUILDING EPIDEMIOLOGY AND HLTH,11,CONTRACT WAGE - SALARY,0,0,639
GRANTS,0H50,BUILDING EPIDEMIOLOGY AND HEALTH IT,41,DEPARTMENT OF PUBLIC HEALTH,2710,BUILDING EPIDEMIOLOGY AND HLTH,15,SCHEDULE SALARY ADJUSTMENTS,0,0,2153
GRANTS,0H50,BUILDING EPIDEMIOLOGY AND HEALTH IT,41,DEPARTMENT OF PUBLIC HEALTH,2710,BUILDING EPIDEMIOLOGY AND HLTH,44,FRINGE BENEFITS,0,0,120938
GRANTS,0H50,BUILDING EPIDEMIOLOGY AND HEALTH IT,41,DEPARTMENT OF PUBLIC HEALTH,2710,BUILDING EPIDEMIOLOGY AND HLTH,140,PROFESSIONAL AND TECHNICAL SERVICES,0,0,313644
GRANTS,0H50,BUILDING EPIDEMIOLOGY AND HEALTH IT,41,DEPARTMENT OF PUBLIC HEALTH,2710,BUILDING EPIDEMIOLOGY AND HLTH,229,TRANSPORTATION AND EXPENSE ALLOWANCE,0,0,500
GRANTS,0H50,BUILDING EPIDEMIOLOGY AND HEALTH IT,41,DEPARTMENT OF PUBLIC HEALTH,2710,BUILDING EPIDEMIOLOGY AND HLTH,245,REIMBURSEMENT TO TRAVELERS,0,0,200
GRANTS,0H50,BUILDING EPIDEMIOLOGY AND HEALTH IT,41,DEPARTMENT OF PUBLIC HEALTH,2710,BUILDING EPIDEMIOLOGY AND HLTH,350,STATIONERY AND OFFICE SUPPLIES,0,0,1462
GRANTS,0H50,BUILDING EPIDEMIOLOGY AND HEALTH IT,41,DEPARTMENT OF PUBLIC HEALTH,2710,BUILDING EPIDEMIOLOGY AND HLTH,801,INDIRECT COSTS,0,0,35933
GRANTS,0H51,DATING MATTERS INITIATIVE,41,DEPARTMENT OF PUBLIC HEALTH,2713,DATING MATTERS,5,SALARIES AND WAGES - ON PAYROLL,0,0,114822
GRANTS,0H51,DATING MATTERS INITIATIVE,41,DEPARTMENT OF PUBLIC HEALTH,2713,DATING MATTERS,15,SCHEDULE SALARY ADJUSTMENTS,0,0,2052
GRANTS,0H51,DATING MATTERS INITIATIVE,41,DEPARTMENT OF PUBLIC HEALTH,2713,DATING MATTERS,44,FRINGE BENEFITS,0,0,44198
GRANTS,0H51,DATING MATTERS INITIATIVE,41,DEPARTMENT OF PUBLIC HEALTH,2713,DATING MATTERS,140,PROFESSIONAL AND TECHNICAL SERVICES,0,0,171512
GRANTS,0H51,DATING MATTERS INITIATIVE,41,DEPARTMENT OF PUBLIC HEALTH,2713,DATING MATTERS,801,INDIRECT COSTS,0,0,37416
GRANTS,0H52,AIR POLLUTION CONTROL PROGRAM,41,DEPARTMENT OF PUBLIC HEALTH,2714,AIR POLLUTION CONTROL PROGRAM,5,SALARIES AND WAGES - ON PAYROLL,0,0,157096
GRANTS,0H52,AIR POLLUTION CONTROL PROGRAM,41,DEPARTMENT OF PUBLIC HEALTH,2714,AIR POLLUTION CONTROL PROGRAM,11,CONTRACT WAGE - SALARY,0,0,2954
GRANTS,0H52,AIR POLLUTION CONTROL PROGRAM,41,DEPARTMENT OF PUBLIC HEALTH,2714,AIR POLLUTION CONTROL PROGRAM,15,SCHEDULE SALARY ADJUSTMENTS,0,0,1284
GRANTS,0H52,AIR POLLUTION CONTROL PROGRAM,41,DEPARTMENT OF PUBLIC HEALTH,2714,AIR POLLUTION CONTROL PROGRAM,44,FRINGE BENEFITS,0,0,250666
GRANTS,0H53,HAZARDOUS MATERIALS EMERGENCY PREP PLAN,41,DEPARTMENT OF PUBLIC HEALTH,2718,HMEP PLANNING,140,PROFESSIONAL AND TECHNICAL SERVICES,0,0,35314
GRANTS,0H53,HAZARDOUS MATERIALS EMERGENCY PREP PLAN,41,DEPARTMENT OF PUBLIC HEALTH,2718,HMEP PLANNING,801,INDIRECT COSTS,0,0,4686
GRANTS,0H54,UNDERGROUND STORAGE TANK INSPECTION,41,DEPARTMENT OF PUBLIC HEALTH,2720,UNDERGROUND STORAGE TANK,5,SALARIES AND WAGES - ON PAYROLL,0,0,389439
GRANTS,0H54,UNDERGROUND STORAGE TANK INSPECTION,41,DEPARTMENT OF PUBLIC HEALTH,2720,UNDERGROUND STORAGE TANK,11,CONTRACT WAGE - SALARY,0,0,1571
GRANTS,0H54,UNDERGROUND STORAGE TANK INSPECTION,41,DEPARTMENT OF PUBLIC HEALTH,2720,UNDERGROUND STORAGE TANK,15,SCHEDULE SALARY ADJUSTMENTS,0,0,2389
GRANTS,0H54,UNDERGROUND STORAGE TANK INSPECTION,41,DEPARTMENT OF PUBLIC HEALTH,2720,UNDERGROUND STORAGE TANK,44,FRINGE BENEFITS,0,0,149723
GRANTS,0H54,UNDERGROUND STORAGE TANK INSPECTION,41,DEPARTMENT OF PUBLIC HEALTH,2720,UNDERGROUND STORAGE TANK,140,PROFESSIONAL AND TECHNICAL SERVICES,0,0,14878
GRANTS,0H55,RESOURCE CONSERVATION AND RECOVERY ACT D,41,DEPARTMENT OF PUBLIC HEALTH,2721,RESOURCE CONSERVATION,5,SALARIES AND WAGES - ON PAYROLL,0,0,92695
GRANTS,0H55,RESOURCE CONSERVATION AND RECOVERY ACT D,41,DEPARTMENT OF PUBLIC HEALTH,2721,RESOURCE CONSERVATION,44,FRINGE BENEFITS,0,0,35680
GRANTS,0H55,RESOURCE CONSERVATION AND RECOVERY ACT D,41,DEPARTMENT OF PUBLIC HEALTH,2721,RESOURCE CONSERVATION,140,PROFESSIONAL AND TECHNICAL SERVICES,0,0,21625
GRANTS,0H56,SOLID WASTE MANAGEMENT,41,DEPARTMENT OF PUBLIC HEALTH,2722,SOLID WASTE MANAGEMENT,5,SALARIES AND WAGES - ON PAYROLL,0,0,131951
GRANTS,0H56,SOLID WASTE MANAGEMENT,41,DEPARTMENT OF PUBLIC HEALTH,2722,SOLID WASTE MANAGEMENT,15,SCHEDULE SALARY ADJUSTMENTS,0,0,2810
GRANTS,0H56,SOLID WASTE MANAGEMENT,41,DEPARTMENT OF PUBLIC HEALTH,2722,SOLID WASTE MANAGEMENT,44,FRINGE BENEFITS,0,0,50239
GRANTS,0H56,SOLID WASTE MANAGEMENT,41,DEPARTMENT OF PUBLIC HEALTH,2722,SOLID WASTE MANAGEMENT,140,PROFESSIONAL AND TECHNICAL SERVICES,0,0,0
GRANTS,0H57,RYAN WHITE HIV CARE ACT PART C,41,DEPARTMENT OF PUBLIC HEALTH,2728,RYAN WHITE HIV CARE ACT C,5,SALARIES AND WAGES - ON PAYROLL,0,0,238101
GRANTS,0H57,RYAN WHITE HIV CARE ACT PART C,41,DEPARTMENT OF PUBLIC HEALTH,2728,RYAN WHITE HIV CARE ACT C,15,SCHEDULE SALARY ADJUSTMENTS,0,0,540
GRANTS,0H57,RYAN WHITE HIV CARE ACT PART C,41,DEPARTMENT OF PUBLIC HEALTH,2728,RYAN WHITE HIV CARE ACT C,44,FRINGE BENEFITS,0,0,91506
GRANTS,0H57,RYAN WHITE HIV CARE ACT PART C,41,DEPARTMENT OF PUBLIC HEALTH,2728,RYAN WHITE HIV CARE ACT C,140,PROFESSIONAL AND TECHNICAL SERVICES,0,0,140423
GRANTS,0H57,RYAN WHITE HIV CARE ACT PART C,41,DEPARTMENT OF PUBLIC HEALTH,2728,RYAN WHITE HIV CARE ACT C,245,REIMBURSEMENT TO TRAVELERS,0,0,1000
GRANTS,0H57,RYAN WHITE HIV CARE ACT PART C,41,DEPARTMENT OF PUBLIC HEALTH,2728,RYAN WHITE HIV CARE ACT C,270,LOCAL TRANSPORTATION,0,0,447
GRANTS,0H57,RYAN WHITE HIV CARE ACT PART C,41,DEPARTMENT OF PUBLIC HEALTH,2728,RYAN WHITE HIV CARE ACT C,342,"DRUGS, MEDICINE AND CHEMICAL MATERIALS",0,0,2182
GRANTS,0H57,RYAN WHITE HIV CARE ACT PART C,41,DEPARTMENT OF PUBLIC HEALTH,2728,RYAN WHITE HIV CARE ACT C,9651,REIMB - INDIRECT COSTS,0,0,3000
GRANTS,0H58,GENETICS EDUCATION / FOLLOW UP SERVICES,41,DEPARTMENT OF PUBLIC HEALTH,2729,GENETICS EDUCATION,5,SALARIES AND WAGES - ON PAYROLL,0,0,99476
GRANTS,0H58,GENETICS EDUCATION / FOLLOW UP SERVICES,41,DEPARTMENT OF PUBLIC HEALTH,2729,GENETICS EDUCATION,44,FRINGE BENEFITS,0,0,38230
GRANTS,0H58,GENETICS EDUCATION / FOLLOW UP SERVICES,41,DEPARTMENT OF PUBLIC HEALTH,2729,GENETICS EDUCATION,138,IT MAINTENANCE,0,0,294
GRANTS,0H59,LOCAL HEALTH PROTECTION,41,DEPARTMENT OF PUBLIC HEALTH,2730,LOCAL HEALTH PROTECTION,5,SALARIES AND WAGES - ON PAYROLL,0,0,1646613
GRANTS,0H59,LOCAL HEALTH PROTECTION,41,DEPARTMENT OF PUBLIC HEALTH,2730,LOCAL HEALTH PROTECTION,11,CONTRACT WAGE - SALARY,0,0,7678
GRANTS,0H59,LOCAL HEALTH PROTECTION,41,DEPARTMENT OF PUBLIC HEALTH,2730,LOCAL HEALTH PROTECTION,15,SCHEDULE SALARY ADJUSTMENTS,0,0,12912
GRANTS,0H59,LOCAL HEALTH PROTECTION,41,DEPARTMENT OF PUBLIC HEALTH,2730,LOCAL HEALTH PROTECTION,20,OVERTIME,0,0,144437
GRANTS,0H59,LOCAL HEALTH PROTECTION,41,DEPARTMENT OF PUBLIC HEALTH,2730,LOCAL HEALTH PROTECTION,44,FRINGE BENEFITS,0,0,637970
GRANTS,0H59,LOCAL HEALTH PROTECTION,41,DEPARTMENT OF PUBLIC HEALTH,2730,LOCAL HEALTH PROTECTION,91,UNIFORM ALLOWANCE,0,0,500
GRANTS,0H59,LOCAL HEALTH PROTECTION,41,DEPARTMENT OF PUBLIC HEALTH,2730,LOCAL HEALTH PROTECTION,152,ADVERTISING,0,0,5000
GRANTS,0H59,LOCAL HEALTH PROTECTION,41,DEPARTMENT OF PUBLIC HEALTH,2730,LOCAL HEALTH PROTECTION,157,RENTAL EQUIPMENT AND SERVICES,0,0,19008
GRANTS,0H59,LOCAL HEALTH PROTECTION,41,DEPARTMENT OF PUBLIC HEALTH,2730,LOCAL HEALTH PROTECTION,181,MOBILE COMMUNICATION SERVICES,0,0,11696
GRANTS,0H59,LOCAL HEALTH PROTECTION,41,DEPARTMENT OF PUBLIC HEALTH,2730,LOCAL HEALTH PROTECTION,229,TRANSPORTATION AND EXPENSE ALLOWANCE,0,0,10656
GRANTS,0H59,LOCAL HEALTH PROTECTION,41,DEPARTMENT OF PUBLIC HEALTH,2730,LOCAL HEALTH PROTECTION,245,REIMBURSEMENT TO TRAVELERS,0,0,6758
GRANTS,0H59,LOCAL HEALTH PROTECTION,41,DEPARTMENT OF PUBLIC HEALTH,2730,LOCAL HEALTH PROTECTION,270,LOCAL TRANSPORTATION,0,0,10781
GRANTS,0H59,LOCAL HEALTH PROTECTION,41,DEPARTMENT OF PUBLIC HEALTH,2730,LOCAL HEALTH PROTECTION,340,MATERIAL AND SUPPLIES,0,0,9000
GRANTS,0H59,LOCAL HEALTH PROTECTION,41,DEPARTMENT OF PUBLIC HEALTH,2730,LOCAL HEALTH PROTECTION,350,STATIONERY AND OFFICE SUPPLIES,0,0,17991
GRANTS,0H60,RYAN WHITE HIV CARE ACT PART A,41,DEPARTMENT OF PUBLIC HEALTH,2731,RYAN WHITE HIV CARE ACT PART A,5,SALARIES AND WAGES - ON PAYROLL,0,0,3028813
GRANTS,0H60,RYAN WHITE HIV CARE ACT PART A,41,DEPARTMENT OF PUBLIC HEALTH,2731,RYAN WHITE HIV CARE ACT PART A,11,CONTRACT WAGE - SALARY,0,0,6822
GRANTS,0H60,RYAN WHITE HIV CARE ACT PART A,41,DEPARTMENT OF PUBLIC HEALTH,2731,RYAN WHITE HIV CARE ACT PART A,15,SCHEDULE SALARY ADJUSTMENTS,0,0,20906
GRANTS,0H60,RYAN WHITE HIV CARE ACT PART A,41,DEPARTMENT OF PUBLIC HEALTH,2731,RYAN WHITE HIV CARE ACT PART A,44,FRINGE BENEFITS,0,0,1168301
GRANTS,0H60,RYAN WHITE HIV CARE ACT PART A,41,DEPARTMENT OF PUBLIC HEALTH,2731,RYAN WHITE HIV CARE ACT PART A,50,STIPENDS,0,0,1217827
GRANTS,0H60,RYAN WHITE HIV CARE ACT PART A,41,DEPARTMENT OF PUBLIC HEALTH,2731,RYAN WHITE HIV CARE ACT PART A,130,POSTAGE,0,0,2000
GRANTS,0H60,RYAN WHITE HIV CARE ACT PART A,41,DEPARTMENT OF PUBLIC HEALTH,2731,RYAN WHITE HIV CARE ACT PART A,138,IT MAINTENANCE,0,0,17679
GRANTS,0H60,RYAN WHITE HIV CARE ACT PART A,41,DEPARTMENT OF PUBLIC HEALTH,2731,RYAN WHITE HIV CARE ACT PART A,140,PROFESSIONAL AND TECHNICAL SERVICES,0,0,21216404
GRANTS,0H60,RYAN WHITE HIV CARE ACT PART A,41,DEPARTMENT OF PUBLIC HEALTH,2731,RYAN WHITE HIV CARE ACT PART A,150,PUBLICATN & REPRODT-OUT,0,0,4500
GRANTS,0H60,RYAN WHITE HIV CARE ACT PART A,41,DEPARTMENT OF PUBLIC HEALTH,2731,RYAN WHITE HIV CARE ACT PART A,152,ADVERTISING,0,0,3000
GRANTS,0H60,RYAN WHITE HIV CARE ACT PART A,41,DEPARTMENT OF PUBLIC HEALTH,2731,RYAN WHITE HIV CARE ACT PART A,169,TECHNICAL MEETING COSTS,0,0,10000
GRANTS,0H60,RYAN WHITE HIV CARE ACT PART A,41,DEPARTMENT OF PUBLIC HEALTH,2731,RYAN WHITE HIV CARE ACT PART A,190,TELEPHONE - NON-CENTREX BILLINGS,0,0,5000
GRANTS,0H60,RYAN WHITE HIV CARE ACT PART A,41,DEPARTMENT OF PUBLIC HEALTH,2731,RYAN WHITE HIV CARE ACT PART A,245,REIMBURSEMENT TO TRAVELERS,0,0,14000
GRANTS,0H60,RYAN WHITE HIV CARE ACT PART A,41,DEPARTMENT OF PUBLIC HEALTH,2731,RYAN WHITE HIV CARE ACT PART A,270,LOCAL TRANSPORTATION,0,0,500
GRANTS,0H60,RYAN WHITE HIV CARE ACT PART A,41,DEPARTMENT OF PUBLIC HEALTH,2731,RYAN WHITE HIV CARE ACT PART A,342,"DRUGS, MEDICINE AND CHEMICAL MATERIALS",0,0,276548
GRANTS,0H60,RYAN WHITE HIV CARE ACT PART A,41,DEPARTMENT OF PUBLIC HEALTH,2731,RYAN WHITE HIV CARE ACT PART A,350,STATIONERY AND OFFICE SUPPLIES,0,0,8055
GRANTS,0H60,RYAN WHITE HIV CARE ACT PART A,41,DEPARTMENT OF PUBLIC HEALTH,2731,RYAN WHITE HIV CARE ACT PART A,9182,REIM HLTH GRANTS,0,0,8600
GRANTS,0H60,RYAN WHITE HIV CARE ACT PART A,41,DEPARTMENT OF PUBLIC HEALTH,2731,RYAN WHITE HIV CARE ACT PART A,9651,REIMB - INDIRECT COSTS,0,0,252045
GRANTS,0H61,MENTAL HEALTH SERVICES,41,DEPARTMENT OF PUBLIC HEALTH,2802,MENTAL HEALTH SERVICES,5,SALARIES AND WAGES - ON PAYROLL,0,0,484696
GRANTS,0H61,MENTAL HEALTH SERVICES,41,DEPARTMENT OF PUBLIC HEALTH,2802,MENTAL HEALTH SERVICES,11,CONTRACT WAGE - SALARY,0,0,1255
GRANTS,0H61,MENTAL HEALTH SERVICES,41,DEPARTMENT OF PUBLIC HEALTH,2802,MENTAL HEALTH SERVICES,15,SCHEDULE SALARY ADJUSTMENTS,0,0,1866
GRANTS,0H61,MENTAL HEALTH SERVICES,41,DEPARTMENT OF PUBLIC HEALTH,2802,MENTAL HEALTH SERVICES,44,FRINGE BENEFITS,0,0,182581
GRANTS,0H61,MENTAL HEALTH SERVICES,41,DEPARTMENT OF PUBLIC HEALTH,2802,MENTAL HEALTH SERVICES,140,PROFESSIONAL AND TECHNICAL SERVICES,0,0,105602
GRANTS,0H62,CHILDHOOD LEAD POISONING PREVENTION,41,DEPARTMENT OF PUBLIC HEALTH,2804,CHILDHOOD LEAD POISONING PREV,5,SALARIES AND WAGES - ON PAYROLL,0,0,238395
GRANTS,0H62,CHILDHOOD LEAD POISONING PREVENTION,41,DEPARTMENT OF PUBLIC HEALTH,2804,CHILDHOOD LEAD POISONING PREV,11,CONTRACT WAGE - SALARY,0,0,346
GRANTS,0H62,CHILDHOOD LEAD POISONING PREVENTION,41,DEPARTMENT OF PUBLIC HEALTH,2804,CHILDHOOD LEAD POISONING PREV,15,SCHEDULE SALARY ADJUSTMENTS,0,0,4123
GRANTS,0H62,CHILDHOOD LEAD POISONING PREVENTION,41,DEPARTMENT OF PUBLIC HEALTH,2804,CHILDHOOD LEAD POISONING PREV,20,OVERTIME,0,0,5000
GRANTS,0H62,CHILDHOOD LEAD POISONING PREVENTION,41,DEPARTMENT OF PUBLIC HEALTH,2804,CHILDHOOD LEAD POISONING PREV,44,FRINGE BENEFITS,0,0,91659
GRANTS,0H62,CHILDHOOD LEAD POISONING PREVENTION,41,DEPARTMENT OF PUBLIC HEALTH,2804,CHILDHOOD LEAD POISONING PREV,157,RENTAL EQUIPMENT AND SERVICES,0,0,40756
GRANTS,0H62,CHILDHOOD LEAD POISONING PREVENTION,41,DEPARTMENT OF PUBLIC HEALTH,2804,CHILDHOOD LEAD POISONING PREV,162,REPAIR/MAINT EQUIPMENT,0,0,31482
GRANTS,0H62,CHILDHOOD LEAD POISONING PREVENTION,41,DEPARTMENT OF PUBLIC HEALTH,2804,CHILDHOOD LEAD POISONING PREV,168,EDUCATION DEVELOPMENT,0,0,4000
GRANTS,0H62,CHILDHOOD LEAD POISONING PREVENTION,41,DEPARTMENT OF PUBLIC HEALTH,2804,CHILDHOOD LEAD POISONING PREV,181,MOBILE COMMUNICATION SERVICES,0,0,3000
GRANTS,0H62,CHILDHOOD LEAD POISONING PREVENTION,41,DEPARTMENT OF PUBLIC HEALTH,2804,CHILDHOOD LEAD POISONING PREV,229,TRANSPORTATION AND EXPENSE ALLOWANCE,0,0,2551
GRANTS,0H62,CHILDHOOD LEAD POISONING PREVENTION,41,DEPARTMENT OF PUBLIC HEALTH,2804,CHILDHOOD LEAD POISONING PREV,270,LOCAL TRANSPORTATION,0,0,5188
GRANTS,0H62,CHILDHOOD LEAD POISONING PREVENTION,41,DEPARTMENT OF PUBLIC HEALTH,2804,CHILDHOOD LEAD POISONING PREV,350,STATIONERY AND OFFICE SUPPLIES,0,0,4500
GRANTS,0H63,"WOMEN, INFANTS AND CHILDREN NUTRITION",41,DEPARTMENT OF PUBLIC HEALTH,2808,WIC NUTRITION,5,SALARIES AND WAGES - ON PAYROLL,0,0,2320140
GRANTS,0H63,"WOMEN, INFANTS AND CHILDREN NUTRITION",41,DEPARTMENT OF PUBLIC HEALTH,2808,WIC NUTRITION,11,CONTRACT WAGE - SALARY,0,0,8440
GRANTS,0H63,"WOMEN, INFANTS AND CHILDREN NUTRITION",41,DEPARTMENT OF PUBLIC HEALTH,2808,WIC NUTRITION,15,SCHEDULE SALARY ADJUSTMENTS,0,0,12418
GRANTS,0H63,"WOMEN, INFANTS AND CHILDREN NUTRITION",41,DEPARTMENT OF PUBLIC HEALTH,2808,WIC NUTRITION,44,FRINGE BENEFITS,0,0,900957
GRANTS,0H63,"WOMEN, INFANTS AND CHILDREN NUTRITION",41,DEPARTMENT OF PUBLIC HEALTH,2808,WIC NUTRITION,125,OFFICE AND BUILDING SERVICES,0,0,56788
GRANTS,0H63,"WOMEN, INFANTS AND CHILDREN NUTRITION",41,DEPARTMENT OF PUBLIC HEALTH,2808,WIC NUTRITION,130,POSTAGE,0,0,1225
GRANTS,0H63,"WOMEN, INFANTS AND CHILDREN NUTRITION",41,DEPARTMENT OF PUBLIC HEALTH,2808,WIC NUTRITION,135,DELEGATE AGENCIES,0,0,1189000
GRANTS,0H63,"WOMEN, INFANTS AND CHILDREN NUTRITION",41,DEPARTMENT OF PUBLIC HEALTH,2808,WIC NUTRITION,140,PROFESSIONAL AND TECHNICAL SERVICES,0,0,347085
GRANTS,0H63,"WOMEN, INFANTS AND CHILDREN NUTRITION",41,DEPARTMENT OF PUBLIC HEALTH,2808,WIC NUTRITION,150,PUBLICATN & REPRODT-OUT,0,0,5733
GRANTS,0H63,"WOMEN, INFANTS AND CHILDREN NUTRITION",41,DEPARTMENT OF PUBLIC HEALTH,2808,WIC NUTRITION,153,PROMOTIONS,0,0,4023
GRANTS,0H63,"WOMEN, INFANTS AND CHILDREN NUTRITION",41,DEPARTMENT OF PUBLIC HEALTH,2808,WIC NUTRITION,155,RENTAL OF PROPERTY,0,0,56091
GRANTS,0H63,"WOMEN, INFANTS AND CHILDREN NUTRITION",41,DEPARTMENT OF PUBLIC HEALTH,2808,WIC NUTRITION,157,RENTAL EQUIPMENT AND SERVICES,0,0,95500
GRANTS,0H63,"WOMEN, INFANTS AND CHILDREN NUTRITION",41,DEPARTMENT OF PUBLIC HEALTH,2808,WIC NUTRITION,169,TECHNICAL MEETING COSTS,0,0,11000
GRANTS,0H63,"WOMEN, INFANTS AND CHILDREN NUTRITION",41,DEPARTMENT OF PUBLIC HEALTH,2808,WIC NUTRITION,190,TELEPHONE - NON-CENTREX BILLINGS,0,0,10000
GRANTS,0H63,"WOMEN, INFANTS AND CHILDREN NUTRITION",41,DEPARTMENT OF PUBLIC HEALTH,2808,WIC NUTRITION,331,ELECTRICITY,0,0,600
GRANTS,0H64,HIV / AIDS PREVENTION,41,DEPARTMENT OF PUBLIC HEALTH,2812,AIDS PREVENTION,5,SALARIES AND WAGES - ON PAYROLL,0,0,3703654
GRANTS,0H64,HIV / AIDS PREVENTION,41,DEPARTMENT OF PUBLIC HEALTH,2812,AIDS PREVENTION,11,CONTRACT WAGE - SALARY,0,0,14197
GRANTS,0H64,HIV / AIDS PREVENTION,41,DEPARTMENT OF PUBLIC HEALTH,2812,AIDS PREVENTION,15,SCHEDULE SALARY ADJUSTMENTS,0,0,23962
GRANTS,0H64,HIV / AIDS PREVENTION,41,DEPARTMENT OF PUBLIC HEALTH,2812,AIDS PREVENTION,44,FRINGE BENEFITS,0,0,1434526
GRANTS,0H64,HIV / AIDS PREVENTION,41,DEPARTMENT OF PUBLIC HEALTH,2812,AIDS PREVENTION,130,POSTAGE,0,0,436
GRANTS,0H64,HIV / AIDS PREVENTION,41,DEPARTMENT OF PUBLIC HEALTH,2812,AIDS PREVENTION,140,PROFESSIONAL AND TECHNICAL SERVICES,0,0,3029272
GRANTS,0H64,HIV / AIDS PREVENTION,41,DEPARTMENT OF PUBLIC HEALTH,2812,AIDS PREVENTION,169,TECHNICAL MEETING COSTS,0,0,14387
GRANTS,0H64,HIV / AIDS PREVENTION,41,DEPARTMENT OF PUBLIC HEALTH,2812,AIDS PREVENTION,190,TELEPHONE - NON-CENTREX BILLINGS,0,0,7500
GRANTS,0H64,HIV / AIDS PREVENTION,41,DEPARTMENT OF PUBLIC HEALTH,2812,AIDS PREVENTION,245,REIMBURSEMENT TO TRAVELERS,0,0,11140
GRANTS,0H64,HIV / AIDS PREVENTION,41,DEPARTMENT OF PUBLIC HEALTH,2812,AIDS PREVENTION,270,LOCAL TRANSPORTATION,0,0,4250
GRANTS,0H64,HIV / AIDS PREVENTION,41,DEPARTMENT OF PUBLIC HEALTH,2812,AIDS PREVENTION,340,MATERIAL AND SUPPLIES,0,0,5000
GRANTS,0H64,HIV / AIDS PREVENTION,41,DEPARTMENT OF PUBLIC HEALTH,2812,AIDS PREVENTION,342,"DRUGS, MEDICINE AND CHEMICAL MATERIALS",0,0,344430
GRANTS,0H64,HIV / AIDS PREVENTION,41,DEPARTMENT OF PUBLIC HEALTH,2812,AIDS PREVENTION,9438,REIMBURSEMENT - 2FM,0,0,10182
GRANTS,0H64,HIV / AIDS PREVENTION,41,DEPARTMENT OF PUBLIC HEALTH,2812,AIDS PREVENTION,9651,REIMB - INDIRECT COSTS,0,0,697064
GRANTS,0H65,SEXUALLY TRANSMITTED DISEASE PREVENTION,41,DEPARTMENT OF PUBLIC HEALTH,2814,SEXUALLY TRANSMITTED DISEASE C,5,SALARIES AND WAGES - ON PAYROLL,0,0,1081480
GRANTS,0H65,SEXUALLY TRANSMITTED DISEASE PREVENTION,41,DEPARTMENT OF PUBLIC HEALTH,2814,SEXUALLY TRANSMITTED DISEASE C,11,CONTRACT WAGE - SALARY,0,0,4147
GRANTS,0H65,SEXUALLY TRANSMITTED DISEASE PREVENTION,41,DEPARTMENT OF PUBLIC HEALTH,2814,SEXUALLY TRANSMITTED DISEASE C,15,SCHEDULE SALARY ADJUSTMENTS,0,0,10152
GRANTS,0H65,SEXUALLY TRANSMITTED DISEASE PREVENTION,41,DEPARTMENT OF PUBLIC HEALTH,2814,SEXUALLY TRANSMITTED DISEASE C,44,FRINGE BENEFITS,0,0,421222
GRANTS,0H67,IMMUNIZATIONS AND VACCINES FOR CHILDREN,41,DEPARTMENT OF PUBLIC HEALTH,2820,IMMUNIZATION,91,UNIFORM ALLOWANCE,0,0,2400
GRANTS,0H65,SEXUALLY TRANSMITTED DISEASE PREVENTION,41,DEPARTMENT OF PUBLIC HEALTH,2814,SEXUALLY TRANSMITTED DISEASE C,140,PROFESSIONAL AND TECHNICAL SERVICES,0,0,234163
GRANTS,0H65,SEXUALLY TRANSMITTED DISEASE PREVENTION,41,DEPARTMENT OF PUBLIC HEALTH,2814,SEXUALLY TRANSMITTED DISEASE C,245,REIMBURSEMENT TO TRAVELERS,0,0,15000
GRANTS,0H65,SEXUALLY TRANSMITTED DISEASE PREVENTION,41,DEPARTMENT OF PUBLIC HEALTH,2814,SEXUALLY TRANSMITTED DISEASE C,270,LOCAL TRANSPORTATION,0,0,2038
GRANTS,0H65,SEXUALLY TRANSMITTED DISEASE PREVENTION,41,DEPARTMENT OF PUBLIC HEALTH,2814,SEXUALLY TRANSMITTED DISEASE C,342,"DRUGS, MEDICINE AND CHEMICAL MATERIALS",0,0,148733
GRANTS,0H65,SEXUALLY TRANSMITTED DISEASE PREVENTION,41,DEPARTMENT OF PUBLIC HEALTH,2814,SEXUALLY TRANSMITTED DISEASE C,350,STATIONERY AND OFFICE SUPPLIES,0,0,53867
GRANTS,0H65,SEXUALLY TRANSMITTED DISEASE PREVENTION,41,DEPARTMENT OF PUBLIC HEALTH,2814,SEXUALLY TRANSMITTED DISEASE C,9651,REIMB - INDIRECT COSTS,0,0,187198
GRANTS,0H66,HEALTHY START INITIATIVE - PERINATAL HLT,41,DEPARTMENT OF PUBLIC HEALTH,2816,HEALTHY START INITIATIVE,5,SALARIES AND WAGES - ON PAYROLL,0,0,393540
GRANTS,0H66,HEALTHY START INITIATIVE - PERINATAL HLT,41,DEPARTMENT OF PUBLIC HEALTH,2816,HEALTHY START INITIATIVE,11,CONTRACT WAGE - SALARY,0,0,1142
GRANTS,0H66,HEALTHY START INITIATIVE - PERINATAL HLT,41,DEPARTMENT OF PUBLIC HEALTH,2816,HEALTHY START INITIATIVE,15,SCHEDULE SALARY ADJUSTMENTS,0,0,2789
GRANTS,0H66,HEALTHY START INITIATIVE - PERINATAL HLT,41,DEPARTMENT OF PUBLIC HEALTH,2816,HEALTHY START INITIATIVE,44,FRINGE BENEFITS,0,0,151243
GRANTS,0H66,HEALTHY START INITIATIVE - PERINATAL HLT,41,DEPARTMENT OF PUBLIC HEALTH,2816,HEALTHY START INITIATIVE,91,UNIFORM ALLOWANCE,0,0,4000
GRANTS,0H66,HEALTHY START INITIATIVE - PERINATAL HLT,41,DEPARTMENT OF PUBLIC HEALTH,2816,HEALTHY START INITIATIVE,130,POSTAGE,0,0,50
GRANTS,0H66,HEALTHY START INITIATIVE - PERINATAL HLT,41,DEPARTMENT OF PUBLIC HEALTH,2816,HEALTHY START INITIATIVE,140,PROFESSIONAL AND TECHNICAL SERVICES,0,0,192165
GRANTS,0H66,HEALTHY START INITIATIVE - PERINATAL HLT,41,DEPARTMENT OF PUBLIC HEALTH,2816,HEALTHY START INITIATIVE,150,PUBLICATN & REPRODT-OUT,0,0,1340
GRANTS,0H66,HEALTHY START INITIATIVE - PERINATAL HLT,41,DEPARTMENT OF PUBLIC HEALTH,2816,HEALTHY START INITIATIVE,160,REPAIR/MAINT PROPERTY,0,0,500
GRANTS,0H66,HEALTHY START INITIATIVE - PERINATAL HLT,41,DEPARTMENT OF PUBLIC HEALTH,2816,HEALTHY START INITIATIVE,166,"DUES, SUBSC & MEM",0,0,1776
GRANTS,0H66,HEALTHY START INITIATIVE - PERINATAL HLT,41,DEPARTMENT OF PUBLIC HEALTH,2816,HEALTHY START INITIATIVE,169,TECHNICAL MEETING COSTS,0,0,100
GRANTS,0H66,HEALTHY START INITIATIVE - PERINATAL HLT,41,DEPARTMENT OF PUBLIC HEALTH,2816,HEALTHY START INITIATIVE,186,PAGERS,0,0,100
GRANTS,0H66,HEALTHY START INITIATIVE - PERINATAL HLT,41,DEPARTMENT OF PUBLIC HEALTH,2816,HEALTHY START INITIATIVE,190,TELEPHONE - NON-CENTREX BILLINGS,0,0,100
GRANTS,0H66,HEALTHY START INITIATIVE - PERINATAL HLT,41,DEPARTMENT OF PUBLIC HEALTH,2816,HEALTHY START INITIATIVE,245,REIMBURSEMENT TO TRAVELERS,0,0,7000
GRANTS,0H66,HEALTHY START INITIATIVE - PERINATAL HLT,41,DEPARTMENT OF PUBLIC HEALTH,2816,HEALTHY START INITIATIVE,270,LOCAL TRANSPORTATION,0,0,1000
GRANTS,0H66,HEALTHY START INITIATIVE - PERINATAL HLT,41,DEPARTMENT OF PUBLIC HEALTH,2816,HEALTHY START INITIATIVE,340,MATERIAL AND SUPPLIES,0,0,7000
GRANTS,0H66,HEALTHY START INITIATIVE - PERINATAL HLT,41,DEPARTMENT OF PUBLIC HEALTH,2816,HEALTHY START INITIATIVE,348,BOOKS AND RELATED MATERIAL,0,0,700
GRANTS,0H66,HEALTHY START INITIATIVE - PERINATAL HLT,41,DEPARTMENT OF PUBLIC HEALTH,2816,HEALTHY START INITIATIVE,350,STATIONERY AND OFFICE SUPPLIES,0,0,2160
GRANTS,0H66,HEALTHY START INITIATIVE - PERINATAL HLT,41,DEPARTMENT OF PUBLIC HEALTH,2816,HEALTHY START INITIATIVE,9438,REIMBURSEMENT - 2FM,0,0,14000
GRANTS,0H66,HEALTHY START INITIATIVE - PERINATAL HLT,41,DEPARTMENT OF PUBLIC HEALTH,2816,HEALTHY START INITIATIVE,9651,REIMB - INDIRECT COSTS,0,0,108295
GRANTS,0H67,IMMUNIZATIONS AND VACCINES FOR CHILDREN,41,DEPARTMENT OF PUBLIC HEALTH,2820,IMMUNIZATION,5,SALARIES AND WAGES - ON PAYROLL,0,0,2400854
GRANTS,0H67,IMMUNIZATIONS AND VACCINES FOR CHILDREN,41,DEPARTMENT OF PUBLIC HEALTH,2820,IMMUNIZATION,11,CONTRACT WAGE - SALARY,0,0,7613
GRANTS,0H67,IMMUNIZATIONS AND VACCINES FOR CHILDREN,41,DEPARTMENT OF PUBLIC HEALTH,2820,IMMUNIZATION,15,SCHEDULE SALARY ADJUSTMENTS,0,0,9407
GRANTS,0H67,IMMUNIZATIONS AND VACCINES FOR CHILDREN,41,DEPARTMENT OF PUBLIC HEALTH,2820,IMMUNIZATION,44,FRINGE BENEFITS,0,0,928358
GRANTS,0H67,IMMUNIZATIONS AND VACCINES FOR CHILDREN,41,DEPARTMENT OF PUBLIC HEALTH,2820,IMMUNIZATION,125,OFFICE AND BUILDING SERVICES,0,0,2500
GRANTS,0H67,IMMUNIZATIONS AND VACCINES FOR CHILDREN,41,DEPARTMENT OF PUBLIC HEALTH,2820,IMMUNIZATION,130,POSTAGE,0,0,8700
GRANTS,0H67,IMMUNIZATIONS AND VACCINES FOR CHILDREN,41,DEPARTMENT OF PUBLIC HEALTH,2820,IMMUNIZATION,140,PROFESSIONAL AND TECHNICAL SERVICES,0,0,492092
GRANTS,0H67,IMMUNIZATIONS AND VACCINES FOR CHILDREN,41,DEPARTMENT OF PUBLIC HEALTH,2820,IMMUNIZATION,150,PUBLICATN & REPRODT-OUT,0,0,53495
GRANTS,0H67,IMMUNIZATIONS AND VACCINES FOR CHILDREN,41,DEPARTMENT OF PUBLIC HEALTH,2820,IMMUNIZATION,152,ADVERTISING,0,0,13500
GRANTS,0H67,IMMUNIZATIONS AND VACCINES FOR CHILDREN,41,DEPARTMENT OF PUBLIC HEALTH,2820,IMMUNIZATION,157,RENTAL EQUIPMENT AND SERVICES,0,0,18000
GRANTS,0H67,IMMUNIZATIONS AND VACCINES FOR CHILDREN,41,DEPARTMENT OF PUBLIC HEALTH,2820,IMMUNIZATION,162,REPAIR/MAINT EQUIPMENT,0,0,10000
GRANTS,0H67,IMMUNIZATIONS AND VACCINES FOR CHILDREN,41,DEPARTMENT OF PUBLIC HEALTH,2820,IMMUNIZATION,166,"DUES, SUBSC & MEM",0,0,5350
GRANTS,0H67,IMMUNIZATIONS AND VACCINES FOR CHILDREN,41,DEPARTMENT OF PUBLIC HEALTH,2820,IMMUNIZATION,168,EDUCATION DEVELOPMENT,0,0,5000
GRANTS,0H67,IMMUNIZATIONS AND VACCINES FOR CHILDREN,41,DEPARTMENT OF PUBLIC HEALTH,2820,IMMUNIZATION,169,TECHNICAL MEETING COSTS,0,0,3000
GRANTS,0H67,IMMUNIZATIONS AND VACCINES FOR CHILDREN,41,DEPARTMENT OF PUBLIC HEALTH,2820,IMMUNIZATION,181,MOBILE COMMUNICATION SERVICES,0,0,7900
GRANTS,0H67,IMMUNIZATIONS AND VACCINES FOR CHILDREN,41,DEPARTMENT OF PUBLIC HEALTH,2820,IMMUNIZATION,190,TELEPHONE - NON-CENTREX BILLINGS,0,0,9300
GRANTS,0H67,IMMUNIZATIONS AND VACCINES FOR CHILDREN,41,DEPARTMENT OF PUBLIC HEALTH,2820,IMMUNIZATION,229,TRANSPORTATION AND EXPENSE ALLOWANCE,0,0,13803
GRANTS,0H67,IMMUNIZATIONS AND VACCINES FOR CHILDREN,41,DEPARTMENT OF PUBLIC HEALTH,2820,IMMUNIZATION,245,REIMBURSEMENT TO TRAVELERS,0,0,11928
GRANTS,0H67,IMMUNIZATIONS AND VACCINES FOR CHILDREN,41,DEPARTMENT OF PUBLIC HEALTH,2820,IMMUNIZATION,340,MATERIAL AND SUPPLIES,0,0,96080
GRANTS,0H67,IMMUNIZATIONS AND VACCINES FOR CHILDREN,41,DEPARTMENT OF PUBLIC HEALTH,2820,IMMUNIZATION,342,"DRUGS, MEDICINE AND CHEMICAL MATERIALS",0,0,2100
GRANTS,0H67,IMMUNIZATIONS AND VACCINES FOR CHILDREN,41,DEPARTMENT OF PUBLIC HEALTH,2820,IMMUNIZATION,345,APPARATUS AND INSTRUMENTS,0,0,6200
GRANTS,0H67,IMMUNIZATIONS AND VACCINES FOR CHILDREN,41,DEPARTMENT OF PUBLIC HEALTH,2820,IMMUNIZATION,348,BOOKS AND RELATED MATERIAL,0,0,39500
GRANTS,0H67,IMMUNIZATIONS AND VACCINES FOR CHILDREN,41,DEPARTMENT OF PUBLIC HEALTH,2820,IMMUNIZATION,350,STATIONERY AND OFFICE SUPPLIES,0,0,6700
GRANTS,0H67,IMMUNIZATIONS AND VACCINES FOR CHILDREN,41,DEPARTMENT OF PUBLIC HEALTH,2820,IMMUNIZATION,801,INDIRECT COSTS,0,0,535220
GRANTS,0H68,TUBERCULOSIS CONTROL,41,DEPARTMENT OF PUBLIC HEALTH,2824,TUBERCULOSIS CONTROL,5,SALARIES AND WAGES - ON PAYROLL,0,0,716689
GRANTS,0H68,TUBERCULOSIS CONTROL,41,DEPARTMENT OF PUBLIC HEALTH,2824,TUBERCULOSIS CONTROL,11,CONTRACT WAGE - SALARY,0,0,2318
GRANTS,0H68,TUBERCULOSIS CONTROL,41,DEPARTMENT OF PUBLIC HEALTH,2824,TUBERCULOSIS CONTROL,15,SCHEDULE SALARY ADJUSTMENTS,0,0,3410
GRANTS,0H68,TUBERCULOSIS CONTROL,41,DEPARTMENT OF PUBLIC HEALTH,2824,TUBERCULOSIS CONTROL,44,FRINGE BENEFITS,0,0,279293
GRANTS,0H68,TUBERCULOSIS CONTROL,41,DEPARTMENT OF PUBLIC HEALTH,2824,TUBERCULOSIS CONTROL,91,UNIFORM ALLOWANCE,0,0,600
GRANTS,0H68,TUBERCULOSIS CONTROL,41,DEPARTMENT OF PUBLIC HEALTH,2824,TUBERCULOSIS CONTROL,140,PROFESSIONAL AND TECHNICAL SERVICES,0,0,134294
GRANTS,0H68,TUBERCULOSIS CONTROL,41,DEPARTMENT OF PUBLIC HEALTH,2824,TUBERCULOSIS CONTROL,181,MOBILE COMMUNICATION SERVICES,0,0,10112
GRANTS,0H68,TUBERCULOSIS CONTROL,41,DEPARTMENT OF PUBLIC HEALTH,2824,TUBERCULOSIS CONTROL,229,TRANSPORTATION AND EXPENSE ALLOWANCE,0,0,21120
GRANTS,0H68,TUBERCULOSIS CONTROL,41,DEPARTMENT OF PUBLIC HEALTH,2824,TUBERCULOSIS CONTROL,340,MATERIAL AND SUPPLIES,0,0,6464
GRANTS,0H68,TUBERCULOSIS CONTROL,41,DEPARTMENT OF PUBLIC HEALTH,2824,TUBERCULOSIS CONTROL,350,STATIONERY AND OFFICE SUPPLIES,0,0,2500
GRANTS,0H69,HIV / AIDS SURVEILLANCE,41,DEPARTMENT OF PUBLIC HEALTH,2733,HIV / AIDS SURVEILLANCE,5,SALARIES AND WAGES - ON PAYROLL,0,0,806958
GRANTS,0H69,HIV / AIDS SURVEILLANCE,41,DEPARTMENT OF PUBLIC HEALTH,2733,HIV / AIDS SURVEILLANCE,11,CONTRACT WAGE - SALARY,0,0,3900
GRANTS,0H69,HIV / AIDS SURVEILLANCE,41,DEPARTMENT OF PUBLIC HEALTH,2733,HIV / AIDS SURVEILLANCE,15,SCHEDULE SALARY ADJUSTMENTS,0,0,0
GRANTS,0H69,HIV / AIDS SURVEILLANCE,41,DEPARTMENT OF PUBLIC HEALTH,2733,HIV / AIDS SURVEILLANCE,44,FRINGE BENEFITS,0,0,311491
GRANTS,0H69,HIV / AIDS SURVEILLANCE,41,DEPARTMENT OF PUBLIC HEALTH,2733,HIV / AIDS SURVEILLANCE,140,PROFESSIONAL AND TECHNICAL SERVICES,0,0,320681
GRANTS,0H69,HIV / AIDS SURVEILLANCE,41,DEPARTMENT OF PUBLIC HEALTH,2733,HIV / AIDS SURVEILLANCE,245,REIMBURSEMENT TO TRAVELERS,0,0,7559
GRANTS,0H69,HIV / AIDS SURVEILLANCE,41,DEPARTMENT OF PUBLIC HEALTH,2733,HIV / AIDS SURVEILLANCE,340,MATERIAL AND SUPPLIES,0,0,2364
GRANTS,0H69,HIV / AIDS SURVEILLANCE,41,DEPARTMENT OF PUBLIC HEALTH,2733,HIV / AIDS SURVEILLANCE,801,INDIRECT COSTS,0,0,12047
GRANTS,0H70,BIOTERRORISM PREPAREDNESS RESPONSE PLAN,41,DEPARTMENT OF PUBLIC HEALTH,2829,BIOTERRORISM RESPONSE,5,SALARIES AND WAGES - ON PAYROLL,0,0,3590093
GRANTS,0H70,BIOTERRORISM PREPAREDNESS RESPONSE PLAN,41,DEPARTMENT OF PUBLIC HEALTH,2829,BIOTERRORISM RESPONSE,11,CONTRACT WAGE - SALARY,0,0,8308
GRANTS,0H70,BIOTERRORISM PREPAREDNESS RESPONSE PLAN,41,DEPARTMENT OF PUBLIC HEALTH,2829,BIOTERRORISM RESPONSE,15,SCHEDULE SALARY ADJUSTMENTS,0,0,18890
GRANTS,0H70,BIOTERRORISM PREPAREDNESS RESPONSE PLAN,41,DEPARTMENT OF PUBLIC HEALTH,2829,BIOTERRORISM RESPONSE,44,FRINGE BENEFITS,0,0,1398129
GRANTS,0H70,BIOTERRORISM PREPAREDNESS RESPONSE PLAN,41,DEPARTMENT OF PUBLIC HEALTH,2829,BIOTERRORISM RESPONSE,140,PROFESSIONAL AND TECHNICAL SERVICES,0,0,1653920
GRANTS,0H70,BIOTERRORISM PREPAREDNESS RESPONSE PLAN,41,DEPARTMENT OF PUBLIC HEALTH,2829,BIOTERRORISM RESPONSE,229,TRANSPORTATION AND EXPENSE ALLOWANCE,0,0,800
GRANTS,0H70,BIOTERRORISM PREPAREDNESS RESPONSE PLAN,41,DEPARTMENT OF PUBLIC HEALTH,2829,BIOTERRORISM RESPONSE,245,REIMBURSEMENT TO TRAVELERS,0,0,30606
GRANTS,0H70,BIOTERRORISM PREPAREDNESS RESPONSE PLAN,41,DEPARTMENT OF PUBLIC HEALTH,2829,BIOTERRORISM RESPONSE,270,LOCAL TRANSPORTATION,0,0,12508
GRANTS,0H70,BIOTERRORISM PREPAREDNESS RESPONSE PLAN,41,DEPARTMENT OF PUBLIC HEALTH,2829,BIOTERRORISM RESPONSE,340,MATERIAL AND SUPPLIES,0,0,1239980
GRANTS,0H70,BIOTERRORISM PREPAREDNESS RESPONSE PLAN,41,DEPARTMENT OF PUBLIC HEALTH,2829,BIOTERRORISM RESPONSE,348,BOOKS AND RELATED MATERIAL,0,0,24118
GRANTS,0H70,BIOTERRORISM PREPAREDNESS RESPONSE PLAN,41,DEPARTMENT OF PUBLIC HEALTH,2829,BIOTERRORISM RESPONSE,350,STATIONERY AND OFFICE SUPPLIES,0,0,25833
GRANTS,0H70,BIOTERRORISM PREPAREDNESS RESPONSE PLAN,41,DEPARTMENT OF PUBLIC HEALTH,2829,BIOTERRORISM RESPONSE,421,MACHINERY AND EQUIPMENT,0,0,10000
GRANTS,0H70,BIOTERRORISM PREPAREDNESS RESPONSE PLAN,41,DEPARTMENT OF PUBLIC HEALTH,2829,BIOTERRORISM RESPONSE,426,OUTDOOR EQUIPMENT,0,0,251160
GRANTS,0H70,BIOTERRORISM PREPAREDNESS RESPONSE PLAN,41,DEPARTMENT OF PUBLIC HEALTH,2829,BIOTERRORISM RESPONSE,999,CULTURAL PROGRAMMING GRANTS,0,0,3332
GRANTS,0H70,BIOTERRORISM PREPAREDNESS RESPONSE PLAN,41,DEPARTMENT OF PUBLIC HEALTH,2829,BIOTERRORISM RESPONSE,9651,REIMB - INDIRECT COSTS,0,0,1077950
GRANTS,0H71,HEALTHY FAMILIES ILLINOIS,41,DEPARTMENT OF PUBLIC HEALTH,2849,HEALTHY FAMILIES ILLINOIS,5,SALARIES AND WAGES - ON PAYROLL,0,0,76749
GRANTS,0H71,HEALTHY FAMILIES ILLINOIS,41,DEPARTMENT OF PUBLIC HEALTH,2849,HEALTHY FAMILIES ILLINOIS,44,FRINGE BENEFITS,0,0,29542
GRANTS,0H71,HEALTHY FAMILIES ILLINOIS,41,DEPARTMENT OF PUBLIC HEALTH,2849,HEALTHY FAMILIES ILLINOIS,130,POSTAGE,0,0,1450
GRANTS,0H71,HEALTHY FAMILIES ILLINOIS,41,DEPARTMENT OF PUBLIC HEALTH,2849,HEALTHY FAMILIES ILLINOIS,135,DELEGATE AGENCIES,0,0,90066
GRANTS,0H71,HEALTHY FAMILIES ILLINOIS,41,DEPARTMENT OF PUBLIC HEALTH,2849,HEALTHY FAMILIES ILLINOIS,140,PROFESSIONAL AND TECHNICAL SERVICES,0,0,42387
GRANTS,0H71,HEALTHY FAMILIES ILLINOIS,41,DEPARTMENT OF PUBLIC HEALTH,2849,HEALTHY FAMILIES ILLINOIS,150,PUBLICATN & REPRODT-OUT,0,0,1743
GRANTS,0H71,HEALTHY FAMILIES ILLINOIS,41,DEPARTMENT OF PUBLIC HEALTH,2849,HEALTHY FAMILIES ILLINOIS,169,TECHNICAL MEETING COSTS,0,0,500
GRANTS,0H71,HEALTHY FAMILIES ILLINOIS,41,DEPARTMENT OF PUBLIC HEALTH,2849,HEALTHY FAMILIES ILLINOIS,181,MOBILE COMMUNICATION SERVICES,0,0,450
GRANTS,0H71,HEALTHY FAMILIES ILLINOIS,41,DEPARTMENT OF PUBLIC HEALTH,2849,HEALTHY FAMILIES ILLINOIS,190,TELEPHONE - NON-CENTREX BILLINGS,0,0,1000
GRANTS,0H71,HEALTHY FAMILIES ILLINOIS,41,DEPARTMENT OF PUBLIC HEALTH,2849,HEALTHY FAMILIES ILLINOIS,270,LOCAL TRANSPORTATION,0,0,813
GRANTS,0H71,HEALTHY FAMILIES ILLINOIS,41,DEPARTMENT OF PUBLIC HEALTH,2849,HEALTHY FAMILIES ILLINOIS,350,STATIONERY AND OFFICE SUPPLIES,0,0,2300
GRANTS,0H72,TOBACCO FREE COMMUNITIES,41,DEPARTMENT OF PUBLIC HEALTH,2868,TOBACCO FREE COMMUNITIES,5,SALARIES AND WAGES - ON PAYROLL,0,0,408910
GRANTS,0H72,TOBACCO FREE COMMUNITIES,41,DEPARTMENT OF PUBLIC HEALTH,2868,TOBACCO FREE COMMUNITIES,11,CONTRACT WAGE - SALARY,0,0,1381
GRANTS,0H72,TOBACCO FREE COMMUNITIES,41,DEPARTMENT OF PUBLIC HEALTH,2868,TOBACCO FREE COMMUNITIES,15,SCHEDULE SALARY ADJUSTMENTS,0,0,3782
GRANTS,0H72,TOBACCO FREE COMMUNITIES,41,DEPARTMENT OF PUBLIC HEALTH,2868,TOBACCO FREE COMMUNITIES,44,FRINGE BENEFITS,0,0,159817
GRANTS,0H72,TOBACCO FREE COMMUNITIES,41,DEPARTMENT OF PUBLIC HEALTH,2868,TOBACCO FREE COMMUNITIES,140,PROFESSIONAL AND TECHNICAL SERVICES,0,0,609945
GRANTS,0H72,TOBACCO FREE COMMUNITIES,41,DEPARTMENT OF PUBLIC HEALTH,2868,TOBACCO FREE COMMUNITIES,150,PUBLICATN & REPRODT-OUT,0,0,25000
GRANTS,0H72,TOBACCO FREE COMMUNITIES,41,DEPARTMENT OF PUBLIC HEALTH,2868,TOBACCO FREE COMMUNITIES,190,TELEPHONE - NON-CENTREX BILLINGS,0,0,11604
GRANTS,0H72,TOBACCO FREE COMMUNITIES,41,DEPARTMENT OF PUBLIC HEALTH,2868,TOBACCO FREE COMMUNITIES,229,TRANSPORTATION AND EXPENSE ALLOWANCE,0,0,15516
GRANTS,0H72,TOBACCO FREE COMMUNITIES,41,DEPARTMENT OF PUBLIC HEALTH,2868,TOBACCO FREE COMMUNITIES,350,STATIONERY AND OFFICE SUPPLIES,0,0,23045
GRANTS,0H73,DENTAL SEALANT,41,DEPARTMENT OF PUBLIC HEALTH,2871,DENTAL SEALANT GRANT,5,SALARIES AND WAGES - ON PAYROLL,0,0,20000
GRANTS,0H73,DENTAL SEALANT,41,DEPARTMENT OF PUBLIC HEALTH,2871,DENTAL SEALANT GRANT,44,FRINGE BENEFITS,0,0,7302
GRANTS,0H73,DENTAL SEALANT,41,DEPARTMENT OF PUBLIC HEALTH,2871,DENTAL SEALANT GRANT,150,PUBLICATN & REPRODT-OUT,0,0,20678
GRANTS,0H73,DENTAL SEALANT,41,DEPARTMENT OF PUBLIC HEALTH,2871,DENTAL SEALANT GRANT,169,TECHNICAL MEETING COSTS,0,0,1000
GRANTS,0H73,DENTAL SEALANT,41,DEPARTMENT OF PUBLIC HEALTH,2871,DENTAL SEALANT GRANT,245,REIMBURSEMENT TO TRAVELERS,0,0,1500
GRANTS,0H73,DENTAL SEALANT,41,DEPARTMENT OF PUBLIC HEALTH,2871,DENTAL SEALANT GRANT,270,LOCAL TRANSPORTATION,0,0,1000
GRANTS,0H73,DENTAL SEALANT,41,DEPARTMENT OF PUBLIC HEALTH,2871,DENTAL SEALANT GRANT,342,"DRUGS, MEDICINE AND CHEMICAL MATERIALS",0,0,3000
GRANTS,0H73,DENTAL SEALANT,41,DEPARTMENT OF PUBLIC HEALTH,2871,DENTAL SEALANT GRANT,345,APPARATUS AND INSTRUMENTS,0,0,4020
GRANTS,0H73,DENTAL SEALANT,41,DEPARTMENT OF PUBLIC HEALTH,2871,DENTAL SEALANT GRANT,350,STATIONERY AND OFFICE SUPPLIES,0,0,1500
GRANTS,0H74,TANNING FACILITIES INSPECTIONS,41,DEPARTMENT OF PUBLIC HEALTH,2878,TANNING FACILITIES INSPECTIONS,140,PROFESSIONAL AND TECHNICAL SERVICES,0,0,9289
GRANTS,0H74,TANNING FACILITIES INSPECTIONS,41,DEPARTMENT OF PUBLIC HEALTH,2878,TANNING FACILITIES INSPECTIONS,340,MATERIAL AND SUPPLIES,0,0,1711
GRANTS,0H75,BIOTERRORISM HOSPITAL PREPAREDNESS PGM,41,DEPARTMENT OF PUBLIC HEALTH,2883,BIOTERRORISM HOSPITAL PREP,5,SALARIES AND WAGES - ON PAYROLL,0,0,269071
GRANTS,0H75,BIOTERRORISM HOSPITAL PREPAREDNESS PGM,41,DEPARTMENT OF PUBLIC HEALTH,2883,BIOTERRORISM HOSPITAL PREP,11,CONTRACT WAGE - SALARY,0,0,479
GRANTS,0H75,BIOTERRORISM HOSPITAL PREPAREDNESS PGM,41,DEPARTMENT OF PUBLIC HEALTH,2883,BIOTERRORISM HOSPITAL PREP,44,FRINGE BENEFITS,0,0,105184
GRANTS,0H75,BIOTERRORISM HOSPITAL PREPAREDNESS PGM,41,DEPARTMENT OF PUBLIC HEALTH,2883,BIOTERRORISM HOSPITAL PREP,140,PROFESSIONAL AND TECHNICAL SERVICES,0,0,415987
GRANTS,0H75,BIOTERRORISM HOSPITAL PREPAREDNESS PGM,41,DEPARTMENT OF PUBLIC HEALTH,2883,BIOTERRORISM HOSPITAL PREP,245,REIMBURSEMENT TO TRAVELERS,0,0,19664
GRANTS,0H75,BIOTERRORISM HOSPITAL PREPAREDNESS PGM,41,DEPARTMENT OF PUBLIC HEALTH,2883,BIOTERRORISM HOSPITAL PREP,270,LOCAL TRANSPORTATION,0,0,6060
GRANTS,0H75,BIOTERRORISM HOSPITAL PREPAREDNESS PGM,41,DEPARTMENT OF PUBLIC HEALTH,2883,BIOTERRORISM HOSPITAL PREP,350,STATIONERY AND OFFICE SUPPLIES,0,0,9915
GRANTS,0H75,BIOTERRORISM HOSPITAL PREPAREDNESS PGM,41,DEPARTMENT OF PUBLIC HEALTH,2883,BIOTERRORISM HOSPITAL PREP,999,CULTURAL PROGRAMMING GRANTS,0,0,1138377
GRANTS,0H75,BIOTERRORISM HOSPITAL PREPAREDNESS PGM,41,DEPARTMENT OF PUBLIC HEALTH,2883,BIOTERRORISM HOSPITAL PREP,9651,REIMB - INDIRECT COSTS,0,0,731263
GRANTS,0H76,LEAD BASED PAINT HAZARD CONTROL,41,DEPARTMENT OF PUBLIC HEALTH,2884,LEAD-BASED PAINT HAZARD,140,PROFESSIONAL AND TECHNICAL SERVICES,0,0,376000
GRANTS,0H76,LEAD BASED PAINT HAZARD CONTROL,41,DEPARTMENT OF PUBLIC HEALTH,2884,LEAD-BASED PAINT HAZARD,9651,REIMB - INDIRECT COSTS,0,0,24000
GRANTS,0H77,MORBIDITY AND RISK BEHAVIOR SURVEILLANCE,41,DEPARTMENT OF PUBLIC HEALTH,2887,MORBIDITY AND RISK BEHAVIOR,5,SALARIES AND WAGES - ON PAYROLL,0,0,126700
GRANTS,0H77,MORBIDITY AND RISK BEHAVIOR SURVEILLANCE,41,DEPARTMENT OF PUBLIC HEALTH,2887,MORBIDITY AND RISK BEHAVIOR,11,CONTRACT WAGE - SALARY,0,0,667
GRANTS,0H77,MORBIDITY AND RISK BEHAVIOR SURVEILLANCE,41,DEPARTMENT OF PUBLIC HEALTH,2887,MORBIDITY AND RISK BEHAVIOR,15,SCHEDULE SALARY ADJUSTMENTS,0,0,3669
GRANTS,0H77,MORBIDITY AND RISK BEHAVIOR SURVEILLANCE,41,DEPARTMENT OF PUBLIC HEALTH,2887,MORBIDITY AND RISK BEHAVIOR,44,FRINGE BENEFITS,0,0,48693
GRANTS,0H77,MORBIDITY AND RISK BEHAVIOR SURVEILLANCE,41,DEPARTMENT OF PUBLIC HEALTH,2887,MORBIDITY AND RISK BEHAVIOR,140,PROFESSIONAL AND TECHNICAL SERVICES,0,0,264274
GRANTS,0H77,MORBIDITY AND RISK BEHAVIOR SURVEILLANCE,41,DEPARTMENT OF PUBLIC HEALTH,2887,MORBIDITY AND RISK BEHAVIOR,9651,REIMB - INDIRECT COSTS,0,0,12997
GRANTS,0H78,CHICAGO FAMILY CASE MANAGEMENT,41,DEPARTMENT OF PUBLIC HEALTH,2894,HEALTHY MOMS/HEALTHY KIDS,5,SALARIES AND WAGES - ON PAYROLL,0,0,1027259
GRANTS,0H78,CHICAGO FAMILY CASE MANAGEMENT,41,DEPARTMENT OF PUBLIC HEALTH,2894,HEALTHY MOMS/HEALTHY KIDS,11,CONTRACT WAGE - SALARY,0,0,2546
GRANTS,0H78,CHICAGO FAMILY CASE MANAGEMENT,41,DEPARTMENT OF PUBLIC HEALTH,2894,HEALTHY MOMS/HEALTHY KIDS,15,SCHEDULE SALARY ADJUSTMENTS,0,0,8412
GRANTS,0H78,CHICAGO FAMILY CASE MANAGEMENT,41,DEPARTMENT OF PUBLIC HEALTH,2894,HEALTHY MOMS/HEALTHY KIDS,44,FRINGE BENEFITS,0,0,400783
GRANTS,0H78,CHICAGO FAMILY CASE MANAGEMENT,41,DEPARTMENT OF PUBLIC HEALTH,2894,HEALTHY MOMS/HEALTHY KIDS,140,PROFESSIONAL AND TECHNICAL SERVICES,0,0,0
GRANTS,0H79,MATERNAL AND CHILD HEALTH BLOCK GRANT,41,DEPARTMENT OF PUBLIC HEALTH,2910,MATERNAL AND CHILD HEALTH,5,SALARIES AND WAGES - ON PAYROLL,0,0,3280402
GRANTS,0H79,MATERNAL AND CHILD HEALTH BLOCK GRANT,41,DEPARTMENT OF PUBLIC HEALTH,2910,MATERNAL AND CHILD HEALTH,11,CONTRACT WAGE - SALARY,0,0,3273
GRANTS,0H79,MATERNAL AND CHILD HEALTH BLOCK GRANT,41,DEPARTMENT OF PUBLIC HEALTH,2910,MATERNAL AND CHILD HEALTH,15,SCHEDULE SALARY ADJUSTMENTS,0,0,17033
GRANTS,0H79,MATERNAL AND CHILD HEALTH BLOCK GRANT,41,DEPARTMENT OF PUBLIC HEALTH,2910,MATERNAL AND CHILD HEALTH,44,FRINGE BENEFITS,0,0,1260025
GRANTS,0H79,MATERNAL AND CHILD HEALTH BLOCK GRANT,41,DEPARTMENT OF PUBLIC HEALTH,2910,MATERNAL AND CHILD HEALTH,91,UNIFORM ALLOWANCE,0,0,23800
GRANTS,0H79,MATERNAL AND CHILD HEALTH BLOCK GRANT,41,DEPARTMENT OF PUBLIC HEALTH,2910,MATERNAL AND CHILD HEALTH,130,POSTAGE,0,0,1170
GRANTS,0H79,MATERNAL AND CHILD HEALTH BLOCK GRANT,41,DEPARTMENT OF PUBLIC HEALTH,2910,MATERNAL AND CHILD HEALTH,140,PROFESSIONAL AND TECHNICAL SERVICES,0,0,51438
GRANTS,0H79,MATERNAL AND CHILD HEALTH BLOCK GRANT,41,DEPARTMENT OF PUBLIC HEALTH,2910,MATERNAL AND CHILD HEALTH,150,PUBLICATN & REPRODT-OUT,0,0,25683
GRANTS,0H79,MATERNAL AND CHILD HEALTH BLOCK GRANT,41,DEPARTMENT OF PUBLIC HEALTH,2910,MATERNAL AND CHILD HEALTH,160,REPAIR/MAINT PROPERTY,0,0,1500
GRANTS,0H79,MATERNAL AND CHILD HEALTH BLOCK GRANT,41,DEPARTMENT OF PUBLIC HEALTH,2910,MATERNAL AND CHILD HEALTH,166,"DUES, SUBSC & MEM",0,0,2300
GRANTS,0H79,MATERNAL AND CHILD HEALTH BLOCK GRANT,41,DEPARTMENT OF PUBLIC HEALTH,2910,MATERNAL AND CHILD HEALTH,169,TECHNICAL MEETING COSTS,0,0,6500
GRANTS,0H79,MATERNAL AND CHILD HEALTH BLOCK GRANT,41,DEPARTMENT OF PUBLIC HEALTH,2910,MATERNAL AND CHILD HEALTH,186,PAGERS,0,0,2248
GRANTS,0H79,MATERNAL AND CHILD HEALTH BLOCK GRANT,41,DEPARTMENT OF PUBLIC HEALTH,2910,MATERNAL AND CHILD HEALTH,190,TELEPHONE - NON-CENTREX BILLINGS,0,0,30000
GRANTS,0H79,MATERNAL AND CHILD HEALTH BLOCK GRANT,41,DEPARTMENT OF PUBLIC HEALTH,2910,MATERNAL AND CHILD HEALTH,229,TRANSPORTATION AND EXPENSE ALLOWANCE,0,0,5750
GRANTS,0H79,MATERNAL AND CHILD HEALTH BLOCK GRANT,41,DEPARTMENT OF PUBLIC HEALTH,2910,MATERNAL AND CHILD HEALTH,245,REIMBURSEMENT TO TRAVELERS,0,0,6256
GRANTS,0H79,MATERNAL AND CHILD HEALTH BLOCK GRANT,41,DEPARTMENT OF PUBLIC HEALTH,2910,MATERNAL AND CHILD HEALTH,270,LOCAL TRANSPORTATION,0,0,10046
GRANTS,0H79,MATERNAL AND CHILD HEALTH BLOCK GRANT,41,DEPARTMENT OF PUBLIC HEALTH,2910,MATERNAL AND CHILD HEALTH,340,MATERIAL AND SUPPLIES,0,0,11390
GRANTS,0H79,MATERNAL AND CHILD HEALTH BLOCK GRANT,41,DEPARTMENT OF PUBLIC HEALTH,2910,MATERNAL AND CHILD HEALTH,348,BOOKS AND RELATED MATERIAL,0,0,29000
GRANTS,0H79,MATERNAL AND CHILD HEALTH BLOCK GRANT,41,DEPARTMENT OF PUBLIC HEALTH,2910,MATERNAL AND CHILD HEALTH,350,STATIONERY AND OFFICE SUPPLIES,0,0,29800
GRANTS,0H79,MATERNAL AND CHILD HEALTH BLOCK GRANT,41,DEPARTMENT OF PUBLIC HEALTH,2910,MATERNAL AND CHILD HEALTH,446,PURCHASE - DATA HARDWARE,0,0,18940
GRANTS,0H79,MATERNAL AND CHILD HEALTH BLOCK GRANT,41,DEPARTMENT OF PUBLIC HEALTH,2910,MATERNAL AND CHILD HEALTH,9438,REIMBURSEMENT - 2FM,0,0,10000
GRANTS,0H79,MATERNAL AND CHILD HEALTH BLOCK GRANT,41,DEPARTMENT OF PUBLIC HEALTH,2921,HEALTH REVENUE,5,SALARIES AND WAGES - ON PAYROLL,0,0,138123
GRANTS,0H79,MATERNAL AND CHILD HEALTH BLOCK GRANT,41,DEPARTMENT OF PUBLIC HEALTH,2921,HEALTH REVENUE,11,CONTRACT WAGE - SALARY,0,0,241
GRANTS,0H79,MATERNAL AND CHILD HEALTH BLOCK GRANT,41,DEPARTMENT OF PUBLIC HEALTH,2921,HEALTH REVENUE,44,FRINGE BENEFITS,0,0,53082
GRANTS,0H80,HOUSING OPPORTUNITIES FOR PEOPLE W/ AIDS,41,DEPARTMENT OF PUBLIC HEALTH,2932,HOPWA,5,SALARIES AND WAGES - ON PAYROLL,0,0,236996
GRANTS,0H80,HOUSING OPPORTUNITIES FOR PEOPLE W/ AIDS,41,DEPARTMENT OF PUBLIC HEALTH,2932,HOPWA,11,CONTRACT WAGE - SALARY,0,0,418
GRANTS,0H80,HOUSING OPPORTUNITIES FOR PEOPLE W/ AIDS,41,DEPARTMENT OF PUBLIC HEALTH,2932,HOPWA,15,SCHEDULE SALARY ADJUSTMENTS,0,0,3485
GRANTS,0H80,HOUSING OPPORTUNITIES FOR PEOPLE W/ AIDS,41,DEPARTMENT OF PUBLIC HEALTH,2932,HOPWA,44,FRINGE BENEFITS,0,0,91177
GRANTS,0H80,HOUSING OPPORTUNITIES FOR PEOPLE W/ AIDS,41,DEPARTMENT OF PUBLIC HEALTH,2932,HOPWA,50,STIPENDS,0,0,1000
GRANTS,0H80,HOUSING OPPORTUNITIES FOR PEOPLE W/ AIDS,41,DEPARTMENT OF PUBLIC HEALTH,2932,HOPWA,130,POSTAGE,0,0,500
GRANTS,0H80,HOUSING OPPORTUNITIES FOR PEOPLE W/ AIDS,41,DEPARTMENT OF PUBLIC HEALTH,2932,HOPWA,138,IT MAINTENANCE,0,0,2277
GRANTS,0H80,HOUSING OPPORTUNITIES FOR PEOPLE W/ AIDS,41,DEPARTMENT OF PUBLIC HEALTH,2932,HOPWA,140,PROFESSIONAL AND TECHNICAL SERVICES,0,0,7336728
GRANTS,0H80,HOUSING OPPORTUNITIES FOR PEOPLE W/ AIDS,41,DEPARTMENT OF PUBLIC HEALTH,2932,HOPWA,150,PUBLICATN & REPRODT-OUT,0,0,515
GRANTS,0H80,HOUSING OPPORTUNITIES FOR PEOPLE W/ AIDS,41,DEPARTMENT OF PUBLIC HEALTH,2932,HOPWA,190,TELEPHONE - NON-CENTREX BILLINGS,0,0,1244
GRANTS,0H80,HOUSING OPPORTUNITIES FOR PEOPLE W/ AIDS,41,DEPARTMENT OF PUBLIC HEALTH,2932,HOPWA,245,REIMBURSEMENT TO TRAVELERS,0,0,18000
GRANTS,0H80,HOUSING OPPORTUNITIES FOR PEOPLE W/ AIDS,41,DEPARTMENT OF PUBLIC HEALTH,2932,HOPWA,350,STATIONERY AND OFFICE SUPPLIES,0,0,660
GRANTS,0H80,HOUSING OPPORTUNITIES FOR PEOPLE W/ AIDS,41,DEPARTMENT OF PUBLIC HEALTH,2932,HOPWA,9438,REIMBURSEMENT - 2FM,0,0,3000
GRANTS,0H81,SUBSTANCE ABUSE TREATMENT,41,DEPARTMENT OF PUBLIC HEALTH,2936,SUBSTANCE ABUSE TREATMENT,140,PROFESSIONAL AND TECHNICAL SERVICES,0,0,666000
GRANTS,0H82,MOSQUITO VECTOR PREVENTION PROGRAM,41,DEPARTMENT OF PUBLIC HEALTH,2960,VECTOR CONTROL TIRE FUND,5,SALARIES AND WAGES - ON PAYROLL,0,0,73300
GRANTS,0H82,MOSQUITO VECTOR PREVENTION PROGRAM,41,DEPARTMENT OF PUBLIC HEALTH,2960,VECTOR CONTROL TIRE FUND,15,SCHEDULE SALARY ADJUSTMENTS,0,0,3485
GRANTS,0H82,MOSQUITO VECTOR PREVENTION PROGRAM,41,DEPARTMENT OF PUBLIC HEALTH,2960,VECTOR CONTROL TIRE FUND,44,FRINGE BENEFITS,0,0,28215
GRANTS,0H82,MOSQUITO VECTOR PREVENTION PROGRAM,41,DEPARTMENT OF PUBLIC HEALTH,2960,VECTOR CONTROL TIRE FUND,140,PROFESSIONAL AND TECHNICAL SERVICES,0,0,332275
GRANTS,0H82,MOSQUITO VECTOR PREVENTION PROGRAM,41,DEPARTMENT OF PUBLIC HEALTH,2960,VECTOR CONTROL TIRE FUND,245,REIMBURSEMENT TO TRAVELERS,0,0,3946
GRANTS,0H82,MOSQUITO VECTOR PREVENTION PROGRAM,41,DEPARTMENT OF PUBLIC HEALTH,2960,VECTOR CONTROL TIRE FUND,342,"DRUGS, MEDICINE AND CHEMICAL MATERIALS",0,0,5000
GRANTS,0H82,MOSQUITO VECTOR PREVENTION PROGRAM,41,DEPARTMENT OF PUBLIC HEALTH,2960,VECTOR CONTROL TIRE FUND,801,INDIRECT COSTS,0,0,78779
GRANTS,0H83,HIV BEHAVIORAL SURVEILLANCE,41,DEPARTMENT OF PUBLIC HEALTH,2978,HIV BEHAVIORAL SURVEILLANCE,5,SALARIES AND WAGES - ON PAYROLL,0,0,197136
GRANTS,0H83,HIV BEHAVIORAL SURVEILLANCE,41,DEPARTMENT OF PUBLIC HEALTH,2978,HIV BEHAVIORAL SURVEILLANCE,11,CONTRACT WAGE - SALARY,0,0,645
GRANTS,0H83,HIV BEHAVIORAL SURVEILLANCE,41,DEPARTMENT OF PUBLIC HEALTH,2978,HIV BEHAVIORAL SURVEILLANCE,15,SCHEDULE SALARY ADJUSTMENTS,0,0,3244
GRANTS,0H83,HIV BEHAVIORAL SURVEILLANCE,41,DEPARTMENT OF PUBLIC HEALTH,2978,HIV BEHAVIORAL SURVEILLANCE,44,FRINGE BENEFITS,0,0,77455
GRANTS,0H83,HIV BEHAVIORAL SURVEILLANCE,41,DEPARTMENT OF PUBLIC HEALTH,2978,HIV BEHAVIORAL SURVEILLANCE,140,PROFESSIONAL AND TECHNICAL SERVICES,0,0,128287
GRANTS,0H83,HIV BEHAVIORAL SURVEILLANCE,41,DEPARTMENT OF PUBLIC HEALTH,2978,HIV BEHAVIORAL SURVEILLANCE,350,STATIONERY AND OFFICE SUPPLIES,0,0,20675
GRANTS,0H83,HIV BEHAVIORAL SURVEILLANCE,41,DEPARTMENT OF PUBLIC HEALTH,2978,HIV BEHAVIORAL SURVEILLANCE,801,INDIRECT COSTS,0,0,50558
GRANTS,0H84,SUMMER FOOD PROGRAM,41,DEPARTMENT OF PUBLIC HEALTH,2984,SUMMER FOOD PROGRAM,140,PROFESSIONAL AND TECHNICAL SERVICES,0,0,37800
GRANTS,0H84,SUMMER FOOD PROGRAM,41,DEPARTMENT OF PUBLIC HEALTH,2984,SUMMER FOOD PROGRAM,229,TRANSPORTATION AND EXPENSE ALLOWANCE,0,0,10000
GRANTS,0H84,SUMMER FOOD PROGRAM,41,DEPARTMENT OF PUBLIC HEALTH,2984,SUMMER FOOD PROGRAM,350,STATIONERY AND OFFICE SUPPLIES,0,0,14000
GRANTS,0H84,SUMMER FOOD PROGRAM,41,DEPARTMENT OF PUBLIC HEALTH,2984,SUMMER FOOD PROGRAM,440,MACHINERY AND EQUIPMENT,0,0,13200
GRANTS,0H85,TATTOO AND BODY ART PIERCING INSPECTION,41,DEPARTMENT OF PUBLIC HEALTH,2998,TATTOO AND BODY ART PIERCING,140,PROFESSIONAL AND TECHNICAL SERVICES,0,0,22568
GRANTS,0H85,TATTOO AND BODY ART PIERCING INSPECTION,41,DEPARTMENT OF PUBLIC HEALTH,2998,TATTOO AND BODY ART PIERCING,229,TRANSPORTATION AND EXPENSE ALLOWANCE,0,0,1432
GRANTS,0H87,BIOSENSE SYNDROMIC SURVEILLANCE,41,DEPARTMENT OF PUBLIC HEALTH,2734,BIOSENSE SYNDROMIC SURVEILLANC,140,PROFESSIONAL AND TECHNICAL SERVICES,0,0,0
GRANTS,0H88,IMMUNIZATION BILLING SERVICES,41,DEPARTMENT OF PUBLIC HEALTH,,IMMUNIZATION BILLING SERVICES,140,PROFESSIONAL AND TECHNICAL SERVICES,500000,500000,500000
GRANTS,0H99,BREASTFEEDING PEER COUNSELING,41,DEPARTMENT OF PUBLIC HEALTH,2983,BREASTFEEDING PEER COUNSELING,140,PROFESSIONAL AND TECHNICAL SERVICES,40000,40000,0
GRANTS,0K46,"WOMEN, INFANTS AND CHILDREN NUTRITION",41,DEPARTMENT OF PUBLIC HEALTH,2808,WIC NUTRITION,5,SALARIES AND WAGES - ON PAYROLL,2753377,2753377,0
GRANTS,0K46,"WOMEN, INFANTS AND CHILDREN NUTRITION",41,DEPARTMENT OF PUBLIC HEALTH,2808,WIC NUTRITION,11,CONTRACT WAGE - SALARY,0,0,0
GRANTS,0K46,"WOMEN, INFANTS AND CHILDREN NUTRITION",41,DEPARTMENT OF PUBLIC HEALTH,2808,WIC NUTRITION,15,SCHEDULE SALARY ADJUSTMENTS,16854,16854,0
GRANTS,0K46,"WOMEN, INFANTS AND CHILDREN NUTRITION",41,DEPARTMENT OF PUBLIC HEALTH,2808,WIC NUTRITION,44,FRINGE BENEFITS,1050448,1050448,0
GRANTS,0K46,"WOMEN, INFANTS AND CHILDREN NUTRITION",41,DEPARTMENT OF PUBLIC HEALTH,2808,WIC NUTRITION,125,OFFICE AND BUILDING SERVICES,55829,55829,0
GRANTS,0K46,"WOMEN, INFANTS AND CHILDREN NUTRITION",41,DEPARTMENT OF PUBLIC HEALTH,2808,WIC NUTRITION,130,POSTAGE,1225,1225,0
GRANTS,0K46,"WOMEN, INFANTS AND CHILDREN NUTRITION",41,DEPARTMENT OF PUBLIC HEALTH,2808,WIC NUTRITION,135,DELEGATE AGENCIES,829369,829369,0
GRANTS,0K46,"WOMEN, INFANTS AND CHILDREN NUTRITION",41,DEPARTMENT OF PUBLIC HEALTH,2808,WIC NUTRITION,140,PROFESSIONAL AND TECHNICAL SERVICES,128951,128951,0
GRANTS,0K46,"WOMEN, INFANTS AND CHILDREN NUTRITION",41,DEPARTMENT OF PUBLIC HEALTH,2808,WIC NUTRITION,150,PUBLICATN & REPRODT-OUT,5733,5733,0
GRANTS,0K46,"WOMEN, INFANTS AND CHILDREN NUTRITION",41,DEPARTMENT OF PUBLIC HEALTH,2808,WIC NUTRITION,153,PROMOTIONS,4023,4023,0
GRANTS,0K46,"WOMEN, INFANTS AND CHILDREN NUTRITION",41,DEPARTMENT OF PUBLIC HEALTH,2808,WIC NUTRITION,155,RENTAL OF PROPERTY,56091,56091,0
GRANTS,0K46,"WOMEN, INFANTS AND CHILDREN NUTRITION",41,DEPARTMENT OF PUBLIC HEALTH,2808,WIC NUTRITION,157,RENTAL EQUIPMENT AND SERVICES,95500,95500,0
GRANTS,0K46,"WOMEN, INFANTS AND CHILDREN NUTRITION",41,DEPARTMENT OF PUBLIC HEALTH,2808,WIC NUTRITION,169,TECHNICAL MEETING COSTS,11000,11000,0
GRANTS,0K46,"WOMEN, INFANTS AND CHILDREN NUTRITION",41,DEPARTMENT OF PUBLIC HEALTH,2808,WIC NUTRITION,190,TELEPHONE - NON-CENTREX BILLINGS,10000,10000,0
GRANTS,0K46,"WOMEN, INFANTS AND CHILDREN NUTRITION",41,DEPARTMENT OF PUBLIC HEALTH,2808,WIC NUTRITION,331,ELECTRICITY,600,600,0
GRANTS,0K47,MATERNAL AND CHILD HEALTH BLOCK GRANT,41,DEPARTMENT OF PUBLIC HEALTH,2910,MATERNAL AND CHILD HEALTH,5,SALARIES AND WAGES - ON PAYROLL,2876990,2876990,0
GRANTS,0K47,MATERNAL AND CHILD HEALTH BLOCK GRANT,41,DEPARTMENT OF PUBLIC HEALTH,2910,MATERNAL AND CHILD HEALTH,11,CONTRACT WAGE - SALARY,0,0,0
GRANTS,0K47,MATERNAL AND CHILD HEALTH BLOCK GRANT,41,DEPARTMENT OF PUBLIC HEALTH,2910,MATERNAL AND CHILD HEALTH,15,SCHEDULE SALARY ADJUSTMENTS,21674,21674,0
GRANTS,0K47,MATERNAL AND CHILD HEALTH BLOCK GRANT,41,DEPARTMENT OF PUBLIC HEALTH,2910,MATERNAL AND CHILD HEALTH,44,FRINGE BENEFITS,1091689,1091689,0
GRANTS,0K47,MATERNAL AND CHILD HEALTH BLOCK GRANT,41,DEPARTMENT OF PUBLIC HEALTH,2910,MATERNAL AND CHILD HEALTH,91,UNIFORM ALLOWANCE,23800,23800,0
GRANTS,0K47,MATERNAL AND CHILD HEALTH BLOCK GRANT,41,DEPARTMENT OF PUBLIC HEALTH,2910,MATERNAL AND CHILD HEALTH,130,POSTAGE,1170,1170,0
GRANTS,0K47,MATERNAL AND CHILD HEALTH BLOCK GRANT,41,DEPARTMENT OF PUBLIC HEALTH,2910,MATERNAL AND CHILD HEALTH,140,PROFESSIONAL AND TECHNICAL SERVICES,791228,791228,0
GRANTS,0K47,MATERNAL AND CHILD HEALTH BLOCK GRANT,41,DEPARTMENT OF PUBLIC HEALTH,2910,MATERNAL AND CHILD HEALTH,150,PUBLICATN & REPRODT-OUT,25683,25683,0
GRANTS,0K47,MATERNAL AND CHILD HEALTH BLOCK GRANT,41,DEPARTMENT OF PUBLIC HEALTH,2910,MATERNAL AND CHILD HEALTH,160,REPAIR/MAINT PROPERTY,1500,1500,0
GRANTS,0K47,MATERNAL AND CHILD HEALTH BLOCK GRANT,41,DEPARTMENT OF PUBLIC HEALTH,2910,MATERNAL AND CHILD HEALTH,166,"DUES, SUBSC & MEM",2300,2300,0
GRANTS,0K47,MATERNAL AND CHILD HEALTH BLOCK GRANT,41,DEPARTMENT OF PUBLIC HEALTH,2910,MATERNAL AND CHILD HEALTH,169,TECHNICAL MEETING COSTS,12500,12500,0
GRANTS,0K47,MATERNAL AND CHILD HEALTH BLOCK GRANT,41,DEPARTMENT OF PUBLIC HEALTH,2910,MATERNAL AND CHILD HEALTH,186,PAGERS,2248,2248,0
GRANTS,0K47,MATERNAL AND CHILD HEALTH BLOCK GRANT,41,DEPARTMENT OF PUBLIC HEALTH,2910,MATERNAL AND CHILD HEALTH,190,TELEPHONE - NON-CENTREX BILLINGS,35000,35000,0
GRANTS,0K47,MATERNAL AND CHILD HEALTH BLOCK GRANT,41,DEPARTMENT OF PUBLIC HEALTH,2910,MATERNAL AND CHILD HEALTH,229,TRANSPORTATION AND EXPENSE ALLOWANCE,4750,4750,0
GRANTS,0K47,MATERNAL AND CHILD HEALTH BLOCK GRANT,41,DEPARTMENT OF PUBLIC HEALTH,2910,MATERNAL AND CHILD HEALTH,245,REIMBURSEMENT TO TRAVELERS,5256,5256,0
GRANTS,0K47,MATERNAL AND CHILD HEALTH BLOCK GRANT,41,DEPARTMENT OF PUBLIC HEALTH,2910,MATERNAL AND CHILD HEALTH,270,LOCAL TRANSPORTATION,3046,3046,0
GRANTS,0K47,MATERNAL AND CHILD HEALTH BLOCK GRANT,41,DEPARTMENT OF PUBLIC HEALTH,2910,MATERNAL AND CHILD HEALTH,340,MATERIAL AND SUPPLIES,29426,29426,0
GRANTS,0K47,MATERNAL AND CHILD HEALTH BLOCK GRANT,41,DEPARTMENT OF PUBLIC HEALTH,2910,MATERNAL AND CHILD HEALTH,348,BOOKS AND RELATED MATERIAL,29000,29000,0
GRANTS,0K47,MATERNAL AND CHILD HEALTH BLOCK GRANT,41,DEPARTMENT OF PUBLIC HEALTH,2910,MATERNAL AND CHILD HEALTH,350,STATIONERY AND OFFICE SUPPLIES,29800,29800,0
GRANTS,0K47,MATERNAL AND CHILD HEALTH BLOCK GRANT,41,DEPARTMENT OF PUBLIC HEALTH,2910,MATERNAL AND CHILD HEALTH,446,PURCHASE - DATA HARDWARE,20940,20940,0
GRANTS,0K47,MATERNAL AND CHILD HEALTH BLOCK GRANT,41,DEPARTMENT OF PUBLIC HEALTH,2910,MATERNAL AND CHILD HEALTH,9438,REIMBURSEMENT - 2FM,10000,10000,0
GRANTS,0K48,CHICAGO FAMILY CASE MANAGEMENT,41,DEPARTMENT OF PUBLIC HEALTH,2894,HEALTHY MOMS/HEALTHY KIDS,5,SALARIES AND WAGES - ON PAYROLL,933552,933552,0
GRANTS,0K48,CHICAGO FAMILY CASE MANAGEMENT,41,DEPARTMENT OF PUBLIC HEALTH,2894,HEALTHY MOMS/HEALTHY KIDS,11,CONTRACT WAGE - SALARY,0,0,0
GRANTS,0K48,CHICAGO FAMILY CASE MANAGEMENT,41,DEPARTMENT OF PUBLIC HEALTH,2894,HEALTHY MOMS/HEALTHY KIDS,15,SCHEDULE SALARY ADJUSTMENTS,5279,5279,0
GRANTS,0K48,CHICAGO FAMILY CASE MANAGEMENT,41,DEPARTMENT OF PUBLIC HEALTH,2894,HEALTHY MOMS/HEALTHY KIDS,44,FRINGE BENEFITS,500169,500169,0
GRANTS,0K48,CHICAGO FAMILY CASE MANAGEMENT,41,DEPARTMENT OF PUBLIC HEALTH,2894,HEALTHY MOMS/HEALTHY KIDS,140,PROFESSIONAL AND TECHNICAL SERVICES,0,0,0
GRANTS,0K49,HEALTHY FAMILIES ILLINOIS,41,DEPARTMENT OF PUBLIC HEALTH,2849,HEALTHY FAMILIES ILLINOIS,5,SALARIES AND WAGES - ON PAYROLL,80511,80511,0
GRANTS,0K49,HEALTHY FAMILIES ILLINOIS,41,DEPARTMENT OF PUBLIC HEALTH,2849,HEALTHY FAMILIES ILLINOIS,44,FRINGE BENEFITS,29996,29996,0
GRANTS,0K49,HEALTHY FAMILIES ILLINOIS,41,DEPARTMENT OF PUBLIC HEALTH,2849,HEALTHY FAMILIES ILLINOIS,130,POSTAGE,750,750,0
GRANTS,0K49,HEALTHY FAMILIES ILLINOIS,41,DEPARTMENT OF PUBLIC HEALTH,2849,HEALTHY FAMILIES ILLINOIS,135,DELEGATE AGENCIES,90066,90066,0
GRANTS,0K49,HEALTHY FAMILIES ILLINOIS,41,DEPARTMENT OF PUBLIC HEALTH,2849,HEALTHY FAMILIES ILLINOIS,140,PROFESSIONAL AND TECHNICAL SERVICES,38871,38871,0
GRANTS,0K49,HEALTHY FAMILIES ILLINOIS,41,DEPARTMENT OF PUBLIC HEALTH,2849,HEALTHY FAMILIES ILLINOIS,150,PUBLICATN & REPRODT-OUT,1743,1743,0
GRANTS,0K49,HEALTHY FAMILIES ILLINOIS,41,DEPARTMENT OF PUBLIC HEALTH,2849,HEALTHY FAMILIES ILLINOIS,169,TECHNICAL MEETING COSTS,500,500,0
GRANTS,0K49,HEALTHY FAMILIES ILLINOIS,41,DEPARTMENT OF PUBLIC HEALTH,2849,HEALTHY FAMILIES ILLINOIS,181,MOBILE COMMUNICATION SERVICES,450,450,0
GRANTS,0K49,HEALTHY FAMILIES ILLINOIS,41,DEPARTMENT OF PUBLIC HEALTH,2849,HEALTHY FAMILIES ILLINOIS,190,TELEPHONE - NON-CENTREX BILLINGS,1000,1000,0
GRANTS,0K49,HEALTHY FAMILIES ILLINOIS,41,DEPARTMENT OF PUBLIC HEALTH,2849,HEALTHY FAMILIES ILLINOIS,270,LOCAL TRANSPORTATION,813,813,0
GRANTS,0K49,HEALTHY FAMILIES ILLINOIS,41,DEPARTMENT OF PUBLIC HEALTH,2849,HEALTHY FAMILIES ILLINOIS,350,STATIONERY AND OFFICE SUPPLIES,2300,2300,0
GRANTS,0X02,LEAD POISONING SURVEILLANCE,41,DEPARTMENT OF PUBLIC HEALTH,,LEAD POISONING SURVEILLANCE,140,PROFESSIONAL AND TECHNICAL SERVICES,348000,348000,348000
GRANTS,0X03,BREASTFEEDING PEER COUNSELING,41,DEPARTMENT OF PUBLIC HEALTH,2983,BREASTFEEDING PEER COUNSELING,140,PROFESSIONAL AND TECHNICAL SERVICES,0,0,40000
GRANTS,0X05,LEAD HAZARD REDUCTION DEMONSTRATION,41,DEPARTMENT OF PUBLIC HEALTH,2944,LEAD HAZARD REDUCTION DEMO,140,PROFESSIONAL AND TECHNICAL SERVICES,0,0,0
CDBG,0J41,CDBG,41,DEPARTMENT OF PUBLIC HEALTH,2505,PLANNING AND ADMINISTRATION,5,SALARIES AND WAGES - ON PAYROLL,0,0,0
CDBG,0J41,CDBG,41,DEPARTMENT OF PUBLIC HEALTH,2505,PLANNING AND ADMINISTRATION,15,SCHEDULE SALARY ADJUSTMENTS,0,0,0
CDBG,0J41,CDBG,41,DEPARTMENT OF PUBLIC HEALTH,2505,PLANNING AND ADMINISTRATION,44,FRINGE BENEFITS,0,0,0
CDBG,0J41,CDBG,41,DEPARTMENT OF PUBLIC HEALTH,2505,PLANNING AND ADMINISTRATION,91,UNIFORM ALLOWANCE,1200,1200,0
CDBG,0J41,CDBG,41,DEPARTMENT OF PUBLIC HEALTH,2505,PLANNING AND ADMINISTRATION,9651,REIMB - INDIRECT COSTS,1765170,1765170,0
CDBG,0J41,CDBG,41,DEPARTMENT OF PUBLIC HEALTH,2555,LEAD POISONING PREVENTION,5,SALARIES AND WAGES - ON PAYROLL,1981803,1981803,2144443
CDBG,0J41,CDBG,41,DEPARTMENT OF PUBLIC HEALTH,2555,LEAD POISONING PREVENTION,8,PAYMENT RETROACTIVE SALARIES,0,0,11818
CDBG,0J41,CDBG,41,DEPARTMENT OF PUBLIC HEALTH,2555,LEAD POISONING PREVENTION,11,CONTRACT WAGE - SALARY,0,0,2707
CDBG,0J41,CDBG,41,DEPARTMENT OF PUBLIC HEALTH,2555,LEAD POISONING PREVENTION,15,SCHEDULE SALARY ADJUSTMENTS,10131,10131,28020
CDBG,0J41,CDBG,41,DEPARTMENT OF PUBLIC HEALTH,2555,LEAD POISONING PREVENTION,44,FRINGE BENEFITS,757780,757780,816039
CDBG,0J41,CDBG,41,DEPARTMENT OF PUBLIC HEALTH,2555,LEAD POISONING PREVENTION,91,UNIFORM ALLOWANCE,1200,1200,2200
CDBG,0J41,CDBG,41,DEPARTMENT OF PUBLIC HEALTH,2555,LEAD POISONING PREVENTION,140,PROFESSIONAL AND TECHNICAL SERVICES,0,0,35000
CDBG,0J41,CDBG,41,DEPARTMENT OF PUBLIC HEALTH,2555,LEAD POISONING PREVENTION,229,TRANSPORTATION AND EXPENSE ALLOWANCE,14916,14916,14916
CDBG,0J41,CDBG,41,DEPARTMENT OF PUBLIC HEALTH,2555,LEAD POISONING PREVENTION,319,CLOTHING,0,0,560
CDBG,0J41,CDBG,41,DEPARTMENT OF PUBLIC HEALTH,2555,LEAD POISONING PREVENTION,340,MATERIAL AND SUPPLIES,0,0,1260
CDBG,0J41,CDBG,41,DEPARTMENT OF PUBLIC HEALTH,2555,LEAD POISONING PREVENTION,9651,REIMB - INDIRECT COSTS,0,0,933801
CDBG,0J41,CDBG,41,DEPARTMENT OF PUBLIC HEALTH,2565,VIOLENCE PREVENTION PROGRAM,135,DELEGATE AGENCIES,276373,276373,371000
CDBG,0J41,CDBG,41,DEPARTMENT OF PUBLIC HEALTH,2566,HIV HOUSING PROGRAM,135,DELEGATE AGENCIES,96858,96858,315296
CDBG,0J41,CDBG,41,DEPARTMENT OF PUBLIC HEALTH,2571,COMMUNITY ENGAGED CARE,5,SALARIES AND WAGES - ON PAYROLL,327529,327529,0
CDBG,0J41,CDBG,41,DEPARTMENT OF PUBLIC HEALTH,2571,COMMUNITY ENGAGED CARE,11,CONTRACT WAGE - SALARY,0,0,0
CDBG,0J41,CDBG,41,DEPARTMENT OF PUBLIC HEALTH,2571,COMMUNITY ENGAGED CARE,15,SCHEDULE SALARY ADJUSTMENTS,1523,1523,0
CDBG,0J41,CDBG,41,DEPARTMENT OF PUBLIC HEALTH,2571,COMMUNITY ENGAGED CARE,44,FRINGE BENEFITS,123893,123893,0
CDBG,0J41,CDBG,41,DEPARTMENT OF PUBLIC HEALTH,2571,COMMUNITY ENGAGED CARE,91,UNIFORM ALLOWANCE,1200,1200,0
CDBG,0J41,CDBG,41,DEPARTMENT OF PUBLIC HEALTH,2571,COMMUNITY ENGAGED CARE,125,OFFICE AND BUILDING SERVICES,450,450,0
CDBG,0J41,CDBG,41,DEPARTMENT OF PUBLIC HEALTH,2571,COMMUNITY ENGAGED CARE,140,PROFESSIONAL AND TECHNICAL SERVICES,500000,500000,0
CDBG,0J41,CDBG,41,DEPARTMENT OF PUBLIC HEALTH,2571,COMMUNITY ENGAGED CARE,185,WASTE DISPOSAL SERVICES,500,500,0
CDBG,0J41,CDBG,41,DEPARTMENT OF PUBLIC HEALTH,2571,COMMUNITY ENGAGED CARE,343,X-RAY SUPPLIES,25000,25000,0
CDBG,0J41,CDBG,41,DEPARTMENT OF PUBLIC HEALTH,2597,HIV PREVENTION PROGRAM,135,DELEGATE AGENCIES,720296,720296,405837
CDBG,0J41,CDBG,41,DEPARTMENT OF PUBLIC HEALTH,2598,MENTAL HEALTH CLINICS,5,SALARIES AND WAGES - ON PAYROLL,3919777,3919777,3881643
CDBG,0J41,CDBG,41,DEPARTMENT OF PUBLIC HEALTH,2598,MENTAL HEALTH CLINICS,8,PAYMENT RETROACTIVE SALARIES,0,0,42343
CDBG,0J41,CDBG,41,DEPARTMENT OF PUBLIC HEALTH,2598,MENTAL HEALTH CLINICS,11,CONTRACT WAGE - SALARY,0,0,18148
CDBG,0J41,CDBG,41,DEPARTMENT OF PUBLIC HEALTH,2598,MENTAL HEALTH CLINICS,15,SCHEDULE SALARY ADJUSTMENTS,13664,13664,19735
CDBG,0J41,CDBG,41,DEPARTMENT OF PUBLIC HEALTH,2598,MENTAL HEALTH CLINICS,44,FRINGE BENEFITS,1476394,1476394,1482023
CDBG,0J41,CDBG,41,DEPARTMENT OF PUBLIC HEALTH,2598,MENTAL HEALTH CLINICS,91,UNIFORM ALLOWANCE,0,0,600
CDBG,0J41,CDBG,41,DEPARTMENT OF PUBLIC HEALTH,2598,MENTAL HEALTH CLINICS,135,DELEGATE AGENCIES,0,0,350000
CDBG,0J41,CDBG,41,DEPARTMENT OF PUBLIC HEALTH,2598,MENTAL HEALTH CLINICS,140,PROFESSIONAL AND TECHNICAL SERVICES,100000,100000,115578
CDBG,0J41,CDBG,41,DEPARTMENT OF PUBLIC HEALTH,2598,MENTAL HEALTH CLINICS,342,"DRUGS, MEDICINE AND CHEMICAL MATERIALS",22480,22480,0
CDBG,0J41,CDBG,41,DEPARTMENT OF PUBLIC HEALTH,2598,MENTAL HEALTH CLINICS,9651,REIMB - INDIRECT COSTS,0,0,933801
LOCAL,0100,CORPORATE FUND,45,COMMISSION ON HUMAN RELATIONS,2005,COMMISSION ON HUMAN RELATIONS,5,SALARIES AND WAGES - ON PAYROLL,1029198,1029198,1049358
LOCAL,0100,CORPORATE FUND,45,COMMISSION ON HUMAN RELATIONS,2005,COMMISSION ON HUMAN RELATIONS,11,CONTRACT WAGE - SALARY,0,0,1321
LOCAL,0100,CORPORATE FUND,45,COMMISSION ON HUMAN RELATIONS,2005,COMMISSION ON HUMAN RELATIONS,15,SCHEDULE SALARY ADJUSTMENTS,1449,1449,2318
LOCAL,0100,CORPORATE FUND,45,COMMISSION ON HUMAN RELATIONS,2005,COMMISSION ON HUMAN RELATIONS,20,OVERTIME,500,500,0
LOCAL,0100,CORPORATE FUND,45,COMMISSION ON HUMAN RELATIONS,2005,COMMISSION ON HUMAN RELATIONS,130,POSTAGE,2166,2166,7473
LOCAL,0100,CORPORATE FUND,45,COMMISSION ON HUMAN RELATIONS,2005,COMMISSION ON HUMAN RELATIONS,140,PROFESSIONAL AND TECHNICAL SERVICES,42400,42400,29309
LOCAL,0100,CORPORATE FUND,45,COMMISSION ON HUMAN RELATIONS,2005,COMMISSION ON HUMAN RELATIONS,143,COURT REPORTING,8650,8650,6650
LOCAL,0100,CORPORATE FUND,45,COMMISSION ON HUMAN RELATIONS,2005,COMMISSION ON HUMAN RELATIONS,146,STATISTICAL STUDIES,1589,1589,0
LOCAL,0100,CORPORATE FUND,45,COMMISSION ON HUMAN RELATIONS,2005,COMMISSION ON HUMAN RELATIONS,157,RENTAL EQUIPMENT AND SERVICES,8700,8700,0
LOCAL,0100,CORPORATE FUND,45,COMMISSION ON HUMAN RELATIONS,2005,COMMISSION ON HUMAN RELATIONS,159,LEASE PURCHASE AGREEMNT,0,0,3584
LOCAL,0100,CORPORATE FUND,45,COMMISSION ON HUMAN RELATIONS,2005,COMMISSION ON HUMAN RELATIONS,162,REPAIR/MAINT EQUIPMENT,1200,1200,1200
LOCAL,0100,CORPORATE FUND,45,COMMISSION ON HUMAN RELATIONS,2005,COMMISSION ON HUMAN RELATIONS,166,"DUES, SUBSC & MEM",4980,4980,4980
LOCAL,0100,CORPORATE FUND,45,COMMISSION ON HUMAN RELATIONS,2005,COMMISSION ON HUMAN RELATIONS,169,TECHNICAL MEETING COSTS,1500,1500,500
LOCAL,0100,CORPORATE FUND,45,COMMISSION ON HUMAN RELATIONS,2005,COMMISSION ON HUMAN RELATIONS,190,TELEPHONE - NON-CENTREX BILLINGS,3600,3600,3700
LOCAL,0100,CORPORATE FUND,45,COMMISSION ON HUMAN RELATIONS,2005,COMMISSION ON HUMAN RELATIONS,197,TELEPHONE - MAINTENANCE,2480,2480,2380
LOCAL,0100,CORPORATE FUND,45,COMMISSION ON HUMAN RELATIONS,2005,COMMISSION ON HUMAN RELATIONS,229,TRANSPORTATION AND EXPENSE ALLOWANCE,341,341,341
LOCAL,0100,CORPORATE FUND,45,COMMISSION ON HUMAN RELATIONS,2005,COMMISSION ON HUMAN RELATIONS,270,LOCAL TRANSPORTATION,1425,1425,1200
LOCAL,0100,CORPORATE FUND,45,COMMISSION ON HUMAN RELATIONS,2005,COMMISSION ON HUMAN RELATIONS,348,BOOKS AND RELATED MATERIAL,1760,1760,500
LOCAL,0100,CORPORATE FUND,45,COMMISSION ON HUMAN RELATIONS,2005,COMMISSION ON HUMAN RELATIONS,350,STATIONERY AND OFFICE SUPPLIES,3018,3018,3018
CDBG,0J41,CDBG,45,COMMISSION ON HUMAN RELATIONS,2505,"EDUCATION, OUTREACH AND INTERG",5,SALARIES AND WAGES - ON PAYROLL,237069,237069,241793
CDBG,0J41,CDBG,45,COMMISSION ON HUMAN RELATIONS,2505,"EDUCATION, OUTREACH AND INTERG",8,PAYMENT RETROACTIVE SALARIES,0,0,2933
CDBG,0J41,CDBG,45,COMMISSION ON HUMAN RELATIONS,2505,"EDUCATION, OUTREACH AND INTERG",11,CONTRACT WAGE - SALARY,0,0,768
CDBG,0J41,CDBG,45,COMMISSION ON HUMAN RELATIONS,2505,"EDUCATION, OUTREACH AND INTERG",15,SCHEDULE SALARY ADJUSTMENTS,0,0,446
CDBG,0J41,CDBG,45,COMMISSION ON HUMAN RELATIONS,2505,"EDUCATION, OUTREACH AND INTERG",20,OVERTIME,500,500,0
CDBG,0J41,CDBG,45,COMMISSION ON HUMAN RELATIONS,2505,"EDUCATION, OUTREACH AND INTERG",44,FRINGE BENEFITS,89676,89676,91041
CDBG,0J41,CDBG,45,COMMISSION ON HUMAN RELATIONS,2505,"EDUCATION, OUTREACH AND INTERG",130,POSTAGE,1800,1800,1800
CDBG,0J41,CDBG,45,COMMISSION ON HUMAN RELATIONS,2505,"EDUCATION, OUTREACH AND INTERG",138,IT MAINTENANCE,8958,8958,8958
CDBG,0J41,CDBG,45,COMMISSION ON HUMAN RELATIONS,2505,"EDUCATION, OUTREACH AND INTERG",157,RENTAL EQUIPMENT AND SERVICES,7000,7000,0
CDBG,0J41,CDBG,45,COMMISSION ON HUMAN RELATIONS,2505,"EDUCATION, OUTREACH AND INTERG",159,LEASE PURCHASE AGREEMNT,0,0,1600
CDBG,0J41,CDBG,45,COMMISSION ON HUMAN RELATIONS,2505,"EDUCATION, OUTREACH AND INTERG",169,TECHNICAL MEETING COSTS,3280,3280,1600
CDBG,0J41,CDBG,45,COMMISSION ON HUMAN RELATIONS,2505,"EDUCATION, OUTREACH AND INTERG",229,TRANSPORTATION AND EXPENSE ALLOWANCE,674,674,674
CDBG,0J41,CDBG,45,COMMISSION ON HUMAN RELATIONS,2505,"EDUCATION, OUTREACH AND INTERG",270,LOCAL TRANSPORTATION,1200,1200,600
CDBG,0J41,CDBG,45,COMMISSION ON HUMAN RELATIONS,2505,"EDUCATION, OUTREACH AND INTERG",350,STATIONERY AND OFFICE SUPPLIES,2495,2495,2495
CDBG,0J41,CDBG,45,COMMISSION ON HUMAN RELATIONS,2505,"EDUCATION, OUTREACH AND INTERG",9438,REIMBURSEMENT - 2FM,9955,9955,9955
CDBG,0J41,CDBG,45,COMMISSION ON HUMAN RELATIONS,2510,FAIR HOUSING,5,SALARIES AND WAGES - ON PAYROLL,392620,392620,414474
CDBG,0J41,CDBG,45,COMMISSION ON HUMAN RELATIONS,2510,FAIR HOUSING,8,PAYMENT RETROACTIVE SALARIES,0,0,4047
CDBG,0J41,CDBG,45,COMMISSION ON HUMAN RELATIONS,2510,FAIR HOUSING,11,CONTRACT WAGE - SALARY,0,0,1663
CDBG,0J41,CDBG,45,COMMISSION ON HUMAN RELATIONS,2510,FAIR HOUSING,15,SCHEDULE SALARY ADJUSTMENTS,923,923,0
CDBG,0J41,CDBG,45,COMMISSION ON HUMAN RELATIONS,2510,FAIR HOUSING,44,FRINGE BENEFITS,148515,148515,156037
CDBG,0J41,CDBG,45,COMMISSION ON HUMAN RELATIONS,2510,FAIR HOUSING,130,POSTAGE,1800,1800,1800
CDBG,0J41,CDBG,45,COMMISSION ON HUMAN RELATIONS,2510,FAIR HOUSING,140,PROFESSIONAL AND TECHNICAL SERVICES,57000,57000,26503
CDBG,0J41,CDBG,45,COMMISSION ON HUMAN RELATIONS,2510,FAIR HOUSING,143,COURT REPORTING,12500,12500,4325
CDBG,0J41,CDBG,45,COMMISSION ON HUMAN RELATIONS,2510,FAIR HOUSING,157,RENTAL EQUIPMENT AND SERVICES,3800,3800,0
CDBG,0J41,CDBG,45,COMMISSION ON HUMAN RELATIONS,2510,FAIR HOUSING,159,LEASE PURCHASE AGREEMNT,0,0,1600
CDBG,0J41,CDBG,45,COMMISSION ON HUMAN RELATIONS,2510,FAIR HOUSING,166,"DUES, SUBSC & MEM",1770,1770,1770
CDBG,0J41,CDBG,45,COMMISSION ON HUMAN RELATIONS,2510,FAIR HOUSING,190,TELEPHONE - NON-CENTREX BILLINGS,5500,5500,4100
CDBG,0J41,CDBG,45,COMMISSION ON HUMAN RELATIONS,2510,FAIR HOUSING,270,LOCAL TRANSPORTATION,250,250,250
CDBG,0J41,CDBG,45,COMMISSION ON HUMAN RELATIONS,2510,FAIR HOUSING,350,STATIONERY AND OFFICE SUPPLIES,1000,1000,1000
CDBG,0J41,CDBG,45,COMMISSION ON HUMAN RELATIONS,2510,FAIR HOUSING,9438,REIMBURSEMENT - 2FM,500,500,500
CDBG,0J41,CDBG,45,COMMISSION ON HUMAN RELATIONS,2510,FAIR HOUSING,9651,REIMB - INDIRECT COSTS,71024,71024,165625
LOCAL,0100,CORPORATE FUND,48,MAYORS OFFICE-DISABILITIES,2005,OFFICE FOR PEOPLE WITH DISABIL,5,SALARIES AND WAGES - ON PAYROLL,968622,968622,1027920
LOCAL,0100,CORPORATE FUND,48,MAYORS OFFICE-DISABILITIES,2005,OFFICE FOR PEOPLE WITH DISABIL,11,CONTRACT WAGE - SALARY,0,0,2203
LOCAL,0100,CORPORATE FUND,48,MAYORS OFFICE-DISABILITIES,2005,OFFICE FOR PEOPLE WITH DISABIL,15,SCHEDULE SALARY ADJUSTMENTS,1332,1332,5059
LOCAL,0100,CORPORATE FUND,48,MAYORS OFFICE-DISABILITIES,2005,OFFICE FOR PEOPLE WITH DISABIL,39,STUDENT AS TRAINEES,2925,2925,7525
LOCAL,0100,CORPORATE FUND,48,MAYORS OFFICE-DISABILITIES,2005,OFFICE FOR PEOPLE WITH DISABIL,130,POSTAGE,5686,5686,825
LOCAL,0100,CORPORATE FUND,48,MAYORS OFFICE-DISABILITIES,2005,OFFICE FOR PEOPLE WITH DISABIL,140,PROFESSIONAL AND TECHNICAL SERVICES,85797,85797,25797
LOCAL,0100,CORPORATE FUND,48,MAYORS OFFICE-DISABILITIES,2005,OFFICE FOR PEOPLE WITH DISABIL,157,RENTAL EQUIPMENT AND SERVICES,14796,14796,14796
LOCAL,0100,CORPORATE FUND,48,MAYORS OFFICE-DISABILITIES,2005,OFFICE FOR PEOPLE WITH DISABIL,159,LEASE PURCHASE AGREEMNT,21423,21423,16779
LOCAL,0100,CORPORATE FUND,48,MAYORS OFFICE-DISABILITIES,2005,OFFICE FOR PEOPLE WITH DISABIL,162,REPAIR/MAINT EQUIPMENT,1319,1319,2279
LOCAL,0100,CORPORATE FUND,48,MAYORS OFFICE-DISABILITIES,2005,OFFICE FOR PEOPLE WITH DISABIL,169,TECHNICAL MEETING COSTS,1000,1000,1000
LOCAL,0100,CORPORATE FUND,48,MAYORS OFFICE-DISABILITIES,2005,OFFICE FOR PEOPLE WITH DISABIL,176,MAINTENANCE AND OPERATION - VEHICLES,376,376,0
LOCAL,0100,CORPORATE FUND,48,MAYORS OFFICE-DISABILITIES,2005,OFFICE FOR PEOPLE WITH DISABIL,181,MOBILE COMMUNICATION SERVICES,1920,1920,1843
LOCAL,0100,CORPORATE FUND,48,MAYORS OFFICE-DISABILITIES,2005,OFFICE FOR PEOPLE WITH DISABIL,186,PAGERS,402,402,0
LOCAL,0100,CORPORATE FUND,48,MAYORS OFFICE-DISABILITIES,2005,OFFICE FOR PEOPLE WITH DISABIL,190,TELEPHONE - NON-CENTREX BILLINGS,14900,14900,16003
LOCAL,0100,CORPORATE FUND,48,MAYORS OFFICE-DISABILITIES,2005,OFFICE FOR PEOPLE WITH DISABIL,197,TELEPHONE - MAINTENANCE,3320,3320,3220
LOCAL,0100,CORPORATE FUND,48,MAYORS OFFICE-DISABILITIES,2005,OFFICE FOR PEOPLE WITH DISABIL,245,REIMBURSEMENT TO TRAVELERS,0,0,1673
LOCAL,0100,CORPORATE FUND,48,MAYORS OFFICE-DISABILITIES,2005,OFFICE FOR PEOPLE WITH DISABIL,270,LOCAL TRANSPORTATION,13446,13446,10730
LOCAL,0100,CORPORATE FUND,48,MAYORS OFFICE-DISABILITIES,2005,OFFICE FOR PEOPLE WITH DISABIL,340,MATERIAL AND SUPPLIES,1332,1332,1332
LOCAL,0100,CORPORATE FUND,48,MAYORS OFFICE-DISABILITIES,2005,OFFICE FOR PEOPLE WITH DISABIL,348,BOOKS AND RELATED MATERIAL,793,793,793
LOCAL,0100,CORPORATE FUND,48,MAYORS OFFICE-DISABILITIES,2005,OFFICE FOR PEOPLE WITH DISABIL,350,STATIONERY AND OFFICE SUPPLIES,6845,6845,7414
LOCAL,0100,CORPORATE FUND,48,MAYORS OFFICE-DISABILITIES,2005,OFFICE FOR PEOPLE WITH DISABIL,9438,REIMBURSEMENT - 2FM,40495,40495,0
GRANTS,0819,ACCESS CHICAGO SUP,48,MAYORS OFFICE-DISABILITIES,2802,ACCESS CHICAGO SUPPORT,140,PROFESSIONAL AND TECHNICAL SERVICES,76000,76000,45000
GRANTS,0819,ACCESS CHICAGO SUP,48,MAYORS OFFICE-DISABILITIES,2807,HOME MOD - CHGO FUND,140,PROFESSIONAL AND TECHNICAL SERVICES,205000,205000,160000
GRANTS,0833,MOPD PRIVATE FUNDED,48,MAYORS OFFICE-DISABILITIES,2800,AMPLIFIED PHONES PROGRAM,140,PROFESSIONAL AND TECHNICAL SERVICES,57000,57000,66000
GRANTS,0833,MOPD PRIVATE FUNDED,48,MAYORS OFFICE-DISABILITIES,2804,ILLUSTRATED GUIDE,140,PROFESSIONAL AND TECHNICAL SERVICES,25000,25000,25000
GRANTS,0833,MOPD PRIVATE FUNDED,48,MAYORS OFFICE-DISABILITIES,2817,DISABLED YOUTH EMPLOYMENT PROG,140,PROFESSIONAL AND TECHNICAL SERVICES,20000,20000,18000
GRANTS,0833,MOPD PRIVATE FUNDED,48,MAYORS OFFICE-DISABILITIES,2830,MOPD SPECIAL INITIATIVES SUPP,140,PROFESSIONAL AND TECHNICAL SERVICES,34000,34000,10000
GRANTS,0J09,SUBSTANCE ABUSE AND AIDS PREV. - DEAF,48,MAYORS OFFICE-DISABILITIES,2805,SUBSTANCE ABUSE/AIDS PREV-H.I.,5,SALARIES AND WAGES - ON PAYROLL,130325,130325,0
GRANTS,0J09,SUBSTANCE ABUSE AND AIDS PREV. - DEAF,48,MAYORS OFFICE-DISABILITIES,2805,SUBSTANCE ABUSE/AIDS PREV-H.I.,11,CONTRACT WAGE - SALARY,0,0,0
GRANTS,0J09,SUBSTANCE ABUSE AND AIDS PREV. - DEAF,48,MAYORS OFFICE-DISABILITIES,2805,SUBSTANCE ABUSE/AIDS PREV-H.I.,15,SCHEDULE SALARY ADJUSTMENTS,0,0,0
GRANTS,0J09,SUBSTANCE ABUSE AND AIDS PREV. - DEAF,48,MAYORS OFFICE-DISABILITIES,2805,SUBSTANCE ABUSE/AIDS PREV-H.I.,44,FRINGE BENEFITS,48554,48554,0
GRANTS,0J09,SUBSTANCE ABUSE AND AIDS PREV. - DEAF,48,MAYORS OFFICE-DISABILITIES,2805,SUBSTANCE ABUSE/AIDS PREV-H.I.,140,PROFESSIONAL AND TECHNICAL SERVICES,30121,30121,0
GRANTS,0J19,WORK INCENTIVE PLANNING AND ASSISTANCE,48,MAYORS OFFICE-DISABILITIES,2812,WORK INCENTIVE PLANNING,5,SALARIES AND WAGES - ON PAYROLL,170802,170802,0
GRANTS,0J19,WORK INCENTIVE PLANNING AND ASSISTANCE,48,MAYORS OFFICE-DISABILITIES,2812,WORK INCENTIVE PLANNING,11,CONTRACT WAGE - SALARY,0,0,0
GRANTS,0J19,WORK INCENTIVE PLANNING AND ASSISTANCE,48,MAYORS OFFICE-DISABILITIES,2812,WORK INCENTIVE PLANNING,15,SCHEDULE SALARY ADJUSTMENTS,0,0,0
GRANTS,0J19,WORK INCENTIVE PLANNING AND ASSISTANCE,48,MAYORS OFFICE-DISABILITIES,2812,WORK INCENTIVE PLANNING,44,FRINGE BENEFITS,63634,63634,0
GRANTS,0J19,WORK INCENTIVE PLANNING AND ASSISTANCE,48,MAYORS OFFICE-DISABILITIES,2812,WORK INCENTIVE PLANNING,140,PROFESSIONAL AND TECHNICAL SERVICES,2564,2564,0
GRANTS,0J51,SUBSTANCE ABUSE AND AIDS PREVENTION PROG,48,MAYORS OFFICE-DISABILITIES,2805,SUBSTANCE ABUSE/AIDS PREV-H.I.,5,SALARIES AND WAGES - ON PAYROLL,0,0,127278
GRANTS,0J51,SUBSTANCE ABUSE AND AIDS PREVENTION PROG,48,MAYORS OFFICE-DISABILITIES,2805,SUBSTANCE ABUSE/AIDS PREV-H.I.,11,CONTRACT WAGE - SALARY,0,0,319
GRANTS,0J51,SUBSTANCE ABUSE AND AIDS PREVENTION PROG,48,MAYORS OFFICE-DISABILITIES,2805,SUBSTANCE ABUSE/AIDS PREV-H.I.,15,SCHEDULE SALARY ADJUSTMENTS,0,0,2508
GRANTS,0J51,SUBSTANCE ABUSE AND AIDS PREVENTION PROG,48,MAYORS OFFICE-DISABILITIES,2805,SUBSTANCE ABUSE/AIDS PREV-H.I.,44,FRINGE BENEFITS,0,0,48956
GRANTS,0J51,SUBSTANCE ABUSE AND AIDS PREVENTION PROG,48,MAYORS OFFICE-DISABILITIES,2805,SUBSTANCE ABUSE/AIDS PREV-H.I.,140,PROFESSIONAL AND TECHNICAL SERVICES,0,0,29939
GRANTS,0J52,WORK INCENTIVE PLANNING AND ASSISTANCE,48,MAYORS OFFICE-DISABILITIES,2812,WORK INCENTIVE PLANNING,5,SALARIES AND WAGES - ON PAYROLL,0,0,168288
GRANTS,0J52,WORK INCENTIVE PLANNING AND ASSISTANCE,48,MAYORS OFFICE-DISABILITIES,2812,WORK INCENTIVE PLANNING,11,CONTRACT WAGE - SALARY,0,0,902
GRANTS,0J52,WORK INCENTIVE PLANNING AND ASSISTANCE,48,MAYORS OFFICE-DISABILITIES,2812,WORK INCENTIVE PLANNING,15,SCHEDULE SALARY ADJUSTMENTS,0,0,1943
GRANTS,0J52,WORK INCENTIVE PLANNING AND ASSISTANCE,48,MAYORS OFFICE-DISABILITIES,2812,WORK INCENTIVE PLANNING,44,FRINGE BENEFITS,0,0,65867
CDBG,0J41,CDBG,48,MAYORS OFFICE-DISABILITIES,2503,ADMINISTRATION,5,SALARIES AND WAGES - ON PAYROLL,299574,299574,204980
CDBG,0J41,CDBG,48,MAYORS OFFICE-DISABILITIES,2503,ADMINISTRATION,11,CONTRACT WAGE - SALARY,0,0,277
CDBG,0J41,CDBG,48,MAYORS OFFICE-DISABILITIES,2503,ADMINISTRATION,15,SCHEDULE SALARY ADJUSTMENTS,768,768,0
CDBG,0J41,CDBG,48,MAYORS OFFICE-DISABILITIES,2503,ADMINISTRATION,44,FRINGE BENEFITS,113319,113319,77205
CDBG,0J41,CDBG,48,MAYORS OFFICE-DISABILITIES,2503,ADMINISTRATION,138,IT MAINTENANCE,14116,14116,14116
CDBG,0J41,CDBG,48,MAYORS OFFICE-DISABILITIES,2503,ADMINISTRATION,9651,REIMB - INDIRECT COSTS,223615,223615,429014
CDBG,0J41,CDBG,48,MAYORS OFFICE-DISABILITIES,2505,DISABILITY RESOURCES,5,SALARIES AND WAGES - ON PAYROLL,498612,498612,568431
CDBG,0J41,CDBG,48,MAYORS OFFICE-DISABILITIES,2505,DISABILITY RESOURCES,8,PAYMENT RETROACTIVE SALARIES,0,0,10651
CDBG,0J41,CDBG,48,MAYORS OFFICE-DISABILITIES,2505,DISABILITY RESOURCES,11,CONTRACT WAGE - SALARY,0,0,2041
CDBG,0J41,CDBG,48,MAYORS OFFICE-DISABILITIES,2505,DISABILITY RESOURCES,15,SCHEDULE SALARY ADJUSTMENTS,0,0,3459
CDBG,0J41,CDBG,48,MAYORS OFFICE-DISABILITIES,2505,DISABILITY RESOURCES,39,STUDENT AS TRAINEES,2300,2300,4304
CDBG,0J41,CDBG,48,MAYORS OFFICE-DISABILITIES,2505,DISABILITY RESOURCES,44,FRINGE BENEFITS,188608,188608,214013
CDBG,0J41,CDBG,48,MAYORS OFFICE-DISABILITIES,2505,DISABILITY RESOURCES,130,POSTAGE,2000,2000,1091
CDBG,0J41,CDBG,48,MAYORS OFFICE-DISABILITIES,2505,DISABILITY RESOURCES,140,PROFESSIONAL AND TECHNICAL SERVICES,9743,9743,8914
CDBG,0J41,CDBG,48,MAYORS OFFICE-DISABILITIES,2505,DISABILITY RESOURCES,270,LOCAL TRANSPORTATION,480,480,480
CDBG,0J41,CDBG,48,MAYORS OFFICE-DISABILITIES,2505,DISABILITY RESOURCES,340,MATERIAL AND SUPPLIES,0,0,1606
CDBG,0J41,CDBG,48,MAYORS OFFICE-DISABILITIES,2505,DISABILITY RESOURCES,350,STATIONERY AND OFFICE SUPPLIES,5108,5108,3891
CDBG,0J41,CDBG,48,MAYORS OFFICE-DISABILITIES,2510,INDEPENDENT LIVING FOR DISABLE,135,DELEGATE AGENCIES,599932,599932,650000
CDBG,0J41,CDBG,48,MAYORS OFFICE-DISABILITIES,2525,HOME MOD PROGRAM,5,SALARIES AND WAGES - ON PAYROLL,158078,158078,160171
CDBG,0J41,CDBG,48,MAYORS OFFICE-DISABILITIES,2525,HOME MOD PROGRAM,8,PAYMENT RETROACTIVE SALARIES,0,0,1553
CDBG,0J41,CDBG,48,MAYORS OFFICE-DISABILITIES,2525,HOME MOD PROGRAM,11,CONTRACT WAGE - SALARY,0,0,402
CDBG,0J41,CDBG,48,MAYORS OFFICE-DISABILITIES,2525,HOME MOD PROGRAM,135,DELEGATE AGENCIES,750000,750000,680000
LOCAL,0100,CORPORATE FUND,50,FAMILY AND SUPPORT SERVICES,2005,FAMILY AND SUPPORT SERVICES,5,SALARIES AND WAGES - ON PAYROLL,1985236,1985236,4012144
LOCAL,0100,CORPORATE FUND,50,FAMILY AND SUPPORT SERVICES,2005,FAMILY AND SUPPORT SERVICES,11,CONTRACT WAGE - SALARY,0,0,5675
LOCAL,0100,CORPORATE FUND,50,FAMILY AND SUPPORT SERVICES,2005,FAMILY AND SUPPORT SERVICES,15,SCHEDULE SALARY ADJUSTMENTS,6840,6840,6241
LOCAL,0100,CORPORATE FUND,50,FAMILY AND SUPPORT SERVICES,2005,FAMILY AND SUPPORT SERVICES,39,STUDENT AS TRAINEES,2400,2400,0
LOCAL,0100,CORPORATE FUND,50,FAMILY AND SUPPORT SERVICES,2005,FAMILY AND SUPPORT SERVICES,125,OFFICE AND BUILDING SERVICES,40000,40000,30555
LOCAL,0100,CORPORATE FUND,50,FAMILY AND SUPPORT SERVICES,2005,FAMILY AND SUPPORT SERVICES,130,POSTAGE,10860,10860,10860
LOCAL,0100,CORPORATE FUND,50,FAMILY AND SUPPORT SERVICES,2005,FAMILY AND SUPPORT SERVICES,140,PROFESSIONAL AND TECHNICAL SERVICES,698066,698066,485466
LOCAL,0100,CORPORATE FUND,50,FAMILY AND SUPPORT SERVICES,2005,FAMILY AND SUPPORT SERVICES,150,PUBLICATN & REPRODT-OUT,892,892,0
LOCAL,0100,CORPORATE FUND,50,FAMILY AND SUPPORT SERVICES,2005,FAMILY AND SUPPORT SERVICES,152,ADVERTISING,0,0,1780
LOCAL,0100,CORPORATE FUND,50,FAMILY AND SUPPORT SERVICES,2005,FAMILY AND SUPPORT SERVICES,159,LEASE PURCHASE AGREEMNT,79900,79900,42925
LOCAL,0100,CORPORATE FUND,50,FAMILY AND SUPPORT SERVICES,2005,FAMILY AND SUPPORT SERVICES,162,REPAIR/MAINT EQUIPMENT,9140,9140,0
LOCAL,0100,CORPORATE FUND,50,FAMILY AND SUPPORT SERVICES,2005,FAMILY AND SUPPORT SERVICES,165,GRAPHIC DESIGN SERV,3760,3760,0
LOCAL,0100,CORPORATE FUND,50,FAMILY AND SUPPORT SERVICES,2005,FAMILY AND SUPPORT SERVICES,166,"DUES, SUBSC & MEM",1388,1388,11180
LOCAL,0100,CORPORATE FUND,50,FAMILY AND SUPPORT SERVICES,2005,FAMILY AND SUPPORT SERVICES,169,TECHNICAL MEETING COSTS,34101,34101,27060
LOCAL,0100,CORPORATE FUND,50,FAMILY AND SUPPORT SERVICES,2005,FAMILY AND SUPPORT SERVICES,181,MOBILE COMMUNICATION SERVICES,45000,45000,36308
LOCAL,0100,CORPORATE FUND,50,FAMILY AND SUPPORT SERVICES,2005,FAMILY AND SUPPORT SERVICES,188,VEHICLE TRACKING SERVICE,5300,5300,4200
LOCAL,0100,CORPORATE FUND,50,FAMILY AND SUPPORT SERVICES,2005,FAMILY AND SUPPORT SERVICES,190,TELEPHONE - NON-CENTREX BILLINGS,20000,20000,22000
LOCAL,0100,CORPORATE FUND,50,FAMILY AND SUPPORT SERVICES,2005,FAMILY AND SUPPORT SERVICES,196,DATA CIRCUITS,26600,26600,39275
LOCAL,0100,CORPORATE FUND,50,FAMILY AND SUPPORT SERVICES,2005,FAMILY AND SUPPORT SERVICES,197,TELEPHONE - MAINTENANCE,40000,40000,38000
LOCAL,0100,CORPORATE FUND,50,FAMILY AND SUPPORT SERVICES,2005,FAMILY AND SUPPORT SERVICES,240,PAYMENT TO PRIVATE AGENCIES - TRANSPORT,9400,9400,0
LOCAL,0100,CORPORATE FUND,50,FAMILY AND SUPPORT SERVICES,2005,FAMILY AND SUPPORT SERVICES,245,REIMBURSEMENT TO TRAVELERS,5000,5000,2000
LOCAL,0100,CORPORATE FUND,50,FAMILY AND SUPPORT SERVICES,2005,FAMILY AND SUPPORT SERVICES,270,LOCAL TRANSPORTATION,13892,13892,800
LOCAL,0100,CORPORATE FUND,50,FAMILY AND SUPPORT SERVICES,2005,FAMILY AND SUPPORT SERVICES,340,MATERIAL AND SUPPLIES,12653,12653,9890
LOCAL,0100,CORPORATE FUND,50,FAMILY AND SUPPORT SERVICES,2005,FAMILY AND SUPPORT SERVICES,350,STATIONERY AND OFFICE SUPPLIES,4432,4432,18150
LOCAL,0100,CORPORATE FUND,50,FAMILY AND SUPPORT SERVICES,2005,FAMILY AND SUPPORT SERVICES,9253,EARLY CHILDHOOD EDUCATION PROGRAM,11000000,11000000,15075000
LOCAL,0100,CORPORATE FUND,50,FAMILY AND SUPPORT SERVICES,2005,FAMILY AND SUPPORT SERVICES,9254,VIOLENCE REDUCTION PROGRAM,2000000,2000000,2000000
LOCAL,0100,CORPORATE FUND,50,FAMILY AND SUPPORT SERVICES,2005,FAMILY AND SUPPORT SERVICES,9255,HOMELESS SERVICES FOR YOUTH,1540979,1540979,1540979
LOCAL,0100,CORPORATE FUND,50,FAMILY AND SUPPORT SERVICES,2005,FAMILY AND SUPPORT SERVICES,9259,SUMMER PROGRAMS,14451803,14451803,15451803
LOCAL,0100,CORPORATE FUND,50,FAMILY AND SUPPORT SERVICES,2005,FAMILY AND SUPPORT SERVICES,9260,AFTER SCHOOL PROGRAMS,13322801,13322801,14322801
LOCAL,0100,CORPORATE FUND,50,FAMILY AND SUPPORT SERVICES,2005,FAMILY AND SUPPORT SERVICES,9261,CHILDREN'S ADVOCACY CENTER,900000,900000,900000
LOCAL,0100,CORPORATE FUND,50,FAMILY AND SUPPORT SERVICES,2005,FAMILY AND SUPPORT SERVICES,9262,EITC,1000000,1000000,1050000
LOCAL,0100,CORPORATE FUND,50,FAMILY AND SUPPORT SERVICES,2005,FAMILY AND SUPPORT SERVICES,9263,HOMELESS SERVICES,6482676,6482676,6564876
GRANTS,0074,AGING-PRIVATELY FUNDED,50,FAMILY AND SUPPORT SERVICES,2910,SENIOR CITIZENS PICNIC SUPPORT,140,PROFESSIONAL AND TECHNICAL SERVICES,25000,25000,25000
GRANTS,0168,WINTER SHELTER HMLS,50,FAMILY AND SUPPORT SERVICES,2822,SERV TAX FD INVEST INCOME WARM,135,DELEGATE AGENCIES,0,0,15000
GRANTS,0168,WINTER SHELTER HMLS,50,FAMILY AND SUPPORT SERVICES,2822,SERV TAX FD INVEST INCOME WARM,140,PROFESSIONAL AND TECHNICAL SERVICES,14000,14000,0
GRANTS,0272,ICJIA GRANT,50,FAMILY AND SUPPORT SERVICES,2831,SAFE HAVENS - SUPERVISED VISIT,140,PROFESSIONAL AND TECHNICAL SERVICES,500000,500000,368000
GRANTS,0529,CDOA SPECIAL INITIATIVES,50,FAMILY AND SUPPORT SERVICES,2837,SENIOR PROGRAM PRIVATE CONTRIB,140,PROFESSIONAL AND TECHNICAL SERVICES,600000,600000,600000
GRANTS,0869,SHELTER PLUS CARE,50,FAMILY AND SUPPORT SERVICES,2838,SHELTER PLUS CARE - HUD 2007,140,PROFESSIONAL AND TECHNICAL SERVICES,0,0,0
GRANTS,0869,SHELTER PLUS CARE,50,FAMILY AND SUPPORT SERVICES,2839,SHELTER PLUS CARE - HUD 2006,140,PROFESSIONAL AND TECHNICAL SERVICES,0,0,0
GRANTS,0869,SHELTER PLUS CARE,50,FAMILY AND SUPPORT SERVICES,2849,SHELTER PLUS CARE - HUD 2008,135,DELEGATE AGENCIES,0,0,724000
GRANTS,0869,SHELTER PLUS CARE,50,FAMILY AND SUPPORT SERVICES,2849,SHELTER PLUS CARE - HUD 2008,140,PROFESSIONAL AND TECHNICAL SERVICES,750000,750000,0
GRANTS,0869,SHELTER PLUS CARE,50,FAMILY AND SUPPORT SERVICES,2888,SHELTER PLUS GRANT - 2009,135,DELEGATE AGENCIES,0,0,2034000
GRANTS,0869,SHELTER PLUS CARE,50,FAMILY AND SUPPORT SERVICES,2888,SHELTER PLUS GRANT - 2009,140,PROFESSIONAL AND TECHNICAL SERVICES,2034000,2034000,0
GRANTS,0869,SHELTER PLUS CARE,50,FAMILY AND SUPPORT SERVICES,2927,SHELTER PLUS CARE,135,DELEGATE AGENCIES,0,0,334000
GRANTS,0869,SHELTER PLUS CARE,50,FAMILY AND SUPPORT SERVICES,2927,SHELTER PLUS CARE,140,PROFESSIONAL AND TECHNICAL SERVICES,380000,380000,0
GRANTS,0869,SHELTER PLUS CARE,50,FAMILY AND SUPPORT SERVICES,2936,SHELTER PLUS CARE,135,DELEGATE AGENCIES,0,0,215000
GRANTS,0869,SHELTER PLUS CARE,50,FAMILY AND SUPPORT SERVICES,2936,SHELTER PLUS CARE,140,PROFESSIONAL AND TECHNICAL SERVICES,262000,262000,0
GRANTS,0869,SHELTER PLUS CARE,50,FAMILY AND SUPPORT SERVICES,2938,SHELTER PLUS CARE,140,PROFESSIONAL AND TECHNICAL SERVICES,12941000,12941000,3307000
GRANTS,0884,DHS-DCCA PROGRAM,50,FAMILY AND SUPPORT SERVICES,2805,CSBG,140,PROFESSIONAL AND TECHNICAL SERVICES,0,0,0
GRANTS,0890,HEAD START,50,FAMILY AND SUPPORT SERVICES,2853,HEAD START SUPPLEMENTAL,140,PROFESSIONAL AND TECHNICAL SERVICES,0,0,0
GRANTS,0890,HEAD START,50,FAMILY AND SUPPORT SERVICES,2856,EARLY HEAD START SUPPLEMENTAL,140,PROFESSIONAL AND TECHNICAL SERVICES,0,0,0
GRANTS,0J01,STATE SENIOR EMPLOYMENT SPECIALIST,50,FAMILY AND SUPPORT SERVICES,2862,STATE SENIOR EMPLOYMENT SPEC,140,PROFESSIONAL AND TECHNICAL SERVICES,22000,22000,0
GRANTS,0J02,ELDER ABUSE AND NEGLECT,50,FAMILY AND SUPPORT SERVICES,2846,ELDER ABUSE AND NEGLECT,140,PROFESSIONAL AND TECHNICAL SERVICES,2853000,2853000,0
GRANTS,0J03,LONG TERM CARE OMBUDSMAN PROGRAM - CMP,50,FAMILY AND SUPPORT SERVICES,2836,LONG TERM CARE OMBUDSMAN,140,PROFESSIONAL AND TECHNICAL SERVICES,117000,117000,0
GRANTS,0J04,SENIOR HEALTH ASSISTANCE PROGRAM,50,FAMILY AND SUPPORT SERVICES,2946,SENIOR HEALTH ASSISTANCE PGM.,5,SALARIES AND WAGES - ON PAYROLL,81287,81287,0
GRANTS,0J04,SENIOR HEALTH ASSISTANCE PROGRAM,50,FAMILY AND SUPPORT SERVICES,2946,SENIOR HEALTH ASSISTANCE PGM.,11,CONTRACT WAGE - SALARY,0,0,0
GRANTS,0J04,SENIOR HEALTH ASSISTANCE PROGRAM,50,FAMILY AND SUPPORT SERVICES,2946,SENIOR HEALTH ASSISTANCE PGM.,44,FRINGE BENEFITS,30284,30284,0
GRANTS,0J04,SENIOR HEALTH ASSISTANCE PROGRAM,50,FAMILY AND SUPPORT SERVICES,2946,SENIOR HEALTH ASSISTANCE PGM.,140,PROFESSIONAL AND TECHNICAL SERVICES,196909,196909,0
GRANTS,0J04,SENIOR HEALTH ASSISTANCE PROGRAM,50,FAMILY AND SUPPORT SERVICES,2946,SENIOR HEALTH ASSISTANCE PGM.,9651,REIMB - INDIRECT COSTS,6520,6520,0
GRANTS,0J05,SENIOR HEALTH INSURANCE PROGRAM,50,FAMILY AND SUPPORT SERVICES,2928,SENIOR HEALTH INSURANCE PGM,140,PROFESSIONAL AND TECHNICAL SERVICES,54000,54000,0
GRANTS,0J06,AREA PLAN ON AGING - OLDER AMERICANS ACT,50,FAMILY AND SUPPORT SERVICES,2903,AREA PLAN ON AGING - STATE,5,SALARIES AND WAGES - ON PAYROLL,167566,167566,0
CDBG,0J41,CDBG,50,FAMILY AND SUPPORT SERVICES,2515,HOMELESS SERVICES,8,PAYMENT RETROACTIVE SALARIES,0,0,8968
GRANTS,0J06,AREA PLAN ON AGING - OLDER AMERICANS ACT,50,FAMILY AND SUPPORT SERVICES,2903,AREA PLAN ON AGING - STATE,11,CONTRACT WAGE - SALARY,0,0,0
GRANTS,0J06,AREA PLAN ON AGING - OLDER AMERICANS ACT,50,FAMILY AND SUPPORT SERVICES,2903,AREA PLAN ON AGING - STATE,44,FRINGE BENEFITS,62429,62429,0
GRANTS,0J06,AREA PLAN ON AGING - OLDER AMERICANS ACT,50,FAMILY AND SUPPORT SERVICES,2903,AREA PLAN ON AGING - STATE,130,POSTAGE,4000,4000,0
GRANTS,0J06,AREA PLAN ON AGING - OLDER AMERICANS ACT,50,FAMILY AND SUPPORT SERVICES,2903,AREA PLAN ON AGING - STATE,140,PROFESSIONAL AND TECHNICAL SERVICES,4591620,4591620,0
GRANTS,0J06,AREA PLAN ON AGING - OLDER AMERICANS ACT,50,FAMILY AND SUPPORT SERVICES,2903,AREA PLAN ON AGING - STATE,150,PUBLICATN & REPRODT-OUT,8000,8000,0
GRANTS,0J06,AREA PLAN ON AGING - OLDER AMERICANS ACT,50,FAMILY AND SUPPORT SERVICES,2903,AREA PLAN ON AGING - STATE,162,REPAIR/MAINT EQUIPMENT,11200,11200,0
GRANTS,0J06,AREA PLAN ON AGING - OLDER AMERICANS ACT,50,FAMILY AND SUPPORT SERVICES,2903,AREA PLAN ON AGING - STATE,166,"DUES, SUBSC & MEM",3200,3200,0
GRANTS,0J06,AREA PLAN ON AGING - OLDER AMERICANS ACT,50,FAMILY AND SUPPORT SERVICES,2903,AREA PLAN ON AGING - STATE,169,TECHNICAL MEETING COSTS,3371,3371,0
GRANTS,0J06,AREA PLAN ON AGING - OLDER AMERICANS ACT,50,FAMILY AND SUPPORT SERVICES,2903,AREA PLAN ON AGING - STATE,190,TELEPHONE - NON-CENTREX BILLINGS,9600,9600,0
GRANTS,0J06,AREA PLAN ON AGING - OLDER AMERICANS ACT,50,FAMILY AND SUPPORT SERVICES,2903,AREA PLAN ON AGING - STATE,191,TELEPHONE - RELOCATIONS,9600,9600,0
GRANTS,0J06,AREA PLAN ON AGING - OLDER AMERICANS ACT,50,FAMILY AND SUPPORT SERVICES,2903,AREA PLAN ON AGING - STATE,229,TRANSPORTATION AND EXPENSE ALLOWANCE,3000,3000,0
GRANTS,0J06,AREA PLAN ON AGING - OLDER AMERICANS ACT,50,FAMILY AND SUPPORT SERVICES,2903,AREA PLAN ON AGING - STATE,348,BOOKS AND RELATED MATERIAL,1414,1414,0
GRANTS,0J06,AREA PLAN ON AGING - OLDER AMERICANS ACT,50,FAMILY AND SUPPORT SERVICES,2903,AREA PLAN ON AGING - STATE,350,STATIONERY AND OFFICE SUPPLIES,34000,34000,0
GRANTS,0J06,AREA PLAN ON AGING - OLDER AMERICANS ACT,50,FAMILY AND SUPPORT SERVICES,2904,AREA PLAN ON AGING - FEDERAL,5,SALARIES AND WAGES - ON PAYROLL,7610242,7610242,0
GRANTS,0J06,AREA PLAN ON AGING - OLDER AMERICANS ACT,50,FAMILY AND SUPPORT SERVICES,2904,AREA PLAN ON AGING - FEDERAL,11,CONTRACT WAGE - SALARY,0,0,0
GRANTS,0J06,AREA PLAN ON AGING - OLDER AMERICANS ACT,50,FAMILY AND SUPPORT SERVICES,2904,AREA PLAN ON AGING - FEDERAL,15,SCHEDULE SALARY ADJUSTMENTS,34330,34330,0
GRANTS,0J06,AREA PLAN ON AGING - OLDER AMERICANS ACT,50,FAMILY AND SUPPORT SERVICES,2904,AREA PLAN ON AGING - FEDERAL,39,STUDENT AS TRAINEES,10000,10000,0
GRANTS,0J06,AREA PLAN ON AGING - OLDER AMERICANS ACT,50,FAMILY AND SUPPORT SERVICES,2904,AREA PLAN ON AGING - FEDERAL,44,FRINGE BENEFITS,2854635,2854635,0
GRANTS,0J06,AREA PLAN ON AGING - OLDER AMERICANS ACT,50,FAMILY AND SUPPORT SERVICES,2904,AREA PLAN ON AGING - FEDERAL,125,OFFICE AND BUILDING SERVICES,9310,9310,0
GRANTS,0J06,AREA PLAN ON AGING - OLDER AMERICANS ACT,50,FAMILY AND SUPPORT SERVICES,2904,AREA PLAN ON AGING - FEDERAL,130,POSTAGE,13648,13648,0
GRANTS,0J06,AREA PLAN ON AGING - OLDER AMERICANS ACT,50,FAMILY AND SUPPORT SERVICES,2904,AREA PLAN ON AGING - FEDERAL,135,DELEGATE AGENCIES,0,0,511000
GRANTS,0J06,AREA PLAN ON AGING - OLDER AMERICANS ACT,50,FAMILY AND SUPPORT SERVICES,2904,AREA PLAN ON AGING - FEDERAL,140,PROFESSIONAL AND TECHNICAL SERVICES,2604243,2604243,0
GRANTS,0J06,AREA PLAN ON AGING - OLDER AMERICANS ACT,50,FAMILY AND SUPPORT SERVICES,2904,AREA PLAN ON AGING - FEDERAL,150,PUBLICATN & REPRODT-OUT,10000,10000,0
GRANTS,0J06,AREA PLAN ON AGING - OLDER AMERICANS ACT,50,FAMILY AND SUPPORT SERVICES,2904,AREA PLAN ON AGING - FEDERAL,160,REPAIR/MAINT PROPERTY,5709,5709,0
GRANTS,0J06,AREA PLAN ON AGING - OLDER AMERICANS ACT,50,FAMILY AND SUPPORT SERVICES,2904,AREA PLAN ON AGING - FEDERAL,162,REPAIR/MAINT EQUIPMENT,15101,15101,0
GRANTS,0J06,AREA PLAN ON AGING - OLDER AMERICANS ACT,50,FAMILY AND SUPPORT SERVICES,2904,AREA PLAN ON AGING - FEDERAL,166,"DUES, SUBSC & MEM",5104,5104,0
GRANTS,0J06,AREA PLAN ON AGING - OLDER AMERICANS ACT,50,FAMILY AND SUPPORT SERVICES,2904,AREA PLAN ON AGING - FEDERAL,169,TECHNICAL MEETING COSTS,7616,7616,0
GRANTS,0J06,AREA PLAN ON AGING - OLDER AMERICANS ACT,50,FAMILY AND SUPPORT SERVICES,2904,AREA PLAN ON AGING - FEDERAL,190,TELEPHONE - NON-CENTREX BILLINGS,5000,5000,0
GRANTS,0J06,AREA PLAN ON AGING - OLDER AMERICANS ACT,50,FAMILY AND SUPPORT SERVICES,2904,AREA PLAN ON AGING - FEDERAL,229,TRANSPORTATION AND EXPENSE ALLOWANCE,36000,36000,0
GRANTS,0J06,AREA PLAN ON AGING - OLDER AMERICANS ACT,50,FAMILY AND SUPPORT SERVICES,2904,AREA PLAN ON AGING - FEDERAL,270,LOCAL TRANSPORTATION,5600,5600,0
GRANTS,0J06,AREA PLAN ON AGING - OLDER AMERICANS ACT,50,FAMILY AND SUPPORT SERVICES,2904,AREA PLAN ON AGING - FEDERAL,350,STATIONERY AND OFFICE SUPPLIES,3336,3336,0
GRANTS,0J06,AREA PLAN ON AGING - OLDER AMERICANS ACT,50,FAMILY AND SUPPORT SERVICES,2904,AREA PLAN ON AGING - FEDERAL,9651,REIMB - INDIRECT COSTS,419126,419126,0
GRANTS,0J21,STATE FOSTER GRANDPARENTS,50,FAMILY AND SUPPORT SERVICES,2818,STATE FOSTER GRANDPARENTS,50,STIPENDS,37000,37000,0
GRANTS,0N15,ONE SUMMER CHICAGO PLUS,50,FAMILY AND SUPPORT SERVICES,2940,ONE SUMMER CHICAGO PLUS,135,DELEGATE AGENCIES,0,0,250000
GRANTS,0N15,ONE SUMMER CHICAGO PLUS,50,FAMILY AND SUPPORT SERVICES,2940,ONE SUMMER CHICAGO PLUS,140,PROFESSIONAL AND TECHNICAL SERVICES,500000,500000,0
GRANTS,0N19,EMERGENCY FOOD AND SHELTER,50,FAMILY AND SUPPORT SERVICES,2942,EMERGENCY /TRANSITIONAL HOUSNG,5,SALARIES AND WAGES - ON PAYROLL,119352,119352,0
GRANTS,0N19,EMERGENCY FOOD AND SHELTER,50,FAMILY AND SUPPORT SERVICES,2942,EMERGENCY /TRANSITIONAL HOUSNG,11,CONTRACT WAGE - SALARY,0,0,0
GRANTS,0N19,EMERGENCY FOOD AND SHELTER,50,FAMILY AND SUPPORT SERVICES,2942,EMERGENCY /TRANSITIONAL HOUSNG,15,SCHEDULE SALARY ADJUSTMENTS,0,0,0
GRANTS,0N19,EMERGENCY FOOD AND SHELTER,50,FAMILY AND SUPPORT SERVICES,2942,EMERGENCY /TRANSITIONAL HOUSNG,44,FRINGE BENEFITS,44466,44466,0
GRANTS,0N19,EMERGENCY FOOD AND SHELTER,50,FAMILY AND SUPPORT SERVICES,2942,EMERGENCY /TRANSITIONAL HOUSNG,135,DELEGATE AGENCIES,0,0,0
GRANTS,0N19,EMERGENCY FOOD AND SHELTER,50,FAMILY AND SUPPORT SERVICES,2942,EMERGENCY /TRANSITIONAL HOUSNG,140,PROFESSIONAL AND TECHNICAL SERVICES,4294628,4294628,0
GRANTS,0N19,EMERGENCY FOOD AND SHELTER,50,FAMILY AND SUPPORT SERVICES,2942,EMERGENCY /TRANSITIONAL HOUSNG,159,LEASE PURCHASE AGREEMNT,100520,100520,0
GRANTS,0N19,EMERGENCY FOOD AND SHELTER,50,FAMILY AND SUPPORT SERVICES,2942,EMERGENCY /TRANSITIONAL HOUSNG,162,REPAIR/MAINT EQUIPMENT,48611,48611,0
GRANTS,0N19,EMERGENCY FOOD AND SHELTER,50,FAMILY AND SUPPORT SERVICES,2942,EMERGENCY /TRANSITIONAL HOUSNG,9651,REIMB - INDIRECT COSTS,206423,206423,0
GRANTS,0N20,SERVICES TO VICTIMS OF DOMESTIC VIOLENCE,50,FAMILY AND SUPPORT SERVICES,2827,SERVICES TO VICTIMS OF DOM VIO,5,SALARIES AND WAGES - ON PAYROLL,125684,125684,0
GRANTS,0N20,SERVICES TO VICTIMS OF DOMESTIC VIOLENCE,50,FAMILY AND SUPPORT SERVICES,2827,SERVICES TO VICTIMS OF DOM VIO,11,CONTRACT WAGE - SALARY,0,0,0
GRANTS,0N20,SERVICES TO VICTIMS OF DOMESTIC VIOLENCE,50,FAMILY AND SUPPORT SERVICES,2827,SERVICES TO VICTIMS OF DOM VIO,15,SCHEDULE SALARY ADJUSTMENTS,2160,2160,0
GRANTS,0N20,SERVICES TO VICTIMS OF DOMESTIC VIOLENCE,50,FAMILY AND SUPPORT SERVICES,2827,SERVICES TO VICTIMS OF DOM VIO,44,FRINGE BENEFITS,110156,110156,0
GRANTS,0N21,CHILD CARE SERVICES,50,FAMILY AND SUPPORT SERVICES,2943,CHILD CARE SERVICES,5,SALARIES AND WAGES - ON PAYROLL,2076703,2076703,0
GRANTS,0N21,CHILD CARE SERVICES,50,FAMILY AND SUPPORT SERVICES,2943,CHILD CARE SERVICES,11,CONTRACT WAGE - SALARY,0,0,0
GRANTS,0N21,CHILD CARE SERVICES,50,FAMILY AND SUPPORT SERVICES,2943,CHILD CARE SERVICES,15,SCHEDULE SALARY ADJUSTMENTS,16847,16847,0
GRANTS,0N21,CHILD CARE SERVICES,50,FAMILY AND SUPPORT SERVICES,2943,CHILD CARE SERVICES,44,FRINGE BENEFITS,777664,777664,0
GRANTS,0N21,CHILD CARE SERVICES,50,FAMILY AND SUPPORT SERVICES,2943,CHILD CARE SERVICES,135,DELEGATE AGENCIES,0,0,0
GRANTS,0N21,CHILD CARE SERVICES,50,FAMILY AND SUPPORT SERVICES,2943,CHILD CARE SERVICES,140,PROFESSIONAL AND TECHNICAL SERVICES,23004201,23004201,0
GRANTS,0N22,SHELTER PLUS CARE,50,FAMILY AND SUPPORT SERVICES,2938,SHELTER PLUS CARE,135,DELEGATE AGENCIES,0,0,12000000
GRANTS,0N22,SHELTER PLUS CARE,50,FAMILY AND SUPPORT SERVICES,2938,SHELTER PLUS CARE,140,PROFESSIONAL AND TECHNICAL SERVICES,13845000,13845000,0
GRANTS,0N23,SUMMER FOOD SERVICE,50,FAMILY AND SUPPORT SERVICES,2870,SUMMER FOOD SERVICE,5,SALARIES AND WAGES - ON PAYROLL,270960,270960,0
GRANTS,0N23,SUMMER FOOD SERVICE,50,FAMILY AND SUPPORT SERVICES,2870,SUMMER FOOD SERVICE,11,CONTRACT WAGE - SALARY,0,0,0
GRANTS,0N23,SUMMER FOOD SERVICE,50,FAMILY AND SUPPORT SERVICES,2870,SUMMER FOOD SERVICE,44,FRINGE BENEFITS,100445,100445,0
GRANTS,0N23,SUMMER FOOD SERVICE,50,FAMILY AND SUPPORT SERVICES,2870,SUMMER FOOD SERVICE,140,PROFESSIONAL AND TECHNICAL SERVICES,904715,904715,0
GRANTS,0N23,SUMMER FOOD SERVICE,50,FAMILY AND SUPPORT SERVICES,2870,SUMMER FOOD SERVICE,340,MATERIAL AND SUPPLIES,15000,15000,0
GRANTS,0N23,SUMMER FOOD SERVICE,50,FAMILY AND SUPPORT SERVICES,2870,SUMMER FOOD SERVICE,9651,REIMB - INDIRECT COSTS,75880,75880,0
GRANTS,0N24,EMERGENCY SOLUTIONS,50,FAMILY AND SUPPORT SERVICES,2944,EMERGENCY SOLUTIONS,5,SALARIES AND WAGES - ON PAYROLL,249140,249140,0
GRANTS,0N24,EMERGENCY SOLUTIONS,50,FAMILY AND SUPPORT SERVICES,2944,EMERGENCY SOLUTIONS,11,CONTRACT WAGE - SALARY,0,0,0
GRANTS,0N24,EMERGENCY SOLUTIONS,50,FAMILY AND SUPPORT SERVICES,2944,EMERGENCY SOLUTIONS,15,SCHEDULE SALARY ADJUSTMENTS,2622,2622,0
GRANTS,0N24,EMERGENCY SOLUTIONS,50,FAMILY AND SUPPORT SERVICES,2944,EMERGENCY SOLUTIONS,44,FRINGE BENEFITS,92821,92821,0
GRANTS,0N24,EMERGENCY SOLUTIONS,50,FAMILY AND SUPPORT SERVICES,2944,EMERGENCY SOLUTIONS,135,DELEGATE AGENCIES,0,0,0
GRANTS,0N24,EMERGENCY SOLUTIONS,50,FAMILY AND SUPPORT SERVICES,2944,EMERGENCY SOLUTIONS,140,PROFESSIONAL AND TECHNICAL SERVICES,5654417,5654417,0
GRANTS,0N25,COMMUNITY SERVICES BLOCK GRANT,50,FAMILY AND SUPPORT SERVICES,2805,CSBG,5,SALARIES AND WAGES - ON PAYROLL,5601392,5601392,0
GRANTS,0N25,COMMUNITY SERVICES BLOCK GRANT,50,FAMILY AND SUPPORT SERVICES,2805,CSBG,11,CONTRACT WAGE - SALARY,0,0,0
GRANTS,0N25,COMMUNITY SERVICES BLOCK GRANT,50,FAMILY AND SUPPORT SERVICES,2805,CSBG,15,SCHEDULE SALARY ADJUSTMENTS,39269,39269,0
GRANTS,0N25,COMMUNITY SERVICES BLOCK GRANT,50,FAMILY AND SUPPORT SERVICES,2805,CSBG,44,FRINGE BENEFITS,2091048,2091048,0
GRANTS,0N25,COMMUNITY SERVICES BLOCK GRANT,50,FAMILY AND SUPPORT SERVICES,2805,CSBG,125,OFFICE AND BUILDING SERVICES,80000,80000,0
GRANTS,0N25,COMMUNITY SERVICES BLOCK GRANT,50,FAMILY AND SUPPORT SERVICES,2805,CSBG,135,DELEGATE AGENCIES,0,0,0
GRANTS,0N25,COMMUNITY SERVICES BLOCK GRANT,50,FAMILY AND SUPPORT SERVICES,2805,CSBG,140,PROFESSIONAL AND TECHNICAL SERVICES,3355745,3355745,2773000
GRANTS,0N25,COMMUNITY SERVICES BLOCK GRANT,50,FAMILY AND SUPPORT SERVICES,2805,CSBG,142,ACCOUNTING AND AUDITING,25000,25000,0
GRANTS,0N25,COMMUNITY SERVICES BLOCK GRANT,50,FAMILY AND SUPPORT SERVICES,2805,CSBG,155,RENTAL OF PROPERTY,130997,130997,0
GRANTS,0N25,COMMUNITY SERVICES BLOCK GRANT,50,FAMILY AND SUPPORT SERVICES,2805,CSBG,159,LEASE PURCHASE AGREEMNT,14041,14041,0
GRANTS,0N25,COMMUNITY SERVICES BLOCK GRANT,50,FAMILY AND SUPPORT SERVICES,2805,CSBG,162,REPAIR/MAINT EQUIPMENT,8037,8037,0
GRANTS,0N25,COMMUNITY SERVICES BLOCK GRANT,50,FAMILY AND SUPPORT SERVICES,2805,CSBG,169,TECHNICAL MEETING COSTS,1950,1950,0
GRANTS,0N25,COMMUNITY SERVICES BLOCK GRANT,50,FAMILY AND SUPPORT SERVICES,2805,CSBG,197,TELEPHONE - MAINTENANCE,2000,2000,0
GRANTS,0N25,COMMUNITY SERVICES BLOCK GRANT,50,FAMILY AND SUPPORT SERVICES,2805,CSBG,245,REIMBURSEMENT TO TRAVELERS,2000,2000,0
GRANTS,0N25,COMMUNITY SERVICES BLOCK GRANT,50,FAMILY AND SUPPORT SERVICES,2805,CSBG,340,MATERIAL AND SUPPLIES,3000,3000,0
GRANTS,0N25,COMMUNITY SERVICES BLOCK GRANT,50,FAMILY AND SUPPORT SERVICES,2805,CSBG,350,STATIONERY AND OFFICE SUPPLIES,12000,12000,0
GRANTS,0N25,COMMUNITY SERVICES BLOCK GRANT,50,FAMILY AND SUPPORT SERVICES,2805,CSBG,9438,REIMBURSEMENT - 2FM,31159,31159,0
GRANTS,0N25,COMMUNITY SERVICES BLOCK GRANT,50,FAMILY AND SUPPORT SERVICES,2805,CSBG,9651,REIMB - INDIRECT COSTS,224362,224362,0
GRANTS,0N26,EARLY HEAD START,50,FAMILY AND SUPPORT SERVICES,2857,EARLY HEAD START INITIATIVE,5,SALARIES AND WAGES - ON PAYROLL,0,0,0
GRANTS,0N26,EARLY HEAD START,50,FAMILY AND SUPPORT SERVICES,2857,EARLY HEAD START INITIATIVE,11,CONTRACT WAGE - SALARY,0,0,0
GRANTS,0N26,EARLY HEAD START,50,FAMILY AND SUPPORT SERVICES,2857,EARLY HEAD START INITIATIVE,15,SCHEDULE SALARY ADJUSTMENTS,0,0,0
GRANTS,0N26,EARLY HEAD START,50,FAMILY AND SUPPORT SERVICES,2857,EARLY HEAD START INITIATIVE,44,FRINGE BENEFITS,0,0,0
GRANTS,0N26,EARLY HEAD START,50,FAMILY AND SUPPORT SERVICES,2857,EARLY HEAD START INITIATIVE,135,DELEGATE AGENCIES,0,0,0
GRANTS,0N26,EARLY HEAD START,50,FAMILY AND SUPPORT SERVICES,2857,EARLY HEAD START INITIATIVE,140,PROFESSIONAL AND TECHNICAL SERVICES,6375730,6375730,0
GRANTS,0N26,EARLY HEAD START,50,FAMILY AND SUPPORT SERVICES,2857,EARLY HEAD START INITIATIVE,801,INDIRECT COSTS,136270,136270,0
GRANTS,0N27,HEAD START,50,FAMILY AND SUPPORT SERVICES,2860,HEAD START,5,SALARIES AND WAGES - ON PAYROLL,6390808,6390808,0
GRANTS,0N27,HEAD START,50,FAMILY AND SUPPORT SERVICES,2860,HEAD START,11,CONTRACT WAGE - SALARY,0,0,0
GRANTS,0N27,HEAD START,50,FAMILY AND SUPPORT SERVICES,2860,HEAD START,15,SCHEDULE SALARY ADJUSTMENTS,47149,47149,0
GRANTS,0N27,HEAD START,50,FAMILY AND SUPPORT SERVICES,2860,HEAD START,44,FRINGE BENEFITS,2394028,2394028,0
GRANTS,0N27,HEAD START,50,FAMILY AND SUPPORT SERVICES,2860,HEAD START,130,POSTAGE,10000,10000,0
GRANTS,0N27,HEAD START,50,FAMILY AND SUPPORT SERVICES,2860,HEAD START,135,DELEGATE AGENCIES,0,0,0
GRANTS,0N27,HEAD START,50,FAMILY AND SUPPORT SERVICES,2860,HEAD START,140,PROFESSIONAL AND TECHNICAL SERVICES,108809895,108809895,0
GRANTS,0N27,HEAD START,50,FAMILY AND SUPPORT SERVICES,2860,HEAD START,149,SOFTWARE MAINTENANCE AND LICENSING,5000,5000,0
GRANTS,0N27,HEAD START,50,FAMILY AND SUPPORT SERVICES,2860,HEAD START,157,RENTAL EQUIPMENT AND SERVICES,51000,51000,0
GRANTS,0N27,HEAD START,50,FAMILY AND SUPPORT SERVICES,2860,HEAD START,159,LEASE PURCHASE AGREEMNT,50000,50000,0
GRANTS,0N27,HEAD START,50,FAMILY AND SUPPORT SERVICES,2860,HEAD START,160,REPAIR/MAINT PROPERTY,10000,10000,0
GRANTS,0N27,HEAD START,50,FAMILY AND SUPPORT SERVICES,2860,HEAD START,190,TELEPHONE - NON-CENTREX BILLINGS,200000,200000,0
GRANTS,0N27,HEAD START,50,FAMILY AND SUPPORT SERVICES,2860,HEAD START,197,TELEPHONE - MAINTENANCE,20000,20000,0
GRANTS,0N27,HEAD START,50,FAMILY AND SUPPORT SERVICES,2860,HEAD START,245,REIMBURSEMENT TO TRAVELERS,10000,10000,0
GRANTS,0N27,HEAD START,50,FAMILY AND SUPPORT SERVICES,2860,HEAD START,270,LOCAL TRANSPORTATION,10000,10000,0
GRANTS,0N27,HEAD START,50,FAMILY AND SUPPORT SERVICES,2860,HEAD START,340,MATERIAL AND SUPPLIES,161165,161165,0
GRANTS,0N27,HEAD START,50,FAMILY AND SUPPORT SERVICES,2860,HEAD START,350,STATIONERY AND OFFICE SUPPLIES,150000,150000,0
GRANTS,0N27,HEAD START,50,FAMILY AND SUPPORT SERVICES,2860,HEAD START,801,INDIRECT COSTS,2546791,2546791,0
GRANTS,0N27,HEAD START,50,FAMILY AND SUPPORT SERVICES,2860,HEAD START,9438,REIMBURSEMENT - 2FM,158266,158266,0
GRANTS,0N28,SPECIAL PROJECTS - PREVENT DOM. VIOLENCE,50,FAMILY AND SUPPORT SERVICES,2968,GENERIC PREVENTION DOM VIOLENC,135,DELEGATE AGENCIES,0,0,0
GRANTS,0N28,SPECIAL PROJECTS - PREVENT DOM. VIOLENCE,50,FAMILY AND SUPPORT SERVICES,2968,GENERIC PREVENTION DOM VIOLENC,140,PROFESSIONAL AND TECHNICAL SERVICES,153896,153896,0
GRANTS,0N28,SPECIAL PROJECTS - PREVENT DOM. VIOLENCE,50,FAMILY AND SUPPORT SERVICES,2968,GENERIC PREVENTION DOM VIOLENC,245,REIMBURSEMENT TO TRAVELERS,1500,1500,0
GRANTS,0N37,EMERGENCY SOLUTIONS,50,FAMILY AND SUPPORT SERVICES,2944,EMERGENCY SOLUTIONS,135,DELEGATE AGENCIES,0,0,5657206
GRANTS,0N28,SPECIAL PROJECTS - PREVENT DOM. VIOLENCE,50,FAMILY AND SUPPORT SERVICES,2968,GENERIC PREVENTION DOM VIOLENC,340,MATERIAL AND SUPPLIES,3500,3500,0
GRANTS,0N28,SPECIAL PROJECTS - PREVENT DOM. VIOLENCE,50,FAMILY AND SUPPORT SERVICES,2968,GENERIC PREVENTION DOM VIOLENC,999,CULTURAL PROGRAMMING GRANTS,22104,22104,0
GRANTS,0N29,CHA FAMILY SUPPORTIVE SERVICES,50,FAMILY AND SUPPORT SERVICES,2896,CHA FAMILY SUPPORTIVE SERVICES,5,SALARIES AND WAGES - ON PAYROLL,125203,125203,0
GRANTS,0N29,CHA FAMILY SUPPORTIVE SERVICES,50,FAMILY AND SUPPORT SERVICES,2896,CHA FAMILY SUPPORTIVE SERVICES,11,CONTRACT WAGE - SALARY,0,0,0
GRANTS,0N29,CHA FAMILY SUPPORTIVE SERVICES,50,FAMILY AND SUPPORT SERVICES,2896,CHA FAMILY SUPPORTIVE SERVICES,44,FRINGE BENEFITS,46646,46646,0
GRANTS,0N29,CHA FAMILY SUPPORTIVE SERVICES,50,FAMILY AND SUPPORT SERVICES,2896,CHA FAMILY SUPPORTIVE SERVICES,140,PROFESSIONAL AND TECHNICAL SERVICES,1587151,1587151,0
GRANTS,0N33,CHICAGO DOMESTIC VIOLENCE HELP LINE,50,FAMILY AND SUPPORT SERVICES,2923,CHICAGO DOM VIOLENCE HELP LINE,135,DELEGATE AGENCIES,0,0,0
GRANTS,0N33,CHICAGO DOMESTIC VIOLENCE HELP LINE,50,FAMILY AND SUPPORT SERVICES,2923,CHICAGO DOM VIOLENCE HELP LINE,140,PROFESSIONAL AND TECHNICAL SERVICES,364000,364000,0
GRANTS,0N34,ENUMERATION OF HOMELESS VETERANS,50,FAMILY AND SUPPORT SERVICES,2952,HOMELESS VETERANS,140,PROFESSIONAL AND TECHNICAL SERVICES,63000,63000,0
GRANTS,0N35,EMERGENCY AND TRANSITIONAL HOUSING,50,FAMILY AND SUPPORT SERVICES,2942,EMERGENCY /TRANSITIONAL HOUSNG,5,SALARIES AND WAGES - ON PAYROLL,0,0,119746
GRANTS,0N35,EMERGENCY AND TRANSITIONAL HOUSING,50,FAMILY AND SUPPORT SERVICES,2942,EMERGENCY /TRANSITIONAL HOUSNG,11,CONTRACT WAGE - SALARY,0,0,630
GRANTS,0N35,EMERGENCY AND TRANSITIONAL HOUSING,50,FAMILY AND SUPPORT SERVICES,2942,EMERGENCY /TRANSITIONAL HOUSNG,15,SCHEDULE SALARY ADJUSTMENTS,0,0,4930
GRANTS,0N35,EMERGENCY AND TRANSITIONAL HOUSING,50,FAMILY AND SUPPORT SERVICES,2942,EMERGENCY /TRANSITIONAL HOUSNG,44,FRINGE BENEFITS,0,0,46020
GRANTS,0N35,EMERGENCY AND TRANSITIONAL HOUSING,50,FAMILY AND SUPPORT SERVICES,2942,EMERGENCY /TRANSITIONAL HOUSNG,135,DELEGATE AGENCIES,0,0,4256770
GRANTS,0N35,EMERGENCY AND TRANSITIONAL HOUSING,50,FAMILY AND SUPPORT SERVICES,2942,EMERGENCY /TRANSITIONAL HOUSNG,159,LEASE PURCHASE AGREEMNT,0,0,74394
GRANTS,0N35,EMERGENCY AND TRANSITIONAL HOUSING,50,FAMILY AND SUPPORT SERVICES,2942,EMERGENCY /TRANSITIONAL HOUSNG,162,REPAIR/MAINT EQUIPMENT,0,0,48611
GRANTS,0N35,EMERGENCY AND TRANSITIONAL HOUSING,50,FAMILY AND SUPPORT SERVICES,2942,EMERGENCY /TRANSITIONAL HOUSNG,9651,REIMB - INDIRECT COSTS,0,0,262899
GRANTS,0N36,COMMUNITY SERVICES BLOCK GRANT,50,FAMILY AND SUPPORT SERVICES,2805,CSBG,5,SALARIES AND WAGES - ON PAYROLL,0,0,4422874
GRANTS,0N36,COMMUNITY SERVICES BLOCK GRANT,50,FAMILY AND SUPPORT SERVICES,2805,CSBG,11,CONTRACT WAGE - SALARY,0,0,14457
GRANTS,0N36,COMMUNITY SERVICES BLOCK GRANT,50,FAMILY AND SUPPORT SERVICES,2805,CSBG,15,SCHEDULE SALARY ADJUSTMENTS,0,0,23311
GRANTS,0N36,COMMUNITY SERVICES BLOCK GRANT,50,FAMILY AND SUPPORT SERVICES,2805,CSBG,44,FRINGE BENEFITS,0,0,1702053
GRANTS,0N36,COMMUNITY SERVICES BLOCK GRANT,50,FAMILY AND SUPPORT SERVICES,2805,CSBG,125,OFFICE AND BUILDING SERVICES,0,0,80000
GRANTS,0N36,COMMUNITY SERVICES BLOCK GRANT,50,FAMILY AND SUPPORT SERVICES,2805,CSBG,135,DELEGATE AGENCIES,0,0,3545517
GRANTS,0N36,COMMUNITY SERVICES BLOCK GRANT,50,FAMILY AND SUPPORT SERVICES,2805,CSBG,140,PROFESSIONAL AND TECHNICAL SERVICES,0,0,636992
GRANTS,0N36,COMMUNITY SERVICES BLOCK GRANT,50,FAMILY AND SUPPORT SERVICES,2805,CSBG,142,ACCOUNTING AND AUDITING,0,0,25000
GRANTS,0N36,COMMUNITY SERVICES BLOCK GRANT,50,FAMILY AND SUPPORT SERVICES,2805,CSBG,155,RENTAL OF PROPERTY,0,0,130997
GRANTS,0N36,COMMUNITY SERVICES BLOCK GRANT,50,FAMILY AND SUPPORT SERVICES,2805,CSBG,159,LEASE PURCHASE AGREEMNT,0,0,28190
GRANTS,0N36,COMMUNITY SERVICES BLOCK GRANT,50,FAMILY AND SUPPORT SERVICES,2805,CSBG,169,TECHNICAL MEETING COSTS,0,0,1950
GRANTS,0N36,COMMUNITY SERVICES BLOCK GRANT,50,FAMILY AND SUPPORT SERVICES,2805,CSBG,197,TELEPHONE - MAINTENANCE,0,0,2000
GRANTS,0N36,COMMUNITY SERVICES BLOCK GRANT,50,FAMILY AND SUPPORT SERVICES,2805,CSBG,245,REIMBURSEMENT TO TRAVELERS,0,0,2000
GRANTS,0N36,COMMUNITY SERVICES BLOCK GRANT,50,FAMILY AND SUPPORT SERVICES,2805,CSBG,340,MATERIAL AND SUPPLIES,0,0,3000
GRANTS,0N36,COMMUNITY SERVICES BLOCK GRANT,50,FAMILY AND SUPPORT SERVICES,2805,CSBG,350,STATIONERY AND OFFICE SUPPLIES,0,0,12000
GRANTS,0N36,COMMUNITY SERVICES BLOCK GRANT,50,FAMILY AND SUPPORT SERVICES,2805,CSBG,9438,REIMBURSEMENT - 2FM,0,0,31159
GRANTS,0N36,COMMUNITY SERVICES BLOCK GRANT,50,FAMILY AND SUPPORT SERVICES,2805,CSBG,9651,REIMB - INDIRECT COSTS,0,0,588500
GRANTS,0N37,EMERGENCY SOLUTIONS,50,FAMILY AND SUPPORT SERVICES,2944,EMERGENCY SOLUTIONS,5,SALARIES AND WAGES - ON PAYROLL,0,0,138619
GRANTS,0N37,EMERGENCY SOLUTIONS,50,FAMILY AND SUPPORT SERVICES,2944,EMERGENCY SOLUTIONS,11,CONTRACT WAGE - SALARY,0,0,315
GRANTS,0N37,EMERGENCY SOLUTIONS,50,FAMILY AND SUPPORT SERVICES,2944,EMERGENCY SOLUTIONS,15,SCHEDULE SALARY ADJUSTMENTS,0,0,2737
GRANTS,0N37,EMERGENCY SOLUTIONS,50,FAMILY AND SUPPORT SERVICES,2944,EMERGENCY SOLUTIONS,44,FRINGE BENEFITS,0,0,57148
GRANTS,0N38,SAFE HAVENS - SUPERVISED VISITATION,50,FAMILY AND SUPPORT SERVICES,2831,SAFE HAVENS - SUPERVISED VISIT,135,DELEGATE AGENCIES,0,0,0
GRANTS,0N38,SAFE HAVENS - SUPERVISED VISITATION,50,FAMILY AND SUPPORT SERVICES,2831,SAFE HAVENS - SUPERVISED VISIT,140,PROFESSIONAL AND TECHNICAL SERVICES,0,0,0
GRANTS,0N39,AREA PLAN ON AGING - OLDER AMERICANS ACT,50,FAMILY AND SUPPORT SERVICES,2903,AREA PLAN ON AGING - STATE,5,SALARIES AND WAGES - ON PAYROLL,0,0,168150
GRANTS,0N39,AREA PLAN ON AGING - OLDER AMERICANS ACT,50,FAMILY AND SUPPORT SERVICES,2903,AREA PLAN ON AGING - STATE,11,CONTRACT WAGE - SALARY,0,0,885
GRANTS,0N39,AREA PLAN ON AGING - OLDER AMERICANS ACT,50,FAMILY AND SUPPORT SERVICES,2903,AREA PLAN ON AGING - STATE,44,FRINGE BENEFITS,0,0,64623
GRANTS,0N39,AREA PLAN ON AGING - OLDER AMERICANS ACT,50,FAMILY AND SUPPORT SERVICES,2903,AREA PLAN ON AGING - STATE,130,POSTAGE,0,0,5000
GRANTS,0N39,AREA PLAN ON AGING - OLDER AMERICANS ACT,50,FAMILY AND SUPPORT SERVICES,2903,AREA PLAN ON AGING - STATE,135,DELEGATE AGENCIES,0,0,4404406
GRANTS,0N39,AREA PLAN ON AGING - OLDER AMERICANS ACT,50,FAMILY AND SUPPORT SERVICES,2903,AREA PLAN ON AGING - STATE,150,PUBLICATN & REPRODT-OUT,0,0,8000
GRANTS,0N39,AREA PLAN ON AGING - OLDER AMERICANS ACT,50,FAMILY AND SUPPORT SERVICES,2903,AREA PLAN ON AGING - STATE,159,LEASE PURCHASE AGREEMNT,0,0,11200
GRANTS,0N39,AREA PLAN ON AGING - OLDER AMERICANS ACT,50,FAMILY AND SUPPORT SERVICES,2903,AREA PLAN ON AGING - STATE,166,"DUES, SUBSC & MEM",0,0,3200
GRANTS,0N39,AREA PLAN ON AGING - OLDER AMERICANS ACT,50,FAMILY AND SUPPORT SERVICES,2903,AREA PLAN ON AGING - STATE,169,TECHNICAL MEETING COSTS,0,0,3371
GRANTS,0N39,AREA PLAN ON AGING - OLDER AMERICANS ACT,50,FAMILY AND SUPPORT SERVICES,2903,AREA PLAN ON AGING - STATE,190,TELEPHONE - NON-CENTREX BILLINGS,0,0,19200
GRANTS,0N39,AREA PLAN ON AGING - OLDER AMERICANS ACT,50,FAMILY AND SUPPORT SERVICES,2903,AREA PLAN ON AGING - STATE,229,TRANSPORTATION AND EXPENSE ALLOWANCE,0,0,0
GRANTS,0N39,AREA PLAN ON AGING - OLDER AMERICANS ACT,50,FAMILY AND SUPPORT SERVICES,2903,AREA PLAN ON AGING - STATE,348,BOOKS AND RELATED MATERIAL,0,0,0
GRANTS,0N39,AREA PLAN ON AGING - OLDER AMERICANS ACT,50,FAMILY AND SUPPORT SERVICES,2903,AREA PLAN ON AGING - STATE,350,STATIONERY AND OFFICE SUPPLIES,0,0,7965
GRANTS,0N40,AREA PLAN ON AGING - OLDER AMERICANS ACT,50,FAMILY AND SUPPORT SERVICES,2904,AREA PLAN ON AGING - FEDERAL,5,SALARIES AND WAGES - ON PAYROLL,0,0,7081031
GRANTS,0N40,AREA PLAN ON AGING - OLDER AMERICANS ACT,50,FAMILY AND SUPPORT SERVICES,2904,AREA PLAN ON AGING - FEDERAL,11,CONTRACT WAGE - SALARY,0,0,22081
GRANTS,0N40,AREA PLAN ON AGING - OLDER AMERICANS ACT,50,FAMILY AND SUPPORT SERVICES,2904,AREA PLAN ON AGING - FEDERAL,15,SCHEDULE SALARY ADJUSTMENTS,0,0,26451
GRANTS,0N40,AREA PLAN ON AGING - OLDER AMERICANS ACT,50,FAMILY AND SUPPORT SERVICES,2904,AREA PLAN ON AGING - FEDERAL,39,STUDENT AS TRAINEES,0,0,10000
GRANTS,0N40,AREA PLAN ON AGING - OLDER AMERICANS ACT,50,FAMILY AND SUPPORT SERVICES,2904,AREA PLAN ON AGING - FEDERAL,44,FRINGE BENEFITS,0,0,2713133
GRANTS,0N40,AREA PLAN ON AGING - OLDER AMERICANS ACT,50,FAMILY AND SUPPORT SERVICES,2904,AREA PLAN ON AGING - FEDERAL,125,OFFICE AND BUILDING SERVICES,0,0,0
GRANTS,0N40,AREA PLAN ON AGING - OLDER AMERICANS ACT,50,FAMILY AND SUPPORT SERVICES,2904,AREA PLAN ON AGING - FEDERAL,130,POSTAGE,0,0,0
GRANTS,0N40,AREA PLAN ON AGING - OLDER AMERICANS ACT,50,FAMILY AND SUPPORT SERVICES,2904,AREA PLAN ON AGING - FEDERAL,135,DELEGATE AGENCIES,0,0,2207503
GRANTS,0N40,AREA PLAN ON AGING - OLDER AMERICANS ACT,50,FAMILY AND SUPPORT SERVICES,2904,AREA PLAN ON AGING - FEDERAL,140,PROFESSIONAL AND TECHNICAL SERVICES,0,0,0
GRANTS,0N40,AREA PLAN ON AGING - OLDER AMERICANS ACT,50,FAMILY AND SUPPORT SERVICES,2904,AREA PLAN ON AGING - FEDERAL,150,PUBLICATN & REPRODT-OUT,0,0,0
GRANTS,0N40,AREA PLAN ON AGING - OLDER AMERICANS ACT,50,FAMILY AND SUPPORT SERVICES,2904,AREA PLAN ON AGING - FEDERAL,159,LEASE PURCHASE AGREEMNT,0,0,0
GRANTS,0N40,AREA PLAN ON AGING - OLDER AMERICANS ACT,50,FAMILY AND SUPPORT SERVICES,2904,AREA PLAN ON AGING - FEDERAL,166,"DUES, SUBSC & MEM",0,0,0
GRANTS,0N40,AREA PLAN ON AGING - OLDER AMERICANS ACT,50,FAMILY AND SUPPORT SERVICES,2904,AREA PLAN ON AGING - FEDERAL,169,TECHNICAL MEETING COSTS,0,0,0
GRANTS,0N40,AREA PLAN ON AGING - OLDER AMERICANS ACT,50,FAMILY AND SUPPORT SERVICES,2904,AREA PLAN ON AGING - FEDERAL,190,TELEPHONE - NON-CENTREX BILLINGS,0,0,0
GRANTS,0N40,AREA PLAN ON AGING - OLDER AMERICANS ACT,50,FAMILY AND SUPPORT SERVICES,2904,AREA PLAN ON AGING - FEDERAL,229,TRANSPORTATION AND EXPENSE ALLOWANCE,0,0,0
GRANTS,0N40,AREA PLAN ON AGING - OLDER AMERICANS ACT,50,FAMILY AND SUPPORT SERVICES,2904,AREA PLAN ON AGING - FEDERAL,270,LOCAL TRANSPORTATION,0,0,0
GRANTS,0N40,AREA PLAN ON AGING - OLDER AMERICANS ACT,50,FAMILY AND SUPPORT SERVICES,2904,AREA PLAN ON AGING - FEDERAL,350,STATIONERY AND OFFICE SUPPLIES,0,0,0
GRANTS,0N40,AREA PLAN ON AGING - OLDER AMERICANS ACT,50,FAMILY AND SUPPORT SERVICES,2904,AREA PLAN ON AGING - FEDERAL,9651,REIMB - INDIRECT COSTS,0,0,545801
GRANTS,0N42,OAA TITLE V / SENIOR COMM. SERVICE EMPL.,50,FAMILY AND SUPPORT SERVICES,2807,OAA TITLE V SENIOR EMPLOYMENT,5,SALARIES AND WAGES - ON PAYROLL,0,0,434922
GRANTS,0N42,OAA TITLE V / SENIOR COMM. SERVICE EMPL.,50,FAMILY AND SUPPORT SERVICES,2807,OAA TITLE V SENIOR EMPLOYMENT,11,CONTRACT WAGE - SALARY,0,0,283
GRANTS,0N42,OAA TITLE V / SENIOR COMM. SERVICE EMPL.,50,FAMILY AND SUPPORT SERVICES,2807,OAA TITLE V SENIOR EMPLOYMENT,15,SCHEDULE SALARY ADJUSTMENTS,0,0,1332
GRANTS,0N42,OAA TITLE V / SENIOR COMM. SERVICE EMPL.,50,FAMILY AND SUPPORT SERVICES,2807,OAA TITLE V SENIOR EMPLOYMENT,44,FRINGE BENEFITS,0,0,160855
GRANTS,0N42,OAA TITLE V / SENIOR COMM. SERVICE EMPL.,50,FAMILY AND SUPPORT SERVICES,2807,OAA TITLE V SENIOR EMPLOYMENT,135,DELEGATE AGENCIES,0,0,299902
GRANTS,0N42,OAA TITLE V / SENIOR COMM. SERVICE EMPL.,50,FAMILY AND SUPPORT SERVICES,2807,OAA TITLE V SENIOR EMPLOYMENT,801,INDIRECT COSTS,0,0,50706
GRANTS,0N44,FOSTER GRANDPARENTS,50,FAMILY AND SUPPORT SERVICES,2815,FOSTER GRANDPARENTS,5,SALARIES AND WAGES - ON PAYROLL,0,0,369513
GRANTS,0N44,FOSTER GRANDPARENTS,50,FAMILY AND SUPPORT SERVICES,2815,FOSTER GRANDPARENTS,11,CONTRACT WAGE - SALARY,0,0,479
GRANTS,0N44,FOSTER GRANDPARENTS,50,FAMILY AND SUPPORT SERVICES,2815,FOSTER GRANDPARENTS,44,FRINGE BENEFITS,0,0,142279
GRANTS,0N44,FOSTER GRANDPARENTS,50,FAMILY AND SUPPORT SERVICES,2815,FOSTER GRANDPARENTS,340,MATERIAL AND SUPPLIES,0,0,0
GRANTS,0N44,FOSTER GRANDPARENTS,50,FAMILY AND SUPPORT SERVICES,2815,FOSTER GRANDPARENTS,801,INDIRECT COSTS,0,0,28729
GRANTS,0N45,STATE FOSTER GRANDPARENTS,50,FAMILY AND SUPPORT SERVICES,2818,STATE FOSTER GRANDPARENTS,140,PROFESSIONAL AND TECHNICAL SERVICES,0,0,37000
GRANTS,0N46,LONGTERM CARE SYSTEM DEVELOPMENT,50,FAMILY AND SUPPORT SERVICES,2820,LONGTERM CARE SYSTEM DEVELOP,140,PROFESSIONAL AND TECHNICAL SERVICES,0,0,56000
GRANTS,0N47,LONG TERM CARE OMBUDSMAN PROGRAM - CMP,50,FAMILY AND SUPPORT SERVICES,2836,LONG TERM CARE OMBUDSMAN,140,PROFESSIONAL AND TECHNICAL SERVICES,0,0,117000
GRANTS,0N48,SERVICES TO VICTIMS OF DOMESTIC VIOLENCE,50,FAMILY AND SUPPORT SERVICES,2827,SERVICES TO VICTIMS OF DOM VIO,5,SALARIES AND WAGES - ON PAYROLL,0,0,96623
GRANTS,0N48,SERVICES TO VICTIMS OF DOMESTIC VIOLENCE,50,FAMILY AND SUPPORT SERVICES,2827,SERVICES TO VICTIMS OF DOM VIO,11,CONTRACT WAGE - SALARY,0,0,1910
GRANTS,0N48,SERVICES TO VICTIMS OF DOMESTIC VIOLENCE,50,FAMILY AND SUPPORT SERVICES,2827,SERVICES TO VICTIMS OF DOM VIO,44,FRINGE BENEFITS,0,0,139467
GRANTS,0N49,RESIDENT SERVICES COORDINATION / CASE MG,50,FAMILY AND SUPPORT SERVICES,2828,RESIDENT SERVICES / CASE MGMT,5,SALARIES AND WAGES - ON PAYROLL,0,0,967585
GRANTS,0N49,RESIDENT SERVICES COORDINATION / CASE MG,50,FAMILY AND SUPPORT SERVICES,2828,RESIDENT SERVICES / CASE MGMT,11,CONTRACT WAGE - SALARY,0,0,4523
GRANTS,0N49,RESIDENT SERVICES COORDINATION / CASE MG,50,FAMILY AND SUPPORT SERVICES,2828,RESIDENT SERVICES / CASE MGMT,15,SCHEDULE SALARY ADJUSTMENTS,0,0,12708
GRANTS,0N49,RESIDENT SERVICES COORDINATION / CASE MG,50,FAMILY AND SUPPORT SERVICES,2828,RESIDENT SERVICES / CASE MGMT,44,FRINGE BENEFITS,0,0,374479
GRANTS,0N49,RESIDENT SERVICES COORDINATION / CASE MG,50,FAMILY AND SUPPORT SERVICES,2828,RESIDENT SERVICES / CASE MGMT,140,PROFESSIONAL AND TECHNICAL SERVICES,0,0,840705
GRANTS,0N51,ELDER ABUSE AND NEGLECT,50,FAMILY AND SUPPORT SERVICES,2846,ELDER ABUSE AND NEGLECT,135,DELEGATE AGENCIES,0,0,2853000
GRANTS,0N52,EARLY HEAD START INITIATIVE,50,FAMILY AND SUPPORT SERVICES,2857,EARLY HEAD START INITIATIVE,5,SALARIES AND WAGES - ON PAYROLL,0,0,175880
GRANTS,0N52,EARLY HEAD START INITIATIVE,50,FAMILY AND SUPPORT SERVICES,2857,EARLY HEAD START INITIATIVE,11,CONTRACT WAGE - SALARY,0,0,925
GRANTS,0N52,EARLY HEAD START INITIATIVE,50,FAMILY AND SUPPORT SERVICES,2857,EARLY HEAD START INITIATIVE,15,SCHEDULE SALARY ADJUSTMENTS,0,0,145
GRANTS,0N52,EARLY HEAD START INITIATIVE,50,FAMILY AND SUPPORT SERVICES,2857,EARLY HEAD START INITIATIVE,44,FRINGE BENEFITS,0,0,67593
GRANTS,0N52,EARLY HEAD START INITIATIVE,50,FAMILY AND SUPPORT SERVICES,2857,EARLY HEAD START INITIATIVE,135,DELEGATE AGENCIES,0,0,5064210
GRANTS,0N52,EARLY HEAD START INITIATIVE,50,FAMILY AND SUPPORT SERVICES,2857,EARLY HEAD START INITIATIVE,140,PROFESSIONAL AND TECHNICAL SERVICES,0,0,1622568
GRANTS,0N52,EARLY HEAD START INITIATIVE,50,FAMILY AND SUPPORT SERVICES,2857,EARLY HEAD START INITIATIVE,801,INDIRECT COSTS,0,0,330679
GRANTS,0N53,SHELTER PLUS CARE,50,FAMILY AND SUPPORT SERVICES,2938,SHELTER PLUS CARE,135,DELEGATE AGENCIES,0,0,11022000
GRANTS,0N53,SHELTER PLUS CARE,50,FAMILY AND SUPPORT SERVICES,2938,SHELTER PLUS CARE,140,PROFESSIONAL AND TECHNICAL SERVICES,0,0,3000000
GRANTS,0N54,HEAD START,50,FAMILY AND SUPPORT SERVICES,2860,HEAD START,5,SALARIES AND WAGES - ON PAYROLL,0,0,5862783
GRANTS,0N54,HEAD START,50,FAMILY AND SUPPORT SERVICES,2860,HEAD START,11,CONTRACT WAGE - SALARY,0,0,18434
GRANTS,0N54,HEAD START,50,FAMILY AND SUPPORT SERVICES,2860,HEAD START,15,SCHEDULE SALARY ADJUSTMENTS,0,0,25973
GRANTS,0N54,HEAD START,50,FAMILY AND SUPPORT SERVICES,2860,HEAD START,44,FRINGE BENEFITS,0,0,2262858
GRANTS,0N54,HEAD START,50,FAMILY AND SUPPORT SERVICES,2860,HEAD START,130,POSTAGE,0,0,10000
GRANTS,0N54,HEAD START,50,FAMILY AND SUPPORT SERVICES,2860,HEAD START,135,DELEGATE AGENCIES,0,0,92706106
GRANTS,0N54,HEAD START,50,FAMILY AND SUPPORT SERVICES,2860,HEAD START,138,IT MAINTENANCE,0,0,103011
GRANTS,0N54,HEAD START,50,FAMILY AND SUPPORT SERVICES,2860,HEAD START,140,PROFESSIONAL AND TECHNICAL SERVICES,0,0,13846664
GRANTS,0N54,HEAD START,50,FAMILY AND SUPPORT SERVICES,2860,HEAD START,149,SOFTWARE MAINTENANCE AND LICENSING,0,0,5000
GRANTS,0N54,HEAD START,50,FAMILY AND SUPPORT SERVICES,2860,HEAD START,157,RENTAL EQUIPMENT AND SERVICES,0,0,51000
GRANTS,0N54,HEAD START,50,FAMILY AND SUPPORT SERVICES,2860,HEAD START,159,LEASE PURCHASE AGREEMNT,0,0,50000
GRANTS,0N54,HEAD START,50,FAMILY AND SUPPORT SERVICES,2860,HEAD START,160,REPAIR/MAINT PROPERTY,0,0,10000
GRANTS,0N54,HEAD START,50,FAMILY AND SUPPORT SERVICES,2860,HEAD START,190,TELEPHONE - NON-CENTREX BILLINGS,0,0,200000
GRANTS,0N54,HEAD START,50,FAMILY AND SUPPORT SERVICES,2860,HEAD START,197,TELEPHONE - MAINTENANCE,0,0,20000
GRANTS,0N54,HEAD START,50,FAMILY AND SUPPORT SERVICES,2860,HEAD START,245,REIMBURSEMENT TO TRAVELERS,0,0,10000
GRANTS,0N54,HEAD START,50,FAMILY AND SUPPORT SERVICES,2860,HEAD START,270,LOCAL TRANSPORTATION,0,0,10000
GRANTS,0N54,HEAD START,50,FAMILY AND SUPPORT SERVICES,2860,HEAD START,340,MATERIAL AND SUPPLIES,0,0,161165
GRANTS,0N54,HEAD START,50,FAMILY AND SUPPORT SERVICES,2860,HEAD START,350,STATIONERY AND OFFICE SUPPLIES,0,0,150000
GRANTS,0N54,HEAD START,50,FAMILY AND SUPPORT SERVICES,2860,HEAD START,801,INDIRECT COSTS,0,0,6161777
GRANTS,0N54,HEAD START,50,FAMILY AND SUPPORT SERVICES,2860,HEAD START,9438,REIMBURSEMENT - 2FM,0,0,158266
GRANTS,0N55,STATE SENIOR EMPLOYMENT SPECIALIST,50,FAMILY AND SUPPORT SERVICES,2862,STATE SENIOR EMPLOYMENT SPEC,140,PROFESSIONAL AND TECHNICAL SERVICES,0,0,25000
GRANTS,0N56,SENIOR COMPANION PROJECT - ACTION,50,FAMILY AND SUPPORT SERVICES,2868,SENIOR COMPANION PJT - ACTION,5,SALARIES AND WAGES - ON PAYROLL,0,0,155729
GRANTS,0N56,SENIOR COMPANION PROJECT - ACTION,50,FAMILY AND SUPPORT SERVICES,2868,SENIOR COMPANION PJT - ACTION,11,CONTRACT WAGE - SALARY,0,0,548
GRANTS,0N56,SENIOR COMPANION PROJECT - ACTION,50,FAMILY AND SUPPORT SERVICES,2868,SENIOR COMPANION PJT - ACTION,44,FRINGE BENEFITS,0,0,66136
GRANTS,0N58,SUMMER FOOD SERVICE,50,FAMILY AND SUPPORT SERVICES,2870,SUMMER FOOD SERVICE,5,SALARIES AND WAGES - ON PAYROLL,0,0,280560
GRANTS,0N58,SUMMER FOOD SERVICE,50,FAMILY AND SUPPORT SERVICES,2870,SUMMER FOOD SERVICE,11,CONTRACT WAGE - SALARY,0,0,991
GRANTS,0N58,SUMMER FOOD SERVICE,50,FAMILY AND SUPPORT SERVICES,2870,SUMMER FOOD SERVICE,44,FRINGE BENEFITS,0,0,102433
GRANTS,0N58,SUMMER FOOD SERVICE,50,FAMILY AND SUPPORT SERVICES,2870,SUMMER FOOD SERVICE,140,PROFESSIONAL AND TECHNICAL SERVICES,0,0,1508016
GRANTS,0N58,SUMMER FOOD SERVICE,50,FAMILY AND SUPPORT SERVICES,2870,SUMMER FOOD SERVICE,340,MATERIAL AND SUPPLIES,0,0,15000
GRANTS,0N59,TITLE XX DONATED FUNDS,50,FAMILY AND SUPPORT SERVICES,2873,TITLE XX DONATED FUNDS,135,DELEGATE AGENCIES,0,0,1200000
GRANTS,0N60,CHA FAMILY SUPPORTIVE SERVICES,50,FAMILY AND SUPPORT SERVICES,2896,CHA FAMILY SUPPORTIVE SERVICES,5,SALARIES AND WAGES - ON PAYROLL,0,0,125628
GRANTS,0N60,CHA FAMILY SUPPORTIVE SERVICES,50,FAMILY AND SUPPORT SERVICES,2896,CHA FAMILY SUPPORTIVE SERVICES,11,CONTRACT WAGE - SALARY,0,0,661
GRANTS,0N60,CHA FAMILY SUPPORTIVE SERVICES,50,FAMILY AND SUPPORT SERVICES,2896,CHA FAMILY SUPPORTIVE SERVICES,44,FRINGE BENEFITS,0,0,48281
GRANTS,0N60,CHA FAMILY SUPPORTIVE SERVICES,50,FAMILY AND SUPPORT SERVICES,2896,CHA FAMILY SUPPORTIVE SERVICES,140,PROFESSIONAL AND TECHNICAL SERVICES,0,0,1584430
GRANTS,0N61,CHICAGO DOMESTIC VIOLENCE HELP LINE,50,FAMILY AND SUPPORT SERVICES,2923,CHICAGO DOM VIOLENCE HELP LINE,135,DELEGATE AGENCIES,0,0,364000
GRANTS,0N62,SENIOR HEALTH INSURANCE PROGRAM,50,FAMILY AND SUPPORT SERVICES,2928,SENIOR HEALTH INSURANCE PGM,140,PROFESSIONAL AND TECHNICAL SERVICES,0,0,62000
GRANTS,0N63,CHILD CARE SERVICES,50,FAMILY AND SUPPORT SERVICES,2943,CHILD CARE SERVICES,5,SALARIES AND WAGES - ON PAYROLL,0,0,1475928
GRANTS,0N63,CHILD CARE SERVICES,50,FAMILY AND SUPPORT SERVICES,2943,CHILD CARE SERVICES,11,CONTRACT WAGE - SALARY,0,0,6401
GRANTS,0N63,CHILD CARE SERVICES,50,FAMILY AND SUPPORT SERVICES,2943,CHILD CARE SERVICES,15,SCHEDULE SALARY ADJUSTMENTS,0,0,3927
GRANTS,0N63,CHILD CARE SERVICES,50,FAMILY AND SUPPORT SERVICES,2943,CHILD CARE SERVICES,44,FRINGE BENEFITS,0,0,568194
GRANTS,0N63,CHILD CARE SERVICES,50,FAMILY AND SUPPORT SERVICES,2943,CHILD CARE SERVICES,135,DELEGATE AGENCIES,0,0,22750000
GRANTS,0N63,CHILD CARE SERVICES,50,FAMILY AND SUPPORT SERVICES,2943,CHILD CARE SERVICES,140,PROFESSIONAL AND TECHNICAL SERVICES,0,0,699051
GRANTS,0N64,SENIOR MEDICARE PROJECTS,50,FAMILY AND SUPPORT SERVICES,2945,SENIOR MEDICARE PATROL,140,PROFESSIONAL AND TECHNICAL SERVICES,0,0,0
GRANTS,0N65,SENIOR HEALTH ASSISTANCE PROGRAM,50,FAMILY AND SUPPORT SERVICES,2946,SENIOR HEALTH ASSISTANCE PGM.,5,SALARIES AND WAGES - ON PAYROLL,0,0,81578
GRANTS,0N65,SENIOR HEALTH ASSISTANCE PROGRAM,50,FAMILY AND SUPPORT SERVICES,2946,SENIOR HEALTH ASSISTANCE PGM.,11,CONTRACT WAGE - SALARY,0,0,430
GRANTS,0N65,SENIOR HEALTH ASSISTANCE PROGRAM,50,FAMILY AND SUPPORT SERVICES,2946,SENIOR HEALTH ASSISTANCE PGM.,44,FRINGE BENEFITS,0,0,31352
GRANTS,0N65,SENIOR HEALTH ASSISTANCE PROGRAM,50,FAMILY AND SUPPORT SERVICES,2946,SENIOR HEALTH ASSISTANCE PGM.,140,PROFESSIONAL AND TECHNICAL SERVICES,0,0,172651
GRANTS,0N65,SENIOR HEALTH ASSISTANCE PROGRAM,50,FAMILY AND SUPPORT SERVICES,2946,SENIOR HEALTH ASSISTANCE PGM.,9651,REIMB - INDIRECT COSTS,0,0,15989
GRANTS,0N66,SPECIAL PROJECTS - PREVENT DOM. VIOLENCE,50,FAMILY AND SUPPORT SERVICES,2968,GENERIC PREVENTION DOM VIOLENC,135,DELEGATE AGENCIES,0,0,145000
GRANTS,0N66,SPECIAL PROJECTS - PREVENT DOM. VIOLENCE,50,FAMILY AND SUPPORT SERVICES,2968,GENERIC PREVENTION DOM VIOLENC,140,PROFESSIONAL AND TECHNICAL SERVICES,0,0,36000
GRANTS,0N67,RELATIVE RAISING CHILDREN,50,FAMILY AND SUPPORT SERVICES,2932,RELATIVES RAISING CHILDREN,140,PROFESSIONAL AND TECHNICAL SERVICES,0,0,30000
GRANTS,0N69,SUMMER JOBS CONNECT,50,FAMILY AND SUPPORT SERVICES,2953,SUMMER JOBS CONNECT PROGRAM,140,PROFESSIONAL AND TECHNICAL SERVICES,760000,760000,760000
GRANTS,0N70,COLBERT CONSENT DECREE,50,FAMILY AND SUPPORT SERVICES,2951,COLBERT CONSENT DECREE,5,SALARIES AND WAGES - ON PAYROLL,0,0,0
GRANTS,0N70,COLBERT CONSENT DECREE,50,FAMILY AND SUPPORT SERVICES,2951,COLBERT CONSENT DECREE,11,CONTRACT WAGE - SALARY,0,0,0
GRANTS,0N70,COLBERT CONSENT DECREE,50,FAMILY AND SUPPORT SERVICES,2951,COLBERT CONSENT DECREE,15,SCHEDULE SALARY ADJUSTMENTS,0,0,0
GRANTS,0N70,COLBERT CONSENT DECREE,50,FAMILY AND SUPPORT SERVICES,2951,COLBERT CONSENT DECREE,44,FRINGE BENEFITS,0,0,0
GRANTS,0N70,COLBERT CONSENT DECREE,50,FAMILY AND SUPPORT SERVICES,2951,COLBERT CONSENT DECREE,140,PROFESSIONAL AND TECHNICAL SERVICES,0,0,171000
GRANTS,0N72,COLBERT CONSENT DECREE,50,FAMILY AND SUPPORT SERVICES,2951,COLBERT CONSENT DECREE,140,PROFESSIONAL AND TECHNICAL SERVICES,171000,171000,0
GRANTS,0N77,MONEY FOLLOWS THE PERSON,50,FAMILY AND SUPPORT SERVICES,2919,MONEY FOLLOWS THE PERSON,140,PROFESSIONAL AND TECHNICAL SERVICES,33000,33000,0
GRANTS,0N79,MEDICARE IMPROVEMENTS FOR PATIENTS/PROV.,50,FAMILY AND SUPPORT SERVICES,2937,MEDICARE IMPROVEMENTS,140,PROFESSIONAL AND TECHNICAL SERVICES,123000,123000,0
GRANTS,0P36,DFSS - FEDERAL - FGP/SCP,50,FAMILY AND SUPPORT SERVICES,2803,STATE SENIOR COMPANION MATCH,130,POSTAGE,20000,20000,20000
GRANTS,0P36,DFSS - FEDERAL - FGP/SCP,50,FAMILY AND SUPPORT SERVICES,2925,FOSTER GRANDPARENTS,140,PROFESSIONAL AND TECHNICAL SERVICES,134000,134000,134000
GRANTS,0P38,DEPARTMENT ON AGING GRANTS,50,FAMILY AND SUPPORT SERVICES,2932,RELATIVES RAISING CHILDREN,140,PROFESSIONAL AND TECHNICAL SERVICES,30000,30000,0
GRANTS,0P38,DEPARTMENT ON AGING GRANTS,50,FAMILY AND SUPPORT SERVICES,2948,BENEFITS SYSTEMS CHANGE,140,PROFESSIONAL AND TECHNICAL SERVICES,50000,50000,0
GRANTS,0P38,DEPARTMENT ON AGING GRANTS,50,FAMILY AND SUPPORT SERVICES,2949,AGING/DISABILITY RESOURCE CTR.,140,PROFESSIONAL AND TECHNICAL SERVICES,0,0,0
GRANTS,0P40,AREA AGING PROGRAMS,50,FAMILY AND SUPPORT SERVICES,2801,OAA NUTRITION PGM INCOME,140,PROFESSIONAL AND TECHNICAL SERVICES,498000,498000,700000
GRANTS,0P40,AREA AGING PROGRAMS,50,FAMILY AND SUPPORT SERVICES,2802,OAA NUTRITION PGM INC - HM DEV,140,PROFESSIONAL AND TECHNICAL SERVICES,40000,40000,25000
GRANTS,0P41,AGING PRIVATE GRANTS,50,FAMILY AND SUPPORT SERVICES,2816,SENIOR FITNESS PRIVATE,140,PROFESSIONAL AND TECHNICAL SERVICES,25000,25000,25000
GRANTS,0P41,AGING PRIVATE GRANTS,50,FAMILY AND SUPPORT SERVICES,2901,CHICAGO FUND SUPPORT - SENIOR,140,PROFESSIONAL AND TECHNICAL SERVICES,50000,50000,50000
GRANTS,0P61,DEPT. OF VETERANS AFFAIRS (VHA),50,FAMILY AND SUPPORT SERVICES,2918,VETERANS HOME AND COMM. PGMS,140,PROFESSIONAL AND TECHNICAL SERVICES,2276000,2276000,0
GRANTS,0P93,LONGTERM CARE SYSTEM DEVELOPMENT,50,FAMILY AND SUPPORT SERVICES,2820,LONGTERM CARE SYSTEM DEVELOP,39,STUDENT AS TRAINEES,56000,56000,0
GRANTS,0P94,TITLE XX DONATED FUNDS,50,FAMILY AND SUPPORT SERVICES,2873,TITLE XX DONATED FUNDS,135,DELEGATE AGENCIES,1101000,1101000,0
GRANTS,0P95,RESIDENT SERVICES COORDINATION / CASE MG,50,FAMILY AND SUPPORT SERVICES,2828,RESIDENT SERVICES / CASE MGMT,5,SALARIES AND WAGES - ON PAYROLL,946970,946970,0
GRANTS,0P95,RESIDENT SERVICES COORDINATION / CASE MG,50,FAMILY AND SUPPORT SERVICES,2828,RESIDENT SERVICES / CASE MGMT,11,CONTRACT WAGE - SALARY,0,0,0
GRANTS,0P95,RESIDENT SERVICES COORDINATION / CASE MG,50,FAMILY AND SUPPORT SERVICES,2828,RESIDENT SERVICES / CASE MGMT,15,SCHEDULE SALARY ADJUSTMENTS,5548,5548,0
GRANTS,0P95,RESIDENT SERVICES COORDINATION / CASE MG,50,FAMILY AND SUPPORT SERVICES,2828,RESIDENT SERVICES / CASE MGMT,44,FRINGE BENEFITS,355943,355943,0
GRANTS,0P95,RESIDENT SERVICES COORDINATION / CASE MG,50,FAMILY AND SUPPORT SERVICES,2828,RESIDENT SERVICES / CASE MGMT,140,PROFESSIONAL AND TECHNICAL SERVICES,891539,891539,0
GRANTS,0P96,SENIOR MEDICARE PROJECTS,50,FAMILY AND SUPPORT SERVICES,2945,SENIOR MEDICARE PATROL,140,PROFESSIONAL AND TECHNICAL SERVICES,22000,22000,0
GRANTS,0P97,FOSTER GRANDPARENTS PROGRAM,50,FAMILY AND SUPPORT SERVICES,2815,FOSTER GRANDPARENTS,5,SALARIES AND WAGES - ON PAYROLL,385052,385052,0
GRANTS,0P97,FOSTER GRANDPARENTS PROGRAM,50,FAMILY AND SUPPORT SERVICES,2815,FOSTER GRANDPARENTS,11,CONTRACT WAGE - SALARY,0,0,0
GRANTS,0P97,FOSTER GRANDPARENTS PROGRAM,50,FAMILY AND SUPPORT SERVICES,2815,FOSTER GRANDPARENTS,15,SCHEDULE SALARY ADJUSTMENTS,1223,1223,0
GRANTS,0P97,FOSTER GRANDPARENTS PROGRAM,50,FAMILY AND SUPPORT SERVICES,2815,FOSTER GRANDPARENTS,44,FRINGE BENEFITS,142908,142908,0
GRANTS,0P97,FOSTER GRANDPARENTS PROGRAM,50,FAMILY AND SUPPORT SERVICES,2815,FOSTER GRANDPARENTS,340,MATERIAL AND SUPPLIES,0,0,0
GRANTS,0P97,FOSTER GRANDPARENTS PROGRAM,50,FAMILY AND SUPPORT SERVICES,2815,FOSTER GRANDPARENTS,801,INDIRECT COSTS,11817,11817,0
GRANTS,0P98,SENIOR COMPANION PROJECT - ACTION,50,FAMILY AND SUPPORT SERVICES,2868,SENIOR COMPANION PJT - ACTION,5,SALARIES AND WAGES - ON PAYROLL,188853,188853,0
GRANTS,0P98,SENIOR COMPANION PROJECT - ACTION,50,FAMILY AND SUPPORT SERVICES,2868,SENIOR COMPANION PJT - ACTION,11,CONTRACT WAGE - SALARY,0,0,0
GRANTS,0P98,SENIOR COMPANION PROJECT - ACTION,50,FAMILY AND SUPPORT SERVICES,2868,SENIOR COMPANION PJT - ACTION,15,SCHEDULE SALARY ADJUSTMENTS,978,978,0
GRANTS,0P98,SENIOR COMPANION PROJECT - ACTION,50,FAMILY AND SUPPORT SERVICES,2868,SENIOR COMPANION PJT - ACTION,44,FRINGE BENEFITS,82169,82169,0
GRANTS,0P99,OAA TITLE V / SENIOR COMM. SERVICE EMPL.,50,FAMILY AND SUPPORT SERVICES,2807,OAA TITLE V SENIOR EMPLOYMENT,5,SALARIES AND WAGES - ON PAYROLL,384022,384022,0
GRANTS,0P99,OAA TITLE V / SENIOR COMM. SERVICE EMPL.,50,FAMILY AND SUPPORT SERVICES,2807,OAA TITLE V SENIOR EMPLOYMENT,11,CONTRACT WAGE - SALARY,0,0,0
GRANTS,0P99,OAA TITLE V / SENIOR COMM. SERVICE EMPL.,50,FAMILY AND SUPPORT SERVICES,2807,OAA TITLE V SENIOR EMPLOYMENT,15,SCHEDULE SALARY ADJUSTMENTS,0,0,0
GRANTS,0P99,OAA TITLE V / SENIOR COMM. SERVICE EMPL.,50,FAMILY AND SUPPORT SERVICES,2807,OAA TITLE V SENIOR EMPLOYMENT,44,FRINGE BENEFITS,142358,142358,0
GRANTS,0P99,OAA TITLE V / SENIOR COMM. SERVICE EMPL.,50,FAMILY AND SUPPORT SERVICES,2807,OAA TITLE V SENIOR EMPLOYMENT,135,DELEGATE AGENCIES,0,0,0
GRANTS,0P99,OAA TITLE V / SENIOR COMM. SERVICE EMPL.,50,FAMILY AND SUPPORT SERVICES,2807,OAA TITLE V SENIOR EMPLOYMENT,140,PROFESSIONAL AND TECHNICAL SERVICES,277791,277791,0
GRANTS,0P99,OAA TITLE V / SENIOR COMM. SERVICE EMPL.,50,FAMILY AND SUPPORT SERVICES,2807,OAA TITLE V SENIOR EMPLOYMENT,801,INDIRECT COSTS,43829,43829,0
CDBG,0J41,CDBG,50,FAMILY AND SUPPORT SERVICES,2501,PLANNING AND ADMINISTRATION,5,SALARIES AND WAGES - ON PAYROLL,517230,517230,0
CDBG,0J41,CDBG,50,FAMILY AND SUPPORT SERVICES,2501,PLANNING AND ADMINISTRATION,11,CONTRACT WAGE - SALARY,0,0,0
CDBG,0J41,CDBG,50,FAMILY AND SUPPORT SERVICES,2501,PLANNING AND ADMINISTRATION,15,SCHEDULE SALARY ADJUSTMENTS,4623,4623,0
CDBG,0J41,CDBG,50,FAMILY AND SUPPORT SERVICES,2501,PLANNING AND ADMINISTRATION,44,FRINGE BENEFITS,195650,195650,0
CDBG,0J41,CDBG,50,FAMILY AND SUPPORT SERVICES,2501,PLANNING AND ADMINISTRATION,125,OFFICE AND BUILDING SERVICES,5186,5186,4500
CDBG,0J41,CDBG,50,FAMILY AND SUPPORT SERVICES,2501,PLANNING AND ADMINISTRATION,130,POSTAGE,900,900,900
CDBG,0J41,CDBG,50,FAMILY AND SUPPORT SERVICES,2501,PLANNING AND ADMINISTRATION,138,IT MAINTENANCE,103011,103011,0
CDBG,0J41,CDBG,50,FAMILY AND SUPPORT SERVICES,2501,PLANNING AND ADMINISTRATION,140,PROFESSIONAL AND TECHNICAL SERVICES,74845,74845,20868
CDBG,0J41,CDBG,50,FAMILY AND SUPPORT SERVICES,2501,PLANNING AND ADMINISTRATION,152,ADVERTISING,1883,1883,712
CDBG,0J41,CDBG,50,FAMILY AND SUPPORT SERVICES,2501,PLANNING AND ADMINISTRATION,157,RENTAL EQUIPMENT AND SERVICES,1906,1906,800
CDBG,0J41,CDBG,50,FAMILY AND SUPPORT SERVICES,2501,PLANNING AND ADMINISTRATION,159,LEASE PURCHASE AGREEMNT,55314,55314,36342
CDBG,0J41,CDBG,50,FAMILY AND SUPPORT SERVICES,2501,PLANNING AND ADMINISTRATION,162,REPAIR/MAINT EQUIPMENT,2510,2510,0
CDBG,0J41,CDBG,50,FAMILY AND SUPPORT SERVICES,2501,PLANNING AND ADMINISTRATION,166,"DUES, SUBSC & MEM",0,0,2880
CDBG,0J41,CDBG,50,FAMILY AND SUPPORT SERVICES,2501,PLANNING AND ADMINISTRATION,169,TECHNICAL MEETING COSTS,4054,4054,7680
CDBG,0J41,CDBG,50,FAMILY AND SUPPORT SERVICES,2501,PLANNING AND ADMINISTRATION,188,VEHICLE TRACKING SERVICE,3250,3250,3250
CDBG,0J41,CDBG,50,FAMILY AND SUPPORT SERVICES,2501,PLANNING AND ADMINISTRATION,190,TELEPHONE - NON-CENTREX BILLINGS,37000,37000,37000
CDBG,0J41,CDBG,50,FAMILY AND SUPPORT SERVICES,2501,PLANNING AND ADMINISTRATION,197,TELEPHONE - MAINTENANCE,15000,15000,15000
CDBG,0J41,CDBG,50,FAMILY AND SUPPORT SERVICES,2501,PLANNING AND ADMINISTRATION,270,LOCAL TRANSPORTATION,8500,8500,850
CDBG,0J41,CDBG,50,FAMILY AND SUPPORT SERVICES,2501,PLANNING AND ADMINISTRATION,340,MATERIAL AND SUPPLIES,17354,17354,7225
CDBG,0J41,CDBG,50,FAMILY AND SUPPORT SERVICES,2501,PLANNING AND ADMINISTRATION,350,STATIONERY AND OFFICE SUPPLIES,17354,17354,4500
CDBG,0J41,CDBG,50,FAMILY AND SUPPORT SERVICES,2501,PLANNING AND ADMINISTRATION,9438,REIMBURSEMENT - 2FM,13148,13148,13148
CDBG,0J41,CDBG,50,FAMILY AND SUPPORT SERVICES,2501,PLANNING AND ADMINISTRATION,9651,REIMB - INDIRECT COSTS,1305828,1305828,1314770
CDBG,0J41,CDBG,50,FAMILY AND SUPPORT SERVICES,2510,HUMAN SERVICES,5,SALARIES AND WAGES - ON PAYROLL,322753,322753,226295
CDBG,0J41,CDBG,50,FAMILY AND SUPPORT SERVICES,2510,HUMAN SERVICES,8,PAYMENT RETROACTIVE SALARIES,0,0,5479
CDBG,0J41,CDBG,50,FAMILY AND SUPPORT SERVICES,2510,HUMAN SERVICES,11,CONTRACT WAGE - SALARY,0,0,402
CDBG,0J41,CDBG,50,FAMILY AND SUPPORT SERVICES,2510,HUMAN SERVICES,15,SCHEDULE SALARY ADJUSTMENTS,0,0,2822
CDBG,0J41,CDBG,50,FAMILY AND SUPPORT SERVICES,2510,HUMAN SERVICES,44,FRINGE BENEFITS,122086,122086,85227
CDBG,0J41,CDBG,50,FAMILY AND SUPPORT SERVICES,2510,HUMAN SERVICES,135,DELEGATE AGENCIES,1106000,1106000,1006000
CDBG,0J41,CDBG,50,FAMILY AND SUPPORT SERVICES,2510,HUMAN SERVICES,9438,REIMBURSEMENT - 2FM,84712,84712,36691
CDBG,0J41,CDBG,50,FAMILY AND SUPPORT SERVICES,2515,HOMELESS SERVICES,5,SALARIES AND WAGES - ON PAYROLL,411910,411910,450440
CDBG,0J41,CDBG,50,FAMILY AND SUPPORT SERVICES,2515,HOMELESS SERVICES,11,CONTRACT WAGE - SALARY,0,0,1140
CDBG,0J41,CDBG,50,FAMILY AND SUPPORT SERVICES,2515,HOMELESS SERVICES,12,CONTRACT WAGE - PREVAILING RATE,1370,1370,466
CDBG,0J41,CDBG,50,FAMILY AND SUPPORT SERVICES,2515,HOMELESS SERVICES,15,SCHEDULE SALARY ADJUSTMENTS,4869,4869,0
CDBG,0J41,CDBG,50,FAMILY AND SUPPORT SERVICES,2515,HOMELESS SERVICES,44,FRINGE BENEFITS,155811,155811,169616
CDBG,0J41,CDBG,50,FAMILY AND SUPPORT SERVICES,2515,HOMELESS SERVICES,135,DELEGATE AGENCIES,8150418,8150418,9230675
CDBG,0J41,CDBG,50,FAMILY AND SUPPORT SERVICES,2520,WORKFORCE SERVICES,5,SALARIES AND WAGES - ON PAYROLL,187513,187513,186868
CDBG,0J41,CDBG,50,FAMILY AND SUPPORT SERVICES,2520,WORKFORCE SERVICES,8,PAYMENT RETROACTIVE SALARIES,0,0,4933
CDBG,0J41,CDBG,50,FAMILY AND SUPPORT SERVICES,2520,WORKFORCE SERVICES,11,CONTRACT WAGE - SALARY,0,0,383
CDBG,0J41,CDBG,50,FAMILY AND SUPPORT SERVICES,2520,WORKFORCE SERVICES,15,SCHEDULE SALARY ADJUSTMENTS,678,678,1469
CDBG,0J41,CDBG,50,FAMILY AND SUPPORT SERVICES,2520,WORKFORCE SERVICES,44,FRINGE BENEFITS,70929,70929,70375
CDBG,0J41,CDBG,50,FAMILY AND SUPPORT SERVICES,2520,WORKFORCE SERVICES,135,DELEGATE AGENCIES,5931679,5931679,5806273
CDBG,0J41,CDBG,50,FAMILY AND SUPPORT SERVICES,2520,WORKFORCE SERVICES,140,PROFESSIONAL AND TECHNICAL SERVICES,450000,450000,0
CDBG,0J41,CDBG,50,FAMILY AND SUPPORT SERVICES,2525,SENIOR SERVICES,5,SALARIES AND WAGES - ON PAYROLL,494390,494390,317152
CDBG,0J41,CDBG,50,FAMILY AND SUPPORT SERVICES,2525,SENIOR SERVICES,15,SCHEDULE SALARY ADJUSTMENTS,6389,6389,3703
CDBG,0J41,CDBG,50,FAMILY AND SUPPORT SERVICES,2525,SENIOR SERVICES,44,FRINGE BENEFITS,192856,192856,119483
CDBG,0J41,CDBG,50,FAMILY AND SUPPORT SERVICES,2525,SENIOR SERVICES,135,DELEGATE AGENCIES,3632503,3632503,3401482
CDBG,0J41,CDBG,50,FAMILY AND SUPPORT SERVICES,2525,SENIOR SERVICES,140,PROFESSIONAL AND TECHNICAL SERVICES,500000,500000,500000
CDBG,0J41,CDBG,50,FAMILY AND SUPPORT SERVICES,2530,DOMESTIC VIOLENCE SERVICES,5,SALARIES AND WAGES - ON PAYROLL,334313,334313,341473
CDBG,0J41,CDBG,50,FAMILY AND SUPPORT SERVICES,2530,DOMESTIC VIOLENCE SERVICES,11,CONTRACT WAGE - SALARY,0,0,670
CDBG,0J41,CDBG,50,FAMILY AND SUPPORT SERVICES,2530,DOMESTIC VIOLENCE SERVICES,15,SCHEDULE SALARY ADJUSTMENTS,5110,5110,1617
CDBG,0J41,CDBG,50,FAMILY AND SUPPORT SERVICES,2530,DOMESTIC VIOLENCE SERVICES,44,FRINGE BENEFITS,126460,126460,128601
CDBG,0J41,CDBG,50,FAMILY AND SUPPORT SERVICES,2530,DOMESTIC VIOLENCE SERVICES,135,DELEGATE AGENCIES,1668400,1668400,1958587
CDBG,0J41,CDBG,50,FAMILY AND SUPPORT SERVICES,2530,DOMESTIC VIOLENCE SERVICES,9438,REIMBURSEMENT - 2FM,84712,84712,0
LOCAL,0100,CORPORATE FUND,54,PLANNING AND DEVELOPMENT,2005,PLANNING AND DEVELOPMENT,5,SALARIES AND WAGES - ON PAYROLL,9388484,9388484,9614826
LOCAL,0100,CORPORATE FUND,54,PLANNING AND DEVELOPMENT,2005,PLANNING AND DEVELOPMENT,11,CONTRACT WAGE - SALARY,0,0,14568
LOCAL,0100,CORPORATE FUND,54,PLANNING AND DEVELOPMENT,2005,PLANNING AND DEVELOPMENT,15,SCHEDULE SALARY ADJUSTMENTS,42626,42626,47700
LOCAL,0100,CORPORATE FUND,54,PLANNING AND DEVELOPMENT,2005,PLANNING AND DEVELOPMENT,39,STUDENT AS TRAINEES,40000,40000,10000
LOCAL,0100,CORPORATE FUND,54,PLANNING AND DEVELOPMENT,2005,PLANNING AND DEVELOPMENT,50,STIPENDS,63000,63000,63000
LOCAL,0100,CORPORATE FUND,54,PLANNING AND DEVELOPMENT,2005,PLANNING AND DEVELOPMENT,130,POSTAGE,15947,15947,25600
LOCAL,0100,CORPORATE FUND,54,PLANNING AND DEVELOPMENT,2005,PLANNING AND DEVELOPMENT,135,DELEGATE AGENCIES,1746792,1790617,1870269
LOCAL,0100,CORPORATE FUND,54,PLANNING AND DEVELOPMENT,2005,PLANNING AND DEVELOPMENT,138,IT MAINTENANCE,80000,36175,36175
LOCAL,0100,CORPORATE FUND,54,PLANNING AND DEVELOPMENT,2005,PLANNING AND DEVELOPMENT,140,PROFESSIONAL AND TECHNICAL SERVICES,1411612,1411612,1000000
LOCAL,0100,CORPORATE FUND,54,PLANNING AND DEVELOPMENT,2005,PLANNING AND DEVELOPMENT,141,APPRAISALS,106750,122500,121750
LOCAL,0100,CORPORATE FUND,54,PLANNING AND DEVELOPMENT,2005,PLANNING AND DEVELOPMENT,143,COURT REPORTING,81167,81167,83123
LOCAL,0100,CORPORATE FUND,54,PLANNING AND DEVELOPMENT,2005,PLANNING AND DEVELOPMENT,147,SURVEYS,76000,60250,40000
LOCAL,0100,CORPORATE FUND,54,PLANNING AND DEVELOPMENT,2005,PLANNING AND DEVELOPMENT,149,SOFTWARE MAINTENANCE AND LICENSING,0,0,30000
LOCAL,0100,CORPORATE FUND,54,PLANNING AND DEVELOPMENT,2005,PLANNING AND DEVELOPMENT,150,PUBLICATN & REPRODT-OUT,12502,12502,8930
LOCAL,0100,CORPORATE FUND,54,PLANNING AND DEVELOPMENT,2005,PLANNING AND DEVELOPMENT,152,ADVERTISING,27535,27535,24990
LOCAL,0100,CORPORATE FUND,54,PLANNING AND DEVELOPMENT,2005,PLANNING AND DEVELOPMENT,155,RENTAL OF PROPERTY,1500,1500,950
LOCAL,0100,CORPORATE FUND,54,PLANNING AND DEVELOPMENT,2005,PLANNING AND DEVELOPMENT,159,LEASE PURCHASE AGREEMNT,36155,36155,45351
LOCAL,0100,CORPORATE FUND,54,PLANNING AND DEVELOPMENT,2005,PLANNING AND DEVELOPMENT,162,REPAIR/MAINT EQUIPMENT,1521,1521,0
LOCAL,0100,CORPORATE FUND,54,PLANNING AND DEVELOPMENT,2005,PLANNING AND DEVELOPMENT,166,"DUES, SUBSC & MEM",13199,13199,6196
LOCAL,0100,CORPORATE FUND,54,PLANNING AND DEVELOPMENT,2005,PLANNING AND DEVELOPMENT,169,TECHNICAL MEETING COSTS,61918,61918,48850
LOCAL,0100,CORPORATE FUND,54,PLANNING AND DEVELOPMENT,2005,PLANNING AND DEVELOPMENT,179,MESSENGER SERVICES,2420,2420,1520
LOCAL,0100,CORPORATE FUND,54,PLANNING AND DEVELOPMENT,2005,PLANNING AND DEVELOPMENT,181,MOBILE COMMUNICATION SERVICES,25990,25990,14177
LOCAL,0100,CORPORATE FUND,54,PLANNING AND DEVELOPMENT,2005,PLANNING AND DEVELOPMENT,190,TELEPHONE - NON-CENTREX BILLINGS,36000,36000,37000
LOCAL,0100,CORPORATE FUND,54,PLANNING AND DEVELOPMENT,2005,PLANNING AND DEVELOPMENT,197,TELEPHONE - MAINTENANCE,19795,19795,18795
LOCAL,0100,CORPORATE FUND,54,PLANNING AND DEVELOPMENT,2005,PLANNING AND DEVELOPMENT,229,TRANSPORTATION AND EXPENSE ALLOWANCE,5380,5380,3300
LOCAL,0100,CORPORATE FUND,54,PLANNING AND DEVELOPMENT,2005,PLANNING AND DEVELOPMENT,245,REIMBURSEMENT TO TRAVELERS,2536,2536,1000
LOCAL,0100,CORPORATE FUND,54,PLANNING AND DEVELOPMENT,2005,PLANNING AND DEVELOPMENT,270,LOCAL TRANSPORTATION,1548,1548,1548
LOCAL,0100,CORPORATE FUND,54,PLANNING AND DEVELOPMENT,2005,PLANNING AND DEVELOPMENT,340,MATERIAL AND SUPPLIES,15637,15637,15150
LOCAL,0100,CORPORATE FUND,54,PLANNING AND DEVELOPMENT,2005,PLANNING AND DEVELOPMENT,348,BOOKS AND RELATED MATERIAL,5441,5441,5273
LOCAL,0100,CORPORATE FUND,54,PLANNING AND DEVELOPMENT,2005,PLANNING AND DEVELOPMENT,350,STATIONERY AND OFFICE SUPPLIES,17586,17586,20500
LOCAL,0100,CORPORATE FUND,54,PLANNING AND DEVELOPMENT,2005,PLANNING AND DEVELOPMENT,422,OFFICE MACHINES,6000,6000,0
LOCAL,0100,CORPORATE FUND,54,PLANNING AND DEVELOPMENT,2005,PLANNING AND DEVELOPMENT,446,PURCHASE - DATA HARDWARE,0,0,15575
LOCAL,0100,CORPORATE FUND,54,PLANNING AND DEVELOPMENT,2005,PLANNING AND DEVELOPMENT,938,LOW INCOME HOUSING,3500000,3500000,3500000
LOCAL,0100,CORPORATE FUND,54,PLANNING AND DEVELOPMENT,2005,PLANNING AND DEVELOPMENT,9110,PROPERT MANAGEMENT MAIN,155000,155000,100000
LOCAL,0100,CORPORATE FUND,54,PLANNING AND DEVELOPMENT,2005,PLANNING AND DEVELOPMENT,9183,FORECLOSURE PREVENTION,200000,200000,200000
LOCAL,0100,CORPORATE FUND,54,PLANNING AND DEVELOPMENT,2005,PLANNING AND DEVELOPMENT,9211,SINGLE-FAMILY TROUBLED BUILDING INITIATI,150000,150000,150000
LOCAL,0100,CORPORATE FUND,54,PLANNING AND DEVELOPMENT,2005,PLANNING AND DEVELOPMENT,9212,MULTI-FAMILY TROUBLED BUILDING INITIATIV,150000,150000,150000
LOCAL,0100,CORPORATE FUND,54,PLANNING AND DEVELOPMENT,2005,PLANNING AND DEVELOPMENT,9213,AFFORDABLE HOUSING DENSITY PROGRAM,8600000,8600000,18482000
LOCAL,0100,CORPORATE FUND,54,PLANNING AND DEVELOPMENT,2005,PLANNING AND DEVELOPMENT,9224,MICRO MARKET RECOVERY,772700,772700,772700
LOCAL,0100,CORPORATE FUND,54,PLANNING AND DEVELOPMENT,2005,PLANNING AND DEVELOPMENT,9256,URBAN HOMESTEADING,300000,300000,0
LOCAL,0B21,TIF ADMINISTRATION,54,PLANNING AND DEVELOPMENT,2005,PLANNING AND DEVELOPMENT,5,SALARIES AND WAGES - ON PAYROLL,3735869,3735869,3675761
LOCAL,0B21,TIF ADMINISTRATION,54,PLANNING AND DEVELOPMENT,2005,PLANNING AND DEVELOPMENT,11,CONTRACT WAGE - SALARY,0,0,2118
LOCAL,0B21,TIF ADMINISTRATION,54,PLANNING AND DEVELOPMENT,2005,PLANNING AND DEVELOPMENT,15,SCHEDULE SALARY ADJUSTMENTS,2019,2019,14707
LOCAL,0B21,TIF ADMINISTRATION,54,PLANNING AND DEVELOPMENT,2005,PLANNING AND DEVELOPMENT,140,PROFESSIONAL AND TECHNICAL SERVICES,0,0,200000
LOCAL,0B21,TIF ADMINISTRATION,54,PLANNING AND DEVELOPMENT,2005,PLANNING AND DEVELOPMENT,166,"DUES, SUBSC & MEM",0,0,6703
LOCAL,0B21,TIF ADMINISTRATION,54,PLANNING AND DEVELOPMENT,2005,PLANNING AND DEVELOPMENT,169,TECHNICAL MEETING COSTS,0,0,22500
LOCAL,0B21,TIF ADMINISTRATION,54,PLANNING AND DEVELOPMENT,2005,PLANNING AND DEVELOPMENT,9454,REIMBURSEMENT - DPD,125000,125000,125000
GRANTS,0J63,CDBG - DISASTER RECOVERY,54,PLANNING AND DEVELOPMENT,2880,CDBG - DISASTER RECOVERY,140,PROFESSIONAL AND TECHNICAL SERVICES,8810000,8810000,8810000
GRANTS,0K11,HOME INVESTMENT PARTNERSHIP,54,PLANNING AND DEVELOPMENT,2819,HOME INVESTMENT PARTNERSHIP,9103,REHABILITATION LOANS GT,37019000,37019000,20890000
GRANTS,0K14,HOME PROGRAM,54,PLANNING AND DEVELOPMENT,2819,HOME INVESTMENT PARTNERSHIP,5,SALARIES AND WAGES - ON PAYROLL,753656,753656,0
GRANTS,0K14,HOME PROGRAM,54,PLANNING AND DEVELOPMENT,2819,HOME INVESTMENT PARTNERSHIP,11,CONTRACT WAGE - SALARY,0,0,0
GRANTS,0K14,HOME PROGRAM,54,PLANNING AND DEVELOPMENT,2819,HOME INVESTMENT PARTNERSHIP,15,SCHEDULE SALARY ADJUSTMENTS,1325,1325,0
GRANTS,0K14,HOME PROGRAM,54,PLANNING AND DEVELOPMENT,2819,HOME INVESTMENT PARTNERSHIP,44,FRINGE BENEFITS,283747,283747,0
GRANTS,0K14,HOME PROGRAM,54,PLANNING AND DEVELOPMENT,2819,HOME INVESTMENT PARTNERSHIP,140,PROFESSIONAL AND TECHNICAL SERVICES,806000,806000,0
GRANTS,0K14,HOME PROGRAM,54,PLANNING AND DEVELOPMENT,2819,HOME INVESTMENT PARTNERSHIP,155,RENTAL OF PROPERTY,100000,100000,0
GRANTS,0K14,HOME PROGRAM,54,PLANNING AND DEVELOPMENT,2819,HOME INVESTMENT PARTNERSHIP,9103,REHABILITATION LOANS GT,14437272,14437272,11694000
GRANTS,0K14,HOME PROGRAM,54,PLANNING AND DEVELOPMENT,2819,HOME INVESTMENT PARTNERSHIP,9651,REIMB - INDIRECT COSTS,450000,450000,0
GRANTS,0K17,STATE-ILL DEPT OF COMMERCE,54,PLANNING AND DEVELOPMENT,2832,RAVENSWOOD INDUSTRIAL COORIDOR,140,PROFESSIONAL AND TECHNICAL SERVICES,100000,100000,100000
GRANTS,0K32,FORECLOSURE PREVENTION PROGRAM,54,PLANNING AND DEVELOPMENT,2868,FORECLOSURE PREVENTION PROGRAM,135,DELEGATE AGENCIES,975000,975000,781250
GRANTS,0K32,FORECLOSURE PREVENTION PROGRAM,54,PLANNING AND DEVELOPMENT,2868,FORECLOSURE PREVENTION PROGRAM,140,PROFESSIONAL AND TECHNICAL SERVICES,0,0,99750
GRANTS,0K41,PERSHING ROAD INCUBATOR STUDY,54,PLANNING AND DEVELOPMENT,2877,PERSHING ROAD INCUBATOR,140,PROFESSIONAL AND TECHNICAL SERVICES,95000,95000,0
GRANTS,0K43,CHOICE NEIGHBORHOODS IMPLEMENTATION,54,PLANNING AND DEVELOPMENT,2863,CHOICE NEIGHBORHOODS IMPLEM,5,SALARIES AND WAGES - ON PAYROLL,66231,66231,66095
GRANTS,0K43,CHOICE NEIGHBORHOODS IMPLEMENTATION,54,PLANNING AND DEVELOPMENT,2863,CHOICE NEIGHBORHOODS IMPLEM,15,SCHEDULE SALARY ADJUSTMENTS,910,910,973
GRANTS,0K43,CHOICE NEIGHBORHOODS IMPLEMENTATION,54,PLANNING AND DEVELOPMENT,2863,CHOICE NEIGHBORHOODS IMPLEM,44,FRINGE BENEFITS,24675,24675,25442
GRANTS,0K43,CHOICE NEIGHBORHOODS IMPLEMENTATION,54,PLANNING AND DEVELOPMENT,2863,CHOICE NEIGHBORHOODS IMPLEM,140,PROFESSIONAL AND TECHNICAL SERVICES,473184,473184,35490
GRANTS,0K43,CHOICE NEIGHBORHOODS IMPLEMENTATION,54,PLANNING AND DEVELOPMENT,2863,CHOICE NEIGHBORHOODS IMPLEM,801,INDIRECT COSTS,26000,26000,26000
GRANTS,0K50,CHICAGO LANDMARKS MAP,54,PLANNING AND DEVELOPMENT,2840,CHICAGO LANDMARKS MAP,140,PROFESSIONAL AND TECHNICAL SERVICES,0,0,17000
GRANTS,0K73,HOME PROGRAM,54,PLANNING AND DEVELOPMENT,2819,HOME INVESTMENT PARTNERSHIP,5,SALARIES AND WAGES - ON PAYROLL,0,0,743087
GRANTS,0K73,HOME PROGRAM,54,PLANNING AND DEVELOPMENT,2819,HOME INVESTMENT PARTNERSHIP,11,CONTRACT WAGE - SALARY,0,0,1563
GRANTS,0K73,HOME PROGRAM,54,PLANNING AND DEVELOPMENT,2819,HOME INVESTMENT PARTNERSHIP,15,SCHEDULE SALARY ADJUSTMENTS,0,0,1206
GRANTS,0K73,HOME PROGRAM,54,PLANNING AND DEVELOPMENT,2819,HOME INVESTMENT PARTNERSHIP,44,FRINGE BENEFITS,0,0,286860
GRANTS,0K73,HOME PROGRAM,54,PLANNING AND DEVELOPMENT,2819,HOME INVESTMENT PARTNERSHIP,140,PROFESSIONAL AND TECHNICAL SERVICES,0,0,383435
GRANTS,0K73,HOME PROGRAM,54,PLANNING AND DEVELOPMENT,2819,HOME INVESTMENT PARTNERSHIP,155,RENTAL OF PROPERTY,0,0,100000
GRANTS,0K73,HOME PROGRAM,54,PLANNING AND DEVELOPMENT,2819,HOME INVESTMENT PARTNERSHIP,9103,REHABILITATION LOANS GT,0,0,15195849
GRANTS,0K73,HOME PROGRAM,54,PLANNING AND DEVELOPMENT,2819,HOME INVESTMENT PARTNERSHIP,9651,REIMB - INDIRECT COSTS,0,0,450000
GRANTS,0K75,LOW INCOME HOUSING TRUST FUND,54,PLANNING AND DEVELOPMENT,2874,LOW INCOME HOUSING TRUST FUND,9103,REHABILITATION LOANS GT,1200000,1200000,8000000
GRANTS,0K77,COMED GREEN REGION PROGRAM,54,PLANNING AND DEVELOPMENT,2879,COM ED GREEN REGION PROGRAM,140,PROFESSIONAL AND TECHNICAL SERVICES,10000,10000,10000
GRANTS,0S13,ARRA - NEIGHBORHOOD STABILIZATION PGM 3,54,PLANNING AND DEVELOPMENT,2815,NEIGHBORHOOD STABILIZATION 3,5,SALARIES AND WAGES - ON PAYROLL,172452,172452,0
GRANTS,0S13,ARRA - NEIGHBORHOOD STABILIZATION PGM 3,54,PLANNING AND DEVELOPMENT,2815,NEIGHBORHOOD STABILIZATION 3,44,FRINGE BENEFITS,0,0,0
GRANTS,0S13,ARRA - NEIGHBORHOOD STABILIZATION PGM 3,54,PLANNING AND DEVELOPMENT,2815,NEIGHBORHOOD STABILIZATION 3,135,DELEGATE AGENCIES,1827548,1827548,0
GRANTS,0S13,ARRA - NEIGHBORHOOD STABILIZATION PGM 3,54,PLANNING AND DEVELOPMENT,2815,NEIGHBORHOOD STABILIZATION 3,140,PROFESSIONAL AND TECHNICAL SERVICES,500000,500000,0
GRANTS,0S13,ARRA - NEIGHBORHOOD STABILIZATION PGM 3,54,PLANNING AND DEVELOPMENT,2878,NSP PROGRAM INCOME 3,135,DELEGATE AGENCIES,0,0,1426629
GRANTS,0S13,ARRA - NEIGHBORHOOD STABILIZATION PGM 3,54,PLANNING AND DEVELOPMENT,2878,NSP PROGRAM INCOME 3,140,PROFESSIONAL AND TECHNICAL SERVICES,3388000,3388000,100371
GRANTS,0S13,ARRA - NEIGHBORHOOD STABILIZATION PGM 3,54,PLANNING AND DEVELOPMENT,2878,NSP PROGRAM INCOME 3,528,DEMOLITION,0,0,20000
GRANTS,0S13,ARRA - NEIGHBORHOOD STABILIZATION PGM 3,54,PLANNING AND DEVELOPMENT,2878,NSP PROGRAM INCOME 3,801,INDIRECT COSTS,0,0,15000
GRANTS,0S73,NEIGHBORHOOD STABILIZATION GRANT,54,PLANNING AND DEVELOPMENT,2849,NSP PROGRAM INCOME,5,SALARIES AND WAGES - ON PAYROLL,0,0,0
GRANTS,0S73,NEIGHBORHOOD STABILIZATION GRANT,54,PLANNING AND DEVELOPMENT,2849,NSP PROGRAM INCOME,15,SCHEDULE SALARY ADJUSTMENTS,0,0,0
GRANTS,0S73,NEIGHBORHOOD STABILIZATION GRANT,54,PLANNING AND DEVELOPMENT,2849,NSP PROGRAM INCOME,44,FRINGE BENEFITS,0,0,0
GRANTS,0S73,NEIGHBORHOOD STABILIZATION GRANT,54,PLANNING AND DEVELOPMENT,2849,NSP PROGRAM INCOME,135,DELEGATE AGENCIES,8557669,8557669,6499538
GRANTS,0S73,NEIGHBORHOOD STABILIZATION GRANT,54,PLANNING AND DEVELOPMENT,2849,NSP PROGRAM INCOME,140,PROFESSIONAL AND TECHNICAL SERVICES,104331,104331,15000
GRANTS,0S73,NEIGHBORHOOD STABILIZATION GRANT,54,PLANNING AND DEVELOPMENT,2849,NSP PROGRAM INCOME,801,INDIRECT COSTS,0,0,66462
GRANTS,0S85,NEIGHBORHOOD STABILIZATION PROGRAM,54,PLANNING AND DEVELOPMENT,2800,NEIGHBORHOOD STABILIZATION PRO,135,DELEGATE AGENCIES,794000,794000,0
GRANTS,0S85,NEIGHBORHOOD STABILIZATION PROGRAM,54,PLANNING AND DEVELOPMENT,2850,NSP PROGRAM INCOME,135,DELEGATE AGENCIES,7823509,7823509,5689192
GRANTS,0S85,NEIGHBORHOOD STABILIZATION PROGRAM,54,PLANNING AND DEVELOPMENT,2850,NSP PROGRAM INCOME,140,PROFESSIONAL AND TECHNICAL SERVICES,96491,96491,96973
GRANTS,0S85,NEIGHBORHOOD STABILIZATION PROGRAM,54,PLANNING AND DEVELOPMENT,2850,NSP PROGRAM INCOME,801,INDIRECT COSTS,0,0,23835
CDBG,0J41,CDBG,54,PLANNING AND DEVELOPMENT,2505,FINANCE AND ADMINISTRATION,5,SALARIES AND WAGES - ON PAYROLL,1359564,1359564,1392290
CDBG,0J41,CDBG,54,PLANNING AND DEVELOPMENT,2505,FINANCE AND ADMINISTRATION,8,PAYMENT RETROACTIVE SALARIES,0,0,12383
CDBG,0J41,CDBG,54,PLANNING AND DEVELOPMENT,2505,FINANCE AND ADMINISTRATION,11,CONTRACT WAGE - SALARY,0,0,4346
CDBG,0J41,CDBG,54,PLANNING AND DEVELOPMENT,2505,FINANCE AND ADMINISTRATION,15,SCHEDULE SALARY ADJUSTMENTS,2061,2061,2720
CDBG,0J41,CDBG,54,PLANNING AND DEVELOPMENT,2505,FINANCE AND ADMINISTRATION,39,STUDENT AS TRAINEES,75000,75000,75000
CDBG,0J41,CDBG,54,PLANNING AND DEVELOPMENT,2505,FINANCE AND ADMINISTRATION,44,FRINGE BENEFITS,518803,518803,524211
CDBG,0J41,CDBG,54,PLANNING AND DEVELOPMENT,2505,FINANCE AND ADMINISTRATION,130,POSTAGE,6347,6347,6347
CDBG,0J41,CDBG,54,PLANNING AND DEVELOPMENT,2505,FINANCE AND ADMINISTRATION,138,IT MAINTENANCE,37500,37500,13588
CDBG,0J41,CDBG,54,PLANNING AND DEVELOPMENT,2505,FINANCE AND ADMINISTRATION,140,PROFESSIONAL AND TECHNICAL SERVICES,401067,401067,401067
CDBG,0J41,CDBG,54,PLANNING AND DEVELOPMENT,2505,FINANCE AND ADMINISTRATION,150,PUBLICATN & REPRODT-OUT,7600,7600,3000
CDBG,0J41,CDBG,54,PLANNING AND DEVELOPMENT,2505,FINANCE AND ADMINISTRATION,152,ADVERTISING,31664,31664,22413
CDBG,0J41,CDBG,54,PLANNING AND DEVELOPMENT,2505,FINANCE AND ADMINISTRATION,155,RENTAL OF PROPERTY,153065,153065,0
CDBG,0J41,CDBG,54,PLANNING AND DEVELOPMENT,2505,FINANCE AND ADMINISTRATION,159,LEASE PURCHASE AGREEMNT,21864,21864,71071
CDBG,0J41,CDBG,54,PLANNING AND DEVELOPMENT,2505,FINANCE AND ADMINISTRATION,162,REPAIR/MAINT EQUIPMENT,30518,30518,6249
CDBG,0J41,CDBG,54,PLANNING AND DEVELOPMENT,2505,FINANCE AND ADMINISTRATION,166,"DUES, SUBSC & MEM",1000,1000,1000
CDBG,0J41,CDBG,54,PLANNING AND DEVELOPMENT,2505,FINANCE AND ADMINISTRATION,169,TECHNICAL MEETING COSTS,4416,4416,4416
CDBG,0J41,CDBG,54,PLANNING AND DEVELOPMENT,2505,FINANCE AND ADMINISTRATION,179,MESSENGER SERVICES,0,0,800
CDBG,0J41,CDBG,54,PLANNING AND DEVELOPMENT,2505,FINANCE AND ADMINISTRATION,181,MOBILE COMMUNICATION SERVICES,18000,18000,0
CDBG,0J41,CDBG,54,PLANNING AND DEVELOPMENT,2505,FINANCE AND ADMINISTRATION,190,TELEPHONE - NON-CENTREX BILLINGS,48000,48000,49300
CDBG,0J41,CDBG,54,PLANNING AND DEVELOPMENT,2505,FINANCE AND ADMINISTRATION,197,TELEPHONE - MAINTENANCE,10000,10000,10000
CDBG,0J41,CDBG,54,PLANNING AND DEVELOPMENT,2505,FINANCE AND ADMINISTRATION,229,TRANSPORTATION AND EXPENSE ALLOWANCE,2160,2160,2160
CDBG,0J41,CDBG,54,PLANNING AND DEVELOPMENT,2505,FINANCE AND ADMINISTRATION,245,REIMBURSEMENT TO TRAVELERS,1850,1850,1850
CDBG,0J41,CDBG,54,PLANNING AND DEVELOPMENT,2505,FINANCE AND ADMINISTRATION,270,LOCAL TRANSPORTATION,900,900,900
CDBG,0J41,CDBG,54,PLANNING AND DEVELOPMENT,2505,FINANCE AND ADMINISTRATION,331,ELECTRICITY,27250,27250,0
CDBG,0J41,CDBG,54,PLANNING AND DEVELOPMENT,2505,FINANCE AND ADMINISTRATION,340,MATERIAL AND SUPPLIES,6360,6360,7850
CDBG,0J41,CDBG,54,PLANNING AND DEVELOPMENT,2505,FINANCE AND ADMINISTRATION,348,BOOKS AND RELATED MATERIAL,1600,1600,1600
CDBG,0J41,CDBG,54,PLANNING AND DEVELOPMENT,2505,FINANCE AND ADMINISTRATION,350,STATIONERY AND OFFICE SUPPLIES,18500,18500,18500
CDBG,0J41,CDBG,54,PLANNING AND DEVELOPMENT,2505,FINANCE AND ADMINISTRATION,9438,REIMBURSEMENT - 2FM,30500,30500,30500
CDBG,0J41,CDBG,54,PLANNING AND DEVELOPMENT,2505,FINANCE AND ADMINISTRATION,9651,REIMB - INDIRECT COSTS,2376176,2376176,3463498
CDBG,0J41,CDBG,54,PLANNING AND DEVELOPMENT,2515,DEVELOPER SERVICES,5,SALARIES AND WAGES - ON PAYROLL,350398,350398,222184
CDBG,0J41,CDBG,54,PLANNING AND DEVELOPMENT,2515,DEVELOPER SERVICES,8,PAYMENT RETROACTIVE SALARIES,0,0,1232
CDBG,0J41,CDBG,54,PLANNING AND DEVELOPMENT,2515,DEVELOPER SERVICES,11,CONTRACT WAGE - SALARY,0,0,366
CDBG,0J41,CDBG,54,PLANNING AND DEVELOPMENT,2515,DEVELOPER SERVICES,15,SCHEDULE SALARY ADJUSTMENTS,0,0,1722
CDBG,0J41,CDBG,54,PLANNING AND DEVELOPMENT,2515,DEVELOPER SERVICES,44,FRINGE BENEFITS,136379,136379,83681
CDBG,0J41,CDBG,54,PLANNING AND DEVELOPMENT,2515,DEVELOPER SERVICES,130,POSTAGE,1225,1225,0
CDBG,0J41,CDBG,54,PLANNING AND DEVELOPMENT,2515,DEVELOPER SERVICES,140,PROFESSIONAL AND TECHNICAL SERVICES,21000,21000,0
CDBG,0J41,CDBG,54,PLANNING AND DEVELOPMENT,2515,DEVELOPER SERVICES,141,APPRAISALS,37600,37600,0
CDBG,0J41,CDBG,54,PLANNING AND DEVELOPMENT,2515,DEVELOPER SERVICES,159,LEASE PURCHASE AGREEMNT,3757,3757,0
CDBG,0J41,CDBG,54,PLANNING AND DEVELOPMENT,2515,DEVELOPER SERVICES,245,REIMBURSEMENT TO TRAVELERS,300,300,0
CDBG,0J41,CDBG,54,PLANNING AND DEVELOPMENT,2515,DEVELOPER SERVICES,270,LOCAL TRANSPORTATION,100,100,100
CDBG,0J41,CDBG,54,PLANNING AND DEVELOPMENT,2515,DEVELOPER SERVICES,331,ELECTRICITY,7000,7000,0
CDBG,0J41,CDBG,54,PLANNING AND DEVELOPMENT,2515,DEVELOPER SERVICES,340,MATERIAL AND SUPPLIES,1800,1800,1800
CDBG,0J41,CDBG,54,PLANNING AND DEVELOPMENT,2515,DEVELOPER SERVICES,350,STATIONERY AND OFFICE SUPPLIES,1800,1800,1800
CDBG,0J41,CDBG,54,PLANNING AND DEVELOPMENT,2515,DEVELOPER SERVICES,9103,REHABILITATION LOANS GT,1631294,1631294,1091419
CDBG,0J41,CDBG,54,PLANNING AND DEVELOPMENT,2520,HOUSING PRESERVATION,5,SALARIES AND WAGES - ON PAYROLL,298640,298640,376833
CDBG,0J41,CDBG,54,PLANNING AND DEVELOPMENT,2520,HOUSING PRESERVATION,8,PAYMENT RETROACTIVE SALARIES,0,0,2824
CDBG,0J41,CDBG,54,PLANNING AND DEVELOPMENT,2520,HOUSING PRESERVATION,11,CONTRACT WAGE - SALARY,0,0,402
CDBG,0J41,CDBG,54,PLANNING AND DEVELOPMENT,2520,HOUSING PRESERVATION,15,SCHEDULE SALARY ADJUSTMENTS,2765,2765,1632
CDBG,0J41,CDBG,54,PLANNING AND DEVELOPMENT,2520,HOUSING PRESERVATION,44,FRINGE BENEFITS,116872,116872,146539
CDBG,0J41,CDBG,54,PLANNING AND DEVELOPMENT,2520,HOUSING PRESERVATION,130,POSTAGE,925,925,925
CDBG,0J41,CDBG,54,PLANNING AND DEVELOPMENT,2520,HOUSING PRESERVATION,135,DELEGATE AGENCIES,0,0,6405000
CDBG,0J41,CDBG,54,PLANNING AND DEVELOPMENT,2520,HOUSING PRESERVATION,157,RENTAL EQUIPMENT AND SERVICES,700,700,700
CDBG,0J41,CDBG,54,PLANNING AND DEVELOPMENT,2520,HOUSING PRESERVATION,159,LEASE PURCHASE AGREEMNT,2319,2319,2319
CDBG,0J41,CDBG,54,PLANNING AND DEVELOPMENT,2520,HOUSING PRESERVATION,245,REIMBURSEMENT TO TRAVELERS,300,300,300
CDBG,0J41,CDBG,54,PLANNING AND DEVELOPMENT,2520,HOUSING PRESERVATION,331,ELECTRICITY,14950,14950,13950
CDBG,0J41,CDBG,54,PLANNING AND DEVELOPMENT,2520,HOUSING PRESERVATION,340,MATERIAL AND SUPPLIES,3000,3000,3000
CDBG,0J41,CDBG,54,PLANNING AND DEVELOPMENT,2520,HOUSING PRESERVATION,350,STATIONERY AND OFFICE SUPPLIES,3000,3000,3000
CDBG,0J41,CDBG,54,PLANNING AND DEVELOPMENT,2520,HOUSING PRESERVATION,994,HOME PURCHASE ASSISTANCE PROGRAM,600000,600000,0
CDBG,0J41,CDBG,54,PLANNING AND DEVELOPMENT,2520,HOUSING PRESERVATION,9103,REHABILITATION LOANS GT,1500000,1500000,0
CDBG,0J41,CDBG,54,PLANNING AND DEVELOPMENT,2520,HOUSING PRESERVATION,9126,HEAT RECEIVERSHIP PGM,1293257,1293257,900000
CDBG,0J41,CDBG,54,PLANNING AND DEVELOPMENT,2520,HOUSING PRESERVATION,9173,HOME REHABILITATION ASSISTANCE,600000,600000,0
CDBG,0J41,CDBG,54,PLANNING AND DEVELOPMENT,2520,HOUSING PRESERVATION,9211,SINGLE-FAMILY TROUBLED BUILDING INITIATI,1940000,1940000,0
CDBG,0J41,CDBG,54,PLANNING AND DEVELOPMENT,2520,HOUSING PRESERVATION,9212,MULTI-FAMILY TROUBLED BUILDING INITIATIV,2640000,2640000,0
CDBG,0J41,CDBG,54,PLANNING AND DEVELOPMENT,2520,HOUSING PRESERVATION,9218,CONDO TROUBLED BUILDING INITIATIVE,1025000,1025000,0
CDBG,0J41,CDBG,54,PLANNING AND DEVELOPMENT,2531,EHRP,5,SALARIES AND WAGES - ON PAYROLL,535021,535021,546616
CDBG,0J41,CDBG,54,PLANNING AND DEVELOPMENT,2531,EHRP,8,PAYMENT RETROACTIVE SALARIES,0,0,5852
CDBG,0J41,CDBG,54,PLANNING AND DEVELOPMENT,2531,EHRP,11,CONTRACT WAGE - SALARY,0,0,1531
CDBG,0J41,CDBG,54,PLANNING AND DEVELOPMENT,2531,EHRP,15,SCHEDULE SALARY ADJUSTMENTS,1236,1236,1794
CDBG,0J41,CDBG,54,PLANNING AND DEVELOPMENT,2531,EHRP,44,FRINGE BENEFITS,202380,202380,205829
CDBG,0J41,CDBG,54,PLANNING AND DEVELOPMENT,2531,EHRP,9264,EHRP,636000,636000,700000
CDBG,0J41,CDBG,54,PLANNING AND DEVELOPMENT,2531,EHRP,9265,RPRP,6000000,6000000,5926000
CDBG,0J41,CDBG,54,PLANNING AND DEVELOPMENT,2536,HOUSING SERVICES TECH ASSIST,5,SALARIES AND WAGES - ON PAYROLL,190872,190872,189096
CDBG,0J41,CDBG,54,PLANNING AND DEVELOPMENT,2536,HOUSING SERVICES TECH ASSIST,8,PAYMENT RETROACTIVE SALARIES,0,0,2373
CDBG,0J41,CDBG,54,PLANNING AND DEVELOPMENT,2536,HOUSING SERVICES TECH ASSIST,11,CONTRACT WAGE - SALARY,0,0,383
CDBG,0J41,CDBG,54,PLANNING AND DEVELOPMENT,2536,HOUSING SERVICES TECH ASSIST,15,SCHEDULE SALARY ADJUSTMENTS,1296,1296,1296
CDBG,0J41,CDBG,54,PLANNING AND DEVELOPMENT,2536,HOUSING SERVICES TECH ASSIST,44,FRINGE BENEFITS,74880,74880,74809
CDBG,0J41,CDBG,54,PLANNING AND DEVELOPMENT,2536,HOUSING SERVICES TECH ASSIST,135,DELEGATE AGENCIES,764275,764275,702837
CDBG,0J41,CDBG,54,PLANNING AND DEVELOPMENT,2551,SMALL ACCESS REPAIRS SENIORS,5,SALARIES AND WAGES - ON PAYROLL,161935,161935,163986
CDBG,0J41,CDBG,54,PLANNING AND DEVELOPMENT,2551,SMALL ACCESS REPAIRS SENIORS,8,PAYMENT RETROACTIVE SALARIES,0,0,864
CDBG,0J41,CDBG,54,PLANNING AND DEVELOPMENT,2551,SMALL ACCESS REPAIRS SENIORS,11,CONTRACT WAGE - SALARY,0,0,402
CDBG,0J41,CDBG,54,PLANNING AND DEVELOPMENT,2551,SMALL ACCESS REPAIRS SENIORS,15,SCHEDULE SALARY ADJUSTMENTS,0,0,1931
CDBG,0J41,CDBG,54,PLANNING AND DEVELOPMENT,2551,SMALL ACCESS REPAIRS SENIORS,44,FRINGE BENEFITS,61255,61255,61753
CDBG,0J41,CDBG,54,PLANNING AND DEVELOPMENT,2551,SMALL ACCESS REPAIRS SENIORS,135,DELEGATE AGENCIES,2101455,2101455,2001634
CDBG,0J41,CDBG,54,PLANNING AND DEVELOPMENT,2560,NEIGHBORHOOD LENDING PROGRAM,5,SALARIES AND WAGES - ON PAYROLL,164299,164299,170922
CDBG,0J41,CDBG,54,PLANNING AND DEVELOPMENT,2560,NEIGHBORHOOD LENDING PROGRAM,8,PAYMENT RETROACTIVE SALARIES,0,0,1463
CDBG,0J41,CDBG,54,PLANNING AND DEVELOPMENT,2560,NEIGHBORHOOD LENDING PROGRAM,11,CONTRACT WAGE - SALARY,0,0,881
CDBG,0J41,CDBG,54,PLANNING AND DEVELOPMENT,2560,NEIGHBORHOOD LENDING PROGRAM,44,FRINGE BENEFITS,62149,62149,64334
CDBG,0J41,CDBG,54,PLANNING AND DEVELOPMENT,2560,NEIGHBORHOOD LENDING PROGRAM,135,DELEGATE AGENCIES,0,0,3420000
CDBG,0J41,CDBG,54,PLANNING AND DEVELOPMENT,2560,NEIGHBORHOOD LENDING PROGRAM,9103,REHABILITATION LOANS GT,3420000,3420000,0
CDBG,0J41,CDBG,54,PLANNING AND DEVELOPMENT,2566,CONSTRUCTION MONITORING/COMPL,5,SALARIES AND WAGES - ON PAYROLL,929810,929810,1149302
CDBG,0J41,CDBG,54,PLANNING AND DEVELOPMENT,2566,CONSTRUCTION MONITORING/COMPL,8,PAYMENT RETROACTIVE SALARIES,0,0,13936
CDBG,0J41,CDBG,54,PLANNING AND DEVELOPMENT,2566,CONSTRUCTION MONITORING/COMPL,11,CONTRACT WAGE - SALARY,0,0,5415
CDBG,0J41,CDBG,54,PLANNING AND DEVELOPMENT,2566,CONSTRUCTION MONITORING/COMPL,15,SCHEDULE SALARY ADJUSTMENTS,8450,8450,8298
CDBG,0J41,CDBG,54,PLANNING AND DEVELOPMENT,2566,CONSTRUCTION MONITORING/COMPL,44,FRINGE BENEFITS,354406,354406,436302
CDBG,0J41,CDBG,54,PLANNING AND DEVELOPMENT,2566,CONSTRUCTION MONITORING/COMPL,130,POSTAGE,1150,1150,1150
CDBG,0J41,CDBG,54,PLANNING AND DEVELOPMENT,2566,CONSTRUCTION MONITORING/COMPL,140,PROFESSIONAL AND TECHNICAL SERVICES,57500,57500,57500
CDBG,0J41,CDBG,54,PLANNING AND DEVELOPMENT,2566,CONSTRUCTION MONITORING/COMPL,155,RENTAL OF PROPERTY,0,0,164757
CDBG,0J41,CDBG,54,PLANNING AND DEVELOPMENT,2566,CONSTRUCTION MONITORING/COMPL,157,RENTAL EQUIPMENT AND SERVICES,600,600,600
CDBG,0J41,CDBG,54,PLANNING AND DEVELOPMENT,2566,CONSTRUCTION MONITORING/COMPL,159,LEASE PURCHASE AGREEMNT,3865,3865,3865
CDBG,0J41,CDBG,54,PLANNING AND DEVELOPMENT,2566,CONSTRUCTION MONITORING/COMPL,169,TECHNICAL MEETING COSTS,1000,1000,1000
CDBG,0J41,CDBG,54,PLANNING AND DEVELOPMENT,2566,CONSTRUCTION MONITORING/COMPL,229,TRANSPORTATION AND EXPENSE ALLOWANCE,33000,33000,33000
CDBG,0J41,CDBG,54,PLANNING AND DEVELOPMENT,2566,CONSTRUCTION MONITORING/COMPL,245,REIMBURSEMENT TO TRAVELERS,250,250,0
CDBG,0J41,CDBG,54,PLANNING AND DEVELOPMENT,2566,CONSTRUCTION MONITORING/COMPL,270,LOCAL TRANSPORTATION,100,100,200
CDBG,0J41,CDBG,54,PLANNING AND DEVELOPMENT,2566,CONSTRUCTION MONITORING/COMPL,331,ELECTRICITY,17250,17250,0
CDBG,0J41,CDBG,54,PLANNING AND DEVELOPMENT,2566,CONSTRUCTION MONITORING/COMPL,340,MATERIAL AND SUPPLIES,17000,17000,17000
CDBG,0J41,CDBG,54,PLANNING AND DEVELOPMENT,2566,CONSTRUCTION MONITORING/COMPL,350,STATIONERY AND OFFICE SUPPLIES,6700,6700,6700
CDBG,0J41,CDBG,54,PLANNING AND DEVELOPMENT,2566,CONSTRUCTION MONITORING/COMPL,446,PURCHASE - DATA HARDWARE,0,0,9990
LOCAL,0100,CORPORATE FUND,55,POLICE BOARD,2005,POLICE BOARD,5,SALARIES AND WAGES - ON PAYROLL,158136,158136,158136
LOCAL,0100,CORPORATE FUND,55,POLICE BOARD,2005,POLICE BOARD,10,SALARIES AND WAGES - ON VOUCHER,60000,60000,60000
LOCAL,0100,CORPORATE FUND,55,POLICE BOARD,2005,POLICE BOARD,50,STIPENDS,111000,111000,111000
LOCAL,0100,CORPORATE FUND,55,POLICE BOARD,2005,POLICE BOARD,130,POSTAGE,300,300,300
LOCAL,0100,CORPORATE FUND,55,POLICE BOARD,2005,POLICE BOARD,140,PROFESSIONAL AND TECHNICAL SERVICES,1500,1500,1500
LOCAL,0100,CORPORATE FUND,55,POLICE BOARD,2005,POLICE BOARD,143,COURT REPORTING,95000,95000,90000
LOCAL,0100,CORPORATE FUND,55,POLICE BOARD,2005,POLICE BOARD,157,RENTAL EQUIPMENT AND SERVICES,4800,4800,4708
LOCAL,0100,CORPORATE FUND,55,POLICE BOARD,2005,POLICE BOARD,169,TECHNICAL MEETING COSTS,1024,1024,1024
LOCAL,0100,CORPORATE FUND,55,POLICE BOARD,2005,POLICE BOARD,181,MOBILE COMMUNICATION SERVICES,723,723,687
LOCAL,0100,CORPORATE FUND,55,POLICE BOARD,2005,POLICE BOARD,270,LOCAL TRANSPORTATION,500,500,500
LOCAL,0100,CORPORATE FUND,55,POLICE BOARD,2005,POLICE BOARD,348,BOOKS AND RELATED MATERIAL,100,100,100
LOCAL,0100,CORPORATE FUND,55,POLICE BOARD,2005,POLICE BOARD,350,STATIONERY AND OFFICE SUPPLIES,1000,1000,1000
LOCAL,0100,CORPORATE FUND,56,IPRA,2005,IPRA,5,SALARIES AND WAGES - ON PAYROLL,7718182,7718182,8000042
LOCAL,0100,CORPORATE FUND,56,IPRA,2005,IPRA,11,CONTRACT WAGE - SALARY,0,0,28967
LOCAL,0100,CORPORATE FUND,56,IPRA,2005,IPRA,15,SCHEDULE SALARY ADJUSTMENTS,60683,60683,52578
LOCAL,0100,CORPORATE FUND,56,IPRA,2005,IPRA,20,OVERTIME,195000,195000,100000
LOCAL,0100,CORPORATE FUND,56,IPRA,2005,IPRA,130,POSTAGE,14735,14735,12620
LOCAL,0100,CORPORATE FUND,56,IPRA,2005,IPRA,140,PROFESSIONAL AND TECHNICAL SERVICES,183950,183950,125190
LOCAL,0100,CORPORATE FUND,56,IPRA,2005,IPRA,149,SOFTWARE MAINTENANCE AND LICENSING,2800,2800,1100
LOCAL,0100,CORPORATE FUND,56,IPRA,2005,IPRA,150,PUBLICATN & REPRODT-OUT,0,0,4500
LOCAL,0100,CORPORATE FUND,56,IPRA,2005,IPRA,157,RENTAL EQUIPMENT AND SERVICES,22600,22600,0
LOCAL,0100,CORPORATE FUND,56,IPRA,2005,IPRA,159,LEASE PURCHASE AGREEMNT,0,0,23443
LOCAL,0100,CORPORATE FUND,56,IPRA,2005,IPRA,162,REPAIR/MAINT EQUIPMENT,10205,10205,20065
LOCAL,0100,CORPORATE FUND,56,IPRA,2005,IPRA,166,"DUES, SUBSC & MEM",740,740,1410
LOCAL,0100,CORPORATE FUND,56,IPRA,2005,IPRA,169,TECHNICAL MEETING COSTS,8850,8850,15850
LOCAL,0100,CORPORATE FUND,56,IPRA,2005,IPRA,181,MOBILE COMMUNICATION SERVICES,7800,7800,8645
LOCAL,0100,CORPORATE FUND,56,IPRA,2005,IPRA,190,TELEPHONE - NON-CENTREX BILLINGS,20400,20400,21200
LOCAL,0100,CORPORATE FUND,56,IPRA,2005,IPRA,197,TELEPHONE - MAINTENANCE,1100,1100,1100
LOCAL,0100,CORPORATE FUND,56,IPRA,2005,IPRA,245,REIMBURSEMENT TO TRAVELERS,3626,3626,4050
LOCAL,0100,CORPORATE FUND,56,IPRA,2005,IPRA,320,GASOLINE,420,420,250
LOCAL,0100,CORPORATE FUND,56,IPRA,2005,IPRA,340,MATERIAL AND SUPPLIES,4616,4616,3000
LOCAL,0100,CORPORATE FUND,56,IPRA,2005,IPRA,350,STATIONERY AND OFFICE SUPPLIES,37800,37800,28000
LOCAL,0100,CORPORATE FUND,57,DEPARTMENT OF POLICE,1005,DEPARTMENT OF POLICE,5,SALARIES AND WAGES - ON PAYROLL,1039259898,1039259898,1050913563
LOCAL,0100,CORPORATE FUND,57,DEPARTMENT OF POLICE,1005,DEPARTMENT OF POLICE,11,CONTRACT WAGE - SALARY,0,0,69156720
LOCAL,0100,CORPORATE FUND,57,DEPARTMENT OF POLICE,1005,DEPARTMENT OF POLICE,15,SCHEDULE SALARY ADJUSTMENTS,8080237,8080237,6341575
LOCAL,0100,CORPORATE FUND,57,DEPARTMENT OF POLICE,1005,DEPARTMENT OF POLICE,20,OVERTIME,71000000,71000000,71000000
LOCAL,0100,CORPORATE FUND,57,DEPARTMENT OF POLICE,1005,DEPARTMENT OF POLICE,21,SWORN/CIVILIAN HOLIDAY PREMIUM PAY,3500000,3500000,3500000
LOCAL,0100,CORPORATE FUND,57,DEPARTMENT OF POLICE,1005,DEPARTMENT OF POLICE,22,DUTY AVAILABILITY,36651650,36651650,38927717
LOCAL,0100,CORPORATE FUND,57,DEPARTMENT OF POLICE,1005,DEPARTMENT OF POLICE,24,COMPENSATORY TIME PAYMENT,14500000,14500000,14500000
LOCAL,0100,CORPORATE FUND,57,DEPARTMENT OF POLICE,1005,DEPARTMENT OF POLICE,25,CROSSING GUARDS - VACATION PAYOUT,1444000,1444000,1444000
LOCAL,0100,CORPORATE FUND,57,DEPARTMENT OF POLICE,1005,DEPARTMENT OF POLICE,27,SUPERVISORS QUARTERLY PAYMENT,8000000,8000000,8860520
LOCAL,0100,CORPORATE FUND,57,DEPARTMENT OF POLICE,1005,DEPARTMENT OF POLICE,32,REIMBURSABLE OVERTIME,6000000,6000000,6000000
LOCAL,0100,CORPORATE FUND,57,DEPARTMENT OF POLICE,1005,DEPARTMENT OF POLICE,60,SPECIALTY PAY,12500000,12500000,12500000
LOCAL,0100,CORPORATE FUND,57,DEPARTMENT OF POLICE,1005,DEPARTMENT OF POLICE,70,TUITION REIMBURSEMENT,6500000,6500000,6500000
LOCAL,0100,CORPORATE FUND,57,DEPARTMENT OF POLICE,1005,DEPARTMENT OF POLICE,88,FURLOUGH / COMP TIME BUY-BACK,12000000,12000000,12000000
LOCAL,0100,CORPORATE FUND,57,DEPARTMENT OF POLICE,1005,DEPARTMENT OF POLICE,91,UNIFORM ALLOWANCE,22050000,22050000,22050000
LOCAL,0100,CORPORATE FUND,57,DEPARTMENT OF POLICE,1005,DEPARTMENT OF POLICE,125,OFFICE AND BUILDING SERVICES,500,500,500
LOCAL,0100,CORPORATE FUND,57,DEPARTMENT OF POLICE,1005,DEPARTMENT OF POLICE,130,POSTAGE,207178,207178,207178
LOCAL,0100,CORPORATE FUND,57,DEPARTMENT OF POLICE,1005,DEPARTMENT OF POLICE,138,IT MAINTENANCE,1200,1200,1500
LOCAL,0100,CORPORATE FUND,57,DEPARTMENT OF POLICE,1005,DEPARTMENT OF POLICE,140,PROFESSIONAL AND TECHNICAL SERVICES,2895241,2895241,2922781
LOCAL,0100,CORPORATE FUND,57,DEPARTMENT OF POLICE,1005,DEPARTMENT OF POLICE,145,LEGAL EXPENSES,17000,17000,17000
LOCAL,0100,CORPORATE FUND,57,DEPARTMENT OF POLICE,1005,DEPARTMENT OF POLICE,148,TESTING AND INSPECTING,500,500,525
LOCAL,0100,CORPORATE FUND,57,DEPARTMENT OF POLICE,1005,DEPARTMENT OF POLICE,149,SOFTWARE MAINTENANCE AND LICENSING,7590,7590,16090
LOCAL,0100,CORPORATE FUND,57,DEPARTMENT OF POLICE,1005,DEPARTMENT OF POLICE,152,ADVERTISING,2400,2400,2400
LOCAL,0100,CORPORATE FUND,57,DEPARTMENT OF POLICE,1005,DEPARTMENT OF POLICE,154,RENTAL-DATA HARDWARE EQ,760357,760357,760357
LOCAL,0100,CORPORATE FUND,57,DEPARTMENT OF POLICE,1005,DEPARTMENT OF POLICE,157,RENTAL EQUIPMENT AND SERVICES,102818,102818,116666
LOCAL,0100,CORPORATE FUND,57,DEPARTMENT OF POLICE,1005,DEPARTMENT OF POLICE,161,MAINT FACILITIES,185000,185000,185000
LOCAL,0100,CORPORATE FUND,57,DEPARTMENT OF POLICE,1005,DEPARTMENT OF POLICE,162,REPAIR/MAINT EQUIPMENT,381397,381397,338375
LOCAL,0100,CORPORATE FUND,57,DEPARTMENT OF POLICE,1005,DEPARTMENT OF POLICE,166,"DUES, SUBSC & MEM",47298,47298,58118
LOCAL,0100,CORPORATE FUND,57,DEPARTMENT OF POLICE,1005,DEPARTMENT OF POLICE,169,TECHNICAL MEETING COSTS,135130,135130,135130
LOCAL,0100,CORPORATE FUND,57,DEPARTMENT OF POLICE,1005,DEPARTMENT OF POLICE,176,MAINTENANCE AND OPERATION - VEHICLES,3000,3000,3000
LOCAL,0100,CORPORATE FUND,57,DEPARTMENT OF POLICE,1005,DEPARTMENT OF POLICE,178,FREIGHT AND EXPRESS CHARGES,12000,12000,9000
LOCAL,0100,CORPORATE FUND,57,DEPARTMENT OF POLICE,1005,DEPARTMENT OF POLICE,185,WASTE DISPOSAL SERVICES,25710,25710,29200
LOCAL,0100,CORPORATE FUND,57,DEPARTMENT OF POLICE,1005,DEPARTMENT OF POLICE,189,TELEPHONE - NON-CENTREX BILLINGS,205150,205150,250900
LOCAL,0100,CORPORATE FUND,57,DEPARTMENT OF POLICE,1005,DEPARTMENT OF POLICE,190,TELEPHONE - NON-CENTREX BILLINGS,718600,718600,739500
LOCAL,0100,CORPORATE FUND,57,DEPARTMENT OF POLICE,1005,DEPARTMENT OF POLICE,196,DATA CIRCUITS,750000,750000,750000
LOCAL,0100,CORPORATE FUND,57,DEPARTMENT OF POLICE,1005,DEPARTMENT OF POLICE,197,TELEPHONE - MAINTENANCE,28630,28630,27630
LOCAL,0100,CORPORATE FUND,57,DEPARTMENT OF POLICE,1005,DEPARTMENT OF POLICE,245,REIMBURSEMENT TO TRAVELERS,310690,310690,308670
LOCAL,0100,CORPORATE FUND,57,DEPARTMENT OF POLICE,1005,DEPARTMENT OF POLICE,313,CLEANING AND SANITATION SUPPLIES,381,381,381
LOCAL,0100,CORPORATE FUND,57,DEPARTMENT OF POLICE,1005,DEPARTMENT OF POLICE,319,CLOTHING,5000,5000,5000
LOCAL,0100,CORPORATE FUND,57,DEPARTMENT OF POLICE,1005,DEPARTMENT OF POLICE,320,GASOLINE,85000,85000,85000
LOCAL,0100,CORPORATE FUND,57,DEPARTMENT OF POLICE,1005,DEPARTMENT OF POLICE,330,FOOD,195098,184098,191758
LOCAL,0100,CORPORATE FUND,57,DEPARTMENT OF POLICE,1005,DEPARTMENT OF POLICE,338,"LICENSE STICKER,TAG AND PLATES",750,750,750
LOCAL,0100,CORPORATE FUND,57,DEPARTMENT OF POLICE,1005,DEPARTMENT OF POLICE,340,MATERIAL AND SUPPLIES,2134328,2134328,2368923
LOCAL,0100,CORPORATE FUND,57,DEPARTMENT OF POLICE,1005,DEPARTMENT OF POLICE,342,"DRUGS, MEDICINE AND CHEMICAL MATERIALS",9966,20966,9966
LOCAL,0100,CORPORATE FUND,57,DEPARTMENT OF POLICE,1005,DEPARTMENT OF POLICE,345,APPARATUS AND INSTRUMENTS,19061,19061,19061
LOCAL,0100,CORPORATE FUND,57,DEPARTMENT OF POLICE,1005,DEPARTMENT OF POLICE,348,BOOKS AND RELATED MATERIAL,36817,36817,25451
CDBG,0J41,CDBG,57,DEPARTMENT OF POLICE,2505,COMMUNITY POLICING,9651,REIMB - INDIRECT COSTS,307675,307675,0
LOCAL,0100,CORPORATE FUND,57,DEPARTMENT OF POLICE,1005,DEPARTMENT OF POLICE,350,STATIONERY AND OFFICE SUPPLIES,625674,625674,625323
LOCAL,0100,CORPORATE FUND,57,DEPARTMENT OF POLICE,1005,DEPARTMENT OF POLICE,360,REPAIR PARTS AND MATERIAL,305849,305849,305849
LOCAL,0100,CORPORATE FUND,57,DEPARTMENT OF POLICE,1005,DEPARTMENT OF POLICE,430,LIVESTOCK,36250,36250,36250
LOCAL,0100,CORPORATE FUND,57,DEPARTMENT OF POLICE,1005,DEPARTMENT OF POLICE,931,TORT/NON-TORT JUDGMENT,19844350,19844350,19844350
LOCAL,0100,CORPORATE FUND,57,DEPARTMENT OF POLICE,1005,DEPARTMENT OF POLICE,937,HOSPITAL//MEDICAL - NOT WORKERS' COMP,19000000,19000000,19000000
LOCAL,0100,CORPORATE FUND,57,DEPARTMENT OF POLICE,1005,DEPARTMENT OF POLICE,9067,PHYSICAL EXAMS,1096113,1096113,1096113
LOCAL,0610,MIDWAY AIRPORT FUND,57,DEPARTMENT OF POLICE,1005,DEPARTMENT OF POLICE,5,SALARIES AND WAGES - ON PAYROLL,3806370,3806370,4059738
LOCAL,0610,MIDWAY AIRPORT FUND,57,DEPARTMENT OF POLICE,1005,DEPARTMENT OF POLICE,11,CONTRACT WAGE - SALARY,0,0,267493
LOCAL,0610,MIDWAY AIRPORT FUND,57,DEPARTMENT OF POLICE,1005,DEPARTMENT OF POLICE,15,SCHEDULE SALARY ADJUSTMENTS,3679,3679,13596
LOCAL,0610,MIDWAY AIRPORT FUND,57,DEPARTMENT OF POLICE,1005,DEPARTMENT OF POLICE,20,OVERTIME,624000,624000,624000
LOCAL,0610,MIDWAY AIRPORT FUND,57,DEPARTMENT OF POLICE,1005,DEPARTMENT OF POLICE,21,SWORN/CIVILIAN HOLIDAY PREMIUM PAY,30000,30000,30000
LOCAL,0610,MIDWAY AIRPORT FUND,57,DEPARTMENT OF POLICE,1005,DEPARTMENT OF POLICE,22,DUTY AVAILABILITY,168500,168500,127452
LOCAL,0610,MIDWAY AIRPORT FUND,57,DEPARTMENT OF POLICE,1005,DEPARTMENT OF POLICE,24,COMPENSATORY TIME PAYMENT,500000,500000,500000
LOCAL,0610,MIDWAY AIRPORT FUND,57,DEPARTMENT OF POLICE,1005,DEPARTMENT OF POLICE,27,SUPERVISORS QUARTERLY PAYMENT,44000,44000,53881
LOCAL,0610,MIDWAY AIRPORT FUND,57,DEPARTMENT OF POLICE,1005,DEPARTMENT OF POLICE,60,SPECIALTY PAY,100000,100000,100000
LOCAL,0610,MIDWAY AIRPORT FUND,57,DEPARTMENT OF POLICE,1005,DEPARTMENT OF POLICE,70,TUITION REIMBURSEMENT,10000,10000,25000
LOCAL,0610,MIDWAY AIRPORT FUND,57,DEPARTMENT OF POLICE,1005,DEPARTMENT OF POLICE,88,FURLOUGH / COMP TIME BUY-BACK,58000,58000,75000
LOCAL,0610,MIDWAY AIRPORT FUND,57,DEPARTMENT OF POLICE,1005,DEPARTMENT OF POLICE,91,UNIFORM ALLOWANCE,99000,99000,94000
LOCAL,0610,MIDWAY AIRPORT FUND,57,DEPARTMENT OF POLICE,1005,DEPARTMENT OF POLICE,937,HOSPITAL//MEDICAL - NOT WORKERS' COMP,65000,65000,65000
LOCAL,0740,O'HARE REVENUE FUND,57,DEPARTMENT OF POLICE,1005,DEPARTMENT OF POLICE,5,SALARIES AND WAGES - ON PAYROLL,12353807,12353807,13184099
LOCAL,0740,O'HARE REVENUE FUND,57,DEPARTMENT OF POLICE,1005,DEPARTMENT OF POLICE,11,CONTRACT WAGE - SALARY,0,0,990664
LOCAL,0740,O'HARE REVENUE FUND,57,DEPARTMENT OF POLICE,1005,DEPARTMENT OF POLICE,15,SCHEDULE SALARY ADJUSTMENTS,18594,18594,22318
LOCAL,0740,O'HARE REVENUE FUND,57,DEPARTMENT OF POLICE,1005,DEPARTMENT OF POLICE,20,OVERTIME,1975000,1975000,2000000
LOCAL,0740,O'HARE REVENUE FUND,57,DEPARTMENT OF POLICE,1005,DEPARTMENT OF POLICE,21,SWORN/CIVILIAN HOLIDAY PREMIUM PAY,45000,45000,45000
LOCAL,0740,O'HARE REVENUE FUND,57,DEPARTMENT OF POLICE,1005,DEPARTMENT OF POLICE,22,DUTY AVAILABILITY,431480,431480,398288
LOCAL,0740,O'HARE REVENUE FUND,57,DEPARTMENT OF POLICE,1005,DEPARTMENT OF POLICE,24,COMPENSATORY TIME PAYMENT,242000,242000,450000
LOCAL,0740,O'HARE REVENUE FUND,57,DEPARTMENT OF POLICE,1005,DEPARTMENT OF POLICE,27,SUPERVISORS QUARTERLY PAYMENT,64000,64000,53060
LOCAL,0740,O'HARE REVENUE FUND,57,DEPARTMENT OF POLICE,1005,DEPARTMENT OF POLICE,60,SPECIALTY PAY,185000,185000,185000
LOCAL,0740,O'HARE REVENUE FUND,57,DEPARTMENT OF POLICE,1005,DEPARTMENT OF POLICE,70,TUITION REIMBURSEMENT,25000,25000,50000
LOCAL,0740,O'HARE REVENUE FUND,57,DEPARTMENT OF POLICE,1005,DEPARTMENT OF POLICE,88,FURLOUGH / COMP TIME BUY-BACK,154000,154000,154000
LOCAL,0740,O'HARE REVENUE FUND,57,DEPARTMENT OF POLICE,1005,DEPARTMENT OF POLICE,91,UNIFORM ALLOWANCE,241200,241200,280000
LOCAL,0740,O'HARE REVENUE FUND,57,DEPARTMENT OF POLICE,1005,DEPARTMENT OF POLICE,340,MATERIAL AND SUPPLIES,0,0,12888
LOCAL,0740,O'HARE REVENUE FUND,57,DEPARTMENT OF POLICE,1005,DEPARTMENT OF POLICE,937,HOSPITAL//MEDICAL - NOT WORKERS' COMP,67500,67500,67500
GRANTS,0094,DOMESTIC VIOLENCE-PRIVATE SUPPORT,57,DEPARTMENT OF POLICE,2835,BUILDING SAFE BLOCKS,340,MATERIAL AND SUPPLIES,161000,161000,0
GRANTS,0094,DOMESTIC VIOLENCE-PRIVATE SUPPORT,57,DEPARTMENT OF POLICE,2854,PUBLIC SAFETY,140,PROFESSIONAL AND TECHNICAL SERVICES,100000,100000,282000
GRANTS,0191,ASSET FORFEITURE - STATE,57,DEPARTMENT OF POLICE,2817,ASSET FORFEITURE - STATE,140,PROFESSIONAL AND TECHNICAL SERVICES,50000,50000,30000
GRANTS,0191,ASSET FORFEITURE - STATE,57,DEPARTMENT OF POLICE,2817,ASSET FORFEITURE - STATE,157,RENTAL EQUIPMENT AND SERVICES,763000,763000,1000000
GRANTS,0191,ASSET FORFEITURE - STATE,57,DEPARTMENT OF POLICE,2817,ASSET FORFEITURE - STATE,340,MATERIAL AND SUPPLIES,10000,10000,10000
GRANTS,0191,ASSET FORFEITURE - STATE,57,DEPARTMENT OF POLICE,2817,ASSET FORFEITURE - STATE,350,STATIONERY AND OFFICE SUPPLIES,30000,30000,30000
GRANTS,0191,ASSET FORFEITURE - STATE,57,DEPARTMENT OF POLICE,2817,ASSET FORFEITURE - STATE,445,TECHNICAL AND SCIENTIFIC EQUIPMENT,660000,660000,250000
GRANTS,0191,ASSET FORFEITURE - STATE,57,DEPARTMENT OF POLICE,2817,ASSET FORFEITURE - STATE,451,VEHICLES - POLICE AND FIRE,700000,700000,900000
GRANTS,0243,TRANSPORTATION SECURITY ADMIN AGRMT,57,DEPARTMENT OF POLICE,2862,TRANSPORTATION SEC-O'HARE,140,PROFESSIONAL AND TECHNICAL SERVICES,1750000,1750000,1750000
GRANTS,0243,TRANSPORTATION SECURITY ADMIN AGRMT,57,DEPARTMENT OF POLICE,2862,TRANSPORTATION SEC-O'HARE,9700,REIMBURSABLE TRANSFERS BETWEEN FUNDS,-1750000,-1750000,-1750000
GRANTS,0243,TRANSPORTATION SECURITY ADMIN AGRMT,57,DEPARTMENT OF POLICE,2863,TRANSPORTATION SEC-MIDWAY,140,PROFESSIONAL AND TECHNICAL SERVICES,537000,537000,537000
GRANTS,0243,TRANSPORTATION SECURITY ADMIN AGRMT,57,DEPARTMENT OF POLICE,2863,TRANSPORTATION SEC-MIDWAY,9700,REIMBURSABLE TRANSFERS BETWEEN FUNDS,-537000,-537000,-537000
GRANTS,0657,POLICE PROGRAM,57,DEPARTMENT OF POLICE,2816,ASSET FORFEITURE - FEDERAL,140,PROFESSIONAL AND TECHNICAL SERVICES,117000,117000,70000
GRANTS,0657,POLICE PROGRAM,57,DEPARTMENT OF POLICE,2816,ASSET FORFEITURE - FEDERAL,340,MATERIAL AND SUPPLIES,0,0,283000
GRANTS,0824,POLICE DEPT FEDERAL,57,DEPARTMENT OF POLICE,2844,VIOLENCE AGAINST WOMEN - DVP,6,SALARY PROVISION,103000,103000,103000
GRANTS,0B17,ASSET FORFEITURE - FEDERAL,57,DEPARTMENT OF POLICE,2816,ASSET FORFEITURE - FEDERAL,140,PROFESSIONAL AND TECHNICAL SERVICES,2046000,2046000,1969292
GRANTS,0B17,ASSET FORFEITURE - FEDERAL,57,DEPARTMENT OF POLICE,2816,ASSET FORFEITURE - FEDERAL,157,RENTAL EQUIPMENT AND SERVICES,40000,40000,40000
GRANTS,0B17,ASSET FORFEITURE - FEDERAL,57,DEPARTMENT OF POLICE,2816,ASSET FORFEITURE - FEDERAL,162,REPAIR/MAINT EQUIPMENT,0,0,36800
GRANTS,0B17,ASSET FORFEITURE - FEDERAL,57,DEPARTMENT OF POLICE,2816,ASSET FORFEITURE - FEDERAL,176,MAINTENANCE AND OPERATION - VEHICLES,500000,500000,1182205
GRANTS,0B17,ASSET FORFEITURE - FEDERAL,57,DEPARTMENT OF POLICE,2816,ASSET FORFEITURE - FEDERAL,245,REIMBURSEMENT TO TRAVELERS,50000,50000,50000
GRANTS,0B17,ASSET FORFEITURE - FEDERAL,57,DEPARTMENT OF POLICE,2816,ASSET FORFEITURE - FEDERAL,340,MATERIAL AND SUPPLIES,156000,156000,1560703
GRANTS,0J07,LOCAL ALCOHOL PROGRAM,57,DEPARTMENT OF POLICE,2995,LOCAL ALCOHOL PROGRAM,6,SALARY PROVISION,20000,20000,0
GRANTS,0J07,LOCAL ALCOHOL PROGRAM,57,DEPARTMENT OF POLICE,2995,LOCAL ALCOHOL PROGRAM,20,OVERTIME,493000,493000,0
GRANTS,0J07,LOCAL ALCOHOL PROGRAM,57,DEPARTMENT OF POLICE,2995,LOCAL ALCOHOL PROGRAM,140,PROFESSIONAL AND TECHNICAL SERVICES,494000,494000,0
GRANTS,0J08,VIOLENCE AGAINST WOMEN - PROTOCOL,57,DEPARTMENT OF POLICE,2844,VIOLENCE AGAINST WOMEN - DVP,5,SALARIES AND WAGES - ON PAYROLL,151659,151659,0
GRANTS,0J08,VIOLENCE AGAINST WOMEN - PROTOCOL,57,DEPARTMENT OF POLICE,2844,VIOLENCE AGAINST WOMEN - DVP,44,FRINGE BENEFITS,55341,55341,0
GRANTS,0J09,SUBSTANCE ABUSE AND AIDS PREV. - DEAF,57,DEPARTMENT OF POLICE,2882,NAT. EXPLOSIVES DETECT. CANINE,6,SALARY PROVISION,0,0,0
GRANTS,0J11,BULLETPROOF VESTS PARTNERSHIP - BJA,57,DEPARTMENT OF POLICE,2808,BULLETPROOF VESTS,340,MATERIAL AND SUPPLIES,29000,29000,0
GRANTS,0J12,IDOT SUSTAINED TRAFFIC ENFORCEMENT PGM,57,DEPARTMENT OF POLICE,2968,IDOT SUSTAINED TRAFFIC ENFORCE,6,SALARY PROVISION,8000,8000,0
GRANTS,0J12,IDOT SUSTAINED TRAFFIC ENFORCEMENT PGM,57,DEPARTMENT OF POLICE,2968,IDOT SUSTAINED TRAFFIC ENFORCE,20,OVERTIME,332000,332000,0
GRANTS,0J13,JUVENILE BLOCK GRANT,57,DEPARTMENT OF POLICE,2948,JUVENILE BLOCK GRANT,5,SALARIES AND WAGES - ON PAYROLL,68237,68237,0
GRANTS,0J13,JUVENILE BLOCK GRANT,57,DEPARTMENT OF POLICE,2948,JUVENILE BLOCK GRANT,6,SALARY PROVISION,0,0,48000
GRANTS,0J13,JUVENILE BLOCK GRANT,57,DEPARTMENT OF POLICE,2948,JUVENILE BLOCK GRANT,44,FRINGE BENEFITS,25423,25423,0
GRANTS,0J13,JUVENILE BLOCK GRANT,57,DEPARTMENT OF POLICE,2948,JUVENILE BLOCK GRANT,135,DELEGATE AGENCIES,90823,90823,67823
GRANTS,0J13,JUVENILE BLOCK GRANT,57,DEPARTMENT OF POLICE,2948,JUVENILE BLOCK GRANT,340,MATERIAL AND SUPPLIES,5517,5517,4177
GRANTS,0J14,EDWARD BYRNE MEMORIAL JUSTICE ASSISTANCE,57,DEPARTMENT OF POLICE,2996,EDWARD BYRNE MEMORIAL JAG,5,SALARIES AND WAGES - ON PAYROLL,0,0,0
GRANTS,0J14,EDWARD BYRNE MEMORIAL JUSTICE ASSISTANCE,57,DEPARTMENT OF POLICE,2996,EDWARD BYRNE MEMORIAL JAG,11,CONTRACT WAGE - SALARY,0,0,0
GRANTS,0J14,EDWARD BYRNE MEMORIAL JUSTICE ASSISTANCE,57,DEPARTMENT OF POLICE,2996,EDWARD BYRNE MEMORIAL JAG,44,FRINGE BENEFITS,0,0,0
GRANTS,0J14,EDWARD BYRNE MEMORIAL JUSTICE ASSISTANCE,57,DEPARTMENT OF POLICE,2996,EDWARD BYRNE MEMORIAL JAG,140,PROFESSIONAL AND TECHNICAL SERVICES,0,0,0
GRANTS,0J16,INJURY PREVENTION,57,DEPARTMENT OF POLICE,2987,INJURY PREVENTION,20,OVERTIME,137000,137000,0
GRANTS,0K55,COPS HIRING 2013,57,DEPARTMENT OF POLICE,2997,COPS HIRING PROGRAM,5,SALARIES AND WAGES - ON PAYROLL,1875000,1875000,614232
GRANTS,0K55,COPS HIRING 2013,57,DEPARTMENT OF POLICE,2997,COPS HIRING PROGRAM,6,SALARY PROVISION,0,0,29527
GRANTS,0K55,COPS HIRING 2013,57,DEPARTMENT OF POLICE,2997,COPS HIRING PROGRAM,11,CONTRACT WAGE - SALARY,0,0,53283
GRANTS,0K55,COPS HIRING 2013,57,DEPARTMENT OF POLICE,2997,COPS HIRING PROGRAM,15,SCHEDULE SALARY ADJUSTMENTS,0,0,211899
GRANTS,0K55,COPS HIRING 2013,57,DEPARTMENT OF POLICE,2997,COPS HIRING PROGRAM,44,FRINGE BENEFITS,0,0,236059
GRANTS,0K55,COPS HIRING 2013,57,DEPARTMENT OF POLICE,2997,COPS HIRING PROGRAM,140,PROFESSIONAL AND TECHNICAL SERVICES,0,0,0
GRANTS,0K57,BULLETPROOF VESTS PARTNERSHIP - BJA,57,DEPARTMENT OF POLICE,2808,BULLETPROOF VESTS,340,MATERIAL AND SUPPLIES,0,0,200000
GRANTS,0K58,VIOLENCE AGAINST WOMEN - PROTOCOL,57,DEPARTMENT OF POLICE,2844,VIOLENCE AGAINST WOMEN - DVP,5,SALARIES AND WAGES - ON PAYROLL,0,0,149132
GRANTS,0K58,VIOLENCE AGAINST WOMEN - PROTOCOL,57,DEPARTMENT OF POLICE,2844,VIOLENCE AGAINST WOMEN - DVP,6,SALARY PROVISION,0,0,0
GRANTS,0K58,VIOLENCE AGAINST WOMEN - PROTOCOL,57,DEPARTMENT OF POLICE,2844,VIOLENCE AGAINST WOMEN - DVP,11,CONTRACT WAGE - SALARY,0,0,333
GRANTS,0K58,VIOLENCE AGAINST WOMEN - PROTOCOL,57,DEPARTMENT OF POLICE,2844,VIOLENCE AGAINST WOMEN - DVP,15,SCHEDULE SALARY ADJUSTMENTS,0,0,886
GRANTS,0K58,VIOLENCE AGAINST WOMEN - PROTOCOL,57,DEPARTMENT OF POLICE,2844,VIOLENCE AGAINST WOMEN - DVP,44,FRINGE BENEFITS,0,0,56649
GRANTS,0K59,TRANSIT SECURITY,57,DEPARTMENT OF POLICE,2921,TRANSIT SECURITY,5,SALARIES AND WAGES - ON PAYROLL,0,0,1795418
GRANTS,0K59,TRANSIT SECURITY,57,DEPARTMENT OF POLICE,2921,TRANSIT SECURITY,6,SALARY PROVISION,0,0,3081660
GRANTS,0K59,TRANSIT SECURITY,57,DEPARTMENT OF POLICE,2921,TRANSIT SECURITY,11,CONTRACT WAGE - SALARY,0,0,140065
GRANTS,0K59,TRANSIT SECURITY,57,DEPARTMENT OF POLICE,2921,TRANSIT SECURITY,15,SCHEDULE SALARY ADJUSTMENTS,0,0,4506
GRANTS,0K59,TRANSIT SECURITY,57,DEPARTMENT OF POLICE,2921,TRANSIT SECURITY,44,FRINGE BENEFITS,0,0,693868
GRANTS,0K59,TRANSIT SECURITY,57,DEPARTMENT OF POLICE,2921,TRANSIT SECURITY,140,PROFESSIONAL AND TECHNICAL SERVICES,0,0,136483
GRANTS,0K59,TRANSIT SECURITY,57,DEPARTMENT OF POLICE,2921,TRANSIT SECURITY,245,REIMBURSEMENT TO TRAVELERS,0,0,40000
GRANTS,0K59,TRANSIT SECURITY,57,DEPARTMENT OF POLICE,2921,TRANSIT SECURITY,340,MATERIAL AND SUPPLIES,0,0,3000
GRANTS,0K59,TRANSIT SECURITY,57,DEPARTMENT OF POLICE,2921,TRANSIT SECURITY,445,TECHNICAL AND SCIENTIFIC EQUIPMENT,0,0,104000
GRANTS,0K60,JUVENILE BLOCK GRANT,57,DEPARTMENT OF POLICE,2948,JUVENILE BLOCK GRANT,5,SALARIES AND WAGES - ON PAYROLL,0,0,66394
GRANTS,0K60,JUVENILE BLOCK GRANT,57,DEPARTMENT OF POLICE,2948,JUVENILE BLOCK GRANT,6,SALARY PROVISION,0,0,0
GRANTS,0K60,JUVENILE BLOCK GRANT,57,DEPARTMENT OF POLICE,2948,JUVENILE BLOCK GRANT,11,CONTRACT WAGE - SALARY,0,0,349
GRANTS,0K60,JUVENILE BLOCK GRANT,57,DEPARTMENT OF POLICE,2948,JUVENILE BLOCK GRANT,15,SCHEDULE SALARY ADJUSTMENTS,0,0,1876
GRANTS,0K60,JUVENILE BLOCK GRANT,57,DEPARTMENT OF POLICE,2948,JUVENILE BLOCK GRANT,44,FRINGE BENEFITS,0,0,25516
GRANTS,0K60,JUVENILE BLOCK GRANT,57,DEPARTMENT OF POLICE,2948,JUVENILE BLOCK GRANT,135,DELEGATE AGENCIES,0,0,12910
GRANTS,0K60,JUVENILE BLOCK GRANT,57,DEPARTMENT OF POLICE,2948,JUVENILE BLOCK GRANT,140,PROFESSIONAL AND TECHNICAL SERVICES,0,0,72955
GRANTS,0K60,JUVENILE BLOCK GRANT,57,DEPARTMENT OF POLICE,2948,JUVENILE BLOCK GRANT,340,MATERIAL AND SUPPLIES,0,0,10000
GRANTS,0K61,IDOT SUSTAINED TRAFFIC ENFORCEMENT PGM,57,DEPARTMENT OF POLICE,2968,IDOT SUSTAINED TRAFFIC ENFORCE,6,SALARY PROVISION,0,0,18000
GRANTS,0K61,IDOT SUSTAINED TRAFFIC ENFORCEMENT PGM,57,DEPARTMENT OF POLICE,2968,IDOT SUSTAINED TRAFFIC ENFORCE,20,OVERTIME,0,0,315000
GRANTS,0K61,IDOT SUSTAINED TRAFFIC ENFORCEMENT PGM,57,DEPARTMENT OF POLICE,2968,IDOT SUSTAINED TRAFFIC ENFORCE,176,MAINTENANCE AND OPERATION - VEHICLES,0,0,9000
GRANTS,0K62,COPS HIRING PROGRAM,57,DEPARTMENT OF POLICE,2983,COPS HIRING PROGRAM,5,SALARIES AND WAGES - ON PAYROLL,0,0,969840
GRANTS,0K62,COPS HIRING PROGRAM,57,DEPARTMENT OF POLICE,2983,COPS HIRING PROGRAM,6,SALARY PROVISION,0,0,1672923
GRANTS,0K62,COPS HIRING PROGRAM,57,DEPARTMENT OF POLICE,2983,COPS HIRING PROGRAM,11,CONTRACT WAGE - SALARY,0,0,88805
GRANTS,0K62,COPS HIRING PROGRAM,57,DEPARTMENT OF POLICE,2983,COPS HIRING PROGRAM,44,FRINGE BENEFITS,0,0,393432
GRANTS,0K63,INJURY PREVENTION,57,DEPARTMENT OF POLICE,2987,INJURY PREVENTION,20,OVERTIME,0,0,134000
GRANTS,0K63,INJURY PREVENTION,57,DEPARTMENT OF POLICE,2987,INJURY PREVENTION,245,REIMBURSEMENT TO TRAVELERS,0,0,3000
GRANTS,0K64,LOCAL ALCOHOL PROGRAM,57,DEPARTMENT OF POLICE,2995,LOCAL ALCOHOL PROGRAM,6,SALARY PROVISION,0,0,20000
GRANTS,0K64,LOCAL ALCOHOL PROGRAM,57,DEPARTMENT OF POLICE,2995,LOCAL ALCOHOL PROGRAM,20,OVERTIME,0,0,480000
GRANTS,0K64,LOCAL ALCOHOL PROGRAM,57,DEPARTMENT OF POLICE,2995,LOCAL ALCOHOL PROGRAM,176,MAINTENANCE AND OPERATION - VEHICLES,0,0,22000
GRANTS,0K64,LOCAL ALCOHOL PROGRAM,57,DEPARTMENT OF POLICE,2995,LOCAL ALCOHOL PROGRAM,245,REIMBURSEMENT TO TRAVELERS,0,0,3000
GRANTS,0K65,EDWARD BYRNE MEMORIAL JAG,57,DEPARTMENT OF POLICE,2996,EDWARD BYRNE MEMORIAL JAG,6,SALARY PROVISION,0,0,120000
GRANTS,0K65,EDWARD BYRNE MEMORIAL JAG,57,DEPARTMENT OF POLICE,2996,EDWARD BYRNE MEMORIAL JAG,140,PROFESSIONAL AND TECHNICAL SERVICES,0,0,5837000
GRANTS,0K65,EDWARD BYRNE MEMORIAL JAG,57,DEPARTMENT OF POLICE,2996,EDWARD BYRNE MEMORIAL JAG,245,REIMBURSEMENT TO TRAVELERS,0,0,2000
GRANTS,0K65,EDWARD BYRNE MEMORIAL JAG,57,DEPARTMENT OF POLICE,2996,EDWARD BYRNE MEMORIAL JAG,340,MATERIAL AND SUPPLIES,0,0,3000
GRANTS,0K65,EDWARD BYRNE MEMORIAL JAG,57,DEPARTMENT OF POLICE,2996,EDWARD BYRNE MEMORIAL JAG,450,VEHICLES,0,0,1609000
GRANTS,0K66,CHICAGO JUVENILE JUSTICE COUNCIL,57,DEPARTMENT OF POLICE,2998,CHICAGO JUVENILE JUSTICE CNCL,5,SALARIES AND WAGES - ON PAYROLL,0,0,42919
GRANTS,0K66,CHICAGO JUVENILE JUSTICE COUNCIL,57,DEPARTMENT OF POLICE,2998,CHICAGO JUVENILE JUSTICE CNCL,6,SALARY PROVISION,0,0,4774
GRANTS,0K66,CHICAGO JUVENILE JUSTICE COUNCIL,57,DEPARTMENT OF POLICE,2998,CHICAGO JUVENILE JUSTICE CNCL,11,CONTRACT WAGE - SALARY,0,0,238
GRANTS,0K66,CHICAGO JUVENILE JUSTICE COUNCIL,57,DEPARTMENT OF POLICE,2998,CHICAGO JUVENILE JUSTICE CNCL,15,SCHEDULE SALARY ADJUSTMENTS,0,0,1104
GRANTS,0K66,CHICAGO JUVENILE JUSTICE COUNCIL,57,DEPARTMENT OF POLICE,2998,CHICAGO JUVENILE JUSTICE CNCL,44,FRINGE BENEFITS,0,0,17411
GRANTS,0K66,CHICAGO JUVENILE JUSTICE COUNCIL,57,DEPARTMENT OF POLICE,2998,CHICAGO JUVENILE JUSTICE CNCL,140,PROFESSIONAL AND TECHNICAL SERVICES,40000,40000,60554
GRANTS,0K66,CHICAGO JUVENILE JUSTICE COUNCIL,57,DEPARTMENT OF POLICE,2998,CHICAGO JUVENILE JUSTICE CNCL,181,MOBILE COMMUNICATION SERVICES,0,0,700
GRANTS,0K66,CHICAGO JUVENILE JUSTICE COUNCIL,57,DEPARTMENT OF POLICE,2998,CHICAGO JUVENILE JUSTICE CNCL,245,REIMBURSEMENT TO TRAVELERS,0,0,1000
GRANTS,0K66,CHICAGO JUVENILE JUSTICE COUNCIL,57,DEPARTMENT OF POLICE,2998,CHICAGO JUVENILE JUSTICE CNCL,340,MATERIAL AND SUPPLIES,0,0,1300
GRANTS,0K67,ALTGELD-RIVERSIDE COMMUNITY PARTNERSHIP,57,DEPARTMENT OF POLICE,2973,ALTGELD-RIVERSIDE COMMUNITY,20,OVERTIME,0,0,24000
GRANTS,0K67,ALTGELD-RIVERSIDE COMMUNITY PARTNERSHIP,57,DEPARTMENT OF POLICE,2973,ALTGELD-RIVERSIDE COMMUNITY,140,PROFESSIONAL AND TECHNICAL SERVICES,35000,35000,2500
GRANTS,0K67,ALTGELD-RIVERSIDE COMMUNITY PARTNERSHIP,57,DEPARTMENT OF POLICE,2973,ALTGELD-RIVERSIDE COMMUNITY,330,FOOD,0,0,7000
GRANTS,0K67,ALTGELD-RIVERSIDE COMMUNITY PARTNERSHIP,57,DEPARTMENT OF POLICE,2973,ALTGELD-RIVERSIDE COMMUNITY,340,MATERIAL AND SUPPLIES,0,0,1500
GRANTS,0K76,GET BEHIND THE VEST,57,DEPARTMENT OF POLICE,2999,GET BEHIND THE VEST,340,MATERIAL AND SUPPLIES,1000000,1000000,1000000
GRANTS,0K83,PAUL COVERDELL FORENSIC SCIENCE IMPRVMT,57,DEPARTMENT OF POLICE,,COVERDELL FORENSIC SCIENCE,140,PROFESSIONAL AND TECHNICAL SERVICES,161000,161000,0
GRANTS,0P04,HOMELAND SECURITY,57,DEPARTMENT OF POLICE,2882,NAT. EXPLOSIVES DETECT. CANINE,6,SALARY PROVISION,758000,758000,758000
GRANTS,0P04,HOMELAND SECURITY,57,DEPARTMENT OF POLICE,2921,TRANSIT SECURITY,5,SALARIES AND WAGES - ON PAYROLL,1007580,1007580,0
GRANTS,0P04,HOMELAND SECURITY,57,DEPARTMENT OF POLICE,2921,TRANSIT SECURITY,6,SALARY PROVISION,0,0,444000
GRANTS,0P04,HOMELAND SECURITY,57,DEPARTMENT OF POLICE,2921,TRANSIT SECURITY,11,CONTRACT WAGE - SALARY,0,0,0
GRANTS,0P04,HOMELAND SECURITY,57,DEPARTMENT OF POLICE,2921,TRANSIT SECURITY,15,SCHEDULE SALARY ADJUSTMENTS,4756,4756,0
GRANTS,0P04,HOMELAND SECURITY,57,DEPARTMENT OF POLICE,2921,TRANSIT SECURITY,44,FRINGE BENEFITS,375386,375386,0
GRANTS,0P04,HOMELAND SECURITY,57,DEPARTMENT OF POLICE,2921,TRANSIT SECURITY,140,PROFESSIONAL AND TECHNICAL SERVICES,415278,415278,0
GRANTS,0P04,HOMELAND SECURITY,57,DEPARTMENT OF POLICE,2921,TRANSIT SECURITY,245,REIMBURSEMENT TO TRAVELERS,14000,14000,0
GRANTS,0P04,HOMELAND SECURITY,57,DEPARTMENT OF POLICE,2921,TRANSIT SECURITY,330,FOOD,3000,3000,0
GRANTS,0P04,HOMELAND SECURITY,57,DEPARTMENT OF POLICE,2921,TRANSIT SECURITY,445,TECHNICAL AND SCIENTIFIC EQUIPMENT,613000,613000,0
GRANTS,0P19,US DEPT OF JUSTICE,57,DEPARTMENT OF POLICE,2902,FY2007 COPS METH INITIATIVE,445,TECHNICAL AND SCIENTIFIC EQUIPMENT,65000,65000,65000
GRANTS,0P19,US DEPT OF JUSTICE,57,DEPARTMENT OF POLICE,2910,SOLVING COLD CASES WITH DNA,20,OVERTIME,0,0,0
GRANTS,0P19,US DEPT OF JUSTICE,57,DEPARTMENT OF POLICE,2912,SAFE ROUTES TO SCHOOLS,150,PUBLICATN & REPRODT-OUT,0,0,12000
GRANTS,0P19,US DEPT OF JUSTICE,57,DEPARTMENT OF POLICE,2912,SAFE ROUTES TO SCHOOLS,152,ADVERTISING,10000,10000,10000
GRANTS,0P19,US DEPT OF JUSTICE,57,DEPARTMENT OF POLICE,2912,SAFE ROUTES TO SCHOOLS,169,TECHNICAL MEETING COSTS,0,0,3000
GRANTS,0P19,US DEPT OF JUSTICE,57,DEPARTMENT OF POLICE,2912,SAFE ROUTES TO SCHOOLS,245,REIMBURSEMENT TO TRAVELERS,13000,13000,0
GRANTS,0P19,US DEPT OF JUSTICE,57,DEPARTMENT OF POLICE,2912,SAFE ROUTES TO SCHOOLS,340,MATERIAL AND SUPPLIES,63000,63000,112000
GRANTS,0P19,US DEPT OF JUSTICE,57,DEPARTMENT OF POLICE,2912,SAFE ROUTES TO SCHOOLS,423,COMMUNICATION DEVICES,5000,5000,0
GRANTS,0P19,US DEPT OF JUSTICE,57,DEPARTMENT OF POLICE,2912,SAFE ROUTES TO SCHOOLS,445,TECHNICAL AND SCIENTIFIC EQUIPMENT,9000,9000,0
GRANTS,0P19,US DEPT OF JUSTICE,57,DEPARTMENT OF POLICE,2925,SECURE OUR SCHOOLS 2008,140,PROFESSIONAL AND TECHNICAL SERVICES,65000,65000,25000
GRANTS,0P19,US DEPT OF JUSTICE,57,DEPARTMENT OF POLICE,2935,JUSTICE AND MENTAL HEALTH,140,PROFESSIONAL AND TECHNICAL SERVICES,0,0,174000
GRANTS,0P19,US DEPT OF JUSTICE,57,DEPARTMENT OF POLICE,2935,JUSTICE AND MENTAL HEALTH,245,REIMBURSEMENT TO TRAVELERS,0,0,3800
GRANTS,0P19,US DEPT OF JUSTICE,57,DEPARTMENT OF POLICE,2935,JUSTICE AND MENTAL HEALTH,340,MATERIAL AND SUPPLIES,0,0,15000
GRANTS,0P19,US DEPT OF JUSTICE,57,DEPARTMENT OF POLICE,2935,JUSTICE AND MENTAL HEALTH,801,INDIRECT COSTS,0,0,5200
GRANTS,0P19,US DEPT OF JUSTICE,57,DEPARTMENT OF POLICE,2948,JUVENILE BLOCK GRANT,6,SALARY PROVISION,50000,50000,0
GRANTS,0P19,US DEPT OF JUSTICE,57,DEPARTMENT OF POLICE,2948,JUVENILE BLOCK GRANT,135,DELEGATE AGENCIES,50000,50000,0
GRANTS,0P19,US DEPT OF JUSTICE,57,DEPARTMENT OF POLICE,2953,PREDICTIVE POLICING,140,PROFESSIONAL AND TECHNICAL SERVICES,2500000,2500000,1000000
GRANTS,0P19,US DEPT OF JUSTICE,57,DEPARTMENT OF POLICE,2961,SOLVING COLD CASES WITH DNA,20,OVERTIME,85000,85000,86000
GRANTS,0P19,US DEPT OF JUSTICE,57,DEPARTMENT OF POLICE,2961,SOLVING COLD CASES WITH DNA,140,PROFESSIONAL AND TECHNICAL SERVICES,337000,337000,346000
GRANTS,0P19,US DEPT OF JUSTICE,57,DEPARTMENT OF POLICE,2961,SOLVING COLD CASES WITH DNA,178,FREIGHT AND EXPRESS CHARGES,0,0,5000
GRANTS,0P19,US DEPT OF JUSTICE,57,DEPARTMENT OF POLICE,2961,SOLVING COLD CASES WITH DNA,245,REIMBURSEMENT TO TRAVELERS,10000,10000,10000
GRANTS,0P19,US DEPT OF JUSTICE,57,DEPARTMENT OF POLICE,2961,SOLVING COLD CASES WITH DNA,350,STATIONERY AND OFFICE SUPPLIES,3000,3000,0
GRANTS,0P19,US DEPT OF JUSTICE,57,DEPARTMENT OF POLICE,2961,SOLVING COLD CASES WITH DNA,801,INDIRECT COSTS,45000,45000,43000
GRANTS,0P19,US DEPT OF JUSTICE,57,DEPARTMENT OF POLICE,2972,GANG RESISTANCE AND EDUCATION,20,OVERTIME,46000,46000,20000
GRANTS,0P19,US DEPT OF JUSTICE,57,DEPARTMENT OF POLICE,2972,GANG RESISTANCE AND EDUCATION,140,PROFESSIONAL AND TECHNICAL SERVICES,15000,15000,11000
GRANTS,0P19,US DEPT OF JUSTICE,57,DEPARTMENT OF POLICE,2972,GANG RESISTANCE AND EDUCATION,330,FOOD,4000,4000,4000
GRANTS,0P19,US DEPT OF JUSTICE,57,DEPARTMENT OF POLICE,2972,GANG RESISTANCE AND EDUCATION,340,MATERIAL AND SUPPLIES,5000,5000,5000
GRANTS,0P19,US DEPT OF JUSTICE,57,DEPARTMENT OF POLICE,2975,COPS SECURE OUR SCHOOLS,135,DELEGATE AGENCIES,498000,498000,175000
GRANTS,0P42,CPD JAG,57,DEPARTMENT OF POLICE,2946,BYRNE MEMORIAL JUSTICE ASSIST,135,DELEGATE AGENCIES,1000000,1000000,0
GRANTS,0P46,US DEPT OF HOMELAND SECURITY,57,DEPARTMENT OF POLICE,2934,TRANSIT SECURITY GRANT,5,SALARIES AND WAGES - ON PAYROLL,1943397,1943397,1855331
GRANTS,0P46,US DEPT OF HOMELAND SECURITY,57,DEPARTMENT OF POLICE,2934,TRANSIT SECURITY GRANT,6,SALARY PROVISION,743548,743548,0
GRANTS,0P46,US DEPT OF HOMELAND SECURITY,57,DEPARTMENT OF POLICE,2934,TRANSIT SECURITY GRANT,11,CONTRACT WAGE - SALARY,0,0,161132
GRANTS,0P46,US DEPT OF HOMELAND SECURITY,57,DEPARTMENT OF POLICE,2934,TRANSIT SECURITY GRANT,15,SCHEDULE SALARY ADJUSTMENTS,2258,2258,8067
GRANTS,0P46,US DEPT OF HOMELAND SECURITY,57,DEPARTMENT OF POLICE,2934,TRANSIT SECURITY GRANT,20,OVERTIME,338000,338000,297266
GRANTS,0P46,US DEPT OF HOMELAND SECURITY,57,DEPARTMENT OF POLICE,2934,TRANSIT SECURITY GRANT,44,FRINGE BENEFITS,725562,725562,713861
GRANTS,0P46,US DEPT OF HOMELAND SECURITY,57,DEPARTMENT OF POLICE,2934,TRANSIT SECURITY GRANT,140,PROFESSIONAL AND TECHNICAL SERVICES,367841,367841,143048
GRANTS,0P46,US DEPT OF HOMELAND SECURITY,57,DEPARTMENT OF POLICE,2934,TRANSIT SECURITY GRANT,330,FOOD,8000,8000,0
GRANTS,0P46,US DEPT OF HOMELAND SECURITY,57,DEPARTMENT OF POLICE,2934,TRANSIT SECURITY GRANT,340,MATERIAL AND SUPPLIES,4500,4500,4500
GRANTS,0P46,US DEPT OF HOMELAND SECURITY,57,DEPARTMENT OF POLICE,2934,TRANSIT SECURITY GRANT,423,COMMUNICATION DEVICES,47000,47000,47795
GRANTS,0P46,US DEPT OF HOMELAND SECURITY,57,DEPARTMENT OF POLICE,2934,TRANSIT SECURITY GRANT,430,LIVESTOCK,53000,53000,0
GRANTS,0P46,US DEPT OF HOMELAND SECURITY,57,DEPARTMENT OF POLICE,2934,TRANSIT SECURITY GRANT,445,TECHNICAL AND SCIENTIFIC EQUIPMENT,2297894,2297894,0
GRANTS,0P46,US DEPT OF HOMELAND SECURITY,57,DEPARTMENT OF POLICE,2976,TRANSIT SECURITY GRANT PROGRAM,5,SALARIES AND WAGES - ON PAYROLL,663046,663046,0
GRANTS,0P46,US DEPT OF HOMELAND SECURITY,57,DEPARTMENT OF POLICE,2976,TRANSIT SECURITY GRANT PROGRAM,6,SALARY PROVISION,2025167,2025167,0
GRANTS,0P46,US DEPT OF HOMELAND SECURITY,57,DEPARTMENT OF POLICE,2976,TRANSIT SECURITY GRANT PROGRAM,11,CONTRACT WAGE - SALARY,0,0,0
GRANTS,0P46,US DEPT OF HOMELAND SECURITY,57,DEPARTMENT OF POLICE,2976,TRANSIT SECURITY GRANT PROGRAM,15,SCHEDULE SALARY ADJUSTMENTS,226,226,0
GRANTS,0P46,US DEPT OF HOMELAND SECURITY,57,DEPARTMENT OF POLICE,2976,TRANSIT SECURITY GRANT PROGRAM,44,FRINGE BENEFITS,247026,247026,0
GRANTS,0P46,US DEPT OF HOMELAND SECURITY,57,DEPARTMENT OF POLICE,2976,TRANSIT SECURITY GRANT PROGRAM,245,REIMBURSEMENT TO TRAVELERS,176535,176535,0
GRANTS,0P46,US DEPT OF HOMELAND SECURITY,57,DEPARTMENT OF POLICE,2976,TRANSIT SECURITY GRANT PROGRAM,340,MATERIAL AND SUPPLIES,27600,27600,0
GRANTS,0P46,US DEPT OF HOMELAND SECURITY,57,DEPARTMENT OF POLICE,2976,TRANSIT SECURITY GRANT PROGRAM,423,COMMUNICATION DEVICES,36000,36000,0
GRANTS,0P46,US DEPT OF HOMELAND SECURITY,57,DEPARTMENT OF POLICE,2976,TRANSIT SECURITY GRANT PROGRAM,445,TECHNICAL AND SCIENTIFIC EQUIPMENT,204400,204400,0
GRANTS,0P46,US DEPT OF HOMELAND SECURITY,57,DEPARTMENT OF POLICE,2976,TRANSIT SECURITY GRANT PROGRAM,450,VEHICLES,116000,116000,0
GRANTS,0P46,US DEPT OF HOMELAND SECURITY,57,DEPARTMENT OF POLICE,2980,TRANSIT SECURITY,5,SALARIES AND WAGES - ON PAYROLL,634197,634197,969473
GRANTS,0P46,US DEPT OF HOMELAND SECURITY,57,DEPARTMENT OF POLICE,2980,TRANSIT SECURITY,6,SALARY PROVISION,5253584,5253584,3510304
GRANTS,0P46,US DEPT OF HOMELAND SECURITY,57,DEPARTMENT OF POLICE,2980,TRANSIT SECURITY,11,CONTRACT WAGE - SALARY,0,0,63940
GRANTS,0P46,US DEPT OF HOMELAND SECURITY,57,DEPARTMENT OF POLICE,2980,TRANSIT SECURITY,44,FRINGE BENEFITS,261219,261219,393283
GRANTS,0P46,US DEPT OF HOMELAND SECURITY,57,DEPARTMENT OF POLICE,2980,TRANSIT SECURITY,423,COMMUNICATION DEVICES,91000,91000,91000
GRANTS,0P46,US DEPT OF HOMELAND SECURITY,57,DEPARTMENT OF POLICE,2980,TRANSIT SECURITY,445,TECHNICAL AND SCIENTIFIC EQUIPMENT,73000,73000,73000
GRANTS,0P46,US DEPT OF HOMELAND SECURITY,57,DEPARTMENT OF POLICE,2980,TRANSIT SECURITY,446,PURCHASE - DATA HARDWARE,35000,35000,35000
GRANTS,0P46,US DEPT OF HOMELAND SECURITY,57,DEPARTMENT OF POLICE,2980,TRANSIT SECURITY,450,VEHICLES,324000,324000,324000
GRANTS,0P55,EDWARD BYRNE MEMORIAL JAG,57,DEPARTMENT OF POLICE,2978,BYRNE MEMORIAL JAG,135,DELEGATE AGENCIES,1200000,1200000,1200000
GRANTS,0P68,EDWARD BYRNE MEMORIAL JAG,57,DEPARTMENT OF POLICE,2985,EDWARD BYRNE MEMORIAL JAG,5,SALARIES AND WAGES - ON PAYROLL,0,0,91086
GRANTS,0P68,EDWARD BYRNE MEMORIAL JAG,57,DEPARTMENT OF POLICE,2985,EDWARD BYRNE MEMORIAL JAG,6,SALARY PROVISION,366000,366000,125315
GRANTS,0P68,EDWARD BYRNE MEMORIAL JAG,57,DEPARTMENT OF POLICE,2985,EDWARD BYRNE MEMORIAL JAG,11,CONTRACT WAGE - SALARY,0,0,479
GRANTS,0P68,EDWARD BYRNE MEMORIAL JAG,57,DEPARTMENT OF POLICE,2985,EDWARD BYRNE MEMORIAL JAG,44,FRINGE BENEFITS,0,0,35006
GRANTS,0P68,EDWARD BYRNE MEMORIAL JAG,57,DEPARTMENT OF POLICE,2985,EDWARD BYRNE MEMORIAL JAG,135,DELEGATE AGENCIES,1761585,1761585,2807000
GRANTS,0P68,EDWARD BYRNE MEMORIAL JAG,57,DEPARTMENT OF POLICE,2985,EDWARD BYRNE MEMORIAL JAG,140,PROFESSIONAL AND TECHNICAL SERVICES,3053000,3053000,102000
GRANTS,0P68,EDWARD BYRNE MEMORIAL JAG,57,DEPARTMENT OF POLICE,2985,EDWARD BYRNE MEMORIAL JAG,245,REIMBURSEMENT TO TRAVELERS,2000,2000,4500
GRANTS,0P68,EDWARD BYRNE MEMORIAL JAG,57,DEPARTMENT OF POLICE,2985,EDWARD BYRNE MEMORIAL JAG,340,MATERIAL AND SUPPLIES,63000,63000,18661
GRANTS,0P68,EDWARD BYRNE MEMORIAL JAG,57,DEPARTMENT OF POLICE,2985,EDWARD BYRNE MEMORIAL JAG,350,STATIONERY AND OFFICE SUPPLIES,0,0,32953
GRANTS,0P68,EDWARD BYRNE MEMORIAL JAG,57,DEPARTMENT OF POLICE,2985,EDWARD BYRNE MEMORIAL JAG,445,TECHNICAL AND SCIENTIFIC EQUIPMENT,50000,50000,50000
GRANTS,0P68,EDWARD BYRNE MEMORIAL JAG,57,DEPARTMENT OF POLICE,2985,EDWARD BYRNE MEMORIAL JAG,450,VEHICLES,3652415,3652415,1794000
GRANTS,0P68,EDWARD BYRNE MEMORIAL JAG,57,DEPARTMENT OF POLICE,2985,EDWARD BYRNE MEMORIAL JAG,801,INDIRECT COSTS,0,0,139000
GRANTS,0P84,COPS HIRING PROGRAM,57,DEPARTMENT OF POLICE,2983,COPS HIRING PROGRAM,5,SALARIES AND WAGES - ON PAYROLL,1072212,1072212,1614721
GRANTS,0P84,COPS HIRING PROGRAM,57,DEPARTMENT OF POLICE,2983,COPS HIRING PROGRAM,6,SALARY PROVISION,1301578,1301578,0
GRANTS,0P84,COPS HIRING PROGRAM,57,DEPARTMENT OF POLICE,2983,COPS HIRING PROGRAM,11,CONTRACT WAGE - SALARY,0,0,133662
GRANTS,0P84,COPS HIRING PROGRAM,57,DEPARTMENT OF POLICE,2983,COPS HIRING PROGRAM,15,SCHEDULE SALARY ADJUSTMENTS,291744,291744,19456
GRANTS,0P84,COPS HIRING PROGRAM,57,DEPARTMENT OF POLICE,2983,COPS HIRING PROGRAM,44,FRINGE BENEFITS,399466,399466,592161
CDBG,0J41,CDBG,57,DEPARTMENT OF POLICE,2505,COMMUNITY POLICING,5,SALARIES AND WAGES - ON PAYROLL,1419576,1419576,0
CDBG,0J41,CDBG,57,DEPARTMENT OF POLICE,2505,COMMUNITY POLICING,6,SALARY PROVISION,6684,6684,0
CDBG,0J41,CDBG,57,DEPARTMENT OF POLICE,2505,COMMUNITY POLICING,11,CONTRACT WAGE - SALARY,0,0,0
CDBG,0J41,CDBG,57,DEPARTMENT OF POLICE,2505,COMMUNITY POLICING,15,SCHEDULE SALARY ADJUSTMENTS,4936,4936,0
CDBG,0J41,CDBG,57,DEPARTMENT OF POLICE,2505,COMMUNITY POLICING,44,FRINGE BENEFITS,526237,526237,0
LOCAL,0100,CORPORATE FUND,58,OEMC,2705,OEMC,5,SALARIES AND WAGES - ON PAYROLL,53655039,53655039,54555091
LOCAL,0100,CORPORATE FUND,58,OEMC,2705,OEMC,11,CONTRACT WAGE - SALARY,33337,33337,22112
LOCAL,0100,CORPORATE FUND,58,OEMC,2705,OEMC,12,CONTRACT WAGE - PREVAILING RATE,121513,121513,116408
LOCAL,0100,CORPORATE FUND,58,OEMC,2705,OEMC,15,SCHEDULE SALARY ADJUSTMENTS,198206,198206,314421
LOCAL,0100,CORPORATE FUND,58,OEMC,2705,OEMC,20,OVERTIME,6000000,6000000,6050000
LOCAL,0100,CORPORATE FUND,58,OEMC,2705,OEMC,39,STUDENT AS TRAINEES,29170,29170,29000
LOCAL,0100,CORPORATE FUND,58,OEMC,2705,OEMC,91,UNIFORM ALLOWANCE,199450,199450,195800
LOCAL,0100,CORPORATE FUND,58,OEMC,2705,OEMC,130,POSTAGE,7138,7138,6326
LOCAL,0100,CORPORATE FUND,58,OEMC,2705,OEMC,138,IT MAINTENANCE,4135877,4135877,4275018
LOCAL,0100,CORPORATE FUND,58,OEMC,2705,OEMC,139,IT DEVELOPMENT,90000,90000,0
LOCAL,0100,CORPORATE FUND,58,OEMC,2705,OEMC,140,PROFESSIONAL AND TECHNICAL SERVICES,3192367,3192367,4398825
LOCAL,0100,CORPORATE FUND,58,OEMC,2705,OEMC,149,SOFTWARE MAINTENANCE AND LICENSING,1139000,1139000,389000
LOCAL,0100,CORPORATE FUND,58,OEMC,2705,OEMC,152,ADVERTISING,3200,3200,1200
LOCAL,0100,CORPORATE FUND,58,OEMC,2705,OEMC,153,PROMOTIONS,0,0,2500
LOCAL,0100,CORPORATE FUND,58,OEMC,2705,OEMC,154,RENTAL-DATA HARDWARE EQ,1309000,1309000,73376
LOCAL,0100,CORPORATE FUND,58,OEMC,2705,OEMC,157,RENTAL EQUIPMENT AND SERVICES,430300,430300,448988
LOCAL,0100,CORPORATE FUND,58,OEMC,2705,OEMC,162,REPAIR/MAINT EQUIPMENT,1156470,1156470,806250
LOCAL,0100,CORPORATE FUND,58,OEMC,2705,OEMC,166,"DUES, SUBSC & MEM",12979,12979,21192
LOCAL,0100,CORPORATE FUND,58,OEMC,2705,OEMC,169,TECHNICAL MEETING COSTS,3995,3995,399
LOCAL,0100,CORPORATE FUND,58,OEMC,2705,OEMC,178,FREIGHT AND EXPRESS CHARGES,6500,6500,5500
LOCAL,0100,CORPORATE FUND,58,OEMC,2705,OEMC,189,TELEPHONE - NON-CENTREX BILLINGS,3161000,3161000,3184469
LOCAL,0100,CORPORATE FUND,58,OEMC,2705,OEMC,196,DATA CIRCUITS,2100000,2100000,2100000
LOCAL,0100,CORPORATE FUND,58,OEMC,2705,OEMC,197,TELEPHONE - MAINTENANCE,376000,376000,376000
LOCAL,0100,CORPORATE FUND,58,OEMC,2705,OEMC,229,TRANSPORTATION AND EXPENSE ALLOWANCE,95200,95200,91125
LOCAL,0100,CORPORATE FUND,58,OEMC,2705,OEMC,245,REIMBURSEMENT TO TRAVELERS,6600,6600,4275
LOCAL,0100,CORPORATE FUND,58,OEMC,2705,OEMC,270,LOCAL TRANSPORTATION,4150,4150,3000
LOCAL,0100,CORPORATE FUND,58,OEMC,2705,OEMC,319,CLOTHING,154226,154226,150666
LOCAL,0100,CORPORATE FUND,58,OEMC,2705,OEMC,340,MATERIAL AND SUPPLIES,562840,562840,618746
LOCAL,0100,CORPORATE FUND,58,OEMC,2705,OEMC,348,BOOKS AND RELATED MATERIAL,2775,2775,3456
LOCAL,0100,CORPORATE FUND,58,OEMC,2705,OEMC,350,STATIONERY AND OFFICE SUPPLIES,53195,53195,67308
LOCAL,0100,CORPORATE FUND,58,OEMC,2705,OEMC,360,REPAIR PARTS AND MATERIAL,717620,717620,688007
LOCAL,0100,CORPORATE FUND,58,OEMC,2705,OEMC,365,ELECTRICAL SUPPLIES,131000,131000,127080
LOCAL,0100,CORPORATE FUND,58,OEMC,2705,OEMC,401,TOOL <= $100 UNIT,45000,45000,41850
LOCAL,0100,CORPORATE FUND,58,OEMC,2705,OEMC,423,COMMUNICATION DEVICES,0,0,26702
LOCAL,0610,MIDWAY AIRPORT FUND,58,OEMC,2705,OEMC,5,SALARIES AND WAGES - ON PAYROLL,1809282,1809282,1817577
LOCAL,0610,MIDWAY AIRPORT FUND,58,OEMC,2705,OEMC,15,SCHEDULE SALARY ADJUSTMENTS,18311,18311,15948
LOCAL,0610,MIDWAY AIRPORT FUND,58,OEMC,2705,OEMC,20,OVERTIME,145000,145000,145000
LOCAL,0610,MIDWAY AIRPORT FUND,58,OEMC,2705,OEMC,91,UNIFORM ALLOWANCE,5000,5000,4500
LOCAL,0610,MIDWAY AIRPORT FUND,58,OEMC,2705,OEMC,319,CLOTHING,3500,3500,3500
LOCAL,0610,MIDWAY AIRPORT FUND,58,OEMC,2705,OEMC,340,MATERIAL AND SUPPLIES,54150,54150,18525
LOCAL,0610,MIDWAY AIRPORT FUND,58,OEMC,2705,OEMC,423,COMMUNICATION DEVICES,0,0,35625
LOCAL,0740,O'HARE REVENUE FUND,58,OEMC,2705,OEMC,5,SALARIES AND WAGES - ON PAYROLL,4495880,4495880,4502301
LOCAL,0740,O'HARE REVENUE FUND,58,OEMC,2705,OEMC,11,CONTRACT WAGE - SALARY,0,0,3872
LOCAL,0740,O'HARE REVENUE FUND,58,OEMC,2705,OEMC,15,SCHEDULE SALARY ADJUSTMENTS,23519,23519,39091
LOCAL,0740,O'HARE REVENUE FUND,58,OEMC,2705,OEMC,20,OVERTIME,185000,185000,185000
LOCAL,0740,O'HARE REVENUE FUND,58,OEMC,2705,OEMC,91,UNIFORM ALLOWANCE,12250,12250,11950
LOCAL,0740,O'HARE REVENUE FUND,58,OEMC,2705,OEMC,319,CLOTHING,10304,10304,10304
LOCAL,0740,O'HARE REVENUE FUND,58,OEMC,2705,OEMC,340,MATERIAL AND SUPPLIES,80513,80513,9263
LOCAL,0740,O'HARE REVENUE FUND,58,OEMC,2705,OEMC,423,COMMUNICATION DEVICES,0,0,71250
GRANTS,0783,ILLINOIS DEPARTMENT OF TRANSPORTATION,58,OEMC,2855,TRAFFIC MGMT AUTH CONTROL AIDE,6,SALARY PROVISION,0,0,230000
GRANTS,0K68,URBAN AREAS SECURITY INITIATIVE,58,OEMC,2811,URBAN AREA SECURITY INITIATIVE,140,PROFESSIONAL AND TECHNICAL SERVICES,0,0,45000000
GRANTS,0K69,EMERGENCY MANAGEMENT ASSISTANCE,58,OEMC,2820,EMERGENCY MGMT ASSISTANCE,140,PROFESSIONAL AND TECHNICAL SERVICES,0,0,550000
GRANTS,0K70,PORT SECURITY GRANT,58,OEMC,2831,PORT SECURITY GRANT,140,PROFESSIONAL AND TECHNICAL SERVICES,0,0,4000000
GRANTS,0M02,OEMC,58,OEMC,2826,COM ED - WEATHERIZATION,140,PROFESSIONAL AND TECHNICAL SERVICES,47000,47000,47000
GRANTS,0M02,OEMC,58,OEMC,2835,NEXTEL FREQUENCY RECONFIG,140,PROFESSIONAL AND TECHNICAL SERVICES,493000,493000,493000
GRANTS,0M11,FEDERAL USEPA,58,OEMC,2888,HAZARD MITIGATION,140,PROFESSIONAL AND TECHNICAL SERVICES,442000,442000,442000
GRANTS,0M14,OEMC FEDERAL GRANTS,58,OEMC,2883,URBAN AREAS SECURITY INITIATIV,140,PROFESSIONAL AND TECHNICAL SERVICES,10000000,10000000,0
GRANTS,0M14,OEMC FEDERAL GRANTS,58,OEMC,2884,METRO MEDICAL RESPONSE SYSTEM,140,PROFESSIONAL AND TECHNICAL SERVICES,282000,282000,0
GRANTS,0M14,OEMC FEDERAL GRANTS,58,OEMC,2885,REGIONAL CATASTROPHIC PREP.,5,SALARIES AND WAGES - ON PAYROLL,93036,93036,0
GRANTS,0M14,OEMC FEDERAL GRANTS,58,OEMC,2885,REGIONAL CATASTROPHIC PREP.,44,FRINGE BENEFITS,34662,34662,0
GRANTS,0M14,OEMC FEDERAL GRANTS,58,OEMC,2885,REGIONAL CATASTROPHIC PREP.,140,PROFESSIONAL AND TECHNICAL SERVICES,831302,831302,0
GRANTS,0M14,OEMC FEDERAL GRANTS,58,OEMC,2890,URBAN AREAS SECURITY INITIATIV,6,SALARY PROVISION,621992,621992,0
GRANTS,0M14,OEMC FEDERAL GRANTS,58,OEMC,2890,URBAN AREAS SECURITY INITIATIV,140,PROFESSIONAL AND TECHNICAL SERVICES,19378008,19378008,0
GRANTS,0M14,OEMC FEDERAL GRANTS,58,OEMC,2893,VIDEO SURVEILLANCE NETWORK,140,PROFESSIONAL AND TECHNICAL SERVICES,1000000,1000000,30000
GRANTS,0M39,OEMC GRANTS 2013,58,OEMC,2811,URBAN AREA SECURITY INITIATIVE,5,SALARIES AND WAGES - ON PAYROLL,1757909,1757909,1994580
GRANTS,0M39,OEMC GRANTS 2013,58,OEMC,2811,URBAN AREA SECURITY INITIATIVE,11,CONTRACT WAGE - SALARY,0,0,3014
GRANTS,0M39,OEMC GRANTS 2013,58,OEMC,2811,URBAN AREA SECURITY INITIATIVE,15,SCHEDULE SALARY ADJUSTMENTS,9515,9515,17108
GRANTS,0M39,OEMC GRANTS 2013,58,OEMC,2811,URBAN AREA SECURITY INITIATIVE,44,FRINGE BENEFITS,674913,674913,773275
GRANTS,0M39,OEMC GRANTS 2013,58,OEMC,2811,URBAN AREA SECURITY INITIATIVE,140,PROFESSIONAL AND TECHNICAL SERVICES,35285446,35285446,22212023
GRANTS,0M39,OEMC GRANTS 2013,58,OEMC,2831,PORT SECURITY GRANT,140,PROFESSIONAL AND TECHNICAL SERVICES,169000,169000,0
GRANTS,0N30,EMERGENCY MANAGEMENT ASSISTANCE,58,OEMC,2820,EMERGENCY MGMT ASSISTANCE,140,PROFESSIONAL AND TECHNICAL SERVICES,514000,514000,0
GRANTS,0N31,URBAN AREAS SECURITY INITIATIVE,58,OEMC,2811,URBAN AREA SECURITY INITIATIVE,140,PROFESSIONAL AND TECHNICAL SERVICES,39845000,39845000,39743105
GRANTS,0N32,PORT SECURITY GRANT,58,OEMC,2831,PORT SECURITY GRANT,140,PROFESSIONAL AND TECHNICAL SERVICES,402000,402000,402000
LOCAL,0100,CORPORATE FUND,59,FIRE DEPARTMENT,2005,FIRE DEPARTMENT,270,LOCAL TRANSPORTATION,2400,1900,1900
LOCAL,0100,CORPORATE FUND,59,FIRE DEPARTMENT,2005,FIRE DEPARTMENT,5,SALARIES AND WAGES - ON PAYROLL,410494535,410494535,438970887
LOCAL,0100,CORPORATE FUND,59,FIRE DEPARTMENT,2005,FIRE DEPARTMENT,11,CONTRACT WAGE - SALARY,0,0,12997
LOCAL,0100,CORPORATE FUND,59,FIRE DEPARTMENT,2005,FIRE DEPARTMENT,12,CONTRACT WAGE - PREVAILING RATE,3119,3119,3009
LOCAL,0100,CORPORATE FUND,59,FIRE DEPARTMENT,2005,FIRE DEPARTMENT,15,SCHEDULE SALARY ADJUSTMENTS,1549000,1549000,1254838
LOCAL,0100,CORPORATE FUND,59,FIRE DEPARTMENT,2005,FIRE DEPARTMENT,20,OVERTIME,35350000,35350000,20000000
LOCAL,0100,CORPORATE FUND,59,FIRE DEPARTMENT,2005,FIRE DEPARTMENT,21,SWORN/CIVILIAN HOLIDAY PREMIUM PAY,18986536,18986536,18715370
LOCAL,0100,CORPORATE FUND,59,FIRE DEPARTMENT,2005,FIRE DEPARTMENT,22,DUTY AVAILABILITY,14962060,14962060,15442497
LOCAL,0100,CORPORATE FUND,59,FIRE DEPARTMENT,2005,FIRE DEPARTMENT,24,COMPENSATORY TIME PAYMENT,1002896,1002896,1000000
LOCAL,0100,CORPORATE FUND,59,FIRE DEPARTMENT,2005,FIRE DEPARTMENT,28,COOPERATIVE EDUCATION PROGRAM,2800000,2800000,4436380
LOCAL,0100,CORPORATE FUND,59,FIRE DEPARTMENT,2005,FIRE DEPARTMENT,39,STUDENT AS TRAINEES,7125,7125,7125
LOCAL,0100,CORPORATE FUND,59,FIRE DEPARTMENT,2005,FIRE DEPARTMENT,60,SPECIALTY PAY,17402897,17402897,18039947
LOCAL,0100,CORPORATE FUND,59,FIRE DEPARTMENT,2005,FIRE DEPARTMENT,61,DRIVER'S DIFFERENTIAL,2900000,2900000,3255500
LOCAL,0100,CORPORATE FUND,59,FIRE DEPARTMENT,2005,FIRE DEPARTMENT,62,REQUIRED CERTIFICATIONS,150000,150000,150000
LOCAL,0100,CORPORATE FUND,59,FIRE DEPARTMENT,2005,FIRE DEPARTMENT,63,FITNESS BENEFIT,840000,840000,990000
LOCAL,0100,CORPORATE FUND,59,FIRE DEPARTMENT,2005,FIRE DEPARTMENT,70,TUITION REIMBURSEMENT,425000,425000,425000
LOCAL,0100,CORPORATE FUND,59,FIRE DEPARTMENT,2005,FIRE DEPARTMENT,88,FURLOUGH / COMP TIME BUY-BACK,3000000,3000000,4000000
LOCAL,0100,CORPORATE FUND,59,FIRE DEPARTMENT,2005,FIRE DEPARTMENT,91,UNIFORM ALLOWANCE,5683250,5683250,5046000
LOCAL,0100,CORPORATE FUND,59,FIRE DEPARTMENT,2005,FIRE DEPARTMENT,130,POSTAGE,25463,25463,25463
LOCAL,0100,CORPORATE FUND,59,FIRE DEPARTMENT,2005,FIRE DEPARTMENT,138,IT MAINTENANCE,580000,580000,547000
LOCAL,0100,CORPORATE FUND,59,FIRE DEPARTMENT,2005,FIRE DEPARTMENT,140,PROFESSIONAL AND TECHNICAL SERVICES,3753250,3753250,3795020
LOCAL,0100,CORPORATE FUND,59,FIRE DEPARTMENT,2005,FIRE DEPARTMENT,149,SOFTWARE MAINTENANCE AND LICENSING,4000,4000,4000
LOCAL,0100,CORPORATE FUND,59,FIRE DEPARTMENT,2005,FIRE DEPARTMENT,157,RENTAL EQUIPMENT AND SERVICES,94876,94876,94876
LOCAL,0100,CORPORATE FUND,59,FIRE DEPARTMENT,2005,FIRE DEPARTMENT,159,LEASE PURCHASE AGREEMNT,82500,82500,82500
LOCAL,0100,CORPORATE FUND,59,FIRE DEPARTMENT,2005,FIRE DEPARTMENT,160,REPAIR/MAINT PROPERTY,13827,13827,13827
LOCAL,0100,CORPORATE FUND,59,FIRE DEPARTMENT,2005,FIRE DEPARTMENT,162,REPAIR/MAINT EQUIPMENT,1077887,1077887,1109589
LOCAL,0100,CORPORATE FUND,59,FIRE DEPARTMENT,2005,FIRE DEPARTMENT,166,"DUES, SUBSC & MEM",3800,3800,5150
LOCAL,0100,CORPORATE FUND,59,FIRE DEPARTMENT,2005,FIRE DEPARTMENT,169,TECHNICAL MEETING COSTS,5343,5343,5343
LOCAL,0100,CORPORATE FUND,59,FIRE DEPARTMENT,2005,FIRE DEPARTMENT,181,MOBILE COMMUNICATION SERVICES,392000,392000,392000
LOCAL,0100,CORPORATE FUND,59,FIRE DEPARTMENT,2005,FIRE DEPARTMENT,186,PAGERS,400,400,400
LOCAL,0100,CORPORATE FUND,59,FIRE DEPARTMENT,2005,FIRE DEPARTMENT,189,TELEPHONE - NON-CENTREX BILLINGS,148800,148800,148800
LOCAL,0100,CORPORATE FUND,59,FIRE DEPARTMENT,2005,FIRE DEPARTMENT,190,TELEPHONE - NON-CENTREX BILLINGS,114000,114000,114700
LOCAL,0100,CORPORATE FUND,59,FIRE DEPARTMENT,2005,FIRE DEPARTMENT,196,DATA CIRCUITS,188000,188000,188000
LOCAL,0100,CORPORATE FUND,59,FIRE DEPARTMENT,2005,FIRE DEPARTMENT,197,TELEPHONE - MAINTENANCE,7000,7000,6800
LOCAL,0100,CORPORATE FUND,59,FIRE DEPARTMENT,2005,FIRE DEPARTMENT,229,TRANSPORTATION AND EXPENSE ALLOWANCE,50000,49000,43000
LOCAL,0100,CORPORATE FUND,59,FIRE DEPARTMENT,2005,FIRE DEPARTMENT,245,REIMBURSEMENT TO TRAVELERS,0,1500,6000
LOCAL,0100,CORPORATE FUND,59,FIRE DEPARTMENT,2005,FIRE DEPARTMENT,318,OTHER FUEL,6000,6000,6000
LOCAL,0100,CORPORATE FUND,59,FIRE DEPARTMENT,2005,FIRE DEPARTMENT,338,"LICENSE STICKER,TAG AND PLATES",3915,3915,3915
LOCAL,0100,CORPORATE FUND,59,FIRE DEPARTMENT,2005,FIRE DEPARTMENT,340,MATERIAL AND SUPPLIES,1256898,1256898,1281102
LOCAL,0100,CORPORATE FUND,59,FIRE DEPARTMENT,2005,FIRE DEPARTMENT,342,"DRUGS, MEDICINE AND CHEMICAL MATERIALS",764405,764405,767005
LOCAL,0100,CORPORATE FUND,59,FIRE DEPARTMENT,2005,FIRE DEPARTMENT,345,APPARATUS AND INSTRUMENTS,348000,348000,348000
LOCAL,0100,CORPORATE FUND,59,FIRE DEPARTMENT,2005,FIRE DEPARTMENT,348,BOOKS AND RELATED MATERIAL,8983,8983,8405
LOCAL,0100,CORPORATE FUND,59,FIRE DEPARTMENT,2005,FIRE DEPARTMENT,350,STATIONERY AND OFFICE SUPPLIES,124758,124758,124758
LOCAL,0100,CORPORATE FUND,59,FIRE DEPARTMENT,2005,FIRE DEPARTMENT,360,REPAIR PARTS AND MATERIAL,231800,231800,256000
LOCAL,0100,CORPORATE FUND,59,FIRE DEPARTMENT,2005,FIRE DEPARTMENT,422,OFFICE MACHINES,8000,8000,8000
LOCAL,0100,CORPORATE FUND,59,FIRE DEPARTMENT,2005,FIRE DEPARTMENT,424,FURNITURE AND FURNISHINGS,110000,110000,115000
LOCAL,0100,CORPORATE FUND,59,FIRE DEPARTMENT,2005,FIRE DEPARTMENT,931,TORT/NON-TORT JUDGMENT,2702000,2702000,2702000
LOCAL,0100,CORPORATE FUND,59,FIRE DEPARTMENT,2005,FIRE DEPARTMENT,937,HOSPITAL//MEDICAL - NOT WORKERS' COMP,9000000,9000000,9000000
LOCAL,0100,CORPORATE FUND,59,FIRE DEPARTMENT,2005,FIRE DEPARTMENT,9067,PHYSICAL EXAMS,310000,310000,1080000
LOCAL,0610,MIDWAY AIRPORT FUND,59,FIRE DEPARTMENT,2005,FIRE DEPARTMENT,5,SALARIES AND WAGES - ON PAYROLL,5761552,5761552,6170830
LOCAL,0610,MIDWAY AIRPORT FUND,59,FIRE DEPARTMENT,2005,FIRE DEPARTMENT,11,CONTRACT WAGE - SALARY,0,0,0
LOCAL,0610,MIDWAY AIRPORT FUND,59,FIRE DEPARTMENT,2005,FIRE DEPARTMENT,15,SCHEDULE SALARY ADJUSTMENTS,11837,11837,11018
LOCAL,0610,MIDWAY AIRPORT FUND,59,FIRE DEPARTMENT,2005,FIRE DEPARTMENT,20,OVERTIME,130000,130000,130000
LOCAL,0610,MIDWAY AIRPORT FUND,59,FIRE DEPARTMENT,2005,FIRE DEPARTMENT,21,SWORN/CIVILIAN HOLIDAY PREMIUM PAY,195000,195000,213000
LOCAL,0610,MIDWAY AIRPORT FUND,59,FIRE DEPARTMENT,2005,FIRE DEPARTMENT,22,DUTY AVAILABILITY,159716,159716,244000
LOCAL,0610,MIDWAY AIRPORT FUND,59,FIRE DEPARTMENT,2005,FIRE DEPARTMENT,24,COMPENSATORY TIME PAYMENT,50000,50000,54000
LOCAL,0610,MIDWAY AIRPORT FUND,59,FIRE DEPARTMENT,2005,FIRE DEPARTMENT,28,COOPERATIVE EDUCATION PROGRAM,33000,33000,63000
LOCAL,0610,MIDWAY AIRPORT FUND,59,FIRE DEPARTMENT,2005,FIRE DEPARTMENT,60,SPECIALTY PAY,132000,132000,240000
LOCAL,0610,MIDWAY AIRPORT FUND,59,FIRE DEPARTMENT,2005,FIRE DEPARTMENT,61,DRIVER'S DIFFERENTIAL,50000,50000,55000
LOCAL,0610,MIDWAY AIRPORT FUND,59,FIRE DEPARTMENT,2005,FIRE DEPARTMENT,62,REQUIRED CERTIFICATIONS,17000,17000,17000
LOCAL,0610,MIDWAY AIRPORT FUND,59,FIRE DEPARTMENT,2005,FIRE DEPARTMENT,63,FITNESS BENEFIT,17650,17650,9000
LOCAL,0610,MIDWAY AIRPORT FUND,59,FIRE DEPARTMENT,2005,FIRE DEPARTMENT,88,FURLOUGH / COMP TIME BUY-BACK,232466,232466,252000
LOCAL,0610,MIDWAY AIRPORT FUND,59,FIRE DEPARTMENT,2005,FIRE DEPARTMENT,91,UNIFORM ALLOWANCE,67125,67125,75000
LOCAL,0610,MIDWAY AIRPORT FUND,59,FIRE DEPARTMENT,2005,FIRE DEPARTMENT,140,PROFESSIONAL AND TECHNICAL SERVICES,45000,45000,45000
LOCAL,0610,MIDWAY AIRPORT FUND,59,FIRE DEPARTMENT,2005,FIRE DEPARTMENT,937,HOSPITAL//MEDICAL - NOT WORKERS' COMP,247500,247500,157500
LOCAL,0740,O'HARE REVENUE FUND,59,FIRE DEPARTMENT,2005,FIRE DEPARTMENT,5,SALARIES AND WAGES - ON PAYROLL,20650592,20650592,22724657
LOCAL,0740,O'HARE REVENUE FUND,59,FIRE DEPARTMENT,2005,FIRE DEPARTMENT,11,CONTRACT WAGE - SALARY,0,0,349
LOCAL,0740,O'HARE REVENUE FUND,59,FIRE DEPARTMENT,2005,FIRE DEPARTMENT,15,SCHEDULE SALARY ADJUSTMENTS,37767,37767,48332
LOCAL,0740,O'HARE REVENUE FUND,59,FIRE DEPARTMENT,2005,FIRE DEPARTMENT,20,OVERTIME,535000,535000,535000
LOCAL,0740,O'HARE REVENUE FUND,59,FIRE DEPARTMENT,2005,FIRE DEPARTMENT,21,SWORN/CIVILIAN HOLIDAY PREMIUM PAY,690000,690000,854000
LOCAL,0740,O'HARE REVENUE FUND,59,FIRE DEPARTMENT,2005,FIRE DEPARTMENT,22,DUTY AVAILABILITY,506596,506596,860000
LOCAL,0740,O'HARE REVENUE FUND,59,FIRE DEPARTMENT,2005,FIRE DEPARTMENT,24,COMPENSATORY TIME PAYMENT,138000,138000,138000
LOCAL,0740,O'HARE REVENUE FUND,59,FIRE DEPARTMENT,2005,FIRE DEPARTMENT,28,COOPERATIVE EDUCATION PROGRAM,70000,70000,225000
LOCAL,0740,O'HARE REVENUE FUND,59,FIRE DEPARTMENT,2005,FIRE DEPARTMENT,60,SPECIALTY PAY,707000,707000,1001000
LOCAL,0740,O'HARE REVENUE FUND,59,FIRE DEPARTMENT,2005,FIRE DEPARTMENT,61,DRIVER'S DIFFERENTIAL,150000,150000,200000
LOCAL,0740,O'HARE REVENUE FUND,59,FIRE DEPARTMENT,2005,FIRE DEPARTMENT,62,REQUIRED CERTIFICATIONS,5000,5000,10000
LOCAL,0740,O'HARE REVENUE FUND,59,FIRE DEPARTMENT,2005,FIRE DEPARTMENT,63,FITNESS BENEFIT,35700,35700,35700
LOCAL,0740,O'HARE REVENUE FUND,59,FIRE DEPARTMENT,2005,FIRE DEPARTMENT,88,FURLOUGH / COMP TIME BUY-BACK,244200,244200,264000
LOCAL,0740,O'HARE REVENUE FUND,59,FIRE DEPARTMENT,2005,FIRE DEPARTMENT,91,UNIFORM ALLOWANCE,198841,198841,330000
LOCAL,0740,O'HARE REVENUE FUND,59,FIRE DEPARTMENT,2005,FIRE DEPARTMENT,140,PROFESSIONAL AND TECHNICAL SERVICES,145500,145500,145500
LOCAL,0740,O'HARE REVENUE FUND,59,FIRE DEPARTMENT,2005,FIRE DEPARTMENT,937,HOSPITAL//MEDICAL - NOT WORKERS' COMP,157500,157500,247500
GRANTS,0790,HAZARDOUS MATERIAL,59,FIRE DEPARTMENT,2812,ASSISTANCE TO FIREFIGHTERS,140,PROFESSIONAL AND TECHNICAL SERVICES,107000,107000,0
GRANTS,0825,FIRE ACAD TRNG/IMP,59,FIRE DEPARTMENT,2810,FIRE ACAD TRNG/IMPROVEMENT,5,SALARIES AND WAGES - ON PAYROLL,1139657,1139657,1241306
GRANTS,0825,FIRE ACAD TRNG/IMP,59,FIRE DEPARTMENT,2810,FIRE ACAD TRNG/IMPROVEMENT,11,CONTRACT WAGE - SALARY,0,0,1045
GRANTS,0825,FIRE ACAD TRNG/IMP,59,FIRE DEPARTMENT,2810,FIRE ACAD TRNG/IMPROVEMENT,15,SCHEDULE SALARY ADJUSTMENTS,0,0,1225
GRANTS,0825,FIRE ACAD TRNG/IMP,59,FIRE DEPARTMENT,2810,FIRE ACAD TRNG/IMPROVEMENT,44,FRINGE BENEFITS,451536,451536,479911
GRANTS,0825,FIRE ACAD TRNG/IMP,59,FIRE DEPARTMENT,2810,FIRE ACAD TRNG/IMPROVEMENT,140,PROFESSIONAL AND TECHNICAL SERVICES,668807,668807,3017513
GRANTS,0J18,ASSISTANCE TO FIREFIGHTERS GRANT,59,FIRE DEPARTMENT,2812,ASSISTANCE TO FIREFIGHTERS,140,PROFESSIONAL AND TECHNICAL SERVICES,0,0,2750000
GRANTS,0K71,ASSISTANCE TO FIREFIGHTERS,59,FIRE DEPARTMENT,2812,ASSISTANCE TO FIREFIGHTERS,140,PROFESSIONAL AND TECHNICAL SERVICES,0,0,0
LOCAL,0100,CORPORATE FUND,67,DEPT OF BUILDINGS,2005,DEPT OF BUILDINGS,5,SALARIES AND WAGES - ON PAYROLL,16416625,16416625,16822482
LOCAL,0100,CORPORATE FUND,67,DEPT OF BUILDINGS,2005,DEPT OF BUILDINGS,11,CONTRACT WAGE - SALARY,0,0,19948
LOCAL,0100,CORPORATE FUND,67,DEPT OF BUILDINGS,2005,DEPT OF BUILDINGS,12,CONTRACT WAGE - PREVAILING RATE,90069,90069,77266
LOCAL,0100,CORPORATE FUND,67,DEPT OF BUILDINGS,2005,DEPT OF BUILDINGS,15,SCHEDULE SALARY ADJUSTMENTS,41898,41898,41618
LOCAL,0100,CORPORATE FUND,67,DEPT OF BUILDINGS,2005,DEPT OF BUILDINGS,20,OVERTIME,25000,25000,25000
LOCAL,0100,CORPORATE FUND,67,DEPT OF BUILDINGS,2005,DEPT OF BUILDINGS,32,REIMBURSABLE OVERTIME,50000,50000,50000
LOCAL,0100,CORPORATE FUND,67,DEPT OF BUILDINGS,2005,DEPT OF BUILDINGS,50,STIPENDS,57000,57000,57000
LOCAL,0100,CORPORATE FUND,67,DEPT OF BUILDINGS,2005,DEPT OF BUILDINGS,130,POSTAGE,31000,31000,27068
LOCAL,0100,CORPORATE FUND,67,DEPT OF BUILDINGS,2005,DEPT OF BUILDINGS,140,PROFESSIONAL AND TECHNICAL SERVICES,2760897,2760897,2887897
LOCAL,0100,CORPORATE FUND,67,DEPT OF BUILDINGS,2005,DEPT OF BUILDINGS,143,COURT REPORTING,2500,2500,2500
LOCAL,0100,CORPORATE FUND,67,DEPT OF BUILDINGS,2005,DEPT OF BUILDINGS,149,SOFTWARE MAINTENANCE AND LICENSING,335500,335500,335500
LOCAL,0100,CORPORATE FUND,67,DEPT OF BUILDINGS,2005,DEPT OF BUILDINGS,154,RENTAL-DATA HARDWARE EQ,27720,27720,12084
LOCAL,0100,CORPORATE FUND,67,DEPT OF BUILDINGS,2005,DEPT OF BUILDINGS,157,RENTAL EQUIPMENT AND SERVICES,5600,5600,5600
LOCAL,0100,CORPORATE FUND,67,DEPT OF BUILDINGS,2005,DEPT OF BUILDINGS,159,LEASE PURCHASE AGREEMNT,36066,36066,30583
LOCAL,0100,CORPORATE FUND,67,DEPT OF BUILDINGS,2005,DEPT OF BUILDINGS,162,REPAIR/MAINT EQUIPMENT,25000,25000,22500
LOCAL,0100,CORPORATE FUND,67,DEPT OF BUILDINGS,2005,DEPT OF BUILDINGS,166,"DUES, SUBSC & MEM",600,600,600
LOCAL,0100,CORPORATE FUND,67,DEPT OF BUILDINGS,2005,DEPT OF BUILDINGS,178,FREIGHT AND EXPRESS CHARGES,500,500,500
LOCAL,0100,CORPORATE FUND,67,DEPT OF BUILDINGS,2005,DEPT OF BUILDINGS,181,MOBILE COMMUNICATION SERVICES,137000,137000,151255
LOCAL,0100,CORPORATE FUND,67,DEPT OF BUILDINGS,2005,DEPT OF BUILDINGS,190,TELEPHONE - NON-CENTREX BILLINGS,93000,93000,94600
LOCAL,0100,CORPORATE FUND,67,DEPT OF BUILDINGS,2005,DEPT OF BUILDINGS,191,TELEPHONE - RELOCATIONS,500,500,500
LOCAL,0100,CORPORATE FUND,67,DEPT OF BUILDINGS,2005,DEPT OF BUILDINGS,196,DATA CIRCUITS,3300,3300,6100
LOCAL,0100,CORPORATE FUND,67,DEPT OF BUILDINGS,2005,DEPT OF BUILDINGS,197,TELEPHONE - MAINTENANCE,26005,26005,26005
LOCAL,0100,CORPORATE FUND,67,DEPT OF BUILDINGS,2005,DEPT OF BUILDINGS,229,TRANSPORTATION AND EXPENSE ALLOWANCE,155000,155000,155000
LOCAL,0100,CORPORATE FUND,67,DEPT OF BUILDINGS,2005,DEPT OF BUILDINGS,270,LOCAL TRANSPORTATION,1250,1250,0
LOCAL,0100,CORPORATE FUND,67,DEPT OF BUILDINGS,2005,DEPT OF BUILDINGS,319,CLOTHING,10000,10000,10000
LOCAL,0100,CORPORATE FUND,67,DEPT OF BUILDINGS,2005,DEPT OF BUILDINGS,348,BOOKS AND RELATED MATERIAL,2582,2582,2500
LOCAL,0100,CORPORATE FUND,67,DEPT OF BUILDINGS,2005,DEPT OF BUILDINGS,350,STATIONERY AND OFFICE SUPPLIES,30620,30620,30620
LOCAL,0100,CORPORATE FUND,67,DEPT OF BUILDINGS,2005,DEPT OF BUILDINGS,931,TORT/NON-TORT JUDGMENT,300000,300000,300000
LOCAL,0100,CORPORATE FUND,67,DEPT OF BUILDINGS,2005,DEPT OF BUILDINGS,989,REFUND CANCELLED VOUCHER,150000,150000,150000
LOCAL,0200,WATER FUND,67,DEPT OF BUILDINGS,2005,DEPT OF BUILDINGS,5,SALARIES AND WAGES - ON PAYROLL,2182622,2182622,2308814
LOCAL,0200,WATER FUND,67,DEPT OF BUILDINGS,2005,DEPT OF BUILDINGS,11,CONTRACT WAGE - SALARY,0,0,547
LOCAL,0200,WATER FUND,67,DEPT OF BUILDINGS,2005,DEPT OF BUILDINGS,12,CONTRACT WAGE - PREVAILING RATE,23962,23962,22849
LOCAL,0200,WATER FUND,67,DEPT OF BUILDINGS,2005,DEPT OF BUILDINGS,15,SCHEDULE SALARY ADJUSTMENTS,906,906,906
LOCAL,0200,WATER FUND,67,DEPT OF BUILDINGS,2005,DEPT OF BUILDINGS,159,LEASE PURCHASE AGREEMNT,6134,6134,2000
LOCAL,0200,WATER FUND,67,DEPT OF BUILDINGS,2005,DEPT OF BUILDINGS,162,REPAIR/MAINT EQUIPMENT,7119,7119,4400
LOCAL,0200,WATER FUND,67,DEPT OF BUILDINGS,2005,DEPT OF BUILDINGS,181,MOBILE COMMUNICATION SERVICES,20000,20000,28036
LOCAL,0200,WATER FUND,67,DEPT OF BUILDINGS,2005,DEPT OF BUILDINGS,229,TRANSPORTATION AND EXPENSE ALLOWANCE,20000,20000,20250
LOCAL,0200,WATER FUND,67,DEPT OF BUILDINGS,2005,DEPT OF BUILDINGS,350,STATIONERY AND OFFICE SUPPLIES,3008,3008,3008
LOCAL,0300,VEHICLE FUND,67,DEPT OF BUILDINGS,2005,DEPT OF BUILDINGS,5,SALARIES AND WAGES - ON PAYROLL,451131,451131,463551
LOCAL,0300,VEHICLE FUND,67,DEPT OF BUILDINGS,2005,DEPT OF BUILDINGS,11,CONTRACT WAGE - SALARY,0,0,1633
LOCAL,0300,VEHICLE FUND,67,DEPT OF BUILDINGS,2005,DEPT OF BUILDINGS,15,SCHEDULE SALARY ADJUSTMENTS,3797,3797,3855
LOCAL,0300,VEHICLE FUND,67,DEPT OF BUILDINGS,2005,DEPT OF BUILDINGS,149,SOFTWARE MAINTENANCE AND LICENSING,80000,80000,40000
LOCAL,0300,VEHICLE FUND,67,DEPT OF BUILDINGS,2005,DEPT OF BUILDINGS,162,REPAIR/MAINT EQUIPMENT,7800,7800,3500
LOCAL,0300,VEHICLE FUND,67,DEPT OF BUILDINGS,2005,DEPT OF BUILDINGS,350,STATIONERY AND OFFICE SUPPLIES,3008,3008,3008
LOCAL,0314,SEWER FUND,67,DEPT OF BUILDINGS,2005,DEPT OF BUILDINGS,5,SALARIES AND WAGES - ON PAYROLL,1482226,1482226,1425850
LOCAL,0314,SEWER FUND,67,DEPT OF BUILDINGS,2005,DEPT OF BUILDINGS,11,CONTRACT WAGE - SALARY,0,0,3340
LOCAL,0314,SEWER FUND,67,DEPT OF BUILDINGS,2005,DEPT OF BUILDINGS,12,CONTRACT WAGE - PREVAILING RATE,4352,4352,2978
LOCAL,0314,SEWER FUND,67,DEPT OF BUILDINGS,2005,DEPT OF BUILDINGS,15,SCHEDULE SALARY ADJUSTMENTS,3076,3076,6512
LOCAL,0314,SEWER FUND,67,DEPT OF BUILDINGS,2005,DEPT OF BUILDINGS,140,PROFESSIONAL AND TECHNICAL SERVICES,707006,707006,707006
LOCAL,0314,SEWER FUND,67,DEPT OF BUILDINGS,2005,DEPT OF BUILDINGS,159,LEASE PURCHASE AGREEMNT,6000,6000,4000
LOCAL,0314,SEWER FUND,67,DEPT OF BUILDINGS,2005,DEPT OF BUILDINGS,162,REPAIR/MAINT EQUIPMENT,7200,7200,4000
LOCAL,0314,SEWER FUND,67,DEPT OF BUILDINGS,2005,DEPT OF BUILDINGS,181,MOBILE COMMUNICATION SERVICES,6000,6000,9346
LOCAL,0314,SEWER FUND,67,DEPT OF BUILDINGS,2005,DEPT OF BUILDINGS,229,TRANSPORTATION AND EXPENSE ALLOWANCE,10500,10500,20250
LOCAL,0314,SEWER FUND,67,DEPT OF BUILDINGS,2005,DEPT OF BUILDINGS,350,STATIONERY AND OFFICE SUPPLIES,3008,3008,3008
GRANTS,0J62,ABANDONED RESIDENTIAL PROPERTY,67,DEPT OF BUILDINGS,2802,ABANDONED PROPERTY RELIEF,140,PROFESSIONAL AND TECHNICAL SERVICES,2046000,2046000,0
GRANTS,0J63,CDBG - DISASTER RECOVERY,67,DEPT OF BUILDINGS,2880,CDBG - DISASTER RECOVERY,140,PROFESSIONAL AND TECHNICAL SERVICES,1500000,1500000,1500000
CDBG,0J41,CDBG,67,DEPT OF BUILDINGS,2505,TROUBLED BUILDINGS PROGRAM,5,SALARIES AND WAGES - ON PAYROLL,2571615,2571615,2455265
CDBG,0J41,CDBG,67,DEPT OF BUILDINGS,2505,TROUBLED BUILDINGS PROGRAM,8,PAYMENT RETROACTIVE SALARIES,0,0,2784
CDBG,0J41,CDBG,67,DEPT OF BUILDINGS,2505,TROUBLED BUILDINGS PROGRAM,11,CONTRACT WAGE - SALARY,0,0,703
CDBG,0J41,CDBG,67,DEPT OF BUILDINGS,2505,TROUBLED BUILDINGS PROGRAM,15,SCHEDULE SALARY ADJUSTMENTS,10228,10228,13446
CDBG,0J41,CDBG,67,DEPT OF BUILDINGS,2505,TROUBLED BUILDINGS PROGRAM,44,FRINGE BENEFITS,988227,988227,940640
CDBG,0J41,CDBG,67,DEPT OF BUILDINGS,2505,TROUBLED BUILDINGS PROGRAM,140,PROFESSIONAL AND TECHNICAL SERVICES,3200000,3200000,210000
CDBG,0J41,CDBG,67,DEPT OF BUILDINGS,2505,TROUBLED BUILDINGS PROGRAM,181,MOBILE COMMUNICATION SERVICES,0,0,22500
CDBG,0J41,CDBG,67,DEPT OF BUILDINGS,2505,TROUBLED BUILDINGS PROGRAM,229,TRANSPORTATION AND EXPENSE ALLOWANCE,40000,40000,58500
CDBG,0J41,CDBG,67,DEPT OF BUILDINGS,2510,CODE ENFORCEMENT,5,SALARIES AND WAGES - ON PAYROLL,1945549,1945549,2049572
CDBG,0J41,CDBG,67,DEPT OF BUILDINGS,2510,CODE ENFORCEMENT,15,SCHEDULE SALARY ADJUSTMENTS,9337,9337,14189
CDBG,0J41,CDBG,67,DEPT OF BUILDINGS,2510,CODE ENFORCEMENT,44,FRINGE BENEFITS,742996,742996,780381
CDBG,0J41,CDBG,67,DEPT OF BUILDINGS,2510,CODE ENFORCEMENT,181,MOBILE COMMUNICATION SERVICES,0,0,22500
CDBG,0J41,CDBG,67,DEPT OF BUILDINGS,2510,CODE ENFORCEMENT,229,TRANSPORTATION AND EXPENSE ALLOWANCE,38113,38113,70150
LOCAL,0100,CORPORATE FUND,70,BUS AFFAIRS AND CONSUMER PROT,2005,BUS AFFAIRS AND CONSUMER PROT,5,SALARIES AND WAGES - ON PAYROLL,12654255,12654255,12864327
LOCAL,0100,CORPORATE FUND,70,BUS AFFAIRS AND CONSUMER PROT,2005,BUS AFFAIRS AND CONSUMER PROT,11,CONTRACT WAGE - SALARY,0,0,31746
LOCAL,0100,CORPORATE FUND,70,BUS AFFAIRS AND CONSUMER PROT,2005,BUS AFFAIRS AND CONSUMER PROT,12,CONTRACT WAGE - PREVAILING RATE,0,0,0
LOCAL,0100,CORPORATE FUND,70,BUS AFFAIRS AND CONSUMER PROT,2005,BUS AFFAIRS AND CONSUMER PROT,15,SCHEDULE SALARY ADJUSTMENTS,72189,72189,77738
LOCAL,0100,CORPORATE FUND,70,BUS AFFAIRS AND CONSUMER PROT,2005,BUS AFFAIRS AND CONSUMER PROT,20,OVERTIME,24700,24700,24700
LOCAL,0100,CORPORATE FUND,70,BUS AFFAIRS AND CONSUMER PROT,2005,BUS AFFAIRS AND CONSUMER PROT,39,STUDENT AS TRAINEES,21800,21800,21800
LOCAL,0100,CORPORATE FUND,70,BUS AFFAIRS AND CONSUMER PROT,2005,BUS AFFAIRS AND CONSUMER PROT,124,INVESTIGATION COSTS,115632,115632,115632
LOCAL,0100,CORPORATE FUND,70,BUS AFFAIRS AND CONSUMER PROT,2005,BUS AFFAIRS AND CONSUMER PROT,130,POSTAGE,80018,80018,80018
LOCAL,0100,CORPORATE FUND,70,BUS AFFAIRS AND CONSUMER PROT,2005,BUS AFFAIRS AND CONSUMER PROT,135,DELEGATE AGENCIES,3394110,3394110,3394110
LOCAL,0100,CORPORATE FUND,70,BUS AFFAIRS AND CONSUMER PROT,2005,BUS AFFAIRS AND CONSUMER PROT,138,IT MAINTENANCE,341490,341490,341489
LOCAL,0100,CORPORATE FUND,70,BUS AFFAIRS AND CONSUMER PROT,2005,BUS AFFAIRS AND CONSUMER PROT,140,PROFESSIONAL AND TECHNICAL SERVICES,325478,325478,325478
LOCAL,0100,CORPORATE FUND,70,BUS AFFAIRS AND CONSUMER PROT,2005,BUS AFFAIRS AND CONSUMER PROT,143,COURT REPORTING,61150,61150,61150
LOCAL,0100,CORPORATE FUND,70,BUS AFFAIRS AND CONSUMER PROT,2005,BUS AFFAIRS AND CONSUMER PROT,148,TESTING AND INSPECTING,35232,35232,35232
LOCAL,0100,CORPORATE FUND,70,BUS AFFAIRS AND CONSUMER PROT,2005,BUS AFFAIRS AND CONSUMER PROT,150,PUBLICATN & REPRODT-OUT,18280,18280,18280
LOCAL,0100,CORPORATE FUND,70,BUS AFFAIRS AND CONSUMER PROT,2005,BUS AFFAIRS AND CONSUMER PROT,152,ADVERTISING,99648,99648,99648
LOCAL,0100,CORPORATE FUND,70,BUS AFFAIRS AND CONSUMER PROT,2005,BUS AFFAIRS AND CONSUMER PROT,153,PROMOTIONS,3760,3760,3760
LOCAL,0100,CORPORATE FUND,70,BUS AFFAIRS AND CONSUMER PROT,2005,BUS AFFAIRS AND CONSUMER PROT,154,RENTAL-DATA HARDWARE EQ,2668,2668,2668
LOCAL,0100,CORPORATE FUND,70,BUS AFFAIRS AND CONSUMER PROT,2005,BUS AFFAIRS AND CONSUMER PROT,157,RENTAL EQUIPMENT AND SERVICES,35052,35052,35052
LOCAL,0100,CORPORATE FUND,70,BUS AFFAIRS AND CONSUMER PROT,2005,BUS AFFAIRS AND CONSUMER PROT,159,LEASE PURCHASE AGREEMNT,6804,6804,6804
LOCAL,0100,CORPORATE FUND,70,BUS AFFAIRS AND CONSUMER PROT,2005,BUS AFFAIRS AND CONSUMER PROT,162,REPAIR/MAINT EQUIPMENT,32288,32288,32288
LOCAL,0100,CORPORATE FUND,70,BUS AFFAIRS AND CONSUMER PROT,2005,BUS AFFAIRS AND CONSUMER PROT,166,"DUES, SUBSC & MEM",5229,5229,5229
LOCAL,0100,CORPORATE FUND,70,BUS AFFAIRS AND CONSUMER PROT,2005,BUS AFFAIRS AND CONSUMER PROT,169,TECHNICAL MEETING COSTS,4576,4576,4576
LOCAL,0100,CORPORATE FUND,70,BUS AFFAIRS AND CONSUMER PROT,2005,BUS AFFAIRS AND CONSUMER PROT,179,MESSENGER SERVICES,14418,14418,14418
LOCAL,0100,CORPORATE FUND,70,BUS AFFAIRS AND CONSUMER PROT,2005,BUS AFFAIRS AND CONSUMER PROT,181,MOBILE COMMUNICATION SERVICES,62400,62400,54350
LOCAL,0100,CORPORATE FUND,70,BUS AFFAIRS AND CONSUMER PROT,2005,BUS AFFAIRS AND CONSUMER PROT,190,TELEPHONE - NON-CENTREX BILLINGS,53000,53000,53600
LOCAL,0100,CORPORATE FUND,70,BUS AFFAIRS AND CONSUMER PROT,2005,BUS AFFAIRS AND CONSUMER PROT,196,DATA CIRCUITS,40000,40000,38200
LOCAL,0100,CORPORATE FUND,70,BUS AFFAIRS AND CONSUMER PROT,2005,BUS AFFAIRS AND CONSUMER PROT,197,TELEPHONE - MAINTENANCE,110000,110000,90100
LOCAL,0100,CORPORATE FUND,70,BUS AFFAIRS AND CONSUMER PROT,2005,BUS AFFAIRS AND CONSUMER PROT,229,TRANSPORTATION AND EXPENSE ALLOWANCE,53016,53016,53016
LOCAL,0100,CORPORATE FUND,70,BUS AFFAIRS AND CONSUMER PROT,2005,BUS AFFAIRS AND CONSUMER PROT,245,REIMBURSEMENT TO TRAVELERS,2092,2092,2092
LOCAL,0100,CORPORATE FUND,70,BUS AFFAIRS AND CONSUMER PROT,2005,BUS AFFAIRS AND CONSUMER PROT,270,LOCAL TRANSPORTATION,1966,1966,1966
LOCAL,0100,CORPORATE FUND,70,BUS AFFAIRS AND CONSUMER PROT,2005,BUS AFFAIRS AND CONSUMER PROT,338,"LICENSE STICKER,TAG AND PLATES",76608,76608,76608
LOCAL,0100,CORPORATE FUND,70,BUS AFFAIRS AND CONSUMER PROT,2005,BUS AFFAIRS AND CONSUMER PROT,340,MATERIAL AND SUPPLIES,22385,22385,22385
LOCAL,0100,CORPORATE FUND,70,BUS AFFAIRS AND CONSUMER PROT,2005,BUS AFFAIRS AND CONSUMER PROT,348,BOOKS AND RELATED MATERIAL,1972,1972,1972
LOCAL,0100,CORPORATE FUND,70,BUS AFFAIRS AND CONSUMER PROT,2005,BUS AFFAIRS AND CONSUMER PROT,350,STATIONERY AND OFFICE SUPPLIES,36186,36186,36186
LOCAL,0100,CORPORATE FUND,70,BUS AFFAIRS AND CONSUMER PROT,2005,BUS AFFAIRS AND CONSUMER PROT,360,REPAIR PARTS AND MATERIAL,3083,3083,3083
LOCAL,0100,CORPORATE FUND,70,BUS AFFAIRS AND CONSUMER PROT,2005,BUS AFFAIRS AND CONSUMER PROT,9206,GRANTS FOR CHICAGO MICRO-LENDING,500000,500000,0
LOCAL,0B21,TIF ADMINISTRATION,70,BUS AFFAIRS AND CONSUMER PROT,2005,BUS AFFAIRS AND CONSUMER PROT,9470,REIMBURSEMENT - BACP,375000,375000,375000
GRANTS,0J59,TOBACCO ENFORCEMENT GRANT,70,BUS AFFAIRS AND CONSUMER PROT,2801,TOBACCO ENFORCEMENT GRANT,5,SALARIES AND WAGES - ON PAYROLL,0,0,284669
GRANTS,0J59,TOBACCO ENFORCEMENT GRANT,70,BUS AFFAIRS AND CONSUMER PROT,2801,TOBACCO ENFORCEMENT GRANT,11,CONTRACT WAGE - SALARY,0,0,1498
GRANTS,0J59,TOBACCO ENFORCEMENT GRANT,70,BUS AFFAIRS AND CONSUMER PROT,2801,TOBACCO ENFORCEMENT GRANT,15,SCHEDULE SALARY ADJUSTMENTS,0,0,959
GRANTS,0J59,TOBACCO ENFORCEMENT GRANT,70,BUS AFFAIRS AND CONSUMER PROT,2801,TOBACCO ENFORCEMENT GRANT,44,FRINGE BENEFITS,0,0,109402
GRANTS,0J59,TOBACCO ENFORCEMENT GRANT,70,BUS AFFAIRS AND CONSUMER PROT,2801,TOBACCO ENFORCEMENT GRANT,140,PROFESSIONAL AND TECHNICAL SERVICES,0,0,15472
GRANTS,0K52,TOBACCO ENFORCEMENT GRANT,70,BUS AFFAIRS AND CONSUMER PROT,2801,TOBACCO ENFORCEMENT GRANT,5,SALARIES AND WAGES - ON PAYROLL,277319,277319,47088
GRANTS,0K52,TOBACCO ENFORCEMENT GRANT,70,BUS AFFAIRS AND CONSUMER PROT,2801,TOBACCO ENFORCEMENT GRANT,11,CONTRACT WAGE - SALARY,0,0,262
GRANTS,0K52,TOBACCO ENFORCEMENT GRANT,70,BUS AFFAIRS AND CONSUMER PROT,2801,TOBACCO ENFORCEMENT GRANT,15,SCHEDULE SALARY ADJUSTMENTS,2259,2259,0
GRANTS,0K52,TOBACCO ENFORCEMENT GRANT,70,BUS AFFAIRS AND CONSUMER PROT,2801,TOBACCO ENFORCEMENT GRANT,44,FRINGE BENEFITS,103319,103319,19102
GRANTS,0K52,TOBACCO ENFORCEMENT GRANT,70,BUS AFFAIRS AND CONSUMER PROT,2801,TOBACCO ENFORCEMENT GRANT,140,PROFESSIONAL AND TECHNICAL SERVICES,175103,175103,12548
GRANTS,0P20,IL DEPT OF COMMERCE,70,BUS AFFAIRS AND CONSUMER PROT,2815,CABLE LOCAL ORIGINATION,5,SALARIES AND WAGES - ON PAYROLL,299323,299323,287969
GRANTS,0P20,IL DEPT OF COMMERCE,70,BUS AFFAIRS AND CONSUMER PROT,2815,CABLE LOCAL ORIGINATION,11,CONTRACT WAGE - SALARY,0,0,277
GRANTS,0P20,IL DEPT OF COMMERCE,70,BUS AFFAIRS AND CONSUMER PROT,2815,CABLE LOCAL ORIGINATION,15,SCHEDULE SALARY ADJUSTMENTS,0,0,2871
GRANTS,0P20,IL DEPT OF COMMERCE,70,BUS AFFAIRS AND CONSUMER PROT,2815,CABLE LOCAL ORIGINATION,44,FRINGE BENEFITS,111517,111517,110814
GRANTS,0P20,IL DEPT OF COMMERCE,70,BUS AFFAIRS AND CONSUMER PROT,2815,CABLE LOCAL ORIGINATION,140,PROFESSIONAL AND TECHNICAL SERVICES,16160,16160,25069
LOCAL,0100,CORPORATE FUND,73,COMM ANIMAL CARE AND CONTROL,2005,COMM ANIMAL CARE AND CONTROL,5,SALARIES AND WAGES - ON PAYROLL,3987346,3987346,4183085
LOCAL,0100,CORPORATE FUND,73,COMM ANIMAL CARE AND CONTROL,2005,COMM ANIMAL CARE AND CONTROL,11,CONTRACT WAGE - SALARY,0,0,9837
LOCAL,0100,CORPORATE FUND,73,COMM ANIMAL CARE AND CONTROL,2005,COMM ANIMAL CARE AND CONTROL,15,SCHEDULE SALARY ADJUSTMENTS,41032,41032,37594
LOCAL,0100,CORPORATE FUND,73,COMM ANIMAL CARE AND CONTROL,2005,COMM ANIMAL CARE AND CONTROL,20,OVERTIME,145000,145000,145000
LOCAL,0100,CORPORATE FUND,73,COMM ANIMAL CARE AND CONTROL,2005,COMM ANIMAL CARE AND CONTROL,39,STUDENT AS TRAINEES,6966,6966,6966
LOCAL,0100,CORPORATE FUND,73,COMM ANIMAL CARE AND CONTROL,2005,COMM ANIMAL CARE AND CONTROL,91,UNIFORM ALLOWANCE,32850,32850,32850
LOCAL,0100,CORPORATE FUND,73,COMM ANIMAL CARE AND CONTROL,2005,COMM ANIMAL CARE AND CONTROL,130,POSTAGE,2395,2395,2395
LOCAL,0100,CORPORATE FUND,73,COMM ANIMAL CARE AND CONTROL,2005,COMM ANIMAL CARE AND CONTROL,140,PROFESSIONAL AND TECHNICAL SERVICES,628669,628669,711461
LOCAL,0100,CORPORATE FUND,73,COMM ANIMAL CARE AND CONTROL,2005,COMM ANIMAL CARE AND CONTROL,150,PUBLICATN & REPRODT-OUT,1427,1427,1427
LOCAL,0100,CORPORATE FUND,73,COMM ANIMAL CARE AND CONTROL,2005,COMM ANIMAL CARE AND CONTROL,152,ADVERTISING,3300,3300,3300
LOCAL,0100,CORPORATE FUND,73,COMM ANIMAL CARE AND CONTROL,2005,COMM ANIMAL CARE AND CONTROL,154,RENTAL-DATA HARDWARE EQ,2200,2200,2200
LOCAL,0100,CORPORATE FUND,73,COMM ANIMAL CARE AND CONTROL,2005,COMM ANIMAL CARE AND CONTROL,157,RENTAL EQUIPMENT AND SERVICES,19480,19480,1800
LOCAL,0100,CORPORATE FUND,73,COMM ANIMAL CARE AND CONTROL,2005,COMM ANIMAL CARE AND CONTROL,159,LEASE PURCHASE AGREEMNT,0,0,15666
LOCAL,0100,CORPORATE FUND,73,COMM ANIMAL CARE AND CONTROL,2005,COMM ANIMAL CARE AND CONTROL,162,REPAIR/MAINT EQUIPMENT,5220,5220,5220
LOCAL,0100,CORPORATE FUND,73,COMM ANIMAL CARE AND CONTROL,2005,COMM ANIMAL CARE AND CONTROL,168,EDUCATION DEVELOPMENT,5350,5350,5350
LOCAL,0100,CORPORATE FUND,73,COMM ANIMAL CARE AND CONTROL,2005,COMM ANIMAL CARE AND CONTROL,169,TECHNICAL MEETING COSTS,1068,1068,1068
LOCAL,0100,CORPORATE FUND,73,COMM ANIMAL CARE AND CONTROL,2005,COMM ANIMAL CARE AND CONTROL,181,MOBILE COMMUNICATION SERVICES,30000,30000,24000
LOCAL,0100,CORPORATE FUND,73,COMM ANIMAL CARE AND CONTROL,2005,COMM ANIMAL CARE AND CONTROL,190,TELEPHONE - NON-CENTREX BILLINGS,7000,7000,7000
LOCAL,0100,CORPORATE FUND,73,COMM ANIMAL CARE AND CONTROL,2005,COMM ANIMAL CARE AND CONTROL,196,DATA CIRCUITS,2600,2600,2650
LOCAL,0100,CORPORATE FUND,73,COMM ANIMAL CARE AND CONTROL,2005,COMM ANIMAL CARE AND CONTROL,197,TELEPHONE - MAINTENANCE,1065,1065,1015
LOCAL,0100,CORPORATE FUND,73,COMM ANIMAL CARE AND CONTROL,2005,COMM ANIMAL CARE AND CONTROL,245,REIMBURSEMENT TO TRAVELERS,480,480,480
LOCAL,0100,CORPORATE FUND,73,COMM ANIMAL CARE AND CONTROL,2005,COMM ANIMAL CARE AND CONTROL,313,CLEANING AND SANITATION SUPPLIES,70028,70028,70028
LOCAL,0100,CORPORATE FUND,73,COMM ANIMAL CARE AND CONTROL,2005,COMM ANIMAL CARE AND CONTROL,330,FOOD,105000,105000,113278
LOCAL,0100,CORPORATE FUND,84,CHICAGO DEPT OF TRANSPORTATION,2115,ADMINISTRATION,130,POSTAGE,3000,3000,4000
LOCAL,0100,CORPORATE FUND,73,COMM ANIMAL CARE AND CONTROL,2005,COMM ANIMAL CARE AND CONTROL,340,MATERIAL AND SUPPLIES,20316,20316,20316
LOCAL,0100,CORPORATE FUND,73,COMM ANIMAL CARE AND CONTROL,2005,COMM ANIMAL CARE AND CONTROL,342,"DRUGS, MEDICINE AND CHEMICAL MATERIALS",220700,220700,230200
LOCAL,0100,CORPORATE FUND,73,COMM ANIMAL CARE AND CONTROL,2005,COMM ANIMAL CARE AND CONTROL,350,STATIONERY AND OFFICE SUPPLIES,9164,9164,9164
LOCAL,0100,CORPORATE FUND,73,COMM ANIMAL CARE AND CONTROL,2005,COMM ANIMAL CARE AND CONTROL,360,REPAIR PARTS AND MATERIAL,2093,2093,2093
GRANTS,0P21,ANIMAL CARE AND CONTROL,73,COMM ANIMAL CARE AND CONTROL,2805,DOG RESCUE PROJECT,140,PROFESSIONAL AND TECHNICAL SERVICES,10000,10000,0
GRANTS,0P21,ANIMAL CARE AND CONTROL,73,COMM ANIMAL CARE AND CONTROL,2807,DOG PAVILION RENOVATION,140,PROFESSIONAL AND TECHNICAL SERVICES,2000000,2000000,0
LOCAL,0100,CORPORATE FUND,77,LICENSE APPEAL COMMISSION,2005,LICENSE APPEAL COMMISSION,5,SALARIES AND WAGES - ON PAYROLL,65436,65436,66684
LOCAL,0100,CORPORATE FUND,77,LICENSE APPEAL COMMISSION,2005,LICENSE APPEAL COMMISSION,11,CONTRACT WAGE - SALARY,0,0,333
LOCAL,0100,CORPORATE FUND,77,LICENSE APPEAL COMMISSION,2005,LICENSE APPEAL COMMISSION,130,POSTAGE,195,195,177
LOCAL,0100,CORPORATE FUND,77,LICENSE APPEAL COMMISSION,2005,LICENSE APPEAL COMMISSION,140,PROFESSIONAL AND TECHNICAL SERVICES,82223,82223,82223
LOCAL,0100,CORPORATE FUND,77,LICENSE APPEAL COMMISSION,2005,LICENSE APPEAL COMMISSION,143,COURT REPORTING,17500,17500,17500
LOCAL,0100,CORPORATE FUND,77,LICENSE APPEAL COMMISSION,2005,LICENSE APPEAL COMMISSION,157,RENTAL EQUIPMENT AND SERVICES,1260,1260,884
LOCAL,0100,CORPORATE FUND,77,LICENSE APPEAL COMMISSION,2005,LICENSE APPEAL COMMISSION,162,REPAIR/MAINT EQUIPMENT,225,225,216
LOCAL,0100,CORPORATE FUND,77,LICENSE APPEAL COMMISSION,2005,LICENSE APPEAL COMMISSION,190,TELEPHONE - NON-CENTREX BILLINGS,900,900,1000
LOCAL,0100,CORPORATE FUND,77,LICENSE APPEAL COMMISSION,2005,LICENSE APPEAL COMMISSION,197,TELEPHONE - MAINTENANCE,100,100,100
LOCAL,0100,CORPORATE FUND,77,LICENSE APPEAL COMMISSION,2005,LICENSE APPEAL COMMISSION,340,MATERIAL AND SUPPLIES,456,456,500
LOCAL,0100,CORPORATE FUND,78,BOARD OF ETHICS,2005,BOARD OF ETHICS,5,SALARIES AND WAGES - ON PAYROLL,678984,678984,750852
LOCAL,0100,CORPORATE FUND,78,BOARD OF ETHICS,2005,BOARD OF ETHICS,11,CONTRACT WAGE - SALARY,0,0,383
LOCAL,0100,CORPORATE FUND,78,BOARD OF ETHICS,2005,BOARD OF ETHICS,15,SCHEDULE SALARY ADJUSTMENTS,2386,2386,2685
LOCAL,0100,CORPORATE FUND,78,BOARD OF ETHICS,2005,BOARD OF ETHICS,130,POSTAGE,3530,3530,3739
LOCAL,0100,CORPORATE FUND,78,BOARD OF ETHICS,2005,BOARD OF ETHICS,140,PROFESSIONAL AND TECHNICAL SERVICES,62488,62488,56219
LOCAL,0100,CORPORATE FUND,78,BOARD OF ETHICS,2005,BOARD OF ETHICS,157,RENTAL EQUIPMENT AND SERVICES,0,0,3832
LOCAL,0100,CORPORATE FUND,78,BOARD OF ETHICS,2005,BOARD OF ETHICS,159,LEASE PURCHASE AGREEMNT,0,0,3600
LOCAL,0100,CORPORATE FUND,78,BOARD OF ETHICS,2005,BOARD OF ETHICS,162,REPAIR/MAINT EQUIPMENT,10054,10054,2396
LOCAL,0100,CORPORATE FUND,78,BOARD OF ETHICS,2005,BOARD OF ETHICS,166,"DUES, SUBSC & MEM",0,0,2713
LOCAL,0100,CORPORATE FUND,78,BOARD OF ETHICS,2005,BOARD OF ETHICS,169,TECHNICAL MEETING COSTS,1284,1284,1284
LOCAL,0100,CORPORATE FUND,78,BOARD OF ETHICS,2005,BOARD OF ETHICS,178,FREIGHT AND EXPRESS CHARGES,3644,3644,3644
LOCAL,0100,CORPORATE FUND,78,BOARD OF ETHICS,2005,BOARD OF ETHICS,190,TELEPHONE - NON-CENTREX BILLINGS,3800,3800,3800
LOCAL,0100,CORPORATE FUND,78,BOARD OF ETHICS,2005,BOARD OF ETHICS,197,TELEPHONE - MAINTENANCE,855,855,855
LOCAL,0100,CORPORATE FUND,78,BOARD OF ETHICS,2005,BOARD OF ETHICS,229,TRANSPORTATION AND EXPENSE ALLOWANCE,165,165,165
LOCAL,0100,CORPORATE FUND,78,BOARD OF ETHICS,2005,BOARD OF ETHICS,245,REIMBURSEMENT TO TRAVELERS,2583,2583,4160
LOCAL,0100,CORPORATE FUND,78,BOARD OF ETHICS,2005,BOARD OF ETHICS,270,LOCAL TRANSPORTATION,2400,2400,2400
LOCAL,0100,CORPORATE FUND,78,BOARD OF ETHICS,2005,BOARD OF ETHICS,348,BOOKS AND RELATED MATERIAL,595,595,595
LOCAL,0100,CORPORATE FUND,78,BOARD OF ETHICS,2005,BOARD OF ETHICS,350,STATIONERY AND OFFICE SUPPLIES,2615,2615,2615
LOCAL,0100,CORPORATE FUND,81,DEPT STREETS AND SANITATION,2005,COMMISSIONER'S OFFICE,5,SALARIES AND WAGES - ON PAYROLL,1223171,1223171,1383359
LOCAL,0100,CORPORATE FUND,81,DEPT STREETS AND SANITATION,2005,COMMISSIONER'S OFFICE,11,CONTRACT WAGE - SALARY,0,0,785
LOCAL,0100,CORPORATE FUND,81,DEPT STREETS AND SANITATION,2005,COMMISSIONER'S OFFICE,12,CONTRACT WAGE - PREVAILING RATE,0,0,759
LOCAL,0100,CORPORATE FUND,81,DEPT STREETS AND SANITATION,2005,COMMISSIONER'S OFFICE,15,SCHEDULE SALARY ADJUSTMENTS,4166,4166,3252
LOCAL,0100,CORPORATE FUND,81,DEPT STREETS AND SANITATION,2005,COMMISSIONER'S OFFICE,126,OFFICE CONVENIENCES,200,200,150
LOCAL,0100,CORPORATE FUND,81,DEPT STREETS AND SANITATION,2005,COMMISSIONER'S OFFICE,130,POSTAGE,6230,6230,6230
LOCAL,0100,CORPORATE FUND,81,DEPT STREETS AND SANITATION,2005,COMMISSIONER'S OFFICE,140,PROFESSIONAL AND TECHNICAL SERVICES,23852,23852,23852
LOCAL,0100,CORPORATE FUND,81,DEPT STREETS AND SANITATION,2005,COMMISSIONER'S OFFICE,154,RENTAL-DATA HARDWARE EQ,1500,1500,1500
LOCAL,0100,CORPORATE FUND,81,DEPT STREETS AND SANITATION,2005,COMMISSIONER'S OFFICE,157,RENTAL EQUIPMENT AND SERVICES,898,898,898
LOCAL,0100,CORPORATE FUND,81,DEPT STREETS AND SANITATION,2005,COMMISSIONER'S OFFICE,162,REPAIR/MAINT EQUIPMENT,4022,4022,4022
LOCAL,0100,CORPORATE FUND,81,DEPT STREETS AND SANITATION,2005,COMMISSIONER'S OFFICE,166,"DUES, SUBSC & MEM",603,603,603
LOCAL,0100,CORPORATE FUND,81,DEPT STREETS AND SANITATION,2005,COMMISSIONER'S OFFICE,169,TECHNICAL MEETING COSTS,275,275,275
LOCAL,0100,CORPORATE FUND,81,DEPT STREETS AND SANITATION,2005,COMMISSIONER'S OFFICE,181,MOBILE COMMUNICATION SERVICES,125000,125000,125000
LOCAL,0100,CORPORATE FUND,81,DEPT STREETS AND SANITATION,2005,COMMISSIONER'S OFFICE,190,TELEPHONE - NON-CENTREX BILLINGS,53800,53800,51775
LOCAL,0100,CORPORATE FUND,81,DEPT STREETS AND SANITATION,2005,COMMISSIONER'S OFFICE,196,DATA CIRCUITS,1400,1400,1400
LOCAL,0100,CORPORATE FUND,81,DEPT STREETS AND SANITATION,2005,COMMISSIONER'S OFFICE,197,TELEPHONE - MAINTENANCE,9000,9000,8500
LOCAL,0100,CORPORATE FUND,81,DEPT STREETS AND SANITATION,2005,COMMISSIONER'S OFFICE,245,REIMBURSEMENT TO TRAVELERS,500,500,500
LOCAL,0100,CORPORATE FUND,81,DEPT STREETS AND SANITATION,2005,COMMISSIONER'S OFFICE,340,MATERIAL AND SUPPLIES,2500,2500,2500
LOCAL,0100,CORPORATE FUND,81,DEPT STREETS AND SANITATION,2005,COMMISSIONER'S OFFICE,348,BOOKS AND RELATED MATERIAL,200,200,200
LOCAL,0100,CORPORATE FUND,81,DEPT STREETS AND SANITATION,2005,COMMISSIONER'S OFFICE,350,STATIONERY AND OFFICE SUPPLIES,6100,6100,6000
LOCAL,0100,CORPORATE FUND,81,DEPT STREETS AND SANITATION,2005,COMMISSIONER'S OFFICE,931,TORT/NON-TORT JUDGMENT,540000,540000,540000
LOCAL,0100,CORPORATE FUND,81,DEPT STREETS AND SANITATION,2006,ADMINISTRATIVE SERV DIVISION,5,SALARIES AND WAGES - ON PAYROLL,4406619,4406619,4314629
LOCAL,0100,CORPORATE FUND,81,DEPT STREETS AND SANITATION,2006,ADMINISTRATIVE SERV DIVISION,11,CONTRACT WAGE - SALARY,0,0,1905
LOCAL,0100,CORPORATE FUND,81,DEPT STREETS AND SANITATION,2006,ADMINISTRATIVE SERV DIVISION,12,CONTRACT WAGE - PREVAILING RATE,38859,38859,11990
LOCAL,0100,CORPORATE FUND,81,DEPT STREETS AND SANITATION,2006,ADMINISTRATIVE SERV DIVISION,15,SCHEDULE SALARY ADJUSTMENTS,8670,8670,14409
LOCAL,0100,CORPORATE FUND,81,DEPT STREETS AND SANITATION,2006,ADMINISTRATIVE SERV DIVISION,20,OVERTIME,1000,1000,1000
LOCAL,0100,CORPORATE FUND,81,DEPT STREETS AND SANITATION,2006,ADMINISTRATIVE SERV DIVISION,130,POSTAGE,3000,3000,3000
LOCAL,0100,CORPORATE FUND,81,DEPT STREETS AND SANITATION,2006,ADMINISTRATIVE SERV DIVISION,140,PROFESSIONAL AND TECHNICAL SERVICES,2500,2500,2500
LOCAL,0100,CORPORATE FUND,81,DEPT STREETS AND SANITATION,2006,ADMINISTRATIVE SERV DIVISION,159,LEASE PURCHASE AGREEMNT,25928,25928,25928
LOCAL,0100,CORPORATE FUND,81,DEPT STREETS AND SANITATION,2006,ADMINISTRATIVE SERV DIVISION,162,REPAIR/MAINT EQUIPMENT,7000,7000,7000
LOCAL,0100,CORPORATE FUND,81,DEPT STREETS AND SANITATION,2006,ADMINISTRATIVE SERV DIVISION,190,TELEPHONE - NON-CENTREX BILLINGS,8000,8000,7700
LOCAL,0100,CORPORATE FUND,81,DEPT STREETS AND SANITATION,2006,ADMINISTRATIVE SERV DIVISION,197,TELEPHONE - MAINTENANCE,900,900,800
LOCAL,0100,CORPORATE FUND,81,DEPT STREETS AND SANITATION,2006,ADMINISTRATIVE SERV DIVISION,229,TRANSPORTATION AND EXPENSE ALLOWANCE,500,500,475
LOCAL,0100,CORPORATE FUND,81,DEPT STREETS AND SANITATION,2006,ADMINISTRATIVE SERV DIVISION,270,LOCAL TRANSPORTATION,100,100,75
LOCAL,0100,CORPORATE FUND,81,DEPT STREETS AND SANITATION,2006,ADMINISTRATIVE SERV DIVISION,319,CLOTHING,600,600,600
LOCAL,0100,CORPORATE FUND,81,DEPT STREETS AND SANITATION,2006,ADMINISTRATIVE SERV DIVISION,340,MATERIAL AND SUPPLIES,3000,3000,3000
LOCAL,0100,CORPORATE FUND,81,DEPT STREETS AND SANITATION,2006,ADMINISTRATIVE SERV DIVISION,350,STATIONERY AND OFFICE SUPPLIES,6000,6000,6000
LOCAL,0100,CORPORATE FUND,81,DEPT STREETS AND SANITATION,2006,ADMINISTRATIVE SERV DIVISION,440,MACHINERY AND EQUIPMENT,100,100,100
LOCAL,0100,CORPORATE FUND,81,DEPT STREETS AND SANITATION,2020,BUREAU OF SANITATION,5,SALARIES AND WAGES - ON PAYROLL,98229332,98229332,98486563
LOCAL,0100,CORPORATE FUND,81,DEPT STREETS AND SANITATION,2020,BUREAU OF SANITATION,11,CONTRACT WAGE - SALARY,0,0,1345
LOCAL,0100,CORPORATE FUND,81,DEPT STREETS AND SANITATION,2020,BUREAU OF SANITATION,12,CONTRACT WAGE - PREVAILING RATE,1846677,1846677,585612
LOCAL,0100,CORPORATE FUND,81,DEPT STREETS AND SANITATION,2020,BUREAU OF SANITATION,15,SCHEDULE SALARY ADJUSTMENTS,57317,57317,91422
LOCAL,0100,CORPORATE FUND,81,DEPT STREETS AND SANITATION,2020,BUREAU OF SANITATION,20,OVERTIME,3661453,3661453,3661453
LOCAL,0100,CORPORATE FUND,81,DEPT STREETS AND SANITATION,2020,BUREAU OF SANITATION,126,OFFICE CONVENIENCES,507,507,507
LOCAL,0100,CORPORATE FUND,81,DEPT STREETS AND SANITATION,2020,BUREAU OF SANITATION,130,POSTAGE,2046,2046,2046
LOCAL,0100,CORPORATE FUND,81,DEPT STREETS AND SANITATION,2020,BUREAU OF SANITATION,140,PROFESSIONAL AND TECHNICAL SERVICES,12042130,12042130,12644630
LOCAL,0100,CORPORATE FUND,81,DEPT STREETS AND SANITATION,2020,BUREAU OF SANITATION,157,RENTAL EQUIPMENT AND SERVICES,208380,208380,251184
LOCAL,0100,CORPORATE FUND,81,DEPT STREETS AND SANITATION,2020,BUREAU OF SANITATION,159,LEASE PURCHASE AGREEMNT,98055,98055,98055
LOCAL,0100,CORPORATE FUND,81,DEPT STREETS AND SANITATION,2020,BUREAU OF SANITATION,160,REPAIR/MAINT PROPERTY,1000,1000,1000
LOCAL,0100,CORPORATE FUND,81,DEPT STREETS AND SANITATION,2020,BUREAU OF SANITATION,162,REPAIR/MAINT EQUIPMENT,16763,16763,16763
LOCAL,0100,CORPORATE FUND,81,DEPT STREETS AND SANITATION,2020,BUREAU OF SANITATION,181,MOBILE COMMUNICATION SERVICES,85000,85000,86500
LOCAL,0100,CORPORATE FUND,81,DEPT STREETS AND SANITATION,2020,BUREAU OF SANITATION,185,WASTE DISPOSAL SERVICES,38205608,38205608,37505608
LOCAL,0100,CORPORATE FUND,81,DEPT STREETS AND SANITATION,2020,BUREAU OF SANITATION,188,VEHICLE TRACKING SERVICE,324488,324488,324420
LOCAL,0100,CORPORATE FUND,81,DEPT STREETS AND SANITATION,2020,BUREAU OF SANITATION,189,TELEPHONE - NON-CENTREX BILLINGS,4100,4100,4200
LOCAL,0100,CORPORATE FUND,81,DEPT STREETS AND SANITATION,2020,BUREAU OF SANITATION,190,TELEPHONE - NON-CENTREX BILLINGS,85000,85000,81800
LOCAL,0100,CORPORATE FUND,81,DEPT STREETS AND SANITATION,2020,BUREAU OF SANITATION,196,DATA CIRCUITS,28000,28000,28375
LOCAL,0100,CORPORATE FUND,81,DEPT STREETS AND SANITATION,2020,BUREAU OF SANITATION,197,TELEPHONE - MAINTENANCE,10000,10000,9700
LOCAL,0100,CORPORATE FUND,81,DEPT STREETS AND SANITATION,2020,BUREAU OF SANITATION,229,TRANSPORTATION AND EXPENSE ALLOWANCE,500,500,495
LOCAL,0100,CORPORATE FUND,81,DEPT STREETS AND SANITATION,2020,BUREAU OF SANITATION,245,REIMBURSEMENT TO TRAVELERS,1000,1000,1000
LOCAL,0100,CORPORATE FUND,81,DEPT STREETS AND SANITATION,2020,BUREAU OF SANITATION,313,CLEANING AND SANITATION SUPPLIES,24561,24561,24561
LOCAL,0100,CORPORATE FUND,81,DEPT STREETS AND SANITATION,2020,BUREAU OF SANITATION,319,CLOTHING,88190,88190,88190
LOCAL,0100,CORPORATE FUND,81,DEPT STREETS AND SANITATION,2020,BUREAU OF SANITATION,340,MATERIAL AND SUPPLIES,92655,92655,92564
LOCAL,0100,CORPORATE FUND,81,DEPT STREETS AND SANITATION,2020,BUREAU OF SANITATION,350,STATIONERY AND OFFICE SUPPLIES,14735,14735,14530
LOCAL,0100,CORPORATE FUND,81,DEPT STREETS AND SANITATION,2020,BUREAU OF SANITATION,401,TOOL <= $100 UNIT,71412,71412,71393
LOCAL,0100,CORPORATE FUND,81,DEPT STREETS AND SANITATION,2020,BUREAU OF SANITATION,423,COMMUNICATION DEVICES,42100,42100,42100
LOCAL,0100,CORPORATE FUND,81,DEPT STREETS AND SANITATION,2045,BUREAU OF STREET OPERATIONS,5,SALARIES AND WAGES - ON PAYROLL,17669973,17669973,17765636
LOCAL,0100,CORPORATE FUND,81,DEPT STREETS AND SANITATION,2045,BUREAU OF STREET OPERATIONS,11,CONTRACT WAGE - SALARY,0,0,349
LOCAL,0100,CORPORATE FUND,81,DEPT STREETS AND SANITATION,2045,BUREAU OF STREET OPERATIONS,12,CONTRACT WAGE - PREVAILING RATE,191000,191000,71300
LOCAL,0100,CORPORATE FUND,81,DEPT STREETS AND SANITATION,2045,BUREAU OF STREET OPERATIONS,15,SCHEDULE SALARY ADJUSTMENTS,79573,79573,67982
LOCAL,0100,CORPORATE FUND,81,DEPT STREETS AND SANITATION,2045,BUREAU OF STREET OPERATIONS,20,OVERTIME,42500,42500,29000
LOCAL,0100,CORPORATE FUND,81,DEPT STREETS AND SANITATION,2045,BUREAU OF STREET OPERATIONS,140,PROFESSIONAL AND TECHNICAL SERVICES,600000,600000,600000
LOCAL,0100,CORPORATE FUND,81,DEPT STREETS AND SANITATION,2045,BUREAU OF STREET OPERATIONS,157,RENTAL EQUIPMENT AND SERVICES,1620000,1620000,1620000
LOCAL,0100,CORPORATE FUND,81,DEPT STREETS AND SANITATION,2045,BUREAU OF STREET OPERATIONS,162,REPAIR/MAINT EQUIPMENT,7586,7586,7586
LOCAL,0100,CORPORATE FUND,81,DEPT STREETS AND SANITATION,2045,BUREAU OF STREET OPERATIONS,166,"DUES, SUBSC & MEM",125,125,0
LOCAL,0100,CORPORATE FUND,81,DEPT STREETS AND SANITATION,2045,BUREAU OF STREET OPERATIONS,229,TRANSPORTATION AND EXPENSE ALLOWANCE,100,100,100
LOCAL,0100,CORPORATE FUND,81,DEPT STREETS AND SANITATION,2045,BUREAU OF STREET OPERATIONS,313,CLEANING AND SANITATION SUPPLIES,325,325,600
LOCAL,0100,CORPORATE FUND,81,DEPT STREETS AND SANITATION,2045,BUREAU OF STREET OPERATIONS,319,CLOTHING,14938,14938,8025
LOCAL,0100,CORPORATE FUND,81,DEPT STREETS AND SANITATION,2045,BUREAU OF STREET OPERATIONS,340,MATERIAL AND SUPPLIES,44836,44836,44900
LOCAL,0100,CORPORATE FUND,81,DEPT STREETS AND SANITATION,2045,BUREAU OF STREET OPERATIONS,341,CHEMICALS,82667,82667,50000
LOCAL,0100,CORPORATE FUND,81,DEPT STREETS AND SANITATION,2045,BUREAU OF STREET OPERATIONS,350,STATIONERY AND OFFICE SUPPLIES,5500,5500,5500
LOCAL,0100,CORPORATE FUND,81,DEPT STREETS AND SANITATION,2045,BUREAU OF STREET OPERATIONS,360,REPAIR PARTS AND MATERIAL,417,417,0
LOCAL,0100,CORPORATE FUND,81,DEPT STREETS AND SANITATION,2045,BUREAU OF STREET OPERATIONS,362,PAINTS AND PAINTING SUPPLIES,40000,40000,81000
LOCAL,0100,CORPORATE FUND,81,DEPT STREETS AND SANITATION,2045,BUREAU OF STREET OPERATIONS,401,TOOL <= $100 UNIT,6100,6100,6000
LOCAL,0100,CORPORATE FUND,81,DEPT STREETS AND SANITATION,2045,BUREAU OF STREET OPERATIONS,423,COMMUNICATION DEVICES,21480,21480,20350
LOCAL,0100,CORPORATE FUND,81,DEPT STREETS AND SANITATION,2060,BUREAU OF FORESTRY,5,SALARIES AND WAGES - ON PAYROLL,12045052,12045052,12034932
LOCAL,0100,CORPORATE FUND,81,DEPT STREETS AND SANITATION,2060,BUREAU OF FORESTRY,11,CONTRACT WAGE - SALARY,0,0,2299
LOCAL,0100,CORPORATE FUND,81,DEPT STREETS AND SANITATION,2060,BUREAU OF FORESTRY,12,CONTRACT WAGE - PREVAILING RATE,210749,210749,68131
LOCAL,0100,CORPORATE FUND,81,DEPT STREETS AND SANITATION,2060,BUREAU OF FORESTRY,15,SCHEDULE SALARY ADJUSTMENTS,9074,9074,7189
LOCAL,0100,CORPORATE FUND,81,DEPT STREETS AND SANITATION,2060,BUREAU OF FORESTRY,20,OVERTIME,99938,99938,549938
LOCAL,0100,CORPORATE FUND,81,DEPT STREETS AND SANITATION,2060,BUREAU OF FORESTRY,126,OFFICE CONVENIENCES,1422,1422,1396
LOCAL,0100,CORPORATE FUND,81,DEPT STREETS AND SANITATION,2060,BUREAU OF FORESTRY,130,POSTAGE,150,150,120
LOCAL,0100,CORPORATE FUND,81,DEPT STREETS AND SANITATION,2060,BUREAU OF FORESTRY,140,PROFESSIONAL AND TECHNICAL SERVICES,923120,923120,723120
LOCAL,0100,CORPORATE FUND,81,DEPT STREETS AND SANITATION,2060,BUREAU OF FORESTRY,154,RENTAL-DATA HARDWARE EQ,2823,2823,2823
LOCAL,0100,CORPORATE FUND,81,DEPT STREETS AND SANITATION,2060,BUREAU OF FORESTRY,157,RENTAL EQUIPMENT AND SERVICES,717552,717552,607058
LOCAL,0100,CORPORATE FUND,81,DEPT STREETS AND SANITATION,2060,BUREAU OF FORESTRY,159,LEASE PURCHASE AGREEMNT,7911,7911,7911
LOCAL,0100,CORPORATE FUND,81,DEPT STREETS AND SANITATION,2060,BUREAU OF FORESTRY,160,REPAIR/MAINT PROPERTY,518,518,518
LOCAL,0100,CORPORATE FUND,81,DEPT STREETS AND SANITATION,2060,BUREAU OF FORESTRY,162,REPAIR/MAINT EQUIPMENT,5214,5214,5214
LOCAL,0100,CORPORATE FUND,81,DEPT STREETS AND SANITATION,2060,BUREAU OF FORESTRY,188,VEHICLE TRACKING SERVICE,72150,72150,72150
LOCAL,0100,CORPORATE FUND,81,DEPT STREETS AND SANITATION,2060,BUREAU OF FORESTRY,190,TELEPHONE - NON-CENTREX BILLINGS,10000,10000,9625
LOCAL,0100,CORPORATE FUND,81,DEPT STREETS AND SANITATION,2060,BUREAU OF FORESTRY,197,TELEPHONE - MAINTENANCE,2300,2300,2200
LOCAL,0100,CORPORATE FUND,81,DEPT STREETS AND SANITATION,2060,BUREAU OF FORESTRY,229,TRANSPORTATION AND EXPENSE ALLOWANCE,32000,32000,32000
LOCAL,0100,CORPORATE FUND,81,DEPT STREETS AND SANITATION,2060,BUREAU OF FORESTRY,245,REIMBURSEMENT TO TRAVELERS,250,250,250
LOCAL,0100,CORPORATE FUND,81,DEPT STREETS AND SANITATION,2060,BUREAU OF FORESTRY,313,CLEANING AND SANITATION SUPPLIES,2813,2813,2813
LOCAL,0100,CORPORATE FUND,81,DEPT STREETS AND SANITATION,2060,BUREAU OF FORESTRY,319,CLOTHING,6900,6900,6900
LOCAL,0100,CORPORATE FUND,81,DEPT STREETS AND SANITATION,2060,BUREAU OF FORESTRY,340,MATERIAL AND SUPPLIES,54587,54587,54587
LOCAL,0100,CORPORATE FUND,81,DEPT STREETS AND SANITATION,2060,BUREAU OF FORESTRY,345,APPARATUS AND INSTRUMENTS,657,657,657
LOCAL,0100,CORPORATE FUND,81,DEPT STREETS AND SANITATION,2060,BUREAU OF FORESTRY,350,STATIONERY AND OFFICE SUPPLIES,6000,6000,6000
LOCAL,0100,CORPORATE FUND,81,DEPT STREETS AND SANITATION,2060,BUREAU OF FORESTRY,360,REPAIR PARTS AND MATERIAL,33304,33304,33304
LOCAL,0100,CORPORATE FUND,81,DEPT STREETS AND SANITATION,2060,BUREAU OF FORESTRY,361,BUILDING MATERIALS AND SUPPLIES,1823,1823,1823
LOCAL,0100,CORPORATE FUND,81,DEPT STREETS AND SANITATION,2060,BUREAU OF FORESTRY,362,PAINTS AND PAINTING SUPPLIES,952,952,952
LOCAL,0100,CORPORATE FUND,81,DEPT STREETS AND SANITATION,2060,BUREAU OF FORESTRY,363,"STRUCTURAL STEELS, IRON, OTHER MATERIALS",308,308,308
LOCAL,0100,CORPORATE FUND,81,DEPT STREETS AND SANITATION,2060,BUREAU OF FORESTRY,423,COMMUNICATION DEVICES,13630,13630,13630
LOCAL,0100,CORPORATE FUND,81,DEPT STREETS AND SANITATION,2060,BUREAU OF FORESTRY,440,MACHINERY AND EQUIPMENT,150,150,150
LOCAL,0300,VEHICLE FUND,81,DEPT STREETS AND SANITATION,2020,BUREAU OF SANITATION,5,SALARIES AND WAGES - ON PAYROLL,5473492,5473492,5629268
LOCAL,0300,VEHICLE FUND,81,DEPT STREETS AND SANITATION,2020,BUREAU OF SANITATION,12,CONTRACT WAGE - PREVAILING RATE,143517,143517,47866
LOCAL,0300,VEHICLE FUND,81,DEPT STREETS AND SANITATION,2020,BUREAU OF SANITATION,20,OVERTIME,20000,20000,20000
LOCAL,0300,VEHICLE FUND,81,DEPT STREETS AND SANITATION,2020,BUREAU OF SANITATION,150,PUBLICATN & REPRODT-OUT,72000,72000,72000
LOCAL,0300,VEHICLE FUND,81,DEPT STREETS AND SANITATION,2020,BUREAU OF SANITATION,157,RENTAL EQUIPMENT AND SERVICES,2717395,2717395,2717395
LOCAL,0300,VEHICLE FUND,81,DEPT STREETS AND SANITATION,2020,BUREAU OF SANITATION,188,VEHICLE TRACKING SERVICE,46620,46620,46620
LOCAL,0300,VEHICLE FUND,81,DEPT STREETS AND SANITATION,2020,BUREAU OF SANITATION,340,MATERIAL AND SUPPLIES,18700,18700,18700
LOCAL,0300,VEHICLE FUND,81,DEPT STREETS AND SANITATION,2020,BUREAU OF SANITATION,423,COMMUNICATION DEVICES,28640,28640,28640
LOCAL,0300,VEHICLE FUND,81,DEPT STREETS AND SANITATION,2045,BUREAU OF STREET OPERATIONS,5,SALARIES AND WAGES - ON PAYROLL,2427637,2427637,2832262
LOCAL,0300,VEHICLE FUND,81,DEPT STREETS AND SANITATION,2045,BUREAU OF STREET OPERATIONS,11,CONTRACT WAGE - SALARY,0,0,682
LOCAL,0300,VEHICLE FUND,81,DEPT STREETS AND SANITATION,2045,BUREAU OF STREET OPERATIONS,12,CONTRACT WAGE - PREVAILING RATE,44141,44141,17389
LOCAL,0300,VEHICLE FUND,81,DEPT STREETS AND SANITATION,2045,BUREAU OF STREET OPERATIONS,15,SCHEDULE SALARY ADJUSTMENTS,8956,8956,4930
LOCAL,0300,VEHICLE FUND,81,DEPT STREETS AND SANITATION,2045,BUREAU OF STREET OPERATIONS,20,OVERTIME,1062480,1062480,1144000
LOCAL,0300,VEHICLE FUND,81,DEPT STREETS AND SANITATION,2045,BUREAU OF STREET OPERATIONS,126,OFFICE CONVENIENCES,2500,2500,3700
LOCAL,0300,VEHICLE FUND,81,DEPT STREETS AND SANITATION,2045,BUREAU OF STREET OPERATIONS,140,PROFESSIONAL AND TECHNICAL SERVICES,300000,300000,250000
LOCAL,0100,CORPORATE FUND,84,CHICAGO DEPT OF TRANSPORTATION,2130,TRAFFIC SAFETY,166,"DUES, SUBSC & MEM",0,0,2820
LOCAL,0300,VEHICLE FUND,81,DEPT STREETS AND SANITATION,2045,BUREAU OF STREET OPERATIONS,157,RENTAL EQUIPMENT AND SERVICES,25000,25000,70208
LOCAL,0300,VEHICLE FUND,81,DEPT STREETS AND SANITATION,2045,BUREAU OF STREET OPERATIONS,159,LEASE PURCHASE AGREEMNT,3640,3640,3640
LOCAL,0300,VEHICLE FUND,81,DEPT STREETS AND SANITATION,2045,BUREAU OF STREET OPERATIONS,162,REPAIR/MAINT EQUIPMENT,9448,9448,9448
LOCAL,0300,VEHICLE FUND,81,DEPT STREETS AND SANITATION,2045,BUREAU OF STREET OPERATIONS,181,MOBILE COMMUNICATION SERVICES,15000,15000,15000
LOCAL,0300,VEHICLE FUND,81,DEPT STREETS AND SANITATION,2045,BUREAU OF STREET OPERATIONS,185,WASTE DISPOSAL SERVICES,1864000,1864000,1864000
LOCAL,0300,VEHICLE FUND,81,DEPT STREETS AND SANITATION,2045,BUREAU OF STREET OPERATIONS,190,TELEPHONE - NON-CENTREX BILLINGS,23000,23000,23400
LOCAL,0300,VEHICLE FUND,81,DEPT STREETS AND SANITATION,2045,BUREAU OF STREET OPERATIONS,196,DATA CIRCUITS,11500,11500,11300
LOCAL,0300,VEHICLE FUND,81,DEPT STREETS AND SANITATION,2045,BUREAU OF STREET OPERATIONS,197,TELEPHONE - MAINTENANCE,6500,6500,6400
LOCAL,0300,VEHICLE FUND,81,DEPT STREETS AND SANITATION,2045,BUREAU OF STREET OPERATIONS,229,TRANSPORTATION AND EXPENSE ALLOWANCE,100,100,100
LOCAL,0300,VEHICLE FUND,81,DEPT STREETS AND SANITATION,2045,BUREAU OF STREET OPERATIONS,313,CLEANING AND SANITATION SUPPLIES,825,825,3400
LOCAL,0300,VEHICLE FUND,81,DEPT STREETS AND SANITATION,2045,BUREAU OF STREET OPERATIONS,319,CLOTHING,4000,4000,1600
LOCAL,0300,VEHICLE FUND,81,DEPT STREETS AND SANITATION,2045,BUREAU OF STREET OPERATIONS,340,MATERIAL AND SUPPLIES,269495,269495,237755
LOCAL,0300,VEHICLE FUND,81,DEPT STREETS AND SANITATION,2045,BUREAU OF STREET OPERATIONS,341,CHEMICALS,63000,63000,63000
LOCAL,0300,VEHICLE FUND,81,DEPT STREETS AND SANITATION,2045,BUREAU OF STREET OPERATIONS,350,STATIONERY AND OFFICE SUPPLIES,10000,10000,15000
LOCAL,0300,VEHICLE FUND,81,DEPT STREETS AND SANITATION,2045,BUREAU OF STREET OPERATIONS,360,REPAIR PARTS AND MATERIAL,400,400,400
LOCAL,0300,VEHICLE FUND,81,DEPT STREETS AND SANITATION,2045,BUREAU OF STREET OPERATIONS,401,TOOL <= $100 UNIT,20000,20000,22700
LOCAL,0300,VEHICLE FUND,81,DEPT STREETS AND SANITATION,2045,BUREAU OF STREET OPERATIONS,402,TOOLS > $100 UNIT,13000,13000,13000
LOCAL,0300,VEHICLE FUND,81,DEPT STREETS AND SANITATION,2045,BUREAU OF STREET OPERATIONS,422,OFFICE MACHINES,2500,2500,0
LOCAL,0300,VEHICLE FUND,81,DEPT STREETS AND SANITATION,2045,BUREAU OF STREET OPERATIONS,9438,REIMBURSEMENT - 2FM,6000,6000,6000
LOCAL,0300,VEHICLE FUND,81,DEPT STREETS AND SANITATION,2070,BUREAU OF TRAFFIC SERVICES,5,SALARIES AND WAGES - ON PAYROLL,12994982,12994982,12790861
LOCAL,0300,VEHICLE FUND,81,DEPT STREETS AND SANITATION,2070,BUREAU OF TRAFFIC SERVICES,11,CONTRACT WAGE - SALARY,0,0,14699
LOCAL,0300,VEHICLE FUND,81,DEPT STREETS AND SANITATION,2070,BUREAU OF TRAFFIC SERVICES,12,CONTRACT WAGE - PREVAILING RATE,212571,212571,70733
LOCAL,0300,VEHICLE FUND,81,DEPT STREETS AND SANITATION,2070,BUREAU OF TRAFFIC SERVICES,15,SCHEDULE SALARY ADJUSTMENTS,58572,58572,42901
LOCAL,0300,VEHICLE FUND,81,DEPT STREETS AND SANITATION,2070,BUREAU OF TRAFFIC SERVICES,20,OVERTIME,600000,600000,600000
LOCAL,0300,VEHICLE FUND,81,DEPT STREETS AND SANITATION,2070,BUREAU OF TRAFFIC SERVICES,91,UNIFORM ALLOWANCE,23000,23000,23000
LOCAL,0300,VEHICLE FUND,81,DEPT STREETS AND SANITATION,2070,BUREAU OF TRAFFIC SERVICES,126,OFFICE CONVENIENCES,1800,1800,2340
LOCAL,0300,VEHICLE FUND,81,DEPT STREETS AND SANITATION,2070,BUREAU OF TRAFFIC SERVICES,130,POSTAGE,493950,493950,477600
LOCAL,0300,VEHICLE FUND,81,DEPT STREETS AND SANITATION,2070,BUREAU OF TRAFFIC SERVICES,140,PROFESSIONAL AND TECHNICAL SERVICES,7959450,7959450,8045845
LOCAL,0300,VEHICLE FUND,81,DEPT STREETS AND SANITATION,2070,BUREAU OF TRAFFIC SERVICES,149,SOFTWARE MAINTENANCE AND LICENSING,65000,65000,0
LOCAL,0300,VEHICLE FUND,81,DEPT STREETS AND SANITATION,2070,BUREAU OF TRAFFIC SERVICES,150,PUBLICATN & REPRODT-OUT,5625,5625,5800
LOCAL,0300,VEHICLE FUND,81,DEPT STREETS AND SANITATION,2070,BUREAU OF TRAFFIC SERVICES,157,RENTAL EQUIPMENT AND SERVICES,139685,139685,69760
LOCAL,0300,VEHICLE FUND,81,DEPT STREETS AND SANITATION,2070,BUREAU OF TRAFFIC SERVICES,160,REPAIR/MAINT PROPERTY,7500,7500,7500
LOCAL,0300,VEHICLE FUND,81,DEPT STREETS AND SANITATION,2070,BUREAU OF TRAFFIC SERVICES,162,REPAIR/MAINT EQUIPMENT,25515,25515,14900
LOCAL,0300,VEHICLE FUND,81,DEPT STREETS AND SANITATION,2070,BUREAU OF TRAFFIC SERVICES,166,"DUES, SUBSC & MEM",0,0,200
LOCAL,0300,VEHICLE FUND,81,DEPT STREETS AND SANITATION,2070,BUREAU OF TRAFFIC SERVICES,169,TECHNICAL MEETING COSTS,473,473,0
LOCAL,0300,VEHICLE FUND,81,DEPT STREETS AND SANITATION,2070,BUREAU OF TRAFFIC SERVICES,181,MOBILE COMMUNICATION SERVICES,216000,216000,216000
LOCAL,0300,VEHICLE FUND,81,DEPT STREETS AND SANITATION,2070,BUREAU OF TRAFFIC SERVICES,188,VEHICLE TRACKING SERVICE,51250,51250,49000
LOCAL,0300,VEHICLE FUND,81,DEPT STREETS AND SANITATION,2070,BUREAU OF TRAFFIC SERVICES,189,TELEPHONE - NON-CENTREX BILLINGS,3900,3900,3900
LOCAL,0300,VEHICLE FUND,81,DEPT STREETS AND SANITATION,2070,BUREAU OF TRAFFIC SERVICES,190,TELEPHONE - NON-CENTREX BILLINGS,22000,22000,22700
LOCAL,0300,VEHICLE FUND,81,DEPT STREETS AND SANITATION,2070,BUREAU OF TRAFFIC SERVICES,197,TELEPHONE - MAINTENANCE,800,800,700
LOCAL,0300,VEHICLE FUND,81,DEPT STREETS AND SANITATION,2070,BUREAU OF TRAFFIC SERVICES,313,CLEANING AND SANITATION SUPPLIES,728,728,700
LOCAL,0300,VEHICLE FUND,81,DEPT STREETS AND SANITATION,2070,BUREAU OF TRAFFIC SERVICES,319,CLOTHING,15050,15050,7110
LOCAL,0300,VEHICLE FUND,81,DEPT STREETS AND SANITATION,2070,BUREAU OF TRAFFIC SERVICES,340,MATERIAL AND SUPPLIES,195735,195735,172960
LOCAL,0300,VEHICLE FUND,81,DEPT STREETS AND SANITATION,2070,BUREAU OF TRAFFIC SERVICES,350,STATIONERY AND OFFICE SUPPLIES,66454,66454,52850
LOCAL,0300,VEHICLE FUND,81,DEPT STREETS AND SANITATION,2070,BUREAU OF TRAFFIC SERVICES,989,REFUND CANCELLED VOUCHER,700000,700000,700000
LOCAL,0300,VEHICLE FUND,81,DEPT STREETS AND SANITATION,2070,BUREAU OF TRAFFIC SERVICES,992,TOW STORAGE REFUNDS,97000,97000,97000
LOCAL,0300,VEHICLE FUND,81,DEPT STREETS AND SANITATION,2070,BUREAU OF TRAFFIC SERVICES,9438,REIMBURSEMENT - 2FM,41350,41350,41350
LOCAL,0310,MOTOR FUEL TAX FUND,81,DEPT STREETS AND SANITATION,2047,SNOW AND ICE REMOVAL,5,SALARIES AND WAGES - ON PAYROLL,1252179,1252179,1276686
LOCAL,0310,MOTOR FUEL TAX FUND,81,DEPT STREETS AND SANITATION,2047,SNOW AND ICE REMOVAL,12,CONTRACT WAGE - PREVAILING RATE,37565,37565,12767
LOCAL,0310,MOTOR FUEL TAX FUND,81,DEPT STREETS AND SANITATION,2047,SNOW AND ICE REMOVAL,20,OVERTIME,2000000,2000000,2000000
LOCAL,0310,MOTOR FUEL TAX FUND,81,DEPT STREETS AND SANITATION,2047,SNOW AND ICE REMOVAL,140,PROFESSIONAL AND TECHNICAL SERVICES,1050000,1050000,915588
LOCAL,0310,MOTOR FUEL TAX FUND,81,DEPT STREETS AND SANITATION,2047,SNOW AND ICE REMOVAL,157,RENTAL EQUIPMENT AND SERVICES,260500,260500,260500
LOCAL,0310,MOTOR FUEL TAX FUND,81,DEPT STREETS AND SANITATION,2047,SNOW AND ICE REMOVAL,162,REPAIR/MAINT EQUIPMENT,63000,63000,64625
LOCAL,0310,MOTOR FUEL TAX FUND,81,DEPT STREETS AND SANITATION,2047,SNOW AND ICE REMOVAL,188,VEHICLE TRACKING SERVICE,208550,208550,195852
LOCAL,0310,MOTOR FUEL TAX FUND,81,DEPT STREETS AND SANITATION,2047,SNOW AND ICE REMOVAL,340,MATERIAL AND SUPPLIES,12119500,12119500,12402991
LOCAL,0310,MOTOR FUEL TAX FUND,81,DEPT STREETS AND SANITATION,2047,SNOW AND ICE REMOVAL,350,STATIONERY AND OFFICE SUPPLIES,7000,7000,1000
CDBG,0J41,CDBG,81,DEPT STREETS AND SANITATION,2505,COMMUNITY ENHANCEMENT,5,SALARIES AND WAGES - ON PAYROLL,3101301,3101301,3319389
CDBG,0J41,CDBG,81,DEPT STREETS AND SANITATION,2505,COMMUNITY ENHANCEMENT,12,CONTRACT WAGE - PREVAILING RATE,68933,68933,27218
CDBG,0J41,CDBG,81,DEPT STREETS AND SANITATION,2505,COMMUNITY ENHANCEMENT,44,FRINGE BENEFITS,1149652,1149652,1211910
CDBG,0J41,CDBG,81,DEPT STREETS AND SANITATION,2505,COMMUNITY ENHANCEMENT,140,PROFESSIONAL AND TECHNICAL SERVICES,1010400,1010400,2391769
CDBG,0J41,CDBG,81,DEPT STREETS AND SANITATION,2505,COMMUNITY ENHANCEMENT,157,RENTAL EQUIPMENT AND SERVICES,198300,198300,208576
CDBG,0J41,CDBG,81,DEPT STREETS AND SANITATION,2505,COMMUNITY ENHANCEMENT,162,REPAIR/MAINT EQUIPMENT,4800,4800,4800
CDBG,0J41,CDBG,81,DEPT STREETS AND SANITATION,2505,COMMUNITY ENHANCEMENT,188,VEHICLE TRACKING SERVICE,2583,2583,2583
CDBG,0J41,CDBG,81,DEPT STREETS AND SANITATION,2505,COMMUNITY ENHANCEMENT,319,CLOTHING,150,150,150
CDBG,0J41,CDBG,81,DEPT STREETS AND SANITATION,2505,COMMUNITY ENHANCEMENT,340,MATERIAL AND SUPPLIES,68512,68512,10000
CDBG,0J41,CDBG,81,DEPT STREETS AND SANITATION,2505,COMMUNITY ENHANCEMENT,341,CHEMICALS,102000,102000,102000
CDBG,0J41,CDBG,81,DEPT STREETS AND SANITATION,2505,COMMUNITY ENHANCEMENT,360,REPAIR PARTS AND MATERIAL,103219,103219,76000
CDBG,0J41,CDBG,81,DEPT STREETS AND SANITATION,2505,COMMUNITY ENHANCEMENT,362,PAINTS AND PAINTING SUPPLIES,120000,120000,175455
CDBG,0J41,CDBG,81,DEPT STREETS AND SANITATION,2505,COMMUNITY ENHANCEMENT,423,COMMUNICATION DEVICES,70150,70150,70150
LOCAL,0100,CORPORATE FUND,84,CHICAGO DEPT OF TRANSPORTATION,2105,COMMISSIONER'S OFFICE,5,SALARIES AND WAGES - ON PAYROLL,1136350,1136350,1900158
LOCAL,0100,CORPORATE FUND,84,CHICAGO DEPT OF TRANSPORTATION,2105,COMMISSIONER'S OFFICE,11,CONTRACT WAGE - SALARY,0,0,2638
LOCAL,0100,CORPORATE FUND,84,CHICAGO DEPT OF TRANSPORTATION,2105,COMMISSIONER'S OFFICE,15,SCHEDULE SALARY ADJUSTMENTS,296,296,3732
LOCAL,0100,CORPORATE FUND,84,CHICAGO DEPT OF TRANSPORTATION,2105,COMMISSIONER'S OFFICE,130,POSTAGE,2000,2000,1500
LOCAL,0100,CORPORATE FUND,84,CHICAGO DEPT OF TRANSPORTATION,2105,COMMISSIONER'S OFFICE,140,PROFESSIONAL AND TECHNICAL SERVICES,200000,200000,125000
LOCAL,0100,CORPORATE FUND,84,CHICAGO DEPT OF TRANSPORTATION,2105,COMMISSIONER'S OFFICE,150,PUBLICATN & REPRODT-OUT,450,450,450
LOCAL,0100,CORPORATE FUND,84,CHICAGO DEPT OF TRANSPORTATION,2105,COMMISSIONER'S OFFICE,157,RENTAL EQUIPMENT AND SERVICES,13000,13000,0
LOCAL,0100,CORPORATE FUND,84,CHICAGO DEPT OF TRANSPORTATION,2105,COMMISSIONER'S OFFICE,159,LEASE PURCHASE AGREEMNT,0,0,13690
LOCAL,0100,CORPORATE FUND,84,CHICAGO DEPT OF TRANSPORTATION,2105,COMMISSIONER'S OFFICE,160,REPAIR/MAINT PROPERTY,3000,3000,3000
LOCAL,0100,CORPORATE FUND,84,CHICAGO DEPT OF TRANSPORTATION,2105,COMMISSIONER'S OFFICE,162,REPAIR/MAINT EQUIPMENT,10000,10000,3000
LOCAL,0100,CORPORATE FUND,84,CHICAGO DEPT OF TRANSPORTATION,2105,COMMISSIONER'S OFFICE,166,"DUES, SUBSC & MEM",5000,5000,0
LOCAL,0100,CORPORATE FUND,84,CHICAGO DEPT OF TRANSPORTATION,2105,COMMISSIONER'S OFFICE,169,TECHNICAL MEETING COSTS,1500,1500,1100
LOCAL,0100,CORPORATE FUND,84,CHICAGO DEPT OF TRANSPORTATION,2105,COMMISSIONER'S OFFICE,173,EQUIPMENT,0,0,2500
LOCAL,0100,CORPORATE FUND,84,CHICAGO DEPT OF TRANSPORTATION,2105,COMMISSIONER'S OFFICE,178,FREIGHT AND EXPRESS CHARGES,250,250,250
LOCAL,0100,CORPORATE FUND,84,CHICAGO DEPT OF TRANSPORTATION,2105,COMMISSIONER'S OFFICE,181,MOBILE COMMUNICATION SERVICES,3000,3000,2750
LOCAL,0100,CORPORATE FUND,84,CHICAGO DEPT OF TRANSPORTATION,2105,COMMISSIONER'S OFFICE,190,TELEPHONE - NON-CENTREX BILLINGS,18000,18000,18000
LOCAL,0100,CORPORATE FUND,84,CHICAGO DEPT OF TRANSPORTATION,2105,COMMISSIONER'S OFFICE,191,TELEPHONE - RELOCATIONS,400,400,400
LOCAL,0100,CORPORATE FUND,84,CHICAGO DEPT OF TRANSPORTATION,2105,COMMISSIONER'S OFFICE,197,TELEPHONE - MAINTENANCE,6000,6000,5900
LOCAL,0100,CORPORATE FUND,84,CHICAGO DEPT OF TRANSPORTATION,2105,COMMISSIONER'S OFFICE,245,REIMBURSEMENT TO TRAVELERS,1600,1600,5000
LOCAL,0100,CORPORATE FUND,84,CHICAGO DEPT OF TRANSPORTATION,2105,COMMISSIONER'S OFFICE,270,LOCAL TRANSPORTATION,200,200,200
LOCAL,0100,CORPORATE FUND,84,CHICAGO DEPT OF TRANSPORTATION,2105,COMMISSIONER'S OFFICE,340,MATERIAL AND SUPPLIES,3000,3000,2100
LOCAL,0100,CORPORATE FUND,84,CHICAGO DEPT OF TRANSPORTATION,2105,COMMISSIONER'S OFFICE,350,STATIONERY AND OFFICE SUPPLIES,3500,3500,10500
LOCAL,0100,CORPORATE FUND,84,CHICAGO DEPT OF TRANSPORTATION,2105,COMMISSIONER'S OFFICE,931,TORT/NON-TORT JUDGMENT,1890000,1890000,1890000
LOCAL,0100,CORPORATE FUND,84,CHICAGO DEPT OF TRANSPORTATION,2115,ADMINISTRATION,5,SALARIES AND WAGES - ON PAYROLL,5019648,5019648,4873828
LOCAL,0100,CORPORATE FUND,84,CHICAGO DEPT OF TRANSPORTATION,2115,ADMINISTRATION,11,CONTRACT WAGE - SALARY,0,0,12104
LOCAL,0100,CORPORATE FUND,84,CHICAGO DEPT OF TRANSPORTATION,2115,ADMINISTRATION,12,CONTRACT WAGE - PREVAILING RATE,1039,1039,1043
LOCAL,0100,CORPORATE FUND,84,CHICAGO DEPT OF TRANSPORTATION,2115,ADMINISTRATION,15,SCHEDULE SALARY ADJUSTMENTS,38548,38548,38582
LOCAL,0100,CORPORATE FUND,84,CHICAGO DEPT OF TRANSPORTATION,2115,ADMINISTRATION,39,STUDENT AS TRAINEES,18750,18750,18750
LOCAL,0100,CORPORATE FUND,84,CHICAGO DEPT OF TRANSPORTATION,2115,ADMINISTRATION,140,PROFESSIONAL AND TECHNICAL SERVICES,115000,115000,415150
LOCAL,0100,CORPORATE FUND,84,CHICAGO DEPT OF TRANSPORTATION,2115,ADMINISTRATION,149,SOFTWARE MAINTENANCE AND LICENSING,12000,12000,15000
LOCAL,0100,CORPORATE FUND,84,CHICAGO DEPT OF TRANSPORTATION,2115,ADMINISTRATION,150,PUBLICATN & REPRODT-OUT,1000,1000,1000
LOCAL,0100,CORPORATE FUND,84,CHICAGO DEPT OF TRANSPORTATION,2115,ADMINISTRATION,152,ADVERTISING,1000,1000,1000
LOCAL,0100,CORPORATE FUND,84,CHICAGO DEPT OF TRANSPORTATION,2115,ADMINISTRATION,154,RENTAL-DATA HARDWARE EQ,1000,1000,1000
LOCAL,0100,CORPORATE FUND,84,CHICAGO DEPT OF TRANSPORTATION,2115,ADMINISTRATION,157,RENTAL EQUIPMENT AND SERVICES,16000,16000,0
LOCAL,0100,CORPORATE FUND,84,CHICAGO DEPT OF TRANSPORTATION,2115,ADMINISTRATION,159,LEASE PURCHASE AGREEMNT,0,0,33577
LOCAL,0100,CORPORATE FUND,84,CHICAGO DEPT OF TRANSPORTATION,2115,ADMINISTRATION,160,REPAIR/MAINT PROPERTY,8000,8000,8000
LOCAL,0100,CORPORATE FUND,84,CHICAGO DEPT OF TRANSPORTATION,2115,ADMINISTRATION,162,REPAIR/MAINT EQUIPMENT,57000,57000,13832
LOCAL,0100,CORPORATE FUND,84,CHICAGO DEPT OF TRANSPORTATION,2115,ADMINISTRATION,166,"DUES, SUBSC & MEM",0,0,1015
LOCAL,0100,CORPORATE FUND,84,CHICAGO DEPT OF TRANSPORTATION,2115,ADMINISTRATION,169,TECHNICAL MEETING COSTS,2000,2000,1300
LOCAL,0100,CORPORATE FUND,84,CHICAGO DEPT OF TRANSPORTATION,2115,ADMINISTRATION,171,MISCELLANEOUS SUPPLIES,250,250,250
LOCAL,0100,CORPORATE FUND,84,CHICAGO DEPT OF TRANSPORTATION,2115,ADMINISTRATION,178,FREIGHT AND EXPRESS CHARGES,300,300,300
LOCAL,0100,CORPORATE FUND,84,CHICAGO DEPT OF TRANSPORTATION,2115,ADMINISTRATION,181,MOBILE COMMUNICATION SERVICES,48000,48000,43150
LOCAL,0100,CORPORATE FUND,84,CHICAGO DEPT OF TRANSPORTATION,2115,ADMINISTRATION,190,TELEPHONE - NON-CENTREX BILLINGS,30000,30000,30700
LOCAL,0100,CORPORATE FUND,84,CHICAGO DEPT OF TRANSPORTATION,2115,ADMINISTRATION,191,TELEPHONE - RELOCATIONS,200,200,500
LOCAL,0100,CORPORATE FUND,84,CHICAGO DEPT OF TRANSPORTATION,2115,ADMINISTRATION,197,TELEPHONE - MAINTENANCE,15000,15000,9600
LOCAL,0100,CORPORATE FUND,84,CHICAGO DEPT OF TRANSPORTATION,2115,ADMINISTRATION,245,REIMBURSEMENT TO TRAVELERS,800,800,800
LOCAL,0100,CORPORATE FUND,84,CHICAGO DEPT OF TRANSPORTATION,2115,ADMINISTRATION,270,LOCAL TRANSPORTATION,500,500,500
LOCAL,0100,CORPORATE FUND,84,CHICAGO DEPT OF TRANSPORTATION,2115,ADMINISTRATION,340,MATERIAL AND SUPPLIES,31100,31100,13100
LOCAL,0100,CORPORATE FUND,84,CHICAGO DEPT OF TRANSPORTATION,2115,ADMINISTRATION,348,BOOKS AND RELATED MATERIAL,3000,3000,3000
LOCAL,0100,CORPORATE FUND,84,CHICAGO DEPT OF TRANSPORTATION,2115,ADMINISTRATION,350,STATIONERY AND OFFICE SUPPLIES,9000,9000,7500
LOCAL,0100,CORPORATE FUND,84,CHICAGO DEPT OF TRANSPORTATION,2130,TRAFFIC SAFETY,5,SALARIES AND WAGES - ON PAYROLL,0,0,802023
LOCAL,0100,CORPORATE FUND,84,CHICAGO DEPT OF TRANSPORTATION,2130,TRAFFIC SAFETY,11,CONTRACT WAGE - SALARY,0,0,1068
LOCAL,0100,CORPORATE FUND,84,CHICAGO DEPT OF TRANSPORTATION,2130,TRAFFIC SAFETY,15,SCHEDULE SALARY ADJUSTMENTS,0,0,2544
LOCAL,0100,CORPORATE FUND,84,CHICAGO DEPT OF TRANSPORTATION,2130,TRAFFIC SAFETY,39,STUDENT AS TRAINEES,0,0,5000
LOCAL,0100,CORPORATE FUND,84,CHICAGO DEPT OF TRANSPORTATION,2130,TRAFFIC SAFETY,130,POSTAGE,0,0,500
LOCAL,0100,CORPORATE FUND,84,CHICAGO DEPT OF TRANSPORTATION,2130,TRAFFIC SAFETY,138,IT MAINTENANCE,0,0,5000
LOCAL,0100,CORPORATE FUND,84,CHICAGO DEPT OF TRANSPORTATION,2130,TRAFFIC SAFETY,139,IT DEVELOPMENT,0,0,2000
LOCAL,0100,CORPORATE FUND,84,CHICAGO DEPT OF TRANSPORTATION,2130,TRAFFIC SAFETY,140,PROFESSIONAL AND TECHNICAL SERVICES,0,0,100000
LOCAL,0100,CORPORATE FUND,84,CHICAGO DEPT OF TRANSPORTATION,2130,TRAFFIC SAFETY,149,SOFTWARE MAINTENANCE AND LICENSING,0,0,1000
LOCAL,0100,CORPORATE FUND,84,CHICAGO DEPT OF TRANSPORTATION,2130,TRAFFIC SAFETY,159,LEASE PURCHASE AGREEMNT,0,0,2915
LOCAL,0100,CORPORATE FUND,84,CHICAGO DEPT OF TRANSPORTATION,2130,TRAFFIC SAFETY,162,REPAIR/MAINT EQUIPMENT,0,0,16563405
LOCAL,0100,CORPORATE FUND,84,CHICAGO DEPT OF TRANSPORTATION,2130,TRAFFIC SAFETY,169,TECHNICAL MEETING COSTS,0,0,2400
LOCAL,0100,CORPORATE FUND,84,CHICAGO DEPT OF TRANSPORTATION,2130,TRAFFIC SAFETY,178,FREIGHT AND EXPRESS CHARGES,0,0,250
LOCAL,0100,CORPORATE FUND,84,CHICAGO DEPT OF TRANSPORTATION,2130,TRAFFIC SAFETY,229,TRANSPORTATION AND EXPENSE ALLOWANCE,0,0,375
LOCAL,0100,CORPORATE FUND,84,CHICAGO DEPT OF TRANSPORTATION,2130,TRAFFIC SAFETY,270,LOCAL TRANSPORTATION,0,0,325
LOCAL,0100,CORPORATE FUND,84,CHICAGO DEPT OF TRANSPORTATION,2130,TRAFFIC SAFETY,345,APPARATUS AND INSTRUMENTS,0,0,8000
LOCAL,0100,CORPORATE FUND,84,CHICAGO DEPT OF TRANSPORTATION,2130,TRAFFIC SAFETY,348,BOOKS AND RELATED MATERIAL,0,0,1300
LOCAL,0100,CORPORATE FUND,84,CHICAGO DEPT OF TRANSPORTATION,2130,TRAFFIC SAFETY,350,STATIONERY AND OFFICE SUPPLIES,0,0,4000
LOCAL,0100,CORPORATE FUND,84,CHICAGO DEPT OF TRANSPORTATION,2135,INFRASTRUCTURE MANAGEMENT,5,SALARIES AND WAGES - ON PAYROLL,873356,873356,0
LOCAL,0100,CORPORATE FUND,84,CHICAGO DEPT OF TRANSPORTATION,2135,INFRASTRUCTURE MANAGEMENT,11,CONTRACT WAGE - SALARY,0,0,0
LOCAL,0100,CORPORATE FUND,84,CHICAGO DEPT OF TRANSPORTATION,2135,INFRASTRUCTURE MANAGEMENT,15,SCHEDULE SALARY ADJUSTMENTS,10963,10963,0
LOCAL,0100,CORPORATE FUND,84,CHICAGO DEPT OF TRANSPORTATION,2135,INFRASTRUCTURE MANAGEMENT,20,OVERTIME,900,900,0
LOCAL,0100,CORPORATE FUND,84,CHICAGO DEPT OF TRANSPORTATION,2135,INFRASTRUCTURE MANAGEMENT,130,POSTAGE,400,400,0
LOCAL,0100,CORPORATE FUND,84,CHICAGO DEPT OF TRANSPORTATION,2135,INFRASTRUCTURE MANAGEMENT,140,PROFESSIONAL AND TECHNICAL SERVICES,2710000,2710000,0
LOCAL,0100,CORPORATE FUND,84,CHICAGO DEPT OF TRANSPORTATION,2135,INFRASTRUCTURE MANAGEMENT,150,PUBLICATN & REPRODT-OUT,500,500,0
LOCAL,0100,CORPORATE FUND,84,CHICAGO DEPT OF TRANSPORTATION,2135,INFRASTRUCTURE MANAGEMENT,157,RENTAL EQUIPMENT AND SERVICES,11520,11520,0
LOCAL,0100,CORPORATE FUND,84,CHICAGO DEPT OF TRANSPORTATION,2135,INFRASTRUCTURE MANAGEMENT,160,REPAIR/MAINT PROPERTY,3500,3500,0
LOCAL,0100,CORPORATE FUND,84,CHICAGO DEPT OF TRANSPORTATION,2135,INFRASTRUCTURE MANAGEMENT,161,MAINT FACILITIES,5000,5000,0
LOCAL,0100,CORPORATE FUND,84,CHICAGO DEPT OF TRANSPORTATION,2135,INFRASTRUCTURE MANAGEMENT,162,REPAIR/MAINT EQUIPMENT,11556320,11556320,0
LOCAL,0100,CORPORATE FUND,84,CHICAGO DEPT OF TRANSPORTATION,2135,INFRASTRUCTURE MANAGEMENT,181,MOBILE COMMUNICATION SERVICES,25000,25000,0
LOCAL,0100,CORPORATE FUND,84,CHICAGO DEPT OF TRANSPORTATION,2135,INFRASTRUCTURE MANAGEMENT,188,VEHICLE TRACKING SERVICE,10320,10320,0
LOCAL,0100,CORPORATE FUND,84,CHICAGO DEPT OF TRANSPORTATION,2135,INFRASTRUCTURE MANAGEMENT,190,TELEPHONE - NON-CENTREX BILLINGS,15000,15000,0
LOCAL,0100,CORPORATE FUND,84,CHICAGO DEPT OF TRANSPORTATION,2135,INFRASTRUCTURE MANAGEMENT,197,TELEPHONE - MAINTENANCE,8000,8000,0
LOCAL,0100,CORPORATE FUND,84,CHICAGO DEPT OF TRANSPORTATION,2135,INFRASTRUCTURE MANAGEMENT,229,TRANSPORTATION AND EXPENSE ALLOWANCE,300,300,0
LOCAL,0100,CORPORATE FUND,84,CHICAGO DEPT OF TRANSPORTATION,2135,INFRASTRUCTURE MANAGEMENT,313,CLEANING AND SANITATION SUPPLIES,617,617,0
LOCAL,0100,CORPORATE FUND,84,CHICAGO DEPT OF TRANSPORTATION,2135,INFRASTRUCTURE MANAGEMENT,340,MATERIAL AND SUPPLIES,10875,10875,0
LOCAL,0100,CORPORATE FUND,84,CHICAGO DEPT OF TRANSPORTATION,2135,INFRASTRUCTURE MANAGEMENT,350,STATIONERY AND OFFICE SUPPLIES,3500,3500,0
LOCAL,0100,CORPORATE FUND,84,CHICAGO DEPT OF TRANSPORTATION,2140,SIGN MANAGEMENT,5,SALARIES AND WAGES - ON PAYROLL,0,0,2837609
LOCAL,0100,CORPORATE FUND,84,CHICAGO DEPT OF TRANSPORTATION,2140,SIGN MANAGEMENT,11,CONTRACT WAGE - SALARY,0,0,1921
LOCAL,0100,CORPORATE FUND,84,CHICAGO DEPT OF TRANSPORTATION,2140,SIGN MANAGEMENT,12,CONTRACT WAGE - PREVAILING RATE,0,0,18564
LOCAL,0100,CORPORATE FUND,84,CHICAGO DEPT OF TRANSPORTATION,2140,SIGN MANAGEMENT,15,SCHEDULE SALARY ADJUSTMENTS,0,0,30635
LOCAL,0100,CORPORATE FUND,84,CHICAGO DEPT OF TRANSPORTATION,2140,SIGN MANAGEMENT,20,OVERTIME,0,0,29442
LOCAL,0100,CORPORATE FUND,84,CHICAGO DEPT OF TRANSPORTATION,2140,SIGN MANAGEMENT,130,POSTAGE,0,0,1037
LOCAL,0100,CORPORATE FUND,84,CHICAGO DEPT OF TRANSPORTATION,2140,SIGN MANAGEMENT,149,SOFTWARE MAINTENANCE AND LICENSING,0,0,9000
LOCAL,0100,CORPORATE FUND,84,CHICAGO DEPT OF TRANSPORTATION,2140,SIGN MANAGEMENT,159,LEASE PURCHASE AGREEMNT,0,0,20885
LOCAL,0100,CORPORATE FUND,84,CHICAGO DEPT OF TRANSPORTATION,2140,SIGN MANAGEMENT,160,REPAIR/MAINT PROPERTY,0,0,5500
LOCAL,0100,CORPORATE FUND,84,CHICAGO DEPT OF TRANSPORTATION,2140,SIGN MANAGEMENT,162,REPAIR/MAINT EQUIPMENT,0,0,8250
LOCAL,0100,CORPORATE FUND,84,CHICAGO DEPT OF TRANSPORTATION,2140,SIGN MANAGEMENT,185,WASTE DISPOSAL SERVICES,0,0,3000
LOCAL,0100,CORPORATE FUND,84,CHICAGO DEPT OF TRANSPORTATION,2140,SIGN MANAGEMENT,188,VEHICLE TRACKING SERVICE,0,0,6708
LOCAL,0100,CORPORATE FUND,84,CHICAGO DEPT OF TRANSPORTATION,2140,SIGN MANAGEMENT,319,CLOTHING,0,0,1300
LOCAL,0100,CORPORATE FUND,84,CHICAGO DEPT OF TRANSPORTATION,2140,SIGN MANAGEMENT,340,MATERIAL AND SUPPLIES,0,0,500883
LOCAL,0100,CORPORATE FUND,84,CHICAGO DEPT OF TRANSPORTATION,2140,SIGN MANAGEMENT,350,STATIONERY AND OFFICE SUPPLIES,0,0,8400
LOCAL,0100,CORPORATE FUND,84,CHICAGO DEPT OF TRANSPORTATION,2140,SIGN MANAGEMENT,362,PAINTS AND PAINTING SUPPLIES,0,0,40000
LOCAL,0100,CORPORATE FUND,84,CHICAGO DEPT OF TRANSPORTATION,2140,SIGN MANAGEMENT,370,TOOLS < $ 10.00/UNIT,0,0,2300
LOCAL,0100,CORPORATE FUND,84,CHICAGO DEPT OF TRANSPORTATION,2145,PROJECT DEVELOPMENT,5,SALARIES AND WAGES - ON PAYROLL,3528814,3528814,3248406
LOCAL,0100,CORPORATE FUND,84,CHICAGO DEPT OF TRANSPORTATION,2145,PROJECT DEVELOPMENT,11,CONTRACT WAGE - SALARY,0,0,6041
LOCAL,0100,CORPORATE FUND,84,CHICAGO DEPT OF TRANSPORTATION,2145,PROJECT DEVELOPMENT,15,SCHEDULE SALARY ADJUSTMENTS,8374,8374,7153
LOCAL,0100,CORPORATE FUND,84,CHICAGO DEPT OF TRANSPORTATION,2145,PROJECT DEVELOPMENT,20,OVERTIME,8200,8200,0
LOCAL,0100,CORPORATE FUND,84,CHICAGO DEPT OF TRANSPORTATION,2145,PROJECT DEVELOPMENT,39,STUDENT AS TRAINEES,44000,44000,16500
LOCAL,0100,CORPORATE FUND,84,CHICAGO DEPT OF TRANSPORTATION,2145,PROJECT DEVELOPMENT,130,POSTAGE,3000,3000,1700
LOCAL,0100,CORPORATE FUND,84,CHICAGO DEPT OF TRANSPORTATION,2145,PROJECT DEVELOPMENT,140,PROFESSIONAL AND TECHNICAL SERVICES,374839,374839,706912
LOCAL,0100,CORPORATE FUND,84,CHICAGO DEPT OF TRANSPORTATION,2145,PROJECT DEVELOPMENT,149,SOFTWARE MAINTENANCE AND LICENSING,17000,17000,32000
LOCAL,0100,CORPORATE FUND,84,CHICAGO DEPT OF TRANSPORTATION,2145,PROJECT DEVELOPMENT,150,PUBLICATN & REPRODT-OUT,1500,1500,1500
LOCAL,0100,CORPORATE FUND,84,CHICAGO DEPT OF TRANSPORTATION,2145,PROJECT DEVELOPMENT,152,ADVERTISING,8665,8665,4750
LOCAL,0100,CORPORATE FUND,84,CHICAGO DEPT OF TRANSPORTATION,2145,PROJECT DEVELOPMENT,153,PROMOTIONS,1200,1200,4000
LOCAL,0100,CORPORATE FUND,84,CHICAGO DEPT OF TRANSPORTATION,2145,PROJECT DEVELOPMENT,157,RENTAL EQUIPMENT AND SERVICES,30000,30000,13500
LOCAL,0100,CORPORATE FUND,84,CHICAGO DEPT OF TRANSPORTATION,2145,PROJECT DEVELOPMENT,159,LEASE PURCHASE AGREEMNT,0,0,25781
LOCAL,0100,CORPORATE FUND,84,CHICAGO DEPT OF TRANSPORTATION,2145,PROJECT DEVELOPMENT,162,REPAIR/MAINT EQUIPMENT,20000,20000,18632
LOCAL,0100,CORPORATE FUND,84,CHICAGO DEPT OF TRANSPORTATION,2145,PROJECT DEVELOPMENT,166,"DUES, SUBSC & MEM",30700,30700,32719
LOCAL,0100,CORPORATE FUND,84,CHICAGO DEPT OF TRANSPORTATION,2145,PROJECT DEVELOPMENT,169,TECHNICAL MEETING COSTS,6600,6600,6300
LOCAL,0100,CORPORATE FUND,84,CHICAGO DEPT OF TRANSPORTATION,2145,PROJECT DEVELOPMENT,173,EQUIPMENT,0,0,500
LOCAL,0100,CORPORATE FUND,84,CHICAGO DEPT OF TRANSPORTATION,2145,PROJECT DEVELOPMENT,178,FREIGHT AND EXPRESS CHARGES,200,200,200
LOCAL,0100,CORPORATE FUND,84,CHICAGO DEPT OF TRANSPORTATION,2145,PROJECT DEVELOPMENT,181,MOBILE COMMUNICATION SERVICES,1000,1000,1000
LOCAL,0100,CORPORATE FUND,84,CHICAGO DEPT OF TRANSPORTATION,2145,PROJECT DEVELOPMENT,190,TELEPHONE - NON-CENTREX BILLINGS,18700,18700,18000
LOCAL,0100,CORPORATE FUND,84,CHICAGO DEPT OF TRANSPORTATION,2145,PROJECT DEVELOPMENT,191,TELEPHONE - RELOCATIONS,200,200,0
LOCAL,0100,CORPORATE FUND,84,CHICAGO DEPT OF TRANSPORTATION,2145,PROJECT DEVELOPMENT,197,TELEPHONE - MAINTENANCE,1400,1400,1300
LOCAL,0100,CORPORATE FUND,84,CHICAGO DEPT OF TRANSPORTATION,2145,PROJECT DEVELOPMENT,245,REIMBURSEMENT TO TRAVELERS,9000,9000,8800
LOCAL,0100,CORPORATE FUND,84,CHICAGO DEPT OF TRANSPORTATION,2145,PROJECT DEVELOPMENT,340,MATERIAL AND SUPPLIES,16750,16750,13400
LOCAL,0100,CORPORATE FUND,84,CHICAGO DEPT OF TRANSPORTATION,2145,PROJECT DEVELOPMENT,345,APPARATUS AND INSTRUMENTS,9180,9180,16480
LOCAL,0100,CORPORATE FUND,84,CHICAGO DEPT OF TRANSPORTATION,2145,PROJECT DEVELOPMENT,348,BOOKS AND RELATED MATERIAL,1700,1700,1200
LOCAL,0100,CORPORATE FUND,84,CHICAGO DEPT OF TRANSPORTATION,2145,PROJECT DEVELOPMENT,350,STATIONERY AND OFFICE SUPPLIES,3500,3500,2500
LOCAL,0100,CORPORATE FUND,84,CHICAGO DEPT OF TRANSPORTATION,2145,PROJECT DEVELOPMENT,9041,ALLEY IMPROVEMENT - SPECIAL ASSESSMENT,1500,1500,0
LOCAL,0100,CORPORATE FUND,84,CHICAGO DEPT OF TRANSPORTATION,2145,PROJECT DEVELOPMENT,9142,X-OFFENDER/RE-ENTRY INI,250000,250000,250000
LOCAL,0100,CORPORATE FUND,84,CHICAGO DEPT OF TRANSPORTATION,2150,ELECTRICAL OPERATIONS,5,SALARIES AND WAGES - ON PAYROLL,9696372,9696372,7705557
LOCAL,0100,CORPORATE FUND,84,CHICAGO DEPT OF TRANSPORTATION,2150,ELECTRICAL OPERATIONS,11,CONTRACT WAGE - SALARY,0,0,333
LOCAL,0100,CORPORATE FUND,84,CHICAGO DEPT OF TRANSPORTATION,2150,ELECTRICAL OPERATIONS,12,CONTRACT WAGE - PREVAILING RATE,181452,181452,71229
LOCAL,0100,CORPORATE FUND,84,CHICAGO DEPT OF TRANSPORTATION,2150,ELECTRICAL OPERATIONS,15,SCHEDULE SALARY ADJUSTMENTS,4706,4706,1524
LOCAL,0100,CORPORATE FUND,84,CHICAGO DEPT OF TRANSPORTATION,2150,ELECTRICAL OPERATIONS,20,OVERTIME,98775,98775,156007
LOCAL,0100,CORPORATE FUND,84,CHICAGO DEPT OF TRANSPORTATION,2150,ELECTRICAL OPERATIONS,39,STUDENT AS TRAINEES,10000,10000,12610
LOCAL,0100,CORPORATE FUND,84,CHICAGO DEPT OF TRANSPORTATION,2150,ELECTRICAL OPERATIONS,130,POSTAGE,396,396,207
LOCAL,0100,CORPORATE FUND,84,CHICAGO DEPT OF TRANSPORTATION,2150,ELECTRICAL OPERATIONS,149,SOFTWARE MAINTENANCE AND LICENSING,6000,6000,6000
LOCAL,0100,CORPORATE FUND,84,CHICAGO DEPT OF TRANSPORTATION,2150,ELECTRICAL OPERATIONS,154,RENTAL-DATA HARDWARE EQ,4500,4500,0
LOCAL,0100,CORPORATE FUND,84,CHICAGO DEPT OF TRANSPORTATION,2150,ELECTRICAL OPERATIONS,157,RENTAL EQUIPMENT AND SERVICES,114450,114450,160370
LOCAL,0100,CORPORATE FUND,84,CHICAGO DEPT OF TRANSPORTATION,2150,ELECTRICAL OPERATIONS,159,LEASE PURCHASE AGREEMNT,27154,27154,9040
LOCAL,0100,CORPORATE FUND,84,CHICAGO DEPT OF TRANSPORTATION,2150,ELECTRICAL OPERATIONS,162,REPAIR/MAINT EQUIPMENT,20104,20104,24500
LOCAL,0100,CORPORATE FUND,84,CHICAGO DEPT OF TRANSPORTATION,2150,ELECTRICAL OPERATIONS,181,MOBILE COMMUNICATION SERVICES,209500,209500,204500
LOCAL,0100,CORPORATE FUND,84,CHICAGO DEPT OF TRANSPORTATION,2150,ELECTRICAL OPERATIONS,188,VEHICLE TRACKING SERVICE,56140,56140,54120
LOCAL,0100,CORPORATE FUND,84,CHICAGO DEPT OF TRANSPORTATION,2150,ELECTRICAL OPERATIONS,189,TELEPHONE - NON-CENTREX BILLINGS,900,900,1275
LOCAL,0100,CORPORATE FUND,84,CHICAGO DEPT OF TRANSPORTATION,2150,ELECTRICAL OPERATIONS,190,TELEPHONE - NON-CENTREX BILLINGS,52000,52000,51200
LOCAL,0100,CORPORATE FUND,84,CHICAGO DEPT OF TRANSPORTATION,2150,ELECTRICAL OPERATIONS,196,DATA CIRCUITS,79000,79000,75000
LOCAL,0100,CORPORATE FUND,84,CHICAGO DEPT OF TRANSPORTATION,2150,ELECTRICAL OPERATIONS,197,TELEPHONE - MAINTENANCE,3800,3800,3700
LOCAL,0100,CORPORATE FUND,84,CHICAGO DEPT OF TRANSPORTATION,2150,ELECTRICAL OPERATIONS,229,TRANSPORTATION AND EXPENSE ALLOWANCE,43600,43600,43600
LOCAL,0100,CORPORATE FUND,84,CHICAGO DEPT OF TRANSPORTATION,2150,ELECTRICAL OPERATIONS,319,CLOTHING,6200,6200,6200
LOCAL,0100,CORPORATE FUND,84,CHICAGO DEPT OF TRANSPORTATION,2150,ELECTRICAL OPERATIONS,340,MATERIAL AND SUPPLIES,276500,276500,251500
LOCAL,0100,CORPORATE FUND,84,CHICAGO DEPT OF TRANSPORTATION,2150,ELECTRICAL OPERATIONS,350,STATIONERY AND OFFICE SUPPLIES,15807,15807,8955
LOCAL,0100,CORPORATE FUND,84,CHICAGO DEPT OF TRANSPORTATION,2150,ELECTRICAL OPERATIONS,360,REPAIR PARTS AND MATERIAL,27000,27000,27000
LOCAL,0100,CORPORATE FUND,84,CHICAGO DEPT OF TRANSPORTATION,2150,ELECTRICAL OPERATIONS,362,PAINTS AND PAINTING SUPPLIES,1499,1499,1500
LOCAL,0100,CORPORATE FUND,84,CHICAGO DEPT OF TRANSPORTATION,2150,ELECTRICAL OPERATIONS,363,"STRUCTURAL STEELS, IRON, OTHER MATERIALS",40000,40000,40000
LOCAL,0100,CORPORATE FUND,84,CHICAGO DEPT OF TRANSPORTATION,2150,ELECTRICAL OPERATIONS,365,ELECTRICAL SUPPLIES,203000,203000,203000
LOCAL,0100,CORPORATE FUND,84,CHICAGO DEPT OF TRANSPORTATION,2155,IN-HOUSE CONSTRUCTION,5,SALARIES AND WAGES - ON PAYROLL,10344510,10344510,10510267
LOCAL,0100,CORPORATE FUND,84,CHICAGO DEPT OF TRANSPORTATION,2155,IN-HOUSE CONSTRUCTION,11,CONTRACT WAGE - SALARY,0,0,366
LOCAL,0100,CORPORATE FUND,84,CHICAGO DEPT OF TRANSPORTATION,2155,IN-HOUSE CONSTRUCTION,12,CONTRACT WAGE - PREVAILING RATE,86693,86693,73001
LOCAL,0100,CORPORATE FUND,84,CHICAGO DEPT OF TRANSPORTATION,2155,IN-HOUSE CONSTRUCTION,15,SCHEDULE SALARY ADJUSTMENTS,28368,28368,29173
LOCAL,0100,CORPORATE FUND,84,CHICAGO DEPT OF TRANSPORTATION,2155,IN-HOUSE CONSTRUCTION,20,OVERTIME,250000,250000,953000
LOCAL,0100,CORPORATE FUND,84,CHICAGO DEPT OF TRANSPORTATION,2155,IN-HOUSE CONSTRUCTION,130,POSTAGE,250,250,0
LOCAL,0100,CORPORATE FUND,84,CHICAGO DEPT OF TRANSPORTATION,2155,IN-HOUSE CONSTRUCTION,140,PROFESSIONAL AND TECHNICAL SERVICES,25000,25000,25000
LOCAL,0100,CORPORATE FUND,84,CHICAGO DEPT OF TRANSPORTATION,2155,IN-HOUSE CONSTRUCTION,152,ADVERTISING,300,300,0
LOCAL,0100,CORPORATE FUND,84,CHICAGO DEPT OF TRANSPORTATION,2155,IN-HOUSE CONSTRUCTION,157,RENTAL EQUIPMENT AND SERVICES,79859,79859,81105
LOCAL,0100,CORPORATE FUND,84,CHICAGO DEPT OF TRANSPORTATION,2155,IN-HOUSE CONSTRUCTION,159,LEASE PURCHASE AGREEMNT,1423,1423,15972
LOCAL,0100,CORPORATE FUND,84,CHICAGO DEPT OF TRANSPORTATION,2155,IN-HOUSE CONSTRUCTION,160,REPAIR/MAINT PROPERTY,50000,50000,50000
LOCAL,0100,CORPORATE FUND,84,CHICAGO DEPT OF TRANSPORTATION,2155,IN-HOUSE CONSTRUCTION,162,REPAIR/MAINT EQUIPMENT,17000,17000,18665
LOCAL,0100,CORPORATE FUND,84,CHICAGO DEPT OF TRANSPORTATION,2155,IN-HOUSE CONSTRUCTION,169,TECHNICAL MEETING COSTS,150,150,150
LOCAL,0100,CORPORATE FUND,84,CHICAGO DEPT OF TRANSPORTATION,2155,IN-HOUSE CONSTRUCTION,178,FREIGHT AND EXPRESS CHARGES,225,225,0
LOCAL,0100,CORPORATE FUND,84,CHICAGO DEPT OF TRANSPORTATION,2155,IN-HOUSE CONSTRUCTION,185,WASTE DISPOSAL SERVICES,35365,35365,35365
LOCAL,0100,CORPORATE FUND,84,CHICAGO DEPT OF TRANSPORTATION,2155,IN-HOUSE CONSTRUCTION,188,VEHICLE TRACKING SERVICE,45540,45540,45540
LOCAL,0100,CORPORATE FUND,84,CHICAGO DEPT OF TRANSPORTATION,2155,IN-HOUSE CONSTRUCTION,190,TELEPHONE - NON-CENTREX BILLINGS,45000,45000,46000
LOCAL,0100,CORPORATE FUND,84,CHICAGO DEPT OF TRANSPORTATION,2155,IN-HOUSE CONSTRUCTION,197,TELEPHONE - MAINTENANCE,8000,8000,8000
LOCAL,0100,CORPORATE FUND,84,CHICAGO DEPT OF TRANSPORTATION,2155,IN-HOUSE CONSTRUCTION,229,TRANSPORTATION AND EXPENSE ALLOWANCE,11000,11000,11000
LOCAL,0100,CORPORATE FUND,84,CHICAGO DEPT OF TRANSPORTATION,2155,IN-HOUSE CONSTRUCTION,245,REIMBURSEMENT TO TRAVELERS,400,400,400
LOCAL,0100,CORPORATE FUND,84,CHICAGO DEPT OF TRANSPORTATION,2155,IN-HOUSE CONSTRUCTION,313,CLEANING AND SANITATION SUPPLIES,1000,1000,2000
LOCAL,0100,CORPORATE FUND,84,CHICAGO DEPT OF TRANSPORTATION,2155,IN-HOUSE CONSTRUCTION,314,FUEL OIL,0,0,1500
LOCAL,0100,CORPORATE FUND,84,CHICAGO DEPT OF TRANSPORTATION,2155,IN-HOUSE CONSTRUCTION,316,GAS - BOTTLED AND PROPANE,0,0,14500
LOCAL,0100,CORPORATE FUND,84,CHICAGO DEPT OF TRANSPORTATION,2155,IN-HOUSE CONSTRUCTION,319,CLOTHING,4900,4900,6750
LOCAL,0100,CORPORATE FUND,84,CHICAGO DEPT OF TRANSPORTATION,2155,IN-HOUSE CONSTRUCTION,340,MATERIAL AND SUPPLIES,251000,251000,269537
LOCAL,0100,CORPORATE FUND,84,CHICAGO DEPT OF TRANSPORTATION,2155,IN-HOUSE CONSTRUCTION,350,STATIONERY AND OFFICE SUPPLIES,2350,2350,2350
LOCAL,0100,CORPORATE FUND,84,CHICAGO DEPT OF TRANSPORTATION,2155,IN-HOUSE CONSTRUCTION,365,ELECTRICAL SUPPLIES,19500,19500,19500
LOCAL,0100,CORPORATE FUND,84,CHICAGO DEPT OF TRANSPORTATION,2155,IN-HOUSE CONSTRUCTION,440,MACHINERY AND EQUIPMENT,15325,15325,15325
LOCAL,0300,VEHICLE FUND,84,CHICAGO DEPT OF TRANSPORTATION,2125,ENGINEERING,5,SALARIES AND WAGES - ON PAYROLL,6579898,6579898,6574523
LOCAL,0300,VEHICLE FUND,84,CHICAGO DEPT OF TRANSPORTATION,2125,ENGINEERING,11,CONTRACT WAGE - SALARY,0,0,22711
LOCAL,0300,VEHICLE FUND,84,CHICAGO DEPT OF TRANSPORTATION,2125,ENGINEERING,12,CONTRACT WAGE - PREVAILING RATE,11960,11960,11931
LOCAL,0300,VEHICLE FUND,84,CHICAGO DEPT OF TRANSPORTATION,2125,ENGINEERING,15,SCHEDULE SALARY ADJUSTMENTS,15626,15626,16335
LOCAL,0300,VEHICLE FUND,84,CHICAGO DEPT OF TRANSPORTATION,2125,ENGINEERING,20,OVERTIME,36400,36400,36400
LOCAL,0300,VEHICLE FUND,84,CHICAGO DEPT OF TRANSPORTATION,2125,ENGINEERING,39,STUDENT AS TRAINEES,10000,10000,10000
LOCAL,0300,VEHICLE FUND,84,CHICAGO DEPT OF TRANSPORTATION,2125,ENGINEERING,126,OFFICE CONVENIENCES,400,400,0
LOCAL,0300,VEHICLE FUND,84,CHICAGO DEPT OF TRANSPORTATION,2125,ENGINEERING,130,POSTAGE,4000,4000,4000
LOCAL,0300,VEHICLE FUND,84,CHICAGO DEPT OF TRANSPORTATION,2125,ENGINEERING,140,PROFESSIONAL AND TECHNICAL SERVICES,151486,151486,151486
LOCAL,0300,VEHICLE FUND,84,CHICAGO DEPT OF TRANSPORTATION,2125,ENGINEERING,144,ENGINEERING AND ARCHITECTURE,373861,373861,373861
LOCAL,0300,VEHICLE FUND,84,CHICAGO DEPT OF TRANSPORTATION,2125,ENGINEERING,148,TESTING AND INSPECTING,3000,3000,3561
LOCAL,0300,VEHICLE FUND,84,CHICAGO DEPT OF TRANSPORTATION,2125,ENGINEERING,149,SOFTWARE MAINTENANCE AND LICENSING,35000,35000,35000
LOCAL,0300,VEHICLE FUND,84,CHICAGO DEPT OF TRANSPORTATION,2125,ENGINEERING,150,PUBLICATN & REPRODT-OUT,6000,6000,6000
LOCAL,0300,VEHICLE FUND,84,CHICAGO DEPT OF TRANSPORTATION,2125,ENGINEERING,152,ADVERTISING,2000,2000,2000
LOCAL,0300,VEHICLE FUND,84,CHICAGO DEPT OF TRANSPORTATION,2125,ENGINEERING,154,RENTAL-DATA HARDWARE EQ,10000,10000,10000
LOCAL,0300,VEHICLE FUND,84,CHICAGO DEPT OF TRANSPORTATION,2125,ENGINEERING,157,RENTAL EQUIPMENT AND SERVICES,42000,42000,41400
LOCAL,0300,VEHICLE FUND,84,CHICAGO DEPT OF TRANSPORTATION,2125,ENGINEERING,159,LEASE PURCHASE AGREEMNT,0,0,14396
LOCAL,0300,VEHICLE FUND,84,CHICAGO DEPT OF TRANSPORTATION,2125,ENGINEERING,160,REPAIR/MAINT PROPERTY,5233,5233,13454
LOCAL,0300,VEHICLE FUND,84,CHICAGO DEPT OF TRANSPORTATION,2125,ENGINEERING,161,MAINT FACILITIES,1000,1000,0
LOCAL,0300,VEHICLE FUND,84,CHICAGO DEPT OF TRANSPORTATION,2125,ENGINEERING,162,REPAIR/MAINT EQUIPMENT,68912,68912,54479
LOCAL,0300,VEHICLE FUND,84,CHICAGO DEPT OF TRANSPORTATION,2125,ENGINEERING,166,"DUES, SUBSC & MEM",2000,2000,2800
LOCAL,0300,VEHICLE FUND,84,CHICAGO DEPT OF TRANSPORTATION,2125,ENGINEERING,169,TECHNICAL MEETING COSTS,3000,3000,3000
LOCAL,0300,VEHICLE FUND,84,CHICAGO DEPT OF TRANSPORTATION,2125,ENGINEERING,178,FREIGHT AND EXPRESS CHARGES,750,750,0
LOCAL,0300,VEHICLE FUND,84,CHICAGO DEPT OF TRANSPORTATION,2125,ENGINEERING,181,MOBILE COMMUNICATION SERVICES,14500,14500,13500
LOCAL,0300,VEHICLE FUND,84,CHICAGO DEPT OF TRANSPORTATION,2125,ENGINEERING,190,TELEPHONE - NON-CENTREX BILLINGS,13000,13000,13000
LOCAL,0300,VEHICLE FUND,84,CHICAGO DEPT OF TRANSPORTATION,2125,ENGINEERING,197,TELEPHONE - MAINTENANCE,900,900,750
LOCAL,0300,VEHICLE FUND,84,CHICAGO DEPT OF TRANSPORTATION,2125,ENGINEERING,229,TRANSPORTATION AND EXPENSE ALLOWANCE,41378,41378,41378
LOCAL,0300,VEHICLE FUND,84,CHICAGO DEPT OF TRANSPORTATION,2125,ENGINEERING,245,REIMBURSEMENT TO TRAVELERS,3000,3000,4000
LOCAL,0300,VEHICLE FUND,84,CHICAGO DEPT OF TRANSPORTATION,2125,ENGINEERING,340,MATERIAL AND SUPPLIES,20296,20296,20296
LOCAL,0300,VEHICLE FUND,84,CHICAGO DEPT OF TRANSPORTATION,2125,ENGINEERING,345,APPARATUS AND INSTRUMENTS,2000,2000,2000
LOCAL,0300,VEHICLE FUND,84,CHICAGO DEPT OF TRANSPORTATION,2125,ENGINEERING,348,BOOKS AND RELATED MATERIAL,2000,2000,1000
LOCAL,0300,VEHICLE FUND,84,CHICAGO DEPT OF TRANSPORTATION,2125,ENGINEERING,350,STATIONERY AND OFFICE SUPPLIES,13310,13310,12310
LOCAL,0300,VEHICLE FUND,84,CHICAGO DEPT OF TRANSPORTATION,2135,INFRASTRUCTURE MANAGEMENT,5,SALARIES AND WAGES - ON PAYROLL,6781527,6781527,4484568
LOCAL,0300,VEHICLE FUND,84,CHICAGO DEPT OF TRANSPORTATION,2135,INFRASTRUCTURE MANAGEMENT,11,CONTRACT WAGE - SALARY,0,0,7871
LOCAL,0300,VEHICLE FUND,84,CHICAGO DEPT OF TRANSPORTATION,2135,INFRASTRUCTURE MANAGEMENT,12,CONTRACT WAGE - PREVAILING RATE,18484,18484,0
LOCAL,0300,VEHICLE FUND,84,CHICAGO DEPT OF TRANSPORTATION,2135,INFRASTRUCTURE MANAGEMENT,15,SCHEDULE SALARY ADJUSTMENTS,89170,89170,32577
LOCAL,0300,VEHICLE FUND,84,CHICAGO DEPT OF TRANSPORTATION,2135,INFRASTRUCTURE MANAGEMENT,20,OVERTIME,8663,8663,34573
LOCAL,0300,VEHICLE FUND,84,CHICAGO DEPT OF TRANSPORTATION,2135,INFRASTRUCTURE MANAGEMENT,39,STUDENT AS TRAINEES,33920,33920,14000
LOCAL,0300,VEHICLE FUND,84,CHICAGO DEPT OF TRANSPORTATION,2135,INFRASTRUCTURE MANAGEMENT,126,OFFICE CONVENIENCES,1820,1820,350
LOCAL,0300,VEHICLE FUND,84,CHICAGO DEPT OF TRANSPORTATION,2135,INFRASTRUCTURE MANAGEMENT,130,POSTAGE,52717,52717,50250
LOCAL,0300,VEHICLE FUND,84,CHICAGO DEPT OF TRANSPORTATION,2135,INFRASTRUCTURE MANAGEMENT,140,PROFESSIONAL AND TECHNICAL SERVICES,75000,75000,4310000
LOCAL,0300,VEHICLE FUND,84,CHICAGO DEPT OF TRANSPORTATION,2135,INFRASTRUCTURE MANAGEMENT,149,SOFTWARE MAINTENANCE AND LICENSING,223500,223500,125000
LOCAL,0300,VEHICLE FUND,84,CHICAGO DEPT OF TRANSPORTATION,2135,INFRASTRUCTURE MANAGEMENT,150,PUBLICATN & REPRODT-OUT,12295,12295,12400
LOCAL,0300,VEHICLE FUND,84,CHICAGO DEPT OF TRANSPORTATION,2135,INFRASTRUCTURE MANAGEMENT,152,ADVERTISING,9000,9000,9000
LOCAL,0300,VEHICLE FUND,84,CHICAGO DEPT OF TRANSPORTATION,2135,INFRASTRUCTURE MANAGEMENT,154,RENTAL-DATA HARDWARE EQ,2000,2000,0
LOCAL,0300,VEHICLE FUND,84,CHICAGO DEPT OF TRANSPORTATION,2135,INFRASTRUCTURE MANAGEMENT,157,RENTAL EQUIPMENT AND SERVICES,79147,79147,5400
LOCAL,0300,VEHICLE FUND,84,CHICAGO DEPT OF TRANSPORTATION,2135,INFRASTRUCTURE MANAGEMENT,159,LEASE PURCHASE AGREEMNT,0,0,17089
LOCAL,0300,VEHICLE FUND,84,CHICAGO DEPT OF TRANSPORTATION,2135,INFRASTRUCTURE MANAGEMENT,160,REPAIR/MAINT PROPERTY,12505,12505,9800
LOCAL,0300,VEHICLE FUND,84,CHICAGO DEPT OF TRANSPORTATION,2135,INFRASTRUCTURE MANAGEMENT,162,REPAIR/MAINT EQUIPMENT,188440,188440,48328
LOCAL,0300,VEHICLE FUND,84,CHICAGO DEPT OF TRANSPORTATION,2135,INFRASTRUCTURE MANAGEMENT,166,"DUES, SUBSC & MEM",0,0,500
LOCAL,0300,VEHICLE FUND,84,CHICAGO DEPT OF TRANSPORTATION,2135,INFRASTRUCTURE MANAGEMENT,173,EQUIPMENT,6260,6260,0
LOCAL,0300,VEHICLE FUND,84,CHICAGO DEPT OF TRANSPORTATION,2135,INFRASTRUCTURE MANAGEMENT,179,MESSENGER SERVICES,500,500,500
LOCAL,0300,VEHICLE FUND,84,CHICAGO DEPT OF TRANSPORTATION,2135,INFRASTRUCTURE MANAGEMENT,181,MOBILE COMMUNICATION SERVICES,0,0,24000
LOCAL,0300,VEHICLE FUND,84,CHICAGO DEPT OF TRANSPORTATION,2135,INFRASTRUCTURE MANAGEMENT,188,VEHICLE TRACKING SERVICE,9301,9301,12912
LOCAL,0300,VEHICLE FUND,84,CHICAGO DEPT OF TRANSPORTATION,2135,INFRASTRUCTURE MANAGEMENT,190,TELEPHONE - NON-CENTREX BILLINGS,28000,28000,43300
LOCAL,0300,VEHICLE FUND,84,CHICAGO DEPT OF TRANSPORTATION,2135,INFRASTRUCTURE MANAGEMENT,196,DATA CIRCUITS,5700,5700,5500
LOCAL,0300,VEHICLE FUND,84,CHICAGO DEPT OF TRANSPORTATION,2135,INFRASTRUCTURE MANAGEMENT,197,TELEPHONE - MAINTENANCE,5000,5000,14800
LOCAL,0300,VEHICLE FUND,84,CHICAGO DEPT OF TRANSPORTATION,2135,INFRASTRUCTURE MANAGEMENT,229,TRANSPORTATION AND EXPENSE ALLOWANCE,134134,134134,134434
LOCAL,0300,VEHICLE FUND,84,CHICAGO DEPT OF TRANSPORTATION,2135,INFRASTRUCTURE MANAGEMENT,245,REIMBURSEMENT TO TRAVELERS,1000,1000,4000
LOCAL,0300,VEHICLE FUND,84,CHICAGO DEPT OF TRANSPORTATION,2135,INFRASTRUCTURE MANAGEMENT,270,LOCAL TRANSPORTATION,500,500,500
LOCAL,0300,VEHICLE FUND,84,CHICAGO DEPT OF TRANSPORTATION,2135,INFRASTRUCTURE MANAGEMENT,313,CLEANING AND SANITATION SUPPLIES,883,883,1617
LOCAL,0300,VEHICLE FUND,84,CHICAGO DEPT OF TRANSPORTATION,2135,INFRASTRUCTURE MANAGEMENT,319,CLOTHING,17300,17300,14000
LOCAL,0300,VEHICLE FUND,84,CHICAGO DEPT OF TRANSPORTATION,2135,INFRASTRUCTURE MANAGEMENT,340,MATERIAL AND SUPPLIES,594257,594257,10500
LOCAL,0300,VEHICLE FUND,84,CHICAGO DEPT OF TRANSPORTATION,2135,INFRASTRUCTURE MANAGEMENT,348,BOOKS AND RELATED MATERIAL,1045,1045,1050
LOCAL,0300,VEHICLE FUND,84,CHICAGO DEPT OF TRANSPORTATION,2135,INFRASTRUCTURE MANAGEMENT,350,STATIONERY AND OFFICE SUPPLIES,11000,11000,10000
LOCAL,0300,VEHICLE FUND,84,CHICAGO DEPT OF TRANSPORTATION,2135,INFRASTRUCTURE MANAGEMENT,362,PAINTS AND PAINTING SUPPLIES,40000,40000,0
LOCAL,0300,VEHICLE FUND,84,CHICAGO DEPT OF TRANSPORTATION,2135,INFRASTRUCTURE MANAGEMENT,370,TOOLS < $ 10.00/UNIT,2300,2300,0
LOCAL,0300,VEHICLE FUND,84,CHICAGO DEPT OF TRANSPORTATION,2135,INFRASTRUCTURE MANAGEMENT,9438,REIMBURSEMENT - 2FM,4000,4000,4000
LOCAL,0300,VEHICLE FUND,84,CHICAGO DEPT OF TRANSPORTATION,2140,SIGN MANAGEMENT,5,SALARIES AND WAGES - ON PAYROLL,0,0,0
LOCAL,0300,VEHICLE FUND,84,CHICAGO DEPT OF TRANSPORTATION,2140,SIGN MANAGEMENT,11,CONTRACT WAGE - SALARY,0,0,0
LOCAL,0300,VEHICLE FUND,84,CHICAGO DEPT OF TRANSPORTATION,2140,SIGN MANAGEMENT,12,CONTRACT WAGE - PREVAILING RATE,0,0,0
LOCAL,0300,VEHICLE FUND,84,CHICAGO DEPT OF TRANSPORTATION,2140,SIGN MANAGEMENT,15,SCHEDULE SALARY ADJUSTMENTS,0,0,0
LOCAL,0300,VEHICLE FUND,84,CHICAGO DEPT OF TRANSPORTATION,2140,SIGN MANAGEMENT,20,OVERTIME,0,0,0
LOCAL,0300,VEHICLE FUND,84,CHICAGO DEPT OF TRANSPORTATION,2145,PROJECT DEVELOPMENT,5,SALARIES AND WAGES - ON PAYROLL,627847,627847,0
LOCAL,0300,VEHICLE FUND,84,CHICAGO DEPT OF TRANSPORTATION,2145,PROJECT DEVELOPMENT,11,CONTRACT WAGE - SALARY,0,0,0
LOCAL,0300,VEHICLE FUND,84,CHICAGO DEPT OF TRANSPORTATION,2145,PROJECT DEVELOPMENT,15,SCHEDULE SALARY ADJUSTMENTS,1806,1806,0
LOCAL,0300,VEHICLE FUND,84,CHICAGO DEPT OF TRANSPORTATION,2145,PROJECT DEVELOPMENT,39,STUDENT AS TRAINEES,10000,10000,0
LOCAL,0300,VEHICLE FUND,84,CHICAGO DEPT OF TRANSPORTATION,2145,PROJECT DEVELOPMENT,130,POSTAGE,500,500,0
LOCAL,0300,VEHICLE FUND,84,CHICAGO DEPT OF TRANSPORTATION,2145,PROJECT DEVELOPMENT,138,IT MAINTENANCE,25000,25000,0
LOCAL,0300,VEHICLE FUND,84,CHICAGO DEPT OF TRANSPORTATION,2145,PROJECT DEVELOPMENT,139,IT DEVELOPMENT,10000,10000,0
LOCAL,0300,VEHICLE FUND,84,CHICAGO DEPT OF TRANSPORTATION,2145,PROJECT DEVELOPMENT,140,PROFESSIONAL AND TECHNICAL SERVICES,654000,654000,0
LOCAL,0300,VEHICLE FUND,84,CHICAGO DEPT OF TRANSPORTATION,2145,PROJECT DEVELOPMENT,149,SOFTWARE MAINTENANCE AND LICENSING,1000,1000,0
LOCAL,0300,VEHICLE FUND,84,CHICAGO DEPT OF TRANSPORTATION,2145,PROJECT DEVELOPMENT,166,"DUES, SUBSC & MEM",1800,1800,0
LOCAL,0300,VEHICLE FUND,84,CHICAGO DEPT OF TRANSPORTATION,2145,PROJECT DEVELOPMENT,169,TECHNICAL MEETING COSTS,2400,2400,0
LOCAL,0300,VEHICLE FUND,84,CHICAGO DEPT OF TRANSPORTATION,2145,PROJECT DEVELOPMENT,178,FREIGHT AND EXPRESS CHARGES,450,450,0
LOCAL,0300,VEHICLE FUND,84,CHICAGO DEPT OF TRANSPORTATION,2145,PROJECT DEVELOPMENT,229,TRANSPORTATION AND EXPENSE ALLOWANCE,1875,1875,0
LOCAL,0300,VEHICLE FUND,84,CHICAGO DEPT OF TRANSPORTATION,2145,PROJECT DEVELOPMENT,270,LOCAL TRANSPORTATION,325,325,0
LOCAL,0300,VEHICLE FUND,84,CHICAGO DEPT OF TRANSPORTATION,2145,PROJECT DEVELOPMENT,340,MATERIAL AND SUPPLIES,2000,2000,0
LOCAL,0300,VEHICLE FUND,84,CHICAGO DEPT OF TRANSPORTATION,2145,PROJECT DEVELOPMENT,345,APPARATUS AND INSTRUMENTS,8000,8000,0
LOCAL,0300,VEHICLE FUND,84,CHICAGO DEPT OF TRANSPORTATION,2145,PROJECT DEVELOPMENT,348,BOOKS AND RELATED MATERIAL,1300,1300,0
LOCAL,0300,VEHICLE FUND,84,CHICAGO DEPT OF TRANSPORTATION,2145,PROJECT DEVELOPMENT,350,STATIONERY AND OFFICE SUPPLIES,3000,3000,0
LOCAL,0300,VEHICLE FUND,84,CHICAGO DEPT OF TRANSPORTATION,2150,ELECTRICAL OPERATIONS,5,SALARIES AND WAGES - ON PAYROLL,13046013,13046013,15977147
LOCAL,0300,VEHICLE FUND,84,CHICAGO DEPT OF TRANSPORTATION,2150,ELECTRICAL OPERATIONS,11,CONTRACT WAGE - SALARY,0,0,252
LOCAL,0300,VEHICLE FUND,84,CHICAGO DEPT OF TRANSPORTATION,2150,ELECTRICAL OPERATIONS,12,CONTRACT WAGE - PREVAILING RATE,184127,184127,194169
LOCAL,0300,VEHICLE FUND,84,CHICAGO DEPT OF TRANSPORTATION,2150,ELECTRICAL OPERATIONS,20,OVERTIME,700000,700000,650000
LOCAL,0300,VEHICLE FUND,84,CHICAGO DEPT OF TRANSPORTATION,2150,ELECTRICAL OPERATIONS,140,PROFESSIONAL AND TECHNICAL SERVICES,1032900,1032900,957900
LOCAL,0300,VEHICLE FUND,84,CHICAGO DEPT OF TRANSPORTATION,2150,ELECTRICAL OPERATIONS,157,RENTAL EQUIPMENT AND SERVICES,117495,117495,117495
LOCAL,0300,VEHICLE FUND,84,CHICAGO DEPT OF TRANSPORTATION,2150,ELECTRICAL OPERATIONS,159,LEASE PURCHASE AGREEMNT,6860,6860,10713
LOCAL,0300,VEHICLE FUND,84,CHICAGO DEPT OF TRANSPORTATION,2150,ELECTRICAL OPERATIONS,162,REPAIR/MAINT EQUIPMENT,16339,16339,16345
LOCAL,0300,VEHICLE FUND,84,CHICAGO DEPT OF TRANSPORTATION,2150,ELECTRICAL OPERATIONS,188,VEHICLE TRACKING SERVICE,13255,13255,13255
LOCAL,0300,VEHICLE FUND,84,CHICAGO DEPT OF TRANSPORTATION,2150,ELECTRICAL OPERATIONS,229,TRANSPORTATION AND EXPENSE ALLOWANCE,107560,107560,107560
LOCAL,0300,VEHICLE FUND,84,CHICAGO DEPT OF TRANSPORTATION,2150,ELECTRICAL OPERATIONS,319,CLOTHING,9800,9800,9800
LOCAL,0300,VEHICLE FUND,84,CHICAGO DEPT OF TRANSPORTATION,2150,ELECTRICAL OPERATIONS,340,MATERIAL AND SUPPLIES,363500,363500,363500
LOCAL,0300,VEHICLE FUND,84,CHICAGO DEPT OF TRANSPORTATION,2150,ELECTRICAL OPERATIONS,345,APPARATUS AND INSTRUMENTS,30000,30000,30000
LOCAL,0300,VEHICLE FUND,84,CHICAGO DEPT OF TRANSPORTATION,2150,ELECTRICAL OPERATIONS,350,STATIONERY AND OFFICE SUPPLIES,11000,11000,8000
LOCAL,0300,VEHICLE FUND,84,CHICAGO DEPT OF TRANSPORTATION,2150,ELECTRICAL OPERATIONS,360,REPAIR PARTS AND MATERIAL,6500,6500,6500
LOCAL,0300,VEHICLE FUND,84,CHICAGO DEPT OF TRANSPORTATION,2150,ELECTRICAL OPERATIONS,362,PAINTS AND PAINTING SUPPLIES,1000,1000,1000
LOCAL,0300,VEHICLE FUND,84,CHICAGO DEPT OF TRANSPORTATION,2150,ELECTRICAL OPERATIONS,365,ELECTRICAL SUPPLIES,327000,327000,327000
LOCAL,0300,VEHICLE FUND,84,CHICAGO DEPT OF TRANSPORTATION,2150,ELECTRICAL OPERATIONS,423,COMMUNICATION DEVICES,700,700,700
LOCAL,0300,VEHICLE FUND,84,CHICAGO DEPT OF TRANSPORTATION,2150,ELECTRICAL OPERATIONS,440,MACHINERY AND EQUIPMENT,3750,3750,3750
LOCAL,0300,VEHICLE FUND,84,CHICAGO DEPT OF TRANSPORTATION,2155,IN-HOUSE CONSTRUCTION,5,SALARIES AND WAGES - ON PAYROLL,29328503,29328503,38936782
LOCAL,0300,VEHICLE FUND,84,CHICAGO DEPT OF TRANSPORTATION,2155,IN-HOUSE CONSTRUCTION,11,CONTRACT WAGE - SALARY,0,0,829
LOCAL,0300,VEHICLE FUND,84,CHICAGO DEPT OF TRANSPORTATION,2155,IN-HOUSE CONSTRUCTION,12,CONTRACT WAGE - PREVAILING RATE,549359,549359,346905
LOCAL,0300,VEHICLE FUND,84,CHICAGO DEPT OF TRANSPORTATION,2155,IN-HOUSE CONSTRUCTION,15,SCHEDULE SALARY ADJUSTMENTS,4222,4222,4023
LOCAL,0300,VEHICLE FUND,84,CHICAGO DEPT OF TRANSPORTATION,2155,IN-HOUSE CONSTRUCTION,20,OVERTIME,1000000,1000000,102000
LOCAL,0300,VEHICLE FUND,84,CHICAGO DEPT OF TRANSPORTATION,2155,IN-HOUSE CONSTRUCTION,40,ADJUSTED SALARAIES - PER DIEM - PR,51407,51407,51407
LOCAL,0300,VEHICLE FUND,84,CHICAGO DEPT OF TRANSPORTATION,2155,IN-HOUSE CONSTRUCTION,130,POSTAGE,250,250,0
LOCAL,0300,VEHICLE FUND,84,CHICAGO DEPT OF TRANSPORTATION,2155,IN-HOUSE CONSTRUCTION,140,PROFESSIONAL AND TECHNICAL SERVICES,8460,8460,14700
LOCAL,0300,VEHICLE FUND,84,CHICAGO DEPT OF TRANSPORTATION,2155,IN-HOUSE CONSTRUCTION,150,PUBLICATN & REPRODT-OUT,500,500,0
LOCAL,0300,VEHICLE FUND,84,CHICAGO DEPT OF TRANSPORTATION,2155,IN-HOUSE CONSTRUCTION,157,RENTAL EQUIPMENT AND SERVICES,286587,286587,286587
LOCAL,0300,VEHICLE FUND,84,CHICAGO DEPT OF TRANSPORTATION,2155,IN-HOUSE CONSTRUCTION,159,LEASE PURCHASE AGREEMNT,0,0,4373
LOCAL,0300,VEHICLE FUND,84,CHICAGO DEPT OF TRANSPORTATION,2155,IN-HOUSE CONSTRUCTION,160,REPAIR/MAINT PROPERTY,42891,42891,42891
LOCAL,0300,VEHICLE FUND,84,CHICAGO DEPT OF TRANSPORTATION,2155,IN-HOUSE CONSTRUCTION,162,REPAIR/MAINT EQUIPMENT,36631,36631,34966
LOCAL,0300,VEHICLE FUND,84,CHICAGO DEPT OF TRANSPORTATION,2155,IN-HOUSE CONSTRUCTION,169,TECHNICAL MEETING COSTS,100,100,100
LOCAL,0300,VEHICLE FUND,84,CHICAGO DEPT OF TRANSPORTATION,2155,IN-HOUSE CONSTRUCTION,181,MOBILE COMMUNICATION SERVICES,87500,87500,84500
LOCAL,0300,VEHICLE FUND,84,CHICAGO DEPT OF TRANSPORTATION,2155,IN-HOUSE CONSTRUCTION,185,WASTE DISPOSAL SERVICES,107681,107681,107681
LOCAL,0300,VEHICLE FUND,84,CHICAGO DEPT OF TRANSPORTATION,2155,IN-HOUSE CONSTRUCTION,188,VEHICLE TRACKING SERVICE,167160,167160,167160
LOCAL,0300,VEHICLE FUND,84,CHICAGO DEPT OF TRANSPORTATION,2155,IN-HOUSE CONSTRUCTION,190,TELEPHONE - NON-CENTREX BILLINGS,35000,35000,35800
LOCAL,0300,VEHICLE FUND,84,CHICAGO DEPT OF TRANSPORTATION,2155,IN-HOUSE CONSTRUCTION,197,TELEPHONE - MAINTENANCE,1000,1000,900
LOCAL,0300,VEHICLE FUND,84,CHICAGO DEPT OF TRANSPORTATION,2155,IN-HOUSE CONSTRUCTION,229,TRANSPORTATION AND EXPENSE ALLOWANCE,14425,14425,14425
LOCAL,0300,VEHICLE FUND,84,CHICAGO DEPT OF TRANSPORTATION,2155,IN-HOUSE CONSTRUCTION,245,REIMBURSEMENT TO TRAVELERS,500,500,500
LOCAL,0300,VEHICLE FUND,84,CHICAGO DEPT OF TRANSPORTATION,2155,IN-HOUSE CONSTRUCTION,313,CLEANING AND SANITATION SUPPLIES,1000,1000,0
LOCAL,0300,VEHICLE FUND,84,CHICAGO DEPT OF TRANSPORTATION,2155,IN-HOUSE CONSTRUCTION,314,FUEL OIL,1500,1500,0
LOCAL,0300,VEHICLE FUND,84,CHICAGO DEPT OF TRANSPORTATION,2155,IN-HOUSE CONSTRUCTION,316,GAS - BOTTLED AND PROPANE,14500,14500,0
LOCAL,0300,VEHICLE FUND,84,CHICAGO DEPT OF TRANSPORTATION,2155,IN-HOUSE CONSTRUCTION,319,CLOTHING,1850,1850,0
LOCAL,0300,VEHICLE FUND,84,CHICAGO DEPT OF TRANSPORTATION,2155,IN-HOUSE CONSTRUCTION,340,MATERIAL AND SUPPLIES,828870,828870,796723
LOCAL,0300,VEHICLE FUND,84,CHICAGO DEPT OF TRANSPORTATION,2155,IN-HOUSE CONSTRUCTION,345,APPARATUS AND INSTRUMENTS,600,600,0
LOCAL,0300,VEHICLE FUND,84,CHICAGO DEPT OF TRANSPORTATION,2155,IN-HOUSE CONSTRUCTION,348,BOOKS AND RELATED MATERIAL,250,250,0
LOCAL,0300,VEHICLE FUND,84,CHICAGO DEPT OF TRANSPORTATION,2155,IN-HOUSE CONSTRUCTION,350,STATIONERY AND OFFICE SUPPLIES,24000,24000,10000
LOCAL,0300,VEHICLE FUND,84,CHICAGO DEPT OF TRANSPORTATION,2155,IN-HOUSE CONSTRUCTION,440,MACHINERY AND EQUIPMENT,2815,2815,0
LOCAL,0300,VEHICLE FUND,84,CHICAGO DEPT OF TRANSPORTATION,2155,IN-HOUSE CONSTRUCTION,9064,MAINTENANCE STREET PAVE,75000,75000,75000
LOCAL,0300,VEHICLE FUND,84,CHICAGO DEPT OF TRANSPORTATION,2155,IN-HOUSE CONSTRUCTION,9458,REIMBURSEMENT - OEMC,33000,33000,0
LOCAL,0300,VEHICLE FUND,84,CHICAGO DEPT OF TRANSPORTATION,2155,IN-HOUSE CONSTRUCTION,9481,REIMBURSEMENT - DSS,35000,35000,35000
LOCAL,0310,MOTOR FUEL TAX FUND,84,CHICAGO DEPT OF TRANSPORTATION,2150,ELECTRICAL OPERATIONS,319,CLOTHING,2034,2034,2034
LOCAL,0310,MOTOR FUEL TAX FUND,84,CHICAGO DEPT OF TRANSPORTATION,2150,ELECTRICAL OPERATIONS,340,MATERIAL AND SUPPLIES,1557090,1557090,1500090
LOCAL,0310,MOTOR FUEL TAX FUND,84,CHICAGO DEPT OF TRANSPORTATION,2150,ELECTRICAL OPERATIONS,360,REPAIR PARTS AND MATERIAL,273000,273000,250000
LOCAL,0310,MOTOR FUEL TAX FUND,84,CHICAGO DEPT OF TRANSPORTATION,2150,ELECTRICAL OPERATIONS,365,ELECTRICAL SUPPLIES,374750,374750,350000
LOCAL,0310,MOTOR FUEL TAX FUND,84,CHICAGO DEPT OF TRANSPORTATION,2155,IN-HOUSE CONSTRUCTION,5,SALARIES AND WAGES - ON PAYROLL,518161,518161,5924341
LOCAL,0310,MOTOR FUEL TAX FUND,84,CHICAGO DEPT OF TRANSPORTATION,2155,IN-HOUSE CONSTRUCTION,12,CONTRACT WAGE - PREVAILING RATE,8373,8373,46177
LOCAL,0310,MOTOR FUEL TAX FUND,84,CHICAGO DEPT OF TRANSPORTATION,2155,IN-HOUSE CONSTRUCTION,20,OVERTIME,0,0,195000
LOCAL,0310,MOTOR FUEL TAX FUND,84,CHICAGO DEPT OF TRANSPORTATION,2155,IN-HOUSE CONSTRUCTION,140,PROFESSIONAL AND TECHNICAL SERVICES,0,0,1075000
LOCAL,0310,MOTOR FUEL TAX FUND,84,CHICAGO DEPT OF TRANSPORTATION,2155,IN-HOUSE CONSTRUCTION,340,MATERIAL AND SUPPLIES,0,0,4630442
LOCAL,0310,MOTOR FUEL TAX FUND,84,CHICAGO DEPT OF TRANSPORTATION,2156,BRIDGES AND PAVEMENT MAINT,5,SALARIES AND WAGES - ON PAYROLL,3447354,3447354,0
LOCAL,0310,MOTOR FUEL TAX FUND,84,CHICAGO DEPT OF TRANSPORTATION,2156,BRIDGES AND PAVEMENT MAINT,12,CONTRACT WAGE - PREVAILING RATE,52901,52901,0
LOCAL,0310,MOTOR FUEL TAX FUND,84,CHICAGO DEPT OF TRANSPORTATION,2156,BRIDGES AND PAVEMENT MAINT,140,PROFESSIONAL AND TECHNICAL SERVICES,1075000,1075000,0
LOCAL,0310,MOTOR FUEL TAX FUND,84,CHICAGO DEPT OF TRANSPORTATION,2156,BRIDGES AND PAVEMENT MAINT,340,MATERIAL AND SUPPLIES,4630442,4630442,0
GRANTS,0011,GREENSTREETS,84,CHICAGO DEPT OF TRANSPORTATION,2964,HEGEWISH MARSH - ECOLOGY,140,PROFESSIONAL AND TECHNICAL SERVICES,100000,100000,0
GRANTS,0283,CHICAGO TRAFFIC RECORDS SYSTEM,84,CHICAGO DEPT OF TRANSPORTATION,2921,SAFE ROUTES TO SCHOOL,140,PROFESSIONAL AND TECHNICAL SERVICES,98000,98000,0
GRANTS,0283,CHICAGO TRAFFIC RECORDS SYSTEM,84,CHICAGO DEPT OF TRANSPORTATION,2925,HIGHWAY SAFETY IMPROVEMENT PGM,540,CONSTRUCTION OF BUILDINGS AND STRUCTURES,165000,165000,0
GRANTS,0597,STATE IMPROV PROJ,84,CHICAGO DEPT OF TRANSPORTATION,2801,ARTERIAL STREETS - IDOT,140,PROFESSIONAL AND TECHNICAL SERVICES,0,0,0
GRANTS,0597,STATE IMPROV PROJ,84,CHICAGO DEPT OF TRANSPORTATION,2801,ARTERIAL STREETS - IDOT,540,CONSTRUCTION OF BUILDINGS AND STRUCTURES,14760000,14760000,0
GRANTS,0598,BIKE PATH PROGRAM,84,CHICAGO DEPT OF TRANSPORTATION,2926,BICYCLE PARKING DONATIONS,540,CONSTRUCTION OF BUILDINGS AND STRUCTURES,150000,150000,150000
GRANTS,0781,STP-FEDERAL CONSTRT,84,CHICAGO DEPT OF TRANSPORTATION,2820,STP FEDERAL CONSTRUCTION,540,CONSTRUCTION OF BUILDINGS AND STRUCTURES,22500000,22500000,0
GRANTS,0783,ILLINOIS DEPARTMENT OF TRANSPORTATION,84,CHICAGO DEPT OF TRANSPORTATION,2830,STP FEDERAL ENGINEERING,140,PROFESSIONAL AND TECHNICAL SERVICES,6449000,6449000,0
GRANTS,0783,ILLINOIS DEPARTMENT OF TRANSPORTATION,84,CHICAGO DEPT OF TRANSPORTATION,2872,STP ENHANCEMENT PROGRAM,140,PROFESSIONAL AND TECHNICAL SERVICES,0,0,0
GRANTS,0784,CMAQ - FEDERAL,84,CHICAGO DEPT OF TRANSPORTATION,2805,CMAQ - FEDERAL,140,PROFESSIONAL AND TECHNICAL SERVICES,10461000,10461000,0
GRANTS,0817,CENTRAL AREA RAPID TRANSIT,84,CHICAGO DEPT OF TRANSPORTATION,2869,SAFETEA - LU - FEDERAL,140,PROFESSIONAL AND TECHNICAL SERVICES,2800000,2800000,0
GRANTS,0834,IDOT LEGISLATIVE GRANT PRJTS,84,CHICAGO DEPT OF TRANSPORTATION,2977,ILLINOIS JOBS NOW,140,PROFESSIONAL AND TECHNICAL SERVICES,5000000,5000000,0
GRANTS,0863,ENVIRONMENTAL STATE,84,CHICAGO DEPT OF TRANSPORTATION,2941,CALUMET ENVIRONMENTAL CENTER,140,PROFESSIONAL AND TECHNICAL SERVICES,1643000,1643000,0
GRANTS,0L00,ROADWAY BEAUTIFICATION AND ENHANCEMENT,84,CHICAGO DEPT OF TRANSPORTATION,2864,ROADWAY BEAUTIFICATION,540,CONSTRUCTION OF BUILDINGS AND STRUCTURES,0,0,5297000
GRANTS,0L01,HIGH PRIORITY / SAFETEA - LU,84,CHICAGO DEPT OF TRANSPORTATION,2869,SAFETEA - LU - FEDERAL,140,PROFESSIONAL AND TECHNICAL SERVICES,0,0,0
GRANTS,0L01,HIGH PRIORITY / SAFETEA - LU,84,CHICAGO DEPT OF TRANSPORTATION,2869,SAFETEA - LU - FEDERAL,540,CONSTRUCTION OF BUILDINGS AND STRUCTURES,0,0,11681000
GRANTS,0L03,COOK COUNTY HIGHWAY PROGRAM,84,CHICAGO DEPT OF TRANSPORTATION,2873,COOK COUNTY HIGHWAY PROGRAM,540,CONSTRUCTION OF BUILDINGS AND STRUCTURES,0,0,640000
GRANTS,0L04,BRIDGE MAINTENANCE - IDOT,84,CHICAGO DEPT OF TRANSPORTATION,2880,BRIDGE MAINTENANCE - IDOT,540,CONSTRUCTION OF BUILDINGS AND STRUCTURES,0,0,600000
GRANTS,0L05,MAJOR BRIDGE - FEDERA;,84,CHICAGO DEPT OF TRANSPORTATION,2906,MAJOR BRIDGE - FEDERAL,540,CONSTRUCTION OF BUILDINGS AND STRUCTURES,0,0,21240000
GRANTS,0L06,TRANSPORTATION INVESTMENTS ECON RECOVERY,84,CHICAGO DEPT OF TRANSPORTATION,2919,TIGER,540,CONSTRUCTION OF BUILDINGS AND STRUCTURES,0,0,19000000
GRANTS,0L07,SAFE ROUTES TO SCHOOL,84,CHICAGO DEPT OF TRANSPORTATION,2921,SAFE ROUTES TO SCHOOL,540,CONSTRUCTION OF BUILDINGS AND STRUCTURES,0,0,2224000
GRANTS,0L08,IDOT SECTION 408 TRAFFIC SAFETY,84,CHICAGO DEPT OF TRANSPORTATION,2922,IDOT SECTION 408 TRAFFIC SAFTY,140,PROFESSIONAL AND TECHNICAL SERVICES,0,0,500000
GRANTS,0L09,IDOT EMERGENCY REPAIR PROGRAM,84,CHICAGO DEPT OF TRANSPORTATION,2923,IDOT EMERGENCY REPAIR PROGRAM,540,CONSTRUCTION OF BUILDINGS AND STRUCTURES,0,0,1000000
GRANTS,0L10,HIGHWAY SAFETY IMPROVEMENT PROGRAM,84,CHICAGO DEPT OF TRANSPORTATION,2925,HIGHWAY SAFETY IMPROVEMENT PGM,140,PROFESSIONAL AND TECHNICAL SERVICES,0,0,3552000
GRANTS,0L12,ILLINOIS GREEN INFRASTRUCTURE,84,CHICAGO DEPT OF TRANSPORTATION,2938,ILLINOIS GREEN INFRASTRUCTURE,140,PROFESSIONAL AND TECHNICAL SERVICES,0,0,0
GRANTS,0L13,CMAP LOCAL ASSISTANCE PROGRAM,84,CHICAGO DEPT OF TRANSPORTATION,2968,CMAP LOCAL ASSISTANCE PROGRAM,140,PROFESSIONAL AND TECHNICAL SERVICES,0,0,200000
GRANTS,0L14,HIGHWAY SAFETY PROGRAM INJURY PREVENTION,84,CHICAGO DEPT OF TRANSPORTATION,2974,HIGHWAY SAFETY PGM. INJURY PRV,140,PROFESSIONAL AND TECHNICAL SERVICES,0,0,385000
GRANTS,0L18,ILLINOIS JOBS NOW,84,CHICAGO DEPT OF TRANSPORTATION,2977,ILLINOIS JOBS NOW,140,PROFESSIONAL AND TECHNICAL SERVICES,0,0,12960000
GRANTS,0L19,FEDERAL SECTION 117,84,CHICAGO DEPT OF TRANSPORTATION,2937,FEDERAL SECTION 117,140,PROFESSIONAL AND TECHNICAL SERVICES,0,0,992000
GRANTS,0L20,ALBANY PARK STORMWATER DIVERSION TUNNEL,84,CHICAGO DEPT OF TRANSPORTATION,2989,ALBANY PARK STORMWATER TUNNEL,140,PROFESSIONAL AND TECHNICAL SERVICES,1170000,1170000,0
GRANTS,0L21,WEST RIDGE NATURE PRESERSE,84,CHICAGO DEPT OF TRANSPORTATION,2991,WEST RIDGE NATURE PRESERVE,140,PROFESSIONAL AND TECHNICAL SERVICES,1500000,1500000,0
GRANTS,0L22,CUBS FUND FOR NEIGHBORHOOD IMPROVEMENTS,84,CHICAGO DEPT OF TRANSPORTATION,2995,CUBS FUND FOR NEIGHBORHOOD IMP,140,PROFESSIONAL AND TECHNICAL SERVICES,129000,129000,500000
GRANTS,0L23,CTA INFRASTRUCTURE IMPROVEMENT,84,CHICAGO DEPT OF TRANSPORTATION,2996,CTA INFRASTRUCTURE IMPROVEMENT,140,PROFESSIONAL AND TECHNICAL SERVICES,2000000,2000000,2000000
GRANTS,0M07,PRIVATE FUNDED GRANTS,84,CHICAGO DEPT OF TRANSPORTATION,2901,OUTSIDE FUNDING CONTRIBUTIONS,540,CONSTRUCTION OF BUILDINGS AND STRUCTURES,1000000,1000000,1000000
GRANTS,0M29,TCSP FEDERAL THROUGH STATE,84,CHICAGO DEPT OF TRANSPORTATION,2936,TCSP FEDERAL THROUGH STATE,540,CONSTRUCTION OF BUILDINGS AND STRUCTURES,0,0,0
GRANTS,0M46,BRIDGE FUNDS (HBRRP) - FEDERAL,84,CHICAGO DEPT OF TRANSPORTATION,2835,BRIDGE FUNDS (HBRRP) FED,540,CONSTRUCTION OF BUILDINGS AND STRUCTURES,4000000,4000000,0
GRANTS,0M46,BRIDGE FUNDS (HBRRP) - FEDERAL,84,CHICAGO DEPT OF TRANSPORTATION,2836,BRIDGE FUNDS (HBRRP) STATE,540,CONSTRUCTION OF BUILDINGS AND STRUCTURES,1000000,1000000,0
GRANTS,0M47,ROADWAY BEAUTIFICATION AND ENHANCEMENT,84,CHICAGO DEPT OF TRANSPORTATION,2864,ROADWAY BEAUTIFICATION,540,CONSTRUCTION OF BUILDINGS AND STRUCTURES,5440000,5440000,0
GRANTS,0M48,MAJOR BRIDGE - FEDERAL,84,CHICAGO DEPT OF TRANSPORTATION,2906,MAJOR BRIDGE - FEDERAL,540,CONSTRUCTION OF BUILDINGS AND STRUCTURES,0,0,0
GRANTS,0M49,STP - ENHANCEMENT - STATE,84,CHICAGO DEPT OF TRANSPORTATION,2872,STP ENHANCEMENT PROGRAM,140,PROFESSIONAL AND TECHNICAL SERVICES,6000000,6000000,0
GRANTS,0M49,STP - ENHANCEMENT - STATE,84,CHICAGO DEPT OF TRANSPORTATION,2872,STP ENHANCEMENT PROGRAM,540,CONSTRUCTION OF BUILDINGS AND STRUCTURES,0,0,0
GRANTS,0M50,I-GO PEER TO PEER CAR SHARING,84,CHICAGO DEPT OF TRANSPORTATION,2984,I-GO PEER TO PEER CAR SHARING,140,PROFESSIONAL AND TECHNICAL SERVICES,716000,716000,0
GRANTS,0M51,HIGHWAY SAFETY IMPROVEMENT,84,CHICAGO DEPT OF TRANSPORTATION,2925,HIGHWAY SAFETY IMPROVEMENT PGM,140,PROFESSIONAL AND TECHNICAL SERVICES,120000,120000,0
GRANTS,0M52,SAFE ROUTES TO SCHOOL,84,CHICAGO DEPT OF TRANSPORTATION,2921,SAFE ROUTES TO SCHOOL,540,CONSTRUCTION OF BUILDINGS AND STRUCTURES,0,0,0
GRANTS,0M54,IDOT FUNDS - BRIDGE MAINTENANCE,84,CHICAGO DEPT OF TRANSPORTATION,2880,BRIDGE MAINTENANCE - IDOT,540,CONSTRUCTION OF BUILDINGS AND STRUCTURES,600000,600000,0
GRANTS,0M55,ARTERIAL STREETS - IDOT,84,CHICAGO DEPT OF TRANSPORTATION,2801,ARTERIAL STREETS - IDOT,140,PROFESSIONAL AND TECHNICAL SERVICES,0,0,0
GRANTS,0M55,ARTERIAL STREETS - IDOT,84,CHICAGO DEPT OF TRANSPORTATION,2801,ARTERIAL STREETS - IDOT,540,CONSTRUCTION OF BUILDINGS AND STRUCTURES,32629000,32629000,0
GRANTS,0M56,HIGHWAY SAFETY INJURY PREVENTION,84,CHICAGO DEPT OF TRANSPORTATION,2974,HIGHWAY SAFETY PGM. INJURY PRV,140,PROFESSIONAL AND TECHNICAL SERVICES,385000,385000,0
GRANTS,0M57,CHICAGO MET AGENCY LOCAL ASSISTANCE,84,CHICAGO DEPT OF TRANSPORTATION,2968,CMAP LOCAL ASSISTANCE PROGRAM,140,PROFESSIONAL AND TECHNICAL SERVICES,100000,100000,0
GRANTS,0M58,TRANSPORTATION PLANNING,84,CHICAGO DEPT OF TRANSPORTATION,2825,TRANSPORTATION PLANNING,5,SALARIES AND WAGES - ON PAYROLL,106985,106985,0
GRANTS,0M58,TRANSPORTATION PLANNING,84,CHICAGO DEPT OF TRANSPORTATION,2825,TRANSPORTATION PLANNING,15,SCHEDULE SALARY ADJUSTMENTS,2904,2904,0
GRANTS,0M58,TRANSPORTATION PLANNING,84,CHICAGO DEPT OF TRANSPORTATION,2825,TRANSPORTATION PLANNING,44,FRINGE BENEFITS,44066,44066,0
GRANTS,0M58,TRANSPORTATION PLANNING,84,CHICAGO DEPT OF TRANSPORTATION,2825,TRANSPORTATION PLANNING,140,PROFESSIONAL AND TECHNICAL SERVICES,706045,706045,0
GRANTS,0M59,VERTICAL CLEARANCE IMPROVEMENT PROGRAM,84,CHICAGO DEPT OF TRANSPORTATION,2815,VERTICAL CLEARANCE IMPROVEMENT,540,CONSTRUCTION OF BUILDINGS AND STRUCTURES,0,0,0
GRANTS,0M60,STP CONSTRUCTION,84,CHICAGO DEPT OF TRANSPORTATION,2820,STP FEDERAL CONSTRUCTION,540,CONSTRUCTION OF BUILDINGS AND STRUCTURES,59442000,59442000,0
GRANTS,0M61,IDOT EMERGENCY REPAIR PROGRAM,84,CHICAGO DEPT OF TRANSPORTATION,2923,IDOT EMERGENCY REPAIR PROGRAM,540,CONSTRUCTION OF BUILDINGS AND STRUCTURES,3154000,3154000,0
GRANTS,0M62,IDOT SECTION 408 TRAFFIC SAFETY,84,CHICAGO DEPT OF TRANSPORTATION,2922,IDOT SECTION 408 TRAFFIC SAFTY,140,PROFESSIONAL AND TECHNICAL SERVICES,430000,430000,0
GRANTS,0M65,STP - ENGINEERING,84,CHICAGO DEPT OF TRANSPORTATION,2830,STP FEDERAL ENGINEERING,140,PROFESSIONAL AND TECHNICAL SERVICES,24555000,24555000,0
GRANTS,0M66,TRANSPORTATION INVESTMENTS ECON RECOVERY,84,CHICAGO DEPT OF TRANSPORTATION,2919,TIGER,540,CONSTRUCTION OF BUILDINGS AND STRUCTURES,0,0,0
GRANTS,0M67,CONGESTION MITIGATION AIR QUALITY,84,CHICAGO DEPT OF TRANSPORTATION,2805,CMAQ - FEDERAL,140,PROFESSIONAL AND TECHNICAL SERVICES,0,0,0
GRANTS,0M67,CONGESTION MITIGATION AIR QUALITY,84,CHICAGO DEPT OF TRANSPORTATION,2805,CMAQ - FEDERAL,540,CONSTRUCTION OF BUILDINGS AND STRUCTURES,150645000,150645000,0
GRANTS,0M69,HIGH PRIORITY / SAFETEA - LU,84,CHICAGO DEPT OF TRANSPORTATION,2869,SAFETEA - LU - FEDERAL,140,PROFESSIONAL AND TECHNICAL SERVICES,480000,480000,0
GRANTS,0M69,HIGH PRIORITY / SAFETEA - LU,84,CHICAGO DEPT OF TRANSPORTATION,2869,SAFETEA - LU - FEDERAL,540,CONSTRUCTION OF BUILDINGS AND STRUCTURES,0,0,0
GRANTS,0M72,COOK COUNTY HIGHWAY PROGRAM,84,CHICAGO DEPT OF TRANSPORTATION,2873,COOK COUNTY HIGHWAY PROGRAM,540,CONSTRUCTION OF BUILDINGS AND STRUCTURES,400000,400000,0
GRANTS,0M73,ILLINOIS GREEN INFRASTRUCTURE,84,CHICAGO DEPT OF TRANSPORTATION,2938,ILLINOIS GREEN INFRASTRUCTURE,140,PROFESSIONAL AND TECHNICAL SERVICES,0,0,0
LOCAL,0610,MIDWAY AIRPORT FUND,85,DEPARTMENT OF AVIATION,2010,CHICAGO MIDWAY AIRPORT,11,CONTRACT WAGE - SALARY,0,0,4142
GRANTS,0M83,LELAND AVENUE NEIGHBORHOOD GREENWAY,84,CHICAGO DEPT OF TRANSPORTATION,2988,LELAND NEIGHBOR. GREENWAY,140,PROFESSIONAL AND TECHNICAL SERVICES,188000,188000,0
GRANTS,0M84,FEDERAL SECTION 129,84,CHICAGO DEPT OF TRANSPORTATION,2987,FEDERAL SECTION 129,140,PROFESSIONAL AND TECHNICAL SERVICES,640000,640000,0
GRANTS,0M85,CREATE ECONOMIC BENEFITS STUDY,84,CHICAGO DEPT OF TRANSPORTATION,2985,CREATE ECONOMIC STUDY,140,PROFESSIONAL AND TECHNICAL SERVICES,15000,15000,0
GRANTS,0M86,BELMONT / WILTON RE-LANDSCAPING PROJECT,84,CHICAGO DEPT OF TRANSPORTATION,2990,BELMONT/WILTON RE-LANDSCAPING,140,PROFESSIONAL AND TECHNICAL SERVICES,32000,32000,0
GRANTS,0M87,STATE ONLY CHICAGO COMMITMENT,84,CHICAGO DEPT OF TRANSPORTATION,2801,ARTERIAL STREETS - IDOT,140,PROFESSIONAL AND TECHNICAL SERVICES,0,0,0
GRANTS,0M87,STATE ONLY CHICAGO COMMITMENT,84,CHICAGO DEPT OF TRANSPORTATION,2801,ARTERIAL STREETS - IDOT,540,CONSTRUCTION OF BUILDINGS AND STRUCTURES,0,0,0
GRANTS,0M87,STATE ONLY CHICAGO COMMITMENT,84,CHICAGO DEPT OF TRANSPORTATION,2992,STATE ONLY CHICAGO COMMITMENT,540,CONSTRUCTION OF BUILDINGS AND STRUCTURES,0,0,93563000
GRANTS,0M88,CONGESTION MITIGATION AIR QUALITY,84,CHICAGO DEPT OF TRANSPORTATION,2805,CMAQ - FEDERAL,140,PROFESSIONAL AND TECHNICAL SERVICES,0,0,0
GRANTS,0M88,CONGESTION MITIGATION AIR QUALITY,84,CHICAGO DEPT OF TRANSPORTATION,2805,CMAQ - FEDERAL,540,CONSTRUCTION OF BUILDINGS AND STRUCTURES,0,0,75008000
GRANTS,0M90,VERTICAL CLEARANCE IMPROVEMENT,84,CHICAGO DEPT OF TRANSPORTATION,2815,VERTICAL CLEARANCE IMPROVEMENT,540,CONSTRUCTION OF BUILDINGS AND STRUCTURES,0,0,0
GRANTS,0M91,ILLINOIS TRANSPORTATION ENHANCEMENT,84,CHICAGO DEPT OF TRANSPORTATION,2872,STP ENHANCEMENT PROGRAM,140,PROFESSIONAL AND TECHNICAL SERVICES,0,0,0
GRANTS,0M91,ILLINOIS TRANSPORTATION ENHANCEMENT,84,CHICAGO DEPT OF TRANSPORTATION,2872,STP ENHANCEMENT PROGRAM,540,CONSTRUCTION OF BUILDINGS AND STRUCTURES,0,0,0
GRANTS,0M91,ILLINOIS TRANSPORTATION ENHANCEMENT,84,CHICAGO DEPT OF TRANSPORTATION,2993,IL TRANSPORTATION ENHANCEMENT,140,PROFESSIONAL AND TECHNICAL SERVICES,0,0,16934000
GRANTS,0M92,TRANSPORTATION ALTERNATIVES,84,CHICAGO DEPT OF TRANSPORTATION,2994,TRANSPORTATION ALTERNATIVES,140,PROFESSIONAL AND TECHNICAL SERVICES,0,0,7888000
GRANTS,0M93,STP CONSTRUCTION,84,CHICAGO DEPT OF TRANSPORTATION,2820,STP FEDERAL CONSTRUCTION,540,CONSTRUCTION OF BUILDINGS AND STRUCTURES,0,0,170284000
GRANTS,0M95,TRANSPORTATION PLANNING,84,CHICAGO DEPT OF TRANSPORTATION,2825,TRANSPORTATION PLANNING,5,SALARIES AND WAGES - ON PAYROLL,0,0,196325
GRANTS,0M95,TRANSPORTATION PLANNING,84,CHICAGO DEPT OF TRANSPORTATION,2825,TRANSPORTATION PLANNING,15,SCHEDULE SALARY ADJUSTMENTS,0,0,761
GRANTS,0M95,TRANSPORTATION PLANNING,84,CHICAGO DEPT OF TRANSPORTATION,2825,TRANSPORTATION PLANNING,44,FRINGE BENEFITS,0,0,77188
GRANTS,0M95,TRANSPORTATION PLANNING,84,CHICAGO DEPT OF TRANSPORTATION,2825,TRANSPORTATION PLANNING,140,PROFESSIONAL AND TECHNICAL SERVICES,0,0,725726
GRANTS,0M96,STP - ENGINEERING,84,CHICAGO DEPT OF TRANSPORTATION,2830,STP FEDERAL ENGINEERING,140,PROFESSIONAL AND TECHNICAL SERVICES,0,0,0
GRANTS,0M98,BRIDGE FUNDS (HBRRP) - FEDERAL,84,CHICAGO DEPT OF TRANSPORTATION,2835,BRIDGE FUNDS (HBRRP) FED,540,CONSTRUCTION OF BUILDINGS AND STRUCTURES,0,0,0
GRANTS,0M99,BRIDGE FUNDS (HBRRP) - FEDERAL,84,CHICAGO DEPT OF TRANSPORTATION,2836,BRIDGE FUNDS (HBRRP) STATE,540,CONSTRUCTION OF BUILDINGS AND STRUCTURES,0,0,0
GRANTS,0P12,U.S. DEPT OF ENERGY,84,CHICAGO DEPT OF TRANSPORTATION,2943,CMAQ - EMISSIONS REDUCTION,140,PROFESSIONAL AND TECHNICAL SERVICES,0,0,0
GRANTS,0P12,U.S. DEPT OF ENERGY,84,CHICAGO DEPT OF TRANSPORTATION,2944,CMAQ - DIESEL FLEET RETROFIT,140,PROFESSIONAL AND TECHNICAL SERVICES,0,0,0
GRANTS,0P12,U.S. DEPT OF ENERGY,84,CHICAGO DEPT OF TRANSPORTATION,2949,ETHANOL TO HYDROGEN,140,PROFESSIONAL AND TECHNICAL SERVICES,1824000,1824000,1824000
GRANTS,0P14,DEPT OF GENERAL SERVICES PROGRAMS,84,CHICAGO DEPT OF TRANSPORTATION,2948,CMAQ - CHICAGO DIESEL RETROFIT,140,PROFESSIONAL AND TECHNICAL SERVICES,0,0,0
GRANTS,0P29,DEPT. OF ENVIRONMENT STATE GRANTS,84,CHICAGO DEPT OF TRANSPORTATION,2957,PLUG-IN ELECTRIC VEHICLE,140,PROFESSIONAL AND TECHNICAL SERVICES,184500,184500,184500
GRANTS,0P29,DEPT. OF ENVIRONMENT STATE GRANTS,84,CHICAGO DEPT OF TRANSPORTATION,2957,PLUG-IN ELECTRIC VEHICLE,801,INDIRECT COSTS,20500,20500,20500
GRANTS,0P29,DEPT. OF ENVIRONMENT STATE GRANTS,84,CHICAGO DEPT OF TRANSPORTATION,2959,PERMEABLE PARKING LOT,140,PROFESSIONAL AND TECHNICAL SERVICES,0,0,0
GRANTS,0P29,DEPT. OF ENVIRONMENT STATE GRANTS,84,CHICAGO DEPT OF TRANSPORTATION,2959,PERMEABLE PARKING LOT,340,MATERIAL AND SUPPLIES,0,0,0
GRANTS,0S51,ARRA - URBAN AND COMMUNITY FORESTRY,84,CHICAGO DEPT OF TRANSPORTATION,2952,URBAN/COMM. FORESTRY PROGRAM,140,PROFESSIONAL AND TECHNICAL SERVICES,323091,323091,0
GRANTS,0S51,ARRA - URBAN AND COMMUNITY FORESTRY,84,CHICAGO DEPT OF TRANSPORTATION,2952,URBAN/COMM. FORESTRY PROGRAM,801,INDIRECT COSTS,97909,97909,0
GRANTS,0S55,ARRA - CHICAGO ALT. FUELS,84,CHICAGO DEPT OF TRANSPORTATION,2954,ARRA - CHICAGO ALT. FUELS,140,PROFESSIONAL AND TECHNICAL SERVICES,436000,436000,436000
CDBG,0J41,CDBG,84,CHICAGO DEPT OF TRANSPORTATION,2555,STREET RESURFACING,9484,REIMBURSEMENT - CDOT,15000000,15000000,0
LOCAL,0610,MIDWAY AIRPORT FUND,85,DEPARTMENT OF AVIATION,2010,CHICAGO MIDWAY AIRPORT,5,SALARIES AND WAGES - ON PAYROLL,13637898,13637898,13844209
LOCAL,0610,MIDWAY AIRPORT FUND,85,DEPARTMENT OF AVIATION,2010,CHICAGO MIDWAY AIRPORT,12,CONTRACT WAGE - PREVAILING RATE,167131,167131,65911
LOCAL,0610,MIDWAY AIRPORT FUND,85,DEPARTMENT OF AVIATION,2010,CHICAGO MIDWAY AIRPORT,15,SCHEDULE SALARY ADJUSTMENTS,32423,32423,62654
LOCAL,0610,MIDWAY AIRPORT FUND,85,DEPARTMENT OF AVIATION,2010,CHICAGO MIDWAY AIRPORT,20,OVERTIME,950000,950000,950000
LOCAL,0610,MIDWAY AIRPORT FUND,85,DEPARTMENT OF AVIATION,2010,CHICAGO MIDWAY AIRPORT,39,STUDENT AS TRAINEES,10000,10000,10000
LOCAL,0610,MIDWAY AIRPORT FUND,85,DEPARTMENT OF AVIATION,2010,CHICAGO MIDWAY AIRPORT,49,WORKERS' COMPENSATION,2050085,2050085,2050085
LOCAL,0610,MIDWAY AIRPORT FUND,85,DEPARTMENT OF AVIATION,2010,CHICAGO MIDWAY AIRPORT,91,UNIFORM ALLOWANCE,30300,30300,30300
LOCAL,0610,MIDWAY AIRPORT FUND,85,DEPARTMENT OF AVIATION,2010,CHICAGO MIDWAY AIRPORT,130,POSTAGE,500,500,500
LOCAL,0610,MIDWAY AIRPORT FUND,85,DEPARTMENT OF AVIATION,2010,CHICAGO MIDWAY AIRPORT,138,IT MAINTENANCE,4041700,4041700,3916700
LOCAL,0610,MIDWAY AIRPORT FUND,85,DEPARTMENT OF AVIATION,2010,CHICAGO MIDWAY AIRPORT,140,PROFESSIONAL AND TECHNICAL SERVICES,17231600,17231600,17625500
LOCAL,0610,MIDWAY AIRPORT FUND,85,DEPARTMENT OF AVIATION,2010,CHICAGO MIDWAY AIRPORT,141,APPRAISALS,16000,16000,16000
LOCAL,0610,MIDWAY AIRPORT FUND,85,DEPARTMENT OF AVIATION,2010,CHICAGO MIDWAY AIRPORT,142,ACCOUNTING AND AUDITING,229600,229600,280600
LOCAL,0610,MIDWAY AIRPORT FUND,85,DEPARTMENT OF AVIATION,2010,CHICAGO MIDWAY AIRPORT,144,ENGINEERING AND ARCHITECTURE,120000,120000,92000
LOCAL,0610,MIDWAY AIRPORT FUND,85,DEPARTMENT OF AVIATION,2010,CHICAGO MIDWAY AIRPORT,148,TESTING AND INSPECTING,0,0,7000
LOCAL,0610,MIDWAY AIRPORT FUND,85,DEPARTMENT OF AVIATION,2010,CHICAGO MIDWAY AIRPORT,149,SOFTWARE MAINTENANCE AND LICENSING,200000,200000,200900
LOCAL,0610,MIDWAY AIRPORT FUND,85,DEPARTMENT OF AVIATION,2010,CHICAGO MIDWAY AIRPORT,150,PUBLICATN & REPRODT-OUT,15000,15000,15000
LOCAL,0610,MIDWAY AIRPORT FUND,85,DEPARTMENT OF AVIATION,2010,CHICAGO MIDWAY AIRPORT,152,ADVERTISING,31000,31000,31000
LOCAL,0610,MIDWAY AIRPORT FUND,85,DEPARTMENT OF AVIATION,2010,CHICAGO MIDWAY AIRPORT,154,RENTAL-DATA HARDWARE EQ,21000,21000,21000
LOCAL,0610,MIDWAY AIRPORT FUND,85,DEPARTMENT OF AVIATION,2010,CHICAGO MIDWAY AIRPORT,157,RENTAL EQUIPMENT AND SERVICES,12969630,12969630,13601900
LOCAL,0610,MIDWAY AIRPORT FUND,85,DEPARTMENT OF AVIATION,2010,CHICAGO MIDWAY AIRPORT,160,REPAIR/MAINT PROPERTY,105000,105000,1350000
LOCAL,0610,MIDWAY AIRPORT FUND,85,DEPARTMENT OF AVIATION,2010,CHICAGO MIDWAY AIRPORT,161,MAINT FACILITIES,20915600,20915600,16270400
LOCAL,0610,MIDWAY AIRPORT FUND,85,DEPARTMENT OF AVIATION,2010,CHICAGO MIDWAY AIRPORT,162,REPAIR/MAINT EQUIPMENT,11350900,11350900,11343200
LOCAL,0610,MIDWAY AIRPORT FUND,85,DEPARTMENT OF AVIATION,2010,CHICAGO MIDWAY AIRPORT,163,MAINT STREETS,0,0,4200000
LOCAL,0610,MIDWAY AIRPORT FUND,85,DEPARTMENT OF AVIATION,2010,CHICAGO MIDWAY AIRPORT,166,"DUES, SUBSC & MEM",6400,6400,48500
LOCAL,0610,MIDWAY AIRPORT FUND,85,DEPARTMENT OF AVIATION,2010,CHICAGO MIDWAY AIRPORT,168,EDUCATION DEVELOPMENT,0,0,142100
LOCAL,0610,MIDWAY AIRPORT FUND,85,DEPARTMENT OF AVIATION,2010,CHICAGO MIDWAY AIRPORT,169,TECHNICAL MEETING COSTS,158300,158300,47000
LOCAL,0610,MIDWAY AIRPORT FUND,85,DEPARTMENT OF AVIATION,2010,CHICAGO MIDWAY AIRPORT,181,MOBILE COMMUNICATION SERVICES,31000,31000,31000
LOCAL,0610,MIDWAY AIRPORT FUND,85,DEPARTMENT OF AVIATION,2010,CHICAGO MIDWAY AIRPORT,183,WATER,200000,200000,300000
LOCAL,0610,MIDWAY AIRPORT FUND,85,DEPARTMENT OF AVIATION,2010,CHICAGO MIDWAY AIRPORT,185,WASTE DISPOSAL SERVICES,400000,400000,400000
LOCAL,0610,MIDWAY AIRPORT FUND,85,DEPARTMENT OF AVIATION,2010,CHICAGO MIDWAY AIRPORT,186,PAGERS,5000,5000,5000
LOCAL,0610,MIDWAY AIRPORT FUND,85,DEPARTMENT OF AVIATION,2010,CHICAGO MIDWAY AIRPORT,189,TELEPHONE - NON-CENTREX BILLINGS,31900,31900,31900
LOCAL,0610,MIDWAY AIRPORT FUND,85,DEPARTMENT OF AVIATION,2010,CHICAGO MIDWAY AIRPORT,190,TELEPHONE - NON-CENTREX BILLINGS,501000,501000,501000
LOCAL,0610,MIDWAY AIRPORT FUND,85,DEPARTMENT OF AVIATION,2010,CHICAGO MIDWAY AIRPORT,191,TELEPHONE - RELOCATIONS,1000,1000,1000
LOCAL,0610,MIDWAY AIRPORT FUND,85,DEPARTMENT OF AVIATION,2010,CHICAGO MIDWAY AIRPORT,197,TELEPHONE - MAINTENANCE,9000,9000,9000
LOCAL,0610,MIDWAY AIRPORT FUND,85,DEPARTMENT OF AVIATION,2010,CHICAGO MIDWAY AIRPORT,229,TRANSPORTATION AND EXPENSE ALLOWANCE,100,100,100
LOCAL,0610,MIDWAY AIRPORT FUND,85,DEPARTMENT OF AVIATION,2010,CHICAGO MIDWAY AIRPORT,245,REIMBURSEMENT TO TRAVELERS,9500,9500,9500
LOCAL,0610,MIDWAY AIRPORT FUND,85,DEPARTMENT OF AVIATION,2010,CHICAGO MIDWAY AIRPORT,270,LOCAL TRANSPORTATION,100,100,100
LOCAL,0610,MIDWAY AIRPORT FUND,85,DEPARTMENT OF AVIATION,2010,CHICAGO MIDWAY AIRPORT,313,CLEANING AND SANITATION SUPPLIES,39000,39000,39000
LOCAL,0610,MIDWAY AIRPORT FUND,85,DEPARTMENT OF AVIATION,2010,CHICAGO MIDWAY AIRPORT,319,CLOTHING,33200,33200,34900
LOCAL,0610,MIDWAY AIRPORT FUND,85,DEPARTMENT OF AVIATION,2010,CHICAGO MIDWAY AIRPORT,340,MATERIAL AND SUPPLIES,2278400,2278400,2495400
LOCAL,0740,O'HARE REVENUE FUND,85,DEPARTMENT OF AVIATION,2015,CHICAGO-O'HARE INT'L AIRPORT,163,MAINT STREETS,0,0,11140000
LOCAL,0610,MIDWAY AIRPORT FUND,85,DEPARTMENT OF AVIATION,2010,CHICAGO MIDWAY AIRPORT,345,APPARATUS AND INSTRUMENTS,11000,11000,11000
LOCAL,0610,MIDWAY AIRPORT FUND,85,DEPARTMENT OF AVIATION,2010,CHICAGO MIDWAY AIRPORT,350,STATIONERY AND OFFICE SUPPLIES,9000,9000,22000
LOCAL,0610,MIDWAY AIRPORT FUND,85,DEPARTMENT OF AVIATION,2010,CHICAGO MIDWAY AIRPORT,360,REPAIR PARTS AND MATERIAL,62500,62500,62500
LOCAL,0610,MIDWAY AIRPORT FUND,85,DEPARTMENT OF AVIATION,2010,CHICAGO MIDWAY AIRPORT,361,BUILDING MATERIALS AND SUPPLIES,8500,8500,8500
LOCAL,0610,MIDWAY AIRPORT FUND,85,DEPARTMENT OF AVIATION,2010,CHICAGO MIDWAY AIRPORT,362,PAINTS AND PAINTING SUPPLIES,70000,70000,70000
LOCAL,0610,MIDWAY AIRPORT FUND,85,DEPARTMENT OF AVIATION,2010,CHICAGO MIDWAY AIRPORT,364,PLUMBING SUPPLIES,2000,2000,2000
LOCAL,0610,MIDWAY AIRPORT FUND,85,DEPARTMENT OF AVIATION,2010,CHICAGO MIDWAY AIRPORT,365,ELECTRICAL SUPPLIES,517000,517000,517000
LOCAL,0610,MIDWAY AIRPORT FUND,85,DEPARTMENT OF AVIATION,2010,CHICAGO MIDWAY AIRPORT,401,TOOL <= $100 UNIT,2000,2000,2000
LOCAL,0610,MIDWAY AIRPORT FUND,85,DEPARTMENT OF AVIATION,2010,CHICAGO MIDWAY AIRPORT,402,TOOLS > $100 UNIT,15000,15000,15000
LOCAL,0610,MIDWAY AIRPORT FUND,85,DEPARTMENT OF AVIATION,2010,CHICAGO MIDWAY AIRPORT,422,OFFICE MACHINES,5000,5000,5000
LOCAL,0610,MIDWAY AIRPORT FUND,85,DEPARTMENT OF AVIATION,2010,CHICAGO MIDWAY AIRPORT,423,COMMUNICATION DEVICES,228000,228000,228000
LOCAL,0610,MIDWAY AIRPORT FUND,85,DEPARTMENT OF AVIATION,2010,CHICAGO MIDWAY AIRPORT,424,FURNITURE AND FURNISHINGS,3000,3000,25000
LOCAL,0610,MIDWAY AIRPORT FUND,85,DEPARTMENT OF AVIATION,2010,CHICAGO MIDWAY AIRPORT,440,MACHINERY AND EQUIPMENT,141000,141000,464000
LOCAL,0610,MIDWAY AIRPORT FUND,85,DEPARTMENT OF AVIATION,2010,CHICAGO MIDWAY AIRPORT,446,PURCHASE - DATA HARDWARE,125000,125000,187000
LOCAL,0610,MIDWAY AIRPORT FUND,85,DEPARTMENT OF AVIATION,2010,CHICAGO MIDWAY AIRPORT,9438,REIMBURSEMENT - 2FM,62000,62000,62000
LOCAL,0740,O'HARE REVENUE FUND,85,DEPARTMENT OF AVIATION,2015,CHICAGO-O'HARE INT'L AIRPORT,5,SALARIES AND WAGES - ON PAYROLL,88191655,88191655,88915031
LOCAL,0740,O'HARE REVENUE FUND,85,DEPARTMENT OF AVIATION,2015,CHICAGO-O'HARE INT'L AIRPORT,11,CONTRACT WAGE - SALARY,0,0,20166
LOCAL,0740,O'HARE REVENUE FUND,85,DEPARTMENT OF AVIATION,2015,CHICAGO-O'HARE INT'L AIRPORT,12,CONTRACT WAGE - PREVAILING RATE,1137687,1137687,583057
LOCAL,0740,O'HARE REVENUE FUND,85,DEPARTMENT OF AVIATION,2015,CHICAGO-O'HARE INT'L AIRPORT,15,SCHEDULE SALARY ADJUSTMENTS,233655,233655,324269
LOCAL,0740,O'HARE REVENUE FUND,85,DEPARTMENT OF AVIATION,2015,CHICAGO-O'HARE INT'L AIRPORT,20,OVERTIME,5326219,5326219,5326300
LOCAL,0740,O'HARE REVENUE FUND,85,DEPARTMENT OF AVIATION,2015,CHICAGO-O'HARE INT'L AIRPORT,39,STUDENT AS TRAINEES,175000,175000,175000
LOCAL,0740,O'HARE REVENUE FUND,85,DEPARTMENT OF AVIATION,2015,CHICAGO-O'HARE INT'L AIRPORT,49,WORKERS' COMPENSATION,12242520,12242520,12242520
LOCAL,0740,O'HARE REVENUE FUND,85,DEPARTMENT OF AVIATION,2015,CHICAGO-O'HARE INT'L AIRPORT,91,UNIFORM ALLOWANCE,120500,120500,121900
LOCAL,0740,O'HARE REVENUE FUND,85,DEPARTMENT OF AVIATION,2015,CHICAGO-O'HARE INT'L AIRPORT,130,POSTAGE,45000,45000,40000
LOCAL,0740,O'HARE REVENUE FUND,85,DEPARTMENT OF AVIATION,2015,CHICAGO-O'HARE INT'L AIRPORT,138,IT MAINTENANCE,17309400,17309400,15979000
LOCAL,0740,O'HARE REVENUE FUND,85,DEPARTMENT OF AVIATION,2015,CHICAGO-O'HARE INT'L AIRPORT,140,PROFESSIONAL AND TECHNICAL SERVICES,69860100,69860100,72577800
LOCAL,0740,O'HARE REVENUE FUND,85,DEPARTMENT OF AVIATION,2015,CHICAGO-O'HARE INT'L AIRPORT,141,APPRAISALS,12000,12000,12000
LOCAL,0740,O'HARE REVENUE FUND,85,DEPARTMENT OF AVIATION,2015,CHICAGO-O'HARE INT'L AIRPORT,142,ACCOUNTING AND AUDITING,998200,998200,1042400
LOCAL,0740,O'HARE REVENUE FUND,85,DEPARTMENT OF AVIATION,2015,CHICAGO-O'HARE INT'L AIRPORT,144,ENGINEERING AND ARCHITECTURE,1176000,1176000,1226000
LOCAL,0740,O'HARE REVENUE FUND,85,DEPARTMENT OF AVIATION,2015,CHICAGO-O'HARE INT'L AIRPORT,147,SURVEYS,25000,25000,25000
LOCAL,0740,O'HARE REVENUE FUND,85,DEPARTMENT OF AVIATION,2015,CHICAGO-O'HARE INT'L AIRPORT,148,TESTING AND INSPECTING,81500,81500,81500
LOCAL,0740,O'HARE REVENUE FUND,85,DEPARTMENT OF AVIATION,2015,CHICAGO-O'HARE INT'L AIRPORT,149,SOFTWARE MAINTENANCE AND LICENSING,461400,461400,480000
LOCAL,0740,O'HARE REVENUE FUND,85,DEPARTMENT OF AVIATION,2015,CHICAGO-O'HARE INT'L AIRPORT,152,ADVERTISING,188000,188000,185000
LOCAL,0740,O'HARE REVENUE FUND,85,DEPARTMENT OF AVIATION,2015,CHICAGO-O'HARE INT'L AIRPORT,154,RENTAL-DATA HARDWARE EQ,81000,81000,81000
LOCAL,0740,O'HARE REVENUE FUND,85,DEPARTMENT OF AVIATION,2015,CHICAGO-O'HARE INT'L AIRPORT,155,RENTAL OF PROPERTY,3594600,3594600,3950000
LOCAL,0740,O'HARE REVENUE FUND,85,DEPARTMENT OF AVIATION,2015,CHICAGO-O'HARE INT'L AIRPORT,157,RENTAL EQUIPMENT AND SERVICES,49034325,49034325,50585400
LOCAL,0740,O'HARE REVENUE FUND,85,DEPARTMENT OF AVIATION,2015,CHICAGO-O'HARE INT'L AIRPORT,160,REPAIR/MAINT PROPERTY,6885000,6885000,1925000
LOCAL,0740,O'HARE REVENUE FUND,85,DEPARTMENT OF AVIATION,2015,CHICAGO-O'HARE INT'L AIRPORT,161,MAINT FACILITIES,30540100,30540100,30885400
LOCAL,0740,O'HARE REVENUE FUND,85,DEPARTMENT OF AVIATION,2015,CHICAGO-O'HARE INT'L AIRPORT,162,REPAIR/MAINT EQUIPMENT,14480500,14480500,14911600
LOCAL,0740,O'HARE REVENUE FUND,85,DEPARTMENT OF AVIATION,2015,CHICAGO-O'HARE INT'L AIRPORT,166,"DUES, SUBSC & MEM",271200,271200,420200
LOCAL,0740,O'HARE REVENUE FUND,85,DEPARTMENT OF AVIATION,2015,CHICAGO-O'HARE INT'L AIRPORT,168,EDUCATION DEVELOPMENT,0,0,1296700
LOCAL,0740,O'HARE REVENUE FUND,85,DEPARTMENT OF AVIATION,2015,CHICAGO-O'HARE INT'L AIRPORT,169,TECHNICAL MEETING COSTS,1526100,1526100,288100
LOCAL,0740,O'HARE REVENUE FUND,85,DEPARTMENT OF AVIATION,2015,CHICAGO-O'HARE INT'L AIRPORT,178,FREIGHT AND EXPRESS CHARGES,45500,45500,41000
LOCAL,0740,O'HARE REVENUE FUND,85,DEPARTMENT OF AVIATION,2015,CHICAGO-O'HARE INT'L AIRPORT,181,MOBILE COMMUNICATION SERVICES,201000,201000,201000
LOCAL,0740,O'HARE REVENUE FUND,85,DEPARTMENT OF AVIATION,2015,CHICAGO-O'HARE INT'L AIRPORT,183,WATER,4684000,4684000,5000000
LOCAL,0740,O'HARE REVENUE FUND,85,DEPARTMENT OF AVIATION,2015,CHICAGO-O'HARE INT'L AIRPORT,185,WASTE DISPOSAL SERVICES,1045000,1045000,1045000
LOCAL,0740,O'HARE REVENUE FUND,85,DEPARTMENT OF AVIATION,2015,CHICAGO-O'HARE INT'L AIRPORT,186,PAGERS,29500,29500,15000
LOCAL,0740,O'HARE REVENUE FUND,85,DEPARTMENT OF AVIATION,2015,CHICAGO-O'HARE INT'L AIRPORT,188,VEHICLE TRACKING SERVICE,45000,45000,45000
LOCAL,0740,O'HARE REVENUE FUND,85,DEPARTMENT OF AVIATION,2015,CHICAGO-O'HARE INT'L AIRPORT,189,TELEPHONE - NON-CENTREX BILLINGS,239400,239400,255400
LOCAL,0740,O'HARE REVENUE FUND,85,DEPARTMENT OF AVIATION,2015,CHICAGO-O'HARE INT'L AIRPORT,190,TELEPHONE - NON-CENTREX BILLINGS,759200,759200,759200
LOCAL,0740,O'HARE REVENUE FUND,85,DEPARTMENT OF AVIATION,2015,CHICAGO-O'HARE INT'L AIRPORT,191,TELEPHONE - RELOCATIONS,3000,3000,3000
LOCAL,0740,O'HARE REVENUE FUND,85,DEPARTMENT OF AVIATION,2015,CHICAGO-O'HARE INT'L AIRPORT,196,DATA CIRCUITS,329300,329300,329300
LOCAL,0740,O'HARE REVENUE FUND,85,DEPARTMENT OF AVIATION,2015,CHICAGO-O'HARE INT'L AIRPORT,197,TELEPHONE - MAINTENANCE,16000,16000,16000
LOCAL,0740,O'HARE REVENUE FUND,85,DEPARTMENT OF AVIATION,2015,CHICAGO-O'HARE INT'L AIRPORT,229,TRANSPORTATION AND EXPENSE ALLOWANCE,2500,2500,2500
LOCAL,0740,O'HARE REVENUE FUND,85,DEPARTMENT OF AVIATION,2015,CHICAGO-O'HARE INT'L AIRPORT,245,REIMBURSEMENT TO TRAVELERS,96000,96000,96000
LOCAL,0740,O'HARE REVENUE FUND,85,DEPARTMENT OF AVIATION,2015,CHICAGO-O'HARE INT'L AIRPORT,270,LOCAL TRANSPORTATION,9500,9500,9500
LOCAL,0740,O'HARE REVENUE FUND,85,DEPARTMENT OF AVIATION,2015,CHICAGO-O'HARE INT'L AIRPORT,313,CLEANING AND SANITATION SUPPLIES,480000,480000,480000
LOCAL,0740,O'HARE REVENUE FUND,85,DEPARTMENT OF AVIATION,2015,CHICAGO-O'HARE INT'L AIRPORT,314,FUEL OIL,360000,360000,360000
LOCAL,0740,O'HARE REVENUE FUND,85,DEPARTMENT OF AVIATION,2015,CHICAGO-O'HARE INT'L AIRPORT,319,CLOTHING,246200,246200,230900
LOCAL,0740,O'HARE REVENUE FUND,85,DEPARTMENT OF AVIATION,2015,CHICAGO-O'HARE INT'L AIRPORT,340,MATERIAL AND SUPPLIES,9768000,9768000,9970100
LOCAL,0740,O'HARE REVENUE FUND,85,DEPARTMENT OF AVIATION,2015,CHICAGO-O'HARE INT'L AIRPORT,345,APPARATUS AND INSTRUMENTS,430200,430200,44000
LOCAL,0740,O'HARE REVENUE FUND,85,DEPARTMENT OF AVIATION,2015,CHICAGO-O'HARE INT'L AIRPORT,348,BOOKS AND RELATED MATERIAL,2500,2500,2500
LOCAL,0740,O'HARE REVENUE FUND,85,DEPARTMENT OF AVIATION,2015,CHICAGO-O'HARE INT'L AIRPORT,350,STATIONERY AND OFFICE SUPPLIES,200000,200000,200000
LOCAL,0740,O'HARE REVENUE FUND,85,DEPARTMENT OF AVIATION,2015,CHICAGO-O'HARE INT'L AIRPORT,360,REPAIR PARTS AND MATERIAL,1464000,1464000,1565000
LOCAL,0740,O'HARE REVENUE FUND,85,DEPARTMENT OF AVIATION,2015,CHICAGO-O'HARE INT'L AIRPORT,361,BUILDING MATERIALS AND SUPPLIES,310000,310000,390000
LOCAL,0740,O'HARE REVENUE FUND,85,DEPARTMENT OF AVIATION,2015,CHICAGO-O'HARE INT'L AIRPORT,362,PAINTS AND PAINTING SUPPLIES,350000,350000,350000
LOCAL,0740,O'HARE REVENUE FUND,85,DEPARTMENT OF AVIATION,2015,CHICAGO-O'HARE INT'L AIRPORT,364,PLUMBING SUPPLIES,160000,160000,200000
LOCAL,0740,O'HARE REVENUE FUND,85,DEPARTMENT OF AVIATION,2015,CHICAGO-O'HARE INT'L AIRPORT,365,ELECTRICAL SUPPLIES,3100000,3100000,4100000
LOCAL,0740,O'HARE REVENUE FUND,85,DEPARTMENT OF AVIATION,2015,CHICAGO-O'HARE INT'L AIRPORT,402,TOOLS > $100 UNIT,35000,35000,35000
LOCAL,0740,O'HARE REVENUE FUND,85,DEPARTMENT OF AVIATION,2015,CHICAGO-O'HARE INT'L AIRPORT,423,COMMUNICATION DEVICES,700000,700000,442000
LOCAL,0740,O'HARE REVENUE FUND,85,DEPARTMENT OF AVIATION,2015,CHICAGO-O'HARE INT'L AIRPORT,424,FURNITURE AND FURNISHINGS,380200,380200,310000
LOCAL,0740,O'HARE REVENUE FUND,85,DEPARTMENT OF AVIATION,2015,CHICAGO-O'HARE INT'L AIRPORT,440,MACHINERY AND EQUIPMENT,1206800,1206800,1663900
LOCAL,0740,O'HARE REVENUE FUND,85,DEPARTMENT OF AVIATION,2015,CHICAGO-O'HARE INT'L AIRPORT,446,PURCHASE - DATA HARDWARE,678400,678400,836400
LOCAL,0740,O'HARE REVENUE FUND,85,DEPARTMENT OF AVIATION,2015,CHICAGO-O'HARE INT'L AIRPORT,9438,REIMBURSEMENT - 2FM,299700,299700,299700
LOCAL,0740,O'HARE REVENUE FUND,85,DEPARTMENT OF AVIATION,2015,CHICAGO-O'HARE INT'L AIRPORT,9441,REIMBURSEMENT - CDPH,90000,90000,90000
LOCAL,0740,O'HARE REVENUE FUND,85,DEPARTMENT OF AVIATION,2015,CHICAGO-O'HARE INT'L AIRPORT,9481,REIMBURSEMENT - DSS,1253300,1253300,1253300
GRANTS,0623,AIP-MIDWAY,85,DEPARTMENT OF AVIATION,2805,AIP-MIDWAY,140,PROFESSIONAL AND TECHNICAL SERVICES,5087000,5087000,20000000
GRANTS,0623,AIP-MIDWAY,85,DEPARTMENT OF AVIATION,2807,MIDWAY TSA,140,PROFESSIONAL AND TECHNICAL SERVICES,3129000,3129000,20550000
GRANTS,0623,AIP-MIDWAY,85,DEPARTMENT OF AVIATION,2817,MIDWAY ELECTRIC ENERGY EFF.,140,PROFESSIONAL AND TECHNICAL SERVICES,0,0,100000
GRANTS,0623,AIP-MIDWAY,85,DEPARTMENT OF AVIATION,2824,MIDWAY - AIP - NOISE PROGRAM,140,PROFESSIONAL AND TECHNICAL SERVICES,0,0,20000000
GRANTS,0624,O'HARE AIRPORT,85,DEPARTMENT OF AVIATION,2800,O'HARE - FAA (MOA) - PHASE II,140,PROFESSIONAL AND TECHNICAL SERVICES,1944000,1944000,17813000
GRANTS,0624,O'HARE AIRPORT,85,DEPARTMENT OF AVIATION,2810,AIP-O'HARE,140,PROFESSIONAL AND TECHNICAL SERVICES,65000000,65000000,115000000
GRANTS,0624,O'HARE AIRPORT,85,DEPARTMENT OF AVIATION,2811,O'HARE TRANS SEC ADM,140,PROFESSIONAL AND TECHNICAL SERVICES,33934000,33934000,53991000
GRANTS,0624,O'HARE AIRPORT,85,DEPARTMENT OF AVIATION,2813,O'HARE - AIP - NOISE PROGRAM,140,PROFESSIONAL AND TECHNICAL SERVICES,25933000,25933000,50000000
GRANTS,0624,O'HARE AIRPORT,85,DEPARTMENT OF AVIATION,2815,TSA EXPLOSIVES DETECT CANINE,140,PROFESSIONAL AND TECHNICAL SERVICES,1331000,1331000,1600000
GRANTS,0624,O'HARE AIRPORT,85,DEPARTMENT OF AVIATION,2816,O'HARE ELECTRIC ENERGY EFF.,140,PROFESSIONAL AND TECHNICAL SERVICES,27000,27000,2000000
LOCAL,0200,WATER FUND,88,DEPT OF WATER MANAGEMENT,2005,COMMISSIONER'S OFFICE,5,SALARIES AND WAGES - ON PAYROLL,2841548,2841548,2978420
LOCAL,0200,WATER FUND,88,DEPT OF WATER MANAGEMENT,2005,COMMISSIONER'S OFFICE,11,CONTRACT WAGE - SALARY,0,0,3161
LOCAL,0200,WATER FUND,88,DEPT OF WATER MANAGEMENT,2005,COMMISSIONER'S OFFICE,12,CONTRACT WAGE - PREVAILING RATE,9309,9309,9282
LOCAL,0200,WATER FUND,88,DEPT OF WATER MANAGEMENT,2005,COMMISSIONER'S OFFICE,15,SCHEDULE SALARY ADJUSTMENTS,13920,13920,5948
LOCAL,0200,WATER FUND,88,DEPT OF WATER MANAGEMENT,2005,COMMISSIONER'S OFFICE,20,OVERTIME,50000,50000,82000
LOCAL,0200,WATER FUND,88,DEPT OF WATER MANAGEMENT,2005,COMMISSIONER'S OFFICE,39,STUDENT AS TRAINEES,70000,70000,40000
LOCAL,0200,WATER FUND,88,DEPT OF WATER MANAGEMENT,2005,COMMISSIONER'S OFFICE,130,POSTAGE,112000,112000,112000
LOCAL,0200,WATER FUND,88,DEPT OF WATER MANAGEMENT,2005,COMMISSIONER'S OFFICE,140,PROFESSIONAL AND TECHNICAL SERVICES,3295678,3295678,3175678
LOCAL,0200,WATER FUND,88,DEPT OF WATER MANAGEMENT,2005,COMMISSIONER'S OFFICE,147,SURVEYS,427000,427000,0
LOCAL,0200,WATER FUND,88,DEPT OF WATER MANAGEMENT,2005,COMMISSIONER'S OFFICE,150,PUBLICATN & REPRODT-OUT,71900,71900,71900
LOCAL,0200,WATER FUND,88,DEPT OF WATER MANAGEMENT,2005,COMMISSIONER'S OFFICE,161,MAINT FACILITIES,45000,45000,45000
LOCAL,0200,WATER FUND,88,DEPT OF WATER MANAGEMENT,2005,COMMISSIONER'S OFFICE,162,REPAIR/MAINT EQUIPMENT,510075,510075,506675
LOCAL,0200,WATER FUND,88,DEPT OF WATER MANAGEMENT,2005,COMMISSIONER'S OFFICE,166,"DUES, SUBSC & MEM",11000,11000,438000
LOCAL,0200,WATER FUND,88,DEPT OF WATER MANAGEMENT,2005,COMMISSIONER'S OFFICE,169,TECHNICAL MEETING COSTS,22500,22500,22500
LOCAL,0200,WATER FUND,88,DEPT OF WATER MANAGEMENT,2005,COMMISSIONER'S OFFICE,181,MOBILE COMMUNICATION SERVICES,12500,12500,12500
LOCAL,0200,WATER FUND,88,DEPT OF WATER MANAGEMENT,2005,COMMISSIONER'S OFFICE,189,TELEPHONE - NON-CENTREX BILLINGS,7500,7500,8000
LOCAL,0200,WATER FUND,88,DEPT OF WATER MANAGEMENT,2005,COMMISSIONER'S OFFICE,190,TELEPHONE - NON-CENTREX BILLINGS,299000,299000,313000
LOCAL,0200,WATER FUND,88,DEPT OF WATER MANAGEMENT,2005,COMMISSIONER'S OFFICE,196,DATA CIRCUITS,594000,594000,630000
LOCAL,0200,WATER FUND,88,DEPT OF WATER MANAGEMENT,2005,COMMISSIONER'S OFFICE,197,TELEPHONE - MAINTENANCE,60350,60350,60350
LOCAL,0200,WATER FUND,88,DEPT OF WATER MANAGEMENT,2005,COMMISSIONER'S OFFICE,229,TRANSPORTATION AND EXPENSE ALLOWANCE,6000,6000,0
LOCAL,0200,WATER FUND,88,DEPT OF WATER MANAGEMENT,2005,COMMISSIONER'S OFFICE,245,REIMBURSEMENT TO TRAVELERS,21750,21750,27750
LOCAL,0200,WATER FUND,88,DEPT OF WATER MANAGEMENT,2005,COMMISSIONER'S OFFICE,340,MATERIAL AND SUPPLIES,320250,320250,320250
LOCAL,0200,WATER FUND,88,DEPT OF WATER MANAGEMENT,2005,COMMISSIONER'S OFFICE,348,BOOKS AND RELATED MATERIAL,500,500,500
LOCAL,0200,WATER FUND,88,DEPT OF WATER MANAGEMENT,2005,COMMISSIONER'S OFFICE,350,STATIONERY AND OFFICE SUPPLIES,9700,9700,7700
LOCAL,0200,WATER FUND,88,DEPT OF WATER MANAGEMENT,2005,COMMISSIONER'S OFFICE,424,FURNITURE AND FURNISHINGS,2000,2000,10000
LOCAL,0200,WATER FUND,88,DEPT OF WATER MANAGEMENT,2005,COMMISSIONER'S OFFICE,440,MACHINERY AND EQUIPMENT,142000,142000,142000
LOCAL,0200,WATER FUND,88,DEPT OF WATER MANAGEMENT,2005,COMMISSIONER'S OFFICE,445,TECHNICAL AND SCIENTIFIC EQUIPMENT,29000,29000,29000
LOCAL,0200,WATER FUND,88,DEPT OF WATER MANAGEMENT,2005,COMMISSIONER'S OFFICE,931,TORT/NON-TORT JUDGMENT,113760,113760,0
LOCAL,0200,WATER FUND,88,DEPT OF WATER MANAGEMENT,2010,ADMINISTRATIVE SUPPORT,5,SALARIES AND WAGES - ON PAYROLL,4145141,4145141,4160333
LOCAL,0200,WATER FUND,88,DEPT OF WATER MANAGEMENT,2010,ADMINISTRATIVE SUPPORT,11,CONTRACT WAGE - SALARY,0,0,8505
LOCAL,0200,WATER FUND,88,DEPT OF WATER MANAGEMENT,2010,ADMINISTRATIVE SUPPORT,12,CONTRACT WAGE - PREVAILING RATE,20800,20800,7991
LOCAL,0200,WATER FUND,88,DEPT OF WATER MANAGEMENT,2010,ADMINISTRATIVE SUPPORT,15,SCHEDULE SALARY ADJUSTMENTS,26452,26452,19420
LOCAL,0200,WATER FUND,88,DEPT OF WATER MANAGEMENT,2010,ADMINISTRATIVE SUPPORT,20,OVERTIME,31000,31000,31000
LOCAL,0200,WATER FUND,88,DEPT OF WATER MANAGEMENT,2010,ADMINISTRATIVE SUPPORT,39,STUDENT AS TRAINEES,25000,25000,25000
LOCAL,0200,WATER FUND,88,DEPT OF WATER MANAGEMENT,2010,ADMINISTRATIVE SUPPORT,130,POSTAGE,7000,7000,7000
LOCAL,0200,WATER FUND,88,DEPT OF WATER MANAGEMENT,2010,ADMINISTRATIVE SUPPORT,139,IT DEVELOPMENT,45000,45000,85000
LOCAL,0200,WATER FUND,88,DEPT OF WATER MANAGEMENT,2010,ADMINISTRATIVE SUPPORT,140,PROFESSIONAL AND TECHNICAL SERVICES,35880,35880,69368
LOCAL,0200,WATER FUND,88,DEPT OF WATER MANAGEMENT,2010,ADMINISTRATIVE SUPPORT,149,SOFTWARE MAINTENANCE AND LICENSING,471050,471050,419050
LOCAL,0200,WATER FUND,88,DEPT OF WATER MANAGEMENT,2010,ADMINISTRATIVE SUPPORT,154,RENTAL-DATA HARDWARE EQ,429633,429633,90123
LOCAL,0200,WATER FUND,88,DEPT OF WATER MANAGEMENT,2010,ADMINISTRATIVE SUPPORT,159,LEASE PURCHASE AGREEMNT,0,0,164339
LOCAL,0200,WATER FUND,88,DEPT OF WATER MANAGEMENT,2010,ADMINISTRATIVE SUPPORT,162,REPAIR/MAINT EQUIPMENT,15000,15000,15000
LOCAL,0200,WATER FUND,88,DEPT OF WATER MANAGEMENT,2010,ADMINISTRATIVE SUPPORT,166,"DUES, SUBSC & MEM",2500,2500,2500
LOCAL,0200,WATER FUND,88,DEPT OF WATER MANAGEMENT,2010,ADMINISTRATIVE SUPPORT,168,EDUCATION DEVELOPMENT,11125,11125,15625
LOCAL,0200,WATER FUND,88,DEPT OF WATER MANAGEMENT,2010,ADMINISTRATIVE SUPPORT,169,TECHNICAL MEETING COSTS,5000,5000,5000
LOCAL,0200,WATER FUND,88,DEPT OF WATER MANAGEMENT,2010,ADMINISTRATIVE SUPPORT,191,TELEPHONE - RELOCATIONS,5000,5000,5000
LOCAL,0200,WATER FUND,88,DEPT OF WATER MANAGEMENT,2010,ADMINISTRATIVE SUPPORT,245,REIMBURSEMENT TO TRAVELERS,2500,2500,2500
LOCAL,0200,WATER FUND,88,DEPT OF WATER MANAGEMENT,2010,ADMINISTRATIVE SUPPORT,312,SOFTWARE PURCHASES,30000,30000,30000
LOCAL,0200,WATER FUND,88,DEPT OF WATER MANAGEMENT,2010,ADMINISTRATIVE SUPPORT,350,STATIONERY AND OFFICE SUPPLIES,15600,15600,15600
LOCAL,0200,WATER FUND,88,DEPT OF WATER MANAGEMENT,2010,ADMINISTRATIVE SUPPORT,446,PURCHASE - DATA HARDWARE,79000,79000,171237
LOCAL,0200,WATER FUND,88,DEPT OF WATER MANAGEMENT,2010,ADMINISTRATIVE SUPPORT,931,TORT/NON-TORT JUDGMENT,113760,113760,0
LOCAL,0200,WATER FUND,88,DEPT OF WATER MANAGEMENT,2010,ADMINISTRATIVE SUPPORT,9438,REIMBURSEMENT - 2FM,110000,110000,110000
LOCAL,0200,WATER FUND,88,DEPT OF WATER MANAGEMENT,2010,ADMINISTRATIVE SUPPORT,9458,REIMBURSEMENT - OEMC,100000,100000,0
LOCAL,0200,WATER FUND,88,DEPT OF WATER MANAGEMENT,2015,ENGINEERING SERVICES,5,SALARIES AND WAGES - ON PAYROLL,4139363,4139363,4234056
LOCAL,0200,WATER FUND,88,DEPT OF WATER MANAGEMENT,2015,ENGINEERING SERVICES,11,CONTRACT WAGE - SALARY,0,0,4012
LOCAL,0200,WATER FUND,88,DEPT OF WATER MANAGEMENT,2015,ENGINEERING SERVICES,12,CONTRACT WAGE - PREVAILING RATE,26516,26516,23194
LOCAL,0200,WATER FUND,88,DEPT OF WATER MANAGEMENT,2015,ENGINEERING SERVICES,15,SCHEDULE SALARY ADJUSTMENTS,4196,4196,12007
LOCAL,0200,WATER FUND,88,DEPT OF WATER MANAGEMENT,2015,ENGINEERING SERVICES,20,OVERTIME,4000,4000,13000
LOCAL,0200,WATER FUND,88,DEPT OF WATER MANAGEMENT,2015,ENGINEERING SERVICES,130,POSTAGE,955,955,800
LOCAL,0200,WATER FUND,88,DEPT OF WATER MANAGEMENT,2015,ENGINEERING SERVICES,140,PROFESSIONAL AND TECHNICAL SERVICES,1900000,1900000,1800000
LOCAL,0200,WATER FUND,88,DEPT OF WATER MANAGEMENT,2015,ENGINEERING SERVICES,144,ENGINEERING AND ARCHITECTURE,1500000,1500000,1500000
LOCAL,0200,WATER FUND,88,DEPT OF WATER MANAGEMENT,2015,ENGINEERING SERVICES,162,REPAIR/MAINT EQUIPMENT,1500,1500,3500
LOCAL,0200,WATER FUND,88,DEPT OF WATER MANAGEMENT,2015,ENGINEERING SERVICES,169,TECHNICAL MEETING COSTS,12000,12000,10000
LOCAL,0200,WATER FUND,88,DEPT OF WATER MANAGEMENT,2015,ENGINEERING SERVICES,229,TRANSPORTATION AND EXPENSE ALLOWANCE,43000,43000,42000
LOCAL,0200,WATER FUND,88,DEPT OF WATER MANAGEMENT,2015,ENGINEERING SERVICES,245,REIMBURSEMENT TO TRAVELERS,9000,9000,7000
LOCAL,0200,WATER FUND,88,DEPT OF WATER MANAGEMENT,2015,ENGINEERING SERVICES,340,MATERIAL AND SUPPLIES,42000,42000,20000
LOCAL,0200,WATER FUND,88,DEPT OF WATER MANAGEMENT,2015,ENGINEERING SERVICES,345,APPARATUS AND INSTRUMENTS,4000,4000,4000
LOCAL,0200,WATER FUND,88,DEPT OF WATER MANAGEMENT,2015,ENGINEERING SERVICES,348,BOOKS AND RELATED MATERIAL,2000,2000,1600
LOCAL,0200,WATER FUND,88,DEPT OF WATER MANAGEMENT,2015,ENGINEERING SERVICES,350,STATIONERY AND OFFICE SUPPLIES,12000,12000,16000
LOCAL,0200,WATER FUND,88,DEPT OF WATER MANAGEMENT,2015,ENGINEERING SERVICES,360,REPAIR PARTS AND MATERIAL,2000,2000,0
LOCAL,0200,WATER FUND,88,DEPT OF WATER MANAGEMENT,2015,ENGINEERING SERVICES,401,TOOL <= $100 UNIT,1000,1000,0
LOCAL,0200,WATER FUND,88,DEPT OF WATER MANAGEMENT,2015,ENGINEERING SERVICES,424,FURNITURE AND FURNISHINGS,7000,7000,2000
LOCAL,0200,WATER FUND,88,DEPT OF WATER MANAGEMENT,2015,ENGINEERING SERVICES,445,TECHNICAL AND SCIENTIFIC EQUIPMENT,7000,7000,0
LOCAL,0200,WATER FUND,88,DEPT OF WATER MANAGEMENT,2015,ENGINEERING SERVICES,450,VEHICLES,70000,70000,35000
LOCAL,0200,WATER FUND,88,DEPT OF WATER MANAGEMENT,2015,ENGINEERING SERVICES,931,TORT/NON-TORT JUDGMENT,113760,113760,0
LOCAL,0200,WATER FUND,88,DEPT OF WATER MANAGEMENT,2020,WATER SUPPLY,5,SALARIES AND WAGES - ON PAYROLL,49016306,49016306,51735495
LOCAL,0200,WATER FUND,88,DEPT OF WATER MANAGEMENT,2020,WATER SUPPLY,11,CONTRACT WAGE - SALARY,0,0,41491
LOCAL,0200,WATER FUND,88,DEPT OF WATER MANAGEMENT,2020,WATER SUPPLY,12,CONTRACT WAGE - PREVAILING RATE,794989,794989,572419
LOCAL,0200,WATER FUND,88,DEPT OF WATER MANAGEMENT,2020,WATER SUPPLY,15,SCHEDULE SALARY ADJUSTMENTS,97716,97716,88882
LOCAL,0200,WATER FUND,88,DEPT OF WATER MANAGEMENT,2020,WATER SUPPLY,20,OVERTIME,3360000,3360000,4018673
LOCAL,0200,WATER FUND,88,DEPT OF WATER MANAGEMENT,2020,WATER SUPPLY,26,SICK RELIEF,5000,5000,0
LOCAL,0200,WATER FUND,88,DEPT OF WATER MANAGEMENT,2020,WATER SUPPLY,125,OFFICE AND BUILDING SERVICES,296000,296000,442000
LOCAL,0200,WATER FUND,88,DEPT OF WATER MANAGEMENT,2020,WATER SUPPLY,130,POSTAGE,3900,3900,3900
LOCAL,0200,WATER FUND,88,DEPT OF WATER MANAGEMENT,2020,WATER SUPPLY,140,PROFESSIONAL AND TECHNICAL SERVICES,100000,100000,100000
LOCAL,0200,WATER FUND,88,DEPT OF WATER MANAGEMENT,2020,WATER SUPPLY,148,TESTING AND INSPECTING,163000,163000,256000
LOCAL,0200,WATER FUND,88,DEPT OF WATER MANAGEMENT,2020,WATER SUPPLY,157,RENTAL EQUIPMENT AND SERVICES,118000,118000,186000
LOCAL,0200,WATER FUND,88,DEPT OF WATER MANAGEMENT,2020,WATER SUPPLY,160,REPAIR/MAINT PROPERTY,1794900,1794900,1573800
LOCAL,0200,WATER FUND,88,DEPT OF WATER MANAGEMENT,2020,WATER SUPPLY,161,MAINT FACILITIES,817610,817610,0
LOCAL,0200,WATER FUND,88,DEPT OF WATER MANAGEMENT,2020,WATER SUPPLY,162,REPAIR/MAINT EQUIPMENT,5582500,5582500,6062500
LOCAL,0200,WATER FUND,88,DEPT OF WATER MANAGEMENT,2020,WATER SUPPLY,169,TECHNICAL MEETING COSTS,113800,113800,228800
LOCAL,0200,WATER FUND,88,DEPT OF WATER MANAGEMENT,2020,WATER SUPPLY,229,TRANSPORTATION AND EXPENSE ALLOWANCE,4500,4500,0
LOCAL,0200,WATER FUND,88,DEPT OF WATER MANAGEMENT,2020,WATER SUPPLY,245,REIMBURSEMENT TO TRAVELERS,5130,5130,10793
LOCAL,0200,WATER FUND,88,DEPT OF WATER MANAGEMENT,2020,WATER SUPPLY,314,FUEL OIL,350000,350000,390000
LOCAL,0200,WATER FUND,88,DEPT OF WATER MANAGEMENT,2020,WATER SUPPLY,340,MATERIAL AND SUPPLIES,1756300,1756300,1771300
LOCAL,0200,WATER FUND,88,DEPT OF WATER MANAGEMENT,2020,WATER SUPPLY,342,"DRUGS, MEDICINE AND CHEMICAL MATERIALS",16000000,16000000,14288221
LOCAL,0200,WATER FUND,88,DEPT OF WATER MANAGEMENT,2020,WATER SUPPLY,345,APPARATUS AND INSTRUMENTS,356000,356000,352000
LOCAL,0200,WATER FUND,88,DEPT OF WATER MANAGEMENT,2020,WATER SUPPLY,348,BOOKS AND RELATED MATERIAL,9000,9000,9000
LOCAL,0200,WATER FUND,88,DEPT OF WATER MANAGEMENT,2020,WATER SUPPLY,350,STATIONERY AND OFFICE SUPPLIES,43500,43500,62000
LOCAL,0200,WATER FUND,88,DEPT OF WATER MANAGEMENT,2020,WATER SUPPLY,360,REPAIR PARTS AND MATERIAL,1530600,1530600,1512954
LOCAL,0200,WATER FUND,88,DEPT OF WATER MANAGEMENT,2020,WATER SUPPLY,401,TOOL <= $100 UNIT,21000,21000,18200
LOCAL,0200,WATER FUND,88,DEPT OF WATER MANAGEMENT,2020,WATER SUPPLY,402,TOOLS > $100 UNIT,0,0,15500
LOCAL,0200,WATER FUND,88,DEPT OF WATER MANAGEMENT,2020,WATER SUPPLY,410,EQUIPMENT FOR BUILDINGS,200000,200000,200000
LOCAL,0200,WATER FUND,88,DEPT OF WATER MANAGEMENT,2020,WATER SUPPLY,424,FURNITURE AND FURNISHINGS,36000,36000,2000
LOCAL,0200,WATER FUND,88,DEPT OF WATER MANAGEMENT,2020,WATER SUPPLY,440,MACHINERY AND EQUIPMENT,930000,930000,852400
LOCAL,0200,WATER FUND,88,DEPT OF WATER MANAGEMENT,2020,WATER SUPPLY,445,TECHNICAL AND SCIENTIFIC EQUIPMENT,330000,330000,516000
LOCAL,0200,WATER FUND,88,DEPT OF WATER MANAGEMENT,2020,WATER SUPPLY,450,VEHICLES,400000,400000,399000
LOCAL,0200,WATER FUND,88,DEPT OF WATER MANAGEMENT,2020,WATER SUPPLY,931,TORT/NON-TORT JUDGMENT,113760,113760,0
LOCAL,0200,WATER FUND,88,DEPT OF WATER MANAGEMENT,2020,WATER SUPPLY,9457,REIMBURSEMENT - CPD,1387076,1387076,0
LOCAL,0200,WATER FUND,88,DEPT OF WATER MANAGEMENT,2020,WATER SUPPLY,9484,REIMBURSEMENT - CDOT,100000,100000,100000
LOCAL,0200,WATER FUND,88,DEPT OF WATER MANAGEMENT,2025,OPERATIONS AND DISTRIBUTION,5,SALARIES AND WAGES - ON PAYROLL,49298270,49298270,49698859
LOCAL,0200,WATER FUND,88,DEPT OF WATER MANAGEMENT,2025,OPERATIONS AND DISTRIBUTION,11,CONTRACT WAGE - SALARY,0,0,3772
LOCAL,0200,WATER FUND,88,DEPT OF WATER MANAGEMENT,2025,OPERATIONS AND DISTRIBUTION,12,CONTRACT WAGE - PREVAILING RATE,752653,752653,552321
LOCAL,0200,WATER FUND,88,DEPT OF WATER MANAGEMENT,2025,OPERATIONS AND DISTRIBUTION,15,SCHEDULE SALARY ADJUSTMENTS,13809,13809,10857
LOCAL,0200,WATER FUND,88,DEPT OF WATER MANAGEMENT,2025,OPERATIONS AND DISTRIBUTION,20,OVERTIME,1986463,1986463,3128722
LOCAL,0200,WATER FUND,88,DEPT OF WATER MANAGEMENT,2025,OPERATIONS AND DISTRIBUTION,130,POSTAGE,660,660,660
LOCAL,0200,WATER FUND,88,DEPT OF WATER MANAGEMENT,2035,METER SERVICES,360,REPAIR PARTS AND MATERIAL,151000,151000,97000
LOCAL,0200,WATER FUND,88,DEPT OF WATER MANAGEMENT,2025,OPERATIONS AND DISTRIBUTION,140,PROFESSIONAL AND TECHNICAL SERVICES,4740676,4740676,4740676
LOCAL,0200,WATER FUND,88,DEPT OF WATER MANAGEMENT,2025,OPERATIONS AND DISTRIBUTION,157,RENTAL EQUIPMENT AND SERVICES,1111436,1111436,1175296
LOCAL,0200,WATER FUND,88,DEPT OF WATER MANAGEMENT,2025,OPERATIONS AND DISTRIBUTION,160,REPAIR/MAINT PROPERTY,524769,524769,524769
LOCAL,0200,WATER FUND,88,DEPT OF WATER MANAGEMENT,2025,OPERATIONS AND DISTRIBUTION,162,REPAIR/MAINT EQUIPMENT,102377,102377,102377
LOCAL,0200,WATER FUND,88,DEPT OF WATER MANAGEMENT,2025,OPERATIONS AND DISTRIBUTION,169,TECHNICAL MEETING COSTS,2614,2614,2614
LOCAL,0200,WATER FUND,88,DEPT OF WATER MANAGEMENT,2025,OPERATIONS AND DISTRIBUTION,181,MOBILE COMMUNICATION SERVICES,313000,313000,200000
LOCAL,0200,WATER FUND,88,DEPT OF WATER MANAGEMENT,2025,OPERATIONS AND DISTRIBUTION,185,WASTE DISPOSAL SERVICES,2942710,2942710,2942710
LOCAL,0200,WATER FUND,88,DEPT OF WATER MANAGEMENT,2025,OPERATIONS AND DISTRIBUTION,188,VEHICLE TRACKING SERVICE,432237,432237,432237
LOCAL,0200,WATER FUND,88,DEPT OF WATER MANAGEMENT,2025,OPERATIONS AND DISTRIBUTION,229,TRANSPORTATION AND EXPENSE ALLOWANCE,34485,34485,34485
LOCAL,0200,WATER FUND,88,DEPT OF WATER MANAGEMENT,2025,OPERATIONS AND DISTRIBUTION,316,GAS - BOTTLED AND PROPANE,137260,137260,171745
LOCAL,0200,WATER FUND,88,DEPT OF WATER MANAGEMENT,2025,OPERATIONS AND DISTRIBUTION,338,"LICENSE STICKER,TAG AND PLATES",3090,3090,3090
LOCAL,0200,WATER FUND,88,DEPT OF WATER MANAGEMENT,2025,OPERATIONS AND DISTRIBUTION,340,MATERIAL AND SUPPLIES,1215993,1215993,1216993
LOCAL,0200,WATER FUND,88,DEPT OF WATER MANAGEMENT,2025,OPERATIONS AND DISTRIBUTION,345,APPARATUS AND INSTRUMENTS,1000,1000,0
LOCAL,0200,WATER FUND,88,DEPT OF WATER MANAGEMENT,2025,OPERATIONS AND DISTRIBUTION,350,STATIONERY AND OFFICE SUPPLIES,33462,33462,34698
LOCAL,0200,WATER FUND,88,DEPT OF WATER MANAGEMENT,2025,OPERATIONS AND DISTRIBUTION,360,REPAIR PARTS AND MATERIAL,4799531,4799531,4799531
LOCAL,0200,WATER FUND,88,DEPT OF WATER MANAGEMENT,2025,OPERATIONS AND DISTRIBUTION,362,PAINTS AND PAINTING SUPPLIES,31827,31827,31827
LOCAL,0200,WATER FUND,88,DEPT OF WATER MANAGEMENT,2025,OPERATIONS AND DISTRIBUTION,401,TOOL <= $100 UNIT,4244,4244,4244
LOCAL,0200,WATER FUND,88,DEPT OF WATER MANAGEMENT,2025,OPERATIONS AND DISTRIBUTION,422,OFFICE MACHINES,1236,1236,0
LOCAL,0200,WATER FUND,88,DEPT OF WATER MANAGEMENT,2025,OPERATIONS AND DISTRIBUTION,423,COMMUNICATION DEVICES,6365,6365,6365
LOCAL,0200,WATER FUND,88,DEPT OF WATER MANAGEMENT,2025,OPERATIONS AND DISTRIBUTION,424,FURNITURE AND FURNISHINGS,7210,7210,6010
LOCAL,0200,WATER FUND,88,DEPT OF WATER MANAGEMENT,2025,OPERATIONS AND DISTRIBUTION,440,MACHINERY AND EQUIPMENT,608639,608639,608639
LOCAL,0200,WATER FUND,88,DEPT OF WATER MANAGEMENT,2025,OPERATIONS AND DISTRIBUTION,446,PURCHASE - DATA HARDWARE,129780,129780,129780
LOCAL,0200,WATER FUND,88,DEPT OF WATER MANAGEMENT,2025,OPERATIONS AND DISTRIBUTION,521,MAINTENANCE AND CONSTRUCTION,2946315,2946315,2946315
LOCAL,0200,WATER FUND,88,DEPT OF WATER MANAGEMENT,2025,OPERATIONS AND DISTRIBUTION,931,TORT/NON-TORT JUDGMENT,117420,117420,0
LOCAL,0200,WATER FUND,88,DEPT OF WATER MANAGEMENT,2025,OPERATIONS AND DISTRIBUTION,9458,REIMBURSEMENT - OEMC,225000,225000,0
LOCAL,0200,WATER FUND,88,DEPT OF WATER MANAGEMENT,2025,OPERATIONS AND DISTRIBUTION,9481,REIMBURSEMENT - DSS,367919,367919,367919
LOCAL,0200,WATER FUND,88,DEPT OF WATER MANAGEMENT,2025,OPERATIONS AND DISTRIBUTION,9484,REIMBURSEMENT - CDOT,135000,135000,0
LOCAL,0200,WATER FUND,88,DEPT OF WATER MANAGEMENT,2035,METER SERVICES,5,SALARIES AND WAGES - ON PAYROLL,11195779,11195779,11672767
LOCAL,0200,WATER FUND,88,DEPT OF WATER MANAGEMENT,2035,METER SERVICES,11,CONTRACT WAGE - SALARY,0,0,1923
LOCAL,0200,WATER FUND,88,DEPT OF WATER MANAGEMENT,2035,METER SERVICES,12,CONTRACT WAGE - PREVAILING RATE,99353,99353,86766
LOCAL,0200,WATER FUND,88,DEPT OF WATER MANAGEMENT,2035,METER SERVICES,15,SCHEDULE SALARY ADJUSTMENTS,17962,17962,20909
LOCAL,0200,WATER FUND,88,DEPT OF WATER MANAGEMENT,2035,METER SERVICES,20,OVERTIME,118000,118000,118000
LOCAL,0200,WATER FUND,88,DEPT OF WATER MANAGEMENT,2035,METER SERVICES,130,POSTAGE,17750,17750,17750
LOCAL,0200,WATER FUND,88,DEPT OF WATER MANAGEMENT,2035,METER SERVICES,140,PROFESSIONAL AND TECHNICAL SERVICES,40000,40000,20000
LOCAL,0200,WATER FUND,88,DEPT OF WATER MANAGEMENT,2035,METER SERVICES,162,REPAIR/MAINT EQUIPMENT,12500,12500,12500
LOCAL,0200,WATER FUND,88,DEPT OF WATER MANAGEMENT,2035,METER SERVICES,189,TELEPHONE - NON-CENTREX BILLINGS,10050,10050,4000
LOCAL,0200,WATER FUND,88,DEPT OF WATER MANAGEMENT,2035,METER SERVICES,229,TRANSPORTATION AND EXPENSE ALLOWANCE,50000,50000,35000
LOCAL,0200,WATER FUND,88,DEPT OF WATER MANAGEMENT,2035,METER SERVICES,245,REIMBURSEMENT TO TRAVELERS,2625,2625,2375
LOCAL,0200,WATER FUND,88,DEPT OF WATER MANAGEMENT,2035,METER SERVICES,340,MATERIAL AND SUPPLIES,74970,74970,42950
LOCAL,0200,WATER FUND,88,DEPT OF WATER MANAGEMENT,2035,METER SERVICES,350,STATIONERY AND OFFICE SUPPLIES,22500,22500,17500
LOCAL,0200,WATER FUND,88,DEPT OF WATER MANAGEMENT,2035,METER SERVICES,401,TOOL <= $100 UNIT,6000,6000,6000
LOCAL,0200,WATER FUND,88,DEPT OF WATER MANAGEMENT,2035,METER SERVICES,424,FURNITURE AND FURNISHINGS,5625,5625,5625
LOCAL,0200,WATER FUND,88,DEPT OF WATER MANAGEMENT,2035,METER SERVICES,446,PURCHASE - DATA HARDWARE,10000,10000,10000
LOCAL,0200,WATER FUND,88,DEPT OF WATER MANAGEMENT,2035,METER SERVICES,450,VEHICLES,86375,86375,46000
LOCAL,0314,SEWER FUND,88,DEPT OF WATER MANAGEMENT,2015,ENGINEERING SERVICES,5,SALARIES AND WAGES - ON PAYROLL,2087568,2087568,1950528
LOCAL,0314,SEWER FUND,88,DEPT OF WATER MANAGEMENT,2015,ENGINEERING SERVICES,11,CONTRACT WAGE - SALARY,0,0,6247
LOCAL,0314,SEWER FUND,88,DEPT OF WATER MANAGEMENT,2015,ENGINEERING SERVICES,15,SCHEDULE SALARY ADJUSTMENTS,4160,4160,4351
LOCAL,0314,SEWER FUND,88,DEPT OF WATER MANAGEMENT,2015,ENGINEERING SERVICES,20,OVERTIME,1500,1500,0
LOCAL,0314,SEWER FUND,88,DEPT OF WATER MANAGEMENT,2015,ENGINEERING SERVICES,150,PUBLICATN & REPRODT-OUT,3000,3000,3000
LOCAL,0314,SEWER FUND,88,DEPT OF WATER MANAGEMENT,2015,ENGINEERING SERVICES,162,REPAIR/MAINT EQUIPMENT,5500,5500,7000
LOCAL,0314,SEWER FUND,88,DEPT OF WATER MANAGEMENT,2015,ENGINEERING SERVICES,169,TECHNICAL MEETING COSTS,7500,7500,7500
LOCAL,0314,SEWER FUND,88,DEPT OF WATER MANAGEMENT,2015,ENGINEERING SERVICES,229,TRANSPORTATION AND EXPENSE ALLOWANCE,2600,2600,0
LOCAL,0314,SEWER FUND,88,DEPT OF WATER MANAGEMENT,2015,ENGINEERING SERVICES,245,REIMBURSEMENT TO TRAVELERS,2000,2000,2000
LOCAL,0314,SEWER FUND,88,DEPT OF WATER MANAGEMENT,2015,ENGINEERING SERVICES,270,LOCAL TRANSPORTATION,250,250,0
LOCAL,0314,SEWER FUND,88,DEPT OF WATER MANAGEMENT,2015,ENGINEERING SERVICES,340,MATERIAL AND SUPPLIES,5000,5000,0
LOCAL,0314,SEWER FUND,88,DEPT OF WATER MANAGEMENT,2015,ENGINEERING SERVICES,348,BOOKS AND RELATED MATERIAL,1000,1000,700
LOCAL,0314,SEWER FUND,88,DEPT OF WATER MANAGEMENT,2015,ENGINEERING SERVICES,350,STATIONERY AND OFFICE SUPPLIES,3500,3500,5000
LOCAL,0314,SEWER FUND,88,DEPT OF WATER MANAGEMENT,2015,ENGINEERING SERVICES,360,REPAIR PARTS AND MATERIAL,1500,1500,0
LOCAL,0314,SEWER FUND,88,DEPT OF WATER MANAGEMENT,2015,ENGINEERING SERVICES,424,FURNITURE AND FURNISHINGS,3000,3000,3000
LOCAL,0314,SEWER FUND,88,DEPT OF WATER MANAGEMENT,2025,OPERATIONS AND DISTRIBUTION,5,SALARIES AND WAGES - ON PAYROLL,43783139,43783139,45157784
LOCAL,0314,SEWER FUND,88,DEPT OF WATER MANAGEMENT,2025,OPERATIONS AND DISTRIBUTION,11,CONTRACT WAGE - SALARY,0,0,10639
LOCAL,0314,SEWER FUND,88,DEPT OF WATER MANAGEMENT,2025,OPERATIONS AND DISTRIBUTION,12,CONTRACT WAGE - PREVAILING RATE,546672,546672,488074
LOCAL,0314,SEWER FUND,88,DEPT OF WATER MANAGEMENT,2025,OPERATIONS AND DISTRIBUTION,15,SCHEDULE SALARY ADJUSTMENTS,25193,25193,25584
LOCAL,0314,SEWER FUND,88,DEPT OF WATER MANAGEMENT,2025,OPERATIONS AND DISTRIBUTION,20,OVERTIME,345326,345326,1333340
LOCAL,0314,SEWER FUND,88,DEPT OF WATER MANAGEMENT,2025,OPERATIONS AND DISTRIBUTION,130,POSTAGE,5876,5876,5816
LOCAL,0314,SEWER FUND,88,DEPT OF WATER MANAGEMENT,2025,OPERATIONS AND DISTRIBUTION,140,PROFESSIONAL AND TECHNICAL SERVICES,2095319,2095319,1850564
LOCAL,0314,SEWER FUND,88,DEPT OF WATER MANAGEMENT,2025,OPERATIONS AND DISTRIBUTION,154,RENTAL-DATA HARDWARE EQ,23407,23407,7366
LOCAL,0314,SEWER FUND,88,DEPT OF WATER MANAGEMENT,2025,OPERATIONS AND DISTRIBUTION,157,RENTAL EQUIPMENT AND SERVICES,942412,942412,942412
LOCAL,0314,SEWER FUND,88,DEPT OF WATER MANAGEMENT,2025,OPERATIONS AND DISTRIBUTION,159,LEASE PURCHASE AGREEMNT,0,0,16041
LOCAL,0314,SEWER FUND,88,DEPT OF WATER MANAGEMENT,2025,OPERATIONS AND DISTRIBUTION,185,WASTE DISPOSAL SERVICES,3192918,3192918,2942918
LOCAL,0314,SEWER FUND,88,DEPT OF WATER MANAGEMENT,2025,OPERATIONS AND DISTRIBUTION,190,TELEPHONE - NON-CENTREX BILLINGS,28000,28000,29700
LOCAL,0314,SEWER FUND,88,DEPT OF WATER MANAGEMENT,2025,OPERATIONS AND DISTRIBUTION,229,TRANSPORTATION AND EXPENSE ALLOWANCE,79227,79227,111054
LOCAL,0314,SEWER FUND,88,DEPT OF WATER MANAGEMENT,2025,OPERATIONS AND DISTRIBUTION,340,MATERIAL AND SUPPLIES,5367078,5367078,5032726
LOCAL,0314,SEWER FUND,88,DEPT OF WATER MANAGEMENT,2025,OPERATIONS AND DISTRIBUTION,345,APPARATUS AND INSTRUMENTS,3000,3000,3000
LOCAL,0314,SEWER FUND,88,DEPT OF WATER MANAGEMENT,2025,OPERATIONS AND DISTRIBUTION,401,TOOL <= $100 UNIT,71611,71611,71611
LOCAL,0314,SEWER FUND,88,DEPT OF WATER MANAGEMENT,2025,OPERATIONS AND DISTRIBUTION,402,TOOLS > $100 UNIT,132631,132631,132631
LOCAL,0314,SEWER FUND,88,DEPT OF WATER MANAGEMENT,2025,OPERATIONS AND DISTRIBUTION,423,COMMUNICATION DEVICES,30900,30900,0
LOCAL,0314,SEWER FUND,88,DEPT OF WATER MANAGEMENT,2025,OPERATIONS AND DISTRIBUTION,440,MACHINERY AND EQUIPMENT,261620,261620,261620
LOCAL,0314,SEWER FUND,88,DEPT OF WATER MANAGEMENT,2025,OPERATIONS AND DISTRIBUTION,931,TORT/NON-TORT JUDGMENT,227836,227836,0
LOCAL,0314,SEWER FUND,88,DEPT OF WATER MANAGEMENT,2025,OPERATIONS AND DISTRIBUTION,9438,REIMBURSEMENT - 2FM,5480000,5480000,6000000
LOCAL,0314,SEWER FUND,88,DEPT OF WATER MANAGEMENT,2025,OPERATIONS AND DISTRIBUTION,9458,REIMBURSEMENT - OEMC,120000,120000,0
LOCAL,0314,SEWER FUND,88,DEPT OF WATER MANAGEMENT,2025,OPERATIONS AND DISTRIBUTION,9481,REIMBURSEMENT - DSS,7363180,7363180,7767702
GRANTS,0J31,COOK COUNTY WATER MGMT INFRASTRUCTURE,88,DEPT OF WATER MANAGEMENT,2807,COOK COUNTY WATER MGMT INFRA.,140,PROFESSIONAL AND TECHNICAL SERVICES,7000000,7000000,7000000
GRANTS,0J63,CDBG - DISASTER RECOVERY,88,DEPT OF WATER MANAGEMENT,2880,CDBG - DISASTER RECOVERY,140,PROFESSIONAL AND TECHNICAL SERVICES,35000000,35000000,35000000
LOCAL,0346,LIBRARY FUND,91,CHICAGO PUBLIC LIBRARY,2005,CHICAGO PUBLIC LIBRARY,5,SALARIES AND WAGES - ON PAYROLL,46910899,46910899,49600091
LOCAL,0346,LIBRARY FUND,91,CHICAGO PUBLIC LIBRARY,2005,CHICAGO PUBLIC LIBRARY,11,CONTRACT WAGE - SALARY,0,0,238568
LOCAL,0346,LIBRARY FUND,91,CHICAGO PUBLIC LIBRARY,2005,CHICAGO PUBLIC LIBRARY,12,CONTRACT WAGE - PREVAILING RATE,10677,10677,4346
LOCAL,0346,LIBRARY FUND,91,CHICAGO PUBLIC LIBRARY,2005,CHICAGO PUBLIC LIBRARY,15,SCHEDULE SALARY ADJUSTMENTS,250976,250976,216440
LOCAL,0346,LIBRARY FUND,91,CHICAGO PUBLIC LIBRARY,2005,CHICAGO PUBLIC LIBRARY,20,OVERTIME,420000,420000,420000
LOCAL,0346,LIBRARY FUND,91,CHICAGO PUBLIC LIBRARY,2005,CHICAGO PUBLIC LIBRARY,123,SERVICES BY PERFORMERS / EXHIBITORS,88011,88011,88011
LOCAL,0346,LIBRARY FUND,91,CHICAGO PUBLIC LIBRARY,2005,CHICAGO PUBLIC LIBRARY,130,POSTAGE,5076,5076,5130
LOCAL,0346,LIBRARY FUND,91,CHICAGO PUBLIC LIBRARY,2005,CHICAGO PUBLIC LIBRARY,140,PROFESSIONAL AND TECHNICAL SERVICES,131484,131484,131484
LOCAL,0346,LIBRARY FUND,91,CHICAGO PUBLIC LIBRARY,2005,CHICAGO PUBLIC LIBRARY,149,SOFTWARE MAINTENANCE AND LICENSING,432441,432441,432441
LOCAL,0346,LIBRARY FUND,91,CHICAGO PUBLIC LIBRARY,2005,CHICAGO PUBLIC LIBRARY,152,ADVERTISING,64380,64380,64380
LOCAL,0346,LIBRARY FUND,91,CHICAGO PUBLIC LIBRARY,2005,CHICAGO PUBLIC LIBRARY,154,RENTAL-DATA HARDWARE EQ,209972,209972,209972
LOCAL,0346,LIBRARY FUND,91,CHICAGO PUBLIC LIBRARY,2005,CHICAGO PUBLIC LIBRARY,157,RENTAL EQUIPMENT AND SERVICES,120008,120008,120008
LOCAL,0346,LIBRARY FUND,91,CHICAGO PUBLIC LIBRARY,2005,CHICAGO PUBLIC LIBRARY,162,REPAIR/MAINT EQUIPMENT,423000,423000,423000
LOCAL,0346,LIBRARY FUND,91,CHICAGO PUBLIC LIBRARY,2005,CHICAGO PUBLIC LIBRARY,164,BOOKBINDING,56612,56612,56675
LOCAL,0346,LIBRARY FUND,91,CHICAGO PUBLIC LIBRARY,2005,CHICAGO PUBLIC LIBRARY,165,GRAPHIC DESIGN SERV,14540,14540,14540
LOCAL,0346,LIBRARY FUND,91,CHICAGO PUBLIC LIBRARY,2005,CHICAGO PUBLIC LIBRARY,166,"DUES, SUBSC & MEM",201750,201750,201750
LOCAL,0346,LIBRARY FUND,91,CHICAGO PUBLIC LIBRARY,2005,CHICAGO PUBLIC LIBRARY,168,EDUCATION DEVELOPMENT,53880,53880,53880
LOCAL,0346,LIBRARY FUND,91,CHICAGO PUBLIC LIBRARY,2005,CHICAGO PUBLIC LIBRARY,178,FREIGHT AND EXPRESS CHARGES,5334,5334,5334
LOCAL,0346,LIBRARY FUND,91,CHICAGO PUBLIC LIBRARY,2005,CHICAGO PUBLIC LIBRARY,181,MOBILE COMMUNICATION SERVICES,13000,13000,10000
LOCAL,0346,LIBRARY FUND,91,CHICAGO PUBLIC LIBRARY,2005,CHICAGO PUBLIC LIBRARY,189,TELEPHONE - NON-CENTREX BILLINGS,23400,23400,27600
LOCAL,0346,LIBRARY FUND,91,CHICAGO PUBLIC LIBRARY,2005,CHICAGO PUBLIC LIBRARY,190,TELEPHONE - NON-CENTREX BILLINGS,345000,345000,353200
LOCAL,0346,LIBRARY FUND,91,CHICAGO PUBLIC LIBRARY,2005,CHICAGO PUBLIC LIBRARY,191,TELEPHONE - RELOCATIONS,9100,9100,9100
LOCAL,0346,LIBRARY FUND,91,CHICAGO PUBLIC LIBRARY,2005,CHICAGO PUBLIC LIBRARY,196,DATA CIRCUITS,710000,710000,710000
LOCAL,0346,LIBRARY FUND,91,CHICAGO PUBLIC LIBRARY,2005,CHICAGO PUBLIC LIBRARY,197,TELEPHONE - MAINTENANCE,90980,90980,89980
LOCAL,0346,LIBRARY FUND,91,CHICAGO PUBLIC LIBRARY,2005,CHICAGO PUBLIC LIBRARY,340,MATERIAL AND SUPPLIES,37988,37988,37988
LOCAL,0346,LIBRARY FUND,91,CHICAGO PUBLIC LIBRARY,2005,CHICAGO PUBLIC LIBRARY,350,STATIONERY AND OFFICE SUPPLIES,516370,516370,516370
LOCAL,0346,LIBRARY FUND,91,CHICAGO PUBLIC LIBRARY,2005,CHICAGO PUBLIC LIBRARY,361,BUILDING MATERIALS AND SUPPLIES,1312,1312,1312
LOCAL,0346,LIBRARY FUND,91,CHICAGO PUBLIC LIBRARY,2005,CHICAGO PUBLIC LIBRARY,365,ELECTRICAL SUPPLIES,1220,1220,1220
LOCAL,0346,LIBRARY FUND,91,CHICAGO PUBLIC LIBRARY,2005,CHICAGO PUBLIC LIBRARY,9438,REIMBURSEMENT - 2FM,170427,170427,70782
GRANTS,0815,CPL CONSTRUCTION,91,CHICAGO PUBLIC LIBRARY,2813,INDEPENDENCE BRANCH CAPITAL,140,PROFESSIONAL AND TECHNICAL SERVICES,275000,275000,275000
GRANTS,0815,CPL CONSTRUCTION,91,CHICAGO PUBLIC LIBRARY,2842,STATE CAPITAL CONSTRUCTION,540,CONSTRUCTION OF BUILDINGS AND STRUCTURES,9935000,9935000,9935000
GRANTS,0898,IL LIBRARY DEVELOPMENT,91,CHICAGO PUBLIC LIBRARY,2845,PATRON DRIVEN ACQUISITIONS,140,PROFESSIONAL AND TECHNICAL SERVICES,275000,275000,275000
GRANTS,0J20,ILLINOIS LIBRARY DEV PER CAPITA AND AREA,91,CHICAGO PUBLIC LIBRARY,2895,ILL LIBRARY DEVEL. PER CAPITA,5,SALARIES AND WAGES - ON PAYROLL,5496252,5496252,0
GRANTS,0J20,ILLINOIS LIBRARY DEV PER CAPITA AND AREA,91,CHICAGO PUBLIC LIBRARY,2895,ILL LIBRARY DEVEL. PER CAPITA,6,SALARY PROVISION,1332,1332,0
LOCAL,0100,CORPORATE FUND,99,FINANCE GENERAL,2005,FINANCE GENERAL,39,STUDENT AS TRAINEES,298400,298400,298400
GRANTS,0J20,ILLINOIS LIBRARY DEV PER CAPITA AND AREA,91,CHICAGO PUBLIC LIBRARY,2895,ILL LIBRARY DEVEL. PER CAPITA,11,CONTRACT WAGE - SALARY,0,0,0
GRANTS,0J20,ILLINOIS LIBRARY DEV PER CAPITA AND AREA,91,CHICAGO PUBLIC LIBRARY,2895,ILL LIBRARY DEVEL. PER CAPITA,12,CONTRACT WAGE - PREVAILING RATE,14786,14786,0
GRANTS,0J20,ILLINOIS LIBRARY DEV PER CAPITA AND AREA,91,CHICAGO PUBLIC LIBRARY,2895,ILL LIBRARY DEVEL. PER CAPITA,15,SCHEDULE SALARY ADJUSTMENTS,30485,30485,0
GRANTS,0J20,ILLINOIS LIBRARY DEV PER CAPITA AND AREA,91,CHICAGO PUBLIC LIBRARY,2895,ILL LIBRARY DEVEL. PER CAPITA,44,FRINGE BENEFITS,1767145,1767145,0
GRANTS,0J22,SUB-REGIONAL LIBRARY - TALKING BOOK CTR.,91,CHICAGO PUBLIC LIBRARY,2844,SUBREGIONAL LIBRARY FOR BLIND,5,SALARIES AND WAGES - ON PAYROLL,371966,371966,0
GRANTS,0J22,SUB-REGIONAL LIBRARY - TALKING BOOK CTR.,91,CHICAGO PUBLIC LIBRARY,2844,SUBREGIONAL LIBRARY FOR BLIND,11,CONTRACT WAGE - SALARY,0,0,0
GRANTS,0J22,SUB-REGIONAL LIBRARY - TALKING BOOK CTR.,91,CHICAGO PUBLIC LIBRARY,2844,SUBREGIONAL LIBRARY FOR BLIND,15,SCHEDULE SALARY ADJUSTMENTS,2250,2250,0
GRANTS,0J22,SUB-REGIONAL LIBRARY - TALKING BOOK CTR.,91,CHICAGO PUBLIC LIBRARY,2844,SUBREGIONAL LIBRARY FOR BLIND,44,FRINGE BENEFITS,139621,139621,0
GRANTS,0J22,SUB-REGIONAL LIBRARY - TALKING BOOK CTR.,91,CHICAGO PUBLIC LIBRARY,2844,SUBREGIONAL LIBRARY FOR BLIND,140,PROFESSIONAL AND TECHNICAL SERVICES,34281,34281,0
GRANTS,0J22,SUB-REGIONAL LIBRARY - TALKING BOOK CTR.,91,CHICAGO PUBLIC LIBRARY,2844,SUBREGIONAL LIBRARY FOR BLIND,245,REIMBURSEMENT TO TRAVELERS,3500,3500,0
GRANTS,0J22,SUB-REGIONAL LIBRARY - TALKING BOOK CTR.,91,CHICAGO PUBLIC LIBRARY,2844,SUBREGIONAL LIBRARY FOR BLIND,801,INDIRECT COSTS,27382,27382,0
GRANTS,0J53,SUB-REGIONAL LIBRARY - TALKING BOOK CTR.,91,CHICAGO PUBLIC LIBRARY,2844,SUBREGIONAL LIBRARY FOR BLIND,5,SALARIES AND WAGES - ON PAYROLL,0,0,378432
GRANTS,0J53,SUB-REGIONAL LIBRARY - TALKING BOOK CTR.,91,CHICAGO PUBLIC LIBRARY,2844,SUBREGIONAL LIBRARY FOR BLIND,11,CONTRACT WAGE - SALARY,0,0,1993
GRANTS,0J53,SUB-REGIONAL LIBRARY - TALKING BOOK CTR.,91,CHICAGO PUBLIC LIBRARY,2844,SUBREGIONAL LIBRARY FOR BLIND,15,SCHEDULE SALARY ADJUSTMENTS,0,0,2386
GRANTS,0J53,SUB-REGIONAL LIBRARY - TALKING BOOK CTR.,91,CHICAGO PUBLIC LIBRARY,2844,SUBREGIONAL LIBRARY FOR BLIND,44,FRINGE BENEFITS,0,0,145346
GRANTS,0J53,SUB-REGIONAL LIBRARY - TALKING BOOK CTR.,91,CHICAGO PUBLIC LIBRARY,2844,SUBREGIONAL LIBRARY FOR BLIND,140,PROFESSIONAL AND TECHNICAL SERVICES,0,0,20961
GRANTS,0J53,SUB-REGIONAL LIBRARY - TALKING BOOK CTR.,91,CHICAGO PUBLIC LIBRARY,2844,SUBREGIONAL LIBRARY FOR BLIND,245,REIMBURSEMENT TO TRAVELERS,0,0,3500
GRANTS,0J53,SUB-REGIONAL LIBRARY - TALKING BOOK CTR.,91,CHICAGO PUBLIC LIBRARY,2844,SUBREGIONAL LIBRARY FOR BLIND,801,INDIRECT COSTS,0,0,27382
GRANTS,0J54,ILLINOIS LIBRARY DEVELOPMENT PER CAPITA,91,CHICAGO PUBLIC LIBRARY,2895,ILL LIBRARY DEVEL. PER CAPITA,5,SALARIES AND WAGES - ON PAYROLL,0,0,4706104
GRANTS,0J54,ILLINOIS LIBRARY DEVELOPMENT PER CAPITA,91,CHICAGO PUBLIC LIBRARY,2895,ILL LIBRARY DEVEL. PER CAPITA,6,SALARY PROVISION,0,0,1332
GRANTS,0J54,ILLINOIS LIBRARY DEVELOPMENT PER CAPITA,91,CHICAGO PUBLIC LIBRARY,2895,ILL LIBRARY DEVEL. PER CAPITA,11,CONTRACT WAGE - SALARY,0,0,21240
GRANTS,0J54,ILLINOIS LIBRARY DEVELOPMENT PER CAPITA,91,CHICAGO PUBLIC LIBRARY,2895,ILL LIBRARY DEVEL. PER CAPITA,12,CONTRACT WAGE - PREVAILING RATE,0,0,5024
GRANTS,0J54,ILLINOIS LIBRARY DEVELOPMENT PER CAPITA,91,CHICAGO PUBLIC LIBRARY,2895,ILL LIBRARY DEVEL. PER CAPITA,15,SCHEDULE SALARY ADJUSTMENTS,0,0,26838
GRANTS,0J54,ILLINOIS LIBRARY DEVELOPMENT PER CAPITA,91,CHICAGO PUBLIC LIBRARY,2895,ILL LIBRARY DEVEL. PER CAPITA,44,FRINGE BENEFITS,0,0,1819379
GRANTS,0J54,ILLINOIS LIBRARY DEVELOPMENT PER CAPITA,91,CHICAGO PUBLIC LIBRARY,2895,ILL LIBRARY DEVEL. PER CAPITA,140,PROFESSIONAL AND TECHNICAL SERVICES,0,0,730083
GRANTS,0J66,WOODSON BRANCH CONSTRUCTION,91,CHICAGO PUBLIC LIBRARY,2846,WOODSON BRANCH CONSTRUCTION,540,CONSTRUCTION OF BUILDINGS AND STRUCTURES,0,0,832000
LOCAL,0100,CORPORATE FUND,99,FINANCE GENERAL,2005,FINANCE GENERAL,3,SCHEDULED WAGE ADJUSTMENTS,0,0,2018349
LOCAL,0100,CORPORATE FUND,99,FINANCE GENERAL,2005,FINANCE GENERAL,8,PAYMENT RETROACTIVE SALARIES,6500000,6500000,2181832
LOCAL,0100,CORPORATE FUND,99,FINANCE GENERAL,2005,FINANCE GENERAL,11,CONTRACT WAGE - SALARY,6900000,6900000,0
LOCAL,0100,CORPORATE FUND,99,FINANCE GENERAL,2005,FINANCE GENERAL,29,HMO PREMIUMS,96429972,96429972,98997507
LOCAL,0100,CORPORATE FUND,99,FINANCE GENERAL,2005,FINANCE GENERAL,42,TEXT FILE - EXTRA LONG,204657095,204657095,208421902
LOCAL,0100,CORPORATE FUND,99,FINANCE GENERAL,2005,FINANCE GENERAL,43,TEXT FILE - EXTRA LONG,1050000,1050000,1181250
LOCAL,0100,CORPORATE FUND,99,FINANCE GENERAL,2005,FINANCE GENERAL,45,PREM TERM LIFE INSURANCE,2528296,2528296,2488563
LOCAL,0100,CORPORATE FUND,99,FINANCE GENERAL,2005,FINANCE GENERAL,49,WORKERS' COMPENSATION,31900000,31900000,32110000
LOCAL,0100,CORPORATE FUND,99,FINANCE GENERAL,2005,FINANCE GENERAL,51,UNEMPLOYMENT INSURANCE CLAIM,5030000,5030000,3756024
LOCAL,0100,CORPORATE FUND,99,FINANCE GENERAL,2005,FINANCE GENERAL,52,MEDICAL CARE CLAIMS,69895335,69895335,51164241
LOCAL,0100,CORPORATE FUND,99,FINANCE GENERAL,2005,FINANCE GENERAL,56,DENTAL PLAN PREMIUMS,12250128,12250128,10849340
LOCAL,0100,CORPORATE FUND,99,FINANCE GENERAL,2005,FINANCE GENERAL,70,TUITION REIMBURSEMENT,205000,205000,205000
LOCAL,0100,CORPORATE FUND,99,FINANCE GENERAL,2005,FINANCE GENERAL,95,PAYMENT TO DEPENDENTS OF POLICE /FIRE,200000,200000,200000
LOCAL,0100,CORPORATE FUND,99,FINANCE GENERAL,2005,FINANCE GENERAL,96,TEXT FILE - EXTRA LONG,150000,150000,150000
LOCAL,0100,CORPORATE FUND,99,FINANCE GENERAL,2005,FINANCE GENERAL,138,IT MAINTENANCE,18151997,18151997,21703998
LOCAL,0100,CORPORATE FUND,99,FINANCE GENERAL,2005,FINANCE GENERAL,139,IT DEVELOPMENT,1700000,1700000,1200000
LOCAL,0100,CORPORATE FUND,99,FINANCE GENERAL,2005,FINANCE GENERAL,140,PROFESSIONAL AND TECHNICAL SERVICES,53469367,53469367,33658464
LOCAL,0100,CORPORATE FUND,99,FINANCE GENERAL,2005,FINANCE GENERAL,142,ACCOUNTING AND AUDITING,1870000,1870000,1870000
LOCAL,0100,CORPORATE FUND,99,FINANCE GENERAL,2005,FINANCE GENERAL,149,SOFTWARE MAINTENANCE AND LICENSING,0,0,22498
LOCAL,0100,CORPORATE FUND,99,FINANCE GENERAL,2005,FINANCE GENERAL,170,SURETY BOND PREMIUMS,50000,50000,50000
LOCAL,0100,CORPORATE FUND,99,FINANCE GENERAL,2005,FINANCE GENERAL,172,INSURANCE PREMIUMS,1604948,1604948,1604948
LOCAL,0100,CORPORATE FUND,99,FINANCE GENERAL,2005,FINANCE GENERAL,173,EQUIPMENT,0,0,2000000
LOCAL,0100,CORPORATE FUND,99,FINANCE GENERAL,2005,FINANCE GENERAL,340,MATERIAL AND SUPPLIES,4959372,4959372,1319360
LOCAL,0100,CORPORATE FUND,99,FINANCE GENERAL,2005,FINANCE GENERAL,912,PAYMENT OF BONDS,6000000,6000000,15906550
LOCAL,0100,CORPORATE FUND,99,FINANCE GENERAL,2005,FINANCE GENERAL,931,TORT/NON-TORT JUDGMENT,6377742,6377742,6377742
LOCAL,0100,CORPORATE FUND,99,FINANCE GENERAL,2005,FINANCE GENERAL,934,CLAIMS AGAINST THE CITY,200000,200000,200000
LOCAL,0100,CORPORATE FUND,99,FINANCE GENERAL,2005,FINANCE GENERAL,938,LOW INCOME HOUSING,3304633,3304633,0
LOCAL,0100,CORPORATE FUND,99,FINANCE GENERAL,2005,FINANCE GENERAL,939,TEXT FILE - EXTRA LONG,4000000,4000000,3000000
LOCAL,0100,CORPORATE FUND,99,FINANCE GENERAL,2005,FINANCE GENERAL,991,MATCHING AND SUPPLEMENTAL GRANTS,4456141,4456141,5873413
LOCAL,0100,CORPORATE FUND,99,FINANCE GENERAL,2005,FINANCE GENERAL,9027,SOCIAL SECURITY TAX,1041787,1041787,770758
LOCAL,0100,CORPORATE FUND,99,FINANCE GENERAL,2005,FINANCE GENERAL,9076,CITY CNTB MEDICARE TAX,38046840,38046840,36507277
LOCAL,0100,CORPORATE FUND,99,FINANCE GENERAL,2005,FINANCE GENERAL,9121,LOBBYIST COSTS,480000,480000,480000
LOCAL,0100,CORPORATE FUND,99,FINANCE GENERAL,2005,FINANCE GENERAL,9165,OUTSOURCING-DATA CENTER,2004559,2004559,2062356
LOCAL,0100,CORPORATE FUND,99,FINANCE GENERAL,2005,FINANCE GENERAL,9176,WEST NILE VIRUS PROGRAM,425000,425000,425000
LOCAL,0100,CORPORATE FUND,99,FINANCE GENERAL,2005,FINANCE GENERAL,9180,WORLD BUSINESS CHICAGO,1000000,1000000,1200000
LOCAL,0100,CORPORATE FUND,99,FINANCE GENERAL,2005,FINANCE GENERAL,9257,COMMUNITY POLICING,740264,740264,1500000
LOCAL,0100,CORPORATE FUND,99,FINANCE GENERAL,2005,FINANCE GENERAL,9258,MANUFACTURING INNOVATION PROJECTS,390370,390370,11300
LOCAL,0100,CORPORATE FUND,99,FINANCE GENERAL,2005,FINANCE GENERAL,9540,PAYT GEN/OB-CERTIFICATE,2380260,2380260,2381440
LOCAL,0100,CORPORATE FUND,99,FINANCE GENERAL,2005,FINANCE GENERAL,9635,REIMB MIDWAY - FIRE SALARIES,2955807,2955807,2745402
LOCAL,0100,CORPORATE FUND,99,FINANCE GENERAL,2005,FINANCE GENERAL,9636,REIMB MIDWAY - FIRE BENEFITS,1646978,1646978,1487458
LOCAL,0100,CORPORATE FUND,99,FINANCE GENERAL,2005,FINANCE GENERAL,9638,FOR CORP SUBSIDY OF CPL,5369000,5369000,7511000
LOCAL,0100,CORPORATE FUND,99,FINANCE GENERAL,2005,FINANCE GENERAL,9980,MUNICIPAL FUND PENSION ALLOCATION,0,0,77898364
LOCAL,0100,CORPORATE FUND,99,FINANCE GENERAL,2005,FINANCE GENERAL,9981,LABORERS' FUND PENSION ALLOCATION,0,0,4440671
LOCAL,0100,CORPORATE FUND,99,FINANCE GENERAL,2005,FINANCE GENERAL,9982,POLICEMEN'S FUND PENSION ALLOCATION,0,0,50691603
LOCAL,0100,CORPORATE FUND,99,FINANCE GENERAL,2005,FINANCE GENERAL,9983,FIREMEN'S FUND PENSION ALLOCATION,0,0,7190046
LOCAL,0200,WATER FUND,99,FINANCE GENERAL,2005,FINANCE GENERAL,3,SCHEDULED WAGE ADJUSTMENTS,0,0,274936
LOCAL,0200,WATER FUND,99,FINANCE GENERAL,2005,FINANCE GENERAL,8,PAYMENT RETROACTIVE SALARIES,0,0,335062
LOCAL,0200,WATER FUND,99,FINANCE GENERAL,2005,FINANCE GENERAL,11,CONTRACT WAGE - SALARY,1357675,1357675,0
LOCAL,0200,WATER FUND,99,FINANCE GENERAL,2005,FINANCE GENERAL,29,HMO PREMIUMS,6034038,6034038,5898011
LOCAL,0200,WATER FUND,99,FINANCE GENERAL,2005,FINANCE GENERAL,42,TEXT FILE - EXTRA LONG,11726300,11726300,12417229
LOCAL,0200,WATER FUND,99,FINANCE GENERAL,2005,FINANCE GENERAL,45,PREM TERM LIFE INSURANCE,150408,150408,148262
LOCAL,0200,WATER FUND,99,FINANCE GENERAL,2005,FINANCE GENERAL,49,WORKERS' COMPENSATION,10000000,10000000,10000000
LOCAL,0200,WATER FUND,99,FINANCE GENERAL,2005,FINANCE GENERAL,51,UNEMPLOYMENT INSURANCE CLAIM,680000,680000,483710
LOCAL,0200,WATER FUND,99,FINANCE GENERAL,2005,FINANCE GENERAL,52,MEDICAL CARE CLAIMS,4158052,4158052,3048231
LOCAL,0200,WATER FUND,99,FINANCE GENERAL,2005,FINANCE GENERAL,56,DENTAL PLAN PREMIUMS,728756,728756,646375
LOCAL,0200,WATER FUND,99,FINANCE GENERAL,2005,FINANCE GENERAL,70,TUITION REIMBURSEMENT,40000,40000,40000
LOCAL,0200,WATER FUND,99,FINANCE GENERAL,2005,FINANCE GENERAL,121,INVESTIGATION COSTS-COMMITTEE ON FINANCE,585000,585000,585000
LOCAL,0200,WATER FUND,99,FINANCE GENERAL,2005,FINANCE GENERAL,138,IT MAINTENANCE,2105532,2105532,2326556
LOCAL,0200,WATER FUND,99,FINANCE GENERAL,2005,FINANCE GENERAL,139,IT DEVELOPMENT,2700000,2700000,2700000
LOCAL,0200,WATER FUND,99,FINANCE GENERAL,2005,FINANCE GENERAL,140,PROFESSIONAL AND TECHNICAL SERVICES,1631849,1631849,2363359
LOCAL,0200,WATER FUND,99,FINANCE GENERAL,2005,FINANCE GENERAL,142,ACCOUNTING AND AUDITING,482500,482500,482500
LOCAL,0200,WATER FUND,99,FINANCE GENERAL,2005,FINANCE GENERAL,149,SOFTWARE MAINTENANCE AND LICENSING,0,0,1300
LOCAL,0200,WATER FUND,99,FINANCE GENERAL,2005,FINANCE GENERAL,172,INSURANCE PREMIUMS,1000000,1000000,1000000
LOCAL,0200,WATER FUND,99,FINANCE GENERAL,2005,FINANCE GENERAL,196,DATA CIRCUITS,160000,160000,162428
LOCAL,0200,WATER FUND,99,FINANCE GENERAL,2005,FINANCE GENERAL,902,INTEREST ON FIRST LIEN BONDS,127708000,127708000,132403000
LOCAL,0200,WATER FUND,99,FINANCE GENERAL,2005,FINANCE GENERAL,905,MSD USER CHARGES,13000000,13000000,13000000
LOCAL,0200,WATER FUND,99,FINANCE GENERAL,2005,FINANCE GENERAL,908,REDEMPTION - WATER REVENUE BONDS,43401000,43401000,48813000
LOCAL,0200,WATER FUND,99,FINANCE GENERAL,2005,FINANCE GENERAL,931,TORT/NON-TORT JUDGMENT,480000,480000,4100000
LOCAL,0200,WATER FUND,99,FINANCE GENERAL,2005,FINANCE GENERAL,934,CLAIMS AGAINST THE CITY,15000,15000,15000
LOCAL,0200,WATER FUND,99,FINANCE GENERAL,2005,FINANCE GENERAL,958,WATER PIPE EXTENSION CERTIFICATES,222000,222000,222000
LOCAL,0200,WATER FUND,99,FINANCE GENERAL,2005,FINANCE GENERAL,959,BOND FEES AND COSTS,87000,87000,0
LOCAL,0200,WATER FUND,99,FINANCE GENERAL,2005,FINANCE GENERAL,9027,SOCIAL SECURITY TAX,39979,39979,28160
LOCAL,0200,WATER FUND,99,FINANCE GENERAL,2005,FINANCE GENERAL,9076,CITY CNTB MEDICARE TAX,1695644,1695644,1626976
LOCAL,0200,WATER FUND,99,FINANCE GENERAL,2005,FINANCE GENERAL,9097,FOR CAPITAL CONSTRUCTION,143425717,143425717,193073696
LOCAL,0200,WATER FUND,99,FINANCE GENERAL,2005,FINANCE GENERAL,9165,OUTSOURCING-DATA CENTER,160275,160275,164896
LOCAL,0200,WATER FUND,99,FINANCE GENERAL,2005,FINANCE GENERAL,9551,RETROACTIVE PENSION PAYMENTS,0,0,54618
LOCAL,0200,WATER FUND,99,FINANCE GENERAL,2005,FINANCE GENERAL,9610,REIMB - PENSION PAYMENTS,13559197,13559197,0
LOCAL,0200,WATER FUND,99,FINANCE GENERAL,2005,FINANCE GENERAL,9611,REIMB - INDIRECT COSTS TO CORPORATE,64311890,64311890,69794000
LOCAL,0200,WATER FUND,99,FINANCE GENERAL,2005,FINANCE GENERAL,9669,REIMB - INDIRECT FOR RETRO SALARIES,0,0,1219966
LOCAL,0200,WATER FUND,99,FINANCE GENERAL,2005,FINANCE GENERAL,9765,TRANSFER FOR CONTRACTUAL SERVICES,0,0,625000
LOCAL,0200,WATER FUND,99,FINANCE GENERAL,2005,FINANCE GENERAL,9773,TRANSFER FOR SERVICES CPD,0,0,1470301
LOCAL,0200,WATER FUND,99,FINANCE GENERAL,2005,FINANCE GENERAL,9774,TRANSFER FOR SERVICES OEMC,0,0,325000
LOCAL,0200,WATER FUND,99,FINANCE GENERAL,2005,FINANCE GENERAL,9980,MUNICIPAL FUND PENSION ALLOCATION,0,0,16446543
LOCAL,0200,WATER FUND,99,FINANCE GENERAL,2005,FINANCE GENERAL,9981,LABORERS' FUND PENSION ALLOCATION,0,0,3746033
LOCAL,0300,VEHICLE FUND,99,FINANCE GENERAL,2005,FINANCE GENERAL,3,SCHEDULED WAGE ADJUSTMENTS,0,0,185912
LOCAL,0300,VEHICLE FUND,99,FINANCE GENERAL,2005,FINANCE GENERAL,8,PAYMENT RETROACTIVE SALARIES,0,0,245515
LOCAL,0300,VEHICLE FUND,99,FINANCE GENERAL,2005,FINANCE GENERAL,11,CONTRACT WAGE - SALARY,400000,400000,0
LOCAL,0300,VEHICLE FUND,99,FINANCE GENERAL,2005,FINANCE GENERAL,29,HMO PREMIUMS,4698579,4698579,4359758
LOCAL,0300,VEHICLE FUND,99,FINANCE GENERAL,2005,FINANCE GENERAL,42,TEXT FILE - EXTRA LONG,9431024,9431024,9178708
LOCAL,0300,VEHICLE FUND,99,FINANCE GENERAL,2005,FINANCE GENERAL,45,PREM TERM LIFE INSURANCE,117119,117119,109594
LOCAL,0300,VEHICLE FUND,99,FINANCE GENERAL,2005,FINANCE GENERAL,49,WORKERS' COMPENSATION,7500000,7500000,7650000
LOCAL,0300,VEHICLE FUND,99,FINANCE GENERAL,2005,FINANCE GENERAL,51,UNEMPLOYMENT INSURANCE CLAIM,410000,410000,291649
LOCAL,0300,VEHICLE FUND,99,FINANCE GENERAL,2005,FINANCE GENERAL,52,MEDICAL CARE CLAIMS,3237788,3237788,2253226
LOCAL,0300,VEHICLE FUND,99,FINANCE GENERAL,2005,FINANCE GENERAL,56,DENTAL PLAN PREMIUMS,567467,567467,477795
LOCAL,0300,VEHICLE FUND,99,FINANCE GENERAL,2005,FINANCE GENERAL,70,TUITION REIMBURSEMENT,20000,20000,20000
LOCAL,0300,VEHICLE FUND,99,FINANCE GENERAL,2005,FINANCE GENERAL,121,INVESTIGATION COSTS-COMMITTEE ON FINANCE,110000,110000,110000
LOCAL,0300,VEHICLE FUND,99,FINANCE GENERAL,2005,FINANCE GENERAL,138,IT MAINTENANCE,861183,861183,1044513
LOCAL,0300,VEHICLE FUND,99,FINANCE GENERAL,2005,FINANCE GENERAL,140,PROFESSIONAL AND TECHNICAL SERVICES,3140070,3140070,3211682
LOCAL,0300,VEHICLE FUND,99,FINANCE GENERAL,2005,FINANCE GENERAL,142,ACCOUNTING AND AUDITING,150000,150000,150000
LOCAL,0300,VEHICLE FUND,99,FINANCE GENERAL,2005,FINANCE GENERAL,196,DATA CIRCUITS,135000,135000,137079
LOCAL,0300,VEHICLE FUND,99,FINANCE GENERAL,2005,FINANCE GENERAL,912,PAYMENT OF BONDS,0,0,1005905
LOCAL,0300,VEHICLE FUND,99,FINANCE GENERAL,2005,FINANCE GENERAL,931,TORT/NON-TORT JUDGMENT,2000,2000,2000
LOCAL,0300,VEHICLE FUND,99,FINANCE GENERAL,2005,FINANCE GENERAL,934,CLAIMS AGAINST THE CITY,375000,375000,1375000
LOCAL,0300,VEHICLE FUND,99,FINANCE GENERAL,2005,FINANCE GENERAL,989,REFUND CANCELLED VOUCHER,765000,765000,765000
LOCAL,0300,VEHICLE FUND,99,FINANCE GENERAL,2005,FINANCE GENERAL,991,MATCHING AND SUPPLEMENTAL GRANTS,488816,488816,657700
LOCAL,0300,VEHICLE FUND,99,FINANCE GENERAL,2005,FINANCE GENERAL,9027,SOCIAL SECURITY TAX,24162,24162,17019
LOCAL,0300,VEHICLE FUND,99,FINANCE GENERAL,2005,FINANCE GENERAL,9076,CITY CNTB MEDICARE TAX,1024803,1024803,983302
LOCAL,0300,VEHICLE FUND,99,FINANCE GENERAL,2005,FINANCE GENERAL,9551,RETROACTIVE PENSION PAYMENTS,0,0,38607
LOCAL,0300,VEHICLE FUND,99,FINANCE GENERAL,2005,FINANCE GENERAL,9610,REIMB - PENSION PAYMENTS,6944747,6944747,12111503
LOCAL,0300,VEHICLE FUND,99,FINANCE GENERAL,2005,FINANCE GENERAL,9611,REIMB - INDIRECT COSTS TO CORPORATE,13466000,13466000,16235000
LOCAL,0300,VEHICLE FUND,99,FINANCE GENERAL,2005,FINANCE GENERAL,9774,TRANSFER FOR SERVICES OEMC,0,0,33000
LOCAL,0310,MOTOR FUEL TAX FUND,99,FINANCE GENERAL,2005,FINANCE GENERAL,3,SCHEDULED WAGE ADJUSTMENTS,0,0,8484
LOCAL,0310,MOTOR FUEL TAX FUND,99,FINANCE GENERAL,2005,FINANCE GENERAL,140,PROFESSIONAL AND TECHNICAL SERVICES,131758,131758,500000
LOCAL,0310,MOTOR FUEL TAX FUND,99,FINANCE GENERAL,2005,FINANCE GENERAL,902,INTEREST ON FIRST LIEN BONDS,9122073,9122073,10966000
LOCAL,0310,MOTOR FUEL TAX FUND,99,FINANCE GENERAL,2005,FINANCE GENERAL,912,PAYMENT OF BONDS,6495000,6495000,5045000
LOCAL,0310,MOTOR FUEL TAX FUND,99,FINANCE GENERAL,2005,FINANCE GENERAL,951,DEBT SERVICE RESERVE,6477630,6477630,2620217
LOCAL,0310,MOTOR FUEL TAX FUND,99,FINANCE GENERAL,2005,FINANCE GENERAL,959,BOND FEES AND COSTS,0,0,155000
LOCAL,0310,MOTOR FUEL TAX FUND,99,FINANCE GENERAL,2005,FINANCE GENERAL,9189,FOR ANNUAL PAYMENT TO CTA,3000000,3000000,3000000
LOCAL,0310,MOTOR FUEL TAX FUND,99,FINANCE GENERAL,2005,FINANCE GENERAL,9581,RESERVE FOR SNOW EVENTS,0,0,7000000
LOCAL,0310,MOTOR FUEL TAX FUND,99,FINANCE GENERAL,2005,FINANCE GENERAL,9610,REIMB - PENSION PAYMENTS,0,0,1328210
LOCAL,0310,MOTOR FUEL TAX FUND,99,FINANCE GENERAL,2005,FINANCE GENERAL,9611,REIMB - INDIRECT COSTS TO CORPORATE,0,0,2946000
LOCAL,0310,MOTOR FUEL TAX FUND,99,FINANCE GENERAL,2005,FINANCE GENERAL,9668,REIMB - HEALTHCARE AND INSURANCE,0,0,2440232
LOCAL,0314,SEWER FUND,99,FINANCE GENERAL,2005,FINANCE GENERAL,3,SCHEDULED WAGE ADJUSTMENTS,0,0,73104
LOCAL,0314,SEWER FUND,99,FINANCE GENERAL,2005,FINANCE GENERAL,8,PAYMENT RETROACTIVE SALARIES,0,0,77625
LOCAL,0314,SEWER FUND,99,FINANCE GENERAL,2005,FINANCE GENERAL,11,CONTRACT WAGE - SALARY,357372,357372,0
LOCAL,0314,SEWER FUND,99,FINANCE GENERAL,2005,FINANCE GENERAL,29,HMO PREMIUMS,1958740,1958740,1950623
LOCAL,0314,SEWER FUND,99,FINANCE GENERAL,2005,FINANCE GENERAL,42,TEXT FILE - EXTRA LONG,3806535,3806535,4106694
LOCAL,0314,SEWER FUND,99,FINANCE GENERAL,2005,FINANCE GENERAL,45,PREM TERM LIFE INSURANCE,48825,48825,49034
LOCAL,0314,SEWER FUND,99,FINANCE GENERAL,2005,FINANCE GENERAL,49,WORKERS' COMPENSATION,4400000,4400000,4400000
LOCAL,0314,SEWER FUND,99,FINANCE GENERAL,2005,FINANCE GENERAL,51,UNEMPLOYMENT INSURANCE CLAIM,245000,245000,174278
LOCAL,0314,SEWER FUND,99,FINANCE GENERAL,2005,FINANCE GENERAL,52,MEDICAL CARE CLAIMS,1349767,1349767,1008128
LOCAL,0314,SEWER FUND,99,FINANCE GENERAL,2005,FINANCE GENERAL,56,DENTAL PLAN PREMIUMS,236565,236565,213773
LOCAL,0314,SEWER FUND,99,FINANCE GENERAL,2005,FINANCE GENERAL,70,TUITION REIMBURSEMENT,25000,25000,25000
LOCAL,0314,SEWER FUND,99,FINANCE GENERAL,2005,FINANCE GENERAL,121,INVESTIGATION COSTS-COMMITTEE ON FINANCE,100000,100000,100000
LOCAL,0314,SEWER FUND,99,FINANCE GENERAL,2005,FINANCE GENERAL,138,IT MAINTENANCE,736468,736468,934557
LOCAL,0314,SEWER FUND,99,FINANCE GENERAL,2005,FINANCE GENERAL,139,IT DEVELOPMENT,900000,900000,900000
LOCAL,0314,SEWER FUND,99,FINANCE GENERAL,2005,FINANCE GENERAL,140,PROFESSIONAL AND TECHNICAL SERVICES,282896,282896,360715
LOCAL,0314,SEWER FUND,99,FINANCE GENERAL,2005,FINANCE GENERAL,142,ACCOUNTING AND AUDITING,150000,150000,150000
LOCAL,0314,SEWER FUND,99,FINANCE GENERAL,2005,FINANCE GENERAL,149,SOFTWARE MAINTENANCE AND LICENSING,0,0,520
LOCAL,0314,SEWER FUND,99,FINANCE GENERAL,2005,FINANCE GENERAL,196,DATA CIRCUITS,90000,90000,91219
LOCAL,0314,SEWER FUND,99,FINANCE GENERAL,2005,FINANCE GENERAL,903,INTEREST ON WASTEWATER TRANS. REV. BONDS,81984000,81984000,83153000
LOCAL,0314,SEWER FUND,99,FINANCE GENERAL,2005,FINANCE GENERAL,910,REDEMPTION - WASTEWATER TRANS. BONDS,36760000,36760000,45792000
LOCAL,0314,SEWER FUND,99,FINANCE GENERAL,2005,FINANCE GENERAL,931,TORT/NON-TORT JUDGMENT,0,0,875000
LOCAL,0314,SEWER FUND,99,FINANCE GENERAL,2005,FINANCE GENERAL,934,CLAIMS AGAINST THE CITY,15000,15000,25000
LOCAL,0314,SEWER FUND,99,FINANCE GENERAL,2005,FINANCE GENERAL,953,CLAIMS AGAINST SEWER FUND,500000,500000,500000
LOCAL,0314,SEWER FUND,99,FINANCE GENERAL,2005,FINANCE GENERAL,9027,SOCIAL SECURITY TAX,14068,14068,9909
LOCAL,0314,SEWER FUND,99,FINANCE GENERAL,2005,FINANCE GENERAL,9076,CITY CNTB MEDICARE TAX,596678,596678,572514
LOCAL,0314,SEWER FUND,99,FINANCE GENERAL,2005,FINANCE GENERAL,9097,FOR CAPITAL CONSTRUCTION,57637590,57637590,85345311
LOCAL,0314,SEWER FUND,99,FINANCE GENERAL,2005,FINANCE GENERAL,9148,SENIOR CITIZEN SEWER,350000,350000,350000
LOCAL,0314,SEWER FUND,99,FINANCE GENERAL,2005,FINANCE GENERAL,9165,OUTSOURCING-DATA CENTER,70292,70292,72318
LOCAL,0314,SEWER FUND,99,FINANCE GENERAL,2005,FINANCE GENERAL,9551,RETROACTIVE PENSION PAYMENTS,0,0,12207
LOCAL,0314,SEWER FUND,99,FINANCE GENERAL,2005,FINANCE GENERAL,9610,REIMB - PENSION PAYMENTS,5001357,5001357,0
LOCAL,0314,SEWER FUND,99,FINANCE GENERAL,2005,FINANCE GENERAL,9611,REIMB - INDIRECT COSTS TO CORPORATE,29858600,29858600,36037000
LOCAL,0314,SEWER FUND,99,FINANCE GENERAL,2005,FINANCE GENERAL,9669,REIMB - INDIRECT FOR RETRO SALARIES,0,0,830492
LOCAL,0314,SEWER FUND,99,FINANCE GENERAL,2005,FINANCE GENERAL,9710,TRANSFER - WATER FUND FROM SEWER FUND,7500000,7500000,7500000
LOCAL,0314,SEWER FUND,99,FINANCE GENERAL,2005,FINANCE GENERAL,9774,TRANSFER FOR SERVICES OEMC,0,0,120000
LOCAL,0314,SEWER FUND,99,FINANCE GENERAL,2005,FINANCE GENERAL,9980,MUNICIPAL FUND PENSION ALLOCATION,0,0,4750717
LOCAL,0314,SEWER FUND,99,FINANCE GENERAL,2005,FINANCE GENERAL,9981,LABORERS' FUND PENSION ALLOCATION,0,0,2910029
LOCAL,0346,LIBRARY FUND,99,FINANCE GENERAL,2005,FINANCE GENERAL,3,SCHEDULED WAGE ADJUSTMENTS,0,0,118140
LOCAL,0346,LIBRARY FUND,99,FINANCE GENERAL,2005,FINANCE GENERAL,8,PAYMENT RETROACTIVE SALARIES,0,0,826345
LOCAL,0346,LIBRARY FUND,99,FINANCE GENERAL,2005,FINANCE GENERAL,11,CONTRACT WAGE - SALARY,26000,26000,0
LOCAL,0346,LIBRARY FUND,99,FINANCE GENERAL,2005,FINANCE GENERAL,29,HMO PREMIUMS,2617979,2617979,2522307
LOCAL,0346,LIBRARY FUND,99,FINANCE GENERAL,2005,FINANCE GENERAL,42,TEXT FILE - EXTRA LONG,5088386,5088386,5310275
LOCAL,0346,LIBRARY FUND,99,FINANCE GENERAL,2005,FINANCE GENERAL,45,PREM TERM LIFE INSURANCE,65257,65257,63405
LOCAL,0346,LIBRARY FUND,99,FINANCE GENERAL,2005,FINANCE GENERAL,49,WORKERS' COMPENSATION,550000,550000,550000
LOCAL,0346,LIBRARY FUND,99,FINANCE GENERAL,2005,FINANCE GENERAL,51,UNEMPLOYMENT INSURANCE CLAIM,350000,350000,248969
LOCAL,0346,LIBRARY FUND,99,FINANCE GENERAL,2005,FINANCE GENERAL,52,MEDICAL CARE CLAIMS,1804048,1804048,1303587
LOCAL,0346,LIBRARY FUND,99,FINANCE GENERAL,2005,FINANCE GENERAL,56,DENTAL PLAN PREMIUMS,316184,316184,276425
LOCAL,0346,LIBRARY FUND,99,FINANCE GENERAL,2005,FINANCE GENERAL,70,TUITION REIMBURSEMENT,85000,85000,85000
LOCAL,0346,LIBRARY FUND,99,FINANCE GENERAL,2005,FINANCE GENERAL,140,PROFESSIONAL AND TECHNICAL SERVICES,1126423,1126423,277327
LOCAL,0346,LIBRARY FUND,99,FINANCE GENERAL,2005,FINANCE GENERAL,142,ACCOUNTING AND AUDITING,110000,110000,110000
LOCAL,0346,LIBRARY FUND,99,FINANCE GENERAL,2005,FINANCE GENERAL,955,INTEREST ON LIBRARY FINANCING,1430000,1430000,700000
LOCAL,0346,LIBRARY FUND,99,FINANCE GENERAL,2005,FINANCE GENERAL,9027,SOCIAL SECURITY TAX,20586,20586,14500
LOCAL,0346,LIBRARY FUND,99,FINANCE GENERAL,2005,FINANCE GENERAL,9076,CITY CNTB MEDICARE TAX,873105,873105,837747
LOCAL,0346,LIBRARY FUND,99,FINANCE GENERAL,2005,FINANCE GENERAL,9112,PROP. MAINT. CNTRL LIBR,6999186,6999186,6999186
LOCAL,0346,LIBRARY FUND,99,FINANCE GENERAL,2005,FINANCE GENERAL,9165,OUTSOURCING-DATA CENTER,127871,127871,131558
LOCAL,0346,LIBRARY FUND,99,FINANCE GENERAL,2005,FINANCE GENERAL,9551,RETROACTIVE PENSION PAYMENTS,0,0,129943
LOCAL,0346,LIBRARY FUND,99,FINANCE GENERAL,2005,FINANCE GENERAL,9980,MUNICIPAL FUND PENSION ALLOCATION,0,0,2515976
LOCAL,0353,EMERGENCY COMMUN FD,99,FINANCE GENERAL,2005,FINANCE GENERAL,140,PROFESSIONAL AND TECHNICAL SERVICES,100000,100000,100000
LOCAL,0353,EMERGENCY COMMUN FD,99,FINANCE GENERAL,2005,FINANCE GENERAL,9639,OPERATION OF OEMC,67005000,67005000,108174000
LOCAL,0355,SPECIAL EVENTS / MUNICIPAL HOTEL T/F,99,FINANCE GENERAL,2005,FINANCE GENERAL,3,SCHEDULED WAGE ADJUSTMENTS,0,0,166368
LOCAL,0355,SPECIAL EVENTS / MUNICIPAL HOTEL T/F,99,FINANCE GENERAL,2005,FINANCE GENERAL,8,PAYMENT RETROACTIVE SALARIES,0,0,4111
LOCAL,0355,SPECIAL EVENTS / MUNICIPAL HOTEL T/F,99,FINANCE GENERAL,2005,FINANCE GENERAL,29,HMO PREMIUMS,289666,289666,294342
LOCAL,0355,SPECIAL EVENTS / MUNICIPAL HOTEL T/F,99,FINANCE GENERAL,2005,FINANCE GENERAL,42,TEXT FILE - EXTRA LONG,562925,562925,619685
LOCAL,0355,SPECIAL EVENTS / MUNICIPAL HOTEL T/F,99,FINANCE GENERAL,2005,FINANCE GENERAL,45,PREM TERM LIFE INSURANCE,7220,7220,7399
LOCAL,0355,SPECIAL EVENTS / MUNICIPAL HOTEL T/F,99,FINANCE GENERAL,2005,FINANCE GENERAL,49,WORKERS' COMPENSATION,5000,5000,5000
LOCAL,0355,SPECIAL EVENTS / MUNICIPAL HOTEL T/F,99,FINANCE GENERAL,2005,FINANCE GENERAL,51,UNEMPLOYMENT INSURANCE CLAIM,40000,40000,28454
LOCAL,0355,SPECIAL EVENTS / MUNICIPAL HOTEL T/F,99,FINANCE GENERAL,2005,FINANCE GENERAL,52,MEDICAL CARE CLAIMS,199609,199609,152123
LOCAL,0355,SPECIAL EVENTS / MUNICIPAL HOTEL T/F,99,FINANCE GENERAL,2005,FINANCE GENERAL,56,DENTAL PLAN PREMIUMS,34984,34984,32258
LOCAL,0355,SPECIAL EVENTS / MUNICIPAL HOTEL T/F,99,FINANCE GENERAL,2005,FINANCE GENERAL,140,PROFESSIONAL AND TECHNICAL SERVICES,4402779,4402779,4592676
LOCAL,0355,SPECIAL EVENTS / MUNICIPAL HOTEL T/F,99,FINANCE GENERAL,2005,FINANCE GENERAL,161,MAINT FACILITIES,693028,693028,200000
LOCAL,0355,SPECIAL EVENTS / MUNICIPAL HOTEL T/F,99,FINANCE GENERAL,2005,FINANCE GENERAL,912,PAYMENT OF BONDS,3575000,3575000,750000
LOCAL,0355,SPECIAL EVENTS / MUNICIPAL HOTEL T/F,99,FINANCE GENERAL,2005,FINANCE GENERAL,991,MATCHING AND SUPPLEMENTAL GRANTS,223500,223500,208500
LOCAL,0355,SPECIAL EVENTS / MUNICIPAL HOTEL T/F,99,FINANCE GENERAL,2005,FINANCE GENERAL,9027,SOCIAL SECURITY TAX,2066,2066,1455
LOCAL,0355,SPECIAL EVENTS / MUNICIPAL HOTEL T/F,99,FINANCE GENERAL,2005,FINANCE GENERAL,9076,CITY CNTB MEDICARE TAX,87648,87648,84099
LOCAL,0355,SPECIAL EVENTS / MUNICIPAL HOTEL T/F,99,FINANCE GENERAL,2005,FINANCE GENERAL,9124,SISTER CITIES PROGRAM,528643,528643,528643
LOCAL,0355,SPECIAL EVENTS / MUNICIPAL HOTEL T/F,99,FINANCE GENERAL,2005,FINANCE GENERAL,9219,IMPLEMENTATION OF CULTURAL PLAN,1250000,1250000,0
LOCAL,0355,SPECIAL EVENTS / MUNICIPAL HOTEL T/F,99,FINANCE GENERAL,2005,FINANCE GENERAL,9551,RETROACTIVE PENSION PAYMENTS,0,0,646
LOCAL,0355,SPECIAL EVENTS / MUNICIPAL HOTEL T/F,99,FINANCE GENERAL,2005,FINANCE GENERAL,9610,REIMB - PENSION PAYMENTS,748831,748831,1009508
LOCAL,0355,SPECIAL EVENTS / MUNICIPAL HOTEL T/F,99,FINANCE GENERAL,2005,FINANCE GENERAL,9770,TRANSFER FOR SERVICES FINANCE,0,0,80000
LOCAL,0355,SPECIAL EVENTS / MUNICIPAL HOTEL T/F,99,FINANCE GENERAL,2005,FINANCE GENERAL,9771,TRANSFER FOR SERVICES 2FM,0,0,371500
LOCAL,0355,SPECIAL EVENTS / MUNICIPAL HOTEL T/F,99,FINANCE GENERAL,2005,FINANCE GENERAL,9772,TRANSFER FOR SERVICES CDPH,0,0,15000
LOCAL,0355,SPECIAL EVENTS / MUNICIPAL HOTEL T/F,99,FINANCE GENERAL,2005,FINANCE GENERAL,9773,TRANSFER FOR SERVICES CPD,0,0,1254760
LOCAL,0355,SPECIAL EVENTS / MUNICIPAL HOTEL T/F,99,FINANCE GENERAL,2005,FINANCE GENERAL,9774,TRANSFER FOR SERVICES OEMC,0,0,450000
LOCAL,0355,SPECIAL EVENTS / MUNICIPAL HOTEL T/F,99,FINANCE GENERAL,2005,FINANCE GENERAL,9775,TRANSFER FOR SERVICES CFD,0,0,165000
LOCAL,0355,SPECIAL EVENTS / MUNICIPAL HOTEL T/F,99,FINANCE GENERAL,2005,FINANCE GENERAL,9776,TRANSFER FOR SERVICES DSS,0,0,128000
LOCAL,0355,SPECIAL EVENTS / MUNICIPAL HOTEL T/F,99,FINANCE GENERAL,2005,FINANCE GENERAL,9777,TRANSFER FOR SERVICES CDOT,0,0,5000
LOCAL,0505,SALES TAX BOND,99,FINANCE GENERAL,2005,FINANCE GENERAL,902,INTEREST ON FIRST LIEN BONDS,27578000,27578000,26937000
LOCAL,0505,SALES TAX BOND,99,FINANCE GENERAL,2005,FINANCE GENERAL,912,PAYMENT OF BONDS,12485000,12485000,13125000
LOCAL,0509,NOTE REDEMPTION AND INTEREST SERIES FUND,99,FINANCE GENERAL,2005,FINANCE GENERAL,960,LOSS IN COLLECTION OF TAXES,805000,805000,805000
LOCAL,0509,NOTE REDEMPTION AND INTEREST SERIES FUND,99,FINANCE GENERAL,2005,FINANCE GENERAL,961,PAYMENT OF TERM NOTES,19308000,19308000,19308000
LOCAL,0510,BOND REDMPTN/IN F,99,FINANCE GENERAL,2005,FINANCE GENERAL,902,INTEREST ON FIRST LIEN BONDS,412261000,412261000,429495000
LOCAL,0510,BOND REDMPTN/IN F,99,FINANCE GENERAL,2005,FINANCE GENERAL,912,PAYMENT OF BONDS,168040000,168040000,179544000
LOCAL,0510,BOND REDMPTN/IN F,99,FINANCE GENERAL,2005,FINANCE GENERAL,960,LOSS IN COLLECTION OF TAXES,14819000,14819000,14819000
LOCAL,0516,LIBRARY BOND REDEMPTION,99,FINANCE GENERAL,2005,FINANCE GENERAL,902,INTEREST ON FIRST LIEN BONDS,2745000,2745000,2706000
LOCAL,0516,LIBRARY BOND REDEMPTION,99,FINANCE GENERAL,2005,FINANCE GENERAL,912,PAYMENT OF BONDS,1425000,1425000,1460000
LOCAL,0516,LIBRARY BOND REDEMPTION,99,FINANCE GENERAL,2005,FINANCE GENERAL,960,LOSS IN COLLECTION OF TAXES,172000,172000,173000
LOCAL,0521,LIB NOTE RED/INT-B,99,FINANCE GENERAL,2005,FINANCE GENERAL,960,LOSS IN COLLECTION OF TAXES,3078000,3078000,3104000
LOCAL,0521,LIB NOTE RED/INT-B,99,FINANCE GENERAL,2005,FINANCE GENERAL,961,PAYMENT OF TERM NOTES,75686000,75686000,75994000
LOCAL,0525,EMERGENCY COMMUN BD,99,FINANCE GENERAL,2005,FINANCE GENERAL,902,INTEREST ON FIRST LIEN BONDS,8594000,8594000,7845000
LOCAL,0525,EMERGENCY COMMUN BD,99,FINANCE GENERAL,2005,FINANCE GENERAL,912,PAYMENT OF BONDS,13730000,13730000,14480000
LOCAL,0549,CITY COL RED/INT-D,99,FINANCE GENERAL,2005,FINANCE GENERAL,902,INTEREST ON FIRST LIEN BONDS,21672000,21672000,22457000
LOCAL,0549,CITY COL RED/INT-D,99,FINANCE GENERAL,2005,FINANCE GENERAL,912,PAYMENT OF BONDS,13497000,13497000,12713000
LOCAL,0549,CITY COL RED/INT-D,99,FINANCE GENERAL,2005,FINANCE GENERAL,960,LOSS IN COLLECTION OF TAXES,1463000,1463000,1462000
LOCAL,0610,MIDWAY AIRPORT FUND,99,FINANCE GENERAL,2005,FINANCE GENERAL,3,SCHEDULED WAGE ADJUSTMENTS,0,0,64284
LOCAL,0610,MIDWAY AIRPORT FUND,99,FINANCE GENERAL,2005,FINANCE GENERAL,8,PAYMENT RETROACTIVE SALARIES,0,0,342449
LOCAL,0610,MIDWAY AIRPORT FUND,99,FINANCE GENERAL,2005,FINANCE GENERAL,11,CONTRACT WAGE - SALARY,180217,180217,0
LOCAL,0610,MIDWAY AIRPORT FUND,99,FINANCE GENERAL,2005,FINANCE GENERAL,29,HMO PREMIUMS,1219593,1219593,1282282
LOCAL,0610,MIDWAY AIRPORT FUND,99,FINANCE GENERAL,2005,FINANCE GENERAL,42,TEXT FILE - EXTRA LONG,2441209,2441209,2699620
LOCAL,0610,MIDWAY AIRPORT FUND,99,FINANCE GENERAL,2005,FINANCE GENERAL,43,TEXT FILE - EXTRA LONG,50000,50000,56250
LOCAL,0610,MIDWAY AIRPORT FUND,99,FINANCE GENERAL,2005,FINANCE GENERAL,45,PREM TERM LIFE INSURANCE,30400,30400,32234
LOCAL,0610,MIDWAY AIRPORT FUND,99,FINANCE GENERAL,2005,FINANCE GENERAL,49,WORKERS' COMPENSATION,175000,175000,175000
LOCAL,0610,MIDWAY AIRPORT FUND,99,FINANCE GENERAL,2005,FINANCE GENERAL,51,UNEMPLOYMENT INSURANCE CLAIM,131000,131000,93185
LOCAL,0610,MIDWAY AIRPORT FUND,99,FINANCE GENERAL,2005,FINANCE GENERAL,52,MEDICAL CARE CLAIMS,840421,840421,662713
LOCAL,0610,MIDWAY AIRPORT FUND,99,FINANCE GENERAL,2005,FINANCE GENERAL,56,DENTAL PLAN PREMIUMS,147295,147295,140528
LOCAL,0610,MIDWAY AIRPORT FUND,99,FINANCE GENERAL,2005,FINANCE GENERAL,140,PROFESSIONAL AND TECHNICAL SERVICES,1028630,1028630,1190045
LOCAL,0610,MIDWAY AIRPORT FUND,99,FINANCE GENERAL,2005,FINANCE GENERAL,142,ACCOUNTING AND AUDITING,507500,507500,507500
LOCAL,0610,MIDWAY AIRPORT FUND,99,FINANCE GENERAL,2005,FINANCE GENERAL,145,LEGAL EXPENSES,838000,838000,838000
LOCAL,0610,MIDWAY AIRPORT FUND,99,FINANCE GENERAL,2005,FINANCE GENERAL,172,INSURANCE PREMIUMS,4200000,4200000,4200000
LOCAL,0610,MIDWAY AIRPORT FUND,99,FINANCE GENERAL,2005,FINANCE GENERAL,902,INTEREST ON FIRST LIEN BONDS,38008500,38008500,1734150
LOCAL,0610,MIDWAY AIRPORT FUND,99,FINANCE GENERAL,2005,FINANCE GENERAL,913,PAYMENT OF FIRST LIEN BONDS,16330000,16330000,2800000
LOCAL,0610,MIDWAY AIRPORT FUND,99,FINANCE GENERAL,2005,FINANCE GENERAL,917,INTEREST ON JUNIOR LIEN BONDS,32058600,32058600,72434825
LOCAL,0610,MIDWAY AIRPORT FUND,99,FINANCE GENERAL,2005,FINANCE GENERAL,919,PAYMENT OF JUNIOR LIEN BONDS,22180000,22180000,20670000
LOCAL,0610,MIDWAY AIRPORT FUND,99,FINANCE GENERAL,2005,FINANCE GENERAL,931,TORT/NON-TORT JUDGMENT,4500,4500,4500
LOCAL,0610,MIDWAY AIRPORT FUND,99,FINANCE GENERAL,2005,FINANCE GENERAL,9027,SOCIAL SECURITY TAX,7551,7551,5319
LOCAL,0610,MIDWAY AIRPORT FUND,99,FINANCE GENERAL,2005,FINANCE GENERAL,9045,REPAIR AND REPLACEMENT,1200000,1200000,1200000
LOCAL,0610,MIDWAY AIRPORT FUND,99,FINANCE GENERAL,2005,FINANCE GENERAL,9046,OPERATIONS AND MAINTENANCE RESERVE,625000,625000,625000
LOCAL,0610,MIDWAY AIRPORT FUND,99,FINANCE GENERAL,2005,FINANCE GENERAL,9076,CITY CNTB MEDICARE TAX,320251,320251,307282
LOCAL,0610,MIDWAY AIRPORT FUND,99,FINANCE GENERAL,2005,FINANCE GENERAL,9551,RETROACTIVE PENSION PAYMENTS,0,0,57142
LOCAL,0610,MIDWAY AIRPORT FUND,99,FINANCE GENERAL,2005,FINANCE GENERAL,9610,REIMB - PENSION PAYMENTS,3675520,3675520,0
LOCAL,0610,MIDWAY AIRPORT FUND,99,FINANCE GENERAL,2005,FINANCE GENERAL,9611,REIMB - INDIRECT COSTS TO CORPORATE,6277000,6277000,7778000
LOCAL,0610,MIDWAY AIRPORT FUND,99,FINANCE GENERAL,2005,FINANCE GENERAL,9669,REIMB - INDIRECT FOR RETRO SALARIES,0,0,77262
LOCAL,0610,MIDWAY AIRPORT FUND,99,FINANCE GENERAL,2005,FINANCE GENERAL,9711,TRANSFER-O'HARE FUND FOR ADMIN SALARIES,3000000,3000000,3000000
LOCAL,0610,MIDWAY AIRPORT FUND,99,FINANCE GENERAL,2005,FINANCE GENERAL,9980,MUNICIPAL FUND PENSION ALLOCATION,0,0,2237330
LOCAL,0610,MIDWAY AIRPORT FUND,99,FINANCE GENERAL,2005,FINANCE GENERAL,9981,LABORERS' FUND PENSION ALLOCATION,0,0,358972
LOCAL,0610,MIDWAY AIRPORT FUND,99,FINANCE GENERAL,2005,FINANCE GENERAL,9982,POLICEMEN'S FUND PENSION ALLOCATION,0,0,778218
LOCAL,0610,MIDWAY AIRPORT FUND,99,FINANCE GENERAL,2005,FINANCE GENERAL,9983,FIREMEN'S FUND PENSION ALLOCATION,0,0,1291740
LOCAL,0681,MUNICIPAL ANNUNITY AND BENEFIT,99,FINANCE GENERAL,2005,FINANCE GENERAL,976,EMPLOYEE ANNUITY AND BENEFIT,162594000,162594000,242700000
LOCAL,0682,LABORERS' ANNUNITY AND BENEFIT,99,FINANCE GENERAL,2005,FINANCE GENERAL,976,EMPLOYEE ANNUITY AND BENEFIT,15075000,15075000,24019000
LOCAL,0683,POLICEMEN'S ANNUITY AND BENEFIT,99,FINANCE GENERAL,2005,FINANCE GENERAL,976,EMPLOYEE ANNUITY AND BENEFIT,188431000,188431000,194122000
LOCAL,0684,FIREMEN'S ANNUITY AND BENEFIT,99,FINANCE GENERAL,2005,FINANCE GENERAL,916,EXPENDITURES FOR AMENDMENTS TO ILCS 40,1409000,1409000,0
LOCAL,0684,FIREMEN'S ANNUITY AND BENEFIT,99,FINANCE GENERAL,2005,FINANCE GENERAL,976,EMPLOYEE ANNUITY AND BENEFIT,110760000,110760000,96300000
LOCAL,0740,O'HARE REVENUE FUND,99,FINANCE GENERAL,2005,FINANCE GENERAL,3,SCHEDULED WAGE ADJUSTMENTS,0,0,455112
LOCAL,0740,O'HARE REVENUE FUND,99,FINANCE GENERAL,2005,FINANCE GENERAL,8,PAYMENT RETROACTIVE SALARIES,0,0,1186341
LOCAL,0740,O'HARE REVENUE FUND,99,FINANCE GENERAL,2005,FINANCE GENERAL,11,CONTRACT WAGE - SALARY,756380,756380,0
LOCAL,0740,O'HARE REVENUE FUND,99,FINANCE GENERAL,2005,FINANCE GENERAL,29,HMO PREMIUMS,6174876,6174876,6425010
LOCAL,0740,O'HARE REVENUE FUND,99,FINANCE GENERAL,2005,FINANCE GENERAL,42,TEXT FILE - EXTRA LONG,12779998,12779998,13526732
LOCAL,0740,O'HARE REVENUE FUND,99,FINANCE GENERAL,2005,FINANCE GENERAL,43,TEXT FILE - EXTRA LONG,100000,100000,112500
LOCAL,0740,O'HARE REVENUE FUND,99,FINANCE GENERAL,2005,FINANCE GENERAL,45,PREM TERM LIFE INSURANCE,153918,153918,161510
LOCAL,0740,O'HARE REVENUE FUND,99,FINANCE GENERAL,2005,FINANCE GENERAL,49,WORKERS' COMPENSATION,330000,330000,330000
LOCAL,0740,O'HARE REVENUE FUND,99,FINANCE GENERAL,2005,FINANCE GENERAL,51,UNEMPLOYMENT INSURANCE CLAIM,673000,673000,478731
LOCAL,0740,O'HARE REVENUE FUND,99,FINANCE GENERAL,2005,FINANCE GENERAL,52,MEDICAL CARE CLAIMS,4255103,4255103,3320596
LOCAL,0740,O'HARE REVENUE FUND,99,FINANCE GENERAL,2005,FINANCE GENERAL,56,DENTAL PLAN PREMIUMS,745766,745766,704130
LOCAL,0740,O'HARE REVENUE FUND,99,FINANCE GENERAL,2005,FINANCE GENERAL,70,TUITION REIMBURSEMENT,45000,45000,45000
LOCAL,0740,O'HARE REVENUE FUND,99,FINANCE GENERAL,2005,FINANCE GENERAL,135,DELEGATE AGENCIES,0,0,750000
LOCAL,0740,O'HARE REVENUE FUND,99,FINANCE GENERAL,2005,FINANCE GENERAL,138,IT MAINTENANCE,2192494,2192494,2319969
LOCAL,0740,O'HARE REVENUE FUND,99,FINANCE GENERAL,2005,FINANCE GENERAL,140,PROFESSIONAL AND TECHNICAL SERVICES,4834812,4834812,5312047
LOCAL,0740,O'HARE REVENUE FUND,99,FINANCE GENERAL,2005,FINANCE GENERAL,142,ACCOUNTING AND AUDITING,1107500,1107500,1107500
LOCAL,0740,O'HARE REVENUE FUND,99,FINANCE GENERAL,2005,FINANCE GENERAL,145,LEGAL EXPENSES,2233500,2233500,2233500
LOCAL,0740,O'HARE REVENUE FUND,99,FINANCE GENERAL,2005,FINANCE GENERAL,149,SOFTWARE MAINTENANCE AND LICENSING,0,0,1682
LOCAL,0740,O'HARE REVENUE FUND,99,FINANCE GENERAL,2005,FINANCE GENERAL,172,INSURANCE PREMIUMS,17000000,17000000,12000000
LOCAL,0740,O'HARE REVENUE FUND,99,FINANCE GENERAL,2005,FINANCE GENERAL,196,DATA CIRCUITS,165000,165000,167240
LOCAL,0740,O'HARE REVENUE FUND,99,FINANCE GENERAL,2005,FINANCE GENERAL,902,INTEREST ON FIRST LIEN BONDS,349151664,349151664,337516033
LOCAL,0740,O'HARE REVENUE FUND,99,FINANCE GENERAL,2005,FINANCE GENERAL,913,PAYMENT OF FIRST LIEN BONDS,157070000,157070000,157310000
LOCAL,0740,O'HARE REVENUE FUND,99,FINANCE GENERAL,2005,FINANCE GENERAL,931,TORT/NON-TORT JUDGMENT,8000,8000,8000
LOCAL,0740,O'HARE REVENUE FUND,99,FINANCE GENERAL,2005,FINANCE GENERAL,991,MATCHING AND SUPPLEMENTAL GRANTS,600000,600000,600000
LOCAL,0740,O'HARE REVENUE FUND,99,FINANCE GENERAL,2005,FINANCE GENERAL,9009,HOMELESS SHELTER AND COUNCELING CENTER,1000000,1000000,0
LOCAL,0740,O'HARE REVENUE FUND,99,FINANCE GENERAL,2005,FINANCE GENERAL,9027,SOCIAL SECURITY TAX,39581,39581,27880
LOCAL,0740,O'HARE REVENUE FUND,99,FINANCE GENERAL,2005,FINANCE GENERAL,9046,OPERATIONS AND MAINTENANCE RESERVE,4175000,4175000,4175000
LOCAL,0740,O'HARE REVENUE FUND,99,FINANCE GENERAL,2005,FINANCE GENERAL,9047,SPECIAL CAPITAL PROJECTS - AIRLINES,2000000,2000000,2000000
LOCAL,0740,O'HARE REVENUE FUND,99,FINANCE GENERAL,2005,FINANCE GENERAL,9076,CITY CNTB MEDICARE TAX,1678789,1678789,1610803
LOCAL,0740,O'HARE REVENUE FUND,99,FINANCE GENERAL,2005,FINANCE GENERAL,9165,OUTSOURCING-DATA CENTER,129616,129616,133353
LOCAL,0740,O'HARE REVENUE FUND,99,FINANCE GENERAL,2005,FINANCE GENERAL,9459,REIMBURSEMENT - FIRE,3000000,3000000,300000
LOCAL,0740,O'HARE REVENUE FUND,99,FINANCE GENERAL,2005,FINANCE GENERAL,9551,RETROACTIVE PENSION PAYMENTS,0,0,197619
LOCAL,0740,O'HARE REVENUE FUND,99,FINANCE GENERAL,2005,FINANCE GENERAL,9610,REIMB - PENSION PAYMENTS,16869767,16869767,0
LOCAL,0740,O'HARE REVENUE FUND,99,FINANCE GENERAL,2005,FINANCE GENERAL,9626,REIMB - INDIRECT COSTS - O'HARE,15549000,15549000,13460000
LOCAL,0740,O'HARE REVENUE FUND,99,FINANCE GENERAL,2005,FINANCE GENERAL,9629,REIMB - INDIRECT NON-SALARIES - O'HARE,7900000,7900000,10950000
LOCAL,0740,O'HARE REVENUE FUND,99,FINANCE GENERAL,2005,FINANCE GENERAL,9669,REIMB - INDIRECT FOR RETRO SALARIES,0,0,229454
LOCAL,0740,O'HARE REVENUE FUND,99,FINANCE GENERAL,2005,FINANCE GENERAL,9980,MUNICIPAL FUND PENSION ALLOCATION,0,0,14144685
LOCAL,0740,O'HARE REVENUE FUND,99,FINANCE GENERAL,2005,FINANCE GENERAL,9981,LABORERS' FUND PENSION ALLOCATION,0,0,1493265
LOCAL,0740,O'HARE REVENUE FUND,99,FINANCE GENERAL,2005,FINANCE GENERAL,9982,POLICEMEN'S FUND PENSION ALLOCATION,0,0,2571736
LOCAL,0740,O'HARE REVENUE FUND,99,FINANCE GENERAL,2005,FINANCE GENERAL,9983,FIREMEN'S FUND PENSION ALLOCATION,0,0,4642973
LOCAL,0B09,CTA REAL PROPERTY TRANSFER TAX,99,FINANCE GENERAL,2005,FINANCE GENERAL,9205,FOR DISTRIBUTION CTA,55239000,55239000,62790000
LOCAL,0B09,CTA REAL PROPERTY TRANSFER TAX,99,FINANCE GENERAL,2005,FINANCE GENERAL,9640,REIMB - FROM CTA,558000,558000,634000
LOCAL,0B21,TIF ADMINISTRATION,99,FINANCE GENERAL,2005,FINANCE GENERAL,3,SCHEDULED WAGE ADJUSTMENTS,0,0,126420
LOCAL,0B21,TIF ADMINISTRATION,99,FINANCE GENERAL,2005,FINANCE GENERAL,8,PAYMENT RETROACTIVE SALARIES,0,0,12284
LOCAL,0B21,TIF ADMINISTRATION,99,FINANCE GENERAL,2005,FINANCE GENERAL,140,PROFESSIONAL AND TECHNICAL SERVICES,50000,50000,0
LOCAL,0B21,TIF ADMINISTRATION,99,FINANCE GENERAL,2005,FINANCE GENERAL,142,ACCOUNTING AND AUDITING,650000,650000,230000
LOCAL,0B21,TIF ADMINISTRATION,99,FINANCE GENERAL,2005,FINANCE GENERAL,169,TECHNICAL MEETING COSTS,0,0,10200
LOCAL,0B21,TIF ADMINISTRATION,99,FINANCE GENERAL,2005,FINANCE GENERAL,9551,RETROACTIVE PENSION PAYMENTS,0,0,1932
LOCAL,0B21,TIF ADMINISTRATION,99,FINANCE GENERAL,2005,FINANCE GENERAL,9610,REIMB - PENSION PAYMENTS,571720,571720,813385
LOCAL,0B21,TIF ADMINISTRATION,99,FINANCE GENERAL,2005,FINANCE GENERAL,9611,REIMB - INDIRECT COSTS TO CORPORATE,0,0,999000
LOCAL,0B21,TIF ADMINISTRATION,99,FINANCE GENERAL,2005,FINANCE GENERAL,9626,REIMB - INDIRECT COSTS - O'HARE,999000,999000,0
LOCAL,0B21,TIF ADMINISTRATION,99,FINANCE GENERAL,2005,FINANCE GENERAL,9668,REIMB - HEALTHCARE AND INSURANCE,0,0,1486828
