fund_type,fund_code,fund_description,department_number,department_description,appropriation_authority,appropriation_authority_description,appropriation_account,appropriation_account_description,appropration,revised_appropriation,recommendation
LOCAL,0100,CORPORATE FUND,1,OFFICE OF THE MAYOR,2005,OFFICE OF THE MAYOR,5,SALARIES AND WAGES - ON PAYROLL,5550657,5550657,5965114
LOCAL,0100,CORPORATE FUND,1,OFFICE OF THE MAYOR,2005,OFFICE OF THE MAYOR,126,OFFICE CONVENIENCES,1000,1000,1000
LOCAL,0100,CORPORATE FUND,1,OFFICE OF THE MAYOR,2005,OFFICE OF THE MAYOR,130,POSTAGE,5019,5019,5693
LOCAL,0100,CORPORATE FUND,1,OFFICE OF THE MAYOR,2005,OFFICE OF THE MAYOR,150,PUBLICATN & REPRODT-OUT,1000,1000,1000
LOCAL,0100,CORPORATE FUND,1,OFFICE OF THE MAYOR,2005,OFFICE OF THE MAYOR,157,RENTAL EQUIPMENT AND SERVICES,49500,49500,42500
LOCAL,0100,CORPORATE FUND,1,OFFICE OF THE MAYOR,2005,OFFICE OF THE MAYOR,159,LEASE/PURCHASE EQUIPMENT,63500,63500,58188
LOCAL,0100,CORPORATE FUND,1,OFFICE OF THE MAYOR,2005,OFFICE OF THE MAYOR,162,REPAIR/MAINT EQUIPMENT,6984,6984,6984
LOCAL,0100,CORPORATE FUND,1,OFFICE OF THE MAYOR,2005,OFFICE OF THE MAYOR,166,DUES  SUBSC & MEM,18500,18500,18500
LOCAL,0100,CORPORATE FUND,1,OFFICE OF THE MAYOR,2005,OFFICE OF THE MAYOR,169,TECHNICAL MEETING COSTS,5286,5286,5286
LOCAL,0100,CORPORATE FUND,1,OFFICE OF THE MAYOR,2005,OFFICE OF THE MAYOR,181,MOBILE COMMUNICATION SERVICES,37700,37700,42900
LOCAL,0100,CORPORATE FUND,1,OFFICE OF THE MAYOR,2005,OFFICE OF THE MAYOR,190,TELEPHONE - NON-CENTREX BILLINGS,49700,49700,48000
LOCAL,0100,CORPORATE FUND,1,OFFICE OF THE MAYOR,2005,OFFICE OF THE MAYOR,196,DATA CIRCUITS,3000,3000,3000
LOCAL,0100,CORPORATE FUND,1,OFFICE OF THE MAYOR,2005,OFFICE OF THE MAYOR,197,TELEPHONE - MAINTENANCE,17670,17670,17670
LOCAL,0100,CORPORATE FUND,1,OFFICE OF THE MAYOR,2005,OFFICE OF THE MAYOR,229,TRANSPORTATION AND EXPENSE ALLOWANCE,680,680,680
LOCAL,0100,CORPORATE FUND,1,OFFICE OF THE MAYOR,2005,OFFICE OF THE MAYOR,245,REIMBURSEMENT TO TRAVELERS,23280,23280,23280
LOCAL,0100,CORPORATE FUND,1,OFFICE OF THE MAYOR,2005,OFFICE OF THE MAYOR,270,LOCAL TRANSPORTATION,872,872,872
LOCAL,0100,CORPORATE FUND,1,OFFICE OF THE MAYOR,2005,OFFICE OF THE MAYOR,350,STATIONERY AND OFFICE SUPPLIES,40000,40000,36000
LOCAL,0355,SPECIAL EVENTS / MUNICIPAL HOTEL T/F,1,OFFICE OF THE MAYOR,2005,OFFICE OF THE MAYOR,5,SALARIES AND WAGES - ON PAYROLL,541254,541254,550686
LOCAL,0100,CORPORATE FUND,3,IG,2005,OFFICE OF INSPECTOR GENERAL,5,SALARIES AND WAGES - ON PAYROLL,2350840,2350840,2404288
LOCAL,0100,CORPORATE FUND,3,IG,2005,OFFICE OF INSPECTOR GENERAL,11,CONTRACT WAGE - SALARY,315,315,340
LOCAL,0100,CORPORATE FUND,3,IG,2005,OFFICE OF INSPECTOR GENERAL,15,SCHEDULE SALARY ADJUSTMENTS,17409,17409,10829
LOCAL,0100,CORPORATE FUND,3,IG,2005,OFFICE OF INSPECTOR GENERAL,130,POSTAGE,820,820,820
LOCAL,0100,CORPORATE FUND,3,IG,2005,OFFICE OF INSPECTOR GENERAL,138,IT MAINTENANCE,29873,29873,29873
LOCAL,0100,CORPORATE FUND,3,IG,2005,OFFICE OF INSPECTOR GENERAL,140,PROFESSIONAL AND TECHNICAL SERVICES,105664,105664,105664
LOCAL,0100,CORPORATE FUND,3,IG,2005,OFFICE OF INSPECTOR GENERAL,149,SOFTWARE MAINTENANCE AND LICENSING,14754,14754,14754
LOCAL,0100,CORPORATE FUND,3,IG,2005,OFFICE OF INSPECTOR GENERAL,154,RENTAL-DATA HARDWARE EQ,15845,15845,15845
LOCAL,0100,CORPORATE FUND,3,IG,2005,OFFICE OF INSPECTOR GENERAL,157,RENTAL EQUIPMENT AND SERVICES,16235,16235,16235
LOCAL,0100,CORPORATE FUND,3,IG,2005,OFFICE OF INSPECTOR GENERAL,159,LEASE/PURCHASE EQUIPMENT,3384,3384,3540
LOCAL,0100,CORPORATE FUND,3,IG,2005,OFFICE OF INSPECTOR GENERAL,162,REPAIR/MAINT EQUIPMENT,1487,1487,815
LOCAL,0100,CORPORATE FUND,3,IG,2005,OFFICE OF INSPECTOR GENERAL,166,DUES  SUBSC & MEM,760,760,760
LOCAL,0100,CORPORATE FUND,3,IG,2005,OFFICE OF INSPECTOR GENERAL,169,TECHNICAL MEETING COSTS,44773,44773,44773
LOCAL,0100,CORPORATE FUND,3,IG,2005,OFFICE OF INSPECTOR GENERAL,181,MOBILE COMMUNICATION SERVICES,25187,25187,15233
LOCAL,0100,CORPORATE FUND,3,IG,2005,OFFICE OF INSPECTOR GENERAL,189,TELEPHONE - NON-CENTREX BILLINGS,70208,70208,70208
LOCAL,0100,CORPORATE FUND,3,IG,2005,OFFICE OF INSPECTOR GENERAL,245,REIMBURSEMENT TO TRAVELERS,558,558,558
LOCAL,0100,CORPORATE FUND,3,IG,2005,OFFICE OF INSPECTOR GENERAL,270,LOCAL TRANSPORTATION,3875,3875,3875
LOCAL,0100,CORPORATE FUND,3,IG,2005,OFFICE OF INSPECTOR GENERAL,320,GASOLINE,1347,1347,1347
LOCAL,0100,CORPORATE FUND,3,IG,2005,OFFICE OF INSPECTOR GENERAL,340,MATERIAL AND SUPPLIES,6036,6036,2552
LOCAL,0100,CORPORATE FUND,3,IG,2005,OFFICE OF INSPECTOR GENERAL,348,BOOKS AND RELATED MATERIAL,2032,2032,2032
LOCAL,0100,CORPORATE FUND,3,IG,2005,OFFICE OF INSPECTOR GENERAL,350,STATIONERY AND OFFICE SUPPLIES,5092,5092,3842
LOCAL,0100,CORPORATE FUND,3,IG,2005,OFFICE OF INSPECTOR GENERAL,700,CONTINGENCIES,16616,16616,4283
LOCAL,0200,WATER FUND,3,IG,2005,OFFICE OF INSPECTOR GENERAL,5,SALARIES AND WAGES - ON PAYROLL,954172,954172,961720
LOCAL,0200,WATER FUND,3,IG,2005,OFFICE OF INSPECTOR GENERAL,15,SCHEDULE SALARY ADJUSTMENTS,7461,7461,4350
LOCAL,0200,WATER FUND,3,IG,2005,OFFICE OF INSPECTOR GENERAL,130,POSTAGE,683,683,683
LOCAL,0200,WATER FUND,3,IG,2005,OFFICE OF INSPECTOR GENERAL,138,IT MAINTENANCE,32929,32929,32929
LOCAL,0200,WATER FUND,3,IG,2005,OFFICE OF INSPECTOR GENERAL,140,PROFESSIONAL AND TECHNICAL SERVICES,40442,40442,40442
LOCAL,0200,WATER FUND,3,IG,2005,OFFICE OF INSPECTOR GENERAL,149,SOFTWARE MAINTENANCE AND LICENSING,13457,13457,13457
LOCAL,0200,WATER FUND,3,IG,2005,OFFICE OF INSPECTOR GENERAL,154,RENTAL-DATA HARDWARE EQ,10031,10031,10031
LOCAL,0200,WATER FUND,3,IG,2005,OFFICE OF INSPECTOR GENERAL,157,RENTAL EQUIPMENT AND SERVICES,21334,21334,21334
LOCAL,0200,WATER FUND,3,IG,2005,OFFICE OF INSPECTOR GENERAL,159,LEASE/PURCHASE EQUIPMENT,1345,1345,2437
LOCAL,0200,WATER FUND,3,IG,2005,OFFICE OF INSPECTOR GENERAL,162,REPAIR/MAINT EQUIPMENT,2424,2424,1332
LOCAL,0200,WATER FUND,3,IG,2005,OFFICE OF INSPECTOR GENERAL,166,DUES  SUBSC & MEM,2725,2725,2725
LOCAL,0200,WATER FUND,3,IG,2005,OFFICE OF INSPECTOR GENERAL,169,TECHNICAL MEETING COSTS,7854,7854,7854
LOCAL,0200,WATER FUND,3,IG,2005,OFFICE OF INSPECTOR GENERAL,181,MOBILE COMMUNICATION SERVICES,7501,7501,4501
LOCAL,0200,WATER FUND,3,IG,2005,OFFICE OF INSPECTOR GENERAL,189,TELEPHONE - NON-CENTREX BILLINGS,24062,24062,24062
LOCAL,0200,WATER FUND,3,IG,2005,OFFICE OF INSPECTOR GENERAL,245,REIMBURSEMENT TO TRAVELERS,558,558,558
LOCAL,0200,WATER FUND,3,IG,2005,OFFICE OF INSPECTOR GENERAL,270,LOCAL TRANSPORTATION,1615,1615,1615
LOCAL,0200,WATER FUND,3,IG,2005,OFFICE OF INSPECTOR GENERAL,320,GASOLINE,1132,1132,1132
LOCAL,0200,WATER FUND,3,IG,2005,OFFICE OF INSPECTOR GENERAL,340,MATERIAL AND SUPPLIES,3800,3800,1608
LOCAL,0200,WATER FUND,3,IG,2005,OFFICE OF INSPECTOR GENERAL,348,BOOKS AND RELATED MATERIAL,1082,1082,1082
LOCAL,0200,WATER FUND,3,IG,2005,OFFICE OF INSPECTOR GENERAL,350,STATIONERY AND OFFICE SUPPLIES,5748,5748,4498
LOCAL,0200,WATER FUND,3,IG,2005,OFFICE OF INSPECTOR GENERAL,700,CONTINGENCIES,10466,10466,16780
LOCAL,0314,SEWER FUND,3,IG,2005,OFFICE OF INSPECTOR GENERAL,5,SALARIES AND WAGES - ON PAYROLL,625901,625901,644757
LOCAL,0314,SEWER FUND,3,IG,2005,OFFICE OF INSPECTOR GENERAL,15,SCHEDULE SALARY ADJUSTMENTS,713,713,1980
LOCAL,0314,SEWER FUND,3,IG,2005,OFFICE OF INSPECTOR GENERAL,130,POSTAGE,519,519,519
LOCAL,0314,SEWER FUND,3,IG,2005,OFFICE OF INSPECTOR GENERAL,138,IT MAINTENANCE,11612,11612,11612
LOCAL,0314,SEWER FUND,3,IG,2005,OFFICE OF INSPECTOR GENERAL,140,PROFESSIONAL AND TECHNICAL SERVICES,34911,34911,34911
LOCAL,0314,SEWER FUND,3,IG,2005,OFFICE OF INSPECTOR GENERAL,149,SOFTWARE MAINTENANCE AND LICENSING,13432,13432,13432
LOCAL,0314,SEWER FUND,3,IG,2005,OFFICE OF INSPECTOR GENERAL,154,RENTAL-DATA HARDWARE EQ,9599,9599,9599
LOCAL,0314,SEWER FUND,3,IG,2005,OFFICE OF INSPECTOR GENERAL,157,RENTAL EQUIPMENT AND SERVICES,9359,9359,9359
LOCAL,0314,SEWER FUND,3,IG,2005,OFFICE OF INSPECTOR GENERAL,159,LEASE/PURCHASE EQUIPMENT,887,887,1917
LOCAL,0314,SEWER FUND,3,IG,2005,OFFICE OF INSPECTOR GENERAL,162,REPAIR/MAINT EQUIPMENT,2284,2284,1254
LOCAL,0314,SEWER FUND,3,IG,2005,OFFICE OF INSPECTOR GENERAL,166,DUES  SUBSC & MEM,1611,1611,1611
LOCAL,0314,SEWER FUND,3,IG,2005,OFFICE OF INSPECTOR GENERAL,169,TECHNICAL MEETING COSTS,11530,11530,11530
LOCAL,0314,SEWER FUND,3,IG,2005,OFFICE OF INSPECTOR GENERAL,181,MOBILE COMMUNICATION SERVICES,6768,6768,4061
LOCAL,0314,SEWER FUND,3,IG,2005,OFFICE OF INSPECTOR GENERAL,189,TELEPHONE - NON-CENTREX BILLINGS,19856,19856,19856
LOCAL,0314,SEWER FUND,3,IG,2005,OFFICE OF INSPECTOR GENERAL,245,REIMBURSEMENT TO TRAVELERS,558,558,558
LOCAL,0314,SEWER FUND,3,IG,2005,OFFICE OF INSPECTOR GENERAL,270,LOCAL TRANSPORTATION,1615,1615,1615
LOCAL,0314,SEWER FUND,3,IG,2005,OFFICE OF INSPECTOR GENERAL,320,GASOLINE,180,180,180
LOCAL,0314,SEWER FUND,3,IG,2005,OFFICE OF INSPECTOR GENERAL,340,MATERIAL AND SUPPLIES,3050,3050,1291
LOCAL,0314,SEWER FUND,3,IG,2005,OFFICE OF INSPECTOR GENERAL,348,BOOKS AND RELATED MATERIAL,1082,1082,1082
LOCAL,0314,SEWER FUND,3,IG,2005,OFFICE OF INSPECTOR GENERAL,350,STATIONERY AND OFFICE SUPPLIES,10009,10009,8759
LOCAL,0314,SEWER FUND,3,IG,2005,OFFICE OF INSPECTOR GENERAL,700,CONTINGENCIES,11523,11523,30024
LOCAL,0740,O HARE REVENUE FUND,3,IG,2005,OFFICE OF INSPECTOR GENERAL,5,SALARIES AND WAGES - ON PAYROLL,1133474,1133474,1150298
LOCAL,0740,O HARE REVENUE FUND,3,IG,2005,OFFICE OF INSPECTOR GENERAL,15,SCHEDULE SALARY ADJUSTMENTS,10885,10885,16077
LOCAL,0740,O HARE REVENUE FUND,3,IG,2005,OFFICE OF INSPECTOR GENERAL,20,OVERTIME,1000,1000,1000
LOCAL,0740,O HARE REVENUE FUND,3,IG,2005,OFFICE OF INSPECTOR GENERAL,130,POSTAGE,710,710,710
LOCAL,0740,O HARE REVENUE FUND,3,IG,2005,OFFICE OF INSPECTOR GENERAL,138,IT MAINTENANCE,11612,11612,11612
LOCAL,0740,O HARE REVENUE FUND,3,IG,2005,OFFICE OF INSPECTOR GENERAL,140,PROFESSIONAL AND TECHNICAL SERVICES,5729,5729,5729
LOCAL,0740,O HARE REVENUE FUND,3,IG,2005,OFFICE OF INSPECTOR GENERAL,149,SOFTWARE MAINTENANCE AND LICENSING,14141,14141,14141
LOCAL,0740,O HARE REVENUE FUND,3,IG,2005,OFFICE OF INSPECTOR GENERAL,154,RENTAL-DATA HARDWARE EQ,22257,22257,22257
LOCAL,0740,O HARE REVENUE FUND,3,IG,2005,OFFICE OF INSPECTOR GENERAL,157,RENTAL EQUIPMENT AND SERVICES,22584,22584,22584
LOCAL,0740,O HARE REVENUE FUND,3,IG,2005,OFFICE OF INSPECTOR GENERAL,159,LEASE/PURCHASE EQUIPMENT,3384,3384,1106
LOCAL,0740,O HARE REVENUE FUND,3,IG,2005,OFFICE OF INSPECTOR GENERAL,162,REPAIR/MAINT EQUIPMENT,1151,1151,165
LOCAL,0740,O HARE REVENUE FUND,3,IG,2005,OFFICE OF INSPECTOR GENERAL,166,DUES  SUBSC & MEM,1610,1610,1610
LOCAL,0740,O HARE REVENUE FUND,3,IG,2005,OFFICE OF INSPECTOR GENERAL,169,TECHNICAL MEETING COSTS,12843,12843,12843
LOCAL,0740,O HARE REVENUE FUND,3,IG,2005,OFFICE OF INSPECTOR GENERAL,181,MOBILE COMMUNICATION SERVICES,10544,10544,6205
LOCAL,0740,O HARE REVENUE FUND,3,IG,2005,OFFICE OF INSPECTOR GENERAL,189,TELEPHONE - NON-CENTREX BILLINGS,15258,15258,15258
LOCAL,0740,O HARE REVENUE FUND,3,IG,2005,OFFICE OF INSPECTOR GENERAL,245,REIMBURSEMENT TO TRAVELERS,558,558,558
LOCAL,0740,O HARE REVENUE FUND,3,IG,2005,OFFICE OF INSPECTOR GENERAL,270,LOCAL TRANSPORTATION,1615,1615,1615
LOCAL,0740,O HARE REVENUE FUND,3,IG,2005,OFFICE OF INSPECTOR GENERAL,320,GASOLINE,2562,2562,2562
LOCAL,0740,O HARE REVENUE FUND,3,IG,2005,OFFICE OF INSPECTOR GENERAL,340,MATERIAL AND SUPPLIES,4450,4450,1885
LOCAL,0740,O HARE REVENUE FUND,3,IG,2005,OFFICE OF INSPECTOR GENERAL,348,BOOKS AND RELATED MATERIAL,1082,1082,1082
LOCAL,0740,O HARE REVENUE FUND,3,IG,2005,OFFICE OF INSPECTOR GENERAL,350,STATIONERY AND OFFICE SUPPLIES,4162,4162,2912
LOCAL,0740,O HARE REVENUE FUND,3,IG,2005,OFFICE OF INSPECTOR GENERAL,700,CONTINGENCIES,13683,13683,1201
LOCAL,0100,CORPORATE FUND,5,OBM,2005,OBM,5,SALARIES AND WAGES - ON PAYROLL,1600458,1600458,2250546
LOCAL,0100,CORPORATE FUND,5,OBM,2005,OBM,15,SCHEDULE SALARY ADJUSTMENTS,5406,5406,8347
LOCAL,0100,CORPORATE FUND,5,OBM,2005,OBM,39,STUDENT AS TRAINEES,37500,37500,37500
LOCAL,0100,CORPORATE FUND,5,OBM,2005,OBM,130,POSTAGE,3200,3200,3200
LOCAL,0100,CORPORATE FUND,5,OBM,2005,OBM,140,PROFESSIONAL AND TECHNICAL SERVICES,4500,4500,4500
LOCAL,0100,CORPORATE FUND,5,OBM,2005,OBM,152,ADVERTISING,1000,1000,1000
LOCAL,0100,CORPORATE FUND,5,OBM,2005,OBM,157,RENTAL EQUIPMENT AND SERVICES,20000,20000,20000
LOCAL,0100,CORPORATE FUND,5,OBM,2005,OBM,169,TECHNICAL MEETING COSTS,1000,1000,1000
LOCAL,0100,CORPORATE FUND,5,OBM,2005,OBM,181,MOBILE COMMUNICATION SERVICES,4986,4986,4986
LOCAL,0100,CORPORATE FUND,5,OBM,2005,OBM,190,TELEPHONE - NON-CENTREX BILLINGS,10000,10000,10000
LOCAL,0100,CORPORATE FUND,5,OBM,2005,OBM,197,TELEPHONE - MAINTENANCE,4609,4609,4609
LOCAL,0100,CORPORATE FUND,5,OBM,2005,OBM,245,REIMBURSEMENT TO TRAVELERS,500,500,500
LOCAL,0100,CORPORATE FUND,5,OBM,2005,OBM,270,LOCAL TRANSPORTATION,500,500,500
LOCAL,0100,CORPORATE FUND,5,OBM,2005,OBM,348,BOOKS AND RELATED MATERIAL,400,400,400
LOCAL,0100,CORPORATE FUND,5,OBM,2005,OBM,350,STATIONERY AND OFFICE SUPPLIES,5400,5400,5400
LOCAL,0200,WATER FUND,5,OBM,2005,OBM,5,SALARIES AND WAGES - ON PAYROLL,115740,115740,121644
LOCAL,0B21,TIF ADMINISTRATION,5,OBM,2005,OBM,5,SALARIES AND WAGES - ON PAYROLL,165525,165525,145673
LOCAL,0B21,TIF ADMINISTRATION,5,OBM,2005,OBM,15,SCHEDULE SALARY ADJUSTMENTS,1452,1452,1794
LOCAL,0100,CORPORATE FUND,6,DOIT,2005,DOIT,5,SALARIES AND WAGES - ON PAYROLL,8372489,8372489,8579580
LOCAL,0100,CORPORATE FUND,6,DOIT,2005,DOIT,11,CONTRACT WAGE - SALARY,8155,8155,7583
LOCAL,0100,CORPORATE FUND,6,DOIT,2005,DOIT,15,SCHEDULE SALARY ADJUSTMENTS,27529,27529,13449
LOCAL,0100,CORPORATE FUND,6,DOIT,2005,DOIT,130,POSTAGE,2000,2000,1428
LOCAL,0100,CORPORATE FUND,6,DOIT,2005,DOIT,138,IT MAINTENANCE,7461060,7461060,2009740
LOCAL,0100,CORPORATE FUND,6,DOIT,2005,DOIT,149,SOFTWARE MAINTENANCE AND LICENSING,6672658,6672658,5622806
LOCAL,0100,CORPORATE FUND,6,DOIT,2005,DOIT,162,REPAIR/MAINT EQUIPMENT,815791,815791,730006
LOCAL,0100,CORPORATE FUND,6,DOIT,2005,DOIT,166,DUES  SUBSC & MEM,1328,1328,1216
LOCAL,0100,CORPORATE FUND,6,DOIT,2005,DOIT,169,TECHNICAL MEETING COSTS,31672,31672,27476
LOCAL,0100,CORPORATE FUND,6,DOIT,2005,DOIT,181,MOBILE COMMUNICATION SERVICES,2470802,2470802,36400
LOCAL,0100,CORPORATE FUND,6,DOIT,2005,DOIT,190,TELEPHONE - NON-CENTREX BILLINGS,433726,433726,34969
LOCAL,0100,CORPORATE FUND,6,DOIT,2005,DOIT,196,DATA CIRCUITS,788318,788318,758527
LOCAL,0100,CORPORATE FUND,6,DOIT,2005,DOIT,197,TELEPHONE - MAINTENANCE,14282,14282,13742
LOCAL,0100,CORPORATE FUND,6,DOIT,2005,DOIT,245,REIMBURSEMENT TO TRAVELERS,3029,3029,3500
LOCAL,0100,CORPORATE FUND,6,DOIT,2005,DOIT,270,LOCAL TRANSPORTATION,865,865,1000
LOCAL,0100,CORPORATE FUND,6,DOIT,2005,DOIT,340,MATERIAL AND SUPPLIES,16768,16768,16243
LOCAL,0100,CORPORATE FUND,6,DOIT,2005,DOIT,348,BOOKS AND RELATED MATERIAL,2596,2596,3000
LOCAL,0100,CORPORATE FUND,6,DOIT,2005,DOIT,350,STATIONERY AND OFFICE SUPPLIES,8221,8221,7500
LOCAL,0200,WATER FUND,6,DOIT,2005,DOIT,138,IT MAINTENANCE,1166000,1166000,1234000
LOCAL,0200,WATER FUND,6,DOIT,2005,DOIT,139,IT DEVELOPMENT,1100000,1100000,1000000
LOCAL,0200,WATER FUND,6,DOIT,2005,DOIT,140,PROFESSIONAL AND TECHNICAL SERVICES,4088391,4088391,4088393
LOCAL,0200,WATER FUND,6,DOIT,2005,DOIT,149,SOFTWARE MAINTENANCE AND LICENSING,113300,113300,123827
LOCAL,0200,WATER FUND,6,DOIT,2005,DOIT,197,TELEPHONE - MAINTENANCE,21593,21593,21593
LOCAL,0346,LIBRARY FUND,6,DOIT,2005,DOIT,5,SALARIES AND WAGES - ON PAYROLL,1144174,1144174,1150906
LOCAL,0346,LIBRARY FUND,6,DOIT,2005,DOIT,11,CONTRACT WAGE - SALARY,4262,4262,4219
LOCAL,0346,LIBRARY FUND,6,DOIT,2005,DOIT,15,SCHEDULE SALARY ADJUSTMENTS,4500,4500,2742
LOCAL,0100,CORPORATE FUND,15,CITY COUNCIL,2005,CITY COUNCIL,5,SALARIES AND WAGES - ON PAYROLL,6350737,6350737,6336966
LOCAL,0100,CORPORATE FUND,15,CITY COUNCIL,2005,CITY COUNCIL,17,CITY COUNCIL - SALARIED EMPLOYEES,8824000,8824000,9088720
LOCAL,0100,CORPORATE FUND,15,CITY COUNCIL,2005,CITY COUNCIL,39,STUDENT AS TRAINEES,140000,140000,140000
LOCAL,0100,CORPORATE FUND,15,CITY COUNCIL,2005,CITY COUNCIL,181,MOBILE COMMUNICATION SERVICES,1350,1350,1350
LOCAL,0100,CORPORATE FUND,15,CITY COUNCIL,2005,CITY COUNCIL,190,TELEPHONE - NON-CENTREX BILLINGS,66000,66000,66000
LOCAL,0100,CORPORATE FUND,15,CITY COUNCIL,2005,CITY COUNCIL,197,TELEPHONE - MAINTENANCE,2800,2800,2800
LOCAL,0100,CORPORATE FUND,15,CITY COUNCIL,2005,CITY COUNCIL,245,REIMBURSEMENT TO TRAVELERS,1000,1000,1000
LOCAL,0100,CORPORATE FUND,15,CITY COUNCIL,2005,CITY COUNCIL,700,CONTINGENCIES,43000,43000,43000
LOCAL,0100,CORPORATE FUND,15,CITY COUNCIL,2005,CITY COUNCIL,982,RECOGNITION FOR HEROSIM,1000,1000,1000
LOCAL,0100,CORPORATE FUND,15,CITY COUNCIL,2005,CITY COUNCIL,9008,TEXT FILE - EXTRA LONG,4850000,4850000,4850000
LOCAL,0100,CORPORATE FUND,15,CITY COUNCIL,2005,CITY COUNCIL,9010,TEXT FILE - EXTRA LONG,92072,92072,92072
LOCAL,0100,CORPORATE FUND,15,CITY COUNCIL,2005,CITY COUNCIL,9072,TEXT FILE - EXTRA LONG,4000,4000,4000
LOCAL,0100,CORPORATE FUND,15,CITY COUNCIL,2010,COMMITTEE ON FINANCE,3,SCHEDULED WAGE ADJUSTMENTS,0,0,40224
LOCAL,0100,CORPORATE FUND,15,CITY COUNCIL,2010,COMMITTEE ON FINANCE,5,SALARIES AND WAGES - ON PAYROLL,1765784,1765784,1769640
LOCAL,0100,CORPORATE FUND,15,CITY COUNCIL,2010,COMMITTEE ON FINANCE,130,POSTAGE,16000,16000,16000
LOCAL,0100,CORPORATE FUND,15,CITY COUNCIL,2010,COMMITTEE ON FINANCE,140,PROFESSIONAL AND TECHNICAL SERVICES,12500,12500,12500
LOCAL,0100,CORPORATE FUND,15,CITY COUNCIL,2010,COMMITTEE ON FINANCE,143,COURT REPORTING,20000,20000,20000
LOCAL,0100,CORPORATE FUND,15,CITY COUNCIL,2010,COMMITTEE ON FINANCE,157,RENTAL EQUIPMENT AND SERVICES,65000,65000,65000
LOCAL,0100,CORPORATE FUND,15,CITY COUNCIL,2010,COMMITTEE ON FINANCE,166,DUES  SUBSC & MEM,2000,2000,2000
LOCAL,0100,CORPORATE FUND,15,CITY COUNCIL,2010,COMMITTEE ON FINANCE,169,TECHNICAL MEETING COSTS,2500,2500,2500
LOCAL,0100,CORPORATE FUND,15,CITY COUNCIL,2010,COMMITTEE ON FINANCE,190,TELEPHONE - NON-CENTREX BILLINGS,19000,19000,19000
LOCAL,0100,CORPORATE FUND,15,CITY COUNCIL,2010,COMMITTEE ON FINANCE,197,TELEPHONE - MAINTENANCE,1400,1400,1400
LOCAL,0100,CORPORATE FUND,15,CITY COUNCIL,2010,COMMITTEE ON FINANCE,229,TRANSPORTATION AND EXPENSE ALLOWANCE,8000,8000,8000
LOCAL,0100,CORPORATE FUND,15,CITY COUNCIL,2010,COMMITTEE ON FINANCE,340,MATERIAL AND SUPPLIES,3500,3500,3500
LOCAL,0100,CORPORATE FUND,15,CITY COUNCIL,2010,COMMITTEE ON FINANCE,348,BOOKS AND RELATED MATERIAL,3000,3000,3000
LOCAL,0100,CORPORATE FUND,15,CITY COUNCIL,2010,COMMITTEE ON FINANCE,350,STATIONERY AND OFFICE SUPPLIES,45000,45000,45000
LOCAL,0100,CORPORATE FUND,15,CITY COUNCIL,2010,COMMITTEE ON FINANCE,700,CONTINGENCIES,100,100,100
LOCAL,0100,CORPORATE FUND,15,CITY COUNCIL,2010,COMMITTEE ON FINANCE,9005,LEGAL FEES - COMMITTE ON FINANCE,50000,50000,50000
LOCAL,0100,CORPORATE FUND,15,CITY COUNCIL,2010,COMMITTEE ON FINANCE,9006,LEGAL ASSISTANCE - COMMITTEE ON FINANCE,50000,50000,50000
LOCAL,0100,CORPORATE FUND,15,CITY COUNCIL,2010,COMMITTEE ON FINANCE,9010,TEXT FILE - EXTRA LONG,92500,92500,92500
LOCAL,0100,CORPORATE FUND,15,CITY COUNCIL,2012,COFA,5,SALARIES AND WAGES - ON PAYROLL,258924,258924,258924
LOCAL,0100,CORPORATE FUND,15,CITY COUNCIL,2012,COFA,700,CONTINGENCIES,25000,25000,25000
LOCAL,0100,CORPORATE FUND,15,CITY COUNCIL,2015,LEGISLATIVE INSPECTOR GENERAL,120,CON. SVS. FOR THE LIG,171000,171000,171000
LOCAL,0100,CORPORATE FUND,15,CITY COUNCIL,2015,LEGISLATIVE INSPECTOR GENERAL,137,CON. SVS. UNDER DIRECTOR OF LIG,183000,183000,183000
LOCAL,0100,CORPORATE FUND,15,CITY COUNCIL,2214,COMMITTEE ON BUDGET/GOVNTL OPS,0,PERSONNEL SERVICES,468750,468750,482812
LOCAL,0100,CORPORATE FUND,15,CITY COUNCIL,2214,COMMITTEE ON BUDGET/GOVNTL OPS,100,CONTRACTUAL SERVICES,15000,15000,15000
LOCAL,0100,CORPORATE FUND,15,CITY COUNCIL,2214,COMMITTEE ON BUDGET/GOVNTL OPS,300,COMMODITIES AND MATERIALS,12000,12000,12000
LOCAL,0100,CORPORATE FUND,15,CITY COUNCIL,2214,COMMITTEE ON BUDGET/GOVNTL OPS,400,EQUIPMENT,9500,9500,9500
LOCAL,0100,CORPORATE FUND,15,CITY COUNCIL,2214,COMMITTEE ON BUDGET/GOVNTL OPS,700,CONTINGENCIES,15000,15000,15000
LOCAL,0100,CORPORATE FUND,15,CITY COUNCIL,2220,COMMITTEE ON AVIATION,0,PERSONNEL SERVICES,102843,102843,105928
LOCAL,0100,CORPORATE FUND,15,CITY COUNCIL,2220,COMMITTEE ON AVIATION,100,CONTRACTUAL SERVICES,200,200,200
LOCAL,0100,CORPORATE FUND,15,CITY COUNCIL,2220,COMMITTEE ON AVIATION,300,COMMODITIES AND MATERIALS,500,500,500
LOCAL,0100,CORPORATE FUND,15,CITY COUNCIL,2220,COMMITTEE ON AVIATION,700,CONTINGENCIES,750,750,750
LOCAL,0100,CORPORATE FUND,15,CITY COUNCIL,2225,COMMITTEE ON LICENSES,0,PERSONNEL SERVICES,102081,102081,105143
LOCAL,0100,CORPORATE FUND,15,CITY COUNCIL,2225,COMMITTEE ON LICENSES,100,CONTRACTUAL SERVICES,7500,7500,7500
LOCAL,0100,CORPORATE FUND,15,CITY COUNCIL,2225,COMMITTEE ON LICENSES,300,COMMODITIES AND MATERIALS,10500,10500,10500
LOCAL,0100,CORPORATE FUND,15,CITY COUNCIL,2235,COMMITTEE ON PUBLIC SAFETY,0,PERSONNEL SERVICES,151680,151680,151680
LOCAL,0100,CORPORATE FUND,15,CITY COUNCIL,2235,COMMITTEE ON PUBLIC SAFETY,100,CONTRACTUAL SERVICES,1000,1000,1000
LOCAL,0100,CORPORATE FUND,15,CITY COUNCIL,2235,COMMITTEE ON PUBLIC SAFETY,300,COMMODITIES AND MATERIALS,1000,1000,1000
LOCAL,0100,CORPORATE FUND,15,CITY COUNCIL,2235,COMMITTEE ON PUBLIC SAFETY,700,CONTINGENCIES,500,500,500
LOCAL,0100,CORPORATE FUND,15,CITY COUNCIL,2240,COMM ON HEALTH AND ENVIRONMENT,0,PERSONNEL SERVICES,87670,87670,90300
LOCAL,0100,CORPORATE FUND,15,CITY COUNCIL,2240,COMM ON HEALTH AND ENVIRONMENT,100,CONTRACTUAL SERVICES,200,200,200
LOCAL,0100,CORPORATE FUND,15,CITY COUNCIL,2240,COMM ON HEALTH AND ENVIRONMENT,300,COMMODITIES AND MATERIALS,800,800,800
LOCAL,0100,CORPORATE FUND,15,CITY COUNCIL,2240,COMM ON HEALTH AND ENVIRONMENT,700,CONTINGENCIES,500,500,500
LOCAL,0100,CORPORATE FUND,15,CITY COUNCIL,2245,COMMITTEE ON COMMT RULES ETHIC,0,PERSONNEL SERVICES,100008,100008,103008
LOCAL,0100,CORPORATE FUND,15,CITY COUNCIL,2245,COMMITTEE ON COMMT RULES ETHIC,100,CONTRACTUAL SERVICES,40000,40000,40000
LOCAL,0100,CORPORATE FUND,15,CITY COUNCIL,2245,COMMITTEE ON COMMT RULES ETHIC,300,COMMODITIES AND MATERIALS,500,500,500
LOCAL,0100,CORPORATE FUND,15,CITY COUNCIL,2255,COMM ON ECONOMIC/CAPITAL/TECH,0,PERSONNEL SERVICES,97635,97635,100564
LOCAL,0100,CORPORATE FUND,15,CITY COUNCIL,2255,COMM ON ECONOMIC/CAPITAL/TECH,100,CONTRACTUAL SERVICES,1000,1000,1000
LOCAL,0100,CORPORATE FUND,15,CITY COUNCIL,2255,COMM ON ECONOMIC/CAPITAL/TECH,300,COMMODITIES AND MATERIALS,500,500,500
LOCAL,0100,CORPORATE FUND,15,CITY COUNCIL,2255,COMM ON ECONOMIC/CAPITAL/TECH,700,CONTINGENCIES,1000,1000,1000
LOCAL,0100,CORPORATE FUND,15,CITY COUNCIL,2260,COMMITTEE ON EDUCATION & CHILD,0,PERSONNEL SERVICES,155609,155609,260377
LOCAL,0100,CORPORATE FUND,15,CITY COUNCIL,2260,COMMITTEE ON EDUCATION & CHILD,100,CONTRACTUAL SERVICES,3000,3000,3000
LOCAL,0100,CORPORATE FUND,15,CITY COUNCIL,2260,COMMITTEE ON EDUCATION & CHILD,700,CONTINGENCIES,2000,2000,2000
LOCAL,0100,CORPORATE FUND,15,CITY COUNCIL,2275,COMM ON ZONING/LANDMARK/BUILD,0,PERSONNEL SERVICES,305134,305134,314288
LOCAL,0100,CORPORATE FUND,15,CITY COUNCIL,2275,COMM ON ZONING/LANDMARK/BUILD,100,CONTRACTUAL SERVICES,5300,5300,5300
LOCAL,0100,CORPORATE FUND,15,CITY COUNCIL,2275,COMM ON ZONING/LANDMARK/BUILD,300,COMMODITIES AND MATERIALS,74700,74700,74700
LOCAL,0100,CORPORATE FUND,15,CITY COUNCIL,2280,COMMITTEE ON HOUSING AND RE,0,PERSONNEL SERVICES,192406,192406,194278
LOCAL,0100,CORPORATE FUND,15,CITY COUNCIL,2280,COMMITTEE ON HOUSING AND RE,300,COMMODITIES AND MATERIALS,400,400,8000
LOCAL,0100,CORPORATE FUND,15,CITY COUNCIL,2286,COMMITTEE ON HUMAN RELATIONS,0,PERSONNEL SERVICES,88098,88098,90741
LOCAL,0100,CORPORATE FUND,15,CITY COUNCIL,2286,COMMITTEE ON HUMAN RELATIONS,300,COMMODITIES AND MATERIALS,1000,1000,1000
LOCAL,0100,CORPORATE FUND,15,CITY COUNCIL,2290,COMMITTEE ON WORKFORCE DEV,0,PERSONNEL SERVICES,479312,479312,493691
LOCAL,0100,CORPORATE FUND,15,CITY COUNCIL,2290,COMMITTEE ON WORKFORCE DEV,100,CONTRACTUAL SERVICES,30000,30000,30000
LOCAL,0100,CORPORATE FUND,15,CITY COUNCIL,2290,COMMITTEE ON WORKFORCE DEV,300,COMMODITIES AND MATERIALS,5000,5000,5000
LOCAL,0100,CORPORATE FUND,15,CITY COUNCIL,2295,LEGISLATIVE REFERENCE BUREAU,0,PERSONNEL SERVICES,282081,282081,357543
LOCAL,0100,CORPORATE FUND,15,CITY COUNCIL,2295,LEGISLATIVE REFERENCE BUREAU,300,COMMODITIES AND MATERIALS,4000,4000,4000
LOCAL,0300,VEHICLE FUND,15,CITY COUNCIL,2230,COMMITTEE ON TRANSPORTATION,0,PERSONNEL SERVICES,416667,416667,429167
LOCAL,0300,VEHICLE FUND,15,CITY COUNCIL,2230,COMMITTEE ON TRANSPORTATION,9000,PURPOSES AS SPECIFIED,16387,16387,16387
LOCAL,0300,VEHICLE FUND,15,CITY COUNCIL,2265,COMM ON PEDESTRIAN AND TRAFFIC,0,PERSONNEL SERVICES,232609,232609,239587
LOCAL,0300,VEHICLE FUND,15,CITY COUNCIL,2265,COMM ON PEDESTRIAN AND TRAFFIC,300,COMMODITIES AND MATERIALS,5000,5000,5000
LOCAL,0355,SPECIAL EVENTS / MUNICIPAL HOTEL T/F,15,CITY COUNCIL,2155,COMM ON SP EVENTS/CULT AFF/REC,0,PERSONNEL SERVICES,146000,146000,150380
LOCAL,0355,SPECIAL EVENTS / MUNICIPAL HOTEL T/F,15,CITY COUNCIL,2155,COMM ON SP EVENTS/CULT AFF/REC,300,COMMODITIES AND MATERIALS,8720,8720,8720
LOCAL,0355,SPECIAL EVENTS / MUNICIPAL HOTEL T/F,23,DCASE,2015,CULTURAL AFFAIRS SPECIAL EVENT,5,SALARIES AND WAGES - ON PAYROLL,6300195,6300195,6253251
LOCAL,0355,SPECIAL EVENTS / MUNICIPAL HOTEL T/F,23,DCASE,2015,CULTURAL AFFAIRS SPECIAL EVENT,11,CONTRACT WAGE - SALARY,693,693,1209
LOCAL,0355,SPECIAL EVENTS / MUNICIPAL HOTEL T/F,23,DCASE,2015,CULTURAL AFFAIRS SPECIAL EVENT,15,SCHEDULE SALARY ADJUSTMENTS,35366,35366,31202
LOCAL,0355,SPECIAL EVENTS / MUNICIPAL HOTEL T/F,23,DCASE,2015,CULTURAL AFFAIRS SPECIAL EVENT,39,STUDENT AS TRAINEES,100000,100000,100000
LOCAL,0355,SPECIAL EVENTS / MUNICIPAL HOTEL T/F,23,DCASE,2015,CULTURAL AFFAIRS SPECIAL EVENT,125,OFFICE AND BUILDING SERVICES,25000,25000,25000
LOCAL,0355,SPECIAL EVENTS / MUNICIPAL HOTEL T/F,23,DCASE,2015,CULTURAL AFFAIRS SPECIAL EVENT,130,POSTAGE,45000,45000,45000
LOCAL,0355,SPECIAL EVENTS / MUNICIPAL HOTEL T/F,23,DCASE,2015,CULTURAL AFFAIRS SPECIAL EVENT,135,DELEGATE AGENCIES,742000,742000,742000
LOCAL,0355,SPECIAL EVENTS / MUNICIPAL HOTEL T/F,23,DCASE,2015,CULTURAL AFFAIRS SPECIAL EVENT,138,IT MAINTENANCE,66000,66000,71550
LOCAL,0355,SPECIAL EVENTS / MUNICIPAL HOTEL T/F,23,DCASE,2015,CULTURAL AFFAIRS SPECIAL EVENT,140,PROFESSIONAL AND TECHNICAL SERVICES,1250000,1250000,1250000
LOCAL,0355,SPECIAL EVENTS / MUNICIPAL HOTEL T/F,23,DCASE,2015,CULTURAL AFFAIRS SPECIAL EVENT,150,PUBLICATN & REPRODT-OUT,171000,171000,153900
LOCAL,0355,SPECIAL EVENTS / MUNICIPAL HOTEL T/F,23,DCASE,2015,CULTURAL AFFAIRS SPECIAL EVENT,152,ADVERTISING,84500,84500,84500
LOCAL,0355,SPECIAL EVENTS / MUNICIPAL HOTEL T/F,23,DCASE,2015,CULTURAL AFFAIRS SPECIAL EVENT,153,PROMOTIONS,12000,12000,12000
LOCAL,0355,SPECIAL EVENTS / MUNICIPAL HOTEL T/F,23,DCASE,2015,CULTURAL AFFAIRS SPECIAL EVENT,159,LEASE/PURCHASE EQUIPMENT,65500,65500,33324
LOCAL,0355,SPECIAL EVENTS / MUNICIPAL HOTEL T/F,23,DCASE,2015,CULTURAL AFFAIRS SPECIAL EVENT,166,DUES  SUBSC & MEM,61500,61500,39500
LOCAL,0355,SPECIAL EVENTS / MUNICIPAL HOTEL T/F,23,DCASE,2015,CULTURAL AFFAIRS SPECIAL EVENT,172,INSURANCE PREMIUMS,393000,393000,404750
LOCAL,0355,SPECIAL EVENTS / MUNICIPAL HOTEL T/F,23,DCASE,2015,CULTURAL AFFAIRS SPECIAL EVENT,181,MOBILE COMMUNICATION SERVICES,14400,14400,14520
LOCAL,0355,SPECIAL EVENTS / MUNICIPAL HOTEL T/F,23,DCASE,2015,CULTURAL AFFAIRS SPECIAL EVENT,189,TELEPHONE - NON-CENTREX BILLINGS,28200,28200,35600
LOCAL,0355,SPECIAL EVENTS / MUNICIPAL HOTEL T/F,23,DCASE,2015,CULTURAL AFFAIRS SPECIAL EVENT,190,TELEPHONE - NON-CENTREX BILLINGS,66500,66500,66400
LOCAL,0355,SPECIAL EVENTS / MUNICIPAL HOTEL T/F,23,DCASE,2015,CULTURAL AFFAIRS SPECIAL EVENT,191,TELEPHONE - RELOCATIONS,25000,25000,25000
LOCAL,0355,SPECIAL EVENTS / MUNICIPAL HOTEL T/F,23,DCASE,2015,CULTURAL AFFAIRS SPECIAL EVENT,197,TELEPHONE - MAINTENANCE,17000,17000,17000
LOCAL,0355,SPECIAL EVENTS / MUNICIPAL HOTEL T/F,23,DCASE,2015,CULTURAL AFFAIRS SPECIAL EVENT,229,TRANSPORTATION AND EXPENSE ALLOWANCE,4500,4500,4500
LOCAL,0355,SPECIAL EVENTS / MUNICIPAL HOTEL T/F,23,DCASE,2015,CULTURAL AFFAIRS SPECIAL EVENT,245,REIMBURSEMENT TO TRAVELERS,6000,6000,6000
LOCAL,0355,SPECIAL EVENTS / MUNICIPAL HOTEL T/F,23,DCASE,2015,CULTURAL AFFAIRS SPECIAL EVENT,340,MATERIAL AND SUPPLIES,50000,50000,50000
LOCAL,0355,SPECIAL EVENTS / MUNICIPAL HOTEL T/F,23,DCASE,2015,CULTURAL AFFAIRS SPECIAL EVENT,350,STATIONERY AND OFFICE SUPPLIES,45000,45000,45000
LOCAL,0355,SPECIAL EVENTS / MUNICIPAL HOTEL T/F,23,DCASE,2015,CULTURAL AFFAIRS SPECIAL EVENT,9188,MILLENNIUM PARK OPERATIONS,6195000,6195000,6680000
LOCAL,0355,SPECIAL EVENTS / MUNICIPAL HOTEL T/F,23,DCASE,2015,CULTURAL AFFAIRS SPECIAL EVENT,9219,IMPLEMENTATION OF CULTURAL PLAN,1250000,1250000,1250000
LOCAL,0355,SPECIAL EVENTS / MUNICIPAL HOTEL T/F,23,DCASE,2015,CULTURAL AFFAIRS SPECIAL EVENT,9288,MILLENNIUM PARK PROGRAMMING,190000,190000,165000
LOCAL,0355,SPECIAL EVENTS / MUNICIPAL HOTEL T/F,23,DCASE,2015,CULTURAL AFFAIRS SPECIAL EVENT,9803,FOR PROGRAMMING/MARKETG,2513690,2513690,2400741
LOCAL,0355,SPECIAL EVENTS / MUNICIPAL HOTEL T/F,23,DCASE,2015,CULTURAL AFFAIRS SPECIAL EVENT,9805,FOR FESTIVAL PRODUCTION,7353900,7353900,7025400
LOCAL,0355,SPECIAL EVENTS / MUNICIPAL HOTEL T/F,23,DCASE,2015,CULTURAL AFFAIRS SPECIAL EVENT,9807,FOR REDEMPTION EXPENSES,2019000,2019000,2019000
LOCAL,0355,SPECIAL EVENTS / MUNICIPAL HOTEL T/F,23,DCASE,2015,CULTURAL AFFAIRS SPECIAL EVENT,9813,LOCAL PROMOTION/MARKETG,998555,998555,853555
LOCAL,0100,CORPORATE FUND,25,CITY CLERK,2005,CITY CLERK,5,SALARIES AND WAGES - ON PAYROLL,2428468,2428468,2433802
LOCAL,0100,CORPORATE FUND,25,CITY CLERK,2005,CITY CLERK,11,CONTRACT WAGE - SALARY,5761,5761,6167
LOCAL,0100,CORPORATE FUND,25,CITY CLERK,2005,CITY CLERK,15,SCHEDULE SALARY ADJUSTMENTS,6895,6895,11761
LOCAL,0100,CORPORATE FUND,25,CITY CLERK,2005,CITY CLERK,20,OVERTIME,60000,60000,60000
LOCAL,0100,CORPORATE FUND,25,CITY CLERK,2005,CITY CLERK,130,POSTAGE,43740,43740,48545
LOCAL,0100,CORPORATE FUND,25,CITY CLERK,2005,CITY CLERK,140,PROFESSIONAL AND TECHNICAL SERVICES,251883,251883,251883
LOCAL,0100,CORPORATE FUND,25,CITY CLERK,2005,CITY CLERK,150,PUBLICATN & REPRODT-OUT,16238,16238,16238
LOCAL,0100,CORPORATE FUND,25,CITY CLERK,2005,CITY CLERK,152,ADVERTISING,30600,30600,30600
LOCAL,0100,CORPORATE FUND,25,CITY CLERK,2005,CITY CLERK,159,LEASE/PURCHASE EQUIPMENT,170028,170028,170028
LOCAL,0100,CORPORATE FUND,25,CITY CLERK,2005,CITY CLERK,162,REPAIR/MAINT EQUIPMENT,21455,21455,22075
LOCAL,0100,CORPORATE FUND,25,CITY CLERK,2005,CITY CLERK,190,TELEPHONE - NON-CENTREX BILLINGS,33400,33400,10688
LOCAL,0100,CORPORATE FUND,25,CITY CLERK,2005,CITY CLERK,197,TELEPHONE - MAINTENANCE,18300,18300,5856
LOCAL,0100,CORPORATE FUND,25,CITY CLERK,2005,CITY CLERK,340,MATERIAL AND SUPPLIES,15690,15690,15690
LOCAL,0100,CORPORATE FUND,25,CITY CLERK,2005,CITY CLERK,350,STATIONERY AND OFFICE SUPPLIES,40587,40587,40600
LOCAL,0300,VEHICLE FUND,25,CITY CLERK,2005,CITY CLERK,5,SALARIES AND WAGES - ON PAYROLL,3919875,3919875,3980978
LOCAL,0300,VEHICLE FUND,25,CITY CLERK,2005,CITY CLERK,11,CONTRACT WAGE - SALARY,12122,12122,10958
LOCAL,0300,VEHICLE FUND,25,CITY CLERK,2005,CITY CLERK,15,SCHEDULE SALARY ADJUSTMENTS,24636,24636,18021
LOCAL,0300,VEHICLE FUND,25,CITY CLERK,2005,CITY CLERK,20,OVERTIME,75000,75000,75000
LOCAL,0300,VEHICLE FUND,25,CITY CLERK,2005,CITY CLERK,39,STUDENT AS TRAINEES,100000,100000,100000
LOCAL,0300,VEHICLE FUND,25,CITY CLERK,2005,CITY CLERK,130,POSTAGE,823800,823800,932600
LOCAL,0300,VEHICLE FUND,25,CITY CLERK,2005,CITY CLERK,139,IT DEVELOPMENT,526521,526521,352800
LOCAL,0300,VEHICLE FUND,25,CITY CLERK,2005,CITY CLERK,140,PROFESSIONAL AND TECHNICAL SERVICES,789262,789262,849500
LOCAL,0300,VEHICLE FUND,25,CITY CLERK,2005,CITY CLERK,154,RENTAL-DATA HARDWARE EQ,16116,16116,18116
LOCAL,0300,VEHICLE FUND,25,CITY CLERK,2005,CITY CLERK,157,RENTAL EQUIPMENT AND SERVICES,23980,23980,32200
LOCAL,0300,VEHICLE FUND,25,CITY CLERK,2005,CITY CLERK,162,REPAIR/MAINT EQUIPMENT,28655,28655,25561
LOCAL,0300,VEHICLE FUND,25,CITY CLERK,2005,CITY CLERK,181,MOBILE COMMUNICATION SERVICES,21500,21500,21500
LOCAL,0300,VEHICLE FUND,25,CITY CLERK,2005,CITY CLERK,190,TELEPHONE - NON-CENTREX BILLINGS,0,0,22712
LOCAL,0300,VEHICLE FUND,25,CITY CLERK,2005,CITY CLERK,197,TELEPHONE - MAINTENANCE,0,0,12444
LOCAL,0300,VEHICLE FUND,25,CITY CLERK,2005,CITY CLERK,229,TRANSPORTATION AND EXPENSE ALLOWANCE,23940,23940,23940
LOCAL,0300,VEHICLE FUND,25,CITY CLERK,2005,CITY CLERK,338,LICENSE STICKER TAG AND PLATES,238350,238350,235645
LOCAL,0300,VEHICLE FUND,25,CITY CLERK,2005,CITY CLERK,340,MATERIAL AND SUPPLIES,5400,5400,5400
LOCAL,0300,VEHICLE FUND,25,CITY CLERK,2005,CITY CLERK,350,STATIONERY AND OFFICE SUPPLIES,176500,176500,175000
LOCAL,0300,VEHICLE FUND,25,CITY CLERK,2005,CITY CLERK,9438,REIMBURSEMENT - 2FM,36500,36500,30000
LOCAL,0100,CORPORATE FUND,27,FINANCE,2011,CITY COMPTROLLER,5,SALARIES AND WAGES - ON PAYROLL,2860929,2860929,2865203
LOCAL,0100,CORPORATE FUND,27,FINANCE,2011,CITY COMPTROLLER,11,CONTRACT WAGE - SALARY,6419,6419,6604
LOCAL,0100,CORPORATE FUND,27,FINANCE,2011,CITY COMPTROLLER,15,SCHEDULE SALARY ADJUSTMENTS,8816,8816,7214
LOCAL,0100,CORPORATE FUND,27,FINANCE,2011,CITY COMPTROLLER,20,OVERTIME,4700,4700,4700
LOCAL,0100,CORPORATE FUND,27,FINANCE,2011,CITY COMPTROLLER,140,PROFESSIONAL AND TECHNICAL SERVICES,38668,38668,38668
LOCAL,0100,CORPORATE FUND,27,FINANCE,2011,CITY COMPTROLLER,166,DUES  SUBSC & MEM,4615,4615,4615
LOCAL,0100,CORPORATE FUND,27,FINANCE,2011,CITY COMPTROLLER,169,TECHNICAL MEETING COSTS,985,985,885
LOCAL,0100,CORPORATE FUND,27,FINANCE,2011,CITY COMPTROLLER,181,MOBILE COMMUNICATION SERVICES,7885,7885,5000
LOCAL,0100,CORPORATE FUND,27,FINANCE,2011,CITY COMPTROLLER,270,LOCAL TRANSPORTATION,2651,2651,2386
LOCAL,0100,CORPORATE FUND,27,FINANCE,2011,CITY COMPTROLLER,348,BOOKS AND RELATED MATERIAL,200,200,100
LOCAL,0100,CORPORATE FUND,27,FINANCE,2011,CITY COMPTROLLER,350,STATIONERY AND OFFICE SUPPLIES,19800,19800,17820
LOCAL,0100,CORPORATE FUND,27,FINANCE,2012,ACCOUNTING FINANCIAL REPORTING,5,SALARIES AND WAGES - ON PAYROLL,3433406,3433406,4053055
LOCAL,0100,CORPORATE FUND,27,FINANCE,2012,ACCOUNTING FINANCIAL REPORTING,11,CONTRACT WAGE - SALARY,10966,10966,11452
LOCAL,0100,CORPORATE FUND,27,FINANCE,2012,ACCOUNTING FINANCIAL REPORTING,15,SCHEDULE SALARY ADJUSTMENTS,10432,10432,14571
LOCAL,0100,CORPORATE FUND,27,FINANCE,2012,ACCOUNTING FINANCIAL REPORTING,20,OVERTIME,10000,10000,9000
LOCAL,0100,CORPORATE FUND,27,FINANCE,2012,ACCOUNTING FINANCIAL REPORTING,140,PROFESSIONAL AND TECHNICAL SERVICES,124600,124600,124600
LOCAL,0100,CORPORATE FUND,27,FINANCE,2012,ACCOUNTING FINANCIAL REPORTING,142,ACCOUNTING AND AUDITING,603863,603863,583658
LOCAL,0100,CORPORATE FUND,27,FINANCE,2012,ACCOUNTING FINANCIAL REPORTING,150,PUBLICATN & REPRODT-OUT,14561,14561,13100
LOCAL,0100,CORPORATE FUND,27,FINANCE,2012,ACCOUNTING FINANCIAL REPORTING,166,DUES  SUBSC & MEM,1800,1800,1800
LOCAL,0100,CORPORATE FUND,27,FINANCE,2012,ACCOUNTING FINANCIAL REPORTING,169,TECHNICAL MEETING COSTS,7924,7924,7924
LOCAL,0100,CORPORATE FUND,27,FINANCE,2012,ACCOUNTING FINANCIAL REPORTING,190,TELEPHONE - NON-CENTREX BILLINGS,0,0,7000
LOCAL,0100,CORPORATE FUND,27,FINANCE,2012,ACCOUNTING FINANCIAL REPORTING,197,TELEPHONE - MAINTENANCE,0,0,1500
LOCAL,0100,CORPORATE FUND,27,FINANCE,2012,ACCOUNTING FINANCIAL REPORTING,245,REIMBURSEMENT TO TRAVELERS,3000,3000,3000
LOCAL,0100,CORPORATE FUND,27,FINANCE,2012,ACCOUNTING FINANCIAL REPORTING,348,BOOKS AND RELATED MATERIAL,600,600,600
LOCAL,0100,CORPORATE FUND,27,FINANCE,2012,ACCOUNTING FINANCIAL REPORTING,350,STATIONERY AND OFFICE SUPPLIES,16000,16000,14400
LOCAL,0100,CORPORATE FUND,27,FINANCE,2015,FINANCIAL STRATEGY AND OPS,5,SALARIES AND WAGES - ON PAYROLL,5514437,5514437,6028874
LOCAL,0100,CORPORATE FUND,27,FINANCE,2015,FINANCIAL STRATEGY AND OPS,11,CONTRACT WAGE - SALARY,11906,11906,12363
LOCAL,0100,CORPORATE FUND,27,FINANCE,2015,FINANCIAL STRATEGY AND OPS,15,SCHEDULE SALARY ADJUSTMENTS,21698,21698,20887
LOCAL,0100,CORPORATE FUND,27,FINANCE,2015,FINANCIAL STRATEGY AND OPS,39,STUDENT AS TRAINEES,40000,40000,40000
LOCAL,0100,CORPORATE FUND,27,FINANCE,2015,FINANCIAL STRATEGY AND OPS,130,POSTAGE,108771,108771,76989
LOCAL,0100,CORPORATE FUND,27,FINANCE,2015,FINANCIAL STRATEGY AND OPS,138,IT MAINTENANCE,100000,100000,55000
LOCAL,0100,CORPORATE FUND,27,FINANCE,2015,FINANCIAL STRATEGY AND OPS,140,PROFESSIONAL AND TECHNICAL SERVICES,19000,19000,19000
LOCAL,0100,CORPORATE FUND,27,FINANCE,2015,FINANCIAL STRATEGY AND OPS,149,SOFTWARE MAINTENANCE AND LICENSING,504300,504300,313756
LOCAL,0100,CORPORATE FUND,27,FINANCE,2015,FINANCIAL STRATEGY AND OPS,150,PUBLICATN & REPRODT-OUT,256750,256750,251302
LOCAL,0100,CORPORATE FUND,27,FINANCE,2015,FINANCIAL STRATEGY AND OPS,152,ADVERTISING,7800,7800,7300
LOCAL,0100,CORPORATE FUND,27,FINANCE,2015,FINANCIAL STRATEGY AND OPS,162,REPAIR/MAINT EQUIPMENT,36400,36400,37980
LOCAL,0100,CORPORATE FUND,27,FINANCE,2015,FINANCIAL STRATEGY AND OPS,166,DUES  SUBSC & MEM,6416,6416,6116
LOCAL,0100,CORPORATE FUND,27,FINANCE,2015,FINANCIAL STRATEGY AND OPS,169,TECHNICAL MEETING COSTS,7500,7500,7500
LOCAL,0100,CORPORATE FUND,27,FINANCE,2015,FINANCIAL STRATEGY AND OPS,178,FREIGHT AND EXPRESS CHARGES,4300,4300,4300
LOCAL,0100,CORPORATE FUND,27,FINANCE,2015,FINANCIAL STRATEGY AND OPS,245,REIMBURSEMENT TO TRAVELERS,3000,3000,4200
LOCAL,0100,CORPORATE FUND,27,FINANCE,2015,FINANCIAL STRATEGY AND OPS,340,MATERIAL AND SUPPLIES,53800,53800,53000
LOCAL,0100,CORPORATE FUND,27,FINANCE,2015,FINANCIAL STRATEGY AND OPS,348,BOOKS AND RELATED MATERIAL,2100,2100,2100
LOCAL,0100,CORPORATE FUND,27,FINANCE,2015,FINANCIAL STRATEGY AND OPS,350,STATIONERY AND OFFICE SUPPLIES,33000,33000,29700
LOCAL,0100,CORPORATE FUND,27,FINANCE,2015,FINANCIAL STRATEGY AND OPS,440,MACHINERY AND EQUIPMENT,90000,90000,90000
LOCAL,0100,CORPORATE FUND,27,FINANCE,2020,REVENUE SERVICES AND OPERATION,5,SALARIES AND WAGES - ON PAYROLL,22452995,22452995,23361465
LOCAL,0100,CORPORATE FUND,27,FINANCE,2020,REVENUE SERVICES AND OPERATION,11,CONTRACT WAGE - SALARY,42098,42098,44576
LOCAL,0100,CORPORATE FUND,27,FINANCE,2020,REVENUE SERVICES AND OPERATION,12,CONTRACT WAGE - PREVAILING RATE,28524,28524,31187
LOCAL,0100,CORPORATE FUND,27,FINANCE,2020,REVENUE SERVICES AND OPERATION,15,SCHEDULE SALARY ADJUSTMENTS,77186,77186,100893
LOCAL,0100,CORPORATE FUND,27,FINANCE,2020,REVENUE SERVICES AND OPERATION,20,OVERTIME,33468,33468,17210
LOCAL,0100,CORPORATE FUND,27,FINANCE,2020,REVENUE SERVICES AND OPERATION,39,STUDENT AS TRAINEES,15000,15000,15000
LOCAL,0100,CORPORATE FUND,27,FINANCE,2020,REVENUE SERVICES AND OPERATION,91,UNIFORM ALLOWANCE,107500,107500,98875
LOCAL,0100,CORPORATE FUND,27,FINANCE,2020,REVENUE SERVICES AND OPERATION,130,POSTAGE,135427,135427,135427
LOCAL,0100,CORPORATE FUND,27,FINANCE,2020,REVENUE SERVICES AND OPERATION,138,IT MAINTENANCE,24777500,24777500,21105250
LOCAL,0100,CORPORATE FUND,27,FINANCE,2020,REVENUE SERVICES AND OPERATION,140,PROFESSIONAL AND TECHNICAL SERVICES,5170058,5170058,5409526
LOCAL,0100,CORPORATE FUND,27,FINANCE,2020,REVENUE SERVICES AND OPERATION,149,SOFTWARE MAINTENANCE AND LICENSING,54660,54660,50660
LOCAL,0100,CORPORATE FUND,27,FINANCE,2020,REVENUE SERVICES AND OPERATION,150,PUBLICATN & REPRODT-OUT,5000,5000,5000
LOCAL,0100,CORPORATE FUND,27,FINANCE,2020,REVENUE SERVICES AND OPERATION,152,ADVERTISING,3900,3900,2500
LOCAL,0100,CORPORATE FUND,27,FINANCE,2020,REVENUE SERVICES AND OPERATION,156,LOCK BOX RENTAL,6824,6824,6824
LOCAL,0100,CORPORATE FUND,27,FINANCE,2020,REVENUE SERVICES AND OPERATION,157,RENTAL EQUIPMENT AND SERVICES,16086,16086,13700
LOCAL,0100,CORPORATE FUND,27,FINANCE,2020,REVENUE SERVICES AND OPERATION,159,LEASE/PURCHASE EQUIPMENT,174722,174722,105000
LOCAL,0100,CORPORATE FUND,27,FINANCE,2020,REVENUE SERVICES AND OPERATION,162,REPAIR/MAINT EQUIPMENT,786381,786381,790881
LOCAL,0100,CORPORATE FUND,27,FINANCE,2020,REVENUE SERVICES AND OPERATION,169,TECHNICAL MEETING COSTS,9244,9244,9204
LOCAL,0100,CORPORATE FUND,27,FINANCE,2020,REVENUE SERVICES AND OPERATION,178,FREIGHT AND EXPRESS CHARGES,2020,2020,1930
LOCAL,0100,CORPORATE FUND,27,FINANCE,2020,REVENUE SERVICES AND OPERATION,179,MESSENGER SERVICES,50000,50000,40000
LOCAL,0100,CORPORATE FUND,27,FINANCE,2020,REVENUE SERVICES AND OPERATION,181,MOBILE COMMUNICATION SERVICES,235000,235000,376612
LOCAL,0100,CORPORATE FUND,27,FINANCE,2020,REVENUE SERVICES AND OPERATION,189,TELEPHONE - NON-CENTREX BILLINGS,11600,11600,15400
LOCAL,0100,CORPORATE FUND,27,FINANCE,2020,REVENUE SERVICES AND OPERATION,190,TELEPHONE - NON-CENTREX BILLINGS,182750,182750,168000
LOCAL,0100,CORPORATE FUND,27,FINANCE,2020,REVENUE SERVICES AND OPERATION,196,DATA CIRCUITS,64400,64400,65100
LOCAL,0100,CORPORATE FUND,27,FINANCE,2020,REVENUE SERVICES AND OPERATION,197,TELEPHONE - MAINTENANCE,136600,136600,116800
LOCAL,0100,CORPORATE FUND,27,FINANCE,2020,REVENUE SERVICES AND OPERATION,228,OUT OF TOWN TRAVEL FOR AUDITORS ONLY,3000,3000,2500
LOCAL,0100,CORPORATE FUND,27,FINANCE,2020,REVENUE SERVICES AND OPERATION,229,TRANSPORTATION AND EXPENSE ALLOWANCE,10000,10000,7500
LOCAL,0100,CORPORATE FUND,27,FINANCE,2020,REVENUE SERVICES AND OPERATION,339,REVENUE STAMPS,85400,85400,41850
LOCAL,0100,CORPORATE FUND,27,FINANCE,2020,REVENUE SERVICES AND OPERATION,348,BOOKS AND RELATED MATERIAL,300,300,270
LOCAL,0100,CORPORATE FUND,27,FINANCE,2020,REVENUE SERVICES AND OPERATION,350,STATIONERY AND OFFICE SUPPLIES,166154,166154,149539
LOCAL,0100,CORPORATE FUND,27,FINANCE,2020,REVENUE SERVICES AND OPERATION,421,MACHINERY AND EQUIPMENT,0,0,150000
LOCAL,0200,WATER FUND,27,FINANCE,2011,CITY COMPTROLLER,140,PROFESSIONAL AND TECHNICAL SERVICES,6552,6552,6552
LOCAL,0200,WATER FUND,27,FINANCE,2012,ACCOUNTING FINANCIAL REPORTING,5,SALARIES AND WAGES - ON PAYROLL,146464,146464,224217
LOCAL,0200,WATER FUND,27,FINANCE,2012,ACCOUNTING FINANCIAL REPORTING,11,CONTRACT WAGE - SALARY,1192,1192,1192
LOCAL,0200,WATER FUND,27,FINANCE,2015,FINANCIAL STRATEGY AND OPS,5,SALARIES AND WAGES - ON PAYROLL,235270,235270,236770
LOCAL,0200,WATER FUND,27,FINANCE,2015,FINANCIAL STRATEGY AND OPS,11,CONTRACT WAGE - SALARY,1238,1238,1245
LOCAL,0200,WATER FUND,27,FINANCE,2015,FINANCIAL STRATEGY AND OPS,154,RENTAL-DATA HARDWARE EQ,50000,50000,50000
LOCAL,0200,WATER FUND,27,FINANCE,2020,REVENUE SERVICES AND OPERATION,5,SALARIES AND WAGES - ON PAYROLL,2201238,2201238,2263378
LOCAL,0200,WATER FUND,27,FINANCE,2020,REVENUE SERVICES AND OPERATION,11,CONTRACT WAGE - SALARY,8588,8588,8833
LOCAL,0200,WATER FUND,27,FINANCE,2020,REVENUE SERVICES AND OPERATION,15,SCHEDULE SALARY ADJUSTMENTS,9987,9987,10880
LOCAL,0200,WATER FUND,27,FINANCE,2020,REVENUE SERVICES AND OPERATION,20,OVERTIME,6000,6000,4000
LOCAL,0200,WATER FUND,27,FINANCE,2020,REVENUE SERVICES AND OPERATION,125,OFFICE AND BUILDING SERVICES,2000,2000,2000
LOCAL,0200,WATER FUND,27,FINANCE,2020,REVENUE SERVICES AND OPERATION,130,POSTAGE,1161872,1161872,1078980
LOCAL,0200,WATER FUND,27,FINANCE,2020,REVENUE SERVICES AND OPERATION,140,PROFESSIONAL AND TECHNICAL SERVICES,4225838,4225838,3850426
LOCAL,0200,WATER FUND,27,FINANCE,2020,REVENUE SERVICES AND OPERATION,150,PUBLICATN & REPRODT-OUT,25000,25000,14960
LOCAL,0200,WATER FUND,27,FINANCE,2020,REVENUE SERVICES AND OPERATION,156,LOCK BOX RENTAL,1577,1577,1577
LOCAL,0200,WATER FUND,27,FINANCE,2020,REVENUE SERVICES AND OPERATION,159,LEASE/PURCHASE EQUIPMENT,17200,17200,18542
LOCAL,0200,WATER FUND,27,FINANCE,2020,REVENUE SERVICES AND OPERATION,179,MESSENGER SERVICES,495,495,445
LOCAL,0200,WATER FUND,27,FINANCE,2020,REVENUE SERVICES AND OPERATION,340,MATERIAL AND SUPPLIES,3525,3525,3400
LOCAL,0200,WATER FUND,27,FINANCE,2020,REVENUE SERVICES AND OPERATION,348,BOOKS AND RELATED MATERIAL,1400,1400,1400
LOCAL,0200,WATER FUND,27,FINANCE,2020,REVENUE SERVICES AND OPERATION,350,STATIONERY AND OFFICE SUPPLIES,30430,30430,27387
LOCAL,0200,WATER FUND,27,FINANCE,2020,REVENUE SERVICES AND OPERATION,9438,REIMBURSEMENT - 2FM,90260,90260,90260
LOCAL,0300,VEHICLE FUND,27,FINANCE,2015,FINANCIAL STRATEGY AND OPS,5,SALARIES AND WAGES - ON PAYROLL,488115,488115,503860
LOCAL,0300,VEHICLE FUND,27,FINANCE,2020,REVENUE SERVICES AND OPERATION,5,SALARIES AND WAGES - ON PAYROLL,437090,437090,461421
LOCAL,0300,VEHICLE FUND,27,FINANCE,2020,REVENUE SERVICES AND OPERATION,11,CONTRACT WAGE - SALARY,2268,2268,2378
LOCAL,0300,VEHICLE FUND,27,FINANCE,2020,REVENUE SERVICES AND OPERATION,130,POSTAGE,5600,5600,4500
LOCAL,0300,VEHICLE FUND,27,FINANCE,2020,REVENUE SERVICES AND OPERATION,350,STATIONERY AND OFFICE SUPPLIES,396,396,500
LOCAL,0300,VEHICLE FUND,27,FINANCE,2020,REVENUE SERVICES AND OPERATION,421,MACHINERY AND EQUIPMENT,0,0,600000
LOCAL,0314,SEWER FUND,27,FINANCE,2011,CITY COMPTROLLER,140,PROFESSIONAL AND TECHNICAL SERVICES,15675,15675,9100
LOCAL,0314,SEWER FUND,27,FINANCE,2015,FINANCIAL STRATEGY AND OPS,154,RENTAL-DATA HARDWARE EQ,50000,50000,50000
LOCAL,0610,MIDWAY AIRPORT FUND,27,FINANCE,2011,CITY COMPTROLLER,140,PROFESSIONAL AND TECHNICAL SERVICES,6552,6552,6552
LOCAL,0610,MIDWAY AIRPORT FUND,27,FINANCE,2012,ACCOUNTING FINANCIAL REPORTING,5,SALARIES AND WAGES - ON PAYROLL,166127,166127,169511
LOCAL,0610,MIDWAY AIRPORT FUND,27,FINANCE,2012,ACCOUNTING FINANCIAL REPORTING,11,CONTRACT WAGE - SALARY,842,842,858
LOCAL,0610,MIDWAY AIRPORT FUND,27,FINANCE,2012,ACCOUNTING FINANCIAL REPORTING,20,OVERTIME,1500,1500,1500
LOCAL,0610,MIDWAY AIRPORT FUND,27,FINANCE,2012,ACCOUNTING FINANCIAL REPORTING,39,STUDENT AS TRAINEES,5000,5000,5000
LOCAL,0610,MIDWAY AIRPORT FUND,27,FINANCE,2012,ACCOUNTING FINANCIAL REPORTING,130,POSTAGE,1410,1410,1000
LOCAL,0610,MIDWAY AIRPORT FUND,27,FINANCE,2012,ACCOUNTING FINANCIAL REPORTING,140,PROFESSIONAL AND TECHNICAL SERVICES,15000,15000,10000
LOCAL,0610,MIDWAY AIRPORT FUND,27,FINANCE,2012,ACCOUNTING FINANCIAL REPORTING,166,DUES  SUBSC & MEM,470,470,350
LOCAL,0610,MIDWAY AIRPORT FUND,27,FINANCE,2012,ACCOUNTING FINANCIAL REPORTING,169,TECHNICAL MEETING COSTS,470,470,420
LOCAL,0610,MIDWAY AIRPORT FUND,27,FINANCE,2012,ACCOUNTING FINANCIAL REPORTING,245,REIMBURSEMENT TO TRAVELERS,470,470,420
LOCAL,0610,MIDWAY AIRPORT FUND,27,FINANCE,2012,ACCOUNTING FINANCIAL REPORTING,270,LOCAL TRANSPORTATION,470,470,420
LOCAL,0610,MIDWAY AIRPORT FUND,27,FINANCE,2012,ACCOUNTING FINANCIAL REPORTING,348,BOOKS AND RELATED MATERIAL,282,282,254
LOCAL,0610,MIDWAY AIRPORT FUND,27,FINANCE,2012,ACCOUNTING FINANCIAL REPORTING,350,STATIONERY AND OFFICE SUPPLIES,856,856,770
LOCAL,0610,MIDWAY AIRPORT FUND,27,FINANCE,2015,FINANCIAL STRATEGY AND OPS,5,SALARIES AND WAGES - ON PAYROLL,162564,162564,169104
LOCAL,0610,MIDWAY AIRPORT FUND,27,FINANCE,2015,FINANCIAL STRATEGY AND OPS,11,CONTRACT WAGE - SALARY,812,812,845
LOCAL,0610,MIDWAY AIRPORT FUND,27,FINANCE,2015,FINANCIAL STRATEGY AND OPS,15,SCHEDULE SALARY ADJUSTMENTS,0,0,846
LOCAL,0610,MIDWAY AIRPORT FUND,27,FINANCE,2015,FINANCIAL STRATEGY AND OPS,154,RENTAL-DATA HARDWARE EQ,50000,50000,50000
LOCAL,0740,O HARE REVENUE FUND,27,FINANCE,2011,CITY COMPTROLLER,140,PROFESSIONAL AND TECHNICAL SERVICES,6552,6552,6552
LOCAL,0740,O HARE REVENUE FUND,27,FINANCE,2012,ACCOUNTING FINANCIAL REPORTING,5,SALARIES AND WAGES - ON PAYROLL,1822043,1822043,1854852
LOCAL,0740,O HARE REVENUE FUND,27,FINANCE,2012,ACCOUNTING FINANCIAL REPORTING,11,CONTRACT WAGE - SALARY,5988,5988,5770
LOCAL,0740,O HARE REVENUE FUND,27,FINANCE,2012,ACCOUNTING FINANCIAL REPORTING,15,SCHEDULE SALARY ADJUSTMENTS,5665,5665,5794
LOCAL,0740,O HARE REVENUE FUND,27,FINANCE,2012,ACCOUNTING FINANCIAL REPORTING,20,OVERTIME,6000,6000,6000
LOCAL,0740,O HARE REVENUE FUND,27,FINANCE,2012,ACCOUNTING FINANCIAL REPORTING,39,STUDENT AS TRAINEES,15000,15000,15000
LOCAL,0740,O HARE REVENUE FUND,27,FINANCE,2012,ACCOUNTING FINANCIAL REPORTING,130,POSTAGE,4700,4700,3500
LOCAL,0740,O HARE REVENUE FUND,27,FINANCE,2012,ACCOUNTING FINANCIAL REPORTING,140,PROFESSIONAL AND TECHNICAL SERVICES,117000,117000,109300
LOCAL,0740,O HARE REVENUE FUND,27,FINANCE,2012,ACCOUNTING FINANCIAL REPORTING,149,SOFTWARE MAINTENANCE AND LICENSING,5640,5640,5000
LOCAL,0740,O HARE REVENUE FUND,27,FINANCE,2012,ACCOUNTING FINANCIAL REPORTING,152,ADVERTISING,940,940,850
LOCAL,0740,O HARE REVENUE FUND,27,FINANCE,2012,ACCOUNTING FINANCIAL REPORTING,159,LEASE/PURCHASE EQUIPMENT,0,0,15000
LOCAL,0740,O HARE REVENUE FUND,27,FINANCE,2012,ACCOUNTING FINANCIAL REPORTING,166,DUES  SUBSC & MEM,470,470,425
LOCAL,0740,O HARE REVENUE FUND,27,FINANCE,2012,ACCOUNTING FINANCIAL REPORTING,169,TECHNICAL MEETING COSTS,1880,1880,1500
LOCAL,0740,O HARE REVENUE FUND,27,FINANCE,2012,ACCOUNTING FINANCIAL REPORTING,190,TELEPHONE - NON-CENTREX BILLINGS,8000,8000,8000
LOCAL,0740,O HARE REVENUE FUND,27,FINANCE,2012,ACCOUNTING FINANCIAL REPORTING,245,REIMBURSEMENT TO TRAVELERS,940,940,850
LOCAL,0740,O HARE REVENUE FUND,27,FINANCE,2012,ACCOUNTING FINANCIAL REPORTING,270,LOCAL TRANSPORTATION,1410,1410,1000
LOCAL,0740,O HARE REVENUE FUND,27,FINANCE,2012,ACCOUNTING FINANCIAL REPORTING,348,BOOKS AND RELATED MATERIAL,1000,1000,900
LOCAL,0740,O HARE REVENUE FUND,27,FINANCE,2012,ACCOUNTING FINANCIAL REPORTING,350,STATIONERY AND OFFICE SUPPLIES,10540,10540,9500
LOCAL,0740,O HARE REVENUE FUND,27,FINANCE,2015,FINANCIAL STRATEGY AND OPS,5,SALARIES AND WAGES - ON PAYROLL,158856,158856,167088
LOCAL,0740,O HARE REVENUE FUND,27,FINANCE,2015,FINANCIAL STRATEGY AND OPS,154,RENTAL-DATA HARDWARE EQ,50000,50000,50000
LOCAL,0B21,TIF ADMINISTRATION,27,FINANCE,2012,ACCOUNTING FINANCIAL REPORTING,5,SALARIES AND WAGES - ON PAYROLL,330908,330908,485576
LOCAL,0B21,TIF ADMINISTRATION,27,FINANCE,2012,ACCOUNTING FINANCIAL REPORTING,11,CONTRACT WAGE - SALARY,790,790,1287
LOCAL,0B21,TIF ADMINISTRATION,27,FINANCE,2012,ACCOUNTING FINANCIAL REPORTING,15,SCHEDULE SALARY ADJUSTMENTS,2148,2148,7398
LOCAL,0B21,TIF ADMINISTRATION,27,FINANCE,2012,ACCOUNTING FINANCIAL REPORTING,142,ACCOUNTING AND AUDITING,0,0,250000
LOCAL,0100,CORPORATE FUND,28,CITY TREASURER,2005,CITY TREASURER,5,SALARIES AND WAGES - ON PAYROLL,1900293,1900293,840912
LOCAL,0100,CORPORATE FUND,28,CITY TREASURER,2005,CITY TREASURER,11,CONTRACT WAGE - SALARY,2941,2941,584
LOCAL,0100,CORPORATE FUND,28,CITY TREASURER,2005,CITY TREASURER,39,STUDENT AS TRAINEES,19900,19900,19900
LOCAL,0100,CORPORATE FUND,28,CITY TREASURER,2005,CITY TREASURER,130,POSTAGE,1000,1000,1000
LOCAL,0100,CORPORATE FUND,28,CITY TREASURER,2005,CITY TREASURER,138,IT MAINTENANCE,14000,14000,29000
LOCAL,0100,CORPORATE FUND,28,CITY TREASURER,2005,CITY TREASURER,139,IT DEVELOPMENT,0,0,161304
LOCAL,0100,CORPORATE FUND,28,CITY TREASURER,2005,CITY TREASURER,140,PROFESSIONAL AND TECHNICAL SERVICES,220000,220000,338467
LOCAL,0100,CORPORATE FUND,28,CITY TREASURER,2005,CITY TREASURER,142,ACCOUNTING AND AUDITING,100000,100000,100000
LOCAL,0100,CORPORATE FUND,28,CITY TREASURER,2005,CITY TREASURER,149,SOFTWARE MAINTENANCE AND LICENSING,0,0,16000
LOCAL,0100,CORPORATE FUND,28,CITY TREASURER,2005,CITY TREASURER,162,REPAIR/MAINT EQUIPMENT,6000,6000,8000
LOCAL,0100,CORPORATE FUND,28,CITY TREASURER,2005,CITY TREASURER,166,DUES  SUBSC & MEM,72205,72205,121205
LOCAL,0100,CORPORATE FUND,28,CITY TREASURER,2005,CITY TREASURER,169,TECHNICAL MEETING COSTS,2650,2650,2650
LOCAL,0100,CORPORATE FUND,28,CITY TREASURER,2005,CITY TREASURER,179,MESSENGER SERVICES,500,500,500
LOCAL,0100,CORPORATE FUND,28,CITY TREASURER,2005,CITY TREASURER,181,MOBILE COMMUNICATION SERVICES,1500,1500,7812
LOCAL,0100,CORPORATE FUND,28,CITY TREASURER,2005,CITY TREASURER,190,TELEPHONE - NON-CENTREX BILLINGS,9200,9200,11200
LOCAL,0100,CORPORATE FUND,28,CITY TREASURER,2005,CITY TREASURER,196,DATA CIRCUITS,800,800,1000
LOCAL,0100,CORPORATE FUND,28,CITY TREASURER,2005,CITY TREASURER,197,TELEPHONE - MAINTENANCE,1520,1520,2020
LOCAL,0100,CORPORATE FUND,28,CITY TREASURER,2005,CITY TREASURER,270,LOCAL TRANSPORTATION,500,500,500
LOCAL,0100,CORPORATE FUND,28,CITY TREASURER,2005,CITY TREASURER,350,STATIONERY AND OFFICE SUPPLIES,6500,6500,6500
LOCAL,0200,WATER FUND,28,CITY TREASURER,2005,CITY TREASURER,5,SALARIES AND WAGES - ON PAYROLL,0,0,291900
LOCAL,0200,WATER FUND,28,CITY TREASURER,2005,CITY TREASURER,139,IT DEVELOPMENT,0,0,45238
LOCAL,0200,WATER FUND,28,CITY TREASURER,2005,CITY TREASURER,140,PROFESSIONAL AND TECHNICAL SERVICES,0,0,50892
LOCAL,0314,SEWER FUND,28,CITY TREASURER,2005,CITY TREASURER,5,SALARIES AND WAGES - ON PAYROLL,0,0,207372
LOCAL,0314,SEWER FUND,28,CITY TREASURER,2005,CITY TREASURER,15,SCHEDULE SALARY ADJUSTMENTS,0,0,1494
LOCAL,0314,SEWER FUND,28,CITY TREASURER,2005,CITY TREASURER,139,IT DEVELOPMENT,0,0,29207
LOCAL,0314,SEWER FUND,28,CITY TREASURER,2005,CITY TREASURER,140,PROFESSIONAL AND TECHNICAL SERVICES,0,0,32857
LOCAL,0610,MIDWAY AIRPORT FUND,28,CITY TREASURER,2005,CITY TREASURER,5,SALARIES AND WAGES - ON PAYROLL,0,0,233796
LOCAL,0610,MIDWAY AIRPORT FUND,28,CITY TREASURER,2005,CITY TREASURER,11,CONTRACT WAGE - SALARY,0,0,410
LOCAL,0610,MIDWAY AIRPORT FUND,28,CITY TREASURER,2005,CITY TREASURER,139,IT DEVELOPMENT,0,0,33369
LOCAL,0610,MIDWAY AIRPORT FUND,28,CITY TREASURER,2005,CITY TREASURER,140,PROFESSIONAL AND TECHNICAL SERVICES,0,0,37541
LOCAL,0740,O HARE REVENUE FUND,28,CITY TREASURER,2005,CITY TREASURER,5,SALARIES AND WAGES - ON PAYROLL,76212,76212,845016
LOCAL,0740,O HARE REVENUE FUND,28,CITY TREASURER,2005,CITY TREASURER,11,CONTRACT WAGE - SALARY,0,0,1658
LOCAL,0740,O HARE REVENUE FUND,28,CITY TREASURER,2005,CITY TREASURER,139,IT DEVELOPMENT,0,0,132570
LOCAL,0740,O HARE REVENUE FUND,28,CITY TREASURER,2005,CITY TREASURER,140,PROFESSIONAL AND TECHNICAL SERVICES,0,0,149141
LOCAL,0610,MIDWAY AIRPORT FUND,31,DEPARTMENT OF LAW,2005,LAW,130,POSTAGE,934,934,779
LOCAL,0B21,TIF ADMINISTRATION,28,CITY TREASURER,2005,CITY TREASURER,5,SALARIES AND WAGES - ON PAYROLL,85020,85020,316164
LOCAL,0B21,TIF ADMINISTRATION,28,CITY TREASURER,2005,CITY TREASURER,11,CONTRACT WAGE - SALARY,0,0,372
LOCAL,0B21,TIF ADMINISTRATION,28,CITY TREASURER,2005,CITY TREASURER,139,IT DEVELOPMENT,0,0,54313
LOCAL,0B21,TIF ADMINISTRATION,28,CITY TREASURER,2005,CITY TREASURER,140,PROFESSIONAL AND TECHNICAL SERVICES,0,0,61102
LOCAL,0100,CORPORATE FUND,30,ADMINISTRATIVE HEARINGS,2005,ADMINISTRATIVE HEARINGS,5,SALARIES AND WAGES - ON PAYROLL,2940053,2940053,3068445
LOCAL,0100,CORPORATE FUND,30,ADMINISTRATIVE HEARINGS,2005,ADMINISTRATIVE HEARINGS,11,CONTRACT WAGE - SALARY,8625,8625,8857
LOCAL,0100,CORPORATE FUND,30,ADMINISTRATIVE HEARINGS,2005,ADMINISTRATIVE HEARINGS,15,SCHEDULE SALARY ADJUSTMENTS,8973,8973,6802
LOCAL,0100,CORPORATE FUND,30,ADMINISTRATIVE HEARINGS,2005,ADMINISTRATIVE HEARINGS,20,OVERTIME,500,500,850
LOCAL,0100,CORPORATE FUND,30,ADMINISTRATIVE HEARINGS,2005,ADMINISTRATIVE HEARINGS,130,POSTAGE,61450,61450,69555
LOCAL,0100,CORPORATE FUND,30,ADMINISTRATIVE HEARINGS,2005,ADMINISTRATIVE HEARINGS,138,IT MAINTENANCE,995720,995720,1207294
LOCAL,0100,CORPORATE FUND,30,ADMINISTRATIVE HEARINGS,2005,ADMINISTRATIVE HEARINGS,140,PROFESSIONAL AND TECHNICAL SERVICES,3793581,3793581,3650015
LOCAL,0100,CORPORATE FUND,30,ADMINISTRATIVE HEARINGS,2005,ADMINISTRATIVE HEARINGS,143,COURT REPORTING,62508,62508,69884
LOCAL,0100,CORPORATE FUND,30,ADMINISTRATIVE HEARINGS,2005,ADMINISTRATIVE HEARINGS,157,RENTAL EQUIPMENT AND SERVICES,180,180,180
LOCAL,0100,CORPORATE FUND,30,ADMINISTRATIVE HEARINGS,2005,ADMINISTRATIVE HEARINGS,159,LEASE/PURCHASE EQUIPMENT,23093,23093,35618
LOCAL,0100,CORPORATE FUND,30,ADMINISTRATIVE HEARINGS,2005,ADMINISTRATIVE HEARINGS,162,REPAIR/MAINT EQUIPMENT,1175,1175,1175
LOCAL,0100,CORPORATE FUND,30,ADMINISTRATIVE HEARINGS,2005,ADMINISTRATIVE HEARINGS,166,DUES  SUBSC & MEM,1814,1814,1814
LOCAL,0100,CORPORATE FUND,30,ADMINISTRATIVE HEARINGS,2005,ADMINISTRATIVE HEARINGS,169,TECHNICAL MEETING COSTS,970,970,970
LOCAL,0100,CORPORATE FUND,30,ADMINISTRATIVE HEARINGS,2005,ADMINISTRATIVE HEARINGS,179,MESSENGER SERVICES,5213,5213,4372
LOCAL,0100,CORPORATE FUND,30,ADMINISTRATIVE HEARINGS,2005,ADMINISTRATIVE HEARINGS,190,TELEPHONE - NON-CENTREX BILLINGS,27700,27700,26500
LOCAL,0100,CORPORATE FUND,30,ADMINISTRATIVE HEARINGS,2005,ADMINISTRATIVE HEARINGS,197,TELEPHONE - MAINTENANCE,4200,4200,4200
LOCAL,0100,CORPORATE FUND,30,ADMINISTRATIVE HEARINGS,2005,ADMINISTRATIVE HEARINGS,229,TRANSPORTATION AND EXPENSE ALLOWANCE,2000,2000,2000
LOCAL,0100,CORPORATE FUND,30,ADMINISTRATIVE HEARINGS,2005,ADMINISTRATIVE HEARINGS,340,MATERIAL AND SUPPLIES,14168,14168,15862
LOCAL,0100,CORPORATE FUND,30,ADMINISTRATIVE HEARINGS,2005,ADMINISTRATIVE HEARINGS,348,BOOKS AND RELATED MATERIAL,1318,1318,1324
LOCAL,0100,CORPORATE FUND,30,ADMINISTRATIVE HEARINGS,2005,ADMINISTRATIVE HEARINGS,350,STATIONERY AND OFFICE SUPPLIES,12134,12134,12419
LOCAL,0100,CORPORATE FUND,31,DEPARTMENT OF LAW,2005,LAW,5,SALARIES AND WAGES - ON PAYROLL,24558340,24558340,24971207
LOCAL,0100,CORPORATE FUND,31,DEPARTMENT OF LAW,2005,LAW,11,CONTRACT WAGE - SALARY,21483,21483,21390
LOCAL,0100,CORPORATE FUND,31,DEPARTMENT OF LAW,2005,LAW,15,SCHEDULE SALARY ADJUSTMENTS,42915,42915,31089
LOCAL,0100,CORPORATE FUND,31,DEPARTMENT OF LAW,2005,LAW,20,OVERTIME,26352,26352,26045
LOCAL,0100,CORPORATE FUND,31,DEPARTMENT OF LAW,2005,LAW,39,STUDENT AS TRAINEES,8506,8506,7381
LOCAL,0100,CORPORATE FUND,31,DEPARTMENT OF LAW,2005,LAW,130,POSTAGE,26831,26831,23603
LOCAL,0100,CORPORATE FUND,31,DEPARTMENT OF LAW,2005,LAW,138,IT MAINTENANCE,250415,250415,247332
LOCAL,0100,CORPORATE FUND,31,DEPARTMENT OF LAW,2005,LAW,140,PROFESSIONAL AND TECHNICAL SERVICES,991458,991458,835339
LOCAL,0100,CORPORATE FUND,31,DEPARTMENT OF LAW,2005,LAW,141,APPRAISALS,8070,8070,5038
LOCAL,0100,CORPORATE FUND,31,DEPARTMENT OF LAW,2005,LAW,143,COURT REPORTING,933034,933034,875867
LOCAL,0100,CORPORATE FUND,31,DEPARTMENT OF LAW,2005,LAW,145,LEGAL EXPENSES,140915,140915,122612
LOCAL,0100,CORPORATE FUND,31,DEPARTMENT OF LAW,2005,LAW,149,SOFTWARE MAINTENANCE AND LICENSING,130694,130694,122845
LOCAL,0100,CORPORATE FUND,31,DEPARTMENT OF LAW,2005,LAW,150,PUBLICATN & REPRODT-OUT,9012,9012,6598
LOCAL,0100,CORPORATE FUND,31,DEPARTMENT OF LAW,2005,LAW,157,RENTAL EQUIPMENT AND SERVICES,57435,57435,57252
LOCAL,0100,CORPORATE FUND,31,DEPARTMENT OF LAW,2005,LAW,159,LEASE/PURCHASE EQUIPMENT,130127,130127,95816
LOCAL,0100,CORPORATE FUND,31,DEPARTMENT OF LAW,2005,LAW,162,REPAIR/MAINT EQUIPMENT,3324,3324,2643
LOCAL,0100,CORPORATE FUND,31,DEPARTMENT OF LAW,2005,LAW,166,DUES  SUBSC & MEM,134482,134482,120912
LOCAL,0100,CORPORATE FUND,31,DEPARTMENT OF LAW,2005,LAW,169,TECHNICAL MEETING COSTS,36045,36045,30000
LOCAL,0100,CORPORATE FUND,31,DEPARTMENT OF LAW,2005,LAW,178,FREIGHT AND EXPRESS CHARGES,11716,11716,10458
LOCAL,0100,CORPORATE FUND,31,DEPARTMENT OF LAW,2005,LAW,181,MOBILE COMMUNICATION SERVICES,20826,20826,20826
LOCAL,0100,CORPORATE FUND,31,DEPARTMENT OF LAW,2005,LAW,190,TELEPHONE - NON-CENTREX BILLINGS,115584,115584,116284
LOCAL,0100,CORPORATE FUND,31,DEPARTMENT OF LAW,2005,LAW,191,TELEPHONE - RELOCATIONS,600,600,881
LOCAL,0100,CORPORATE FUND,31,DEPARTMENT OF LAW,2005,LAW,197,TELEPHONE - MAINTENANCE,21627,21627,21627
LOCAL,0100,CORPORATE FUND,31,DEPARTMENT OF LAW,2005,LAW,229,TRANSPORTATION AND EXPENSE ALLOWANCE,6926,6926,7218
LOCAL,0100,CORPORATE FUND,31,DEPARTMENT OF LAW,2005,LAW,245,REIMBURSEMENT TO TRAVELERS,53996,53996,53840
LOCAL,0100,CORPORATE FUND,31,DEPARTMENT OF LAW,2005,LAW,270,LOCAL TRANSPORTATION,36938,36938,31825
LOCAL,0100,CORPORATE FUND,31,DEPARTMENT OF LAW,2005,LAW,348,BOOKS AND RELATED MATERIAL,19783,19783,18781
LOCAL,0100,CORPORATE FUND,31,DEPARTMENT OF LAW,2005,LAW,350,STATIONERY AND OFFICE SUPPLIES,119697,119697,107510
LOCAL,0200,WATER FUND,31,DEPARTMENT OF LAW,2005,LAW,5,SALARIES AND WAGES - ON PAYROLL,1261379,1261379,1395791
LOCAL,0200,WATER FUND,31,DEPARTMENT OF LAW,2005,LAW,20,OVERTIME,2379,2379,2070
LOCAL,0200,WATER FUND,31,DEPARTMENT OF LAW,2005,LAW,39,STUDENT AS TRAINEES,300,300,437
LOCAL,0200,WATER FUND,31,DEPARTMENT OF LAW,2005,LAW,130,POSTAGE,2729,2729,2541
LOCAL,0200,WATER FUND,31,DEPARTMENT OF LAW,2005,LAW,138,IT MAINTENANCE,15591,15591,14892
LOCAL,0200,WATER FUND,31,DEPARTMENT OF LAW,2005,LAW,140,PROFESSIONAL AND TECHNICAL SERVICES,36811,36811,36368
LOCAL,0200,WATER FUND,31,DEPARTMENT OF LAW,2005,LAW,141,APPRAISALS,1000,1000,493
LOCAL,0200,WATER FUND,31,DEPARTMENT OF LAW,2005,LAW,143,COURT REPORTING,57955,57955,46126
LOCAL,0200,WATER FUND,31,DEPARTMENT OF LAW,2005,LAW,145,LEGAL EXPENSES,15817,15817,13478
LOCAL,0200,WATER FUND,31,DEPARTMENT OF LAW,2005,LAW,149,SOFTWARE MAINTENANCE AND LICENSING,7506,7506,7055
LOCAL,0200,WATER FUND,31,DEPARTMENT OF LAW,2005,LAW,150,PUBLICATN & REPRODT-OUT,632,632,388
LOCAL,0200,WATER FUND,31,DEPARTMENT OF LAW,2005,LAW,157,RENTAL EQUIPMENT AND SERVICES,566,566,552
LOCAL,0200,WATER FUND,31,DEPARTMENT OF LAW,2005,LAW,159,LEASE/PURCHASE EQUIPMENT,5285,5285,5503
LOCAL,0200,WATER FUND,31,DEPARTMENT OF LAW,2005,LAW,162,REPAIR/MAINT EQUIPMENT,190,190,152
LOCAL,0200,WATER FUND,31,DEPARTMENT OF LAW,2005,LAW,166,DUES  SUBSC & MEM,8010,8010,7001
LOCAL,0200,WATER FUND,31,DEPARTMENT OF LAW,2005,LAW,169,TECHNICAL MEETING COSTS,2070,2070,2100
LOCAL,0200,WATER FUND,31,DEPARTMENT OF LAW,2005,LAW,178,FREIGHT AND EXPRESS CHARGES,1198,1198,564
LOCAL,0200,WATER FUND,31,DEPARTMENT OF LAW,2005,LAW,181,MOBILE COMMUNICATION SERVICES,1196,1196,1196
LOCAL,0200,WATER FUND,31,DEPARTMENT OF LAW,2005,LAW,190,TELEPHONE - NON-CENTREX BILLINGS,6638,6638,6638
LOCAL,0200,WATER FUND,31,DEPARTMENT OF LAW,2005,LAW,191,TELEPHONE - RELOCATIONS,100,100,100
LOCAL,0200,WATER FUND,31,DEPARTMENT OF LAW,2005,LAW,197,TELEPHONE - MAINTENANCE,1242,1242,1242
LOCAL,0200,WATER FUND,31,DEPARTMENT OF LAW,2005,LAW,229,TRANSPORTATION AND EXPENSE ALLOWANCE,100,100,472
LOCAL,0200,WATER FUND,31,DEPARTMENT OF LAW,2005,LAW,245,REIMBURSEMENT TO TRAVELERS,3275,3275,3173
LOCAL,0200,WATER FUND,31,DEPARTMENT OF LAW,2005,LAW,270,LOCAL TRANSPORTATION,1911,1911,1882
LOCAL,0200,WATER FUND,31,DEPARTMENT OF LAW,2005,LAW,348,BOOKS AND RELATED MATERIAL,1136,1136,1116
LOCAL,0200,WATER FUND,31,DEPARTMENT OF LAW,2005,LAW,350,STATIONERY AND OFFICE SUPPLIES,6874,6874,6161
LOCAL,0200,WATER FUND,31,DEPARTMENT OF LAW,2005,LAW,9438,REIMBURSEMENT - 2FM,1292,1292,1176
LOCAL,0300,VEHICLE FUND,31,DEPARTMENT OF LAW,2005,LAW,5,SALARIES AND WAGES - ON PAYROLL,1135144,1135144,1180228
LOCAL,0300,VEHICLE FUND,31,DEPARTMENT OF LAW,2005,LAW,11,CONTRACT WAGE - SALARY,198,198,186
LOCAL,0300,VEHICLE FUND,31,DEPARTMENT OF LAW,2005,LAW,20,OVERTIME,2496,2496,1575
LOCAL,0300,VEHICLE FUND,31,DEPARTMENT OF LAW,2005,LAW,39,STUDENT AS TRAINEES,175,175,333
LOCAL,0300,VEHICLE FUND,31,DEPARTMENT OF LAW,2005,LAW,130,POSTAGE,954,954,799
LOCAL,0300,VEHICLE FUND,31,DEPARTMENT OF LAW,2005,LAW,138,IT MAINTENANCE,12755,12755,11351
LOCAL,0300,VEHICLE FUND,31,DEPARTMENT OF LAW,2005,LAW,140,PROFESSIONAL AND TECHNICAL SERVICES,30206,30206,29183
LOCAL,0300,VEHICLE FUND,31,DEPARTMENT OF LAW,2005,LAW,141,APPRAISALS,210,210,205
LOCAL,0300,VEHICLE FUND,31,DEPARTMENT OF LAW,2005,LAW,143,COURT REPORTING,19275,19275,17091
LOCAL,0300,VEHICLE FUND,31,DEPARTMENT OF LAW,2005,LAW,145,LEGAL EXPENSES,3747,3747,3205
LOCAL,0300,VEHICLE FUND,31,DEPARTMENT OF LAW,2005,LAW,149,SOFTWARE MAINTENANCE AND LICENSING,5711,5711,5368
LOCAL,0300,VEHICLE FUND,31,DEPARTMENT OF LAW,2005,LAW,150,PUBLICATN & REPRODT-OUT,384,384,155
LOCAL,0300,VEHICLE FUND,31,DEPARTMENT OF LAW,2005,LAW,157,RENTAL EQUIPMENT AND SERVICES,431,431,420
LOCAL,0300,VEHICLE FUND,31,DEPARTMENT OF LAW,2005,LAW,159,LEASE/PURCHASE EQUIPMENT,4021,4021,4187
LOCAL,0300,VEHICLE FUND,31,DEPARTMENT OF LAW,2005,LAW,162,REPAIR/MAINT EQUIPMENT,146,146,116
LOCAL,0300,VEHICLE FUND,31,DEPARTMENT OF LAW,2005,LAW,166,DUES  SUBSC & MEM,6107,6107,5350
LOCAL,0300,VEHICLE FUND,31,DEPARTMENT OF LAW,2005,LAW,169,TECHNICAL MEETING COSTS,1575,1575,1443
LOCAL,0300,VEHICLE FUND,31,DEPARTMENT OF LAW,2005,LAW,178,FREIGHT AND EXPRESS CHARGES,937,937,309
LOCAL,0300,VEHICLE FUND,31,DEPARTMENT OF LAW,2005,LAW,181,MOBILE COMMUNICATION SERVICES,910,910,910
LOCAL,0300,VEHICLE FUND,31,DEPARTMENT OF LAW,2005,LAW,190,TELEPHONE - NON-CENTREX BILLINGS,5051,5051,5051
LOCAL,0300,VEHICLE FUND,31,DEPARTMENT OF LAW,2005,LAW,191,TELEPHONE - RELOCATIONS,100,100,100
LOCAL,0300,VEHICLE FUND,31,DEPARTMENT OF LAW,2005,LAW,197,TELEPHONE - MAINTENANCE,945,945,945
LOCAL,0300,VEHICLE FUND,31,DEPARTMENT OF LAW,2005,LAW,229,TRANSPORTATION AND EXPENSE ALLOWANCE,3520,3520,1359
LOCAL,0300,VEHICLE FUND,31,DEPARTMENT OF LAW,2005,LAW,245,REIMBURSEMENT TO TRAVELERS,1407,1407,1645
LOCAL,0300,VEHICLE FUND,31,DEPARTMENT OF LAW,2005,LAW,270,LOCAL TRANSPORTATION,1297,1297,606
LOCAL,0300,VEHICLE FUND,31,DEPARTMENT OF LAW,2005,LAW,348,BOOKS AND RELATED MATERIAL,864,864,864
LOCAL,0300,VEHICLE FUND,31,DEPARTMENT OF LAW,2005,LAW,350,STATIONERY AND OFFICE SUPPLIES,5230,5230,4416
LOCAL,0300,VEHICLE FUND,31,DEPARTMENT OF LAW,2005,LAW,9438,REIMBURSEMENT - 2FM,861,861,852
LOCAL,0314,SEWER FUND,31,DEPARTMENT OF LAW,2005,LAW,5,SALARIES AND WAGES - ON PAYROLL,670715,670715,684932
LOCAL,0314,SEWER FUND,31,DEPARTMENT OF LAW,2005,LAW,20,OVERTIME,1736,1736,1260
LOCAL,0314,SEWER FUND,31,DEPARTMENT OF LAW,2005,LAW,39,STUDENT AS TRAINEES,140,140,266
LOCAL,0314,SEWER FUND,31,DEPARTMENT OF LAW,2005,LAW,130,POSTAGE,1192,1192,1037
LOCAL,0314,SEWER FUND,31,DEPARTMENT OF LAW,2005,LAW,138,IT MAINTENANCE,10956,10956,9100
LOCAL,0314,SEWER FUND,31,DEPARTMENT OF LAW,2005,LAW,140,PROFESSIONAL AND TECHNICAL SERVICES,27377,27377,26718
LOCAL,0314,SEWER FUND,31,DEPARTMENT OF LAW,2005,LAW,141,APPRAISALS,320,320,298
LOCAL,0314,SEWER FUND,31,DEPARTMENT OF LAW,2005,LAW,143,COURT REPORTING,24515,24515,19732
LOCAL,0314,SEWER FUND,31,DEPARTMENT OF LAW,2005,LAW,145,LEGAL EXPENSES,5424,5424,4643
LOCAL,0314,SEWER FUND,31,DEPARTMENT OF LAW,2005,LAW,149,SOFTWARE MAINTENANCE AND LICENSING,4569,4569,4294
LOCAL,0314,SEWER FUND,31,DEPARTMENT OF LAW,2005,LAW,150,PUBLICATN & REPRODT-OUT,310,310,134
LOCAL,0314,SEWER FUND,31,DEPARTMENT OF LAW,2005,LAW,157,RENTAL EQUIPMENT AND SERVICES,345,345,336
LOCAL,0314,SEWER FUND,31,DEPARTMENT OF LAW,2005,LAW,159,LEASE/PURCHASE EQUIPMENT,3217,3217,3349
LOCAL,0314,SEWER FUND,31,DEPARTMENT OF LAW,2005,LAW,162,REPAIR/MAINT EQUIPMENT,116,116,100
LOCAL,0314,SEWER FUND,31,DEPARTMENT OF LAW,2005,LAW,166,DUES  SUBSC & MEM,4906,4906,4300
LOCAL,0314,SEWER FUND,31,DEPARTMENT OF LAW,2005,LAW,169,TECHNICAL MEETING COSTS,1260,1260,1500
LOCAL,0314,SEWER FUND,31,DEPARTMENT OF LAW,2005,LAW,178,FREIGHT AND EXPRESS CHARGES,950,950,335
LOCAL,0314,SEWER FUND,31,DEPARTMENT OF LAW,2005,LAW,181,MOBILE COMMUNICATION SERVICES,728,728,728
LOCAL,0314,SEWER FUND,31,DEPARTMENT OF LAW,2005,LAW,190,TELEPHONE - NON-CENTREX BILLINGS,4040,4040,4040
LOCAL,0314,SEWER FUND,31,DEPARTMENT OF LAW,2005,LAW,191,TELEPHONE - RELOCATIONS,100,100,100
LOCAL,0314,SEWER FUND,31,DEPARTMENT OF LAW,2005,LAW,197,TELEPHONE - MAINTENANCE,756,756,756
LOCAL,0314,SEWER FUND,31,DEPARTMENT OF LAW,2005,LAW,229,TRANSPORTATION AND EXPENSE ALLOWANCE,100,100,287
LOCAL,0314,SEWER FUND,31,DEPARTMENT OF LAW,2005,LAW,245,REIMBURSEMENT TO TRAVELERS,1626,1626,1868
LOCAL,0314,SEWER FUND,31,DEPARTMENT OF LAW,2005,LAW,270,LOCAL TRANSPORTATION,1293,1293,612
LOCAL,0314,SEWER FUND,31,DEPARTMENT OF LAW,2005,LAW,348,BOOKS AND RELATED MATERIAL,692,692,691
LOCAL,0314,SEWER FUND,31,DEPARTMENT OF LAW,2005,LAW,350,STATIONERY AND OFFICE SUPPLIES,4185,4185,3933
LOCAL,0314,SEWER FUND,31,DEPARTMENT OF LAW,2005,LAW,9438,REIMBURSEMENT - 2FM,567,567,560
LOCAL,0610,MIDWAY AIRPORT FUND,31,DEPARTMENT OF LAW,2005,LAW,5,SALARIES AND WAGES - ON PAYROLL,381634,381634,389710
LOCAL,0610,MIDWAY AIRPORT FUND,31,DEPARTMENT OF LAW,2005,LAW,20,OVERTIME,1256,1256,1350
LOCAL,0610,MIDWAY AIRPORT FUND,31,DEPARTMENT OF LAW,2005,LAW,39,STUDENT AS TRAINEES,150,150,285
LOCAL,0610,MIDWAY AIRPORT FUND,31,DEPARTMENT OF LAW,2005,LAW,138,IT MAINTENANCE,11470,11470,9744
LOCAL,0610,MIDWAY AIRPORT FUND,31,DEPARTMENT OF LAW,2005,LAW,140,PROFESSIONAL AND TECHNICAL SERVICES,26735,26735,24915
LOCAL,0610,MIDWAY AIRPORT FUND,31,DEPARTMENT OF LAW,2005,LAW,141,APPRAISALS,200,200,268
LOCAL,0610,MIDWAY AIRPORT FUND,31,DEPARTMENT OF LAW,2005,LAW,143,COURT REPORTING,18800,18800,15041
LOCAL,0610,MIDWAY AIRPORT FUND,31,DEPARTMENT OF LAW,2005,LAW,145,LEGAL EXPENSES,3609,3609,3098
LOCAL,0610,MIDWAY AIRPORT FUND,31,DEPARTMENT OF LAW,2005,LAW,149,SOFTWARE MAINTENANCE AND LICENSING,4895,4895,4601
LOCAL,0610,MIDWAY AIRPORT FUND,31,DEPARTMENT OF LAW,2005,LAW,150,PUBLICATN & REPRODT-OUT,287,287,140
LOCAL,0610,MIDWAY AIRPORT FUND,31,DEPARTMENT OF LAW,2005,LAW,157,RENTAL EQUIPMENT AND SERVICES,369,369,360
LOCAL,0610,MIDWAY AIRPORT FUND,31,DEPARTMENT OF LAW,2005,LAW,159,LEASE/PURCHASE EQUIPMENT,3447,3447,3589
LOCAL,0610,MIDWAY AIRPORT FUND,31,DEPARTMENT OF LAW,2005,LAW,162,REPAIR/MAINT EQUIPMENT,124,124,100
LOCAL,0610,MIDWAY AIRPORT FUND,31,DEPARTMENT OF LAW,2005,LAW,166,DUES  SUBSC & MEM,5249,5249,4600
LOCAL,0610,MIDWAY AIRPORT FUND,31,DEPARTMENT OF LAW,2005,LAW,169,TECHNICAL MEETING COSTS,1350,1350,1350
LOCAL,0610,MIDWAY AIRPORT FUND,31,DEPARTMENT OF LAW,2005,LAW,178,FREIGHT AND EXPRESS CHARGES,943,943,315
LOCAL,0610,MIDWAY AIRPORT FUND,31,DEPARTMENT OF LAW,2005,LAW,181,MOBILE COMMUNICATION SERVICES,780,780,780
LOCAL,0610,MIDWAY AIRPORT FUND,31,DEPARTMENT OF LAW,2005,LAW,190,TELEPHONE - NON-CENTREX BILLINGS,4329,4329,4329
LOCAL,0610,MIDWAY AIRPORT FUND,31,DEPARTMENT OF LAW,2005,LAW,191,TELEPHONE - RELOCATIONS,100,100,100
LOCAL,0610,MIDWAY AIRPORT FUND,31,DEPARTMENT OF LAW,2005,LAW,197,TELEPHONE - MAINTENANCE,810,810,810
LOCAL,0610,MIDWAY AIRPORT FUND,31,DEPARTMENT OF LAW,2005,LAW,229,TRANSPORTATION AND EXPENSE ALLOWANCE,100,100,308
LOCAL,0610,MIDWAY AIRPORT FUND,31,DEPARTMENT OF LAW,2005,LAW,245,REIMBURSEMENT TO TRAVELERS,1384,1384,1625
LOCAL,0610,MIDWAY AIRPORT FUND,31,DEPARTMENT OF LAW,2005,LAW,270,LOCAL TRANSPORTATION,1202,1202,562
LOCAL,0610,MIDWAY AIRPORT FUND,31,DEPARTMENT OF LAW,2005,LAW,348,BOOKS AND RELATED MATERIAL,741,741,741
LOCAL,0610,MIDWAY AIRPORT FUND,31,DEPARTMENT OF LAW,2005,LAW,350,STATIONERY AND OFFICE SUPPLIES,4483,4483,4214
LOCAL,0610,MIDWAY AIRPORT FUND,31,DEPARTMENT OF LAW,2005,LAW,9438,REIMBURSEMENT - 2FM,608,608,603
LOCAL,0740,O HARE REVENUE FUND,31,DEPARTMENT OF LAW,2005,LAW,5,SALARIES AND WAGES - ON PAYROLL,1672666,1672666,1673914
LOCAL,0740,O HARE REVENUE FUND,31,DEPARTMENT OF LAW,2005,LAW,11,CONTRACT WAGE - SALARY,262,262,246
LOCAL,0740,O HARE REVENUE FUND,31,DEPARTMENT OF LAW,2005,LAW,15,SCHEDULE SALARY ADJUSTMENTS,3110,3110,487
LOCAL,0740,O HARE REVENUE FUND,31,DEPARTMENT OF LAW,2005,LAW,20,OVERTIME,1263,1263,2700
LOCAL,0740,O HARE REVENUE FUND,31,DEPARTMENT OF LAW,2005,LAW,39,STUDENT AS TRAINEES,300,300,570
LOCAL,0740,O HARE REVENUE FUND,31,DEPARTMENT OF LAW,2005,LAW,130,POSTAGE,1395,1395,1171
LOCAL,0740,O HARE REVENUE FUND,31,DEPARTMENT OF LAW,2005,LAW,138,IT MAINTENANCE,18262,18262,19426
LOCAL,0740,O HARE REVENUE FUND,31,DEPARTMENT OF LAW,2005,LAW,140,PROFESSIONAL AND TECHNICAL SERVICES,60804,60804,53002
LOCAL,0740,O HARE REVENUE FUND,31,DEPARTMENT OF LAW,2005,LAW,141,APPRAISALS,200,200,268
LOCAL,0740,O HARE REVENUE FUND,31,DEPARTMENT OF LAW,2005,LAW,143,COURT REPORTING,27241,27241,25836
LOCAL,0740,O HARE REVENUE FUND,31,DEPARTMENT OF LAW,2005,LAW,145,LEGAL EXPENSES,4276,4276,4285
LOCAL,0740,O HARE REVENUE FUND,31,DEPARTMENT OF LAW,2005,LAW,149,SOFTWARE MAINTENANCE AND LICENSING,9790,9790,9202
LOCAL,0740,O HARE REVENUE FUND,31,DEPARTMENT OF LAW,2005,LAW,150,PUBLICATN & REPRODT-OUT,799,799,585
LOCAL,0740,O HARE REVENUE FUND,31,DEPARTMENT OF LAW,2005,LAW,157,RENTAL EQUIPMENT AND SERVICES,738,738,720
LOCAL,0740,O HARE REVENUE FUND,31,DEPARTMENT OF LAW,2005,LAW,159,LEASE/PURCHASE EQUIPMENT,8894,8894,7177
LOCAL,0740,O HARE REVENUE FUND,31,DEPARTMENT OF LAW,2005,LAW,162,REPAIR/MAINT EQUIPMENT,250,250,198
LOCAL,0740,O HARE REVENUE FUND,31,DEPARTMENT OF LAW,2005,LAW,166,DUES  SUBSC & MEM,15448,15448,9132
LOCAL,0740,O HARE REVENUE FUND,31,DEPARTMENT OF LAW,2005,LAW,169,TECHNICAL MEETING COSTS,2700,2700,2550
LOCAL,0740,O HARE REVENUE FUND,31,DEPARTMENT OF LAW,2005,LAW,178,FREIGHT AND EXPRESS CHARGES,1735,1735,936
LOCAL,0740,O HARE REVENUE FUND,31,DEPARTMENT OF LAW,2005,LAW,181,MOBILE COMMUNICATION SERVICES,1560,1560,1560
LOCAL,0740,O HARE REVENUE FUND,31,DEPARTMENT OF LAW,2005,LAW,190,TELEPHONE - NON-CENTREX BILLINGS,8658,8658,8658
LOCAL,0740,O HARE REVENUE FUND,31,DEPARTMENT OF LAW,2005,LAW,191,TELEPHONE - RELOCATIONS,100,100,100
LOCAL,0740,O HARE REVENUE FUND,31,DEPARTMENT OF LAW,2005,LAW,197,TELEPHONE - MAINTENANCE,1620,1620,1620
LOCAL,0740,O HARE REVENUE FUND,31,DEPARTMENT OF LAW,2005,LAW,229,TRANSPORTATION AND EXPENSE ALLOWANCE,181,181,616
LOCAL,0740,O HARE REVENUE FUND,31,DEPARTMENT OF LAW,2005,LAW,245,REIMBURSEMENT TO TRAVELERS,2057,2057,2597
LOCAL,0740,O HARE REVENUE FUND,31,DEPARTMENT OF LAW,2005,LAW,270,LOCAL TRANSPORTATION,2174,2174,1255
LOCAL,0740,O HARE REVENUE FUND,31,DEPARTMENT OF LAW,2005,LAW,348,BOOKS AND RELATED MATERIAL,1482,1482,1482
LOCAL,0740,O HARE REVENUE FUND,31,DEPARTMENT OF LAW,2005,LAW,350,STATIONERY AND OFFICE SUPPLIES,8966,8966,7997
LOCAL,0740,O HARE REVENUE FUND,31,DEPARTMENT OF LAW,2005,LAW,9438,REIMBURSEMENT - 2FM,1215,1215,1200
LOCAL,0B21,TIF ADMINISTRATION,31,DEPARTMENT OF LAW,2005,LAW,5,SALARIES AND WAGES - ON PAYROLL,1136242,1136242,1175086
LOCAL,0B21,TIF ADMINISTRATION,31,DEPARTMENT OF LAW,2005,LAW,11,CONTRACT WAGE - SALARY,402,402,410
LOCAL,0100,CORPORATE FUND,33,DEPARTMENT OF HUMAN RESOURCES,2005,HUMAN RESOURCES,5,SALARIES AND WAGES - ON PAYROLL,4478033,4478033,5210004
LOCAL,0100,CORPORATE FUND,33,DEPARTMENT OF HUMAN RESOURCES,2005,HUMAN RESOURCES,11,CONTRACT WAGE - SALARY,3279,3279,3718
LOCAL,0100,CORPORATE FUND,33,DEPARTMENT OF HUMAN RESOURCES,2005,HUMAN RESOURCES,15,SCHEDULE SALARY ADJUSTMENTS,32367,32367,34491
LOCAL,0100,CORPORATE FUND,33,DEPARTMENT OF HUMAN RESOURCES,2005,HUMAN RESOURCES,39,STUDENT AS TRAINEES,30000,30000,27000
LOCAL,0100,CORPORATE FUND,33,DEPARTMENT OF HUMAN RESOURCES,2005,HUMAN RESOURCES,50,STIPENDS,21000,21000,21000
LOCAL,0100,CORPORATE FUND,33,DEPARTMENT OF HUMAN RESOURCES,2005,HUMAN RESOURCES,130,POSTAGE,8360,8360,7524
LOCAL,0100,CORPORATE FUND,33,DEPARTMENT OF HUMAN RESOURCES,2005,HUMAN RESOURCES,140,PROFESSIONAL AND TECHNICAL SERVICES,260335,260335,274478
LOCAL,0100,CORPORATE FUND,33,DEPARTMENT OF HUMAN RESOURCES,2005,HUMAN RESOURCES,143,COURT REPORTING,78000,78000,78000
LOCAL,0100,CORPORATE FUND,33,DEPARTMENT OF HUMAN RESOURCES,2005,HUMAN RESOURCES,149,SOFTWARE MAINTENANCE AND LICENSING,9719,9719,8747
LOCAL,0100,CORPORATE FUND,33,DEPARTMENT OF HUMAN RESOURCES,2005,HUMAN RESOURCES,150,PUBLICATN & REPRODT-OUT,3000,3000,2700
LOCAL,0100,CORPORATE FUND,33,DEPARTMENT OF HUMAN RESOURCES,2005,HUMAN RESOURCES,152,ADVERTISING,15480,15480,9000
LOCAL,0100,CORPORATE FUND,33,DEPARTMENT OF HUMAN RESOURCES,2005,HUMAN RESOURCES,159,LEASE/PURCHASE EQUIPMENT,14583,14583,13125
LOCAL,0100,CORPORATE FUND,33,DEPARTMENT OF HUMAN RESOURCES,2005,HUMAN RESOURCES,162,REPAIR/MAINT EQUIPMENT,7400,7400,7400
LOCAL,0100,CORPORATE FUND,33,DEPARTMENT OF HUMAN RESOURCES,2005,HUMAN RESOURCES,166,DUES  SUBSC & MEM,10780,10780,9702
LOCAL,0100,CORPORATE FUND,33,DEPARTMENT OF HUMAN RESOURCES,2005,HUMAN RESOURCES,169,TECHNICAL MEETING COSTS,15178,15178,4200
LOCAL,0100,CORPORATE FUND,33,DEPARTMENT OF HUMAN RESOURCES,2005,HUMAN RESOURCES,178,FREIGHT AND EXPRESS CHARGES,2250,2250,1000
LOCAL,0100,CORPORATE FUND,33,DEPARTMENT OF HUMAN RESOURCES,2005,HUMAN RESOURCES,181,MOBILE COMMUNICATION SERVICES,3216,3216,3036
LOCAL,0100,CORPORATE FUND,33,DEPARTMENT OF HUMAN RESOURCES,2005,HUMAN RESOURCES,190,TELEPHONE - NON-CENTREX BILLINGS,30100,30100,24000
LOCAL,0100,CORPORATE FUND,33,DEPARTMENT OF HUMAN RESOURCES,2005,HUMAN RESOURCES,197,TELEPHONE - MAINTENANCE,6275,6275,6275
LOCAL,0100,CORPORATE FUND,33,DEPARTMENT OF HUMAN RESOURCES,2005,HUMAN RESOURCES,270,LOCAL TRANSPORTATION,3060,3060,2754
LOCAL,0100,CORPORATE FUND,33,DEPARTMENT OF HUMAN RESOURCES,2005,HUMAN RESOURCES,340,MATERIAL AND SUPPLIES,20068,20068,13968
LOCAL,0100,CORPORATE FUND,33,DEPARTMENT OF HUMAN RESOURCES,2005,HUMAN RESOURCES,350,STATIONERY AND OFFICE SUPPLIES,22657,22657,14300
LOCAL,0100,CORPORATE FUND,33,DEPARTMENT OF HUMAN RESOURCES,2005,HUMAN RESOURCES,9067,PHYSICAL EXAMS,210000,210000,210000
LOCAL,0200,WATER FUND,33,DEPARTMENT OF HUMAN RESOURCES,2005,HUMAN RESOURCES,5,SALARIES AND WAGES - ON PAYROLL,217362,217362,220368
LOCAL,0200,WATER FUND,33,DEPARTMENT OF HUMAN RESOURCES,2005,HUMAN RESOURCES,11,CONTRACT WAGE - SALARY,777,777,850
LOCAL,0200,WATER FUND,33,DEPARTMENT OF HUMAN RESOURCES,2005,HUMAN RESOURCES,15,SCHEDULE SALARY ADJUSTMENTS,6824,6824,1923
LOCAL,0200,WATER FUND,33,DEPARTMENT OF HUMAN RESOURCES,2005,HUMAN RESOURCES,130,POSTAGE,176,176,148
LOCAL,0200,WATER FUND,33,DEPARTMENT OF HUMAN RESOURCES,2005,HUMAN RESOURCES,140,PROFESSIONAL AND TECHNICAL SERVICES,10000,10000,4460
LOCAL,0200,WATER FUND,33,DEPARTMENT OF HUMAN RESOURCES,2005,HUMAN RESOURCES,270,LOCAL TRANSPORTATION,500,500,421
LOCAL,0200,WATER FUND,33,DEPARTMENT OF HUMAN RESOURCES,2005,HUMAN RESOURCES,350,STATIONERY AND OFFICE SUPPLIES,250,250,208
LOCAL,0200,WATER FUND,33,DEPARTMENT OF HUMAN RESOURCES,2005,HUMAN RESOURCES,9067,PHYSICAL EXAMS,28584,28584,28584
LOCAL,0610,MIDWAY AIRPORT FUND,33,DEPARTMENT OF HUMAN RESOURCES,2005,HUMAN RESOURCES,5,SALARIES AND WAGES - ON PAYROLL,75840,75840,81228
LOCAL,0100,CORPORATE FUND,56,IPRA,2005,IPRA,320,GASOLINE,250,250,240
LOCAL,0610,MIDWAY AIRPORT FUND,33,DEPARTMENT OF HUMAN RESOURCES,2005,HUMAN RESOURCES,11,CONTRACT WAGE - SALARY,379,379,406
LOCAL,0610,MIDWAY AIRPORT FUND,33,DEPARTMENT OF HUMAN RESOURCES,2005,HUMAN RESOURCES,15,SCHEDULE SALARY ADJUSTMENTS,1904,1904,924
LOCAL,0740,O HARE REVENUE FUND,33,DEPARTMENT OF HUMAN RESOURCES,2005,HUMAN RESOURCES,5,SALARIES AND WAGES - ON PAYROLL,233544,233544,232980
LOCAL,0740,O HARE REVENUE FUND,33,DEPARTMENT OF HUMAN RESOURCES,2005,HUMAN RESOURCES,11,CONTRACT WAGE - SALARY,853,853,840
LOCAL,0740,O HARE REVENUE FUND,33,DEPARTMENT OF HUMAN RESOURCES,2005,HUMAN RESOURCES,15,SCHEDULE SALARY ADJUSTMENTS,3030,3030,1110
LOCAL,0740,O HARE REVENUE FUND,33,DEPARTMENT OF HUMAN RESOURCES,2005,HUMAN RESOURCES,130,POSTAGE,350,350,295
LOCAL,0740,O HARE REVENUE FUND,33,DEPARTMENT OF HUMAN RESOURCES,2005,HUMAN RESOURCES,140,PROFESSIONAL AND TECHNICAL SERVICES,14050,14050,6884
LOCAL,0740,O HARE REVENUE FUND,33,DEPARTMENT OF HUMAN RESOURCES,2005,HUMAN RESOURCES,168,EDUCATION DEVELOPMENT,15000,15000,6500
LOCAL,0740,O HARE REVENUE FUND,33,DEPARTMENT OF HUMAN RESOURCES,2005,HUMAN RESOURCES,350,STATIONERY AND OFFICE SUPPLIES,1000,1000,500
LOCAL,0740,O HARE REVENUE FUND,33,DEPARTMENT OF HUMAN RESOURCES,2005,HUMAN RESOURCES,9067,PHYSICAL EXAMS,26416,26416,26416
LOCAL,0100,CORPORATE FUND,35,PROCUREMENT SERVICES,2005,PROCUREMENT SERVICES,5,SALARIES AND WAGES - ON PAYROLL,5204065,5204065,5478446
LOCAL,0100,CORPORATE FUND,35,PROCUREMENT SERVICES,2005,PROCUREMENT SERVICES,11,CONTRACT WAGE - SALARY,3653,3653,3689
LOCAL,0100,CORPORATE FUND,35,PROCUREMENT SERVICES,2005,PROCUREMENT SERVICES,12,CONTRACT WAGE - PREVAILING RATE,2117,2117,2182
LOCAL,0100,CORPORATE FUND,35,PROCUREMENT SERVICES,2005,PROCUREMENT SERVICES,15,SCHEDULE SALARY ADJUSTMENTS,40600,40600,28465
LOCAL,0100,CORPORATE FUND,35,PROCUREMENT SERVICES,2005,PROCUREMENT SERVICES,39,STUDENT AS TRAINEES,20000,20000,30000
LOCAL,0100,CORPORATE FUND,35,PROCUREMENT SERVICES,2005,PROCUREMENT SERVICES,130,POSTAGE,12900,12900,11372
LOCAL,0100,CORPORATE FUND,35,PROCUREMENT SERVICES,2005,PROCUREMENT SERVICES,140,PROFESSIONAL AND TECHNICAL SERVICES,949200,949200,497000
LOCAL,0100,CORPORATE FUND,35,PROCUREMENT SERVICES,2005,PROCUREMENT SERVICES,152,ADVERTISING,35800,35800,29000
LOCAL,0100,CORPORATE FUND,35,PROCUREMENT SERVICES,2005,PROCUREMENT SERVICES,157,RENTAL EQUIPMENT AND SERVICES,12180,12180,17592
LOCAL,0100,CORPORATE FUND,35,PROCUREMENT SERVICES,2005,PROCUREMENT SERVICES,160,REPAIR/MAINT PROPERTY,10980,10980,10924
LOCAL,0100,CORPORATE FUND,35,PROCUREMENT SERVICES,2005,PROCUREMENT SERVICES,162,REPAIR/MAINT EQUIPMENT,48470,48470,32534
LOCAL,0100,CORPORATE FUND,35,PROCUREMENT SERVICES,2005,PROCUREMENT SERVICES,166,DUES  SUBSC & MEM,0,0,22400
LOCAL,0100,CORPORATE FUND,35,PROCUREMENT SERVICES,2005,PROCUREMENT SERVICES,168,EDUCATION DEVELOPMENT,4500,4500,1700
LOCAL,0100,CORPORATE FUND,35,PROCUREMENT SERVICES,2005,PROCUREMENT SERVICES,169,TECHNICAL MEETING COSTS,7900,7900,11200
LOCAL,0100,CORPORATE FUND,35,PROCUREMENT SERVICES,2005,PROCUREMENT SERVICES,178,FREIGHT AND EXPRESS CHARGES,700,700,500
LOCAL,0100,CORPORATE FUND,35,PROCUREMENT SERVICES,2005,PROCUREMENT SERVICES,181,MOBILE COMMUNICATION SERVICES,11505,11505,10164
LOCAL,0100,CORPORATE FUND,35,PROCUREMENT SERVICES,2005,PROCUREMENT SERVICES,190,TELEPHONE - NON-CENTREX BILLINGS,23600,23600,29200
LOCAL,0100,CORPORATE FUND,35,PROCUREMENT SERVICES,2005,PROCUREMENT SERVICES,197,TELEPHONE - MAINTENANCE,6500,6500,15235
LOCAL,0100,CORPORATE FUND,35,PROCUREMENT SERVICES,2005,PROCUREMENT SERVICES,229,TRANSPORTATION AND EXPENSE ALLOWANCE,200,200,200
LOCAL,0100,CORPORATE FUND,35,PROCUREMENT SERVICES,2005,PROCUREMENT SERVICES,245,REIMBURSEMENT TO TRAVELERS,8000,8000,8000
LOCAL,0100,CORPORATE FUND,35,PROCUREMENT SERVICES,2005,PROCUREMENT SERVICES,270,LOCAL TRANSPORTATION,3290,3290,3290
LOCAL,0100,CORPORATE FUND,35,PROCUREMENT SERVICES,2005,PROCUREMENT SERVICES,340,MATERIAL AND SUPPLIES,2500,2500,2250
LOCAL,0100,CORPORATE FUND,35,PROCUREMENT SERVICES,2005,PROCUREMENT SERVICES,350,STATIONERY AND OFFICE SUPPLIES,23350,23350,19385
LOCAL,0200,WATER FUND,35,PROCUREMENT SERVICES,2005,PROCUREMENT SERVICES,5,SALARIES AND WAGES - ON PAYROLL,188316,188316,194203
LOCAL,0200,WATER FUND,35,PROCUREMENT SERVICES,2005,PROCUREMENT SERVICES,15,SCHEDULE SALARY ADJUSTMENTS,3134,3134,2832
LOCAL,0740,O HARE REVENUE FUND,35,PROCUREMENT SERVICES,2005,PROCUREMENT SERVICES,5,SALARIES AND WAGES - ON PAYROLL,1194084,1194084,1262738
LOCAL,0740,O HARE REVENUE FUND,35,PROCUREMENT SERVICES,2005,PROCUREMENT SERVICES,11,CONTRACT WAGE - SALARY,0,0,340
LOCAL,0740,O HARE REVENUE FUND,35,PROCUREMENT SERVICES,2005,PROCUREMENT SERVICES,15,SCHEDULE SALARY ADJUSTMENTS,9960,9960,10997
LOCAL,0740,O HARE REVENUE FUND,35,PROCUREMENT SERVICES,2005,PROCUREMENT SERVICES,140,PROFESSIONAL AND TECHNICAL SERVICES,142000,142000,120000
LOCAL,0740,O HARE REVENUE FUND,35,PROCUREMENT SERVICES,2005,PROCUREMENT SERVICES,245,REIMBURSEMENT TO TRAVELERS,2000,2000,2000
LOCAL,0740,O HARE REVENUE FUND,35,PROCUREMENT SERVICES,2005,PROCUREMENT SERVICES,270,LOCAL TRANSPORTATION,500,500,400
LOCAL,0740,O HARE REVENUE FUND,35,PROCUREMENT SERVICES,2005,PROCUREMENT SERVICES,350,STATIONERY AND OFFICE SUPPLIES,1000,1000,800
LOCAL,0100,CORPORATE FUND,38,FLEET AND FACILITY MANAGEMENT,2103,BUREAU OF FINANCE AND ADMIN,5,SALARIES AND WAGES - ON PAYROLL,2905941,2905941,2872857
LOCAL,0100,CORPORATE FUND,38,FLEET AND FACILITY MANAGEMENT,2103,BUREAU OF FINANCE AND ADMIN,11,CONTRACT WAGE - SALARY,6788,6788,8198
LOCAL,0100,CORPORATE FUND,38,FLEET AND FACILITY MANAGEMENT,2103,BUREAU OF FINANCE AND ADMIN,15,SCHEDULE SALARY ADJUSTMENTS,13628,13628,15052
LOCAL,0100,CORPORATE FUND,38,FLEET AND FACILITY MANAGEMENT,2103,BUREAU OF FINANCE AND ADMIN,140,PROFESSIONAL AND TECHNICAL SERVICES,20000,20000,18000
LOCAL,0100,CORPORATE FUND,38,FLEET AND FACILITY MANAGEMENT,2103,BUREAU OF FINANCE AND ADMIN,143,COURT REPORTING,5000,5000,4000
LOCAL,0100,CORPORATE FUND,38,FLEET AND FACILITY MANAGEMENT,2103,BUREAU OF FINANCE AND ADMIN,148,TESTING AND INSPECTING,2000,2000,2000
LOCAL,0100,CORPORATE FUND,38,FLEET AND FACILITY MANAGEMENT,2103,BUREAU OF FINANCE AND ADMIN,152,ADVERTISING,2000,2000,2000
LOCAL,0100,CORPORATE FUND,38,FLEET AND FACILITY MANAGEMENT,2103,BUREAU OF FINANCE AND ADMIN,159,LEASE/PURCHASE EQUIPMENT,75000,75000,75000
LOCAL,0100,CORPORATE FUND,38,FLEET AND FACILITY MANAGEMENT,2103,BUREAU OF FINANCE AND ADMIN,166,DUES  SUBSC & MEM,14050,14050,11000
LOCAL,0100,CORPORATE FUND,38,FLEET AND FACILITY MANAGEMENT,2103,BUREAU OF FINANCE AND ADMIN,181,MOBILE COMMUNICATION SERVICES,136948,136948,161040
LOCAL,0100,CORPORATE FUND,38,FLEET AND FACILITY MANAGEMENT,2103,BUREAU OF FINANCE AND ADMIN,189,TELEPHONE - NON-CENTREX BILLINGS,41700,41700,63000
LOCAL,0100,CORPORATE FUND,38,FLEET AND FACILITY MANAGEMENT,2103,BUREAU OF FINANCE AND ADMIN,190,TELEPHONE - NON-CENTREX BILLINGS,213800,213800,214000
LOCAL,0100,CORPORATE FUND,38,FLEET AND FACILITY MANAGEMENT,2103,BUREAU OF FINANCE AND ADMIN,191,TELEPHONE - RELOCATIONS,9000,9000,9000
LOCAL,0100,CORPORATE FUND,38,FLEET AND FACILITY MANAGEMENT,2103,BUREAU OF FINANCE AND ADMIN,196,DATA CIRCUITS,88500,88500,81300
LOCAL,0100,CORPORATE FUND,38,FLEET AND FACILITY MANAGEMENT,2103,BUREAU OF FINANCE AND ADMIN,197,TELEPHONE - MAINTENANCE,33695,33695,33695
LOCAL,0100,CORPORATE FUND,38,FLEET AND FACILITY MANAGEMENT,2103,BUREAU OF FINANCE AND ADMIN,340,MATERIAL AND SUPPLIES,13000,13000,11000
LOCAL,0100,CORPORATE FUND,38,FLEET AND FACILITY MANAGEMENT,2103,BUREAU OF FINANCE AND ADMIN,350,STATIONERY AND OFFICE SUPPLIES,40000,40000,35000
LOCAL,0100,CORPORATE FUND,38,FLEET AND FACILITY MANAGEMENT,2126,BUREAU OF FACILITY MANAGEMENT,5,SALARIES AND WAGES - ON PAYROLL,29802446,29802446,30452370
LOCAL,0100,CORPORATE FUND,38,FLEET AND FACILITY MANAGEMENT,2126,BUREAU OF FACILITY MANAGEMENT,11,CONTRACT WAGE - SALARY,5281,5281,5994
LOCAL,0100,CORPORATE FUND,38,FLEET AND FACILITY MANAGEMENT,2126,BUREAU OF FACILITY MANAGEMENT,12,CONTRACT WAGE - PREVAILING RATE,319346,319346,322899
LOCAL,0100,CORPORATE FUND,38,FLEET AND FACILITY MANAGEMENT,2126,BUREAU OF FACILITY MANAGEMENT,15,SCHEDULE SALARY ADJUSTMENTS,12251,12251,16998
LOCAL,0100,CORPORATE FUND,38,FLEET AND FACILITY MANAGEMENT,2126,BUREAU OF FACILITY MANAGEMENT,20,OVERTIME,500000,500000,500000
LOCAL,0100,CORPORATE FUND,38,FLEET AND FACILITY MANAGEMENT,2126,BUREAU OF FACILITY MANAGEMENT,125,OFFICE AND BUILDING SERVICES,17191058,17191058,16428149
LOCAL,0100,CORPORATE FUND,38,FLEET AND FACILITY MANAGEMENT,2126,BUREAU OF FACILITY MANAGEMENT,130,POSTAGE,45000,45000,45000
LOCAL,0100,CORPORATE FUND,38,FLEET AND FACILITY MANAGEMENT,2126,BUREAU OF FACILITY MANAGEMENT,140,PROFESSIONAL AND TECHNICAL SERVICES,4398601,4398601,4457246
LOCAL,0100,CORPORATE FUND,38,FLEET AND FACILITY MANAGEMENT,2126,BUREAU OF FACILITY MANAGEMENT,157,RENTAL EQUIPMENT AND SERVICES,445180,445180,407125
LOCAL,0100,CORPORATE FUND,38,FLEET AND FACILITY MANAGEMENT,2126,BUREAU OF FACILITY MANAGEMENT,160,REPAIR/MAINT PROPERTY,810000,810000,1750000
LOCAL,0100,CORPORATE FUND,38,FLEET AND FACILITY MANAGEMENT,2126,BUREAU OF FACILITY MANAGEMENT,162,REPAIR/MAINT EQUIPMENT,1835300,1835300,2500000
LOCAL,0100,CORPORATE FUND,38,FLEET AND FACILITY MANAGEMENT,2126,BUREAU OF FACILITY MANAGEMENT,229,TRANSPORTATION AND EXPENSE ALLOWANCE,35000,35000,27000
LOCAL,0100,CORPORATE FUND,38,FLEET AND FACILITY MANAGEMENT,2126,BUREAU OF FACILITY MANAGEMENT,313,CLEANING AND SANITATION SUPPLIES,620000,620000,630000
LOCAL,0100,CORPORATE FUND,38,FLEET AND FACILITY MANAGEMENT,2126,BUREAU OF FACILITY MANAGEMENT,319,CLOTHING,52612,52612,129875
LOCAL,0100,CORPORATE FUND,38,FLEET AND FACILITY MANAGEMENT,2126,BUREAU OF FACILITY MANAGEMENT,340,MATERIAL AND SUPPLIES,1658000,1658000,1692000
LOCAL,0100,CORPORATE FUND,38,FLEET AND FACILITY MANAGEMENT,2126,BUREAU OF FACILITY MANAGEMENT,342,DRUGS  MEDICINE AND CHEMICAL MATERIALS,1660,1660,1440
LOCAL,0100,CORPORATE FUND,38,FLEET AND FACILITY MANAGEMENT,2131,BUREAU OF ASSET MANAGEMENT,5,SALARIES AND WAGES - ON PAYROLL,3073345,3073345,3581305
LOCAL,0100,CORPORATE FUND,38,FLEET AND FACILITY MANAGEMENT,2131,BUREAU OF ASSET MANAGEMENT,11,CONTRACT WAGE - SALARY,4092,4092,6458
LOCAL,0100,CORPORATE FUND,38,FLEET AND FACILITY MANAGEMENT,2131,BUREAU OF ASSET MANAGEMENT,15,SCHEDULE SALARY ADJUSTMENTS,8113,8113,35321
LOCAL,0100,CORPORATE FUND,38,FLEET AND FACILITY MANAGEMENT,2131,BUREAU OF ASSET MANAGEMENT,20,OVERTIME,0,0,10000
LOCAL,0100,CORPORATE FUND,38,FLEET AND FACILITY MANAGEMENT,2131,BUREAU OF ASSET MANAGEMENT,140,PROFESSIONAL AND TECHNICAL SERVICES,1707750,1707750,1705432
LOCAL,0100,CORPORATE FUND,38,FLEET AND FACILITY MANAGEMENT,2131,BUREAU OF ASSET MANAGEMENT,141,APPRAISALS,30000,30000,30000
LOCAL,0100,CORPORATE FUND,38,FLEET AND FACILITY MANAGEMENT,2131,BUREAU OF ASSET MANAGEMENT,149,SOFTWARE MAINTENANCE AND LICENSING,115500,115500,94500
LOCAL,0100,CORPORATE FUND,38,FLEET AND FACILITY MANAGEMENT,2131,BUREAU OF ASSET MANAGEMENT,155,RENTAL OF PROPERTY,11498310,11498310,11755397
LOCAL,0100,CORPORATE FUND,38,FLEET AND FACILITY MANAGEMENT,2131,BUREAU OF ASSET MANAGEMENT,159,LEASE/PURCHASE EQUIPMENT,280000,280000,336119
LOCAL,0100,CORPORATE FUND,38,FLEET AND FACILITY MANAGEMENT,2131,BUREAU OF ASSET MANAGEMENT,160,REPAIR/MAINT PROPERTY,200000,200000,200000
LOCAL,0100,CORPORATE FUND,38,FLEET AND FACILITY MANAGEMENT,2131,BUREAU OF ASSET MANAGEMENT,162,REPAIR/MAINT EQUIPMENT,60000,60000,64000
LOCAL,0100,CORPORATE FUND,38,FLEET AND FACILITY MANAGEMENT,2131,BUREAU OF ASSET MANAGEMENT,166,DUES  SUBSC & MEM,1761,1761,1875
LOCAL,0100,CORPORATE FUND,38,FLEET AND FACILITY MANAGEMENT,2131,BUREAU OF ASSET MANAGEMENT,169,TECHNICAL MEETING COSTS,38392,38392,23868
LOCAL,0100,CORPORATE FUND,38,FLEET AND FACILITY MANAGEMENT,2131,BUREAU OF ASSET MANAGEMENT,179,MESSENGER SERVICES,1500,1500,1500
LOCAL,0100,CORPORATE FUND,38,FLEET AND FACILITY MANAGEMENT,2131,BUREAU OF ASSET MANAGEMENT,185,WASTE DISPOSAL SERVICES,1000,1000,1000
LOCAL,0100,CORPORATE FUND,38,FLEET AND FACILITY MANAGEMENT,2131,BUREAU OF ASSET MANAGEMENT,229,TRANSPORTATION AND EXPENSE ALLOWANCE,2419,2419,495
LOCAL,0100,CORPORATE FUND,38,FLEET AND FACILITY MANAGEMENT,2131,BUREAU OF ASSET MANAGEMENT,315,MOTOR VEHL DIESEL FUEL,5477129,5477129,3544645
LOCAL,0100,CORPORATE FUND,38,FLEET AND FACILITY MANAGEMENT,2131,BUREAU OF ASSET MANAGEMENT,318,OTHER FUEL,275000,275000,115000
LOCAL,0100,CORPORATE FUND,38,FLEET AND FACILITY MANAGEMENT,2131,BUREAU OF ASSET MANAGEMENT,320,GASOLINE,17424383,17424383,14602611
LOCAL,0100,CORPORATE FUND,38,FLEET AND FACILITY MANAGEMENT,2131,BUREAU OF ASSET MANAGEMENT,322,NATURAL GAS,2933151,2933151,3472726
LOCAL,0100,CORPORATE FUND,38,FLEET AND FACILITY MANAGEMENT,2131,BUREAU OF ASSET MANAGEMENT,325,ALTERNATIVE FUEL,140812,140812,24074
LOCAL,0100,CORPORATE FUND,38,FLEET AND FACILITY MANAGEMENT,2131,BUREAU OF ASSET MANAGEMENT,331,ELECTRICITY,10666356,10666356,10321830
LOCAL,0100,CORPORATE FUND,38,FLEET AND FACILITY MANAGEMENT,2131,BUREAU OF ASSET MANAGEMENT,332,ELECTRICITY - STREET LIGHTING,0,0,22131208
LOCAL,0100,CORPORATE FUND,38,FLEET AND FACILITY MANAGEMENT,2131,BUREAU OF ASSET MANAGEMENT,340,MATERIAL AND SUPPLIES,256130,256130,259775
LOCAL,0100,CORPORATE FUND,38,FLEET AND FACILITY MANAGEMENT,2131,BUREAU OF ASSET MANAGEMENT,350,STATIONERY AND OFFICE SUPPLIES,370000,370000,410000
LOCAL,0100,CORPORATE FUND,38,FLEET AND FACILITY MANAGEMENT,2131,BUREAU OF ASSET MANAGEMENT,9067,PHYSICAL EXAMS,0,0,18150
LOCAL,0100,CORPORATE FUND,38,FLEET AND FACILITY MANAGEMENT,2131,BUREAU OF ASSET MANAGEMENT,9160,PBC,512777,512777,72800
LOCAL,0100,CORPORATE FUND,38,FLEET AND FACILITY MANAGEMENT,2140,FLEET OPERATIONS,5,SALARIES AND WAGES - ON PAYROLL,30546853,30546853,31347073
LOCAL,0100,CORPORATE FUND,38,FLEET AND FACILITY MANAGEMENT,2140,FLEET OPERATIONS,11,CONTRACT WAGE - SALARY,3710,3710,3815
LOCAL,0100,CORPORATE FUND,38,FLEET AND FACILITY MANAGEMENT,2140,FLEET OPERATIONS,12,CONTRACT WAGE - PREVAILING RATE,290324,290324,243799
LOCAL,0100,CORPORATE FUND,38,FLEET AND FACILITY MANAGEMENT,2140,FLEET OPERATIONS,15,SCHEDULE SALARY ADJUSTMENTS,24106,24106,23903
LOCAL,0100,CORPORATE FUND,38,FLEET AND FACILITY MANAGEMENT,2140,FLEET OPERATIONS,20,OVERTIME,400000,400000,400000
LOCAL,0100,CORPORATE FUND,38,FLEET AND FACILITY MANAGEMENT,2140,FLEET OPERATIONS,140,PROFESSIONAL AND TECHNICAL SERVICES,4240982,4240982,4259457
LOCAL,0100,CORPORATE FUND,38,FLEET AND FACILITY MANAGEMENT,2140,FLEET OPERATIONS,148,TESTING AND INSPECTING,102060,102060,102060
LOCAL,0100,CORPORATE FUND,38,FLEET AND FACILITY MANAGEMENT,2140,FLEET OPERATIONS,149,SOFTWARE MAINTENANCE AND LICENSING,202804,202804,251868
LOCAL,0100,CORPORATE FUND,38,FLEET AND FACILITY MANAGEMENT,2140,FLEET OPERATIONS,157,RENTAL EQUIPMENT AND SERVICES,2377983,2377983,2692199
LOCAL,0100,CORPORATE FUND,38,FLEET AND FACILITY MANAGEMENT,2140,FLEET OPERATIONS,161,MAINT FACILITIES,57501,57501,57501
LOCAL,0100,CORPORATE FUND,38,FLEET AND FACILITY MANAGEMENT,2140,FLEET OPERATIONS,162,REPAIR/MAINT EQUIPMENT,536376,536376,536376
LOCAL,0100,CORPORATE FUND,38,FLEET AND FACILITY MANAGEMENT,2140,FLEET OPERATIONS,166,DUES  SUBSC & MEM,5000,5000,5000
LOCAL,0100,CORPORATE FUND,38,FLEET AND FACILITY MANAGEMENT,2140,FLEET OPERATIONS,176,MAINTENANCE AND OPERATION - VEHICLES,5852476,5852476,5852476
LOCAL,0100,CORPORATE FUND,38,FLEET AND FACILITY MANAGEMENT,2140,FLEET OPERATIONS,185,WASTE DISPOSAL SERVICES,4704,4704,4704
LOCAL,0100,CORPORATE FUND,38,FLEET AND FACILITY MANAGEMENT,2140,FLEET OPERATIONS,188,VEHICLE TRACKING SERVICE,75000,75000,145453
LOCAL,0100,CORPORATE FUND,38,FLEET AND FACILITY MANAGEMENT,2140,FLEET OPERATIONS,245,REIMBURSEMENT TO TRAVELERS,10000,10000,10000
LOCAL,0100,CORPORATE FUND,38,FLEET AND FACILITY MANAGEMENT,2140,FLEET OPERATIONS,319,CLOTHING,22300,22300,22300
LOCAL,0100,CORPORATE FUND,38,FLEET AND FACILITY MANAGEMENT,2140,FLEET OPERATIONS,338,LICENSE STICKER TAG AND PLATES,104050,104050,83508
LOCAL,0100,CORPORATE FUND,38,FLEET AND FACILITY MANAGEMENT,2140,FLEET OPERATIONS,340,MATERIAL AND SUPPLIES,48912,48912,48912
LOCAL,0100,CORPORATE FUND,38,FLEET AND FACILITY MANAGEMENT,2140,FLEET OPERATIONS,342,DRUGS  MEDICINE AND CHEMICAL MATERIALS,3885,3885,3885
LOCAL,0100,CORPORATE FUND,38,FLEET AND FACILITY MANAGEMENT,2140,FLEET OPERATIONS,345,APPARATUS AND INSTRUMENTS,47004,47004,47004
LOCAL,0100,CORPORATE FUND,38,FLEET AND FACILITY MANAGEMENT,2140,FLEET OPERATIONS,348,BOOKS AND RELATED MATERIAL,588,588,588
LOCAL,0100,CORPORATE FUND,38,FLEET AND FACILITY MANAGEMENT,2140,FLEET OPERATIONS,360,REPAIR PARTS AND MATERIAL,11170427,11170427,11170427
LOCAL,0200,WATER FUND,38,FLEET AND FACILITY MANAGEMENT,2126,BUREAU OF FACILITY MANAGEMENT,125,OFFICE AND BUILDING SERVICES,126025,126025,127007
LOCAL,0200,WATER FUND,38,FLEET AND FACILITY MANAGEMENT,2126,BUREAU OF FACILITY MANAGEMENT,313,CLEANING AND SANITATION SUPPLIES,5800,5800,6000
LOCAL,0200,WATER FUND,38,FLEET AND FACILITY MANAGEMENT,2131,BUREAU OF ASSET MANAGEMENT,140,PROFESSIONAL AND TECHNICAL SERVICES,125000,125000,122206
LOCAL,0200,WATER FUND,38,FLEET AND FACILITY MANAGEMENT,2131,BUREAU OF ASSET MANAGEMENT,155,RENTAL OF PROPERTY,403434,403434,417770
LOCAL,0200,WATER FUND,38,FLEET AND FACILITY MANAGEMENT,2131,BUREAU OF ASSET MANAGEMENT,315,MOTOR VEHL DIESEL FUEL,2571201,2571201,1664009
LOCAL,0200,WATER FUND,38,FLEET AND FACILITY MANAGEMENT,2131,BUREAU OF ASSET MANAGEMENT,320,GASOLINE,196117,196117,164357
LOCAL,0200,WATER FUND,38,FLEET AND FACILITY MANAGEMENT,2131,BUREAU OF ASSET MANAGEMENT,322,NATURAL GAS,14018639,14018639,12853007
LOCAL,0200,WATER FUND,38,FLEET AND FACILITY MANAGEMENT,2131,BUREAU OF ASSET MANAGEMENT,331,ELECTRICITY,14724550,14724550,12141000
LOCAL,0200,WATER FUND,38,FLEET AND FACILITY MANAGEMENT,2140,FLEET OPERATIONS,5,SALARIES AND WAGES - ON PAYROLL,4081527,4081527,4169105
LOCAL,0200,WATER FUND,38,FLEET AND FACILITY MANAGEMENT,2140,FLEET OPERATIONS,11,CONTRACT WAGE - SALARY,1321,1321,1346
LOCAL,0200,WATER FUND,38,FLEET AND FACILITY MANAGEMENT,2140,FLEET OPERATIONS,12,CONTRACT WAGE - PREVAILING RATE,32937,32937,32414
LOCAL,0200,WATER FUND,38,FLEET AND FACILITY MANAGEMENT,2140,FLEET OPERATIONS,20,OVERTIME,120000,120000,120000
LOCAL,0200,WATER FUND,38,FLEET AND FACILITY MANAGEMENT,2140,FLEET OPERATIONS,140,PROFESSIONAL AND TECHNICAL SERVICES,398930,398930,398930
LOCAL,0200,WATER FUND,38,FLEET AND FACILITY MANAGEMENT,2140,FLEET OPERATIONS,149,SOFTWARE MAINTENANCE AND LICENSING,0,0,8692
LOCAL,0200,WATER FUND,38,FLEET AND FACILITY MANAGEMENT,2140,FLEET OPERATIONS,160,REPAIR/MAINT PROPERTY,65800,65800,65800
LOCAL,0200,WATER FUND,38,FLEET AND FACILITY MANAGEMENT,2140,FLEET OPERATIONS,161,MAINT FACILITIES,0,0,50000
LOCAL,0200,WATER FUND,38,FLEET AND FACILITY MANAGEMENT,2140,FLEET OPERATIONS,176,MAINTENANCE AND OPERATION - VEHICLES,219516,219516,219516
LOCAL,0200,WATER FUND,38,FLEET AND FACILITY MANAGEMENT,2140,FLEET OPERATIONS,360,REPAIR PARTS AND MATERIAL,1465798,1465798,1465798
LOCAL,0300,VEHICLE FUND,38,FLEET AND FACILITY MANAGEMENT,2126,BUREAU OF FACILITY MANAGEMENT,125,OFFICE AND BUILDING SERVICES,398721,398721,408658
LOCAL,0300,VEHICLE FUND,38,FLEET AND FACILITY MANAGEMENT,2126,BUREAU OF FACILITY MANAGEMENT,140,PROFESSIONAL AND TECHNICAL SERVICES,399240,399240,436919
LOCAL,0300,VEHICLE FUND,38,FLEET AND FACILITY MANAGEMENT,2126,BUREAU OF FACILITY MANAGEMENT,313,CLEANING AND SANITATION SUPPLIES,26000,26000,26000
LOCAL,0300,VEHICLE FUND,38,FLEET AND FACILITY MANAGEMENT,2131,BUREAU OF ASSET MANAGEMENT,140,PROFESSIONAL AND TECHNICAL SERVICES,30000,30000,29329
LOCAL,0300,VEHICLE FUND,38,FLEET AND FACILITY MANAGEMENT,2131,BUREAU OF ASSET MANAGEMENT,155,RENTAL OF PROPERTY,1838488,1838488,1656281
LOCAL,0300,VEHICLE FUND,38,FLEET AND FACILITY MANAGEMENT,2131,BUREAU OF ASSET MANAGEMENT,315,MOTOR VEHL DIESEL FUEL,10319346,10319346,6703391
LOCAL,0300,VEHICLE FUND,38,FLEET AND FACILITY MANAGEMENT,2131,BUREAU OF ASSET MANAGEMENT,320,GASOLINE,1320208,1320208,1131408
LOCAL,0300,VEHICLE FUND,38,FLEET AND FACILITY MANAGEMENT,2131,BUREAU OF ASSET MANAGEMENT,322,NATURAL GAS,780984,780984,974022
LOCAL,0300,VEHICLE FUND,38,FLEET AND FACILITY MANAGEMENT,2131,BUREAU OF ASSET MANAGEMENT,325,ALTERNATIVE FUEL,200000,200000,34193
LOCAL,0300,VEHICLE FUND,38,FLEET AND FACILITY MANAGEMENT,2131,BUREAU OF ASSET MANAGEMENT,331,ELECTRICITY,1350816,1350816,1300613
LOCAL,0300,VEHICLE FUND,38,FLEET AND FACILITY MANAGEMENT,2140,FLEET OPERATIONS,148,TESTING AND INSPECTING,0,0,56000
LOCAL,0310,MOTOR FUEL TAX FUND,38,FLEET AND FACILITY MANAGEMENT,2131,BUREAU OF ASSET MANAGEMENT,315,MOTOR VEHL DIESEL FUEL,1099607,1099607,686635
LOCAL,0310,MOTOR FUEL TAX FUND,38,FLEET AND FACILITY MANAGEMENT,2131,BUREAU OF ASSET MANAGEMENT,320,GASOLINE,332413,332413,253581
LOCAL,0310,MOTOR FUEL TAX FUND,38,FLEET AND FACILITY MANAGEMENT,2140,FLEET OPERATIONS,5,SALARIES AND WAGES - ON PAYROLL,3236470,3236470,3340631
LOCAL,0310,MOTOR FUEL TAX FUND,38,FLEET AND FACILITY MANAGEMENT,2140,FLEET OPERATIONS,12,CONTRACT WAGE - PREVAILING RATE,33363,33363,27269
LOCAL,0310,MOTOR FUEL TAX FUND,38,FLEET AND FACILITY MANAGEMENT,2140,FLEET OPERATIONS,15,SCHEDULE SALARY ADJUSTMENTS,1712,1712,1784
LOCAL,0310,MOTOR FUEL TAX FUND,38,FLEET AND FACILITY MANAGEMENT,2140,FLEET OPERATIONS,20,OVERTIME,1000000,1000000,545817
LOCAL,0310,MOTOR FUEL TAX FUND,38,FLEET AND FACILITY MANAGEMENT,2140,FLEET OPERATIONS,140,PROFESSIONAL AND TECHNICAL SERVICES,300000,300000,300000
LOCAL,0310,MOTOR FUEL TAX FUND,38,FLEET AND FACILITY MANAGEMENT,2140,FLEET OPERATIONS,157,RENTAL EQUIPMENT AND SERVICES,3041822,3041822,3041822
LOCAL,0310,MOTOR FUEL TAX FUND,38,FLEET AND FACILITY MANAGEMENT,2140,FLEET OPERATIONS,360,REPAIR PARTS AND MATERIAL,1200000,1200000,1200000
LOCAL,0314,SEWER FUND,38,FLEET AND FACILITY MANAGEMENT,2131,BUREAU OF ASSET MANAGEMENT,140,PROFESSIONAL AND TECHNICAL SERVICES,90000,90000,87988
LOCAL,0314,SEWER FUND,38,FLEET AND FACILITY MANAGEMENT,2131,BUREAU OF ASSET MANAGEMENT,155,RENTAL OF PROPERTY,390420,390420,391022
LOCAL,0314,SEWER FUND,38,FLEET AND FACILITY MANAGEMENT,2131,BUREAU OF ASSET MANAGEMENT,315,MOTOR VEHL DIESEL FUEL,1259602,1259602,815179
LOCAL,0314,SEWER FUND,38,FLEET AND FACILITY MANAGEMENT,2131,BUREAU OF ASSET MANAGEMENT,320,GASOLINE,186310,186310,156138
LOCAL,0314,SEWER FUND,38,FLEET AND FACILITY MANAGEMENT,2131,BUREAU OF ASSET MANAGEMENT,322,NATURAL GAS,48633,48633,45733
LOCAL,0314,SEWER FUND,38,FLEET AND FACILITY MANAGEMENT,2131,BUREAU OF ASSET MANAGEMENT,325,ALTERNATIVE FUEL,42883,42883,7333
LOCAL,0314,SEWER FUND,38,FLEET AND FACILITY MANAGEMENT,2131,BUREAU OF ASSET MANAGEMENT,331,ELECTRICITY,63107,63107,47923
LOCAL,0314,SEWER FUND,38,FLEET AND FACILITY MANAGEMENT,2140,FLEET OPERATIONS,5,SALARIES AND WAGES - ON PAYROLL,2488171,2488171,2561742
LOCAL,0314,SEWER FUND,38,FLEET AND FACILITY MANAGEMENT,2140,FLEET OPERATIONS,12,CONTRACT WAGE - PREVAILING RATE,18129,18129,22763
LOCAL,0314,SEWER FUND,38,FLEET AND FACILITY MANAGEMENT,2140,FLEET OPERATIONS,20,OVERTIME,60000,60000,60000
LOCAL,0314,SEWER FUND,38,FLEET AND FACILITY MANAGEMENT,2140,FLEET OPERATIONS,140,PROFESSIONAL AND TECHNICAL SERVICES,203747,203747,203747
LOCAL,0314,SEWER FUND,38,FLEET AND FACILITY MANAGEMENT,2140,FLEET OPERATIONS,149,SOFTWARE MAINTENANCE AND LICENSING,0,0,5215
LOCAL,0314,SEWER FUND,38,FLEET AND FACILITY MANAGEMENT,2140,FLEET OPERATIONS,161,MAINT FACILITIES,0,0,50000
LOCAL,0314,SEWER FUND,38,FLEET AND FACILITY MANAGEMENT,2140,FLEET OPERATIONS,162,REPAIR/MAINT EQUIPMENT,45120,45120,45120
LOCAL,0314,SEWER FUND,38,FLEET AND FACILITY MANAGEMENT,2140,FLEET OPERATIONS,176,MAINTENANCE AND OPERATION - VEHICLES,250501,250501,250501
LOCAL,0314,SEWER FUND,38,FLEET AND FACILITY MANAGEMENT,2140,FLEET OPERATIONS,360,REPAIR PARTS AND MATERIAL,754603,754603,754603
LOCAL,0346,LIBRARY FUND,38,FLEET AND FACILITY MANAGEMENT,2126,BUREAU OF FACILITY MANAGEMENT,5,SALARIES AND WAGES - ON PAYROLL,1380617,1380617,1452596
LOCAL,0346,LIBRARY FUND,38,FLEET AND FACILITY MANAGEMENT,2126,BUREAU OF FACILITY MANAGEMENT,12,CONTRACT WAGE - PREVAILING RATE,15985,15985,16616
LOCAL,0346,LIBRARY FUND,38,FLEET AND FACILITY MANAGEMENT,2126,BUREAU OF FACILITY MANAGEMENT,15,SCHEDULE SALARY ADJUSTMENTS,1848,1848,1206
LOCAL,0346,LIBRARY FUND,38,FLEET AND FACILITY MANAGEMENT,2126,BUREAU OF FACILITY MANAGEMENT,20,OVERTIME,10000,10000,10000
LOCAL,0346,LIBRARY FUND,38,FLEET AND FACILITY MANAGEMENT,2126,BUREAU OF FACILITY MANAGEMENT,125,OFFICE AND BUILDING SERVICES,3264910,3264910,3012336
LOCAL,0346,LIBRARY FUND,38,FLEET AND FACILITY MANAGEMENT,2126,BUREAU OF FACILITY MANAGEMENT,140,PROFESSIONAL AND TECHNICAL SERVICES,2972860,2972860,2994565
LOCAL,0346,LIBRARY FUND,38,FLEET AND FACILITY MANAGEMENT,2126,BUREAU OF FACILITY MANAGEMENT,160,REPAIR/MAINT PROPERTY,300000,300000,375000
LOCAL,0346,LIBRARY FUND,38,FLEET AND FACILITY MANAGEMENT,2126,BUREAU OF FACILITY MANAGEMENT,162,REPAIR/MAINT EQUIPMENT,250000,250000,300000
LOCAL,0346,LIBRARY FUND,38,FLEET AND FACILITY MANAGEMENT,2126,BUREAU OF FACILITY MANAGEMENT,313,CLEANING AND SANITATION SUPPLIES,175000,175000,180000
LOCAL,0346,LIBRARY FUND,38,FLEET AND FACILITY MANAGEMENT,2126,BUREAU OF FACILITY MANAGEMENT,340,MATERIAL AND SUPPLIES,306000,306000,282500
LOCAL,0346,LIBRARY FUND,38,FLEET AND FACILITY MANAGEMENT,2131,BUREAU OF ASSET MANAGEMENT,155,RENTAL OF PROPERTY,1735165,1735165,1253976
LOCAL,0346,LIBRARY FUND,38,FLEET AND FACILITY MANAGEMENT,2131,BUREAU OF ASSET MANAGEMENT,315,MOTOR VEHL DIESEL FUEL,38388,38388,24844
LOCAL,0346,LIBRARY FUND,38,FLEET AND FACILITY MANAGEMENT,2131,BUREAU OF ASSET MANAGEMENT,320,GASOLINE,8772,8772,7351
LOCAL,0346,LIBRARY FUND,38,FLEET AND FACILITY MANAGEMENT,2131,BUREAU OF ASSET MANAGEMENT,322,NATURAL GAS,349599,349599,467591
LOCAL,0346,LIBRARY FUND,38,FLEET AND FACILITY MANAGEMENT,2131,BUREAU OF ASSET MANAGEMENT,331,ELECTRICITY,2406143,2406143,2780585
LOCAL,0346,LIBRARY FUND,38,FLEET AND FACILITY MANAGEMENT,2140,FLEET OPERATIONS,176,MAINTENANCE AND OPERATION - VEHICLES,37485,37485,37485
LOCAL,0346,LIBRARY FUND,38,FLEET AND FACILITY MANAGEMENT,2140,FLEET OPERATIONS,360,REPAIR PARTS AND MATERIAL,15000,15000,15000
LOCAL,0610,MIDWAY AIRPORT FUND,38,FLEET AND FACILITY MANAGEMENT,2131,BUREAU OF ASSET MANAGEMENT,140,PROFESSIONAL AND TECHNICAL SERVICES,15000,15000,14665
LOCAL,0610,MIDWAY AIRPORT FUND,38,FLEET AND FACILITY MANAGEMENT,2131,BUREAU OF ASSET MANAGEMENT,315,MOTOR VEHL DIESEL FUEL,526788,526788,340922
LOCAL,0610,MIDWAY AIRPORT FUND,38,FLEET AND FACILITY MANAGEMENT,2131,BUREAU OF ASSET MANAGEMENT,320,GASOLINE,258598,258598,216720
LOCAL,0610,MIDWAY AIRPORT FUND,38,FLEET AND FACILITY MANAGEMENT,2131,BUREAU OF ASSET MANAGEMENT,322,NATURAL GAS,1002629,1002629,1014243
LOCAL,0610,MIDWAY AIRPORT FUND,38,FLEET AND FACILITY MANAGEMENT,2131,BUREAU OF ASSET MANAGEMENT,331,ELECTRICITY,4896276,4896276,5271982
LOCAL,0610,MIDWAY AIRPORT FUND,38,FLEET AND FACILITY MANAGEMENT,2140,FLEET OPERATIONS,5,SALARIES AND WAGES - ON PAYROLL,1208879,1208879,1250727
LOCAL,0610,MIDWAY AIRPORT FUND,38,FLEET AND FACILITY MANAGEMENT,2140,FLEET OPERATIONS,12,CONTRACT WAGE - PREVAILING RATE,10270,10270,6197
LOCAL,0610,MIDWAY AIRPORT FUND,38,FLEET AND FACILITY MANAGEMENT,2140,FLEET OPERATIONS,15,SCHEDULE SALARY ADJUSTMENTS,0,0,2010
LOCAL,0610,MIDWAY AIRPORT FUND,38,FLEET AND FACILITY MANAGEMENT,2140,FLEET OPERATIONS,20,OVERTIME,100000,100000,100000
LOCAL,0610,MIDWAY AIRPORT FUND,38,FLEET AND FACILITY MANAGEMENT,2140,FLEET OPERATIONS,140,PROFESSIONAL AND TECHNICAL SERVICES,214000,214000,214000
LOCAL,0610,MIDWAY AIRPORT FUND,38,FLEET AND FACILITY MANAGEMENT,2140,FLEET OPERATIONS,148,TESTING AND INSPECTING,5890,5890,5890
LOCAL,0610,MIDWAY AIRPORT FUND,38,FLEET AND FACILITY MANAGEMENT,2140,FLEET OPERATIONS,149,SOFTWARE MAINTENANCE AND LICENSING,6580,6580,6580
LOCAL,0610,MIDWAY AIRPORT FUND,38,FLEET AND FACILITY MANAGEMENT,2140,FLEET OPERATIONS,162,REPAIR/MAINT EQUIPMENT,30550,30550,30550
LOCAL,0610,MIDWAY AIRPORT FUND,38,FLEET AND FACILITY MANAGEMENT,2140,FLEET OPERATIONS,176,MAINTENANCE AND OPERATION - VEHICLES,315000,315000,315000
LOCAL,0610,MIDWAY AIRPORT FUND,38,FLEET AND FACILITY MANAGEMENT,2140,FLEET OPERATIONS,319,CLOTHING,600,600,600
LOCAL,0610,MIDWAY AIRPORT FUND,38,FLEET AND FACILITY MANAGEMENT,2140,FLEET OPERATIONS,338,LICENSE STICKER TAG AND PLATES,1000,1000,2014
LOCAL,0610,MIDWAY AIRPORT FUND,38,FLEET AND FACILITY MANAGEMENT,2140,FLEET OPERATIONS,342,DRUGS  MEDICINE AND CHEMICAL MATERIALS,158,158,158
LOCAL,0610,MIDWAY AIRPORT FUND,38,FLEET AND FACILITY MANAGEMENT,2140,FLEET OPERATIONS,350,STATIONERY AND OFFICE SUPPLIES,846,846,846
LOCAL,0610,MIDWAY AIRPORT FUND,38,FLEET AND FACILITY MANAGEMENT,2140,FLEET OPERATIONS,360,REPAIR PARTS AND MATERIAL,507795,507795,507795
LOCAL,0610,MIDWAY AIRPORT FUND,38,FLEET AND FACILITY MANAGEMENT,2140,FLEET OPERATIONS,440,MACHINERY AND EQUIPMENT,30690,30690,30690
LOCAL,0610,MIDWAY AIRPORT FUND,38,FLEET AND FACILITY MANAGEMENT,2140,FLEET OPERATIONS,450,VEHICLES,380000,380000,380000
LOCAL,0740,O HARE REVENUE FUND,38,FLEET AND FACILITY MANAGEMENT,2131,BUREAU OF ASSET MANAGEMENT,140,PROFESSIONAL AND TECHNICAL SERVICES,30000,30000,29329
LOCAL,0740,O HARE REVENUE FUND,38,FLEET AND FACILITY MANAGEMENT,2131,BUREAU OF ASSET MANAGEMENT,155,RENTAL OF PROPERTY,515040,515040,420000
LOCAL,0100,CORPORATE FUND,58,OEMC,2705,OEMC,401,TOOL <= $100 UNIT,41850,41850,39000
LOCAL,0740,O HARE REVENUE FUND,38,FLEET AND FACILITY MANAGEMENT,2131,BUREAU OF ASSET MANAGEMENT,315,MOTOR VEHL DIESEL FUEL,1935840,1935840,1252821
LOCAL,0740,O HARE REVENUE FUND,38,FLEET AND FACILITY MANAGEMENT,2131,BUREAU OF ASSET MANAGEMENT,320,GASOLINE,608567,608567,510013
LOCAL,0740,O HARE REVENUE FUND,38,FLEET AND FACILITY MANAGEMENT,2131,BUREAU OF ASSET MANAGEMENT,322,NATURAL GAS,6902417,6902417,7337058
LOCAL,0740,O HARE REVENUE FUND,38,FLEET AND FACILITY MANAGEMENT,2131,BUREAU OF ASSET MANAGEMENT,325,ALTERNATIVE FUEL,40000,40000,6839
LOCAL,0740,O HARE REVENUE FUND,38,FLEET AND FACILITY MANAGEMENT,2131,BUREAU OF ASSET MANAGEMENT,331,ELECTRICITY,19669369,19669369,21827671
LOCAL,0740,O HARE REVENUE FUND,38,FLEET AND FACILITY MANAGEMENT,2140,FLEET OPERATIONS,5,SALARIES AND WAGES - ON PAYROLL,5353469,5353469,6495099
LOCAL,0740,O HARE REVENUE FUND,38,FLEET AND FACILITY MANAGEMENT,2140,FLEET OPERATIONS,11,CONTRACT WAGE - SALARY,856,856,855
LOCAL,0740,O HARE REVENUE FUND,38,FLEET AND FACILITY MANAGEMENT,2140,FLEET OPERATIONS,12,CONTRACT WAGE - PREVAILING RATE,52430,52430,43165
LOCAL,0740,O HARE REVENUE FUND,38,FLEET AND FACILITY MANAGEMENT,2140,FLEET OPERATIONS,15,SCHEDULE SALARY ADJUSTMENTS,1104,1104,1194
LOCAL,0740,O HARE REVENUE FUND,38,FLEET AND FACILITY MANAGEMENT,2140,FLEET OPERATIONS,20,OVERTIME,340000,340000,340000
LOCAL,0740,O HARE REVENUE FUND,38,FLEET AND FACILITY MANAGEMENT,2140,FLEET OPERATIONS,140,PROFESSIONAL AND TECHNICAL SERVICES,765000,765000,765000
LOCAL,0740,O HARE REVENUE FUND,38,FLEET AND FACILITY MANAGEMENT,2140,FLEET OPERATIONS,148,TESTING AND INSPECTING,9670,9670,9670
LOCAL,0740,O HARE REVENUE FUND,38,FLEET AND FACILITY MANAGEMENT,2140,FLEET OPERATIONS,149,SOFTWARE MAINTENANCE AND LICENSING,6580,6580,26639
LOCAL,0740,O HARE REVENUE FUND,38,FLEET AND FACILITY MANAGEMENT,2140,FLEET OPERATIONS,162,REPAIR/MAINT EQUIPMENT,60912,60912,60912
LOCAL,0740,O HARE REVENUE FUND,38,FLEET AND FACILITY MANAGEMENT,2140,FLEET OPERATIONS,176,MAINTENANCE AND OPERATION - VEHICLES,1320000,1320000,1320000
LOCAL,0740,O HARE REVENUE FUND,38,FLEET AND FACILITY MANAGEMENT,2140,FLEET OPERATIONS,319,CLOTHING,3000,3000,3000
LOCAL,0740,O HARE REVENUE FUND,38,FLEET AND FACILITY MANAGEMENT,2140,FLEET OPERATIONS,338,LICENSE STICKER TAG AND PLATES,10000,10000,7612
LOCAL,0740,O HARE REVENUE FUND,38,FLEET AND FACILITY MANAGEMENT,2140,FLEET OPERATIONS,342,DRUGS  MEDICINE AND CHEMICAL MATERIALS,158,158,158
LOCAL,0740,O HARE REVENUE FUND,38,FLEET AND FACILITY MANAGEMENT,2140,FLEET OPERATIONS,350,STATIONERY AND OFFICE SUPPLIES,1034,1034,1034
LOCAL,0740,O HARE REVENUE FUND,38,FLEET AND FACILITY MANAGEMENT,2140,FLEET OPERATIONS,360,REPAIR PARTS AND MATERIAL,2669850,2669850,2669850
LOCAL,0740,O HARE REVENUE FUND,38,FLEET AND FACILITY MANAGEMENT,2140,FLEET OPERATIONS,440,MACHINERY AND EQUIPMENT,38000,38000,38000
LOCAL,0740,O HARE REVENUE FUND,38,FLEET AND FACILITY MANAGEMENT,2140,FLEET OPERATIONS,450,VEHICLES,8000000,8000000,8000000
LOCAL,0100,CORPORATE FUND,39,BOARD OF ELECTION COMMISSIONER,2005,ELECTION AND ADMIN DIVISION,5,SALARIES AND WAGES - ON PAYROLL,6273624,6273624,6455996
LOCAL,0100,CORPORATE FUND,39,BOARD OF ELECTION COMMISSIONER,2005,ELECTION AND ADMIN DIVISION,20,OVERTIME,284389,284389,450149
LOCAL,0100,CORPORATE FUND,39,BOARD OF ELECTION COMMISSIONER,2005,ELECTION AND ADMIN DIVISION,55,EXTRA HIRE,7856357,7856357,1770660
LOCAL,0100,CORPORATE FUND,39,BOARD OF ELECTION COMMISSIONER,2005,ELECTION AND ADMIN DIVISION,130,POSTAGE,906256,906256,354144
LOCAL,0100,CORPORATE FUND,39,BOARD OF ELECTION COMMISSIONER,2005,ELECTION AND ADMIN DIVISION,138,IT MAINTENANCE,1550926,1550926,232257
LOCAL,0100,CORPORATE FUND,39,BOARD OF ELECTION COMMISSIONER,2005,ELECTION AND ADMIN DIVISION,140,PROFESSIONAL AND TECHNICAL SERVICES,525358,525358,575600
LOCAL,0100,CORPORATE FUND,39,BOARD OF ELECTION COMMISSIONER,2005,ELECTION AND ADMIN DIVISION,143,COURT REPORTING,181650,181650,33534
LOCAL,0100,CORPORATE FUND,39,BOARD OF ELECTION COMMISSIONER,2005,ELECTION AND ADMIN DIVISION,145,LEGAL EXPENSES,1635075,1635075,1579000
LOCAL,0100,CORPORATE FUND,39,BOARD OF ELECTION COMMISSIONER,2005,ELECTION AND ADMIN DIVISION,149,SOFTWARE MAINTENANCE AND LICENSING,618343,618343,661041
LOCAL,0100,CORPORATE FUND,39,BOARD OF ELECTION COMMISSIONER,2005,ELECTION AND ADMIN DIVISION,150,PUBLICATN & REPRODT-OUT,869241,869241,229816
LOCAL,0100,CORPORATE FUND,39,BOARD OF ELECTION COMMISSIONER,2005,ELECTION AND ADMIN DIVISION,152,ADVERTISING,171400,171400,37502
LOCAL,0100,CORPORATE FUND,39,BOARD OF ELECTION COMMISSIONER,2005,ELECTION AND ADMIN DIVISION,154,RENTAL-DATA HARDWARE EQ,18000,18000,54956
LOCAL,0100,CORPORATE FUND,39,BOARD OF ELECTION COMMISSIONER,2005,ELECTION AND ADMIN DIVISION,155,RENTAL OF PROPERTY,985700,985700,570918
LOCAL,0100,CORPORATE FUND,39,BOARD OF ELECTION COMMISSIONER,2005,ELECTION AND ADMIN DIVISION,157,RENTAL EQUIPMENT AND SERVICES,201000,201000,89831
LOCAL,0100,CORPORATE FUND,39,BOARD OF ELECTION COMMISSIONER,2005,ELECTION AND ADMIN DIVISION,159,LEASE/PURCHASE EQUIPMENT,1215820,1215820,471186
LOCAL,0100,CORPORATE FUND,39,BOARD OF ELECTION COMMISSIONER,2005,ELECTION AND ADMIN DIVISION,162,REPAIR/MAINT EQUIPMENT,89000,89000,114187
LOCAL,0100,CORPORATE FUND,39,BOARD OF ELECTION COMMISSIONER,2005,ELECTION AND ADMIN DIVISION,166,DUES  SUBSC & MEM,5200,5200,2919
LOCAL,0100,CORPORATE FUND,39,BOARD OF ELECTION COMMISSIONER,2005,ELECTION AND ADMIN DIVISION,169,TECHNICAL MEETING COSTS,19511,19511,21003
LOCAL,0100,CORPORATE FUND,39,BOARD OF ELECTION COMMISSIONER,2005,ELECTION AND ADMIN DIVISION,172,INSURANCE PREMIUMS,1800,1800,2439
LOCAL,0100,CORPORATE FUND,39,BOARD OF ELECTION COMMISSIONER,2005,ELECTION AND ADMIN DIVISION,178,FREIGHT AND EXPRESS CHARGES,932607,932607,113554
LOCAL,0100,CORPORATE FUND,39,BOARD OF ELECTION COMMISSIONER,2005,ELECTION AND ADMIN DIVISION,181,MOBILE COMMUNICATION SERVICES,417000,417000,342145
LOCAL,0100,CORPORATE FUND,39,BOARD OF ELECTION COMMISSIONER,2005,ELECTION AND ADMIN DIVISION,190,TELEPHONE - NON-CENTREX BILLINGS,251000,251000,261843
LOCAL,0100,CORPORATE FUND,39,BOARD OF ELECTION COMMISSIONER,2005,ELECTION AND ADMIN DIVISION,229,TRANSPORTATION AND EXPENSE ALLOWANCE,22500,22500,7943
LOCAL,0100,CORPORATE FUND,39,BOARD OF ELECTION COMMISSIONER,2005,ELECTION AND ADMIN DIVISION,245,REIMBURSEMENT TO TRAVELERS,10000,10000,1088
LOCAL,0100,CORPORATE FUND,39,BOARD OF ELECTION COMMISSIONER,2005,ELECTION AND ADMIN DIVISION,270,LOCAL TRANSPORTATION,18000,18000,4505
LOCAL,0100,CORPORATE FUND,39,BOARD OF ELECTION COMMISSIONER,2005,ELECTION AND ADMIN DIVISION,340,MATERIAL AND SUPPLIES,475300,475300,315273
LOCAL,0100,CORPORATE FUND,39,BOARD OF ELECTION COMMISSIONER,2005,ELECTION AND ADMIN DIVISION,350,STATIONERY AND OFFICE SUPPLIES,20900,20900,16012
LOCAL,0100,CORPORATE FUND,41,DEPARTMENT OF PUBLIC HEALTH,1005,DEPARTMENT OF PUBLIC HEALTH,5,SALARIES AND WAGES - ON PAYROLL,14074743,14074743,15234479
LOCAL,0100,CORPORATE FUND,41,DEPARTMENT OF PUBLIC HEALTH,1005,DEPARTMENT OF PUBLIC HEALTH,11,CONTRACT WAGE - SALARY,32731,32731,33528
LOCAL,0100,CORPORATE FUND,41,DEPARTMENT OF PUBLIC HEALTH,1005,DEPARTMENT OF PUBLIC HEALTH,15,SCHEDULE SALARY ADJUSTMENTS,74215,74215,64623
LOCAL,0100,CORPORATE FUND,41,DEPARTMENT OF PUBLIC HEALTH,1005,DEPARTMENT OF PUBLIC HEALTH,20,OVERTIME,42672,42672,42672
LOCAL,0100,CORPORATE FUND,41,DEPARTMENT OF PUBLIC HEALTH,1005,DEPARTMENT OF PUBLIC HEALTH,50,STIPENDS,43400,43400,43700
LOCAL,0100,CORPORATE FUND,41,DEPARTMENT OF PUBLIC HEALTH,1005,DEPARTMENT OF PUBLIC HEALTH,91,UNIFORM ALLOWANCE,12800,12800,5150
LOCAL,0100,CORPORATE FUND,41,DEPARTMENT OF PUBLIC HEALTH,1005,DEPARTMENT OF PUBLIC HEALTH,125,OFFICE AND BUILDING SERVICES,151925,151925,131000
LOCAL,0100,CORPORATE FUND,41,DEPARTMENT OF PUBLIC HEALTH,1005,DEPARTMENT OF PUBLIC HEALTH,130,POSTAGE,38080,38080,38330
LOCAL,0100,CORPORATE FUND,41,DEPARTMENT OF PUBLIC HEALTH,1005,DEPARTMENT OF PUBLIC HEALTH,135,DELEGATE AGENCIES,6115950,6115950,7638215
LOCAL,0100,CORPORATE FUND,41,DEPARTMENT OF PUBLIC HEALTH,1005,DEPARTMENT OF PUBLIC HEALTH,138,IT MAINTENANCE,42000,42000,60000
LOCAL,0100,CORPORATE FUND,41,DEPARTMENT OF PUBLIC HEALTH,1005,DEPARTMENT OF PUBLIC HEALTH,140,PROFESSIONAL AND TECHNICAL SERVICES,1934325,1934325,4599819
LOCAL,0100,CORPORATE FUND,41,DEPARTMENT OF PUBLIC HEALTH,1005,DEPARTMENT OF PUBLIC HEALTH,147,SURVEYS,450000,450000,408000
LOCAL,0100,CORPORATE FUND,41,DEPARTMENT OF PUBLIC HEALTH,1005,DEPARTMENT OF PUBLIC HEALTH,148,TESTING AND INSPECTING,18815,18815,5900
LOCAL,0100,CORPORATE FUND,41,DEPARTMENT OF PUBLIC HEALTH,1005,DEPARTMENT OF PUBLIC HEALTH,149,SOFTWARE MAINTENANCE AND LICENSING,90000,90000,48845
LOCAL,0100,CORPORATE FUND,41,DEPARTMENT OF PUBLIC HEALTH,1005,DEPARTMENT OF PUBLIC HEALTH,150,PUBLICATN & REPRODT-OUT,37102,37102,16045
LOCAL,0100,CORPORATE FUND,41,DEPARTMENT OF PUBLIC HEALTH,1005,DEPARTMENT OF PUBLIC HEALTH,152,ADVERTISING,105500,105500,104500
LOCAL,0100,CORPORATE FUND,41,DEPARTMENT OF PUBLIC HEALTH,1005,DEPARTMENT OF PUBLIC HEALTH,157,RENTAL EQUIPMENT AND SERVICES,1260,1260,1260
LOCAL,0100,CORPORATE FUND,41,DEPARTMENT OF PUBLIC HEALTH,1005,DEPARTMENT OF PUBLIC HEALTH,159,LEASE/PURCHASE EQUIPMENT,176436,176436,170000
LOCAL,0100,CORPORATE FUND,41,DEPARTMENT OF PUBLIC HEALTH,1005,DEPARTMENT OF PUBLIC HEALTH,162,REPAIR/MAINT EQUIPMENT,8430,8430,4180
LOCAL,0100,CORPORATE FUND,41,DEPARTMENT OF PUBLIC HEALTH,1005,DEPARTMENT OF PUBLIC HEALTH,166,DUES  SUBSC & MEM,94333,94333,107000
LOCAL,0100,CORPORATE FUND,41,DEPARTMENT OF PUBLIC HEALTH,1005,DEPARTMENT OF PUBLIC HEALTH,169,TECHNICAL MEETING COSTS,36526,36526,39641
LOCAL,0100,CORPORATE FUND,41,DEPARTMENT OF PUBLIC HEALTH,1005,DEPARTMENT OF PUBLIC HEALTH,179,MESSENGER SERVICES,13480,13480,5000
LOCAL,0100,CORPORATE FUND,41,DEPARTMENT OF PUBLIC HEALTH,1005,DEPARTMENT OF PUBLIC HEALTH,181,MOBILE COMMUNICATION SERVICES,165000,165000,189600
LOCAL,0100,CORPORATE FUND,41,DEPARTMENT OF PUBLIC HEALTH,1005,DEPARTMENT OF PUBLIC HEALTH,185,WASTE DISPOSAL SERVICES,3005,3005,6000
LOCAL,0100,CORPORATE FUND,41,DEPARTMENT OF PUBLIC HEALTH,1005,DEPARTMENT OF PUBLIC HEALTH,189,TELEPHONE - NON-CENTREX BILLINGS,6500,6500,7600
LOCAL,0100,CORPORATE FUND,41,DEPARTMENT OF PUBLIC HEALTH,1005,DEPARTMENT OF PUBLIC HEALTH,190,TELEPHONE - NON-CENTREX BILLINGS,230000,230000,230000
LOCAL,0100,CORPORATE FUND,41,DEPARTMENT OF PUBLIC HEALTH,1005,DEPARTMENT OF PUBLIC HEALTH,196,DATA CIRCUITS,261000,261000,261000
LOCAL,0100,CORPORATE FUND,41,DEPARTMENT OF PUBLIC HEALTH,1005,DEPARTMENT OF PUBLIC HEALTH,197,TELEPHONE - MAINTENANCE,62000,62000,62000
LOCAL,0100,CORPORATE FUND,41,DEPARTMENT OF PUBLIC HEALTH,1005,DEPARTMENT OF PUBLIC HEALTH,229,TRANSPORTATION AND EXPENSE ALLOWANCE,19392,19392,15000
LOCAL,0100,CORPORATE FUND,41,DEPARTMENT OF PUBLIC HEALTH,1005,DEPARTMENT OF PUBLIC HEALTH,245,REIMBURSEMENT TO TRAVELERS,3500,3500,2000
LOCAL,0100,CORPORATE FUND,41,DEPARTMENT OF PUBLIC HEALTH,1005,DEPARTMENT OF PUBLIC HEALTH,270,LOCAL TRANSPORTATION,10000,10000,2150
LOCAL,0100,CORPORATE FUND,41,DEPARTMENT OF PUBLIC HEALTH,1005,DEPARTMENT OF PUBLIC HEALTH,330,FOOD,800,800,800
LOCAL,0100,CORPORATE FUND,41,DEPARTMENT OF PUBLIC HEALTH,1005,DEPARTMENT OF PUBLIC HEALTH,340,MATERIAL AND SUPPLIES,73213,73213,33633
LOCAL,0100,CORPORATE FUND,41,DEPARTMENT OF PUBLIC HEALTH,1005,DEPARTMENT OF PUBLIC HEALTH,342,DRUGS  MEDICINE AND CHEMICAL MATERIALS,750000,750000,545000
LOCAL,0100,CORPORATE FUND,41,DEPARTMENT OF PUBLIC HEALTH,1005,DEPARTMENT OF PUBLIC HEALTH,348,BOOKS AND RELATED MATERIAL,2465,2465,185
LOCAL,0100,CORPORATE FUND,41,DEPARTMENT OF PUBLIC HEALTH,1005,DEPARTMENT OF PUBLIC HEALTH,350,STATIONERY AND OFFICE SUPPLIES,28275,28275,9300
LOCAL,0100,CORPORATE FUND,41,DEPARTMENT OF PUBLIC HEALTH,1005,DEPARTMENT OF PUBLIC HEALTH,445,TECHNICAL AND SCIENTIFIC EQUIPMENT,7920,7920,7920
LOCAL,0100,CORPORATE FUND,45,COMMISSION ON HUMAN RELATIONS,2005,HUMAN RELATIONS,5,SALARIES AND WAGES - ON PAYROLL,1049358,1049358,1079802
LOCAL,0100,CORPORATE FUND,45,COMMISSION ON HUMAN RELATIONS,2005,HUMAN RELATIONS,11,CONTRACT WAGE - SALARY,1321,1321,1347
LOCAL,0100,CORPORATE FUND,45,COMMISSION ON HUMAN RELATIONS,2005,HUMAN RELATIONS,130,POSTAGE,7473,7473,4971
LOCAL,0100,CORPORATE FUND,45,COMMISSION ON HUMAN RELATIONS,2005,HUMAN RELATIONS,140,PROFESSIONAL AND TECHNICAL SERVICES,29309,29309,42400
LOCAL,0100,CORPORATE FUND,45,COMMISSION ON HUMAN RELATIONS,2005,HUMAN RELATIONS,143,COURT REPORTING,6650,6650,8660
LOCAL,0100,CORPORATE FUND,45,COMMISSION ON HUMAN RELATIONS,2005,HUMAN RELATIONS,159,LEASE/PURCHASE EQUIPMENT,3584,3584,2946
LOCAL,0100,CORPORATE FUND,45,COMMISSION ON HUMAN RELATIONS,2005,HUMAN RELATIONS,162,REPAIR/MAINT EQUIPMENT,1200,1200,600
LOCAL,0100,CORPORATE FUND,45,COMMISSION ON HUMAN RELATIONS,2005,HUMAN RELATIONS,166,DUES  SUBSC & MEM,4980,4980,4980
LOCAL,0100,CORPORATE FUND,45,COMMISSION ON HUMAN RELATIONS,2005,HUMAN RELATIONS,190,TELEPHONE - NON-CENTREX BILLINGS,3700,3700,3700
LOCAL,0100,CORPORATE FUND,45,COMMISSION ON HUMAN RELATIONS,2005,HUMAN RELATIONS,197,TELEPHONE - MAINTENANCE,2380,2380,2380
LOCAL,0100,CORPORATE FUND,45,COMMISSION ON HUMAN RELATIONS,2005,HUMAN RELATIONS,229,TRANSPORTATION AND EXPENSE ALLOWANCE,341,341,341
LOCAL,0100,CORPORATE FUND,45,COMMISSION ON HUMAN RELATIONS,2005,HUMAN RELATIONS,270,LOCAL TRANSPORTATION,1200,1200,1000
LOCAL,0100,CORPORATE FUND,45,COMMISSION ON HUMAN RELATIONS,2005,HUMAN RELATIONS,350,STATIONERY AND OFFICE SUPPLIES,3018,3018,2750
LOCAL,0100,CORPORATE FUND,48,MOPD,2005,MOPD,5,SALARIES AND WAGES - ON PAYROLL,1027920,1027920,1039872
LOCAL,0100,CORPORATE FUND,48,MOPD,2005,MOPD,11,CONTRACT WAGE - SALARY,2203,2203,2181
LOCAL,0100,CORPORATE FUND,48,MOPD,2005,MOPD,39,STUDENT AS TRAINEES,7525,7525,7525
LOCAL,0100,CORPORATE FUND,48,MOPD,2005,MOPD,130,POSTAGE,825,825,2492
LOCAL,0100,CORPORATE FUND,48,MOPD,2005,MOPD,140,PROFESSIONAL AND TECHNICAL SERVICES,25797,25797,303217
LOCAL,0100,CORPORATE FUND,48,MOPD,2005,MOPD,157,RENTAL EQUIPMENT AND SERVICES,14796,14796,14796
LOCAL,0100,CORPORATE FUND,48,MOPD,2005,MOPD,159,LEASE/PURCHASE EQUIPMENT,16779,16779,14756
LOCAL,0100,CORPORATE FUND,48,MOPD,2005,MOPD,162,REPAIR/MAINT EQUIPMENT,2279,2279,2051
LOCAL,0100,CORPORATE FUND,48,MOPD,2005,MOPD,169,TECHNICAL MEETING COSTS,1000,1000,900
LOCAL,0100,CORPORATE FUND,48,MOPD,2005,MOPD,181,MOBILE COMMUNICATION SERVICES,1843,1843,1848
LOCAL,0100,CORPORATE FUND,48,MOPD,2005,MOPD,190,TELEPHONE - NON-CENTREX BILLINGS,16003,16003,14003
LOCAL,0100,CORPORATE FUND,48,MOPD,2005,MOPD,197,TELEPHONE - MAINTENANCE,3220,3220,3220
LOCAL,0100,CORPORATE FUND,48,MOPD,2005,MOPD,245,REIMBURSEMENT TO TRAVELERS,1673,1673,1506
LOCAL,0100,CORPORATE FUND,48,MOPD,2005,MOPD,270,LOCAL TRANSPORTATION,10730,10730,9657
LOCAL,0100,CORPORATE FUND,48,MOPD,2005,MOPD,340,MATERIAL AND SUPPLIES,1332,1332,1199
LOCAL,0100,CORPORATE FUND,48,MOPD,2005,MOPD,350,STATIONERY AND OFFICE SUPPLIES,7414,7414,7387
LOCAL,0100,CORPORATE FUND,48,MOPD,2005,MOPD,9438,REIMBURSEMENT - 2FM,0,0,23259
LOCAL,0100,CORPORATE FUND,50,FAMILY AND SUPPORT SERVICES,2005,FAMILY AND SUPPORT SERVICES,5,SALARIES AND WAGES - ON PAYROLL,4013596,4013596,4303950
LOCAL,0100,CORPORATE FUND,50,FAMILY AND SUPPORT SERVICES,2005,FAMILY AND SUPPORT SERVICES,11,CONTRACT WAGE - SALARY,5675,5675,8365
LOCAL,0100,CORPORATE FUND,50,FAMILY AND SUPPORT SERVICES,2005,FAMILY AND SUPPORT SERVICES,15,SCHEDULE SALARY ADJUSTMENTS,4789,4789,9438
LOCAL,0100,CORPORATE FUND,50,FAMILY AND SUPPORT SERVICES,2005,FAMILY AND SUPPORT SERVICES,125,OFFICE AND BUILDING SERVICES,30555,30555,30555
LOCAL,0100,CORPORATE FUND,50,FAMILY AND SUPPORT SERVICES,2005,FAMILY AND SUPPORT SERVICES,130,POSTAGE,10860,10860,10860
LOCAL,0100,CORPORATE FUND,50,FAMILY AND SUPPORT SERVICES,2005,FAMILY AND SUPPORT SERVICES,140,PROFESSIONAL AND TECHNICAL SERVICES,485466,485466,850466
LOCAL,0100,CORPORATE FUND,50,FAMILY AND SUPPORT SERVICES,2005,FAMILY AND SUPPORT SERVICES,152,ADVERTISING,1780,1780,1780
LOCAL,0100,CORPORATE FUND,50,FAMILY AND SUPPORT SERVICES,2005,FAMILY AND SUPPORT SERVICES,159,LEASE/PURCHASE EQUIPMENT,42925,42925,42925
LOCAL,0100,CORPORATE FUND,50,FAMILY AND SUPPORT SERVICES,2005,FAMILY AND SUPPORT SERVICES,166,DUES  SUBSC & MEM,11180,11180,11479
LOCAL,0100,CORPORATE FUND,50,FAMILY AND SUPPORT SERVICES,2005,FAMILY AND SUPPORT SERVICES,169,TECHNICAL MEETING COSTS,27060,27060,27060
LOCAL,0100,CORPORATE FUND,50,FAMILY AND SUPPORT SERVICES,2005,FAMILY AND SUPPORT SERVICES,181,MOBILE COMMUNICATION SERVICES,36308,36308,27510
LOCAL,0100,CORPORATE FUND,50,FAMILY AND SUPPORT SERVICES,2005,FAMILY AND SUPPORT SERVICES,188,VEHICLE TRACKING SERVICE,4200,4200,2748
LOCAL,0100,CORPORATE FUND,50,FAMILY AND SUPPORT SERVICES,2005,FAMILY AND SUPPORT SERVICES,190,TELEPHONE - NON-CENTREX BILLINGS,22000,22000,38600
LOCAL,0100,CORPORATE FUND,50,FAMILY AND SUPPORT SERVICES,2005,FAMILY AND SUPPORT SERVICES,196,DATA CIRCUITS,39275,39275,32200
LOCAL,0100,CORPORATE FUND,50,FAMILY AND SUPPORT SERVICES,2005,FAMILY AND SUPPORT SERVICES,197,TELEPHONE - MAINTENANCE,38000,38000,38700
LOCAL,0100,CORPORATE FUND,50,FAMILY AND SUPPORT SERVICES,2005,FAMILY AND SUPPORT SERVICES,245,REIMBURSEMENT TO TRAVELERS,2000,2000,2000
LOCAL,0100,CORPORATE FUND,50,FAMILY AND SUPPORT SERVICES,2005,FAMILY AND SUPPORT SERVICES,270,LOCAL TRANSPORTATION,800,800,800
LOCAL,0100,CORPORATE FUND,56,IPRA,2005,IPRA,340,MATERIAL AND SUPPLIES,3000,3000,6220
LOCAL,0100,CORPORATE FUND,50,FAMILY AND SUPPORT SERVICES,2005,FAMILY AND SUPPORT SERVICES,340,MATERIAL AND SUPPLIES,9890,9890,9890
LOCAL,0100,CORPORATE FUND,50,FAMILY AND SUPPORT SERVICES,2005,FAMILY AND SUPPORT SERVICES,350,STATIONERY AND OFFICE SUPPLIES,18150,18150,18150
LOCAL,0100,CORPORATE FUND,50,FAMILY AND SUPPORT SERVICES,2005,FAMILY AND SUPPORT SERVICES,9253,EARLY CHILDHOOD EDUCATION PROGRAM,15075000,15075000,15075000
LOCAL,0100,CORPORATE FUND,50,FAMILY AND SUPPORT SERVICES,2005,FAMILY AND SUPPORT SERVICES,9254,VIOLENCE REDUCTION PROGRAM,2000000,2000000,2000000
LOCAL,0100,CORPORATE FUND,50,FAMILY AND SUPPORT SERVICES,2005,FAMILY AND SUPPORT SERVICES,9255,HOMELESS SERVICES FOR YOUTH,1540979,1540979,1540979
LOCAL,0100,CORPORATE FUND,50,FAMILY AND SUPPORT SERVICES,2005,FAMILY AND SUPPORT SERVICES,9259,SUMMER PROGRAMS,15451803,15451803,15451803
LOCAL,0100,CORPORATE FUND,50,FAMILY AND SUPPORT SERVICES,2005,FAMILY AND SUPPORT SERVICES,9260,AFTER SCHOOL PROGRAMS,14322801,14322801,15822801
LOCAL,0100,CORPORATE FUND,50,FAMILY AND SUPPORT SERVICES,2005,FAMILY AND SUPPORT SERVICES,9261,CHILDREN'S ADVOCACY CENTER,900000,900000,900000
LOCAL,0100,CORPORATE FUND,50,FAMILY AND SUPPORT SERVICES,2005,FAMILY AND SUPPORT SERVICES,9262,EITC,1050000,1050000,1050000
LOCAL,0100,CORPORATE FUND,50,FAMILY AND SUPPORT SERVICES,2005,FAMILY AND SUPPORT SERVICES,9263,HOMELESS SERVICES,6564876,6564876,6564876
LOCAL,0100,CORPORATE FUND,50,FAMILY AND SUPPORT SERVICES,2005,FAMILY AND SUPPORT SERVICES,9438,REIMBURSEMENT - 2FM,0,0,66531
LOCAL,0100,CORPORATE FUND,54,PLANNING AND DEVELOPMENT,2005,Planning and Development,5,SALARIES AND WAGES - ON PAYROLL,9615660,9615660,9544248
LOCAL,0100,CORPORATE FUND,54,PLANNING AND DEVELOPMENT,2005,Planning and Development,11,CONTRACT WAGE - SALARY,14568,14568,14716
LOCAL,0100,CORPORATE FUND,54,PLANNING AND DEVELOPMENT,2005,Planning and Development,15,SCHEDULE SALARY ADJUSTMENTS,47424,47424,29486
LOCAL,0100,CORPORATE FUND,54,PLANNING AND DEVELOPMENT,2005,Planning and Development,39,STUDENT AS TRAINEES,10000,10000,25000
LOCAL,0100,CORPORATE FUND,54,PLANNING AND DEVELOPMENT,2005,Planning and Development,50,STIPENDS,63000,63000,63000
LOCAL,0100,CORPORATE FUND,54,PLANNING AND DEVELOPMENT,2005,Planning and Development,130,POSTAGE,40600,40600,31600
LOCAL,0100,CORPORATE FUND,54,PLANNING AND DEVELOPMENT,2005,Planning and Development,135,DELEGATE AGENCIES,1870269,1870269,1870269
LOCAL,0100,CORPORATE FUND,54,PLANNING AND DEVELOPMENT,2005,Planning and Development,138,IT MAINTENANCE,36175,36175,29000
LOCAL,0100,CORPORATE FUND,54,PLANNING AND DEVELOPMENT,2005,Planning and Development,140,PROFESSIONAL AND TECHNICAL SERVICES,1000000,1001360,881726
LOCAL,0100,CORPORATE FUND,54,PLANNING AND DEVELOPMENT,2005,Planning and Development,141,APPRAISALS,121750,121750,121750
LOCAL,0100,CORPORATE FUND,54,PLANNING AND DEVELOPMENT,2005,Planning and Development,143,COURT REPORTING,83123,83123,71800
LOCAL,0100,CORPORATE FUND,54,PLANNING AND DEVELOPMENT,2005,Planning and Development,149,SOFTWARE MAINTENANCE AND LICENSING,30000,30000,23220
LOCAL,0100,CORPORATE FUND,54,PLANNING AND DEVELOPMENT,2005,Planning and Development,150,PUBLICATN & REPRODT-OUT,8930,8930,1930
LOCAL,0100,CORPORATE FUND,54,PLANNING AND DEVELOPMENT,2005,Planning and Development,152,ADVERTISING,24990,24990,21260
LOCAL,0100,CORPORATE FUND,54,PLANNING AND DEVELOPMENT,2005,Planning and Development,159,LEASE/PURCHASE EQUIPMENT,45351,45351,46190
LOCAL,0100,CORPORATE FUND,54,PLANNING AND DEVELOPMENT,2005,Planning and Development,166,DUES  SUBSC & MEM,6196,6196,1800
LOCAL,0100,CORPORATE FUND,54,PLANNING AND DEVELOPMENT,2005,Planning and Development,169,TECHNICAL MEETING COSTS,48850,47490,25466
LOCAL,0100,CORPORATE FUND,54,PLANNING AND DEVELOPMENT,2005,Planning and Development,179,MESSENGER SERVICES,1520,1520,1120
LOCAL,0100,CORPORATE FUND,54,PLANNING AND DEVELOPMENT,2005,Planning and Development,181,MOBILE COMMUNICATION SERVICES,14177,14177,11220
LOCAL,0100,CORPORATE FUND,54,PLANNING AND DEVELOPMENT,2005,Planning and Development,190,TELEPHONE - NON-CENTREX BILLINGS,37000,37000,35000
LOCAL,0100,CORPORATE FUND,54,PLANNING AND DEVELOPMENT,2005,Planning and Development,197,TELEPHONE - MAINTENANCE,18795,18795,18795
LOCAL,0100,CORPORATE FUND,54,PLANNING AND DEVELOPMENT,2005,Planning and Development,229,TRANSPORTATION AND EXPENSE ALLOWANCE,3300,3300,2340
LOCAL,0100,CORPORATE FUND,54,PLANNING AND DEVELOPMENT,2005,Planning and Development,245,REIMBURSEMENT TO TRAVELERS,1000,1000,1000
LOCAL,0100,CORPORATE FUND,54,PLANNING AND DEVELOPMENT,2005,Planning and Development,340,MATERIAL AND SUPPLIES,15150,15150,7850
LOCAL,0100,CORPORATE FUND,54,PLANNING AND DEVELOPMENT,2005,Planning and Development,348,BOOKS AND RELATED MATERIAL,5273,5273,2773
LOCAL,0100,CORPORATE FUND,54,PLANNING AND DEVELOPMENT,2005,Planning and Development,350,STATIONERY AND OFFICE SUPPLIES,20500,20500,10500
LOCAL,0100,CORPORATE FUND,54,PLANNING AND DEVELOPMENT,2005,Planning and Development,446,PURCHASE - DATA HARDWARE,15575,15575,10000
LOCAL,0100,CORPORATE FUND,54,PLANNING AND DEVELOPMENT,2005,Planning and Development,9110,PROPERT MANAGEMENT MAIN,100000,100000,80000
LOCAL,0100,CORPORATE FUND,54,PLANNING AND DEVELOPMENT,2005,Planning and Development,9183,FORECLOSURE PREVENTION,200000,200000,180000
LOCAL,0100,CORPORATE FUND,54,PLANNING AND DEVELOPMENT,2005,Planning and Development,9211,SINGLE-FAMILY TROUBLED BUILDING INITIATI,150000,150000,150000
LOCAL,0100,CORPORATE FUND,54,PLANNING AND DEVELOPMENT,2005,Planning and Development,9212,MULTI-FAMILY TROUBLED BUILDING INITIATIV,150000,150000,300000
LOCAL,0100,CORPORATE FUND,54,PLANNING AND DEVELOPMENT,2005,Planning and Development,9224,MICRO MARKET RECOVERY,772700,772700,522700
LOCAL,0934,AFFORDABLE HOUSING FUND,54,PLANNING AND DEVELOPMENT,2005,Planning and Development,5,SALARIES AND WAGES - ON PAYROLL,0,0,635484
LOCAL,0934,AFFORDABLE HOUSING FUND,54,PLANNING AND DEVELOPMENT,2005,Planning and Development,11,CONTRACT WAGE - SALARY,0,0,802
LOCAL,0934,AFFORDABLE HOUSING FUND,54,PLANNING AND DEVELOPMENT,2005,Planning and Development,15,SCHEDULE SALARY ADJUSTMENTS,0,0,4720
LOCAL,0934,AFFORDABLE HOUSING FUND,54,PLANNING AND DEVELOPMENT,2005,Planning and Development,9213,AFFORDABLE HOUSING DENSITY PROGRAM,0,0,23313994
LOCAL,0B21,TIF ADMINISTRATION,54,PLANNING AND DEVELOPMENT,2005,Planning and Development,5,SALARIES AND WAGES - ON PAYROLL,3675761,3675761,3785508
LOCAL,0B21,TIF ADMINISTRATION,54,PLANNING AND DEVELOPMENT,2005,Planning and Development,11,CONTRACT WAGE - SALARY,2118,2118,1632
LOCAL,0B21,TIF ADMINISTRATION,54,PLANNING AND DEVELOPMENT,2005,Planning and Development,15,SCHEDULE SALARY ADJUSTMENTS,14707,14707,9536
LOCAL,0B21,TIF ADMINISTRATION,54,PLANNING AND DEVELOPMENT,2005,Planning and Development,138,IT MAINTENANCE,0,0,120000
LOCAL,0B21,TIF ADMINISTRATION,54,PLANNING AND DEVELOPMENT,2005,Planning and Development,166,DUES  SUBSC & MEM,6703,6703,4275
LOCAL,0B21,TIF ADMINISTRATION,54,PLANNING AND DEVELOPMENT,2005,Planning and Development,169,TECHNICAL MEETING COSTS,22500,21140,13800
LOCAL,0B21,TIF ADMINISTRATION,54,PLANNING AND DEVELOPMENT,2005,Planning and Development,9454,REIMBURSEMENT - DPD,125000,125000,125000
LOCAL,0100,CORPORATE FUND,55,POLICE BOARD,2005,POLICE BOARD,5,SALARIES AND WAGES - ON PAYROLL,158136,158136,162876
LOCAL,0100,CORPORATE FUND,55,POLICE BOARD,2005,POLICE BOARD,10,SALARIES AND WAGES - ON VOUCHER,60000,60000,45000
LOCAL,0100,CORPORATE FUND,55,POLICE BOARD,2005,POLICE BOARD,15,SCHEDULE SALARY ADJUSTMENTS,0,0,2629
LOCAL,0100,CORPORATE FUND,55,POLICE BOARD,2005,POLICE BOARD,50,STIPENDS,111000,111000,111000
LOCAL,0100,CORPORATE FUND,55,POLICE BOARD,2005,POLICE BOARD,130,POSTAGE,300,300,250
LOCAL,0100,CORPORATE FUND,55,POLICE BOARD,2005,POLICE BOARD,140,PROFESSIONAL AND TECHNICAL SERVICES,1500,1500,1350
LOCAL,0100,CORPORATE FUND,55,POLICE BOARD,2005,POLICE BOARD,143,COURT REPORTING,90000,90000,70000
LOCAL,0100,CORPORATE FUND,55,POLICE BOARD,2005,POLICE BOARD,157,RENTAL EQUIPMENT AND SERVICES,4708,4708,3500
LOCAL,0100,CORPORATE FUND,55,POLICE BOARD,2005,POLICE BOARD,169,TECHNICAL MEETING COSTS,1024,1024,1024
LOCAL,0100,CORPORATE FUND,55,POLICE BOARD,2005,POLICE BOARD,181,MOBILE COMMUNICATION SERVICES,687,687,700
LOCAL,0100,CORPORATE FUND,55,POLICE BOARD,2005,POLICE BOARD,270,LOCAL TRANSPORTATION,500,500,450
LOCAL,0100,CORPORATE FUND,55,POLICE BOARD,2005,POLICE BOARD,348,BOOKS AND RELATED MATERIAL,100,100,90
LOCAL,0100,CORPORATE FUND,55,POLICE BOARD,2005,POLICE BOARD,350,STATIONERY AND OFFICE SUPPLIES,1000,1000,900
LOCAL,0100,CORPORATE FUND,56,IPRA,2005,IPRA,5,SALARIES AND WAGES - ON PAYROLL,8000042,8000042,8028833
LOCAL,0100,CORPORATE FUND,56,IPRA,2005,IPRA,11,CONTRACT WAGE - SALARY,28967,28967,29020
LOCAL,0100,CORPORATE FUND,56,IPRA,2005,IPRA,15,SCHEDULE SALARY ADJUSTMENTS,52020,52020,38519
LOCAL,0100,CORPORATE FUND,56,IPRA,2005,IPRA,20,OVERTIME,100000,100000,100000
LOCAL,0100,CORPORATE FUND,56,IPRA,2005,IPRA,130,POSTAGE,12620,12620,11513
LOCAL,0100,CORPORATE FUND,56,IPRA,2005,IPRA,140,PROFESSIONAL AND TECHNICAL SERVICES,125190,125190,92162
LOCAL,0100,CORPORATE FUND,56,IPRA,2005,IPRA,149,SOFTWARE MAINTENANCE AND LICENSING,1100,1100,1100
LOCAL,0100,CORPORATE FUND,56,IPRA,2005,IPRA,150,PUBLICATN & REPRODT-OUT,4500,4500,4775
LOCAL,0100,CORPORATE FUND,56,IPRA,2005,IPRA,159,LEASE/PURCHASE EQUIPMENT,23443,23443,25932
LOCAL,0100,CORPORATE FUND,56,IPRA,2005,IPRA,162,REPAIR/MAINT EQUIPMENT,20065,20065,20453
LOCAL,0100,CORPORATE FUND,56,IPRA,2005,IPRA,166,DUES  SUBSC & MEM,1410,1410,1130
LOCAL,0100,CORPORATE FUND,56,IPRA,2005,IPRA,169,TECHNICAL MEETING COSTS,15850,15850,17500
LOCAL,0100,CORPORATE FUND,56,IPRA,2005,IPRA,181,MOBILE COMMUNICATION SERVICES,8645,8645,8000
LOCAL,0100,CORPORATE FUND,56,IPRA,2005,IPRA,190,TELEPHONE - NON-CENTREX BILLINGS,21200,21200,22300
LOCAL,0100,CORPORATE FUND,56,IPRA,2005,IPRA,197,TELEPHONE - MAINTENANCE,1100,1100,1200
LOCAL,0100,CORPORATE FUND,56,IPRA,2005,IPRA,245,REIMBURSEMENT TO TRAVELERS,4050,4050,2790
LOCAL,0100,CORPORATE FUND,56,IPRA,2005,IPRA,350,STATIONERY AND OFFICE SUPPLIES,28000,28000,28000
LOCAL,0100,CORPORATE FUND,57,DEPARTMENT OF POLICE,1005,DEPARTMENT OF POLICE,5,SALARIES AND WAGES - ON PAYROLL,1050965223,1050965223,1110320220
LOCAL,0100,CORPORATE FUND,57,DEPARTMENT OF POLICE,1005,DEPARTMENT OF POLICE,11,CONTRACT WAGE - SALARY,69157483,69157483,9225964
LOCAL,0100,CORPORATE FUND,57,DEPARTMENT OF POLICE,1005,DEPARTMENT OF POLICE,15,SCHEDULE SALARY ADJUSTMENTS,6315582,6315582,8941229
LOCAL,0100,CORPORATE FUND,57,DEPARTMENT OF POLICE,1005,DEPARTMENT OF POLICE,20,OVERTIME,71000000,71000000,71000000
LOCAL,0100,CORPORATE FUND,57,DEPARTMENT OF POLICE,1005,DEPARTMENT OF POLICE,21,SWORN/CIVILIAN HOLIDAY PREMIUM PAY,3500000,3500000,3797045
LOCAL,0100,CORPORATE FUND,57,DEPARTMENT OF POLICE,1005,DEPARTMENT OF POLICE,22,DUTY AVAILABILITY,38927717,38927717,39707341
LOCAL,0100,CORPORATE FUND,57,DEPARTMENT OF POLICE,1005,DEPARTMENT OF POLICE,24,COMPENSATORY TIME PAYMENT,14500000,14500000,14500000
LOCAL,0100,CORPORATE FUND,57,DEPARTMENT OF POLICE,1005,DEPARTMENT OF POLICE,27,SUPERVISORS QUARTERLY PAYMENT,8860520,8860520,8860520
LOCAL,0100,CORPORATE FUND,57,DEPARTMENT OF POLICE,1005,DEPARTMENT OF POLICE,32,REIMBURSABLE OVERTIME,6000000,6000000,6000000
LOCAL,0100,CORPORATE FUND,57,DEPARTMENT OF POLICE,1005,DEPARTMENT OF POLICE,60,SPECIALTY PAY,12500000,12500000,14526790
LOCAL,0100,CORPORATE FUND,57,DEPARTMENT OF POLICE,1005,DEPARTMENT OF POLICE,70,TUITION REIMBURSEMENT,6500000,6500000,8000000
LOCAL,0100,CORPORATE FUND,57,DEPARTMENT OF POLICE,1005,DEPARTMENT OF POLICE,88,FURLOUGH / COMP TIME BUY-BACK,12000000,12000000,13018263
LOCAL,0100,CORPORATE FUND,57,DEPARTMENT OF POLICE,1005,DEPARTMENT OF POLICE,91,UNIFORM ALLOWANCE,22050000,22050000,21640000
LOCAL,0100,CORPORATE FUND,57,DEPARTMENT OF POLICE,1005,DEPARTMENT OF POLICE,125,OFFICE AND BUILDING SERVICES,500,500,500
LOCAL,0100,CORPORATE FUND,57,DEPARTMENT OF POLICE,1005,DEPARTMENT OF POLICE,130,POSTAGE,202178,202178,195000
LOCAL,0100,CORPORATE FUND,57,DEPARTMENT OF POLICE,1005,DEPARTMENT OF POLICE,138,IT MAINTENANCE,1500,1500,1026700
LOCAL,0100,CORPORATE FUND,57,DEPARTMENT OF POLICE,1005,DEPARTMENT OF POLICE,140,PROFESSIONAL AND TECHNICAL SERVICES,2922781,2922781,2966601
LOCAL,0100,CORPORATE FUND,57,DEPARTMENT OF POLICE,1005,DEPARTMENT OF POLICE,145,LEGAL EXPENSES,17000,17000,17000
LOCAL,0100,CORPORATE FUND,57,DEPARTMENT OF POLICE,1005,DEPARTMENT OF POLICE,148,TESTING AND INSPECTING,525,825,825
LOCAL,0100,CORPORATE FUND,57,DEPARTMENT OF POLICE,1005,DEPARTMENT OF POLICE,149,SOFTWARE MAINTENANCE AND LICENSING,16090,16090,688590
LOCAL,0100,CORPORATE FUND,57,DEPARTMENT OF POLICE,1005,DEPARTMENT OF POLICE,152,ADVERTISING,2400,2400,2400
LOCAL,0100,CORPORATE FUND,57,DEPARTMENT OF POLICE,1005,DEPARTMENT OF POLICE,154,RENTAL-DATA HARDWARE EQ,760357,760357,760357
LOCAL,0100,CORPORATE FUND,57,DEPARTMENT OF POLICE,1005,DEPARTMENT OF POLICE,157,RENTAL EQUIPMENT AND SERVICES,116666,116666,102153
LOCAL,0100,CORPORATE FUND,57,DEPARTMENT OF POLICE,1005,DEPARTMENT OF POLICE,161,MAINT FACILITIES,185000,185000,185000
LOCAL,0100,CORPORATE FUND,57,DEPARTMENT OF POLICE,1005,DEPARTMENT OF POLICE,162,REPAIR/MAINT EQUIPMENT,338375,338375,340154
LOCAL,0100,CORPORATE FUND,57,DEPARTMENT OF POLICE,1005,DEPARTMENT OF POLICE,166,DUES  SUBSC & MEM,66618,66618,66508
LOCAL,0100,CORPORATE FUND,57,DEPARTMENT OF POLICE,1005,DEPARTMENT OF POLICE,169,TECHNICAL MEETING COSTS,106630,106330,109135
LOCAL,0100,CORPORATE FUND,57,DEPARTMENT OF POLICE,1005,DEPARTMENT OF POLICE,176,MAINTENANCE AND OPERATION - VEHICLES,3000,3000,3000
LOCAL,0100,CORPORATE FUND,57,DEPARTMENT OF POLICE,1005,DEPARTMENT OF POLICE,178,FREIGHT AND EXPRESS CHARGES,34000,34000,24000
LOCAL,0100,CORPORATE FUND,57,DEPARTMENT OF POLICE,1005,DEPARTMENT OF POLICE,181,MOBILE COMMUNICATION SERVICES,0,0,2726615
LOCAL,0100,CORPORATE FUND,57,DEPARTMENT OF POLICE,1005,DEPARTMENT OF POLICE,185,WASTE DISPOSAL SERVICES,29200,29200,29200
LOCAL,0100,CORPORATE FUND,57,DEPARTMENT OF POLICE,1005,DEPARTMENT OF POLICE,189,TELEPHONE - NON-CENTREX BILLINGS,250900,250900,312250
LOCAL,0100,CORPORATE FUND,57,DEPARTMENT OF POLICE,1005,DEPARTMENT OF POLICE,190,TELEPHONE - NON-CENTREX BILLINGS,739500,739500,720000
LOCAL,0100,CORPORATE FUND,57,DEPARTMENT OF POLICE,1005,DEPARTMENT OF POLICE,196,DATA CIRCUITS,750000,750000,750000
LOCAL,0100,CORPORATE FUND,57,DEPARTMENT OF POLICE,1005,DEPARTMENT OF POLICE,197,TELEPHONE - MAINTENANCE,27630,27630,27630
LOCAL,0100,CORPORATE FUND,57,DEPARTMENT OF POLICE,1005,DEPARTMENT OF POLICE,245,REIMBURSEMENT TO TRAVELERS,308670,308670,307070
LOCAL,0100,CORPORATE FUND,57,DEPARTMENT OF POLICE,1005,DEPARTMENT OF POLICE,313,CLEANING AND SANITATION SUPPLIES,381,381,381
LOCAL,0100,CORPORATE FUND,57,DEPARTMENT OF POLICE,1005,DEPARTMENT OF POLICE,319,CLOTHING,5000,5000,5000
LOCAL,0100,CORPORATE FUND,57,DEPARTMENT OF POLICE,1005,DEPARTMENT OF POLICE,320,GASOLINE,85000,85000,85000
LOCAL,0100,CORPORATE FUND,57,DEPARTMENT OF POLICE,1005,DEPARTMENT OF POLICE,330,FOOD,191758,191758,181308
LOCAL,0100,CORPORATE FUND,57,DEPARTMENT OF POLICE,1005,DEPARTMENT OF POLICE,338,LICENSE STICKER TAG AND PLATES,750,750,750
LOCAL,0100,CORPORATE FUND,57,DEPARTMENT OF POLICE,1005,DEPARTMENT OF POLICE,340,MATERIAL AND SUPPLIES,2368923,2368923,2334651
LOCAL,0100,CORPORATE FUND,57,DEPARTMENT OF POLICE,1005,DEPARTMENT OF POLICE,342,DRUGS  MEDICINE AND CHEMICAL MATERIALS,9966,9966,9966
LOCAL,0100,CORPORATE FUND,57,DEPARTMENT OF POLICE,1005,DEPARTMENT OF POLICE,345,APPARATUS AND INSTRUMENTS,19061,19061,19911
LOCAL,0100,CORPORATE FUND,57,DEPARTMENT OF POLICE,1005,DEPARTMENT OF POLICE,348,BOOKS AND RELATED MATERIAL,25451,25451,24992
LOCAL,0100,CORPORATE FUND,57,DEPARTMENT OF POLICE,1005,DEPARTMENT OF POLICE,350,STATIONERY AND OFFICE SUPPLIES,625323,625323,597190
LOCAL,0100,CORPORATE FUND,57,DEPARTMENT OF POLICE,1005,DEPARTMENT OF POLICE,360,REPAIR PARTS AND MATERIAL,305849,305849,305849
LOCAL,0100,CORPORATE FUND,57,DEPARTMENT OF POLICE,1005,DEPARTMENT OF POLICE,430,LIVESTOCK,36250,36250,36250
LOCAL,0100,CORPORATE FUND,57,DEPARTMENT OF POLICE,1005,DEPARTMENT OF POLICE,931,TORT/NON-TORT JUDGMENT,19844350,19844350,19844350
LOCAL,0100,CORPORATE FUND,57,DEPARTMENT OF POLICE,1005,DEPARTMENT OF POLICE,937,HOSPITAL//MEDICAL - NOT WORKERS' COMP,19000000,19000000,19000000
LOCAL,0100,CORPORATE FUND,57,DEPARTMENT OF POLICE,1005,DEPARTMENT OF POLICE,9067,PHYSICAL EXAMS,1096113,1096113,1159748
LOCAL,0610,MIDWAY AIRPORT FUND,57,DEPARTMENT OF POLICE,1005,DEPARTMENT OF POLICE,5,SALARIES AND WAGES - ON PAYROLL,4059738,4059738,4789869
LOCAL,0610,MIDWAY AIRPORT FUND,57,DEPARTMENT OF POLICE,1005,DEPARTMENT OF POLICE,11,CONTRACT WAGE - SALARY,267493,267493,39998
LOCAL,0610,MIDWAY AIRPORT FUND,57,DEPARTMENT OF POLICE,1005,DEPARTMENT OF POLICE,15,SCHEDULE SALARY ADJUSTMENTS,13596,13596,5323
LOCAL,0610,MIDWAY AIRPORT FUND,57,DEPARTMENT OF POLICE,1005,DEPARTMENT OF POLICE,20,OVERTIME,624000,624000,624000
LOCAL,0610,MIDWAY AIRPORT FUND,57,DEPARTMENT OF POLICE,1005,DEPARTMENT OF POLICE,21,SWORN/CIVILIAN HOLIDAY PREMIUM PAY,30000,30000,25000
LOCAL,0610,MIDWAY AIRPORT FUND,57,DEPARTMENT OF POLICE,1005,DEPARTMENT OF POLICE,22,DUTY AVAILABILITY,127452,127452,174000
LOCAL,0610,MIDWAY AIRPORT FUND,57,DEPARTMENT OF POLICE,1005,DEPARTMENT OF POLICE,24,COMPENSATORY TIME PAYMENT,500000,500000,250000
LOCAL,0610,MIDWAY AIRPORT FUND,57,DEPARTMENT OF POLICE,1005,DEPARTMENT OF POLICE,27,SUPERVISORS QUARTERLY PAYMENT,53881,53881,57500
LOCAL,0610,MIDWAY AIRPORT FUND,57,DEPARTMENT OF POLICE,1005,DEPARTMENT OF POLICE,60,SPECIALTY PAY,100000,100000,100000
LOCAL,0610,MIDWAY AIRPORT FUND,57,DEPARTMENT OF POLICE,1005,DEPARTMENT OF POLICE,70,TUITION REIMBURSEMENT,25000,25000,30000
LOCAL,0610,MIDWAY AIRPORT FUND,57,DEPARTMENT OF POLICE,1005,DEPARTMENT OF POLICE,88,FURLOUGH / COMP TIME BUY-BACK,75000,75000,75000
LOCAL,0610,MIDWAY AIRPORT FUND,57,DEPARTMENT OF POLICE,1005,DEPARTMENT OF POLICE,91,UNIFORM ALLOWANCE,94000,94000,90000
LOCAL,0610,MIDWAY AIRPORT FUND,57,DEPARTMENT OF POLICE,1005,DEPARTMENT OF POLICE,937,HOSPITAL//MEDICAL - NOT WORKERS' COMP,65000,65000,65000
LOCAL,0740,O HARE REVENUE FUND,57,DEPARTMENT OF POLICE,1005,DEPARTMENT OF POLICE,5,SALARIES AND WAGES - ON PAYROLL,13184099,13184099,15008862
LOCAL,0740,O HARE REVENUE FUND,57,DEPARTMENT OF POLICE,1005,DEPARTMENT OF POLICE,11,CONTRACT WAGE - SALARY,990664,990664,137410
LOCAL,0740,O HARE REVENUE FUND,57,DEPARTMENT OF POLICE,1005,DEPARTMENT OF POLICE,15,SCHEDULE SALARY ADJUSTMENTS,22318,22318,153353
LOCAL,0740,O HARE REVENUE FUND,57,DEPARTMENT OF POLICE,1005,DEPARTMENT OF POLICE,20,OVERTIME,2000000,2000000,2000000
LOCAL,0740,O HARE REVENUE FUND,57,DEPARTMENT OF POLICE,1005,DEPARTMENT OF POLICE,21,SWORN/CIVILIAN HOLIDAY PREMIUM PAY,45000,45000,45000
LOCAL,0740,O HARE REVENUE FUND,57,DEPARTMENT OF POLICE,1005,DEPARTMENT OF POLICE,22,DUTY AVAILABILITY,398288,398288,539400
LOCAL,0740,O HARE REVENUE FUND,57,DEPARTMENT OF POLICE,1005,DEPARTMENT OF POLICE,24,COMPENSATORY TIME PAYMENT,450000,450000,525000
LOCAL,0740,O HARE REVENUE FUND,57,DEPARTMENT OF POLICE,1005,DEPARTMENT OF POLICE,27,SUPERVISORS QUARTERLY PAYMENT,53060,53060,85000
LOCAL,0740,O HARE REVENUE FUND,57,DEPARTMENT OF POLICE,1005,DEPARTMENT OF POLICE,60,SPECIALTY PAY,185000,185000,185000
LOCAL,0740,O HARE REVENUE FUND,57,DEPARTMENT OF POLICE,1005,DEPARTMENT OF POLICE,70,TUITION REIMBURSEMENT,50000,50000,60000
LOCAL,0740,O HARE REVENUE FUND,57,DEPARTMENT OF POLICE,1005,DEPARTMENT OF POLICE,88,FURLOUGH / COMP TIME BUY-BACK,154000,154000,154000
LOCAL,0740,O HARE REVENUE FUND,57,DEPARTMENT OF POLICE,1005,DEPARTMENT OF POLICE,91,UNIFORM ALLOWANCE,280000,280000,234000
LOCAL,0740,O HARE REVENUE FUND,57,DEPARTMENT OF POLICE,1005,DEPARTMENT OF POLICE,937,HOSPITAL//MEDICAL - NOT WORKERS' COMP,67500,67500,67500
LOCAL,0100,CORPORATE FUND,58,OEMC,2705,OEMC,5,SALARIES AND WAGES - ON PAYROLL,54566920,54566920,68838547
LOCAL,0100,CORPORATE FUND,58,OEMC,2705,OEMC,11,CONTRACT WAGE - SALARY,22112,22112,24572
LOCAL,0100,CORPORATE FUND,58,OEMC,2705,OEMC,12,CONTRACT WAGE - PREVAILING RATE,116408,116408,118631
LOCAL,0100,CORPORATE FUND,58,OEMC,2705,OEMC,15,SCHEDULE SALARY ADJUSTMENTS,302592,302592,379473
LOCAL,0100,CORPORATE FUND,58,OEMC,2705,OEMC,20,OVERTIME,6050000,6050000,6050000
LOCAL,0100,CORPORATE FUND,58,OEMC,2705,OEMC,25,CROSSING GUARDS - VACATION PAYOUT,0,0,1444000
LOCAL,0100,CORPORATE FUND,58,OEMC,2705,OEMC,39,STUDENT AS TRAINEES,29000,29000,25000
LOCAL,0100,CORPORATE FUND,58,OEMC,2705,OEMC,91,UNIFORM ALLOWANCE,195800,195800,671100
LOCAL,0100,CORPORATE FUND,58,OEMC,2705,OEMC,130,POSTAGE,6326,6326,4259
LOCAL,0100,CORPORATE FUND,58,OEMC,2705,OEMC,138,IT MAINTENANCE,4275018,4275018,4267345
LOCAL,0100,CORPORATE FUND,58,OEMC,2705,OEMC,140,PROFESSIONAL AND TECHNICAL SERVICES,4398825,4398825,3350641
LOCAL,0100,CORPORATE FUND,58,OEMC,2705,OEMC,149,SOFTWARE MAINTENANCE AND LICENSING,389000,389000,384305
LOCAL,0100,CORPORATE FUND,58,OEMC,2705,OEMC,152,ADVERTISING,1200,1200,1000
LOCAL,0100,CORPORATE FUND,58,OEMC,2705,OEMC,153,PROMOTIONS,2500,2500,1377
LOCAL,0100,CORPORATE FUND,58,OEMC,2705,OEMC,154,RENTAL-DATA HARDWARE EQ,73376,73376,104836
LOCAL,0100,CORPORATE FUND,58,OEMC,2705,OEMC,157,RENTAL EQUIPMENT AND SERVICES,448988,448988,444030
LOCAL,0100,CORPORATE FUND,58,OEMC,2705,OEMC,162,REPAIR/MAINT EQUIPMENT,806250,806250,622034
LOCAL,0100,CORPORATE FUND,58,OEMC,2705,OEMC,166,DUES  SUBSC & MEM,21192,21192,17467
LOCAL,0100,CORPORATE FUND,58,OEMC,2705,OEMC,169,TECHNICAL MEETING COSTS,399,399,399
LOCAL,0100,CORPORATE FUND,58,OEMC,2705,OEMC,178,FREIGHT AND EXPRESS CHARGES,5500,5500,1300
LOCAL,0100,CORPORATE FUND,58,OEMC,2705,OEMC,181,MOBILE COMMUNICATION SERVICES,0,0,322380
LOCAL,0100,CORPORATE FUND,58,OEMC,2705,OEMC,189,TELEPHONE - NON-CENTREX BILLINGS,3184469,3184469,3162329
LOCAL,0100,CORPORATE FUND,58,OEMC,2705,OEMC,190,TELEPHONE - NON-CENTREX BILLINGS,0,0,356820
LOCAL,0100,CORPORATE FUND,58,OEMC,2705,OEMC,196,DATA CIRCUITS,2100000,2100000,1904340
LOCAL,0100,CORPORATE FUND,58,OEMC,2705,OEMC,197,TELEPHONE - MAINTENANCE,376000,376000,357000
LOCAL,0100,CORPORATE FUND,58,OEMC,2705,OEMC,229,TRANSPORTATION AND EXPENSE ALLOWANCE,91125,91125,81155
LOCAL,0100,CORPORATE FUND,58,OEMC,2705,OEMC,245,REIMBURSEMENT TO TRAVELERS,4275,4275,3685
LOCAL,0100,CORPORATE FUND,58,OEMC,2705,OEMC,270,LOCAL TRANSPORTATION,3000,3000,2250
LOCAL,0100,CORPORATE FUND,58,OEMC,2705,OEMC,319,CLOTHING,150666,150666,133097
LOCAL,0100,CORPORATE FUND,58,OEMC,2705,OEMC,340,MATERIAL AND SUPPLIES,618746,618746,529741
LOCAL,0100,CORPORATE FUND,58,OEMC,2705,OEMC,348,BOOKS AND RELATED MATERIAL,3456,3456,3456
LOCAL,0100,CORPORATE FUND,58,OEMC,2705,OEMC,350,STATIONERY AND OFFICE SUPPLIES,67308,67308,55396
LOCAL,0100,CORPORATE FUND,58,OEMC,2705,OEMC,360,REPAIR PARTS AND MATERIAL,688007,688007,513700
LOCAL,0100,CORPORATE FUND,58,OEMC,2705,OEMC,365,ELECTRICAL SUPPLIES,127080,127080,108800
LOCAL,0100,CORPORATE FUND,58,OEMC,2705,OEMC,423,COMMUNICATION DEVICES,26702,26702,25102
LOCAL,0610,MIDWAY AIRPORT FUND,58,OEMC,2705,OEMC,5,SALARIES AND WAGES - ON PAYROLL,1818711,1818711,1723118
LOCAL,0610,MIDWAY AIRPORT FUND,58,OEMC,2705,OEMC,11,CONTRACT WAGE - SALARY,0,0,996
LOCAL,0610,MIDWAY AIRPORT FUND,58,OEMC,2705,OEMC,15,SCHEDULE SALARY ADJUSTMENTS,14814,14814,8906
LOCAL,0610,MIDWAY AIRPORT FUND,58,OEMC,2705,OEMC,20,OVERTIME,145000,145000,145000
LOCAL,0610,MIDWAY AIRPORT FUND,58,OEMC,2705,OEMC,91,UNIFORM ALLOWANCE,4500,4500,4500
LOCAL,0610,MIDWAY AIRPORT FUND,58,OEMC,2705,OEMC,319,CLOTHING,3500,3500,3500
LOCAL,0610,MIDWAY AIRPORT FUND,58,OEMC,2705,OEMC,340,MATERIAL AND SUPPLIES,18525,18525,16000
LOCAL,0610,MIDWAY AIRPORT FUND,58,OEMC,2705,OEMC,423,COMMUNICATION DEVICES,35625,35625,30625
LOCAL,0740,O HARE REVENUE FUND,58,OEMC,2705,OEMC,5,SALARIES AND WAGES - ON PAYROLL,4503435,4503435,4713601
LOCAL,0740,O HARE REVENUE FUND,58,OEMC,2705,OEMC,11,CONTRACT WAGE - SALARY,3872,3872,6335
LOCAL,0740,O HARE REVENUE FUND,58,OEMC,2705,OEMC,15,SCHEDULE SALARY ADJUSTMENTS,37957,37957,32410
LOCAL,0740,O HARE REVENUE FUND,58,OEMC,2705,OEMC,20,OVERTIME,185000,185000,185000
LOCAL,0740,O HARE REVENUE FUND,58,OEMC,2705,OEMC,91,UNIFORM ALLOWANCE,11950,11950,11950
LOCAL,0740,O HARE REVENUE FUND,58,OEMC,2705,OEMC,319,CLOTHING,10304,10304,10195
LOCAL,0740,O HARE REVENUE FUND,58,OEMC,2705,OEMC,340,MATERIAL AND SUPPLIES,9263,9263,9263
LOCAL,0740,O HARE REVENUE FUND,58,OEMC,2705,OEMC,423,COMMUNICATION DEVICES,71250,71250,71250
LOCAL,0100,CORPORATE FUND,59,FIRE DEPARTMENT,2005,FIRE DEPARTMENT,5,SALARIES AND WAGES - ON PAYROLL,438995960,438995960,447123731
LOCAL,0100,CORPORATE FUND,59,FIRE DEPARTMENT,2005,FIRE DEPARTMENT,11,CONTRACT WAGE - SALARY,12997,12997,4437334
LOCAL,0100,CORPORATE FUND,59,FIRE DEPARTMENT,2005,FIRE DEPARTMENT,12,CONTRACT WAGE - PREVAILING RATE,3009,3009,2625
LOCAL,0100,CORPORATE FUND,59,FIRE DEPARTMENT,2005,FIRE DEPARTMENT,15,SCHEDULE SALARY ADJUSTMENTS,1259297,1259297,2546219
LOCAL,0100,CORPORATE FUND,59,FIRE DEPARTMENT,2005,FIRE DEPARTMENT,20,OVERTIME,20000000,20000000,30000000
LOCAL,0100,CORPORATE FUND,59,FIRE DEPARTMENT,2005,FIRE DEPARTMENT,21,SWORN/CIVILIAN HOLIDAY PREMIUM PAY,18715370,18715370,18064621
LOCAL,0100,CORPORATE FUND,59,FIRE DEPARTMENT,2005,FIRE DEPARTMENT,22,DUTY AVAILABILITY,15442497,15442497,15896640
LOCAL,0100,CORPORATE FUND,59,FIRE DEPARTMENT,2005,FIRE DEPARTMENT,24,COMPENSATORY TIME PAYMENT,1000000,1000000,1080410
LOCAL,0100,CORPORATE FUND,59,FIRE DEPARTMENT,2005,FIRE DEPARTMENT,28,COOPERATIVE EDUCATION PROGRAM,4436380,4436380,4148800
LOCAL,0100,CORPORATE FUND,59,FIRE DEPARTMENT,2005,FIRE DEPARTMENT,39,STUDENT AS TRAINEES,7125,7125,7125
LOCAL,0100,CORPORATE FUND,59,FIRE DEPARTMENT,2005,FIRE DEPARTMENT,60,SPECIALTY PAY,18039947,18039947,17313977
LOCAL,0100,CORPORATE FUND,59,FIRE DEPARTMENT,2005,FIRE DEPARTMENT,61,DRIVER'S DIFFERENTIAL,3255500,3255500,3210956
LOCAL,0100,CORPORATE FUND,59,FIRE DEPARTMENT,2005,FIRE DEPARTMENT,62,REQUIRED CERTIFICATIONS,150000,150000,90000
LOCAL,0100,CORPORATE FUND,59,FIRE DEPARTMENT,2005,FIRE DEPARTMENT,63,FITNESS BENEFIT,990000,990000,990000
LOCAL,0100,CORPORATE FUND,59,FIRE DEPARTMENT,2005,FIRE DEPARTMENT,70,TUITION REIMBURSEMENT,425000,425000,525000
LOCAL,0100,CORPORATE FUND,59,FIRE DEPARTMENT,2005,FIRE DEPARTMENT,88,FURLOUGH / COMP TIME BUY-BACK,4000000,4000000,4250000
LOCAL,0100,CORPORATE FUND,59,FIRE DEPARTMENT,2005,FIRE DEPARTMENT,91,UNIFORM ALLOWANCE,5046000,5046000,4895000
LOCAL,0100,CORPORATE FUND,59,FIRE DEPARTMENT,2005,FIRE DEPARTMENT,130,POSTAGE,25463,25463,29168
LOCAL,0100,CORPORATE FUND,59,FIRE DEPARTMENT,2005,FIRE DEPARTMENT,138,IT MAINTENANCE,547000,547000,626575
LOCAL,0100,CORPORATE FUND,59,FIRE DEPARTMENT,2005,FIRE DEPARTMENT,140,PROFESSIONAL AND TECHNICAL SERVICES,3795020,3795020,3690278
LOCAL,0100,CORPORATE FUND,59,FIRE DEPARTMENT,2005,FIRE DEPARTMENT,149,SOFTWARE MAINTENANCE AND LICENSING,4000,4000,4000
LOCAL,0100,CORPORATE FUND,59,FIRE DEPARTMENT,2005,FIRE DEPARTMENT,157,RENTAL EQUIPMENT AND SERVICES,94876,94876,86907
LOCAL,0100,CORPORATE FUND,59,FIRE DEPARTMENT,2005,FIRE DEPARTMENT,159,LEASE/PURCHASE EQUIPMENT,82500,82500,82500
LOCAL,0100,CORPORATE FUND,59,FIRE DEPARTMENT,2005,FIRE DEPARTMENT,160,REPAIR/MAINT PROPERTY,13827,13827,12000
LOCAL,0100,CORPORATE FUND,59,FIRE DEPARTMENT,2005,FIRE DEPARTMENT,162,REPAIR/MAINT EQUIPMENT,1109589,1109589,1102426
LOCAL,0100,CORPORATE FUND,59,FIRE DEPARTMENT,2005,FIRE DEPARTMENT,166,DUES  SUBSC & MEM,5150,5150,5150
LOCAL,0100,CORPORATE FUND,59,FIRE DEPARTMENT,2005,FIRE DEPARTMENT,169,TECHNICAL MEETING COSTS,5343,5343,5343
LOCAL,0100,CORPORATE FUND,59,FIRE DEPARTMENT,2005,FIRE DEPARTMENT,181,MOBILE COMMUNICATION SERVICES,392000,392000,312000
LOCAL,0100,CORPORATE FUND,59,FIRE DEPARTMENT,2005,FIRE DEPARTMENT,186,PAGERS,400,400,400
LOCAL,0100,CORPORATE FUND,59,FIRE DEPARTMENT,2005,FIRE DEPARTMENT,189,TELEPHONE - NON-CENTREX BILLINGS,148800,148800,148800
LOCAL,0100,CORPORATE FUND,59,FIRE DEPARTMENT,2005,FIRE DEPARTMENT,190,TELEPHONE - NON-CENTREX BILLINGS,114700,114700,118500
LOCAL,0100,CORPORATE FUND,59,FIRE DEPARTMENT,2005,FIRE DEPARTMENT,196,DATA CIRCUITS,188000,188000,188000
LOCAL,0100,CORPORATE FUND,59,FIRE DEPARTMENT,2005,FIRE DEPARTMENT,197,TELEPHONE - MAINTENANCE,6800,6800,7000
LOCAL,0100,CORPORATE FUND,59,FIRE DEPARTMENT,2005,FIRE DEPARTMENT,229,TRANSPORTATION AND EXPENSE ALLOWANCE,43000,43000,43000
LOCAL,0100,CORPORATE FUND,59,FIRE DEPARTMENT,2005,FIRE DEPARTMENT,245,REIMBURSEMENT TO TRAVELERS,6000,6000,6000
LOCAL,0100,CORPORATE FUND,59,FIRE DEPARTMENT,2005,FIRE DEPARTMENT,270,LOCAL TRANSPORTATION,1900,1900,1900
LOCAL,0100,CORPORATE FUND,59,FIRE DEPARTMENT,2005,FIRE DEPARTMENT,318,OTHER FUEL,6000,6000,6000
LOCAL,0100,CORPORATE FUND,59,FIRE DEPARTMENT,2005,FIRE DEPARTMENT,338,LICENSE STICKER TAG AND PLATES,3915,3915,3915
LOCAL,0100,CORPORATE FUND,59,FIRE DEPARTMENT,2005,FIRE DEPARTMENT,340,MATERIAL AND SUPPLIES,1281102,1281102,1287902
LOCAL,0100,CORPORATE FUND,59,FIRE DEPARTMENT,2005,FIRE DEPARTMENT,342,DRUGS  MEDICINE AND CHEMICAL MATERIALS,767005,767005,764005
LOCAL,0100,CORPORATE FUND,59,FIRE DEPARTMENT,2005,FIRE DEPARTMENT,345,APPARATUS AND INSTRUMENTS,348000,348000,348000
LOCAL,0100,CORPORATE FUND,59,FIRE DEPARTMENT,2005,FIRE DEPARTMENT,348,BOOKS AND RELATED MATERIAL,8405,8405,6505
LOCAL,0100,CORPORATE FUND,59,FIRE DEPARTMENT,2005,FIRE DEPARTMENT,350,STATIONERY AND OFFICE SUPPLIES,124758,124758,108080
LOCAL,0100,CORPORATE FUND,59,FIRE DEPARTMENT,2005,FIRE DEPARTMENT,360,REPAIR PARTS AND MATERIAL,256000,256000,256000
LOCAL,0100,CORPORATE FUND,59,FIRE DEPARTMENT,2005,FIRE DEPARTMENT,422,OFFICE MACHINES,8000,8000,4000
LOCAL,0100,CORPORATE FUND,59,FIRE DEPARTMENT,2005,FIRE DEPARTMENT,424,FURNITURE AND FURNISHINGS,115000,115000,115000
LOCAL,0100,CORPORATE FUND,59,FIRE DEPARTMENT,2005,FIRE DEPARTMENT,931,TORT/NON-TORT JUDGMENT,2702000,2702000,2702000
LOCAL,0100,CORPORATE FUND,59,FIRE DEPARTMENT,2005,FIRE DEPARTMENT,937,HOSPITAL//MEDICAL - NOT WORKERS' COMP,9000000,9000000,9000000
LOCAL,0100,CORPORATE FUND,59,FIRE DEPARTMENT,2005,FIRE DEPARTMENT,9067,PHYSICAL EXAMS,1080000,1080000,1080000
LOCAL,0610,MIDWAY AIRPORT FUND,59,FIRE DEPARTMENT,2005,FIRE DEPARTMENT,5,SALARIES AND WAGES - ON PAYROLL,6170830,6170830,6442750
LOCAL,0610,MIDWAY AIRPORT FUND,59,FIRE DEPARTMENT,2005,FIRE DEPARTMENT,11,CONTRACT WAGE - SALARY,0,0,65920
LOCAL,0610,MIDWAY AIRPORT FUND,59,FIRE DEPARTMENT,2005,FIRE DEPARTMENT,15,SCHEDULE SALARY ADJUSTMENTS,11018,11018,21175
LOCAL,0610,MIDWAY AIRPORT FUND,59,FIRE DEPARTMENT,2005,FIRE DEPARTMENT,20,OVERTIME,130000,130000,130000
LOCAL,0610,MIDWAY AIRPORT FUND,59,FIRE DEPARTMENT,2005,FIRE DEPARTMENT,21,SWORN/CIVILIAN HOLIDAY PREMIUM PAY,213000,213000,230668
LOCAL,0610,MIDWAY AIRPORT FUND,59,FIRE DEPARTMENT,2005,FIRE DEPARTMENT,22,DUTY AVAILABILITY,244000,244000,257520
LOCAL,0610,MIDWAY AIRPORT FUND,59,FIRE DEPARTMENT,2005,FIRE DEPARTMENT,24,COMPENSATORY TIME PAYMENT,54000,54000,70000
LOCAL,0610,MIDWAY AIRPORT FUND,59,FIRE DEPARTMENT,2005,FIRE DEPARTMENT,28,COOPERATIVE EDUCATION PROGRAM,63000,63000,64600
LOCAL,0610,MIDWAY AIRPORT FUND,59,FIRE DEPARTMENT,2005,FIRE DEPARTMENT,60,SPECIALTY PAY,240000,240000,245646
LOCAL,0610,MIDWAY AIRPORT FUND,59,FIRE DEPARTMENT,2005,FIRE DEPARTMENT,61,DRIVER'S DIFFERENTIAL,55000,55000,55000
LOCAL,0610,MIDWAY AIRPORT FUND,59,FIRE DEPARTMENT,2005,FIRE DEPARTMENT,62,REQUIRED CERTIFICATIONS,17000,17000,17000
LOCAL,0610,MIDWAY AIRPORT FUND,59,FIRE DEPARTMENT,2005,FIRE DEPARTMENT,63,FITNESS BENEFIT,9000,9000,9000
LOCAL,0610,MIDWAY AIRPORT FUND,59,FIRE DEPARTMENT,2005,FIRE DEPARTMENT,88,FURLOUGH / COMP TIME BUY-BACK,252000,252000,252466
LOCAL,0610,MIDWAY AIRPORT FUND,59,FIRE DEPARTMENT,2005,FIRE DEPARTMENT,91,UNIFORM ALLOWANCE,75000,75000,84500
LOCAL,0610,MIDWAY AIRPORT FUND,59,FIRE DEPARTMENT,2005,FIRE DEPARTMENT,140,PROFESSIONAL AND TECHNICAL SERVICES,45000,45000,45000
LOCAL,0610,MIDWAY AIRPORT FUND,59,FIRE DEPARTMENT,2005,FIRE DEPARTMENT,937,HOSPITAL//MEDICAL - NOT WORKERS' COMP,157500,157500,157500
LOCAL,0740,O HARE REVENUE FUND,59,FIRE DEPARTMENT,2005,FIRE DEPARTMENT,5,SALARIES AND WAGES - ON PAYROLL,22724657,22724657,23419396
LOCAL,0740,O HARE REVENUE FUND,59,FIRE DEPARTMENT,2005,FIRE DEPARTMENT,11,CONTRACT WAGE - SALARY,349,349,235831
LOCAL,0740,O HARE REVENUE FUND,59,FIRE DEPARTMENT,2005,FIRE DEPARTMENT,15,SCHEDULE SALARY ADJUSTMENTS,48332,48332,131010
LOCAL,0740,O HARE REVENUE FUND,59,FIRE DEPARTMENT,2005,FIRE DEPARTMENT,20,OVERTIME,535000,535000,535000
LOCAL,0740,O HARE REVENUE FUND,59,FIRE DEPARTMENT,2005,FIRE DEPARTMENT,21,SWORN/CIVILIAN HOLIDAY PREMIUM PAY,854000,854000,881482
LOCAL,0740,O HARE REVENUE FUND,59,FIRE DEPARTMENT,2005,FIRE DEPARTMENT,22,DUTY AVAILABILITY,860000,860000,901320
LOCAL,0740,O HARE REVENUE FUND,59,FIRE DEPARTMENT,2005,FIRE DEPARTMENT,24,COMPENSATORY TIME PAYMENT,138000,138000,100000
LOCAL,0740,O HARE REVENUE FUND,59,FIRE DEPARTMENT,2005,FIRE DEPARTMENT,28,COOPERATIVE EDUCATION PROGRAM,225000,225000,225000
LOCAL,0740,O HARE REVENUE FUND,59,FIRE DEPARTMENT,2005,FIRE DEPARTMENT,60,SPECIALTY PAY,1001000,1001000,1059359
LOCAL,0740,O HARE REVENUE FUND,59,FIRE DEPARTMENT,2005,FIRE DEPARTMENT,61,DRIVER'S DIFFERENTIAL,200000,200000,180000
LOCAL,0740,O HARE REVENUE FUND,59,FIRE DEPARTMENT,2005,FIRE DEPARTMENT,62,REQUIRED CERTIFICATIONS,10000,10000,10000
LOCAL,0740,O HARE REVENUE FUND,59,FIRE DEPARTMENT,2005,FIRE DEPARTMENT,63,FITNESS BENEFIT,35700,35700,35700
LOCAL,0740,O HARE REVENUE FUND,59,FIRE DEPARTMENT,2005,FIRE DEPARTMENT,88,FURLOUGH / COMP TIME BUY-BACK,264000,264000,264000
LOCAL,0740,O HARE REVENUE FUND,59,FIRE DEPARTMENT,2005,FIRE DEPARTMENT,91,UNIFORM ALLOWANCE,330000,330000,293250
LOCAL,0740,O HARE REVENUE FUND,59,FIRE DEPARTMENT,2005,FIRE DEPARTMENT,140,PROFESSIONAL AND TECHNICAL SERVICES,145500,145500,176800
LOCAL,0740,O HARE REVENUE FUND,59,FIRE DEPARTMENT,2005,FIRE DEPARTMENT,937,HOSPITAL//MEDICAL - NOT WORKERS' COMP,247500,247500,247500
LOCAL,0100,CORPORATE FUND,67,DEPARTMENT OF BUILDINGS,2005,BUILDINGS,5,SALARIES AND WAGES - ON PAYROLL,17057334,17057334,18079923
LOCAL,0100,CORPORATE FUND,67,DEPARTMENT OF BUILDINGS,2005,BUILDINGS,11,CONTRACT WAGE - SALARY,19948,19948,20387
LOCAL,0100,CORPORATE FUND,67,DEPARTMENT OF BUILDINGS,2005,BUILDINGS,12,CONTRACT WAGE - PREVAILING RATE,79204,79204,83609
LOCAL,0100,CORPORATE FUND,67,DEPARTMENT OF BUILDINGS,2005,BUILDINGS,15,SCHEDULE SALARY ADJUSTMENTS,38370,38370,65770
LOCAL,0100,CORPORATE FUND,67,DEPARTMENT OF BUILDINGS,2005,BUILDINGS,20,OVERTIME,25000,25000,100000
LOCAL,0100,CORPORATE FUND,67,DEPARTMENT OF BUILDINGS,2005,BUILDINGS,32,REIMBURSABLE OVERTIME,50000,50000,250000
LOCAL,0100,CORPORATE FUND,67,DEPARTMENT OF BUILDINGS,2005,BUILDINGS,50,STIPENDS,57000,57000,57000
LOCAL,0100,CORPORATE FUND,67,DEPARTMENT OF BUILDINGS,2005,BUILDINGS,130,POSTAGE,27068,27068,29609
LOCAL,0100,CORPORATE FUND,67,DEPARTMENT OF BUILDINGS,2005,BUILDINGS,140,PROFESSIONAL AND TECHNICAL SERVICES,2887897,2887897,3924575
LOCAL,0100,CORPORATE FUND,67,DEPARTMENT OF BUILDINGS,2005,BUILDINGS,143,COURT REPORTING,2500,2500,1500
LOCAL,0100,CORPORATE FUND,67,DEPARTMENT OF BUILDINGS,2005,BUILDINGS,154,RENTAL-DATA HARDWARE EQ,12084,12084,10000
LOCAL,0100,CORPORATE FUND,67,DEPARTMENT OF BUILDINGS,2005,BUILDINGS,157,RENTAL EQUIPMENT AND SERVICES,5600,5600,5000
LOCAL,0100,CORPORATE FUND,67,DEPARTMENT OF BUILDINGS,2005,BUILDINGS,159,LEASE/PURCHASE EQUIPMENT,30583,30583,27847
LOCAL,0100,CORPORATE FUND,67,DEPARTMENT OF BUILDINGS,2005,BUILDINGS,162,REPAIR/MAINT EQUIPMENT,22500,22500,15500
LOCAL,0100,CORPORATE FUND,67,DEPARTMENT OF BUILDINGS,2005,BUILDINGS,166,DUES  SUBSC & MEM,600,600,1000
LOCAL,0100,CORPORATE FUND,67,DEPARTMENT OF BUILDINGS,2005,BUILDINGS,178,FREIGHT AND EXPRESS CHARGES,500,500,250
LOCAL,0100,CORPORATE FUND,67,DEPARTMENT OF BUILDINGS,2005,BUILDINGS,181,MOBILE COMMUNICATION SERVICES,151255,151255,143842
LOCAL,0100,CORPORATE FUND,67,DEPARTMENT OF BUILDINGS,2005,BUILDINGS,190,TELEPHONE - NON-CENTREX BILLINGS,94600,94600,84000
LOCAL,0100,CORPORATE FUND,67,DEPARTMENT OF BUILDINGS,2005,BUILDINGS,191,TELEPHONE - RELOCATIONS,500,500,500
LOCAL,0100,CORPORATE FUND,67,DEPARTMENT OF BUILDINGS,2005,BUILDINGS,196,DATA CIRCUITS,6100,6100,5400
LOCAL,0100,CORPORATE FUND,67,DEPARTMENT OF BUILDINGS,2005,BUILDINGS,197,TELEPHONE - MAINTENANCE,26005,26005,25805
LOCAL,0100,CORPORATE FUND,67,DEPARTMENT OF BUILDINGS,2005,BUILDINGS,229,TRANSPORTATION AND EXPENSE ALLOWANCE,155000,155000,155000
LOCAL,0100,CORPORATE FUND,67,DEPARTMENT OF BUILDINGS,2005,BUILDINGS,319,CLOTHING,10000,10000,10000
LOCAL,0100,CORPORATE FUND,67,DEPARTMENT OF BUILDINGS,2005,BUILDINGS,348,BOOKS AND RELATED MATERIAL,2500,2500,1000
LOCAL,0100,CORPORATE FUND,67,DEPARTMENT OF BUILDINGS,2005,BUILDINGS,350,STATIONERY AND OFFICE SUPPLIES,30620,30620,30620
LOCAL,0100,CORPORATE FUND,67,DEPARTMENT OF BUILDINGS,2005,BUILDINGS,931,TORT/NON-TORT JUDGMENT,300000,300000,300000
LOCAL,0100,CORPORATE FUND,67,DEPARTMENT OF BUILDINGS,2005,BUILDINGS,989,REFUND - CANCELLED VOUCHER,150000,150000,100000
LOCAL,0100,CORPORATE FUND,67,DEPARTMENT OF BUILDINGS,2005,BUILDINGS,9019,BOARD-UP PROGRAM,0,0,3000000
LOCAL,0200,WATER FUND,67,DEPARTMENT OF BUILDINGS,2005,BUILDINGS,5,SALARIES AND WAGES - ON PAYROLL,2312109,2312109,2362047
LOCAL,0200,WATER FUND,67,DEPARTMENT OF BUILDINGS,2005,BUILDINGS,11,CONTRACT WAGE - SALARY,564,564,674
LOCAL,0200,WATER FUND,67,DEPARTMENT OF BUILDINGS,2005,BUILDINGS,12,CONTRACT WAGE - PREVAILING RATE,22849,22849,23129
LOCAL,0200,WATER FUND,67,DEPARTMENT OF BUILDINGS,2005,BUILDINGS,15,SCHEDULE SALARY ADJUSTMENTS,906,906,2476
LOCAL,0200,WATER FUND,67,DEPARTMENT OF BUILDINGS,2005,BUILDINGS,159,LEASE/PURCHASE EQUIPMENT,2000,2000,1000
LOCAL,0200,WATER FUND,67,DEPARTMENT OF BUILDINGS,2005,BUILDINGS,162,REPAIR/MAINT EQUIPMENT,4400,4400,3400
LOCAL,0200,WATER FUND,67,DEPARTMENT OF BUILDINGS,2005,BUILDINGS,181,MOBILE COMMUNICATION SERVICES,28036,28036,24266
LOCAL,0200,WATER FUND,67,DEPARTMENT OF BUILDINGS,2005,BUILDINGS,229,TRANSPORTATION AND EXPENSE ALLOWANCE,20250,20250,17000
LOCAL,0200,WATER FUND,67,DEPARTMENT OF BUILDINGS,2005,BUILDINGS,350,STATIONERY AND OFFICE SUPPLIES,3008,3008,3008
LOCAL,0300,VEHICLE FUND,67,DEPARTMENT OF BUILDINGS,2005,BUILDINGS,5,SALARIES AND WAGES - ON PAYROLL,463551,463551,466371
LOCAL,0300,VEHICLE FUND,67,DEPARTMENT OF BUILDINGS,2005,BUILDINGS,11,CONTRACT WAGE - SALARY,1633,1633,1636
LOCAL,0300,VEHICLE FUND,67,DEPARTMENT OF BUILDINGS,2005,BUILDINGS,149,SOFTWARE MAINTENANCE AND LICENSING,40000,40000,31000
LOCAL,0300,VEHICLE FUND,67,DEPARTMENT OF BUILDINGS,2005,BUILDINGS,162,REPAIR/MAINT EQUIPMENT,3500,3500,3500
LOCAL,0300,VEHICLE FUND,67,DEPARTMENT OF BUILDINGS,2005,BUILDINGS,350,STATIONERY AND OFFICE SUPPLIES,3008,3008,3008
LOCAL,0314,SEWER FUND,67,DEPARTMENT OF BUILDINGS,2005,BUILDINGS,5,SALARIES AND WAGES - ON PAYROLL,1425850,1425850,1463728
LOCAL,0314,SEWER FUND,67,DEPARTMENT OF BUILDINGS,2005,BUILDINGS,11,CONTRACT WAGE - SALARY,3340,3340,3336
LOCAL,0314,SEWER FUND,67,DEPARTMENT OF BUILDINGS,2005,BUILDINGS,12,CONTRACT WAGE - PREVAILING RATE,2978,2978,3014
LOCAL,0314,SEWER FUND,67,DEPARTMENT OF BUILDINGS,2005,BUILDINGS,15,SCHEDULE SALARY ADJUSTMENTS,6512,6512,2874
LOCAL,0314,SEWER FUND,67,DEPARTMENT OF BUILDINGS,2005,BUILDINGS,140,PROFESSIONAL AND TECHNICAL SERVICES,707006,707006,707006
LOCAL,0314,SEWER FUND,67,DEPARTMENT OF BUILDINGS,2005,BUILDINGS,159,LEASE/PURCHASE EQUIPMENT,4000,4000,4000
LOCAL,0314,SEWER FUND,67,DEPARTMENT OF BUILDINGS,2005,BUILDINGS,162,REPAIR/MAINT EQUIPMENT,4000,4000,4000
LOCAL,0314,SEWER FUND,67,DEPARTMENT OF BUILDINGS,2005,BUILDINGS,181,MOBILE COMMUNICATION SERVICES,9346,9346,9346
LOCAL,0314,SEWER FUND,67,DEPARTMENT OF BUILDINGS,2005,BUILDINGS,229,TRANSPORTATION AND EXPENSE ALLOWANCE,20250,20250,15000
LOCAL,0314,SEWER FUND,67,DEPARTMENT OF BUILDINGS,2005,BUILDINGS,350,STATIONERY AND OFFICE SUPPLIES,3008,3008,3008
LOCAL,0100,CORPORATE FUND,70,BACP,2005,BACP,5,SALARIES AND WAGES - ON PAYROLL,12864707,12864707,13259503
LOCAL,0100,CORPORATE FUND,70,BACP,2005,BACP,11,CONTRACT WAGE - SALARY,31746,31746,32639
LOCAL,0100,CORPORATE FUND,70,BACP,2005,BACP,15,SCHEDULE SALARY ADJUSTMENTS,77358,77358,93470
LOCAL,0100,CORPORATE FUND,70,BACP,2005,BACP,20,OVERTIME,24700,24700,24700
LOCAL,0100,CORPORATE FUND,70,BACP,2005,BACP,39,STUDENT AS TRAINEES,21800,21800,21800
LOCAL,0100,CORPORATE FUND,70,BACP,2005,BACP,124,INVESTIGATION COSTS,115632,115632,104069
LOCAL,0100,CORPORATE FUND,70,BACP,2005,BACP,130,POSTAGE,80018,80018,72016
LOCAL,0100,CORPORATE FUND,70,BACP,2005,BACP,135,DELEGATE AGENCIES,3394110,3394110,3394110
LOCAL,0100,CORPORATE FUND,70,BACP,2005,BACP,138,IT MAINTENANCE,341489,341489,307340
LOCAL,0100,CORPORATE FUND,70,BACP,2005,BACP,140,PROFESSIONAL AND TECHNICAL SERVICES,325478,325478,180970
LOCAL,0100,CORPORATE FUND,70,BACP,2005,BACP,143,COURT REPORTING,61150,61150,42100
LOCAL,0100,CORPORATE FUND,70,BACP,2005,BACP,148,TESTING AND INSPECTING,35232,35232,31709
LOCAL,0100,CORPORATE FUND,70,BACP,2005,BACP,150,PUBLICATN & REPRODT-OUT,18280,18280,16452
LOCAL,0100,CORPORATE FUND,70,BACP,2005,BACP,152,ADVERTISING,99648,99648,89683
LOCAL,0100,CORPORATE FUND,70,BACP,2005,BACP,153,PROMOTIONS,3760,3760,3384
LOCAL,0100,CORPORATE FUND,70,BACP,2005,BACP,154,RENTAL-DATA HARDWARE EQ,2668,2668,2401
LOCAL,0100,CORPORATE FUND,70,BACP,2005,BACP,157,RENTAL EQUIPMENT AND SERVICES,35052,35052,31547
LOCAL,0100,CORPORATE FUND,70,BACP,2005,BACP,159,LEASE/PURCHASE EQUIPMENT,6804,6804,6124
LOCAL,0100,CORPORATE FUND,70,BACP,2005,BACP,162,REPAIR/MAINT EQUIPMENT,32288,32288,29059
LOCAL,0100,CORPORATE FUND,70,BACP,2005,BACP,166,DUES  SUBSC & MEM,5229,5229,4706
LOCAL,0100,CORPORATE FUND,70,BACP,2005,BACP,169,TECHNICAL MEETING COSTS,4576,4576,4118
LOCAL,0100,CORPORATE FUND,70,BACP,2005,BACP,179,MESSENGER SERVICES,14418,14418,1000
LOCAL,0100,CORPORATE FUND,70,BACP,2005,BACP,181,MOBILE COMMUNICATION SERVICES,54350,54350,54140
LOCAL,0100,CORPORATE FUND,70,BACP,2005,BACP,190,TELEPHONE - NON-CENTREX BILLINGS,53600,53600,52000
LOCAL,0100,CORPORATE FUND,70,BACP,2005,BACP,196,DATA CIRCUITS,38200,38200,37800
LOCAL,0100,CORPORATE FUND,70,BACP,2005,BACP,197,TELEPHONE - MAINTENANCE,90100,90100,90100
LOCAL,0100,CORPORATE FUND,70,BACP,2005,BACP,229,TRANSPORTATION AND EXPENSE ALLOWANCE,53016,53016,33285
LOCAL,0100,CORPORATE FUND,70,BACP,2005,BACP,245,REIMBURSEMENT TO TRAVELERS,2092,2092,2092
LOCAL,0100,CORPORATE FUND,70,BACP,2005,BACP,270,LOCAL TRANSPORTATION,1966,1966,1966
LOCAL,0100,CORPORATE FUND,70,BACP,2005,BACP,338,LICENSE STICKER TAG AND PLATES,76608,76608,76608
LOCAL,0100,CORPORATE FUND,70,BACP,2005,BACP,340,MATERIAL AND SUPPLIES,22385,22385,22385
LOCAL,0100,CORPORATE FUND,70,BACP,2005,BACP,348,BOOKS AND RELATED MATERIAL,1972,1972,1972
LOCAL,0100,CORPORATE FUND,70,BACP,2005,BACP,350,STATIONERY AND OFFICE SUPPLIES,36186,36186,36186
LOCAL,0100,CORPORATE FUND,70,BACP,2005,BACP,360,REPAIR PARTS AND MATERIAL,3083,3083,3083
LOCAL,0B21,TIF ADMINISTRATION,70,BACP,2005,BACP,9470,REIMBURSEMENT - BACP,375000,375000,375000
LOCAL,0100,CORPORATE FUND,73,ANIMAL CARE AND CONTROL,2005,ANIMAL CARE AND CONTROL,5,SALARIES AND WAGES - ON PAYROLL,4198589,4198589,4302907
LOCAL,0100,CORPORATE FUND,73,ANIMAL CARE AND CONTROL,2005,ANIMAL CARE AND CONTROL,11,CONTRACT WAGE - SALARY,9911,9911,10107
LOCAL,0100,CORPORATE FUND,73,ANIMAL CARE AND CONTROL,2005,ANIMAL CARE AND CONTROL,15,SCHEDULE SALARY ADJUSTMENTS,36670,36670,35217
LOCAL,0100,CORPORATE FUND,73,ANIMAL CARE AND CONTROL,2005,ANIMAL CARE AND CONTROL,20,OVERTIME,145000,145000,145000
LOCAL,0100,CORPORATE FUND,73,ANIMAL CARE AND CONTROL,2005,ANIMAL CARE AND CONTROL,91,UNIFORM ALLOWANCE,32850,32850,31180
LOCAL,0100,CORPORATE FUND,73,ANIMAL CARE AND CONTROL,2005,ANIMAL CARE AND CONTROL,130,POSTAGE,2395,2395,2700
LOCAL,0100,CORPORATE FUND,73,ANIMAL CARE AND CONTROL,2005,ANIMAL CARE AND CONTROL,140,PROFESSIONAL AND TECHNICAL SERVICES,655169,655169,654957
LOCAL,0100,CORPORATE FUND,73,ANIMAL CARE AND CONTROL,2005,ANIMAL CARE AND CONTROL,150,PUBLICATN & REPRODT-OUT,1427,1427,1427
LOCAL,0100,CORPORATE FUND,73,ANIMAL CARE AND CONTROL,2005,ANIMAL CARE AND CONTROL,152,ADVERTISING,3300,3300,2000
LOCAL,0100,CORPORATE FUND,73,ANIMAL CARE AND CONTROL,2005,ANIMAL CARE AND CONTROL,154,RENTAL-DATA HARDWARE EQ,2200,2200,2200
LOCAL,0100,CORPORATE FUND,73,ANIMAL CARE AND CONTROL,2005,ANIMAL CARE AND CONTROL,157,RENTAL EQUIPMENT AND SERVICES,1800,1800,2160
LOCAL,0100,CORPORATE FUND,73,ANIMAL CARE AND CONTROL,2005,ANIMAL CARE AND CONTROL,159,LEASE/PURCHASE EQUIPMENT,15666,15666,26400
LOCAL,0100,CORPORATE FUND,73,ANIMAL CARE AND CONTROL,2005,ANIMAL CARE AND CONTROL,162,REPAIR/MAINT EQUIPMENT,5220,5220,5220
LOCAL,0100,CORPORATE FUND,73,ANIMAL CARE AND CONTROL,2005,ANIMAL CARE AND CONTROL,168,EDUCATION DEVELOPMENT,5350,5350,5350
LOCAL,0100,CORPORATE FUND,73,ANIMAL CARE AND CONTROL,2005,ANIMAL CARE AND CONTROL,169,TECHNICAL MEETING COSTS,1068,1068,1068
LOCAL,0100,CORPORATE FUND,73,ANIMAL CARE AND CONTROL,2005,ANIMAL CARE AND CONTROL,181,MOBILE COMMUNICATION SERVICES,24000,24000,19140
LOCAL,0100,CORPORATE FUND,73,ANIMAL CARE AND CONTROL,2005,ANIMAL CARE AND CONTROL,190,TELEPHONE - NON-CENTREX BILLINGS,7000,7000,7000
LOCAL,0100,CORPORATE FUND,73,ANIMAL CARE AND CONTROL,2005,ANIMAL CARE AND CONTROL,196,DATA CIRCUITS,2650,2650,2700
LOCAL,0100,CORPORATE FUND,73,ANIMAL CARE AND CONTROL,2005,ANIMAL CARE AND CONTROL,197,TELEPHONE - MAINTENANCE,1015,1015,1015
LOCAL,0100,CORPORATE FUND,73,ANIMAL CARE AND CONTROL,2005,ANIMAL CARE AND CONTROL,245,REIMBURSEMENT TO TRAVELERS,480,480,480
LOCAL,0100,CORPORATE FUND,73,ANIMAL CARE AND CONTROL,2005,ANIMAL CARE AND CONTROL,313,CLEANING AND SANITATION SUPPLIES,70028,70028,70028
LOCAL,0100,CORPORATE FUND,73,ANIMAL CARE AND CONTROL,2005,ANIMAL CARE AND CONTROL,330,FOOD,113278,113278,113278
LOCAL,0100,CORPORATE FUND,73,ANIMAL CARE AND CONTROL,2005,ANIMAL CARE AND CONTROL,340,MATERIAL AND SUPPLIES,20316,20316,20316
LOCAL,0100,CORPORATE FUND,73,ANIMAL CARE AND CONTROL,2005,ANIMAL CARE AND CONTROL,342,DRUGS  MEDICINE AND CHEMICAL MATERIALS,230200,230200,230200
LOCAL,0100,CORPORATE FUND,73,ANIMAL CARE AND CONTROL,2005,ANIMAL CARE AND CONTROL,350,STATIONERY AND OFFICE SUPPLIES,9164,9164,9164
LOCAL,0100,CORPORATE FUND,73,ANIMAL CARE AND CONTROL,2005,ANIMAL CARE AND CONTROL,360,REPAIR PARTS AND MATERIAL,2093,2093,2093
LOCAL,0100,CORPORATE FUND,77,LICENSE APPEAL COMMISSION,2005,LICENSE APPEAL COMMISSION,5,SALARIES AND WAGES - ON PAYROLL,66684,66684,71292
LOCAL,0100,CORPORATE FUND,77,LICENSE APPEAL COMMISSION,2005,LICENSE APPEAL COMMISSION,11,CONTRACT WAGE - SALARY,333,333,356
LOCAL,0100,CORPORATE FUND,77,LICENSE APPEAL COMMISSION,2005,LICENSE APPEAL COMMISSION,15,SCHEDULE SALARY ADJUSTMENTS,0,0,2397
LOCAL,0100,CORPORATE FUND,77,LICENSE APPEAL COMMISSION,2005,LICENSE APPEAL COMMISSION,130,POSTAGE,177,177,147
LOCAL,0100,CORPORATE FUND,77,LICENSE APPEAL COMMISSION,2005,LICENSE APPEAL COMMISSION,140,PROFESSIONAL AND TECHNICAL SERVICES,82223,82223,82223
LOCAL,0100,CORPORATE FUND,77,LICENSE APPEAL COMMISSION,2005,LICENSE APPEAL COMMISSION,143,COURT REPORTING,17500,17500,17500
LOCAL,0100,CORPORATE FUND,77,LICENSE APPEAL COMMISSION,2005,LICENSE APPEAL COMMISSION,157,RENTAL EQUIPMENT AND SERVICES,884,884,884
LOCAL,0100,CORPORATE FUND,77,LICENSE APPEAL COMMISSION,2005,LICENSE APPEAL COMMISSION,162,REPAIR/MAINT EQUIPMENT,216,216,216
LOCAL,0100,CORPORATE FUND,77,LICENSE APPEAL COMMISSION,2005,LICENSE APPEAL COMMISSION,190,TELEPHONE - NON-CENTREX BILLINGS,1000,1000,1000
LOCAL,0100,CORPORATE FUND,77,LICENSE APPEAL COMMISSION,2005,LICENSE APPEAL COMMISSION,197,TELEPHONE - MAINTENANCE,100,100,125
LOCAL,0100,CORPORATE FUND,77,LICENSE APPEAL COMMISSION,2005,LICENSE APPEAL COMMISSION,340,MATERIAL AND SUPPLIES,500,500,500
LOCAL,0100,CORPORATE FUND,78,BOARD OF ETHICS,2005,BOARD OF ETHICS,5,SALARIES AND WAGES - ON PAYROLL,750852,750852,780276
LOCAL,0100,CORPORATE FUND,78,BOARD OF ETHICS,2005,BOARD OF ETHICS,11,CONTRACT WAGE - SALARY,383,383,410
LOCAL,0100,CORPORATE FUND,78,BOARD OF ETHICS,2005,BOARD OF ETHICS,15,SCHEDULE SALARY ADJUSTMENTS,2685,2685,2076
LOCAL,0100,CORPORATE FUND,78,BOARD OF ETHICS,2005,BOARD OF ETHICS,130,POSTAGE,3739,3739,4547
LOCAL,0100,CORPORATE FUND,78,BOARD OF ETHICS,2005,BOARD OF ETHICS,140,PROFESSIONAL AND TECHNICAL SERVICES,56219,56219,40000
LOCAL,0100,CORPORATE FUND,78,BOARD OF ETHICS,2005,BOARD OF ETHICS,157,RENTAL EQUIPMENT AND SERVICES,3832,3832,3825
LOCAL,0100,CORPORATE FUND,78,BOARD OF ETHICS,2005,BOARD OF ETHICS,159,LEASE/PURCHASE EQUIPMENT,3600,3600,3600
LOCAL,0100,CORPORATE FUND,78,BOARD OF ETHICS,2005,BOARD OF ETHICS,162,REPAIR/MAINT EQUIPMENT,2396,2396,2396
LOCAL,0100,CORPORATE FUND,78,BOARD OF ETHICS,2005,BOARD OF ETHICS,166,DUES  SUBSC & MEM,2713,2713,2713
LOCAL,0100,CORPORATE FUND,78,BOARD OF ETHICS,2005,BOARD OF ETHICS,169,TECHNICAL MEETING COSTS,1284,1284,1150
LOCAL,0100,CORPORATE FUND,78,BOARD OF ETHICS,2005,BOARD OF ETHICS,178,FREIGHT AND EXPRESS CHARGES,3644,3644,3644
LOCAL,0100,CORPORATE FUND,78,BOARD OF ETHICS,2005,BOARD OF ETHICS,190,TELEPHONE - NON-CENTREX BILLINGS,3800,3800,4000
LOCAL,0100,CORPORATE FUND,78,BOARD OF ETHICS,2005,BOARD OF ETHICS,197,TELEPHONE - MAINTENANCE,855,855,855
LOCAL,0100,CORPORATE FUND,78,BOARD OF ETHICS,2005,BOARD OF ETHICS,229,TRANSPORTATION AND EXPENSE ALLOWANCE,165,165,165
LOCAL,0100,CORPORATE FUND,78,BOARD OF ETHICS,2005,BOARD OF ETHICS,245,REIMBURSEMENT TO TRAVELERS,4160,4160,2560
LOCAL,0100,CORPORATE FUND,78,BOARD OF ETHICS,2005,BOARD OF ETHICS,270,LOCAL TRANSPORTATION,2400,2400,2400
LOCAL,0100,CORPORATE FUND,78,BOARD OF ETHICS,2005,BOARD OF ETHICS,348,BOOKS AND RELATED MATERIAL,595,595,595
LOCAL,0100,CORPORATE FUND,78,BOARD OF ETHICS,2005,BOARD OF ETHICS,350,STATIONERY AND OFFICE SUPPLIES,2615,2615,2615
LOCAL,0100,CORPORATE FUND,81,STREETS AND SANITATION,2005,COMMISSIONER'S OFFICE,5,SALARIES AND WAGES - ON PAYROLL,1344317,1344317,1302449
LOCAL,0100,CORPORATE FUND,81,STREETS AND SANITATION,2005,COMMISSIONER'S OFFICE,11,CONTRACT WAGE - SALARY,785,785,634
LOCAL,0100,CORPORATE FUND,81,STREETS AND SANITATION,2005,COMMISSIONER'S OFFICE,12,CONTRACT WAGE - PREVAILING RATE,759,759,770
LOCAL,0100,CORPORATE FUND,81,STREETS AND SANITATION,2005,COMMISSIONER'S OFFICE,15,SCHEDULE SALARY ADJUSTMENTS,2286,2286,1956
LOCAL,0100,CORPORATE FUND,81,STREETS AND SANITATION,2005,COMMISSIONER'S OFFICE,130,POSTAGE,6230,6230,5500
LOCAL,0100,CORPORATE FUND,81,STREETS AND SANITATION,2005,COMMISSIONER'S OFFICE,140,PROFESSIONAL AND TECHNICAL SERVICES,23852,23852,21800
LOCAL,0100,CORPORATE FUND,81,STREETS AND SANITATION,2005,COMMISSIONER'S OFFICE,154,RENTAL-DATA HARDWARE EQ,1500,1500,500
LOCAL,0100,CORPORATE FUND,81,STREETS AND SANITATION,2005,COMMISSIONER'S OFFICE,157,RENTAL EQUIPMENT AND SERVICES,898,898,700
LOCAL,0100,CORPORATE FUND,81,STREETS AND SANITATION,2005,COMMISSIONER'S OFFICE,166,DUES  SUBSC & MEM,603,603,300
LOCAL,0100,CORPORATE FUND,81,STREETS AND SANITATION,2005,COMMISSIONER'S OFFICE,169,TECHNICAL MEETING COSTS,275,275,75
LOCAL,0100,CORPORATE FUND,81,STREETS AND SANITATION,2005,COMMISSIONER'S OFFICE,181,MOBILE COMMUNICATION SERVICES,125000,125000,125000
LOCAL,0100,CORPORATE FUND,81,STREETS AND SANITATION,2005,COMMISSIONER'S OFFICE,190,TELEPHONE - NON-CENTREX BILLINGS,51775,51775,53000
LOCAL,0100,CORPORATE FUND,81,STREETS AND SANITATION,2005,COMMISSIONER'S OFFICE,197,TELEPHONE - MAINTENANCE,8500,8500,8500
LOCAL,0100,CORPORATE FUND,81,STREETS AND SANITATION,2005,COMMISSIONER'S OFFICE,245,REIMBURSEMENT TO TRAVELERS,500,500,200
LOCAL,0100,CORPORATE FUND,81,STREETS AND SANITATION,2005,COMMISSIONER'S OFFICE,348,BOOKS AND RELATED MATERIAL,200,200,150
LOCAL,0100,CORPORATE FUND,81,STREETS AND SANITATION,2005,COMMISSIONER'S OFFICE,350,STATIONERY AND OFFICE SUPPLIES,6000,6000,6000
LOCAL,0100,CORPORATE FUND,81,STREETS AND SANITATION,2005,COMMISSIONER'S OFFICE,931,TORT/NON-TORT JUDGMENT,540000,540000,540000
LOCAL,0100,CORPORATE FUND,81,STREETS AND SANITATION,2006,ADMINISTRATIVE SERV DIVISION,5,SALARIES AND WAGES - ON PAYROLL,4376165,4376165,4448847
LOCAL,0100,CORPORATE FUND,81,STREETS AND SANITATION,2006,ADMINISTRATIVE SERV DIVISION,11,CONTRACT WAGE - SALARY,1905,1905,1499
LOCAL,0100,CORPORATE FUND,81,STREETS AND SANITATION,2006,ADMINISTRATIVE SERV DIVISION,12,CONTRACT WAGE - PREVAILING RATE,11990,11990,12711
LOCAL,0100,CORPORATE FUND,81,STREETS AND SANITATION,2006,ADMINISTRATIVE SERV DIVISION,15,SCHEDULE SALARY ADJUSTMENTS,12669,12669,11377
LOCAL,0100,CORPORATE FUND,81,STREETS AND SANITATION,2006,ADMINISTRATIVE SERV DIVISION,20,OVERTIME,1000,1000,1000
LOCAL,0100,CORPORATE FUND,81,STREETS AND SANITATION,2006,ADMINISTRATIVE SERV DIVISION,130,POSTAGE,3000,3000,3000
LOCAL,0100,CORPORATE FUND,81,STREETS AND SANITATION,2006,ADMINISTRATIVE SERV DIVISION,140,PROFESSIONAL AND TECHNICAL SERVICES,2500,2500,1000
LOCAL,0100,CORPORATE FUND,81,STREETS AND SANITATION,2006,ADMINISTRATIVE SERV DIVISION,159,LEASE/PURCHASE EQUIPMENT,25928,25928,20000
LOCAL,0100,CORPORATE FUND,81,STREETS AND SANITATION,2006,ADMINISTRATIVE SERV DIVISION,162,REPAIR/MAINT EQUIPMENT,7000,7000,3000
LOCAL,0100,CORPORATE FUND,81,STREETS AND SANITATION,2006,ADMINISTRATIVE SERV DIVISION,190,TELEPHONE - NON-CENTREX BILLINGS,7700,7700,4000
LOCAL,0100,CORPORATE FUND,81,STREETS AND SANITATION,2006,ADMINISTRATIVE SERV DIVISION,197,TELEPHONE - MAINTENANCE,800,800,850
LOCAL,0100,CORPORATE FUND,81,STREETS AND SANITATION,2006,ADMINISTRATIVE SERV DIVISION,229,TRANSPORTATION AND EXPENSE ALLOWANCE,475,475,250
LOCAL,0100,CORPORATE FUND,81,STREETS AND SANITATION,2006,ADMINISTRATIVE SERV DIVISION,350,STATIONERY AND OFFICE SUPPLIES,6000,6000,5250
LOCAL,0100,CORPORATE FUND,81,STREETS AND SANITATION,2020,BUREAU OF SANITATION,5,SALARIES AND WAGES - ON PAYROLL,98465809,98465809,99101767
LOCAL,0100,CORPORATE FUND,81,STREETS AND SANITATION,2020,BUREAU OF SANITATION,11,CONTRACT WAGE - SALARY,1345,1345,2159
LOCAL,0100,CORPORATE FUND,81,STREETS AND SANITATION,2020,BUREAU OF SANITATION,12,CONTRACT WAGE - PREVAILING RATE,585612,585612,590721
LOCAL,0100,CORPORATE FUND,81,STREETS AND SANITATION,2020,BUREAU OF SANITATION,15,SCHEDULE SALARY ADJUSTMENTS,92388,92388,68317
LOCAL,0100,CORPORATE FUND,81,STREETS AND SANITATION,2020,BUREAU OF SANITATION,20,OVERTIME,3661453,3661453,3661453
LOCAL,0100,CORPORATE FUND,81,STREETS AND SANITATION,2020,BUREAU OF SANITATION,126,OFFICE CONVENIENCES,507,507,454
LOCAL,0100,CORPORATE FUND,81,STREETS AND SANITATION,2020,BUREAU OF SANITATION,130,POSTAGE,2046,2046,980
LOCAL,0100,CORPORATE FUND,81,STREETS AND SANITATION,2020,BUREAU OF SANITATION,140,PROFESSIONAL AND TECHNICAL SERVICES,12644630,12644630,12787600
LOCAL,0100,CORPORATE FUND,81,STREETS AND SANITATION,2020,BUREAU OF SANITATION,157,RENTAL EQUIPMENT AND SERVICES,251184,251184,176528
LOCAL,0100,CORPORATE FUND,81,STREETS AND SANITATION,2020,BUREAU OF SANITATION,159,LEASE/PURCHASE EQUIPMENT,98055,98055,87448
LOCAL,0100,CORPORATE FUND,81,STREETS AND SANITATION,2020,BUREAU OF SANITATION,160,REPAIR/MAINT PROPERTY,1000,1000,500
LOCAL,0100,CORPORATE FUND,81,STREETS AND SANITATION,2020,BUREAU OF SANITATION,162,REPAIR/MAINT EQUIPMENT,16763,16763,14348
LOCAL,0100,CORPORATE FUND,81,STREETS AND SANITATION,2020,BUREAU OF SANITATION,181,MOBILE COMMUNICATION SERVICES,86500,86500,86500
LOCAL,0100,CORPORATE FUND,81,STREETS AND SANITATION,2020,BUREAU OF SANITATION,185,WASTE DISPOSAL SERVICES,37505608,37505608,37505608
LOCAL,0100,CORPORATE FUND,81,STREETS AND SANITATION,2020,BUREAU OF SANITATION,188,VEHICLE TRACKING SERVICE,324420,324420,181554
LOCAL,0100,CORPORATE FUND,81,STREETS AND SANITATION,2020,BUREAU OF SANITATION,189,TELEPHONE - NON-CENTREX BILLINGS,4200,4200,5600
LOCAL,0100,CORPORATE FUND,81,STREETS AND SANITATION,2020,BUREAU OF SANITATION,190,TELEPHONE - NON-CENTREX BILLINGS,81800,81800,77800
LOCAL,0100,CORPORATE FUND,81,STREETS AND SANITATION,2020,BUREAU OF SANITATION,196,DATA CIRCUITS,28375,28375,28800
LOCAL,0100,CORPORATE FUND,81,STREETS AND SANITATION,2020,BUREAU OF SANITATION,197,TELEPHONE - MAINTENANCE,9700,9700,9700
LOCAL,0100,CORPORATE FUND,81,STREETS AND SANITATION,2020,BUREAU OF SANITATION,313,CLEANING AND SANITATION SUPPLIES,24561,24561,22107
LOCAL,0100,CORPORATE FUND,81,STREETS AND SANITATION,2020,BUREAU OF SANITATION,319,CLOTHING,88190,88190,73250
LOCAL,0100,CORPORATE FUND,81,STREETS AND SANITATION,2020,BUREAU OF SANITATION,340,MATERIAL AND SUPPLIES,92564,92564,80000
LOCAL,0100,CORPORATE FUND,81,STREETS AND SANITATION,2020,BUREAU OF SANITATION,350,STATIONERY AND OFFICE SUPPLIES,14530,14530,13077
LOCAL,0100,CORPORATE FUND,81,STREETS AND SANITATION,2020,BUREAU OF SANITATION,401,TOOL <= $100 UNIT,71393,71393,27332
LOCAL,0100,CORPORATE FUND,81,STREETS AND SANITATION,2045,BUREAU OF STREET OPERATIONS,5,SALARIES AND WAGES - ON PAYROLL,17768972,17768972,19474996
LOCAL,0100,CORPORATE FUND,81,STREETS AND SANITATION,2045,BUREAU OF STREET OPERATIONS,12,CONTRACT WAGE - PREVAILING RATE,71300,71300,110029
LOCAL,0100,CORPORATE FUND,81,STREETS AND SANITATION,2045,BUREAU OF STREET OPERATIONS,15,SCHEDULE SALARY ADJUSTMENTS,64646,64646,61329
LOCAL,0100,CORPORATE FUND,81,STREETS AND SANITATION,2045,BUREAU OF STREET OPERATIONS,20,OVERTIME,29000,29000,29000
LOCAL,0100,CORPORATE FUND,81,STREETS AND SANITATION,2045,BUREAU OF STREET OPERATIONS,140,PROFESSIONAL AND TECHNICAL SERVICES,600000,600000,600000
LOCAL,0100,CORPORATE FUND,81,STREETS AND SANITATION,2045,BUREAU OF STREET OPERATIONS,157,RENTAL EQUIPMENT AND SERVICES,1620000,1620000,1771620
LOCAL,0100,CORPORATE FUND,81,STREETS AND SANITATION,2045,BUREAU OF STREET OPERATIONS,162,REPAIR/MAINT EQUIPMENT,7586,7586,5800
LOCAL,0100,CORPORATE FUND,81,STREETS AND SANITATION,2045,BUREAU OF STREET OPERATIONS,319,CLOTHING,8025,8025,7725
LOCAL,0100,CORPORATE FUND,81,STREETS AND SANITATION,2045,BUREAU OF STREET OPERATIONS,340,MATERIAL AND SUPPLIES,44900,44900,42400
LOCAL,0100,CORPORATE FUND,81,STREETS AND SANITATION,2045,BUREAU OF STREET OPERATIONS,341,CHEMICALS,50000,50000,120000
LOCAL,0100,CORPORATE FUND,81,STREETS AND SANITATION,2045,BUREAU OF STREET OPERATIONS,362,PAINTS AND PAINTING SUPPLIES,81000,81000,270000
LOCAL,0100,CORPORATE FUND,81,STREETS AND SANITATION,2060,BUREAU OF FORESTRY,5,SALARIES AND WAGES - ON PAYROLL,12034932,12034932,14765486
LOCAL,0100,CORPORATE FUND,81,STREETS AND SANITATION,2060,BUREAU OF FORESTRY,11,CONTRACT WAGE - SALARY,2299,2299,2605
LOCAL,0100,CORPORATE FUND,81,STREETS AND SANITATION,2060,BUREAU OF FORESTRY,12,CONTRACT WAGE - PREVAILING RATE,68131,68131,79022
LOCAL,0100,CORPORATE FUND,81,STREETS AND SANITATION,2060,BUREAU OF FORESTRY,15,SCHEDULE SALARY ADJUSTMENTS,7189,7189,6498
LOCAL,0100,CORPORATE FUND,81,STREETS AND SANITATION,2060,BUREAU OF FORESTRY,20,OVERTIME,799938,799938,799938
LOCAL,0100,CORPORATE FUND,81,STREETS AND SANITATION,2060,BUREAU OF FORESTRY,126,OFFICE CONVENIENCES,1396,1396,1280
LOCAL,0100,CORPORATE FUND,81,STREETS AND SANITATION,2060,BUREAU OF FORESTRY,130,POSTAGE,120,120,120
LOCAL,0100,CORPORATE FUND,81,STREETS AND SANITATION,2060,BUREAU OF FORESTRY,140,PROFESSIONAL AND TECHNICAL SERVICES,723120,723120,1100200
LOCAL,0100,CORPORATE FUND,81,STREETS AND SANITATION,2060,BUREAU OF FORESTRY,154,RENTAL-DATA HARDWARE EQ,2823,2823,1500
LOCAL,0100,CORPORATE FUND,81,STREETS AND SANITATION,2060,BUREAU OF FORESTRY,157,RENTAL EQUIPMENT AND SERVICES,607058,607058,547363
LOCAL,0100,CORPORATE FUND,81,STREETS AND SANITATION,2060,BUREAU OF FORESTRY,159,LEASE/PURCHASE EQUIPMENT,7911,7911,7100
LOCAL,0100,CORPORATE FUND,81,STREETS AND SANITATION,2060,BUREAU OF FORESTRY,160,REPAIR/MAINT PROPERTY,518,518,400
LOCAL,0100,CORPORATE FUND,81,STREETS AND SANITATION,2060,BUREAU OF FORESTRY,162,REPAIR/MAINT EQUIPMENT,5214,5214,4700
LOCAL,0100,CORPORATE FUND,81,STREETS AND SANITATION,2060,BUREAU OF FORESTRY,188,VEHICLE TRACKING SERVICE,72150,72150,50000
LOCAL,0100,CORPORATE FUND,81,STREETS AND SANITATION,2060,BUREAU OF FORESTRY,190,TELEPHONE - NON-CENTREX BILLINGS,9625,9625,9000
LOCAL,0100,CORPORATE FUND,81,STREETS AND SANITATION,2060,BUREAU OF FORESTRY,197,TELEPHONE - MAINTENANCE,2200,2200,2300
LOCAL,0100,CORPORATE FUND,81,STREETS AND SANITATION,2060,BUREAU OF FORESTRY,229,TRANSPORTATION AND EXPENSE ALLOWANCE,32000,32000,5000
LOCAL,0100,CORPORATE FUND,81,STREETS AND SANITATION,2060,BUREAU OF FORESTRY,245,REIMBURSEMENT TO TRAVELERS,250,250,200
LOCAL,0100,CORPORATE FUND,81,STREETS AND SANITATION,2060,BUREAU OF FORESTRY,313,CLEANING AND SANITATION SUPPLIES,2813,2813,2530
LOCAL,0100,CORPORATE FUND,81,STREETS AND SANITATION,2060,BUREAU OF FORESTRY,319,CLOTHING,6900,6900,6200
LOCAL,0100,CORPORATE FUND,81,STREETS AND SANITATION,2060,BUREAU OF FORESTRY,340,MATERIAL AND SUPPLIES,54587,54587,48445
LOCAL,0100,CORPORATE FUND,81,STREETS AND SANITATION,2060,BUREAU OF FORESTRY,345,APPARATUS AND INSTRUMENTS,657,657,500
LOCAL,0100,CORPORATE FUND,81,STREETS AND SANITATION,2060,BUREAU OF FORESTRY,350,STATIONERY AND OFFICE SUPPLIES,6000,6000,5400
LOCAL,0100,CORPORATE FUND,81,STREETS AND SANITATION,2060,BUREAU OF FORESTRY,360,REPAIR PARTS AND MATERIAL,33304,33304,30000
LOCAL,0100,CORPORATE FUND,81,STREETS AND SANITATION,2060,BUREAU OF FORESTRY,361,BUILDING MATERIALS AND SUPPLIES,1823,1823,1500
LOCAL,0100,CORPORATE FUND,81,STREETS AND SANITATION,2060,BUREAU OF FORESTRY,362,PAINTS AND PAINTING SUPPLIES,952,952,800
LOCAL,0100,CORPORATE FUND,81,STREETS AND SANITATION,2060,BUREAU OF FORESTRY,363,STRUCTURAL STEELS  IRON  OTHER MATERIALS,308,308,270
LOCAL,0100,CORPORATE FUND,81,STREETS AND SANITATION,2060,BUREAU OF FORESTRY,423,COMMUNICATION DEVICES,13630,13630,11425
LOCAL,0100,CORPORATE FUND,81,STREETS AND SANITATION,2060,BUREAU OF FORESTRY,440,MACHINERY AND EQUIPMENT,150,150,150
LOCAL,0300,VEHICLE FUND,81,STREETS AND SANITATION,2020,BUREAU OF SANITATION,5,SALARIES AND WAGES - ON PAYROLL,5629268,5629268,5293595
LOCAL,0300,VEHICLE FUND,81,STREETS AND SANITATION,2020,BUREAU OF SANITATION,12,CONTRACT WAGE - PREVAILING RATE,47866,47866,44247
LOCAL,0300,VEHICLE FUND,81,STREETS AND SANITATION,2020,BUREAU OF SANITATION,20,OVERTIME,20000,20000,20000
LOCAL,0300,VEHICLE FUND,81,STREETS AND SANITATION,2020,BUREAU OF SANITATION,150,PUBLICATN & REPRODT-OUT,72000,72000,30000
LOCAL,0300,VEHICLE FUND,81,STREETS AND SANITATION,2020,BUREAU OF SANITATION,157,RENTAL EQUIPMENT AND SERVICES,2717395,2717395,2445656
LOCAL,0300,VEHICLE FUND,81,STREETS AND SANITATION,2020,BUREAU OF SANITATION,423,COMMUNICATION DEVICES,28640,28640,500
LOCAL,0300,VEHICLE FUND,81,STREETS AND SANITATION,2045,BUREAU OF STREET OPERATIONS,5,SALARIES AND WAGES - ON PAYROLL,2832262,2832262,2960079
LOCAL,0300,VEHICLE FUND,81,STREETS AND SANITATION,2045,BUREAU OF STREET OPERATIONS,11,CONTRACT WAGE - SALARY,682,682,712
LOCAL,0300,VEHICLE FUND,81,STREETS AND SANITATION,2045,BUREAU OF STREET OPERATIONS,12,CONTRACT WAGE - PREVAILING RATE,17389,17389,17582
LOCAL,0300,VEHICLE FUND,81,STREETS AND SANITATION,2045,BUREAU OF STREET OPERATIONS,15,SCHEDULE SALARY ADJUSTMENTS,4930,4930,13840
LOCAL,0300,VEHICLE FUND,81,STREETS AND SANITATION,2045,BUREAU OF STREET OPERATIONS,20,OVERTIME,1144000,1144000,1144000
LOCAL,0300,VEHICLE FUND,81,STREETS AND SANITATION,2045,BUREAU OF STREET OPERATIONS,126,OFFICE CONVENIENCES,3700,3700,1000
LOCAL,0300,VEHICLE FUND,81,STREETS AND SANITATION,2045,BUREAU OF STREET OPERATIONS,157,RENTAL EQUIPMENT AND SERVICES,70208,70208,71250
LOCAL,0300,VEHICLE FUND,81,STREETS AND SANITATION,2045,BUREAU OF STREET OPERATIONS,159,LEASE/PURCHASE EQUIPMENT,3640,3640,1000
LOCAL,0300,VEHICLE FUND,81,STREETS AND SANITATION,2045,BUREAU OF STREET OPERATIONS,162,REPAIR/MAINT EQUIPMENT,9448,9448,5000
LOCAL,0300,VEHICLE FUND,81,STREETS AND SANITATION,2045,BUREAU OF STREET OPERATIONS,181,MOBILE COMMUNICATION SERVICES,15000,15000,16000
LOCAL,0300,VEHICLE FUND,81,STREETS AND SANITATION,2045,BUREAU OF STREET OPERATIONS,185,WASTE DISPOSAL SERVICES,1864000,1864000,1750000
LOCAL,0300,VEHICLE FUND,81,STREETS AND SANITATION,2045,BUREAU OF STREET OPERATIONS,190,TELEPHONE - NON-CENTREX BILLINGS,23400,23400,24000
LOCAL,0300,VEHICLE FUND,81,STREETS AND SANITATION,2045,BUREAU OF STREET OPERATIONS,196,DATA CIRCUITS,11300,11300,11300
LOCAL,0300,VEHICLE FUND,81,STREETS AND SANITATION,2045,BUREAU OF STREET OPERATIONS,197,TELEPHONE - MAINTENANCE,6400,6400,6400
LOCAL,0300,VEHICLE FUND,81,STREETS AND SANITATION,2045,BUREAU OF STREET OPERATIONS,313,CLEANING AND SANITATION SUPPLIES,3400,3400,1000
LOCAL,0300,VEHICLE FUND,81,STREETS AND SANITATION,2045,BUREAU OF STREET OPERATIONS,340,MATERIAL AND SUPPLIES,237755,237755,180219
LOCAL,0300,VEHICLE FUND,81,STREETS AND SANITATION,2045,BUREAU OF STREET OPERATIONS,341,CHEMICALS,63000,63000,50000
LOCAL,0300,VEHICLE FUND,81,STREETS AND SANITATION,2045,BUREAU OF STREET OPERATIONS,350,STATIONERY AND OFFICE SUPPLIES,15000,15000,10000
LOCAL,0300,VEHICLE FUND,81,STREETS AND SANITATION,2045,BUREAU OF STREET OPERATIONS,401,TOOL <= $100 UNIT,22700,22700,22000
LOCAL,0300,VEHICLE FUND,81,STREETS AND SANITATION,2045,BUREAU OF STREET OPERATIONS,402,TOOLS > $100 UNIT,13000,13000,11700
LOCAL,0300,VEHICLE FUND,81,STREETS AND SANITATION,2045,BUREAU OF STREET OPERATIONS,9438,REIMBURSEMENT - 2FM,6000,6000,5400
LOCAL,0300,VEHICLE FUND,81,STREETS AND SANITATION,2070,BUREAU OF TRAFFIC SERVICES,5,SALARIES AND WAGES - ON PAYROLL,12790861,12790861,12960260
LOCAL,0300,VEHICLE FUND,81,STREETS AND SANITATION,2070,BUREAU OF TRAFFIC SERVICES,11,CONTRACT WAGE - SALARY,14699,14699,15163
LOCAL,0300,VEHICLE FUND,81,STREETS AND SANITATION,2070,BUREAU OF TRAFFIC SERVICES,12,CONTRACT WAGE - PREVAILING RATE,70733,70733,71768
LOCAL,0300,VEHICLE FUND,81,STREETS AND SANITATION,2070,BUREAU OF TRAFFIC SERVICES,15,SCHEDULE SALARY ADJUSTMENTS,42901,42901,43558
LOCAL,0300,VEHICLE FUND,81,STREETS AND SANITATION,2070,BUREAU OF TRAFFIC SERVICES,20,OVERTIME,600000,600000,600000
LOCAL,0300,VEHICLE FUND,81,STREETS AND SANITATION,2070,BUREAU OF TRAFFIC SERVICES,91,UNIFORM ALLOWANCE,23000,23000,23000
LOCAL,0300,VEHICLE FUND,81,STREETS AND SANITATION,2070,BUREAU OF TRAFFIC SERVICES,126,OFFICE CONVENIENCES,2340,2340,1000
LOCAL,0300,VEHICLE FUND,81,STREETS AND SANITATION,2070,BUREAU OF TRAFFIC SERVICES,130,POSTAGE,477600,477600,494300
LOCAL,0300,VEHICLE FUND,81,STREETS AND SANITATION,2070,BUREAU OF TRAFFIC SERVICES,140,PROFESSIONAL AND TECHNICAL SERVICES,8045845,8045845,8049040
LOCAL,0300,VEHICLE FUND,81,STREETS AND SANITATION,2070,BUREAU OF TRAFFIC SERVICES,150,PUBLICATN & REPRODT-OUT,5800,5800,5800
LOCAL,0300,VEHICLE FUND,81,STREETS AND SANITATION,2070,BUREAU OF TRAFFIC SERVICES,157,RENTAL EQUIPMENT AND SERVICES,69760,69760,64760
LOCAL,0300,VEHICLE FUND,81,STREETS AND SANITATION,2070,BUREAU OF TRAFFIC SERVICES,162,REPAIR/MAINT EQUIPMENT,14900,14900,10000
LOCAL,0300,VEHICLE FUND,81,STREETS AND SANITATION,2070,BUREAU OF TRAFFIC SERVICES,166,DUES  SUBSC & MEM,200,200,200
LOCAL,0300,VEHICLE FUND,81,STREETS AND SANITATION,2070,BUREAU OF TRAFFIC SERVICES,181,MOBILE COMMUNICATION SERVICES,216000,216000,265000
LOCAL,0300,VEHICLE FUND,81,STREETS AND SANITATION,2070,BUREAU OF TRAFFIC SERVICES,188,VEHICLE TRACKING SERVICE,49000,49000,49000
LOCAL,0300,VEHICLE FUND,81,STREETS AND SANITATION,2070,BUREAU OF TRAFFIC SERVICES,189,TELEPHONE - NON-CENTREX BILLINGS,3900,3900,5300
LOCAL,0300,VEHICLE FUND,81,STREETS AND SANITATION,2070,BUREAU OF TRAFFIC SERVICES,190,TELEPHONE - NON-CENTREX BILLINGS,22700,22700,21000
LOCAL,0300,VEHICLE FUND,81,STREETS AND SANITATION,2070,BUREAU OF TRAFFIC SERVICES,197,TELEPHONE - MAINTENANCE,700,700,725
LOCAL,0300,VEHICLE FUND,81,STREETS AND SANITATION,2070,BUREAU OF TRAFFIC SERVICES,313,CLEANING AND SANITATION SUPPLIES,700,700,700
LOCAL,0300,VEHICLE FUND,81,STREETS AND SANITATION,2070,BUREAU OF TRAFFIC SERVICES,340,MATERIAL AND SUPPLIES,172960,172960,97250
LOCAL,0300,VEHICLE FUND,81,STREETS AND SANITATION,2070,BUREAU OF TRAFFIC SERVICES,350,STATIONERY AND OFFICE SUPPLIES,52850,52850,52200
LOCAL,0300,VEHICLE FUND,81,STREETS AND SANITATION,2070,BUREAU OF TRAFFIC SERVICES,992,TOW STORAGE REFUNDS,97000,97000,797000
LOCAL,0300,VEHICLE FUND,81,STREETS AND SANITATION,2070,BUREAU OF TRAFFIC SERVICES,9438,REIMBURSEMENT - 2FM,41350,41350,35900
LOCAL,0310,MOTOR FUEL TAX FUND,81,STREETS AND SANITATION,2047,SNOW AND ICE REMOVAL,5,SALARIES AND WAGES - ON PAYROLL,1276686,1276686,1295645
LOCAL,0310,MOTOR FUEL TAX FUND,81,STREETS AND SANITATION,2047,SNOW AND ICE REMOVAL,12,CONTRACT WAGE - PREVAILING RATE,12767,12767,12956
LOCAL,0310,MOTOR FUEL TAX FUND,81,STREETS AND SANITATION,2047,SNOW AND ICE REMOVAL,20,OVERTIME,2000000,2000000,2000000
LOCAL,0310,MOTOR FUEL TAX FUND,81,STREETS AND SANITATION,2047,SNOW AND ICE REMOVAL,140,PROFESSIONAL AND TECHNICAL SERVICES,915588,915588,15588
LOCAL,0310,MOTOR FUEL TAX FUND,81,STREETS AND SANITATION,2047,SNOW AND ICE REMOVAL,157,RENTAL EQUIPMENT AND SERVICES,260500,260500,262375
LOCAL,0310,MOTOR FUEL TAX FUND,81,STREETS AND SANITATION,2047,SNOW AND ICE REMOVAL,162,REPAIR/MAINT EQUIPMENT,64625,64625,64625
LOCAL,0310,MOTOR FUEL TAX FUND,81,STREETS AND SANITATION,2047,SNOW AND ICE REMOVAL,188,VEHICLE TRACKING SERVICE,195852,195852,125000
LOCAL,0310,MOTOR FUEL TAX FUND,81,STREETS AND SANITATION,2047,SNOW AND ICE REMOVAL,340,MATERIAL AND SUPPLIES,12402991,12402991,13384200
LOCAL,0310,MOTOR FUEL TAX FUND,81,STREETS AND SANITATION,2047,SNOW AND ICE REMOVAL,350,STATIONERY AND OFFICE SUPPLIES,1000,1000,1000
LOCAL,0100,CORPORATE FUND,84,CDOT,2105,COMMISSIONER'S OFFICE,5,SALARIES AND WAGES - ON PAYROLL,1900158,1900158,2215386
LOCAL,0100,CORPORATE FUND,84,CDOT,2105,COMMISSIONER'S OFFICE,11,CONTRACT WAGE - SALARY,2638,2638,2650
LOCAL,0100,CORPORATE FUND,84,CDOT,2105,COMMISSIONER'S OFFICE,15,SCHEDULE SALARY ADJUSTMENTS,3732,3732,7457
LOCAL,0100,CORPORATE FUND,84,CDOT,2105,COMMISSIONER'S OFFICE,130,POSTAGE,1500,1500,1500
LOCAL,0100,CORPORATE FUND,84,CDOT,2105,COMMISSIONER'S OFFICE,140,PROFESSIONAL AND TECHNICAL SERVICES,125000,125000,116000
LOCAL,0100,CORPORATE FUND,84,CDOT,2105,COMMISSIONER'S OFFICE,150,PUBLICATN & REPRODT-OUT,450,450,450
LOCAL,0100,CORPORATE FUND,84,CDOT,2105,COMMISSIONER'S OFFICE,159,LEASE/PURCHASE EQUIPMENT,13690,13690,11385
LOCAL,0100,CORPORATE FUND,84,CDOT,2105,COMMISSIONER'S OFFICE,162,REPAIR/MAINT EQUIPMENT,3000,2600,3000
LOCAL,0100,CORPORATE FUND,84,CDOT,2105,COMMISSIONER'S OFFICE,169,TECHNICAL MEETING COSTS,1100,1100,1100
LOCAL,0100,CORPORATE FUND,84,CDOT,2105,COMMISSIONER'S OFFICE,178,FREIGHT AND EXPRESS CHARGES,250,250,250
LOCAL,0100,CORPORATE FUND,84,CDOT,2105,COMMISSIONER'S OFFICE,181,MOBILE COMMUNICATION SERVICES,2750,3150,2750
LOCAL,0100,CORPORATE FUND,84,CDOT,2105,COMMISSIONER'S OFFICE,190,TELEPHONE - NON-CENTREX BILLINGS,18000,18000,16000
LOCAL,0100,CORPORATE FUND,84,CDOT,2105,COMMISSIONER'S OFFICE,191,TELEPHONE - RELOCATIONS,400,400,400
LOCAL,0100,CORPORATE FUND,84,CDOT,2105,COMMISSIONER'S OFFICE,197,TELEPHONE - MAINTENANCE,5900,5900,6100
LOCAL,0100,CORPORATE FUND,84,CDOT,2105,COMMISSIONER'S OFFICE,245,REIMBURSEMENT TO TRAVELERS,5000,5000,2800
LOCAL,0100,CORPORATE FUND,84,CDOT,2105,COMMISSIONER'S OFFICE,270,LOCAL TRANSPORTATION,200,200,200
LOCAL,0100,CORPORATE FUND,84,CDOT,2105,COMMISSIONER'S OFFICE,340,MATERIAL AND SUPPLIES,2100,2100,1600
LOCAL,0100,CORPORATE FUND,84,CDOT,2105,COMMISSIONER'S OFFICE,350,STATIONERY AND OFFICE SUPPLIES,10500,10500,5500
LOCAL,0100,CORPORATE FUND,84,CDOT,2105,COMMISSIONER'S OFFICE,931,TORT/NON-TORT JUDGMENT,1890000,1890000,1890000
LOCAL,0100,CORPORATE FUND,84,CDOT,2115,ADMINISTRATION,5,SALARIES AND WAGES - ON PAYROLL,4881286,4881286,5097877
LOCAL,0100,CORPORATE FUND,84,CDOT,2115,ADMINISTRATION,11,CONTRACT WAGE - SALARY,12103,12103,13984
LOCAL,0100,CORPORATE FUND,84,CDOT,2115,ADMINISTRATION,12,CONTRACT WAGE - PREVAILING RATE,1043,1043,1076
LOCAL,0100,CORPORATE FUND,84,CDOT,2115,ADMINISTRATION,15,SCHEDULE SALARY ADJUSTMENTS,30921,30921,21088
LOCAL,0100,CORPORATE FUND,84,CDOT,2115,ADMINISTRATION,39,STUDENT AS TRAINEES,18750,18750,15000
LOCAL,0100,CORPORATE FUND,84,CDOT,2115,ADMINISTRATION,130,POSTAGE,4000,4000,1000
LOCAL,0100,CORPORATE FUND,84,CDOT,2115,ADMINISTRATION,140,PROFESSIONAL AND TECHNICAL SERVICES,415150,415150,97450
LOCAL,0100,CORPORATE FUND,84,CDOT,2115,ADMINISTRATION,149,SOFTWARE MAINTENANCE AND LICENSING,15000,15000,9000
LOCAL,0100,CORPORATE FUND,84,CDOT,2115,ADMINISTRATION,150,PUBLICATN & REPRODT-OUT,1000,1000,1000
LOCAL,0100,CORPORATE FUND,84,CDOT,2115,ADMINISTRATION,152,ADVERTISING,1000,1000,500
LOCAL,0100,CORPORATE FUND,84,CDOT,2115,ADMINISTRATION,154,RENTAL-DATA HARDWARE EQ,1000,1000,1000
LOCAL,0100,CORPORATE FUND,84,CDOT,2115,ADMINISTRATION,159,LEASE/PURCHASE EQUIPMENT,33577,33577,39258
LOCAL,0100,CORPORATE FUND,84,CDOT,2115,ADMINISTRATION,160,REPAIR/MAINT PROPERTY,8000,8000,8000
LOCAL,0100,CORPORATE FUND,84,CDOT,2115,ADMINISTRATION,166,DUES  SUBSC & MEM,1015,1015,1015
LOCAL,0100,CORPORATE FUND,84,CDOT,2115,ADMINISTRATION,169,TECHNICAL MEETING COSTS,1300,1300,1300
LOCAL,0100,CORPORATE FUND,84,CDOT,2115,ADMINISTRATION,171,MISCELLANEOUS SUPPLIES,250,250,850
LOCAL,0100,CORPORATE FUND,84,CDOT,2115,ADMINISTRATION,178,FREIGHT AND EXPRESS CHARGES,300,300,300
LOCAL,0100,CORPORATE FUND,84,CDOT,2115,ADMINISTRATION,181,MOBILE COMMUNICATION SERVICES,43150,43150,43150
LOCAL,0100,CORPORATE FUND,84,CDOT,2115,ADMINISTRATION,190,TELEPHONE - NON-CENTREX BILLINGS,30700,30700,27500
LOCAL,0100,CORPORATE FUND,84,CDOT,2115,ADMINISTRATION,191,TELEPHONE - RELOCATIONS,500,500,500
LOCAL,0100,CORPORATE FUND,84,CDOT,2115,ADMINISTRATION,197,TELEPHONE - MAINTENANCE,9600,9600,9600
LOCAL,0100,CORPORATE FUND,84,CDOT,2115,ADMINISTRATION,245,REIMBURSEMENT TO TRAVELERS,800,800,800
LOCAL,0100,CORPORATE FUND,84,CDOT,2115,ADMINISTRATION,270,LOCAL TRANSPORTATION,500,500,500
LOCAL,0100,CORPORATE FUND,84,CDOT,2115,ADMINISTRATION,348,BOOKS AND RELATED MATERIAL,3000,3000,3000
LOCAL,0100,CORPORATE FUND,84,CDOT,2115,ADMINISTRATION,350,STATIONERY AND OFFICE SUPPLIES,7500,7500,8600
LOCAL,0100,CORPORATE FUND,84,CDOT,2130,Traffic Safety,5,SALARIES AND WAGES - ON PAYROLL,802023,802023,827919
LOCAL,0100,CORPORATE FUND,84,CDOT,2130,Traffic Safety,11,CONTRACT WAGE - SALARY,1068,1068,1564
LOCAL,0100,CORPORATE FUND,84,CDOT,2130,Traffic Safety,39,STUDENT AS TRAINEES,5000,5000,500
LOCAL,0100,CORPORATE FUND,84,CDOT,2130,Traffic Safety,130,POSTAGE,500,500,450
LOCAL,0100,CORPORATE FUND,84,CDOT,2130,Traffic Safety,138,IT MAINTENANCE,5000,5000,3000
LOCAL,0100,CORPORATE FUND,84,CDOT,2130,Traffic Safety,139,IT DEVELOPMENT,2000,2000,1500
LOCAL,0100,CORPORATE FUND,84,CDOT,2130,Traffic Safety,140,PROFESSIONAL AND TECHNICAL SERVICES,100000,100000,101000
LOCAL,0100,CORPORATE FUND,84,CDOT,2130,Traffic Safety,149,SOFTWARE MAINTENANCE AND LICENSING,1000,1000,1000
LOCAL,0100,CORPORATE FUND,84,CDOT,2130,Traffic Safety,159,LEASE/PURCHASE EQUIPMENT,2915,2915,1623
LOCAL,0100,CORPORATE FUND,84,CDOT,2130,Traffic Safety,162,REPAIR/MAINT EQUIPMENT,16563405,16563405,15055698
LOCAL,0100,CORPORATE FUND,84,CDOT,2130,Traffic Safety,166,DUES  SUBSC & MEM,2820,2820,2820
LOCAL,0100,CORPORATE FUND,84,CDOT,2130,Traffic Safety,169,TECHNICAL MEETING COSTS,2400,2400,2400
LOCAL,0100,CORPORATE FUND,84,CDOT,2130,Traffic Safety,178,FREIGHT AND EXPRESS CHARGES,250,250,225
LOCAL,0100,CORPORATE FUND,84,CDOT,2130,Traffic Safety,229,TRANSPORTATION AND EXPENSE ALLOWANCE,375,375,337
LOCAL,0100,CORPORATE FUND,84,CDOT,2130,Traffic Safety,245,REIMBURSEMENT TO TRAVELERS,0,0,3000
LOCAL,0100,CORPORATE FUND,84,CDOT,2130,Traffic Safety,270,LOCAL TRANSPORTATION,325,325,292
LOCAL,0100,CORPORATE FUND,84,CDOT,2130,Traffic Safety,345,APPARATUS AND INSTRUMENTS,8000,8000,1000
LOCAL,0100,CORPORATE FUND,84,CDOT,2130,Traffic Safety,348,BOOKS AND RELATED MATERIAL,1300,1300,1100
LOCAL,0100,CORPORATE FUND,84,CDOT,2130,Traffic Safety,350,STATIONERY AND OFFICE SUPPLIES,4000,4000,2000
LOCAL,0100,CORPORATE FUND,84,CDOT,2140,Sign Management,5,SALARIES AND WAGES - ON PAYROLL,2864307,2864307,3150285
LOCAL,0100,CORPORATE FUND,84,CDOT,2140,Sign Management,11,CONTRACT WAGE - SALARY,1921,1921,1801
LOCAL,0100,CORPORATE FUND,84,CDOT,2140,Sign Management,12,CONTRACT WAGE - PREVAILING RATE,18564,18564,20086
LOCAL,0100,CORPORATE FUND,84,CDOT,2140,Sign Management,15,SCHEDULE SALARY ADJUSTMENTS,3937,3937,8809
LOCAL,0100,CORPORATE FUND,84,CDOT,2140,Sign Management,20,OVERTIME,29442,29442,29442
LOCAL,0100,CORPORATE FUND,84,CDOT,2140,Sign Management,130,POSTAGE,1037,1037,400
LOCAL,0100,CORPORATE FUND,84,CDOT,2140,Sign Management,140,PROFESSIONAL AND TECHNICAL SERVICES,0,0,400000
LOCAL,0100,CORPORATE FUND,84,CDOT,2140,Sign Management,149,SOFTWARE MAINTENANCE AND LICENSING,9000,9000,9000
LOCAL,0100,CORPORATE FUND,84,CDOT,2140,Sign Management,159,LEASE/PURCHASE EQUIPMENT,20885,20885,20885
LOCAL,0100,CORPORATE FUND,84,CDOT,2140,Sign Management,160,REPAIR/MAINT PROPERTY,5500,5500,5500
LOCAL,0100,CORPORATE FUND,84,CDOT,2140,Sign Management,162,REPAIR/MAINT EQUIPMENT,8250,8250,8250
LOCAL,0100,CORPORATE FUND,84,CDOT,2140,Sign Management,185,WASTE DISPOSAL SERVICES,3000,3000,3000
LOCAL,0100,CORPORATE FUND,84,CDOT,2140,Sign Management,188,VEHICLE TRACKING SERVICE,6708,6708,4667
LOCAL,0100,CORPORATE FUND,84,CDOT,2140,Sign Management,319,CLOTHING,1300,1300,1300
LOCAL,0100,CORPORATE FUND,84,CDOT,2140,Sign Management,340,MATERIAL AND SUPPLIES,500883,500883,461283
LOCAL,0100,CORPORATE FUND,84,CDOT,2140,Sign Management,350,STATIONERY AND OFFICE SUPPLIES,8400,8400,6400
LOCAL,0100,CORPORATE FUND,84,CDOT,2140,Sign Management,362,PAINTS AND PAINTING SUPPLIES,40000,40000,40000
LOCAL,0100,CORPORATE FUND,84,CDOT,2140,Sign Management,440,MACHINERY AND EQUIPMENT,0,0,2800
LOCAL,0100,CORPORATE FUND,84,CDOT,2140,Sign Management,446,PURCHASE - DATA HARDWARE,0,0,5000
LOCAL,0100,CORPORATE FUND,84,CDOT,2145,PROJECT DEVELOPMENT,5,SALARIES AND WAGES - ON PAYROLL,3249930,3249930,3176489
LOCAL,0100,CORPORATE FUND,84,CDOT,2145,PROJECT DEVELOPMENT,11,CONTRACT WAGE - SALARY,6041,6041,5648
LOCAL,0100,CORPORATE FUND,84,CDOT,2145,PROJECT DEVELOPMENT,15,SCHEDULE SALARY ADJUSTMENTS,5629,5629,3365
LOCAL,0100,CORPORATE FUND,84,CDOT,2145,PROJECT DEVELOPMENT,130,POSTAGE,1700,1700,1000
LOCAL,0100,CORPORATE FUND,84,CDOT,2145,PROJECT DEVELOPMENT,140,PROFESSIONAL AND TECHNICAL SERVICES,706912,706912,648371
LOCAL,0100,CORPORATE FUND,84,CDOT,2145,PROJECT DEVELOPMENT,149,SOFTWARE MAINTENANCE AND LICENSING,32000,32000,32000
LOCAL,0100,CORPORATE FUND,84,CDOT,2145,PROJECT DEVELOPMENT,152,ADVERTISING,4750,4750,2250
LOCAL,0100,CORPORATE FUND,84,CDOT,2145,PROJECT DEVELOPMENT,153,PROMOTIONS,4000,4000,2000
LOCAL,0100,CORPORATE FUND,84,CDOT,2145,PROJECT DEVELOPMENT,157,RENTAL EQUIPMENT AND SERVICES,13500,13500,13500
LOCAL,0100,CORPORATE FUND,84,CDOT,2145,PROJECT DEVELOPMENT,159,LEASE/PURCHASE EQUIPMENT,25781,25781,17438
LOCAL,0100,CORPORATE FUND,84,CDOT,2145,PROJECT DEVELOPMENT,162,REPAIR/MAINT EQUIPMENT,18632,18632,11932
LOCAL,0100,CORPORATE FUND,84,CDOT,2145,PROJECT DEVELOPMENT,166,DUES  SUBSC & MEM,32719,32719,28874
LOCAL,0100,CORPORATE FUND,84,CDOT,2145,PROJECT DEVELOPMENT,169,TECHNICAL MEETING COSTS,6300,6300,3250
LOCAL,0100,CORPORATE FUND,84,CDOT,2145,PROJECT DEVELOPMENT,178,FREIGHT AND EXPRESS CHARGES,200,200,200
LOCAL,0100,CORPORATE FUND,84,CDOT,2145,PROJECT DEVELOPMENT,181,MOBILE COMMUNICATION SERVICES,1000,1000,1000
LOCAL,0100,CORPORATE FUND,84,CDOT,2145,PROJECT DEVELOPMENT,190,TELEPHONE - NON-CENTREX BILLINGS,18000,18000,16000
LOCAL,0100,CORPORATE FUND,84,CDOT,2145,PROJECT DEVELOPMENT,197,TELEPHONE - MAINTENANCE,1300,1300,1400
LOCAL,0100,CORPORATE FUND,84,CDOT,2145,PROJECT DEVELOPMENT,245,REIMBURSEMENT TO TRAVELERS,8800,8800,5500
LOCAL,0100,CORPORATE FUND,84,CDOT,2145,PROJECT DEVELOPMENT,345,APPARATUS AND INSTRUMENTS,16480,16480,10500
LOCAL,0100,CORPORATE FUND,84,CDOT,2145,PROJECT DEVELOPMENT,348,BOOKS AND RELATED MATERIAL,1200,1200,400
LOCAL,0100,CORPORATE FUND,84,CDOT,2145,PROJECT DEVELOPMENT,350,STATIONERY AND OFFICE SUPPLIES,2500,2500,8300
LOCAL,0100,CORPORATE FUND,84,CDOT,2145,PROJECT DEVELOPMENT,9142,X-OFFENDER/RE-ENTRY INI,250000,250000,250000
LOCAL,0100,CORPORATE FUND,84,CDOT,2150,ELECTRICAL OPERATIONS,5,SALARIES AND WAGES - ON PAYROLL,7705557,7705557,7871039
LOCAL,0100,CORPORATE FUND,84,CDOT,2150,ELECTRICAL OPERATIONS,11,CONTRACT WAGE - SALARY,333,333,971
LOCAL,0100,CORPORATE FUND,84,CDOT,2150,ELECTRICAL OPERATIONS,12,CONTRACT WAGE - PREVAILING RATE,71229,71229,73987
LOCAL,0100,CORPORATE FUND,84,CDOT,2150,ELECTRICAL OPERATIONS,15,SCHEDULE SALARY ADJUSTMENTS,1524,1524,3290
LOCAL,0100,CORPORATE FUND,84,CDOT,2150,ELECTRICAL OPERATIONS,20,OVERTIME,148775,148775,148775
LOCAL,0100,CORPORATE FUND,84,CDOT,2150,ELECTRICAL OPERATIONS,39,STUDENT AS TRAINEES,4000,4000,4000
LOCAL,0100,CORPORATE FUND,84,CDOT,2150,ELECTRICAL OPERATIONS,130,POSTAGE,397,397,294
LOCAL,0100,CORPORATE FUND,84,CDOT,2150,ELECTRICAL OPERATIONS,149,SOFTWARE MAINTENANCE AND LICENSING,6000,6000,5000
LOCAL,0100,CORPORATE FUND,84,CDOT,2150,ELECTRICAL OPERATIONS,157,RENTAL EQUIPMENT AND SERVICES,160370,160370,160370
LOCAL,0100,CORPORATE FUND,84,CDOT,2150,ELECTRICAL OPERATIONS,159,LEASE/PURCHASE EQUIPMENT,24692,24692,26692
LOCAL,0100,CORPORATE FUND,84,CDOT,2150,ELECTRICAL OPERATIONS,162,REPAIR/MAINT EQUIPMENT,24500,24500,28398
LOCAL,0100,CORPORATE FUND,84,CDOT,2150,ELECTRICAL OPERATIONS,181,MOBILE COMMUNICATION SERVICES,204500,204500,178392
LOCAL,0100,CORPORATE FUND,84,CDOT,2150,ELECTRICAL OPERATIONS,188,VEHICLE TRACKING SERVICE,54120,54120,8975
LOCAL,0100,CORPORATE FUND,84,CDOT,2150,ELECTRICAL OPERATIONS,189,TELEPHONE - NON-CENTREX BILLINGS,1275,1275,2000
LOCAL,0100,CORPORATE FUND,84,CDOT,2150,ELECTRICAL OPERATIONS,190,TELEPHONE - NON-CENTREX BILLINGS,51200,51200,45700
LOCAL,0100,CORPORATE FUND,84,CDOT,2150,ELECTRICAL OPERATIONS,196,DATA CIRCUITS,75000,75000,77150
LOCAL,0100,CORPORATE FUND,84,CDOT,2150,ELECTRICAL OPERATIONS,197,TELEPHONE - MAINTENANCE,3700,3700,4000
LOCAL,0100,CORPORATE FUND,84,CDOT,2150,ELECTRICAL OPERATIONS,229,TRANSPORTATION AND EXPENSE ALLOWANCE,43600,43600,23000
LOCAL,0100,CORPORATE FUND,84,CDOT,2150,ELECTRICAL OPERATIONS,319,CLOTHING,6200,6200,5600
LOCAL,0100,CORPORATE FUND,84,CDOT,2150,ELECTRICAL OPERATIONS,340,MATERIAL AND SUPPLIES,251500,251500,214100
LOCAL,0100,CORPORATE FUND,84,CDOT,2150,ELECTRICAL OPERATIONS,350,STATIONERY AND OFFICE SUPPLIES,8955,8955,8955
LOCAL,0100,CORPORATE FUND,84,CDOT,2150,ELECTRICAL OPERATIONS,360,REPAIR PARTS AND MATERIAL,27000,27000,21000
LOCAL,0100,CORPORATE FUND,84,CDOT,2150,ELECTRICAL OPERATIONS,362,PAINTS AND PAINTING SUPPLIES,1500,1500,1450
LOCAL,0100,CORPORATE FUND,84,CDOT,2150,ELECTRICAL OPERATIONS,363,STRUCTURAL STEELS  IRON  OTHER MATERIALS,40000,40000,34500
LOCAL,0100,CORPORATE FUND,84,CDOT,2150,ELECTRICAL OPERATIONS,365,ELECTRICAL SUPPLIES,203000,203000,203000
LOCAL,0100,CORPORATE FUND,84,CDOT,2150,ELECTRICAL OPERATIONS,446,PURCHASE - DATA HARDWARE,0,0,21000
LOCAL,0100,CORPORATE FUND,84,CDOT,2155,IN-HOUSE CONSTRUCTION,5,SALARIES AND WAGES - ON PAYROLL,10510267,10510267,10980908
LOCAL,0100,CORPORATE FUND,84,CDOT,2155,IN-HOUSE CONSTRUCTION,11,CONTRACT WAGE - SALARY,366,366,373
LOCAL,0100,CORPORATE FUND,84,CDOT,2155,IN-HOUSE CONSTRUCTION,12,CONTRACT WAGE - PREVAILING RATE,73001,73001,75294
LOCAL,0100,CORPORATE FUND,84,CDOT,2155,IN-HOUSE CONSTRUCTION,15,SCHEDULE SALARY ADJUSTMENTS,29173,29173,21143
LOCAL,0100,CORPORATE FUND,84,CDOT,2155,IN-HOUSE CONSTRUCTION,20,OVERTIME,953000,953000,1453000
LOCAL,0100,CORPORATE FUND,84,CDOT,2155,IN-HOUSE CONSTRUCTION,140,PROFESSIONAL AND TECHNICAL SERVICES,25000,25000,25000
LOCAL,0100,CORPORATE FUND,84,CDOT,2155,IN-HOUSE CONSTRUCTION,157,RENTAL EQUIPMENT AND SERVICES,81105,81105,68000
LOCAL,0100,CORPORATE FUND,84,CDOT,2155,IN-HOUSE CONSTRUCTION,159,LEASE/PURCHASE EQUIPMENT,15972,15972,15972
LOCAL,0100,CORPORATE FUND,84,CDOT,2155,IN-HOUSE CONSTRUCTION,160,REPAIR/MAINT PROPERTY,50000,50000,50000
LOCAL,0100,CORPORATE FUND,84,CDOT,2155,IN-HOUSE CONSTRUCTION,162,REPAIR/MAINT EQUIPMENT,18665,18665,18665
LOCAL,0100,CORPORATE FUND,84,CDOT,2155,IN-HOUSE CONSTRUCTION,169,TECHNICAL MEETING COSTS,150,150,150
LOCAL,0100,CORPORATE FUND,84,CDOT,2155,IN-HOUSE CONSTRUCTION,185,WASTE DISPOSAL SERVICES,35365,35365,35365
LOCAL,0100,CORPORATE FUND,84,CDOT,2155,IN-HOUSE CONSTRUCTION,188,VEHICLE TRACKING SERVICE,45540,45540,7155
LOCAL,0100,CORPORATE FUND,84,CDOT,2155,IN-HOUSE CONSTRUCTION,190,TELEPHONE - NON-CENTREX BILLINGS,46000,46000,41200
LOCAL,0100,CORPORATE FUND,84,CDOT,2155,IN-HOUSE CONSTRUCTION,197,TELEPHONE - MAINTENANCE,8000,8000,8000
LOCAL,0100,CORPORATE FUND,84,CDOT,2155,IN-HOUSE CONSTRUCTION,229,TRANSPORTATION AND EXPENSE ALLOWANCE,11000,11000,1200
LOCAL,0100,CORPORATE FUND,84,CDOT,2155,IN-HOUSE CONSTRUCTION,245,REIMBURSEMENT TO TRAVELERS,400,400,400
LOCAL,0100,CORPORATE FUND,84,CDOT,2155,IN-HOUSE CONSTRUCTION,313,CLEANING AND SANITATION SUPPLIES,2000,2000,2000
LOCAL,0100,CORPORATE FUND,84,CDOT,2155,IN-HOUSE CONSTRUCTION,316,GAS - BOTTLED AND PROPANE,14500,14500,16000
LOCAL,0100,CORPORATE FUND,84,CDOT,2155,IN-HOUSE CONSTRUCTION,319,CLOTHING,6750,6750,5900
LOCAL,0100,CORPORATE FUND,84,CDOT,2155,IN-HOUSE CONSTRUCTION,340,MATERIAL AND SUPPLIES,269537,269537,258161
LOCAL,0100,CORPORATE FUND,84,CDOT,2155,IN-HOUSE CONSTRUCTION,350,STATIONERY AND OFFICE SUPPLIES,2350,2350,2000
LOCAL,0100,CORPORATE FUND,84,CDOT,2155,IN-HOUSE CONSTRUCTION,365,ELECTRICAL SUPPLIES,19500,19500,21100
LOCAL,0100,CORPORATE FUND,84,CDOT,2155,IN-HOUSE CONSTRUCTION,440,MACHINERY AND EQUIPMENT,15325,15325,15325
LOCAL,0300,VEHICLE FUND,84,CDOT,2125,ENGINEERING,5,SALARIES AND WAGES - ON PAYROLL,6578129,6578129,7285173
LOCAL,0300,VEHICLE FUND,84,CDOT,2125,ENGINEERING,11,CONTRACT WAGE - SALARY,22711,22711,23674
LOCAL,0300,VEHICLE FUND,84,CDOT,2125,ENGINEERING,12,CONTRACT WAGE - PREVAILING RATE,11931,11931,17620
LOCAL,0300,VEHICLE FUND,84,CDOT,2125,ENGINEERING,15,SCHEDULE SALARY ADJUSTMENTS,12729,12729,15962
LOCAL,0300,VEHICLE FUND,84,CDOT,2125,ENGINEERING,20,OVERTIME,36400,36400,30000
LOCAL,0300,VEHICLE FUND,84,CDOT,2125,ENGINEERING,39,STUDENT AS TRAINEES,10000,10000,10000
LOCAL,0300,VEHICLE FUND,84,CDOT,2125,ENGINEERING,130,POSTAGE,4000,4000,1500
LOCAL,0300,VEHICLE FUND,84,CDOT,2125,ENGINEERING,140,PROFESSIONAL AND TECHNICAL SERVICES,151486,151486,670000
LOCAL,0300,VEHICLE FUND,84,CDOT,2125,ENGINEERING,144,ENGINEERING AND ARCHITECTURE,373861,373861,408642
LOCAL,0300,VEHICLE FUND,84,CDOT,2125,ENGINEERING,149,SOFTWARE MAINTENANCE AND LICENSING,35000,35000,35000
LOCAL,0300,VEHICLE FUND,84,CDOT,2125,ENGINEERING,150,PUBLICATN & REPRODT-OUT,6000,6000,4000
LOCAL,0300,VEHICLE FUND,84,CDOT,2125,ENGINEERING,152,ADVERTISING,2000,2000,1000
LOCAL,0300,VEHICLE FUND,84,CDOT,2125,ENGINEERING,159,LEASE/PURCHASE EQUIPMENT,14396,14396,39024
LOCAL,0300,VEHICLE FUND,84,CDOT,2125,ENGINEERING,160,REPAIR/MAINT PROPERTY,13454,13454,13454
LOCAL,0300,VEHICLE FUND,84,CDOT,2125,ENGINEERING,166,DUES  SUBSC & MEM,2800,2800,8000
LOCAL,0300,VEHICLE FUND,84,CDOT,2125,ENGINEERING,169,TECHNICAL MEETING COSTS,3000,3000,3000
LOCAL,0300,VEHICLE FUND,84,CDOT,2125,ENGINEERING,181,MOBILE COMMUNICATION SERVICES,13500,13500,13500
LOCAL,0300,VEHICLE FUND,84,CDOT,2125,ENGINEERING,190,TELEPHONE - NON-CENTREX BILLINGS,13000,13000,11400
LOCAL,0300,VEHICLE FUND,84,CDOT,2125,ENGINEERING,197,TELEPHONE - MAINTENANCE,750,750,800
LOCAL,0300,VEHICLE FUND,84,CDOT,2125,ENGINEERING,229,TRANSPORTATION AND EXPENSE ALLOWANCE,41378,41378,41378
LOCAL,0300,VEHICLE FUND,84,CDOT,2125,ENGINEERING,245,REIMBURSEMENT TO TRAVELERS,4000,4000,3500
LOCAL,0300,VEHICLE FUND,84,CDOT,2125,ENGINEERING,340,MATERIAL AND SUPPLIES,20296,20296,20296
LOCAL,0300,VEHICLE FUND,84,CDOT,2125,ENGINEERING,350,STATIONERY AND OFFICE SUPPLIES,12310,12310,12310
LOCAL,0300,VEHICLE FUND,84,CDOT,2135,INFRASTRUCTURE MANAGEMENT,5,SALARIES AND WAGES - ON PAYROLL,4485846,4485846,4872147
LOCAL,0300,VEHICLE FUND,84,CDOT,2135,INFRASTRUCTURE MANAGEMENT,11,CONTRACT WAGE - SALARY,7871,7871,9176
LOCAL,0300,VEHICLE FUND,84,CDOT,2135,INFRASTRUCTURE MANAGEMENT,15,SCHEDULE SALARY ADJUSTMENTS,31299,31299,29131
LOCAL,0300,VEHICLE FUND,84,CDOT,2135,INFRASTRUCTURE MANAGEMENT,20,OVERTIME,34573,34573,34573
LOCAL,0300,VEHICLE FUND,84,CDOT,2135,INFRASTRUCTURE MANAGEMENT,39,STUDENT AS TRAINEES,14000,14000,14000
LOCAL,0300,VEHICLE FUND,84,CDOT,2135,INFRASTRUCTURE MANAGEMENT,126,OFFICE CONVENIENCES,350,350,300
LOCAL,0300,VEHICLE FUND,84,CDOT,2135,INFRASTRUCTURE MANAGEMENT,130,POSTAGE,50250,50250,33250
LOCAL,0300,VEHICLE FUND,84,CDOT,2135,INFRASTRUCTURE MANAGEMENT,140,PROFESSIONAL AND TECHNICAL SERVICES,4310000,4310000,4287000
LOCAL,0300,VEHICLE FUND,84,CDOT,2135,INFRASTRUCTURE MANAGEMENT,149,SOFTWARE MAINTENANCE AND LICENSING,125000,125000,100000
LOCAL,0300,VEHICLE FUND,84,CDOT,2135,INFRASTRUCTURE MANAGEMENT,150,PUBLICATN & REPRODT-OUT,12400,12400,5650
LOCAL,0300,VEHICLE FUND,84,CDOT,2135,INFRASTRUCTURE MANAGEMENT,152,ADVERTISING,9000,9000,4800
LOCAL,0300,VEHICLE FUND,84,CDOT,2135,INFRASTRUCTURE MANAGEMENT,157,RENTAL EQUIPMENT AND SERVICES,5400,5400,6835
LOCAL,0300,VEHICLE FUND,84,CDOT,2135,INFRASTRUCTURE MANAGEMENT,159,LEASE/PURCHASE EQUIPMENT,17089,17089,24289
LOCAL,0300,VEHICLE FUND,84,CDOT,2135,INFRASTRUCTURE MANAGEMENT,160,REPAIR/MAINT PROPERTY,9800,9800,5800
LOCAL,0300,VEHICLE FUND,84,CDOT,2135,INFRASTRUCTURE MANAGEMENT,162,REPAIR/MAINT EQUIPMENT,48328,48328,41128
LOCAL,0300,VEHICLE FUND,84,CDOT,2135,INFRASTRUCTURE MANAGEMENT,166,DUES  SUBSC & MEM,500,500,1500
LOCAL,0300,VEHICLE FUND,84,CDOT,2135,INFRASTRUCTURE MANAGEMENT,179,MESSENGER SERVICES,500,500,450
LOCAL,0300,VEHICLE FUND,84,CDOT,2135,INFRASTRUCTURE MANAGEMENT,181,MOBILE COMMUNICATION SERVICES,24000,24000,24000
LOCAL,0300,VEHICLE FUND,84,CDOT,2135,INFRASTRUCTURE MANAGEMENT,188,VEHICLE TRACKING SERVICE,12912,12912,8488
LOCAL,0300,VEHICLE FUND,84,CDOT,2135,INFRASTRUCTURE MANAGEMENT,190,TELEPHONE - NON-CENTREX BILLINGS,43300,43300,38900
LOCAL,0300,VEHICLE FUND,84,CDOT,2135,INFRASTRUCTURE MANAGEMENT,196,DATA CIRCUITS,5500,5500,5500
LOCAL,0300,VEHICLE FUND,84,CDOT,2135,INFRASTRUCTURE MANAGEMENT,197,TELEPHONE - MAINTENANCE,14800,14800,11100
LOCAL,0300,VEHICLE FUND,84,CDOT,2135,INFRASTRUCTURE MANAGEMENT,229,TRANSPORTATION AND EXPENSE ALLOWANCE,134434,134434,100300
LOCAL,0300,VEHICLE FUND,84,CDOT,2135,INFRASTRUCTURE MANAGEMENT,245,REIMBURSEMENT TO TRAVELERS,4000,4000,4000
LOCAL,0300,VEHICLE FUND,84,CDOT,2135,INFRASTRUCTURE MANAGEMENT,270,LOCAL TRANSPORTATION,500,500,500
LOCAL,0300,VEHICLE FUND,84,CDOT,2135,INFRASTRUCTURE MANAGEMENT,313,CLEANING AND SANITATION SUPPLIES,1617,1617,1600
LOCAL,0300,VEHICLE FUND,84,CDOT,2135,INFRASTRUCTURE MANAGEMENT,319,CLOTHING,14000,14000,11000
LOCAL,0300,VEHICLE FUND,84,CDOT,2135,INFRASTRUCTURE MANAGEMENT,340,MATERIAL AND SUPPLIES,10500,10500,10500
LOCAL,0300,VEHICLE FUND,84,CDOT,2135,INFRASTRUCTURE MANAGEMENT,348,BOOKS AND RELATED MATERIAL,1050,1050,1050
LOCAL,0300,VEHICLE FUND,84,CDOT,2135,INFRASTRUCTURE MANAGEMENT,350,STATIONERY AND OFFICE SUPPLIES,10000,10000,11000
LOCAL,0300,VEHICLE FUND,84,CDOT,2135,INFRASTRUCTURE MANAGEMENT,9438,REIMBURSEMENT - 2FM,4000,4000,4000
LOCAL,0300,VEHICLE FUND,84,CDOT,2150,ELECTRICAL OPERATIONS,5,SALARIES AND WAGES - ON PAYROLL,15977147,15977147,16396897
LOCAL,0300,VEHICLE FUND,84,CDOT,2150,ELECTRICAL OPERATIONS,11,CONTRACT WAGE - SALARY,252,252,258
LOCAL,0300,VEHICLE FUND,84,CDOT,2150,ELECTRICAL OPERATIONS,12,CONTRACT WAGE - PREVAILING RATE,194169,194169,198359
LOCAL,0300,VEHICLE FUND,84,CDOT,2150,ELECTRICAL OPERATIONS,20,OVERTIME,650000,650000,650000
LOCAL,0300,VEHICLE FUND,84,CDOT,2150,ELECTRICAL OPERATIONS,140,PROFESSIONAL AND TECHNICAL SERVICES,957900,957900,1264770
LOCAL,0300,VEHICLE FUND,84,CDOT,2150,ELECTRICAL OPERATIONS,157,RENTAL EQUIPMENT AND SERVICES,117495,117495,117495
LOCAL,0300,VEHICLE FUND,84,CDOT,2150,ELECTRICAL OPERATIONS,159,LEASE/PURCHASE EQUIPMENT,10713,10713,12798
LOCAL,0300,VEHICLE FUND,84,CDOT,2150,ELECTRICAL OPERATIONS,162,REPAIR/MAINT EQUIPMENT,16345,16345,12700
LOCAL,0300,VEHICLE FUND,84,CDOT,2150,ELECTRICAL OPERATIONS,188,VEHICLE TRACKING SERVICE,13255,13255,11155
LOCAL,0300,VEHICLE FUND,84,CDOT,2150,ELECTRICAL OPERATIONS,229,TRANSPORTATION AND EXPENSE ALLOWANCE,107560,107560,117560
LOCAL,0300,VEHICLE FUND,84,CDOT,2150,ELECTRICAL OPERATIONS,319,CLOTHING,9800,9800,4000
LOCAL,0300,VEHICLE FUND,84,CDOT,2150,ELECTRICAL OPERATIONS,340,MATERIAL AND SUPPLIES,363500,363500,558325
LOCAL,0300,VEHICLE FUND,84,CDOT,2150,ELECTRICAL OPERATIONS,345,APPARATUS AND INSTRUMENTS,30000,30000,30000
LOCAL,0300,VEHICLE FUND,84,CDOT,2150,ELECTRICAL OPERATIONS,350,STATIONERY AND OFFICE SUPPLIES,8000,8000,8000
LOCAL,0300,VEHICLE FUND,84,CDOT,2150,ELECTRICAL OPERATIONS,360,REPAIR PARTS AND MATERIAL,6500,6500,5750
LOCAL,0300,VEHICLE FUND,84,CDOT,2150,ELECTRICAL OPERATIONS,362,PAINTS AND PAINTING SUPPLIES,1000,1000,900
LOCAL,0300,VEHICLE FUND,84,CDOT,2150,ELECTRICAL OPERATIONS,365,ELECTRICAL SUPPLIES,327000,327000,290000
LOCAL,0300,VEHICLE FUND,84,CDOT,2150,ELECTRICAL OPERATIONS,440,MACHINERY AND EQUIPMENT,3750,3750,3250
LOCAL,0300,VEHICLE FUND,84,CDOT,2155,IN-HOUSE CONSTRUCTION,5,SALARIES AND WAGES - ON PAYROLL,38936627,38936627,40205028
LOCAL,0300,VEHICLE FUND,84,CDOT,2155,IN-HOUSE CONSTRUCTION,11,CONTRACT WAGE - SALARY,829,829,610
LOCAL,0300,VEHICLE FUND,84,CDOT,2155,IN-HOUSE CONSTRUCTION,12,CONTRACT WAGE - PREVAILING RATE,346905,346905,368482
LOCAL,0300,VEHICLE FUND,84,CDOT,2155,IN-HOUSE CONSTRUCTION,15,SCHEDULE SALARY ADJUSTMENTS,4178,4178,993
LOCAL,0300,VEHICLE FUND,84,CDOT,2155,IN-HOUSE CONSTRUCTION,20,OVERTIME,102000,102000,702000
LOCAL,0300,VEHICLE FUND,84,CDOT,2155,IN-HOUSE CONSTRUCTION,40,ADJUSTED SALARAIES - PER DIEM - PR,51407,51407,51407
LOCAL,0300,VEHICLE FUND,84,CDOT,2155,IN-HOUSE CONSTRUCTION,140,PROFESSIONAL AND TECHNICAL SERVICES,14700,14700,24800
LOCAL,0300,VEHICLE FUND,84,CDOT,2155,IN-HOUSE CONSTRUCTION,157,RENTAL EQUIPMENT AND SERVICES,286587,286587,276587
LOCAL,0300,VEHICLE FUND,84,CDOT,2155,IN-HOUSE CONSTRUCTION,159,LEASE/PURCHASE EQUIPMENT,4373,4373,24339
LOCAL,0300,VEHICLE FUND,84,CDOT,2155,IN-HOUSE CONSTRUCTION,160,REPAIR/MAINT PROPERTY,42891,42891,32891
LOCAL,0300,VEHICLE FUND,84,CDOT,2155,IN-HOUSE CONSTRUCTION,162,REPAIR/MAINT EQUIPMENT,34966,34966,15000
LOCAL,0300,VEHICLE FUND,84,CDOT,2155,IN-HOUSE CONSTRUCTION,181,MOBILE COMMUNICATION SERVICES,84500,84500,84500
LOCAL,0300,VEHICLE FUND,84,CDOT,2155,IN-HOUSE CONSTRUCTION,185,WASTE DISPOSAL SERVICES,107681,107681,107681
LOCAL,0300,VEHICLE FUND,84,CDOT,2155,IN-HOUSE CONSTRUCTION,188,VEHICLE TRACKING SERVICE,167160,167160,31823
LOCAL,0300,VEHICLE FUND,84,CDOT,2155,IN-HOUSE CONSTRUCTION,190,TELEPHONE - NON-CENTREX BILLINGS,35800,35800,32000
LOCAL,0300,VEHICLE FUND,84,CDOT,2155,IN-HOUSE CONSTRUCTION,197,TELEPHONE - MAINTENANCE,900,900,1000
LOCAL,0300,VEHICLE FUND,84,CDOT,2155,IN-HOUSE CONSTRUCTION,229,TRANSPORTATION AND EXPENSE ALLOWANCE,14425,14425,18500
LOCAL,0300,VEHICLE FUND,84,CDOT,2155,IN-HOUSE CONSTRUCTION,340,MATERIAL AND SUPPLIES,796723,796723,840400
LOCAL,0300,VEHICLE FUND,84,CDOT,2155,IN-HOUSE CONSTRUCTION,350,STATIONERY AND OFFICE SUPPLIES,10000,10000,10500
LOCAL,0300,VEHICLE FUND,84,CDOT,2155,IN-HOUSE CONSTRUCTION,9481,REIMBURSEMENT - DSS,35000,35000,35000
LOCAL,0310,MOTOR FUEL TAX FUND,84,CDOT,2150,ELECTRICAL OPERATIONS,319,CLOTHING,2034,2034,1830
LOCAL,0310,MOTOR FUEL TAX FUND,84,CDOT,2150,ELECTRICAL OPERATIONS,340,MATERIAL AND SUPPLIES,1500090,1500090,1450531
LOCAL,0310,MOTOR FUEL TAX FUND,84,CDOT,2150,ELECTRICAL OPERATIONS,360,REPAIR PARTS AND MATERIAL,250000,250000,224550
LOCAL,0310,MOTOR FUEL TAX FUND,84,CDOT,2150,ELECTRICAL OPERATIONS,365,ELECTRICAL SUPPLIES,350000,350000,350000
LOCAL,0310,MOTOR FUEL TAX FUND,84,CDOT,2155,IN-HOUSE CONSTRUCTION,5,SALARIES AND WAGES - ON PAYROLL,5924341,5924341,6162802
LOCAL,0310,MOTOR FUEL TAX FUND,84,CDOT,2155,IN-HOUSE CONSTRUCTION,12,CONTRACT WAGE - PREVAILING RATE,46177,46177,47772
LOCAL,0310,MOTOR FUEL TAX FUND,84,CDOT,2155,IN-HOUSE CONSTRUCTION,20,OVERTIME,195000,195000,195000
LOCAL,0310,MOTOR FUEL TAX FUND,84,CDOT,2155,IN-HOUSE CONSTRUCTION,140,PROFESSIONAL AND TECHNICAL SERVICES,1075000,1075000,825000
LOCAL,0310,MOTOR FUEL TAX FUND,84,CDOT,2155,IN-HOUSE CONSTRUCTION,340,MATERIAL AND SUPPLIES,4630442,4630442,4630442
LOCAL,0610,MIDWAY AIRPORT FUND,85,DEPARTMENT OF AVIATION,2010,CHICAGO MIDWAY AIRPORT,5,SALARIES AND WAGES - ON PAYROLL,13941633,13941633,14625238
LOCAL,0610,MIDWAY AIRPORT FUND,85,DEPARTMENT OF AVIATION,2010,CHICAGO MIDWAY AIRPORT,11,CONTRACT WAGE - SALARY,4142,4142,4362
LOCAL,0610,MIDWAY AIRPORT FUND,85,DEPARTMENT OF AVIATION,2010,CHICAGO MIDWAY AIRPORT,12,CONTRACT WAGE - PREVAILING RATE,66069,66069,69803
LOCAL,0610,MIDWAY AIRPORT FUND,85,DEPARTMENT OF AVIATION,2010,CHICAGO MIDWAY AIRPORT,15,SCHEDULE SALARY ADJUSTMENTS,62612,62612,50736
LOCAL,0610,MIDWAY AIRPORT FUND,85,DEPARTMENT OF AVIATION,2010,CHICAGO MIDWAY AIRPORT,20,OVERTIME,950000,950000,950000
LOCAL,0610,MIDWAY AIRPORT FUND,85,DEPARTMENT OF AVIATION,2010,CHICAGO MIDWAY AIRPORT,39,STUDENT AS TRAINEES,10000,10000,10000
LOCAL,0610,MIDWAY AIRPORT FUND,85,DEPARTMENT OF AVIATION,2010,CHICAGO MIDWAY AIRPORT,49,WORKERS' COMPENSATION,2050085,2050085,2050085
LOCAL,0610,MIDWAY AIRPORT FUND,85,DEPARTMENT OF AVIATION,2010,CHICAGO MIDWAY AIRPORT,91,UNIFORM ALLOWANCE,30300,30300,27000
LOCAL,0610,MIDWAY AIRPORT FUND,85,DEPARTMENT OF AVIATION,2010,CHICAGO MIDWAY AIRPORT,130,POSTAGE,500,500,500
LOCAL,0610,MIDWAY AIRPORT FUND,85,DEPARTMENT OF AVIATION,2010,CHICAGO MIDWAY AIRPORT,138,IT MAINTENANCE,3916700,3916700,3905000
LOCAL,0610,MIDWAY AIRPORT FUND,85,DEPARTMENT OF AVIATION,2010,CHICAGO MIDWAY AIRPORT,140,PROFESSIONAL AND TECHNICAL SERVICES,17625500,17625500,17591100
LOCAL,0610,MIDWAY AIRPORT FUND,85,DEPARTMENT OF AVIATION,2010,CHICAGO MIDWAY AIRPORT,141,APPRAISALS,16000,16000,8000
LOCAL,0610,MIDWAY AIRPORT FUND,85,DEPARTMENT OF AVIATION,2010,CHICAGO MIDWAY AIRPORT,142,ACCOUNTING AND AUDITING,280600,280600,275200
LOCAL,0610,MIDWAY AIRPORT FUND,85,DEPARTMENT OF AVIATION,2010,CHICAGO MIDWAY AIRPORT,144,ENGINEERING AND ARCHITECTURE,92000,92000,52000
LOCAL,0610,MIDWAY AIRPORT FUND,85,DEPARTMENT OF AVIATION,2010,CHICAGO MIDWAY AIRPORT,148,TESTING AND INSPECTING,7460,7460,2500
LOCAL,0610,MIDWAY AIRPORT FUND,85,DEPARTMENT OF AVIATION,2010,CHICAGO MIDWAY AIRPORT,149,SOFTWARE MAINTENANCE AND LICENSING,200900,200900,202000
LOCAL,0610,MIDWAY AIRPORT FUND,85,DEPARTMENT OF AVIATION,2010,CHICAGO MIDWAY AIRPORT,152,ADVERTISING,31000,31000,31000
LOCAL,0610,MIDWAY AIRPORT FUND,85,DEPARTMENT OF AVIATION,2010,CHICAGO MIDWAY AIRPORT,154,RENTAL-DATA HARDWARE EQ,21000,21000,10000
LOCAL,0610,MIDWAY AIRPORT FUND,85,DEPARTMENT OF AVIATION,2010,CHICAGO MIDWAY AIRPORT,157,RENTAL EQUIPMENT AND SERVICES,13601900,13601900,14076200
LOCAL,0610,MIDWAY AIRPORT FUND,85,DEPARTMENT OF AVIATION,2010,CHICAGO MIDWAY AIRPORT,160,REPAIR/MAINT PROPERTY,1350000,1350000,1350000
LOCAL,0610,MIDWAY AIRPORT FUND,85,DEPARTMENT OF AVIATION,2010,CHICAGO MIDWAY AIRPORT,161,MAINT FACILITIES,16270400,16270400,17052300
LOCAL,0610,MIDWAY AIRPORT FUND,85,DEPARTMENT OF AVIATION,2010,CHICAGO MIDWAY AIRPORT,162,REPAIR/MAINT EQUIPMENT,11343200,11343200,11854500
LOCAL,0610,MIDWAY AIRPORT FUND,85,DEPARTMENT OF AVIATION,2010,CHICAGO MIDWAY AIRPORT,163,MAINT STREETS,4200000,4200000,4200000
LOCAL,0610,MIDWAY AIRPORT FUND,85,DEPARTMENT OF AVIATION,2010,CHICAGO MIDWAY AIRPORT,166,DUES  SUBSC & MEM,48500,48500,51200
LOCAL,0610,MIDWAY AIRPORT FUND,85,DEPARTMENT OF AVIATION,2010,CHICAGO MIDWAY AIRPORT,168,EDUCATION DEVELOPMENT,142100,142100,129100
LOCAL,0610,MIDWAY AIRPORT FUND,85,DEPARTMENT OF AVIATION,2010,CHICAGO MIDWAY AIRPORT,169,TECHNICAL MEETING COSTS,47000,47000,44300
LOCAL,0610,MIDWAY AIRPORT FUND,85,DEPARTMENT OF AVIATION,2010,CHICAGO MIDWAY AIRPORT,181,MOBILE COMMUNICATION SERVICES,31000,31000,31000
LOCAL,0610,MIDWAY AIRPORT FUND,85,DEPARTMENT OF AVIATION,2010,CHICAGO MIDWAY AIRPORT,183,WATER,300000,300000,420000
LOCAL,0610,MIDWAY AIRPORT FUND,85,DEPARTMENT OF AVIATION,2010,CHICAGO MIDWAY AIRPORT,185,WASTE DISPOSAL SERVICES,400000,400000,450000
LOCAL,0610,MIDWAY AIRPORT FUND,85,DEPARTMENT OF AVIATION,2010,CHICAGO MIDWAY AIRPORT,189,TELEPHONE - NON-CENTREX BILLINGS,31900,31900,21500
LOCAL,0610,MIDWAY AIRPORT FUND,85,DEPARTMENT OF AVIATION,2010,CHICAGO MIDWAY AIRPORT,190,TELEPHONE - NON-CENTREX BILLINGS,501000,501000,501000
LOCAL,0610,MIDWAY AIRPORT FUND,85,DEPARTMENT OF AVIATION,2010,CHICAGO MIDWAY AIRPORT,191,TELEPHONE - RELOCATIONS,1000,1000,1000
LOCAL,0610,MIDWAY AIRPORT FUND,85,DEPARTMENT OF AVIATION,2010,CHICAGO MIDWAY AIRPORT,197,TELEPHONE - MAINTENANCE,9000,9000,5000
LOCAL,0610,MIDWAY AIRPORT FUND,85,DEPARTMENT OF AVIATION,2010,CHICAGO MIDWAY AIRPORT,229,TRANSPORTATION AND EXPENSE ALLOWANCE,100,100,100
LOCAL,0610,MIDWAY AIRPORT FUND,85,DEPARTMENT OF AVIATION,2010,CHICAGO MIDWAY AIRPORT,245,REIMBURSEMENT TO TRAVELERS,9500,9500,9500
LOCAL,0610,MIDWAY AIRPORT FUND,85,DEPARTMENT OF AVIATION,2010,CHICAGO MIDWAY AIRPORT,270,LOCAL TRANSPORTATION,100,100,100
LOCAL,0610,MIDWAY AIRPORT FUND,85,DEPARTMENT OF AVIATION,2010,CHICAGO MIDWAY AIRPORT,313,CLEANING AND SANITATION SUPPLIES,39000,39000,39000
LOCAL,0610,MIDWAY AIRPORT FUND,85,DEPARTMENT OF AVIATION,2010,CHICAGO MIDWAY AIRPORT,319,CLOTHING,34900,34900,33900
LOCAL,0610,MIDWAY AIRPORT FUND,85,DEPARTMENT OF AVIATION,2010,CHICAGO MIDWAY AIRPORT,340,MATERIAL AND SUPPLIES,2495400,2495400,2510800
LOCAL,0610,MIDWAY AIRPORT FUND,85,DEPARTMENT OF AVIATION,2010,CHICAGO MIDWAY AIRPORT,345,APPARATUS AND INSTRUMENTS,11000,11000,5000
LOCAL,0610,MIDWAY AIRPORT FUND,85,DEPARTMENT OF AVIATION,2010,CHICAGO MIDWAY AIRPORT,350,STATIONERY AND OFFICE SUPPLIES,22000,22000,22000
LOCAL,0610,MIDWAY AIRPORT FUND,85,DEPARTMENT OF AVIATION,2010,CHICAGO MIDWAY AIRPORT,360,REPAIR PARTS AND MATERIAL,62500,62500,62500
LOCAL,0610,MIDWAY AIRPORT FUND,85,DEPARTMENT OF AVIATION,2010,CHICAGO MIDWAY AIRPORT,361,BUILDING MATERIALS AND SUPPLIES,8500,8500,6500
LOCAL,0610,MIDWAY AIRPORT FUND,85,DEPARTMENT OF AVIATION,2010,CHICAGO MIDWAY AIRPORT,362,PAINTS AND PAINTING SUPPLIES,70000,70000,70000
LOCAL,0610,MIDWAY AIRPORT FUND,85,DEPARTMENT OF AVIATION,2010,CHICAGO MIDWAY AIRPORT,364,PLUMBING SUPPLIES,2000,2000,2000
LOCAL,0610,MIDWAY AIRPORT FUND,85,DEPARTMENT OF AVIATION,2010,CHICAGO MIDWAY AIRPORT,365,ELECTRICAL SUPPLIES,517000,517000,497000
LOCAL,0610,MIDWAY AIRPORT FUND,85,DEPARTMENT OF AVIATION,2010,CHICAGO MIDWAY AIRPORT,402,TOOLS > $100 UNIT,15000,15000,15000
LOCAL,0610,MIDWAY AIRPORT FUND,85,DEPARTMENT OF AVIATION,2010,CHICAGO MIDWAY AIRPORT,423,COMMUNICATION DEVICES,228000,228000,160000
LOCAL,0610,MIDWAY AIRPORT FUND,85,DEPARTMENT OF AVIATION,2010,CHICAGO MIDWAY AIRPORT,424,FURNITURE AND FURNISHINGS,25000,25000,25000
LOCAL,0610,MIDWAY AIRPORT FUND,85,DEPARTMENT OF AVIATION,2010,CHICAGO MIDWAY AIRPORT,440,MACHINERY AND EQUIPMENT,464000,464000,30000
LOCAL,0610,MIDWAY AIRPORT FUND,85,DEPARTMENT OF AVIATION,2010,CHICAGO MIDWAY AIRPORT,446,PURCHASE - DATA HARDWARE,187000,187000,240000
LOCAL,0610,MIDWAY AIRPORT FUND,85,DEPARTMENT OF AVIATION,2010,CHICAGO MIDWAY AIRPORT,9438,REIMBURSEMENT - 2FM,62000,62000,35000
LOCAL,0740,O HARE REVENUE FUND,85,DEPARTMENT OF AVIATION,2015,CHICAGO-O'HARE INT'L AIRPORT,5,SALARIES AND WAGES - ON PAYROLL,88870653,88870653,94387436
LOCAL,0740,O HARE REVENUE FUND,85,DEPARTMENT OF AVIATION,2015,CHICAGO-O'HARE INT'L AIRPORT,6,SALARY PROVISION,0,0,100000
LOCAL,0740,O HARE REVENUE FUND,85,DEPARTMENT OF AVIATION,2015,CHICAGO-O'HARE INT'L AIRPORT,11,CONTRACT WAGE - SALARY,20150,20150,21853
LOCAL,0740,O HARE REVENUE FUND,85,DEPARTMENT OF AVIATION,2015,CHICAGO-O'HARE INT'L AIRPORT,12,CONTRACT WAGE - PREVAILING RATE,583131,583131,640116
LOCAL,0740,O HARE REVENUE FUND,85,DEPARTMENT OF AVIATION,2015,CHICAGO-O'HARE INT'L AIRPORT,15,SCHEDULE SALARY ADJUSTMENTS,296861,296861,290373
LOCAL,0740,O HARE REVENUE FUND,85,DEPARTMENT OF AVIATION,2015,CHICAGO-O'HARE INT'L AIRPORT,20,OVERTIME,5326300,5326300,5326300
LOCAL,0740,O HARE REVENUE FUND,85,DEPARTMENT OF AVIATION,2015,CHICAGO-O'HARE INT'L AIRPORT,39,STUDENT AS TRAINEES,175000,175000,175000
LOCAL,0740,O HARE REVENUE FUND,85,DEPARTMENT OF AVIATION,2015,CHICAGO-O'HARE INT'L AIRPORT,49,WORKERS' COMPENSATION,12242520,12242520,12242520
LOCAL,0740,O HARE REVENUE FUND,85,DEPARTMENT OF AVIATION,2015,CHICAGO-O'HARE INT'L AIRPORT,91,UNIFORM ALLOWANCE,121900,121900,137500
LOCAL,0740,O HARE REVENUE FUND,85,DEPARTMENT OF AVIATION,2015,CHICAGO-O'HARE INT'L AIRPORT,130,POSTAGE,40000,40000,30000
LOCAL,0740,O HARE REVENUE FUND,85,DEPARTMENT OF AVIATION,2015,CHICAGO-O'HARE INT'L AIRPORT,138,IT MAINTENANCE,15979000,15979000,15019400
LOCAL,0740,O HARE REVENUE FUND,85,DEPARTMENT OF AVIATION,2015,CHICAGO-O'HARE INT'L AIRPORT,140,PROFESSIONAL AND TECHNICAL SERVICES,72577800,72577800,74739700
LOCAL,0740,O HARE REVENUE FUND,85,DEPARTMENT OF AVIATION,2015,CHICAGO-O'HARE INT'L AIRPORT,141,APPRAISALS,12000,12000,12000
LOCAL,0740,O HARE REVENUE FUND,85,DEPARTMENT OF AVIATION,2015,CHICAGO-O'HARE INT'L AIRPORT,142,ACCOUNTING AND AUDITING,1042400,1042400,1072700
LOCAL,0740,O HARE REVENUE FUND,85,DEPARTMENT OF AVIATION,2015,CHICAGO-O'HARE INT'L AIRPORT,345,APPARATUS AND INSTRUMENTS,44000,44000,10000
LOCAL,0740,O HARE REVENUE FUND,85,DEPARTMENT OF AVIATION,2015,CHICAGO-O'HARE INT'L AIRPORT,144,ENGINEERING AND ARCHITECTURE,1226000,1226000,1073500
LOCAL,0740,O HARE REVENUE FUND,85,DEPARTMENT OF AVIATION,2015,CHICAGO-O'HARE INT'L AIRPORT,147,SURVEYS,25000,25000,15000
LOCAL,0740,O HARE REVENUE FUND,85,DEPARTMENT OF AVIATION,2015,CHICAGO-O'HARE INT'L AIRPORT,148,TESTING AND INSPECTING,81500,81500,81500
LOCAL,0740,O HARE REVENUE FUND,85,DEPARTMENT OF AVIATION,2015,CHICAGO-O'HARE INT'L AIRPORT,149,SOFTWARE MAINTENANCE AND LICENSING,480000,480000,490000
LOCAL,0740,O HARE REVENUE FUND,85,DEPARTMENT OF AVIATION,2015,CHICAGO-O'HARE INT'L AIRPORT,152,ADVERTISING,185000,185000,185000
LOCAL,0740,O HARE REVENUE FUND,85,DEPARTMENT OF AVIATION,2015,CHICAGO-O'HARE INT'L AIRPORT,154,RENTAL-DATA HARDWARE EQ,81000,81000,50000
LOCAL,0740,O HARE REVENUE FUND,85,DEPARTMENT OF AVIATION,2015,CHICAGO-O'HARE INT'L AIRPORT,155,RENTAL OF PROPERTY,3950000,3950000,2819000
LOCAL,0740,O HARE REVENUE FUND,85,DEPARTMENT OF AVIATION,2015,CHICAGO-O'HARE INT'L AIRPORT,157,RENTAL EQUIPMENT AND SERVICES,50585400,50585400,51661400
LOCAL,0740,O HARE REVENUE FUND,85,DEPARTMENT OF AVIATION,2015,CHICAGO-O'HARE INT'L AIRPORT,160,REPAIR/MAINT PROPERTY,1925000,1925000,1930000
LOCAL,0740,O HARE REVENUE FUND,85,DEPARTMENT OF AVIATION,2015,CHICAGO-O'HARE INT'L AIRPORT,161,MAINT FACILITIES,30885400,30885400,37005400
LOCAL,0740,O HARE REVENUE FUND,85,DEPARTMENT OF AVIATION,2015,CHICAGO-O'HARE INT'L AIRPORT,162,REPAIR/MAINT EQUIPMENT,14911600,14911600,14915400
LOCAL,0740,O HARE REVENUE FUND,85,DEPARTMENT OF AVIATION,2015,CHICAGO-O'HARE INT'L AIRPORT,163,MAINT STREETS,11140000,11140000,8701000
LOCAL,0740,O HARE REVENUE FUND,85,DEPARTMENT OF AVIATION,2015,CHICAGO-O'HARE INT'L AIRPORT,166,DUES  SUBSC & MEM,420200,420200,412400
LOCAL,0740,O HARE REVENUE FUND,85,DEPARTMENT OF AVIATION,2015,CHICAGO-O'HARE INT'L AIRPORT,168,EDUCATION DEVELOPMENT,1296700,1296700,1494800
LOCAL,0740,O HARE REVENUE FUND,85,DEPARTMENT OF AVIATION,2015,CHICAGO-O'HARE INT'L AIRPORT,169,TECHNICAL MEETING COSTS,288100,288100,310900
LOCAL,0740,O HARE REVENUE FUND,85,DEPARTMENT OF AVIATION,2015,CHICAGO-O'HARE INT'L AIRPORT,178,FREIGHT AND EXPRESS CHARGES,41000,41000,21000
LOCAL,0740,O HARE REVENUE FUND,85,DEPARTMENT OF AVIATION,2015,CHICAGO-O'HARE INT'L AIRPORT,181,MOBILE COMMUNICATION SERVICES,201000,201000,201000
LOCAL,0740,O HARE REVENUE FUND,85,DEPARTMENT OF AVIATION,2015,CHICAGO-O'HARE INT'L AIRPORT,183,WATER,5000000,5000000,8000000
LOCAL,0740,O HARE REVENUE FUND,85,DEPARTMENT OF AVIATION,2015,CHICAGO-O'HARE INT'L AIRPORT,185,WASTE DISPOSAL SERVICES,1045000,1045000,1595000
LOCAL,0740,O HARE REVENUE FUND,85,DEPARTMENT OF AVIATION,2015,CHICAGO-O'HARE INT'L AIRPORT,189,TELEPHONE - NON-CENTREX BILLINGS,255400,255400,257000
LOCAL,0740,O HARE REVENUE FUND,85,DEPARTMENT OF AVIATION,2015,CHICAGO-O'HARE INT'L AIRPORT,190,TELEPHONE - NON-CENTREX BILLINGS,759200,759200,759200
LOCAL,0740,O HARE REVENUE FUND,85,DEPARTMENT OF AVIATION,2015,CHICAGO-O'HARE INT'L AIRPORT,191,TELEPHONE - RELOCATIONS,3000,3000,3000
LOCAL,0740,O HARE REVENUE FUND,85,DEPARTMENT OF AVIATION,2015,CHICAGO-O'HARE INT'L AIRPORT,196,DATA CIRCUITS,329300,329300,400000
LOCAL,0740,O HARE REVENUE FUND,85,DEPARTMENT OF AVIATION,2015,CHICAGO-O'HARE INT'L AIRPORT,197,TELEPHONE - MAINTENANCE,16000,16000,16000
LOCAL,0740,O HARE REVENUE FUND,85,DEPARTMENT OF AVIATION,2015,CHICAGO-O'HARE INT'L AIRPORT,229,TRANSPORTATION AND EXPENSE ALLOWANCE,2500,2500,5500
LOCAL,0740,O HARE REVENUE FUND,85,DEPARTMENT OF AVIATION,2015,CHICAGO-O'HARE INT'L AIRPORT,245,REIMBURSEMENT TO TRAVELERS,96000,96000,96000
LOCAL,0740,O HARE REVENUE FUND,85,DEPARTMENT OF AVIATION,2015,CHICAGO-O'HARE INT'L AIRPORT,270,LOCAL TRANSPORTATION,9500,9500,6500
LOCAL,0740,O HARE REVENUE FUND,85,DEPARTMENT OF AVIATION,2015,CHICAGO-O'HARE INT'L AIRPORT,313,CLEANING AND SANITATION SUPPLIES,480000,480000,480000
LOCAL,0740,O HARE REVENUE FUND,85,DEPARTMENT OF AVIATION,2015,CHICAGO-O'HARE INT'L AIRPORT,314,FUEL OIL,360000,360000,360000
LOCAL,0740,O HARE REVENUE FUND,85,DEPARTMENT OF AVIATION,2015,CHICAGO-O'HARE INT'L AIRPORT,319,CLOTHING,230900,230900,258100
LOCAL,0740,O HARE REVENUE FUND,85,DEPARTMENT OF AVIATION,2015,CHICAGO-O'HARE INT'L AIRPORT,340,MATERIAL AND SUPPLIES,9970100,9970100,10040200
LOCAL,0740,O HARE REVENUE FUND,85,DEPARTMENT OF AVIATION,2015,CHICAGO-O'HARE INT'L AIRPORT,348,BOOKS AND RELATED MATERIAL,2500,2500,17300
LOCAL,0740,O HARE REVENUE FUND,85,DEPARTMENT OF AVIATION,2015,CHICAGO-O'HARE INT'L AIRPORT,350,STATIONERY AND OFFICE SUPPLIES,200000,200000,200000
LOCAL,0740,O HARE REVENUE FUND,85,DEPARTMENT OF AVIATION,2015,CHICAGO-O'HARE INT'L AIRPORT,360,REPAIR PARTS AND MATERIAL,1565000,1565000,1507500
LOCAL,0740,O HARE REVENUE FUND,85,DEPARTMENT OF AVIATION,2015,CHICAGO-O'HARE INT'L AIRPORT,361,BUILDING MATERIALS AND SUPPLIES,390000,390000,351000
LOCAL,0740,O HARE REVENUE FUND,85,DEPARTMENT OF AVIATION,2015,CHICAGO-O'HARE INT'L AIRPORT,362,PAINTS AND PAINTING SUPPLIES,350000,350000,322500
LOCAL,0740,O HARE REVENUE FUND,85,DEPARTMENT OF AVIATION,2015,CHICAGO-O'HARE INT'L AIRPORT,364,PLUMBING SUPPLIES,200000,200000,180000
LOCAL,0740,O HARE REVENUE FUND,85,DEPARTMENT OF AVIATION,2015,CHICAGO-O'HARE INT'L AIRPORT,365,ELECTRICAL SUPPLIES,4100000,4100000,4100000
LOCAL,0740,O HARE REVENUE FUND,85,DEPARTMENT OF AVIATION,2015,CHICAGO-O'HARE INT'L AIRPORT,402,TOOLS > $100 UNIT,35000,35000,32000
LOCAL,0740,O HARE REVENUE FUND,85,DEPARTMENT OF AVIATION,2015,CHICAGO-O'HARE INT'L AIRPORT,423,COMMUNICATION DEVICES,442000,442000,352700
LOCAL,0740,O HARE REVENUE FUND,85,DEPARTMENT OF AVIATION,2015,CHICAGO-O'HARE INT'L AIRPORT,424,FURNITURE AND FURNISHINGS,310000,310000,310000
LOCAL,0740,O HARE REVENUE FUND,85,DEPARTMENT OF AVIATION,2015,CHICAGO-O'HARE INT'L AIRPORT,440,MACHINERY AND EQUIPMENT,1663900,1663900,752200
LOCAL,0740,O HARE REVENUE FUND,85,DEPARTMENT OF AVIATION,2015,CHICAGO-O'HARE INT'L AIRPORT,446,PURCHASE - DATA HARDWARE,836400,836400,933000
LOCAL,0740,O HARE REVENUE FUND,85,DEPARTMENT OF AVIATION,2015,CHICAGO-O'HARE INT'L AIRPORT,9438,REIMBURSEMENT - 2FM,299700,299700,90000
LOCAL,0740,O HARE REVENUE FUND,85,DEPARTMENT OF AVIATION,2015,CHICAGO-O'HARE INT'L AIRPORT,9441,REIMBURSEMENT - CDPH,90000,90000,90000
LOCAL,0740,O HARE REVENUE FUND,85,DEPARTMENT OF AVIATION,2015,CHICAGO-O'HARE INT'L AIRPORT,9481,REIMBURSEMENT - DSS,1253300,1253300,1200000
LOCAL,0200,WATER FUND,88,WATER MANAGEMENT,2005,COMMISSIONER'S OFFICE,5,SALARIES AND WAGES - ON PAYROLL,2978420,2978420,3132488
LOCAL,0200,WATER FUND,88,WATER MANAGEMENT,2005,COMMISSIONER'S OFFICE,11,CONTRACT WAGE - SALARY,3161,3161,2679
LOCAL,0200,WATER FUND,88,WATER MANAGEMENT,2005,COMMISSIONER'S OFFICE,12,CONTRACT WAGE - PREVAILING RATE,9282,9282,9467
LOCAL,0200,WATER FUND,88,WATER MANAGEMENT,2005,COMMISSIONER'S OFFICE,15,SCHEDULE SALARY ADJUSTMENTS,5948,5948,6025
LOCAL,0200,WATER FUND,88,WATER MANAGEMENT,2005,COMMISSIONER'S OFFICE,20,OVERTIME,82000,82000,82000
LOCAL,0200,WATER FUND,88,WATER MANAGEMENT,2005,COMMISSIONER'S OFFICE,130,POSTAGE,112000,112000,158359
LOCAL,0200,WATER FUND,88,WATER MANAGEMENT,2005,COMMISSIONER'S OFFICE,140,PROFESSIONAL AND TECHNICAL SERVICES,3175678,3175678,3175678
LOCAL,0200,WATER FUND,88,WATER MANAGEMENT,2005,COMMISSIONER'S OFFICE,150,PUBLICATN & REPRODT-OUT,71900,71900,71900
LOCAL,0200,WATER FUND,88,WATER MANAGEMENT,2005,COMMISSIONER'S OFFICE,161,MAINT FACILITIES,45000,45000,45000
LOCAL,0200,WATER FUND,88,WATER MANAGEMENT,2005,COMMISSIONER'S OFFICE,162,REPAIR/MAINT EQUIPMENT,506675,506675,466675
LOCAL,0200,WATER FUND,88,WATER MANAGEMENT,2005,COMMISSIONER'S OFFICE,166,DUES  SUBSC & MEM,438000,438000,438000
LOCAL,0200,WATER FUND,88,WATER MANAGEMENT,2005,COMMISSIONER'S OFFICE,169,TECHNICAL MEETING COSTS,22500,22500,22500
LOCAL,0200,WATER FUND,88,WATER MANAGEMENT,2005,COMMISSIONER'S OFFICE,181,MOBILE COMMUNICATION SERVICES,12500,12500,12500
LOCAL,0200,WATER FUND,88,WATER MANAGEMENT,2005,COMMISSIONER'S OFFICE,189,TELEPHONE - NON-CENTREX BILLINGS,8000,8000,10400
LOCAL,0200,WATER FUND,88,WATER MANAGEMENT,2005,COMMISSIONER'S OFFICE,190,TELEPHONE - NON-CENTREX BILLINGS,313000,313000,310000
LOCAL,0200,WATER FUND,88,WATER MANAGEMENT,2005,COMMISSIONER'S OFFICE,196,DATA CIRCUITS,630000,630000,510000
LOCAL,0200,WATER FUND,88,WATER MANAGEMENT,2005,COMMISSIONER'S OFFICE,197,TELEPHONE - MAINTENANCE,60350,60350,60350
LOCAL,0200,WATER FUND,88,WATER MANAGEMENT,2005,COMMISSIONER'S OFFICE,245,REIMBURSEMENT TO TRAVELERS,27750,27750,27750
LOCAL,0200,WATER FUND,88,WATER MANAGEMENT,2005,COMMISSIONER'S OFFICE,340,MATERIAL AND SUPPLIES,320250,320250,359250
LOCAL,0200,WATER FUND,88,WATER MANAGEMENT,2005,COMMISSIONER'S OFFICE,348,BOOKS AND RELATED MATERIAL,500,500,500
LOCAL,0200,WATER FUND,88,WATER MANAGEMENT,2005,COMMISSIONER'S OFFICE,350,STATIONERY AND OFFICE SUPPLIES,7700,7700,16500
LOCAL,0200,WATER FUND,88,WATER MANAGEMENT,2005,COMMISSIONER'S OFFICE,424,FURNITURE AND FURNISHINGS,10000,10000,9000
LOCAL,0200,WATER FUND,88,WATER MANAGEMENT,2005,COMMISSIONER'S OFFICE,440,MACHINERY AND EQUIPMENT,142000,142000,151000
LOCAL,0200,WATER FUND,88,WATER MANAGEMENT,2010,ADMINISTRATIVE SUPPORT,5,SALARIES AND WAGES - ON PAYROLL,4145069,4145069,3802193
LOCAL,0200,WATER FUND,88,WATER MANAGEMENT,2010,ADMINISTRATIVE SUPPORT,11,CONTRACT WAGE - SALARY,8505,8505,9272
LOCAL,0200,WATER FUND,88,WATER MANAGEMENT,2010,ADMINISTRATIVE SUPPORT,15,SCHEDULE SALARY ADJUSTMENTS,19420,19420,24975
LOCAL,0200,WATER FUND,88,WATER MANAGEMENT,2010,ADMINISTRATIVE SUPPORT,20,OVERTIME,31000,31000,800000
LOCAL,0200,WATER FUND,88,WATER MANAGEMENT,2010,ADMINISTRATIVE SUPPORT,140,PROFESSIONAL AND TECHNICAL SERVICES,69368,69368,69368
LOCAL,0200,WATER FUND,88,WATER MANAGEMENT,2010,ADMINISTRATIVE SUPPORT,149,SOFTWARE MAINTENANCE AND LICENSING,419050,419050,95000
LOCAL,0200,WATER FUND,88,WATER MANAGEMENT,2010,ADMINISTRATIVE SUPPORT,154,RENTAL-DATA HARDWARE EQ,90123,90123,90000
LOCAL,0200,WATER FUND,88,WATER MANAGEMENT,2010,ADMINISTRATIVE SUPPORT,159,LEASE/PURCHASE EQUIPMENT,164339,164339,275134
LOCAL,0200,WATER FUND,88,WATER MANAGEMENT,2010,ADMINISTRATIVE SUPPORT,168,EDUCATION DEVELOPMENT,15625,15625,10500
LOCAL,0200,WATER FUND,88,WATER MANAGEMENT,2010,ADMINISTRATIVE SUPPORT,169,TECHNICAL MEETING COSTS,5000,5000,5000
LOCAL,0200,WATER FUND,88,WATER MANAGEMENT,2010,ADMINISTRATIVE SUPPORT,191,TELEPHONE - RELOCATIONS,5000,5000,5000
LOCAL,0200,WATER FUND,88,WATER MANAGEMENT,2010,ADMINISTRATIVE SUPPORT,245,REIMBURSEMENT TO TRAVELERS,2500,2500,2500
LOCAL,0200,WATER FUND,88,WATER MANAGEMENT,2010,ADMINISTRATIVE SUPPORT,312,SOFTWARE PURCHASES,30000,30000,12500
LOCAL,0200,WATER FUND,88,WATER MANAGEMENT,2010,ADMINISTRATIVE SUPPORT,350,STATIONERY AND OFFICE SUPPLIES,15600,15600,31600
LOCAL,0200,WATER FUND,88,WATER MANAGEMENT,2010,ADMINISTRATIVE SUPPORT,446,PURCHASE - DATA HARDWARE,171237,171237,92415
LOCAL,0200,WATER FUND,88,WATER MANAGEMENT,2010,ADMINISTRATIVE SUPPORT,9438,REIMBURSEMENT - 2FM,110000,110000,80000
LOCAL,0200,WATER FUND,88,WATER MANAGEMENT,2015,ENGINEERING SERVICES,5,SALARIES AND WAGES - ON PAYROLL,4234056,4234056,4371334
LOCAL,0200,WATER FUND,88,WATER MANAGEMENT,2015,ENGINEERING SERVICES,11,CONTRACT WAGE - SALARY,4012,4012,3973
LOCAL,0200,WATER FUND,88,WATER MANAGEMENT,2015,ENGINEERING SERVICES,12,CONTRACT WAGE - PREVAILING RATE,23194,23194,24481
LOCAL,0200,WATER FUND,88,WATER MANAGEMENT,2015,ENGINEERING SERVICES,15,SCHEDULE SALARY ADJUSTMENTS,12007,12007,933
LOCAL,0200,WATER FUND,88,WATER MANAGEMENT,2015,ENGINEERING SERVICES,20,OVERTIME,13000,13000,13000
LOCAL,0200,WATER FUND,88,WATER MANAGEMENT,2015,ENGINEERING SERVICES,140,PROFESSIONAL AND TECHNICAL SERVICES,1800000,1800000,1800000
LOCAL,0200,WATER FUND,88,WATER MANAGEMENT,2015,ENGINEERING SERVICES,144,ENGINEERING AND ARCHITECTURE,1500000,1500000,1500000
LOCAL,0200,WATER FUND,88,WATER MANAGEMENT,2015,ENGINEERING SERVICES,162,REPAIR/MAINT EQUIPMENT,3500,3500,2500
LOCAL,0200,WATER FUND,88,WATER MANAGEMENT,2015,ENGINEERING SERVICES,169,TECHNICAL MEETING COSTS,10000,10000,9000
LOCAL,0200,WATER FUND,88,WATER MANAGEMENT,2015,ENGINEERING SERVICES,229,TRANSPORTATION AND EXPENSE ALLOWANCE,42000,42000,42000
LOCAL,0200,WATER FUND,88,WATER MANAGEMENT,2015,ENGINEERING SERVICES,245,REIMBURSEMENT TO TRAVELERS,7000,7000,6000
LOCAL,0200,WATER FUND,88,WATER MANAGEMENT,2015,ENGINEERING SERVICES,340,MATERIAL AND SUPPLIES,20000,20000,20000
LOCAL,0200,WATER FUND,88,WATER MANAGEMENT,2015,ENGINEERING SERVICES,345,APPARATUS AND INSTRUMENTS,4000,4000,4000
LOCAL,0200,WATER FUND,88,WATER MANAGEMENT,2015,ENGINEERING SERVICES,348,BOOKS AND RELATED MATERIAL,1600,1600,1000
LOCAL,0200,WATER FUND,88,WATER MANAGEMENT,2015,ENGINEERING SERVICES,350,STATIONERY AND OFFICE SUPPLIES,16000,16000,16000
LOCAL,0200,WATER FUND,88,WATER MANAGEMENT,2015,ENGINEERING SERVICES,424,FURNITURE AND FURNISHINGS,2000,2000,2000
LOCAL,0200,WATER FUND,88,WATER MANAGEMENT,2015,ENGINEERING SERVICES,450,VEHICLES,35000,35000,35000
LOCAL,0200,WATER FUND,88,WATER MANAGEMENT,2020,WATER SUPPLY,5,SALARIES AND WAGES - ON PAYROLL,51740545,51740545,51613375
LOCAL,0200,WATER FUND,88,WATER MANAGEMENT,2020,WATER SUPPLY,11,CONTRACT WAGE - SALARY,41491,41491,41811
LOCAL,0200,WATER FUND,88,WATER MANAGEMENT,2020,WATER SUPPLY,12,CONTRACT WAGE - PREVAILING RATE,573501,573501,569546
LOCAL,0200,WATER FUND,88,WATER MANAGEMENT,2020,WATER SUPPLY,15,SCHEDULE SALARY ADJUSTMENTS,82750,82750,43698
LOCAL,0200,WATER FUND,88,WATER MANAGEMENT,2020,WATER SUPPLY,20,OVERTIME,4018673,4018673,4018673
LOCAL,0200,WATER FUND,88,WATER MANAGEMENT,2020,WATER SUPPLY,125,OFFICE AND BUILDING SERVICES,442000,442000,342000
LOCAL,0200,WATER FUND,88,WATER MANAGEMENT,2020,WATER SUPPLY,140,PROFESSIONAL AND TECHNICAL SERVICES,100000,100000,100000
LOCAL,0200,WATER FUND,88,WATER MANAGEMENT,2020,WATER SUPPLY,148,TESTING AND INSPECTING,256000,256000,181000
LOCAL,0200,WATER FUND,88,WATER MANAGEMENT,2020,WATER SUPPLY,157,RENTAL EQUIPMENT AND SERVICES,186000,186000,176000
LOCAL,0200,WATER FUND,88,WATER MANAGEMENT,2020,WATER SUPPLY,160,REPAIR/MAINT PROPERTY,1573800,1573800,1403800
LOCAL,0200,WATER FUND,88,WATER MANAGEMENT,2020,WATER SUPPLY,162,REPAIR/MAINT EQUIPMENT,6062500,6062500,5742500
LOCAL,0200,WATER FUND,88,WATER MANAGEMENT,2020,WATER SUPPLY,169,TECHNICAL MEETING COSTS,228800,228800,213200
LOCAL,0200,WATER FUND,88,WATER MANAGEMENT,2020,WATER SUPPLY,245,REIMBURSEMENT TO TRAVELERS,10793,10793,4793
LOCAL,0200,WATER FUND,88,WATER MANAGEMENT,2020,WATER SUPPLY,314,FUEL OIL,390000,390000,390000
LOCAL,0200,WATER FUND,88,WATER MANAGEMENT,2020,WATER SUPPLY,340,MATERIAL AND SUPPLIES,1771300,1771300,1678800
LOCAL,0200,WATER FUND,88,WATER MANAGEMENT,2020,WATER SUPPLY,342,DRUGS  MEDICINE AND CHEMICAL MATERIALS,14288221,14288221,15288221
LOCAL,0200,WATER FUND,88,WATER MANAGEMENT,2020,WATER SUPPLY,345,APPARATUS AND INSTRUMENTS,352000,352000,350000
LOCAL,0200,WATER FUND,88,WATER MANAGEMENT,2020,WATER SUPPLY,348,BOOKS AND RELATED MATERIAL,9000,9000,6000
LOCAL,0200,WATER FUND,88,WATER MANAGEMENT,2020,WATER SUPPLY,350,STATIONERY AND OFFICE SUPPLIES,62000,62000,54000
LOCAL,0200,WATER FUND,88,WATER MANAGEMENT,2020,WATER SUPPLY,360,REPAIR PARTS AND MATERIAL,1512954,1512954,1453687
LOCAL,0200,WATER FUND,88,WATER MANAGEMENT,2020,WATER SUPPLY,401,TOOL <= $100 UNIT,18200,18200,18200
LOCAL,0200,WATER FUND,88,WATER MANAGEMENT,2020,WATER SUPPLY,402,TOOLS > $100 UNIT,15500,15500,15500
LOCAL,0200,WATER FUND,88,WATER MANAGEMENT,2020,WATER SUPPLY,410,EQUIPMENT FOR BUILDINGS,200000,200000,175000
LOCAL,0200,WATER FUND,88,WATER MANAGEMENT,2020,WATER SUPPLY,424,FURNITURE AND FURNISHINGS,2000,2000,2000
LOCAL,0200,WATER FUND,88,WATER MANAGEMENT,2020,WATER SUPPLY,440,MACHINERY AND EQUIPMENT,852400,852400,737800
LOCAL,0200,WATER FUND,88,WATER MANAGEMENT,2020,WATER SUPPLY,445,TECHNICAL AND SCIENTIFIC EQUIPMENT,516000,516000,436000
LOCAL,0200,WATER FUND,88,WATER MANAGEMENT,2020,WATER SUPPLY,450,VEHICLES,399000,399000,360000
LOCAL,0200,WATER FUND,88,WATER MANAGEMENT,2020,WATER SUPPLY,9484,REIMBURSEMENT - CDOT,100000,100000,100000
LOCAL,0200,WATER FUND,88,WATER MANAGEMENT,2025,OPERATIONS AND DISTRIBUTION,5,SALARIES AND WAGES - ON PAYROLL,49698859,49698859,50019719
LOCAL,0200,WATER FUND,88,WATER MANAGEMENT,2025,OPERATIONS AND DISTRIBUTION,11,CONTRACT WAGE - SALARY,3772,3772,4132
LOCAL,0200,WATER FUND,88,WATER MANAGEMENT,2025,OPERATIONS AND DISTRIBUTION,12,CONTRACT WAGE - PREVAILING RATE,552321,552321,589858
LOCAL,0200,WATER FUND,88,WATER MANAGEMENT,2025,OPERATIONS AND DISTRIBUTION,15,SCHEDULE SALARY ADJUSTMENTS,10857,10857,18354
LOCAL,0200,WATER FUND,88,WATER MANAGEMENT,2025,OPERATIONS AND DISTRIBUTION,20,OVERTIME,3128722,3128722,3062356
LOCAL,0200,WATER FUND,88,WATER MANAGEMENT,2025,OPERATIONS AND DISTRIBUTION,140,PROFESSIONAL AND TECHNICAL SERVICES,4740676,4740676,4740676
LOCAL,0200,WATER FUND,88,WATER MANAGEMENT,2025,OPERATIONS AND DISTRIBUTION,157,RENTAL EQUIPMENT AND SERVICES,1175296,1175296,1175100
LOCAL,0200,WATER FUND,88,WATER MANAGEMENT,2025,OPERATIONS AND DISTRIBUTION,160,REPAIR/MAINT PROPERTY,524769,524769,524000
LOCAL,0200,WATER FUND,88,WATER MANAGEMENT,2025,OPERATIONS AND DISTRIBUTION,162,REPAIR/MAINT EQUIPMENT,102377,102377,102000
LOCAL,0200,WATER FUND,88,WATER MANAGEMENT,2025,OPERATIONS AND DISTRIBUTION,169,TECHNICAL MEETING COSTS,2614,2614,2614
LOCAL,0200,WATER FUND,88,WATER MANAGEMENT,2025,OPERATIONS AND DISTRIBUTION,181,MOBILE COMMUNICATION SERVICES,200000,200000,200000
LOCAL,0200,WATER FUND,88,WATER MANAGEMENT,2025,OPERATIONS AND DISTRIBUTION,185,WASTE DISPOSAL SERVICES,2942710,2942710,2942710
LOCAL,0200,WATER FUND,88,WATER MANAGEMENT,2025,OPERATIONS AND DISTRIBUTION,188,VEHICLE TRACKING SERVICE,432237,432237,234480
LOCAL,0200,WATER FUND,88,WATER MANAGEMENT,2025,OPERATIONS AND DISTRIBUTION,229,TRANSPORTATION AND EXPENSE ALLOWANCE,34485,34485,25920
LOCAL,0200,WATER FUND,88,WATER MANAGEMENT,2025,OPERATIONS AND DISTRIBUTION,316,GAS - BOTTLED AND PROPANE,171745,171745,161440
LOCAL,0200,WATER FUND,88,WATER MANAGEMENT,2025,OPERATIONS AND DISTRIBUTION,340,MATERIAL AND SUPPLIES,1216993,1216993,1118300
LOCAL,0200,WATER FUND,88,WATER MANAGEMENT,2025,OPERATIONS AND DISTRIBUTION,350,STATIONERY AND OFFICE SUPPLIES,34698,34698,56930
LOCAL,0200,WATER FUND,88,WATER MANAGEMENT,2025,OPERATIONS AND DISTRIBUTION,360,REPAIR PARTS AND MATERIAL,4799531,4799531,5861553
LOCAL,0200,WATER FUND,88,WATER MANAGEMENT,2025,OPERATIONS AND DISTRIBUTION,401,TOOL <= $100 UNIT,4244,4244,3000
LOCAL,0200,WATER FUND,88,WATER MANAGEMENT,2025,OPERATIONS AND DISTRIBUTION,423,COMMUNICATION DEVICES,6365,6365,1000
LOCAL,0200,WATER FUND,88,WATER MANAGEMENT,2025,OPERATIONS AND DISTRIBUTION,424,FURNITURE AND FURNISHINGS,6010,6010,3000
LOCAL,0200,WATER FUND,88,WATER MANAGEMENT,2025,OPERATIONS AND DISTRIBUTION,440,MACHINERY AND EQUIPMENT,608639,608639,547215
LOCAL,0200,WATER FUND,88,WATER MANAGEMENT,2025,OPERATIONS AND DISTRIBUTION,446,PURCHASE - DATA HARDWARE,129780,129780,100000
LOCAL,0200,WATER FUND,88,WATER MANAGEMENT,2025,OPERATIONS AND DISTRIBUTION,521,MAINTENANCE AND CONSTRUCTION,2946315,2946315,2946315
LOCAL,0200,WATER FUND,88,WATER MANAGEMENT,2025,OPERATIONS AND DISTRIBUTION,9481,REIMBURSEMENT - DSS,367919,367919,367919
LOCAL,0200,WATER FUND,88,WATER MANAGEMENT,2035,METER SERVICES,5,SALARIES AND WAGES - ON PAYROLL,11674051,11674051,11864159
LOCAL,0200,WATER FUND,88,WATER MANAGEMENT,2035,METER SERVICES,11,CONTRACT WAGE - SALARY,1923,1923,1925
LOCAL,0200,WATER FUND,88,WATER MANAGEMENT,2035,METER SERVICES,12,CONTRACT WAGE - PREVAILING RATE,86766,86766,78033
LOCAL,0200,WATER FUND,88,WATER MANAGEMENT,2035,METER SERVICES,15,SCHEDULE SALARY ADJUSTMENTS,19625,19625,16092
LOCAL,0200,WATER FUND,88,WATER MANAGEMENT,2035,METER SERVICES,20,OVERTIME,118000,118000,118000
LOCAL,0200,WATER FUND,88,WATER MANAGEMENT,2035,METER SERVICES,140,PROFESSIONAL AND TECHNICAL SERVICES,20000,20000,20000
LOCAL,0200,WATER FUND,88,WATER MANAGEMENT,2035,METER SERVICES,189,TELEPHONE - NON-CENTREX BILLINGS,4000,4000,5200
LOCAL,0200,WATER FUND,88,WATER MANAGEMENT,2035,METER SERVICES,229,TRANSPORTATION AND EXPENSE ALLOWANCE,35000,35000,31500
LOCAL,0200,WATER FUND,88,WATER MANAGEMENT,2035,METER SERVICES,245,REIMBURSEMENT TO TRAVELERS,2375,2375,1625
LOCAL,0200,WATER FUND,88,WATER MANAGEMENT,2035,METER SERVICES,340,MATERIAL AND SUPPLIES,42950,42950,40500
LOCAL,0200,WATER FUND,88,WATER MANAGEMENT,2035,METER SERVICES,350,STATIONERY AND OFFICE SUPPLIES,17500,17500,17500
LOCAL,0200,WATER FUND,88,WATER MANAGEMENT,2035,METER SERVICES,360,REPAIR PARTS AND MATERIAL,97000,97000,104500
LOCAL,0200,WATER FUND,88,WATER MANAGEMENT,2035,METER SERVICES,401,TOOL <= $100 UNIT,6000,6000,6000
LOCAL,0200,WATER FUND,88,WATER MANAGEMENT,2035,METER SERVICES,424,FURNITURE AND FURNISHINGS,5625,5625,5000
LOCAL,0200,WATER FUND,88,WATER MANAGEMENT,2035,METER SERVICES,446,PURCHASE - DATA HARDWARE,10000,10000,10000
LOCAL,0200,WATER FUND,88,WATER MANAGEMENT,2035,METER SERVICES,450,VEHICLES,46000,46000,46000
LOCAL,0314,SEWER FUND,88,WATER MANAGEMENT,2015,ENGINEERING SERVICES,5,SALARIES AND WAGES - ON PAYROLL,1950528,1950528,2144938
LOCAL,0314,SEWER FUND,88,WATER MANAGEMENT,2015,ENGINEERING SERVICES,11,CONTRACT WAGE - SALARY,6247,6247,6005
LOCAL,0314,SEWER FUND,88,WATER MANAGEMENT,2015,ENGINEERING SERVICES,15,SCHEDULE SALARY ADJUSTMENTS,4351,4351,5054
LOCAL,0314,SEWER FUND,88,WATER MANAGEMENT,2015,ENGINEERING SERVICES,150,PUBLICATN & REPRODT-OUT,3000,3000,3000
LOCAL,0314,SEWER FUND,88,WATER MANAGEMENT,2015,ENGINEERING SERVICES,162,REPAIR/MAINT EQUIPMENT,7000,7000,5000
LOCAL,0314,SEWER FUND,88,WATER MANAGEMENT,2015,ENGINEERING SERVICES,169,TECHNICAL MEETING COSTS,7500,7500,5000
LOCAL,0314,SEWER FUND,88,WATER MANAGEMENT,2015,ENGINEERING SERVICES,245,REIMBURSEMENT TO TRAVELERS,2000,2000,1500
LOCAL,0314,SEWER FUND,88,WATER MANAGEMENT,2015,ENGINEERING SERVICES,348,BOOKS AND RELATED MATERIAL,700,700,500
LOCAL,0314,SEWER FUND,88,WATER MANAGEMENT,2015,ENGINEERING SERVICES,350,STATIONERY AND OFFICE SUPPLIES,5000,5000,4000
LOCAL,0314,SEWER FUND,88,WATER MANAGEMENT,2015,ENGINEERING SERVICES,424,FURNITURE AND FURNISHINGS,3000,3000,1400
LOCAL,0314,SEWER FUND,88,WATER MANAGEMENT,2025,OPERATIONS AND DISTRIBUTION,5,SALARIES AND WAGES - ON PAYROLL,45158660,45158660,45114214
LOCAL,0314,SEWER FUND,88,WATER MANAGEMENT,2025,OPERATIONS AND DISTRIBUTION,11,CONTRACT WAGE - SALARY,10639,10639,10925
LOCAL,0314,SEWER FUND,88,WATER MANAGEMENT,2025,OPERATIONS AND DISTRIBUTION,12,CONTRACT WAGE - PREVAILING RATE,488074,488074,543732
LOCAL,0314,SEWER FUND,88,WATER MANAGEMENT,2025,OPERATIONS AND DISTRIBUTION,15,SCHEDULE SALARY ADJUSTMENTS,24708,24708,11275
LOCAL,0314,SEWER FUND,88,WATER MANAGEMENT,2025,OPERATIONS AND DISTRIBUTION,20,OVERTIME,1333340,1333340,3000000
LOCAL,0314,SEWER FUND,88,WATER MANAGEMENT,2025,OPERATIONS AND DISTRIBUTION,140,PROFESSIONAL AND TECHNICAL SERVICES,1850564,1850564,1850564
LOCAL,0314,SEWER FUND,88,WATER MANAGEMENT,2025,OPERATIONS AND DISTRIBUTION,154,RENTAL-DATA HARDWARE EQ,7366,7366,6924
LOCAL,0314,SEWER FUND,88,WATER MANAGEMENT,2025,OPERATIONS AND DISTRIBUTION,157,RENTAL EQUIPMENT AND SERVICES,942412,942412,885868
LOCAL,0314,SEWER FUND,88,WATER MANAGEMENT,2025,OPERATIONS AND DISTRIBUTION,185,WASTE DISPOSAL SERVICES,2942918,2942918,2942918
LOCAL,0314,SEWER FUND,88,WATER MANAGEMENT,2025,OPERATIONS AND DISTRIBUTION,190,TELEPHONE - NON-CENTREX BILLINGS,29700,29700,30000
LOCAL,0314,SEWER FUND,88,WATER MANAGEMENT,2025,OPERATIONS AND DISTRIBUTION,229,TRANSPORTATION AND EXPENSE ALLOWANCE,111054,111054,104390
LOCAL,0314,SEWER FUND,88,WATER MANAGEMENT,2025,OPERATIONS AND DISTRIBUTION,340,MATERIAL AND SUPPLIES,5032726,5032726,4282000
LOCAL,0314,SEWER FUND,88,WATER MANAGEMENT,2025,OPERATIONS AND DISTRIBUTION,345,APPARATUS AND INSTRUMENTS,3000,3000,1500
LOCAL,0314,SEWER FUND,88,WATER MANAGEMENT,2025,OPERATIONS AND DISTRIBUTION,401,TOOL <= $100 UNIT,71611,71611,67314
LOCAL,0314,SEWER FUND,88,WATER MANAGEMENT,2025,OPERATIONS AND DISTRIBUTION,402,TOOLS > $100 UNIT,132631,132631,124673
LOCAL,0314,SEWER FUND,88,WATER MANAGEMENT,2025,OPERATIONS AND DISTRIBUTION,440,MACHINERY AND EQUIPMENT,261620,261620,245923
LOCAL,0314,SEWER FUND,88,WATER MANAGEMENT,2025,OPERATIONS AND DISTRIBUTION,9438,REIMBURSEMENT - 2FM,6000000,6000000,5190000
LOCAL,0314,SEWER FUND,88,WATER MANAGEMENT,2025,OPERATIONS AND DISTRIBUTION,9481,REIMBURSEMENT - DSS,7767702,7767702,7767702
LOCAL,0346,LIBRARY FUND,91,CHICAGO PUBLIC LIBRARY,2005,CHICAGO PUBLIC LIBRARY,5,SALARIES AND WAGES - ON PAYROLL,49589985,49589985,51068168
LOCAL,0346,LIBRARY FUND,91,CHICAGO PUBLIC LIBRARY,2005,CHICAGO PUBLIC LIBRARY,11,CONTRACT WAGE - SALARY,238568,238568,245286
LOCAL,0346,LIBRARY FUND,91,CHICAGO PUBLIC LIBRARY,2005,CHICAGO PUBLIC LIBRARY,12,CONTRACT WAGE - PREVAILING RATE,4346,4346,3684
LOCAL,0346,LIBRARY FUND,91,CHICAGO PUBLIC LIBRARY,2005,CHICAGO PUBLIC LIBRARY,15,SCHEDULE SALARY ADJUSTMENTS,200614,200614,201327
LOCAL,0346,LIBRARY FUND,91,CHICAGO PUBLIC LIBRARY,2005,CHICAGO PUBLIC LIBRARY,20,OVERTIME,420000,420000,400000
LOCAL,0346,LIBRARY FUND,91,CHICAGO PUBLIC LIBRARY,2005,CHICAGO PUBLIC LIBRARY,123,SERVICES BY PERFORMERS / EXHIBITORS,88011,88011,86250
LOCAL,0346,LIBRARY FUND,91,CHICAGO PUBLIC LIBRARY,2005,CHICAGO PUBLIC LIBRARY,130,POSTAGE,5130,5130,4104
LOCAL,0346,LIBRARY FUND,91,CHICAGO PUBLIC LIBRARY,2005,CHICAGO PUBLIC LIBRARY,140,PROFESSIONAL AND TECHNICAL SERVICES,131484,131484,390169
LOCAL,0346,LIBRARY FUND,91,CHICAGO PUBLIC LIBRARY,2005,CHICAGO PUBLIC LIBRARY,149,SOFTWARE MAINTENANCE AND LICENSING,432441,432441,432441
LOCAL,0346,LIBRARY FUND,91,CHICAGO PUBLIC LIBRARY,2005,CHICAGO PUBLIC LIBRARY,152,ADVERTISING,64380,64380,63092
LOCAL,0346,LIBRARY FUND,91,CHICAGO PUBLIC LIBRARY,2005,CHICAGO PUBLIC LIBRARY,154,RENTAL-DATA HARDWARE EQ,209972,209972,209972
LOCAL,0346,LIBRARY FUND,91,CHICAGO PUBLIC LIBRARY,2005,CHICAGO PUBLIC LIBRARY,157,RENTAL EQUIPMENT AND SERVICES,120008,120008,91480
LOCAL,0346,LIBRARY FUND,91,CHICAGO PUBLIC LIBRARY,2005,CHICAGO PUBLIC LIBRARY,162,REPAIR/MAINT EQUIPMENT,423000,423000,356000
LOCAL,0346,LIBRARY FUND,91,CHICAGO PUBLIC LIBRARY,2005,CHICAGO PUBLIC LIBRARY,164,BOOKBINDING,56675,56675,56107
LOCAL,0346,LIBRARY FUND,91,CHICAGO PUBLIC LIBRARY,2005,CHICAGO PUBLIC LIBRARY,165,GRAPHIC DESIGN SERV,14540,14540,13813
LOCAL,0346,LIBRARY FUND,91,CHICAGO PUBLIC LIBRARY,2005,CHICAGO PUBLIC LIBRARY,166,DUES  SUBSC & MEM,201750,201750,199732
LOCAL,0346,LIBRARY FUND,91,CHICAGO PUBLIC LIBRARY,2005,CHICAGO PUBLIC LIBRARY,168,EDUCATION DEVELOPMENT,53880,53880,53880
LOCAL,0346,LIBRARY FUND,91,CHICAGO PUBLIC LIBRARY,2005,CHICAGO PUBLIC LIBRARY,178,FREIGHT AND EXPRESS CHARGES,5334,5334,4001
LOCAL,0346,LIBRARY FUND,91,CHICAGO PUBLIC LIBRARY,2005,CHICAGO PUBLIC LIBRARY,181,MOBILE COMMUNICATION SERVICES,10000,10000,3500
LOCAL,0346,LIBRARY FUND,91,CHICAGO PUBLIC LIBRARY,2005,CHICAGO PUBLIC LIBRARY,189,TELEPHONE - NON-CENTREX BILLINGS,27600,27600,49800
LOCAL,0346,LIBRARY FUND,91,CHICAGO PUBLIC LIBRARY,2005,CHICAGO PUBLIC LIBRARY,190,TELEPHONE - NON-CENTREX BILLINGS,353200,353200,340000
LOCAL,0346,LIBRARY FUND,91,CHICAGO PUBLIC LIBRARY,2005,CHICAGO PUBLIC LIBRARY,191,TELEPHONE - RELOCATIONS,9100,9100,9100
LOCAL,0346,LIBRARY FUND,91,CHICAGO PUBLIC LIBRARY,2005,CHICAGO PUBLIC LIBRARY,196,DATA CIRCUITS,710000,710000,1110885
LOCAL,0346,LIBRARY FUND,91,CHICAGO PUBLIC LIBRARY,2005,CHICAGO PUBLIC LIBRARY,197,TELEPHONE - MAINTENANCE,89980,89980,20980
LOCAL,0346,LIBRARY FUND,91,CHICAGO PUBLIC LIBRARY,2005,CHICAGO PUBLIC LIBRARY,340,MATERIAL AND SUPPLIES,37988,37988,37988
LOCAL,0346,LIBRARY FUND,91,CHICAGO PUBLIC LIBRARY,2005,CHICAGO PUBLIC LIBRARY,350,STATIONERY AND OFFICE SUPPLIES,516370,516370,500000
LOCAL,0346,LIBRARY FUND,91,CHICAGO PUBLIC LIBRARY,2005,CHICAGO PUBLIC LIBRARY,361,BUILDING MATERIALS AND SUPPLIES,1312,1312,1312
LOCAL,0346,LIBRARY FUND,91,CHICAGO PUBLIC LIBRARY,2005,CHICAGO PUBLIC LIBRARY,365,ELECTRICAL SUPPLIES,1220,1220,1220
LOCAL,0346,LIBRARY FUND,91,CHICAGO PUBLIC LIBRARY,2005,CHICAGO PUBLIC LIBRARY,9438,REIMBURSEMENT - 2FM,70782,70782,55000
LOCAL,0100,CORPORATE FUND,99,FINANCE GENERAL,2005,FINANCE GENERAL,3,SCHEDULED WAGE ADJUSTMENTS,2018349,2018349,1943420
LOCAL,0100,CORPORATE FUND,99,FINANCE GENERAL,2005,FINANCE GENERAL,29,HMO PREMIUMS,98997507,98997507,105615494
LOCAL,0100,CORPORATE FUND,99,FINANCE GENERAL,2005,FINANCE GENERAL,39,STUDENT AS TRAINEES,298400,298400,298400
LOCAL,0100,CORPORATE FUND,99,FINANCE GENERAL,2005,FINANCE GENERAL,42,TEXT FILE - EXTRA LONG,208421902,208421902,215651300
LOCAL,0100,CORPORATE FUND,99,FINANCE GENERAL,2005,FINANCE GENERAL,43,TEXT FILE - EXTRA LONG,1181250,1181250,1181250
LOCAL,0100,CORPORATE FUND,99,FINANCE GENERAL,2005,FINANCE GENERAL,45,PREM TERM LIFE INSURANCE,2488563,2488563,2626921
LOCAL,0100,CORPORATE FUND,99,FINANCE GENERAL,2005,FINANCE GENERAL,49,WORKERS' COMPENSATION,32110000,32110000,38000000
LOCAL,0100,CORPORATE FUND,99,FINANCE GENERAL,2005,FINANCE GENERAL,51,UNEMPLOYMENT INSURANCE CLAIM,3756024,3756024,3743024
LOCAL,0100,CORPORATE FUND,99,FINANCE GENERAL,2005,FINANCE GENERAL,52,MEDICAL CARE CLAIMS,51164241,51164241,26511716
LOCAL,0100,CORPORATE FUND,99,FINANCE GENERAL,2005,FINANCE GENERAL,56,DENTAL PLAN PREMIUMS,10849340,10849340,10944464
LOCAL,0100,CORPORATE FUND,99,FINANCE GENERAL,2005,FINANCE GENERAL,70,TUITION REIMBURSEMENT,205000,205000,205000
LOCAL,0100,CORPORATE FUND,99,FINANCE GENERAL,2005,FINANCE GENERAL,95,PAYMENT TO DEPENDENTS OF POLICE /FIRE,200000,200000,200000
LOCAL,0100,CORPORATE FUND,99,FINANCE GENERAL,2005,FINANCE GENERAL,96,TEXT FILE - EXTRA LONG,150000,150000,150000
LOCAL,0100,CORPORATE FUND,99,FINANCE GENERAL,2005,FINANCE GENERAL,138,IT MAINTENANCE,21703998,21703998,25466507
LOCAL,0100,CORPORATE FUND,99,FINANCE GENERAL,2005,FINANCE GENERAL,140,PROFESSIONAL AND TECHNICAL SERVICES,34072307,34072307,39232616
LOCAL,0100,CORPORATE FUND,99,FINANCE GENERAL,2005,FINANCE GENERAL,142,ACCOUNTING AND AUDITING,1870000,1870000,1820000
LOCAL,0100,CORPORATE FUND,99,FINANCE GENERAL,2005,FINANCE GENERAL,149,SOFTWARE MAINTENANCE AND LICENSING,22498,22498,21565
LOCAL,0100,CORPORATE FUND,99,FINANCE GENERAL,2005,FINANCE GENERAL,170,SURETY BOND PREMIUMS,50000,50000,50000
LOCAL,0100,CORPORATE FUND,99,FINANCE GENERAL,2005,FINANCE GENERAL,172,INSURANCE PREMIUMS,1604948,1604948,1804948
LOCAL,0100,CORPORATE FUND,99,FINANCE GENERAL,2005,FINANCE GENERAL,181,MOBILE COMMUNICATION SERVICES,0,0,123648
LOCAL,0100,CORPORATE FUND,99,FINANCE GENERAL,2005,FINANCE GENERAL,340,MATERIAL AND SUPPLIES,1319360,1319360,578800
LOCAL,0100,CORPORATE FUND,99,FINANCE GENERAL,2005,FINANCE GENERAL,912,PAYMENT OF BONDS,15906550,15906550,5478572
LOCAL,0100,CORPORATE FUND,99,FINANCE GENERAL,2005,FINANCE GENERAL,931,TORT/NON-TORT JUDGMENT,6377742,6377742,11326800
LOCAL,0100,CORPORATE FUND,99,FINANCE GENERAL,2005,FINANCE GENERAL,934,CLAIMS AGAINST THE CITY,200000,200000,200000
LOCAL,0100,CORPORATE FUND,99,FINANCE GENERAL,2005,FINANCE GENERAL,991,MATCHING AND SUPPLEMENTAL GRANTS,5249558,5249558,5607900
LOCAL,0100,CORPORATE FUND,99,FINANCE GENERAL,2005,FINANCE GENERAL,9027,SOCIAL SECURITY TAX,770758,770758,877917
LOCAL,0100,CORPORATE FUND,99,FINANCE GENERAL,2005,FINANCE GENERAL,9076,CITY CNTB MEDICARE TAX,36507277,36507277,34382917
LOCAL,0100,CORPORATE FUND,99,FINANCE GENERAL,2005,FINANCE GENERAL,9121,LOBBYIST COSTS,480000,480000,480000
LOCAL,0100,CORPORATE FUND,99,FINANCE GENERAL,2005,FINANCE GENERAL,9176,WEST NILE VIRUS PROGRAM,425000,425000,425000
LOCAL,0100,CORPORATE FUND,99,FINANCE GENERAL,2005,FINANCE GENERAL,9180,WORLD BUSINESS CHICAGO,1200000,1200000,1200000
LOCAL,0100,CORPORATE FUND,99,FINANCE GENERAL,2005,FINANCE GENERAL,9257,COMMUNITY POLICING,1500000,1500000,1500000
LOCAL,0100,CORPORATE FUND,99,FINANCE GENERAL,2005,FINANCE GENERAL,9286,BURGE REPARATIONS,0,0,5500000
LOCAL,0100,CORPORATE FUND,99,FINANCE GENERAL,2005,FINANCE GENERAL,9377,TRANSFER TO DEBT SERVICE,0,0,67324235
LOCAL,0100,CORPORATE FUND,99,FINANCE GENERAL,2005,FINANCE GENERAL,9540,PAYT GEN/OB-CERTIFICATE,2381440,2381440,17281357
LOCAL,0100,CORPORATE FUND,99,FINANCE GENERAL,2005,FINANCE GENERAL,9635,REIMB MIDWAY - FIRE SALARIES,2745402,2745402,2852109
LOCAL,0100,CORPORATE FUND,99,FINANCE GENERAL,2005,FINANCE GENERAL,9636,REIMB MIDWAY - FIRE BENEFITS,1487458,1487458,1467410
LOCAL,0100,CORPORATE FUND,99,FINANCE GENERAL,2005,FINANCE GENERAL,9638,FOR CORP SUBSIDY OF CPL,7608000,7608000,18264000
LOCAL,0100,CORPORATE FUND,99,FINANCE GENERAL,2005,FINANCE GENERAL,9980,MUNICIPAL FUND PENSION ALLOCATION,77898364,77898364,106161273
LOCAL,0100,CORPORATE FUND,99,FINANCE GENERAL,2005,FINANCE GENERAL,9981,LABORERS' FUND PENSION ALLOCATION,4440671,4440671,7799098
LOCAL,0200,WATER FUND,99,FINANCE GENERAL,2005,FINANCE GENERAL,3,SCHEDULED WAGE ADJUSTMENTS,274936,274936,123826
LOCAL,0200,WATER FUND,99,FINANCE GENERAL,2005,FINANCE GENERAL,29,HMO PREMIUMS,5898011,5898011,6474396
LOCAL,0200,WATER FUND,99,FINANCE GENERAL,2005,FINANCE GENERAL,42,TEXT FILE - EXTRA LONG,12417229,12417229,13688995
LOCAL,0200,WATER FUND,99,FINANCE GENERAL,2005,FINANCE GENERAL,45,PREM TERM LIFE INSURANCE,148262,148262,156505
LOCAL,0200,WATER FUND,99,FINANCE GENERAL,2005,FINANCE GENERAL,49,WORKERS' COMPENSATION,10000000,10000000,11500000
LOCAL,0200,WATER FUND,99,FINANCE GENERAL,2005,FINANCE GENERAL,51,UNEMPLOYMENT INSURANCE CLAIM,483710,483710,483710
LOCAL,0200,WATER FUND,99,FINANCE GENERAL,2005,FINANCE GENERAL,52,MEDICAL CARE CLAIMS,3048231,3048231,1618773
LOCAL,0200,WATER FUND,99,FINANCE GENERAL,2005,FINANCE GENERAL,56,DENTAL PLAN PREMIUMS,646375,646375,656525
LOCAL,0200,WATER FUND,99,FINANCE GENERAL,2005,FINANCE GENERAL,70,TUITION REIMBURSEMENT,40000,40000,40000
LOCAL,0200,WATER FUND,99,FINANCE GENERAL,2005,FINANCE GENERAL,121,INVESTIGATION COSTS-COMMITTEE ON FINANCE,585000,585000,602550
LOCAL,0200,WATER FUND,99,FINANCE GENERAL,2005,FINANCE GENERAL,138,IT MAINTENANCE,2326556,2326556,1756035
LOCAL,0200,WATER FUND,99,FINANCE GENERAL,2005,FINANCE GENERAL,140,PROFESSIONAL AND TECHNICAL SERVICES,2363359,2363359,2348143
LOCAL,0200,WATER FUND,99,FINANCE GENERAL,2005,FINANCE GENERAL,142,ACCOUNTING AND AUDITING,482500,482500,442500
LOCAL,0200,WATER FUND,99,FINANCE GENERAL,2005,FINANCE GENERAL,149,SOFTWARE MAINTENANCE AND LICENSING,1300,1300,1256
LOCAL,0200,WATER FUND,99,FINANCE GENERAL,2005,FINANCE GENERAL,172,INSURANCE PREMIUMS,1000000,1000000,1000000
LOCAL,0200,WATER FUND,99,FINANCE GENERAL,2005,FINANCE GENERAL,902,INTEREST ON FIRST LIEN BONDS,132403000,132403000,154675000
LOCAL,0200,WATER FUND,99,FINANCE GENERAL,2005,FINANCE GENERAL,905,MSD USER CHARGES,13000000,13000000,13000000
LOCAL,0200,WATER FUND,99,FINANCE GENERAL,2005,FINANCE GENERAL,908,REDEMPTION - WATER REVENUE BONDS,48813000,48813000,63745000
LOCAL,0200,WATER FUND,99,FINANCE GENERAL,2005,FINANCE GENERAL,931,TORT/NON-TORT JUDGMENT,4100000,4100000,8650000
LOCAL,0200,WATER FUND,99,FINANCE GENERAL,2005,FINANCE GENERAL,934,CLAIMS AGAINST THE CITY,15000,15000,15000
LOCAL,0200,WATER FUND,99,FINANCE GENERAL,2005,FINANCE GENERAL,958,WATER PIPE EXTENSION CERTIFICATES,222000,222000,222000
LOCAL,0200,WATER FUND,99,FINANCE GENERAL,2005,FINANCE GENERAL,9027,SOCIAL SECURITY TAX,28160,28160,33400
LOCAL,0200,WATER FUND,99,FINANCE GENERAL,2005,FINANCE GENERAL,9076,CITY CNTB MEDICARE TAX,1626976,1626976,1532314
LOCAL,0200,WATER FUND,99,FINANCE GENERAL,2005,FINANCE GENERAL,9097,FOR CAPITAL CONSTRUCTION,193085648,193085648,138327728
LOCAL,0200,WATER FUND,99,FINANCE GENERAL,2005,FINANCE GENERAL,9611,REIMB - INDIRECT COSTS TO CORPORATE,69794000,69794000,83110000
LOCAL,0200,WATER FUND,99,FINANCE GENERAL,2005,FINANCE GENERAL,9612,ADJUSTMENT - INDIRECT PENSION PAYMENT,0,0,5297000
LOCAL,0200,WATER FUND,99,FINANCE GENERAL,2005,FINANCE GENERAL,9765,TRANSFER FOR CONTRACTUAL SERVICES,625000,625000,625000
LOCAL,0200,WATER FUND,99,FINANCE GENERAL,2005,FINANCE GENERAL,9773,TRANSFER FOR SERVICES - CPD,1470301,1470301,1470301
LOCAL,0200,WATER FUND,99,FINANCE GENERAL,2005,FINANCE GENERAL,9774,TRANSFER FOR SERVICES - OEMC,325000,325000,325000
LOCAL,0200,WATER FUND,99,FINANCE GENERAL,2005,FINANCE GENERAL,9980,MUNICIPAL FUND PENSION ALLOCATION,16446543,16446543,18488622
LOCAL,0200,WATER FUND,99,FINANCE GENERAL,2005,FINANCE GENERAL,9981,LABORERS' FUND PENSION ALLOCATION,3746033,3746033,4195811
LOCAL,0300,VEHICLE FUND,99,FINANCE GENERAL,2005,FINANCE GENERAL,29,HMO PREMIUMS,4359758,4359758,4651208
LOCAL,0300,VEHICLE FUND,99,FINANCE GENERAL,2005,FINANCE GENERAL,42,TEXT FILE - EXTRA LONG,9178708,9178708,9497084
LOCAL,0300,VEHICLE FUND,99,FINANCE GENERAL,2005,FINANCE GENERAL,45,PREM TERM LIFE INSURANCE,109594,109594,115687
LOCAL,0300,VEHICLE FUND,99,FINANCE GENERAL,2005,FINANCE GENERAL,49,WORKERS' COMPENSATION,7650000,7650000,10000000
LOCAL,0300,VEHICLE FUND,99,FINANCE GENERAL,2005,FINANCE GENERAL,51,UNEMPLOYMENT INSURANCE CLAIM,291649,291649,291649
LOCAL,0300,VEHICLE FUND,99,FINANCE GENERAL,2005,FINANCE GENERAL,52,MEDICAL CARE CLAIMS,2253226,2253226,1121672
LOCAL,0300,VEHICLE FUND,99,FINANCE GENERAL,2005,FINANCE GENERAL,56,DENTAL PLAN PREMIUMS,477795,477795,481984
LOCAL,0300,VEHICLE FUND,99,FINANCE GENERAL,2005,FINANCE GENERAL,70,TUITION REIMBURSEMENT,20000,20000,20000
LOCAL,0300,VEHICLE FUND,99,FINANCE GENERAL,2005,FINANCE GENERAL,121,INVESTIGATION COSTS-COMMITTEE ON FINANCE,110000,110000,113300
LOCAL,0300,VEHICLE FUND,99,FINANCE GENERAL,2005,FINANCE GENERAL,138,IT MAINTENANCE,1044513,1044513,1021558
LOCAL,0300,VEHICLE FUND,99,FINANCE GENERAL,2005,FINANCE GENERAL,140,PROFESSIONAL AND TECHNICAL SERVICES,3189073,3189073,6042808
LOCAL,0300,VEHICLE FUND,99,FINANCE GENERAL,2005,FINANCE GENERAL,142,ACCOUNTING AND AUDITING,150000,150000,150000
LOCAL,0300,VEHICLE FUND,99,FINANCE GENERAL,2005,FINANCE GENERAL,149,SOFTWARE MAINTENANCE AND LICENSING,0,0,818
LOCAL,0300,VEHICLE FUND,99,FINANCE GENERAL,2005,FINANCE GENERAL,931,TORT/NON-TORT JUDGMENT,2000,2000,3500
LOCAL,0300,VEHICLE FUND,99,FINANCE GENERAL,2005,FINANCE GENERAL,934,CLAIMS AGAINST THE CITY,1375000,1375000,1375000
LOCAL,0300,VEHICLE FUND,99,FINANCE GENERAL,2005,FINANCE GENERAL,989,REFUND - CANCELLED VOUCHER,765000,765000,765000
LOCAL,0300,VEHICLE FUND,99,FINANCE GENERAL,2005,FINANCE GENERAL,991,MATCHING AND SUPPLEMENTAL GRANTS,657700,657700,707700
LOCAL,0300,VEHICLE FUND,99,FINANCE GENERAL,2005,FINANCE GENERAL,9027,SOCIAL SECURITY TAX,17019,17019,20186
LOCAL,0300,VEHICLE FUND,99,FINANCE GENERAL,2005,FINANCE GENERAL,9076,CITY CNTB MEDICARE TAX,983302,983302,926090
LOCAL,0300,VEHICLE FUND,99,FINANCE GENERAL,2005,FINANCE GENERAL,9610,REIMB - PENSION PAYMENTS,12111503,12111503,15229638
LOCAL,0300,VEHICLE FUND,99,FINANCE GENERAL,2005,FINANCE GENERAL,9611,REIMB - INDIRECT COSTS TO CORPORATE,16235000,16235000,1538000
LOCAL,0300,VEHICLE FUND,99,FINANCE GENERAL,2005,FINANCE GENERAL,9774,TRANSFER FOR SERVICES - OEMC,33000,33000,33000
LOCAL,0310,MOTOR FUEL TAX FUND,99,FINANCE GENERAL,2005,FINANCE GENERAL,140,PROFESSIONAL AND TECHNICAL SERVICES,500000,500000,1725000
LOCAL,0310,MOTOR FUEL TAX FUND,99,FINANCE GENERAL,2005,FINANCE GENERAL,9189,FOR ANNUAL PAYMENT TO CTA,3000000,3000000,3000000
LOCAL,0310,MOTOR FUEL TAX FUND,99,FINANCE GENERAL,2005,FINANCE GENERAL,9581,RESERVE FOR SNOW EVENTS,7000000,7000000,2122634
LOCAL,0310,MOTOR FUEL TAX FUND,99,FINANCE GENERAL,2005,FINANCE GENERAL,9610,REIMB - PENSION PAYMENTS,1328210,1328210,1708496
LOCAL,0310,MOTOR FUEL TAX FUND,99,FINANCE GENERAL,2005,FINANCE GENERAL,9611,REIMB - INDIRECT COSTS TO CORPORATE,2946000,2946000,4258000
LOCAL,0310,MOTOR FUEL TAX FUND,99,FINANCE GENERAL,2005,FINANCE GENERAL,9668,REIMB - HEALTHCARE AND INSURANCE,2440232,2440232,2732015
LOCAL,0314,SEWER FUND,99,FINANCE GENERAL,2005,FINANCE GENERAL,3,SCHEDULED WAGE ADJUSTMENTS,73104,73104,35866
LOCAL,0314,SEWER FUND,99,FINANCE GENERAL,2005,FINANCE GENERAL,29,HMO PREMIUMS,1950623,1950623,2081022
LOCAL,0314,SEWER FUND,99,FINANCE GENERAL,2005,FINANCE GENERAL,42,TEXT FILE - EXTRA LONG,4106694,4106694,4335325
LOCAL,0314,SEWER FUND,99,FINANCE GENERAL,2005,FINANCE GENERAL,45,PREM TERM LIFE INSURANCE,49034,49034,51760
LOCAL,0314,SEWER FUND,99,FINANCE GENERAL,2005,FINANCE GENERAL,49,WORKERS' COMPENSATION,4400000,4400000,5500000
LOCAL,0314,SEWER FUND,99,FINANCE GENERAL,2005,FINANCE GENERAL,51,UNEMPLOYMENT INSURANCE CLAIM,174278,174278,174278
LOCAL,0314,SEWER FUND,99,FINANCE GENERAL,2005,FINANCE GENERAL,52,MEDICAL CARE CLAIMS,1008128,1008128,512668
LOCAL,0314,SEWER FUND,99,FINANCE GENERAL,2005,FINANCE GENERAL,56,DENTAL PLAN PREMIUMS,213773,213773,215647
LOCAL,0314,SEWER FUND,99,FINANCE GENERAL,2005,FINANCE GENERAL,70,TUITION REIMBURSEMENT,25000,25000,25000
LOCAL,0314,SEWER FUND,99,FINANCE GENERAL,2005,FINANCE GENERAL,121,INVESTIGATION COSTS-COMMITTEE ON FINANCE,100000,100000,103000
LOCAL,0314,SEWER FUND,99,FINANCE GENERAL,2005,FINANCE GENERAL,138,IT MAINTENANCE,934557,934557,689502
LOCAL,0314,SEWER FUND,99,FINANCE GENERAL,2005,FINANCE GENERAL,140,PROFESSIONAL AND TECHNICAL SERVICES,360715,360715,356025
LOCAL,0314,SEWER FUND,99,FINANCE GENERAL,2005,FINANCE GENERAL,142,ACCOUNTING AND AUDITING,150000,150000,150000
LOCAL,0314,SEWER FUND,99,FINANCE GENERAL,2005,FINANCE GENERAL,149,SOFTWARE MAINTENANCE AND LICENSING,520,520,492
LOCAL,0314,SEWER FUND,99,FINANCE GENERAL,2005,FINANCE GENERAL,903,INTEREST ON WASTEWATER,83153000,83153000,92943000
LOCAL,0314,SEWER FUND,99,FINANCE GENERAL,2005,FINANCE GENERAL,910,REDEMPTION - WASTEWATER TRANS. BONDS,45792000,45792000,48482000
LOCAL,0314,SEWER FUND,99,FINANCE GENERAL,2005,FINANCE GENERAL,931,TORT/NON-TORT JUDGMENT,875000,875000,350000
LOCAL,0314,SEWER FUND,99,FINANCE GENERAL,2005,FINANCE GENERAL,934,CLAIMS AGAINST THE CITY,25000,25000,25000
LOCAL,0314,SEWER FUND,99,FINANCE GENERAL,2005,FINANCE GENERAL,953,CLAIMS AGAINST SEWER FUND,500000,500000,500000
LOCAL,0314,SEWER FUND,99,FINANCE GENERAL,2005,FINANCE GENERAL,9027,SOCIAL SECURITY TAX,9909,9909,11753
LOCAL,0314,SEWER FUND,99,FINANCE GENERAL,2005,FINANCE GENERAL,9076,CITY CNTB MEDICARE TAX,572514,572514,539203
LOCAL,0314,SEWER FUND,99,FINANCE GENERAL,2005,FINANCE GENERAL,9097,FOR CAPITAL CONSTRUCTION,85345311,85345311,58713388
LOCAL,0314,SEWER FUND,99,FINANCE GENERAL,2005,FINANCE GENERAL,9148,SENIOR CITIZEN SEWER,350000,350000,350000
LOCAL,0314,SEWER FUND,99,FINANCE GENERAL,2005,FINANCE GENERAL,9611,REIMB - INDIRECT COSTS TO CORPORATE,36037000,36037000,44767000
LOCAL,0314,SEWER FUND,99,FINANCE GENERAL,2005,FINANCE GENERAL,9612,ADJUSTMENT - INDIRECT PENSION PAYMENT,0,0,3600000
LOCAL,0314,SEWER FUND,99,FINANCE GENERAL,2005,FINANCE GENERAL,9710,TRANSFER - WATER FUND FROM SEWER FUND,7500000,7500000,7500000
LOCAL,0314,SEWER FUND,99,FINANCE GENERAL,2005,FINANCE GENERAL,9774,TRANSFER FOR SERVICES - OEMC,120000,120000,120000
LOCAL,0314,SEWER FUND,99,FINANCE GENERAL,2005,FINANCE GENERAL,9980,MUNICIPAL FUND PENSION ALLOCATION,4750717,4750717,5445460
LOCAL,0314,SEWER FUND,99,FINANCE GENERAL,2005,FINANCE GENERAL,9981,LABORERS' FUND PENSION ALLOCATION,2910029,2910029,3335127
LOCAL,0346,LIBRARY FUND,99,FINANCE GENERAL,2005,FINANCE GENERAL,29,HMO PREMIUMS,2522307,2522307,2690923
LOCAL,0346,LIBRARY FUND,99,FINANCE GENERAL,2005,FINANCE GENERAL,42,TEXT FILE - EXTRA LONG,5310275,5310275,5494469
LOCAL,0346,LIBRARY FUND,99,FINANCE GENERAL,2005,FINANCE GENERAL,45,PREM TERM LIFE INSURANCE,63405,63405,66930
LOCAL,0346,LIBRARY FUND,99,FINANCE GENERAL,2005,FINANCE GENERAL,49,WORKERS' COMPENSATION,550000,550000,550000
LOCAL,0346,LIBRARY FUND,99,FINANCE GENERAL,2005,FINANCE GENERAL,51,UNEMPLOYMENT INSURANCE CLAIM,248969,248969,248969
LOCAL,0346,LIBRARY FUND,99,FINANCE GENERAL,2005,FINANCE GENERAL,52,MEDICAL CARE CLAIMS,1303587,1303587,674207
LOCAL,0346,LIBRARY FUND,99,FINANCE GENERAL,2005,FINANCE GENERAL,56,DENTAL PLAN PREMIUMS,276425,276425,278849
LOCAL,0346,LIBRARY FUND,99,FINANCE GENERAL,2005,FINANCE GENERAL,70,TUITION REIMBURSEMENT,85000,85000,85000
LOCAL,0346,LIBRARY FUND,99,FINANCE GENERAL,2005,FINANCE GENERAL,140,PROFESSIONAL AND TECHNICAL SERVICES,277327,277327,1787713
LOCAL,0346,LIBRARY FUND,99,FINANCE GENERAL,2005,FINANCE GENERAL,142,ACCOUNTING AND AUDITING,110000,110000,110000
LOCAL,0346,LIBRARY FUND,99,FINANCE GENERAL,2005,FINANCE GENERAL,955,INTEREST ON LIBRARY FINANCING,725932,725932,1500000
LOCAL,0346,LIBRARY FUND,99,FINANCE GENERAL,2005,FINANCE GENERAL,9027,SOCIAL SECURITY TAX,14500,14500,17198
LOCAL,0346,LIBRARY FUND,99,FINANCE GENERAL,2005,FINANCE GENERAL,9076,CITY CNTB MEDICARE TAX,837747,837747,789004
LOCAL,0346,LIBRARY FUND,99,FINANCE GENERAL,2005,FINANCE GENERAL,9112,PROP. MAINT. CNTRL LIBR,6999186,6999186,7174166
LOCAL,0346,LIBRARY FUND,99,FINANCE GENERAL,2005,FINANCE GENERAL,9199,CPL LIBRARY BOOKS,0,0,7500000
LOCAL,0346,LIBRARY FUND,99,FINANCE GENERAL,2005,FINANCE GENERAL,9980,MUNICIPAL FUND PENSION ALLOCATION,2515976,2515976,3557763
LOCAL,0353,EMERGENCY COMMUN FD,99,FINANCE GENERAL,2005,FINANCE GENERAL,142,ACCOUNTING AND AUDITING,0,0,100000
LOCAL,0353,EMERGENCY COMMUN FD,99,FINANCE GENERAL,2005,FINANCE GENERAL,9639,OPERATION OF OEMC,108174000,108174000,96405000
LOCAL,0355,SPECIAL EVENTS / MUNICIPAL HOTEL T/F,99,FINANCE GENERAL,2005,FINANCE GENERAL,29,HMO PREMIUMS,294342,294342,314019
LOCAL,0355,SPECIAL EVENTS / MUNICIPAL HOTEL T/F,99,FINANCE GENERAL,2005,FINANCE GENERAL,42,TEXT FILE - EXTRA LONG,619685,619685,641180
LOCAL,0355,SPECIAL EVENTS / MUNICIPAL HOTEL T/F,99,FINANCE GENERAL,2005,FINANCE GENERAL,45,PREM TERM LIFE INSURANCE,7399,7399,7810
LOCAL,0355,SPECIAL EVENTS / MUNICIPAL HOTEL T/F,99,FINANCE GENERAL,2005,FINANCE GENERAL,49,WORKERS' COMPENSATION,5000,5000,5000
LOCAL,0355,SPECIAL EVENTS / MUNICIPAL HOTEL T/F,99,FINANCE GENERAL,2005,FINANCE GENERAL,51,UNEMPLOYMENT INSURANCE CLAIM,28454,28454,28454
LOCAL,0355,SPECIAL EVENTS / MUNICIPAL HOTEL T/F,99,FINANCE GENERAL,2005,FINANCE GENERAL,52,MEDICAL CARE CLAIMS,152123,152123,76217
LOCAL,0355,SPECIAL EVENTS / MUNICIPAL HOTEL T/F,99,FINANCE GENERAL,2005,FINANCE GENERAL,56,DENTAL PLAN PREMIUMS,32258,32258,32541
LOCAL,0355,SPECIAL EVENTS / MUNICIPAL HOTEL T/F,99,FINANCE GENERAL,2005,FINANCE GENERAL,138,IT MAINTENANCE,0,0,77664
LOCAL,0355,SPECIAL EVENTS / MUNICIPAL HOTEL T/F,99,FINANCE GENERAL,2005,FINANCE GENERAL,140,PROFESSIONAL AND TECHNICAL SERVICES,4592676,4592676,5191644
LOCAL,0355,SPECIAL EVENTS / MUNICIPAL HOTEL T/F,99,FINANCE GENERAL,2005,FINANCE GENERAL,149,SOFTWARE MAINTENANCE AND LICENSING,0,0,62
LOCAL,0355,SPECIAL EVENTS / MUNICIPAL HOTEL T/F,99,FINANCE GENERAL,2005,FINANCE GENERAL,160,REPAIR/MAINT PROPERTY,0,0,500000
LOCAL,0355,SPECIAL EVENTS / MUNICIPAL HOTEL T/F,99,FINANCE GENERAL,2005,FINANCE GENERAL,161,MAINT FACILITIES,200000,200000,200000
LOCAL,0355,SPECIAL EVENTS / MUNICIPAL HOTEL T/F,99,FINANCE GENERAL,2005,FINANCE GENERAL,912,PAYMENT OF BONDS,750000,750000,5000000
LOCAL,0355,SPECIAL EVENTS / MUNICIPAL HOTEL T/F,99,FINANCE GENERAL,2005,FINANCE GENERAL,991,MATCHING AND SUPPLEMENTAL GRANTS,208500,208500,183750
LOCAL,0355,SPECIAL EVENTS / MUNICIPAL HOTEL T/F,99,FINANCE GENERAL,2005,FINANCE GENERAL,9027,SOCIAL SECURITY TAX,1455,1455,1726
LOCAL,0355,SPECIAL EVENTS / MUNICIPAL HOTEL T/F,99,FINANCE GENERAL,2005,FINANCE GENERAL,9076,CITY CNTB MEDICARE TAX,84099,84099,79206
LOCAL,0355,SPECIAL EVENTS / MUNICIPAL HOTEL T/F,99,FINANCE GENERAL,2005,FINANCE GENERAL,9124,SISTER CITIES PROGRAM,528643,528643,528643
LOCAL,0355,SPECIAL EVENTS / MUNICIPAL HOTEL T/F,99,FINANCE GENERAL,2005,FINANCE GENERAL,9610,REIMB - PENSION PAYMENTS,1009508,1009508,1107041
LOCAL,0355,SPECIAL EVENTS / MUNICIPAL HOTEL T/F,99,FINANCE GENERAL,2005,FINANCE GENERAL,9611,REIMB - INDIRECT COSTS TO CORPORATE,0,0,3561000
LOCAL,0355,SPECIAL EVENTS / MUNICIPAL HOTEL T/F,99,FINANCE GENERAL,2005,FINANCE GENERAL,9770,TRANSFER FOR SERVICES - FINANCE,80000,80000,80000
LOCAL,0355,SPECIAL EVENTS / MUNICIPAL HOTEL T/F,99,FINANCE GENERAL,2005,FINANCE GENERAL,9771,TRANSFER FOR SERVICES - 2FM,371500,371500,591855
LOCAL,0355,SPECIAL EVENTS / MUNICIPAL HOTEL T/F,99,FINANCE GENERAL,2005,FINANCE GENERAL,9772,TRANSFER FOR SERVICES - CDPH,15000,15000,15000
LOCAL,0355,SPECIAL EVENTS / MUNICIPAL HOTEL T/F,99,FINANCE GENERAL,2005,FINANCE GENERAL,9773,TRANSFER FOR SERVICES - CPD,1254760,1254760,1010000
LOCAL,0355,SPECIAL EVENTS / MUNICIPAL HOTEL T/F,99,FINANCE GENERAL,2005,FINANCE GENERAL,9774,TRANSFER FOR SERVICES - OEMC,450000,450000,265000
LOCAL,0355,SPECIAL EVENTS / MUNICIPAL HOTEL T/F,99,FINANCE GENERAL,2005,FINANCE GENERAL,9775,TRANSFER FOR SERVICES - CFD,165000,165000,165000
LOCAL,0355,SPECIAL EVENTS / MUNICIPAL HOTEL T/F,99,FINANCE GENERAL,2005,FINANCE GENERAL,9776,TRANSFER FOR SERVICES - DSS,128000,128000,61500
LOCAL,0355,SPECIAL EVENTS / MUNICIPAL HOTEL T/F,99,FINANCE GENERAL,2005,FINANCE GENERAL,9777,TRANSFER FOR SERVICES - CDOT,5000,5000,5000
LOCAL,0383,MFT DEBT SERVICE,99,FINANCE GENERAL,2005,FINANCE GENERAL,902,INTEREST ON FIRST LIEN BONDS,0,0,10684000
LOCAL,0383,MFT DEBT SERVICE,99,FINANCE GENERAL,2005,FINANCE GENERAL,912,PAYMENT OF BONDS,0,0,4085000
LOCAL,0383,MFT DEBT SERVICE,99,FINANCE GENERAL,2005,FINANCE GENERAL,951,DEBT SERVICE RESERVE,0,0,769000
LOCAL,0383,MFT DEBT SERVICE,99,FINANCE GENERAL,2005,FINANCE GENERAL,959,BOND FEES AND COSTS,0,0,165000
LOCAL,0505,SALES TAX BOND,99,FINANCE GENERAL,2005,FINANCE GENERAL,902,INTEREST ON FIRST LIEN BONDS,26937000,26937000,27322000
LOCAL,0505,SALES TAX BOND,99,FINANCE GENERAL,2005,FINANCE GENERAL,912,PAYMENT OF BONDS,13125000,13125000,13795000
LOCAL,0510,BOND REDEMPTION AND INTEREST,99,FINANCE GENERAL,2005,FINANCE GENERAL,902,INTEREST ON FIRST LIEN BONDS,429495000,429495000,382983000
LOCAL,0510,BOND REDEMPTION AND INTEREST,99,FINANCE GENERAL,2005,FINANCE GENERAL,912,PAYMENT OF BONDS,179544000,179544000,194905000
LOCAL,0510,BOND REDEMPTION AND INTEREST,99,FINANCE GENERAL,2005,FINANCE GENERAL,960,LOSS IN COLLECTION OF TAXES,14819000,14819000,15624000
LOCAL,0516,LIBRARY BOND REDEMPTION,99,FINANCE GENERAL,2005,FINANCE GENERAL,902,INTEREST ON FIRST LIEN BONDS,2706000,2706000,2662000
LOCAL,0516,LIBRARY BOND REDEMPTION,99,FINANCE GENERAL,2005,FINANCE GENERAL,912,PAYMENT OF BONDS,1460000,1460000,1505000
LOCAL,0516,LIBRARY BOND REDEMPTION,99,FINANCE GENERAL,2005,FINANCE GENERAL,960,LOSS IN COLLECTION OF TAXES,173000,173000,171000
LOCAL,0521,LIB NOTE RED/INT-B,99,FINANCE GENERAL,2005,FINANCE GENERAL,960,LOSS IN COLLECTION OF TAXES,3104000,3104000,3214000
LOCAL,0521,LIB NOTE RED/INT-B,99,FINANCE GENERAL,2005,FINANCE GENERAL,961,PAYMENT OF TERM NOTES,75994000,75994000,77145000
LOCAL,0525,EMERGENCY COMMUN BD,99,FINANCE GENERAL,2005,FINANCE GENERAL,902,INTEREST ON FIRST LIEN BONDS,7845000,7845000,7053000
LOCAL,0525,EMERGENCY COMMUN BD,99,FINANCE GENERAL,2005,FINANCE GENERAL,912,PAYMENT OF BONDS,14480000,14480000,15270000
LOCAL,0549,CITY COL RED/INT-D,99,FINANCE GENERAL,2005,FINANCE GENERAL,902,INTEREST ON FIRST LIEN BONDS,22457000,22457000,23197000
LOCAL,0549,CITY COL RED/INT-D,99,FINANCE GENERAL,2005,FINANCE GENERAL,912,PAYMENT OF BONDS,12713000,12713000,11972000
LOCAL,0549,CITY COL RED/INT-D,99,FINANCE GENERAL,2005,FINANCE GENERAL,960,LOSS IN COLLECTION OF TAXES,1462000,1462000,1463000
LOCAL,0610,MIDWAY AIRPORT FUND,99,FINANCE GENERAL,2005,FINANCE GENERAL,3,SCHEDULED WAGE ADJUSTMENTS,64284,64284,25540
LOCAL,0610,MIDWAY AIRPORT FUND,99,FINANCE GENERAL,2005,FINANCE GENERAL,29,HMO PREMIUMS,1282282,1282282,1368003
LOCAL,0610,MIDWAY AIRPORT FUND,99,FINANCE GENERAL,2005,FINANCE GENERAL,42,TEXT FILE - EXTRA LONG,2699620,2699620,2833919
LOCAL,0610,MIDWAY AIRPORT FUND,99,FINANCE GENERAL,2005,FINANCE GENERAL,43,TEXT FILE - EXTRA LONG,56250,56250,56250
LOCAL,0610,MIDWAY AIRPORT FUND,99,FINANCE GENERAL,2005,FINANCE GENERAL,45,PREM TERM LIFE INSURANCE,32234,32234,34026
LOCAL,0610,MIDWAY AIRPORT FUND,99,FINANCE GENERAL,2005,FINANCE GENERAL,49,WORKERS' COMPENSATION,175000,175000,175000
LOCAL,0610,MIDWAY AIRPORT FUND,99,FINANCE GENERAL,2005,FINANCE GENERAL,51,UNEMPLOYMENT INSURANCE CLAIM,93185,93185,93185
LOCAL,0610,MIDWAY AIRPORT FUND,99,FINANCE GENERAL,2005,FINANCE GENERAL,52,MEDICAL CARE CLAIMS,662713,662713,335121
LOCAL,0610,MIDWAY AIRPORT FUND,99,FINANCE GENERAL,2005,FINANCE GENERAL,56,DENTAL PLAN PREMIUMS,140528,140528,141760
LOCAL,0610,MIDWAY AIRPORT FUND,99,FINANCE GENERAL,2005,FINANCE GENERAL,138,IT MAINTENANCE,0,0,322539
LOCAL,0610,MIDWAY AIRPORT FUND,99,FINANCE GENERAL,2005,FINANCE GENERAL,140,PROFESSIONAL AND TECHNICAL SERVICES,1190045,1190045,1578742
LOCAL,0610,MIDWAY AIRPORT FUND,99,FINANCE GENERAL,2005,FINANCE GENERAL,142,ACCOUNTING AND AUDITING,507500,507500,470500
LOCAL,0610,MIDWAY AIRPORT FUND,99,FINANCE GENERAL,2005,FINANCE GENERAL,145,LEGAL EXPENSES,838000,838000,838000
LOCAL,0610,MIDWAY AIRPORT FUND,99,FINANCE GENERAL,2005,FINANCE GENERAL,149,SOFTWARE MAINTENANCE AND LICENSING,0,0,254
LOCAL,0610,MIDWAY AIRPORT FUND,99,FINANCE GENERAL,2005,FINANCE GENERAL,172,INSURANCE PREMIUMS,4200000,4200000,3200000
LOCAL,0610,MIDWAY AIRPORT FUND,99,FINANCE GENERAL,2005,FINANCE GENERAL,902,INTEREST ON FIRST LIEN BONDS,1734150,1734150,1581000
GRANTS,0J63,CDBG - DISASTER RECOVERY,5,OBM,2880,CDBG - Disaster Recovery,44,FRINGE BENEFITS,0,0,26802
LOCAL,0610,MIDWAY AIRPORT FUND,99,FINANCE GENERAL,2005,FINANCE GENERAL,913,PAYMENT OF FIRST LIEN BONDS,2800000,2800000,2955000
LOCAL,0610,MIDWAY AIRPORT FUND,99,FINANCE GENERAL,2005,FINANCE GENERAL,917,INTEREST ON JUNIOR LIEN BONDS,72434825,72434825,77253000
LOCAL,0610,MIDWAY AIRPORT FUND,99,FINANCE GENERAL,2005,FINANCE GENERAL,919,PAYMENT OF JUNIOR LIEN BONDS,20670000,20670000,22675000
LOCAL,0610,MIDWAY AIRPORT FUND,99,FINANCE GENERAL,2005,FINANCE GENERAL,931,TORT/NON-TORT JUDGMENT,4500,4500,4500
LOCAL,0610,MIDWAY AIRPORT FUND,99,FINANCE GENERAL,2005,FINANCE GENERAL,9027,SOCIAL SECURITY TAX,5319,5319,6309
LOCAL,0610,MIDWAY AIRPORT FUND,99,FINANCE GENERAL,2005,FINANCE GENERAL,9045,REPAIR AND REPLACEMENT,1200000,1200000,1200000
LOCAL,0610,MIDWAY AIRPORT FUND,99,FINANCE GENERAL,2005,FINANCE GENERAL,9046,OPERATIONS AND MAINTENANCE RESERVE,625000,625000,1400000
LOCAL,0610,MIDWAY AIRPORT FUND,99,FINANCE GENERAL,2005,FINANCE GENERAL,9076,CITY CNTB MEDICARE TAX,307282,307282,289403
LOCAL,0610,MIDWAY AIRPORT FUND,99,FINANCE GENERAL,2005,FINANCE GENERAL,9459,REIMBURSEMENT - CFD,0,0,115360
LOCAL,0610,MIDWAY AIRPORT FUND,99,FINANCE GENERAL,2005,FINANCE GENERAL,9611,REIMB - INDIRECT COSTS TO CORPORATE,7778000,7778000,7670000
LOCAL,0610,MIDWAY AIRPORT FUND,99,FINANCE GENERAL,2005,FINANCE GENERAL,9711,TRANSFER-O'HARE FUND FOR ADMIN SALARIES,3000000,3000000,3000000
LOCAL,0610,MIDWAY AIRPORT FUND,99,FINANCE GENERAL,2005,FINANCE GENERAL,9980,MUNICIPAL FUND PENSION ALLOCATION,2237330,2237330,2578556
LOCAL,0610,MIDWAY AIRPORT FUND,99,FINANCE GENERAL,2005,FINANCE GENERAL,9981,LABORERS' FUND PENSION ALLOCATION,358972,358972,434886
LOCAL,0610,MIDWAY AIRPORT FUND,99,FINANCE GENERAL,2005,FINANCE GENERAL,9982,POLICEMEN'S FUND PENSION ALLOCATION,778218,1700979,2081372
LOCAL,0610,MIDWAY AIRPORT FUND,99,FINANCE GENERAL,2005,FINANCE GENERAL,9983,FIREMEN'S FUND PENSION ALLOCATION,1291740,2695979,2881241
LOCAL,0681,MUNICIPAL ANNUNITY AND BENEFIT,99,FINANCE GENERAL,2005,FINANCE GENERAL,976,EMPLOYEE ANNUITY AND BENEFIT,242700000,242700000,277714000
LOCAL,0682,LABORERS' ANNUNITY AND BENEFIT,99,FINANCE GENERAL,2005,FINANCE GENERAL,976,EMPLOYEE ANNUITY AND BENEFIT,24019000,24019000,28536000
LOCAL,0683,POLICEMEN'S ANNUITY AND BENEFIT,99,FINANCE GENERAL,2005,FINANCE GENERAL,976,EMPLOYEE ANNUITY AND BENEFIT,194122000,420000000,464000000
LOCAL,0684,FIREMEN'S ANNUITY AND BENEFIT,99,FINANCE GENERAL,2005,FINANCE GENERAL,976,EMPLOYEE ANNUITY AND BENEFIT,96300000,199000000,208000000
LOCAL,0740,O HARE REVENUE FUND,99,FINANCE GENERAL,2005,FINANCE GENERAL,3,SCHEDULED WAGE ADJUSTMENTS,455112,455112,205003
LOCAL,0740,O HARE REVENUE FUND,99,FINANCE GENERAL,2005,FINANCE GENERAL,29,HMO PREMIUMS,6425010,6425010,7321360
LOCAL,0740,O HARE REVENUE FUND,99,FINANCE GENERAL,2005,FINANCE GENERAL,42,TEXT FILE - EXTRA LONG,13526732,13526732,15479754
LOCAL,0740,O HARE REVENUE FUND,99,FINANCE GENERAL,2005,FINANCE GENERAL,43,TEXT FILE - EXTRA LONG,112500,112500,112500
LOCAL,0740,O HARE REVENUE FUND,99,FINANCE GENERAL,2005,FINANCE GENERAL,45,PREM TERM LIFE INSURANCE,161510,161510,170490
LOCAL,0740,O HARE REVENUE FUND,99,FINANCE GENERAL,2005,FINANCE GENERAL,49,WORKERS' COMPENSATION,330000,330000,330000
LOCAL,0740,O HARE REVENUE FUND,99,FINANCE GENERAL,2005,FINANCE GENERAL,51,UNEMPLOYMENT INSURANCE CLAIM,478731,478731,478731
LOCAL,0740,O HARE REVENUE FUND,99,FINANCE GENERAL,2005,FINANCE GENERAL,52,MEDICAL CARE CLAIMS,3320596,3320596,1830536
LOCAL,0740,O HARE REVENUE FUND,99,FINANCE GENERAL,2005,FINANCE GENERAL,56,DENTAL PLAN PREMIUMS,704130,704130,742410
LOCAL,0740,O HARE REVENUE FUND,99,FINANCE GENERAL,2005,FINANCE GENERAL,70,TUITION REIMBURSEMENT,45000,45000,45000
LOCAL,0740,O HARE REVENUE FUND,99,FINANCE GENERAL,2005,FINANCE GENERAL,135,DELEGATE AGENCIES,750000,750000,750000
LOCAL,0740,O HARE REVENUE FUND,99,FINANCE GENERAL,2005,FINANCE GENERAL,138,IT MAINTENANCE,2319969,2319969,1875782
LOCAL,0740,O HARE REVENUE FUND,99,FINANCE GENERAL,2005,FINANCE GENERAL,140,PROFESSIONAL AND TECHNICAL SERVICES,5312047,5312047,6441323
LOCAL,0740,O HARE REVENUE FUND,99,FINANCE GENERAL,2005,FINANCE GENERAL,142,ACCOUNTING AND AUDITING,1107500,1107500,1077000
LOCAL,0740,O HARE REVENUE FUND,99,FINANCE GENERAL,2005,FINANCE GENERAL,145,LEGAL EXPENSES,2233500,2233500,2237500
LOCAL,0740,O HARE REVENUE FUND,99,FINANCE GENERAL,2005,FINANCE GENERAL,149,SOFTWARE MAINTENANCE AND LICENSING,1682,1682,1404
LOCAL,0740,O HARE REVENUE FUND,99,FINANCE GENERAL,2005,FINANCE GENERAL,172,INSURANCE PREMIUMS,12000000,12000000,11000000
LOCAL,0740,O HARE REVENUE FUND,99,FINANCE GENERAL,2005,FINANCE GENERAL,902,INTEREST ON FIRST LIEN BONDS,337516033,337516033,326926000
LOCAL,0740,O HARE REVENUE FUND,99,FINANCE GENERAL,2005,FINANCE GENERAL,913,PAYMENT OF FIRST LIEN BONDS,157310000,157310000,218365000
LOCAL,0740,O HARE REVENUE FUND,99,FINANCE GENERAL,2005,FINANCE GENERAL,931,TORT/NON-TORT JUDGMENT,8000,8000,8000
LOCAL,0740,O HARE REVENUE FUND,99,FINANCE GENERAL,2005,FINANCE GENERAL,991,MATCHING AND SUPPLEMENTAL GRANTS,600000,600000,600000
LOCAL,0740,O HARE REVENUE FUND,99,FINANCE GENERAL,2005,FINANCE GENERAL,9027,SOCIAL SECURITY TAX,27880,27880,33068
LOCAL,0740,O HARE REVENUE FUND,99,FINANCE GENERAL,2005,FINANCE GENERAL,9045,REPAIR AND REPLACEMENT,0,0,3000000
LOCAL,0740,O HARE REVENUE FUND,99,FINANCE GENERAL,2005,FINANCE GENERAL,9046,OPERATIONS AND MAINTENANCE RESERVE,4175000,4175000,8200000
LOCAL,0740,O HARE REVENUE FUND,99,FINANCE GENERAL,2005,FINANCE GENERAL,9047,SPECIAL CAPITAL PROJECTS - AIRLINES,2000000,2000000,2000000
LOCAL,0740,O HARE REVENUE FUND,99,FINANCE GENERAL,2005,FINANCE GENERAL,9076,CITY CNTB MEDICARE TAX,1610803,1610803,1517082
LOCAL,0740,O HARE REVENUE FUND,99,FINANCE GENERAL,2005,FINANCE GENERAL,9459,REIMBURSEMENT - CFD,300000,300000,408306
LOCAL,0740,O HARE REVENUE FUND,99,FINANCE GENERAL,2005,FINANCE GENERAL,9626,REIMB - INDIRECT COSTS - O'HARE,13460000,13460000,14268000
LOCAL,0740,O HARE REVENUE FUND,99,FINANCE GENERAL,2005,FINANCE GENERAL,9629,REIMB - INDIRECT NON-SALARIES - O'HARE,10950000,10950000,9660000
LOCAL,0740,O HARE REVENUE FUND,99,FINANCE GENERAL,2005,FINANCE GENERAL,9980,MUNICIPAL FUND PENSION ALLOCATION,14144685,14144685,16775326
LOCAL,0740,O HARE REVENUE FUND,99,FINANCE GENERAL,2005,FINANCE GENERAL,9981,LABORERS' FUND PENSION ALLOCATION,1493265,1493265,1701078
LOCAL,0740,O HARE REVENUE FUND,99,FINANCE GENERAL,2005,FINANCE GENERAL,9982,POLICEMEN'S FUND PENSION ALLOCATION,2571736,5619855,6564628
LOCAL,0740,O HARE REVENUE FUND,99,FINANCE GENERAL,2005,FINANCE GENERAL,9983,FIREMEN'S FUND PENSION ALLOCATION,4642973,9689854,10293759
LOCAL,0B09,CTA REAL PROPERTY TRANSFER TAX,99,FINANCE GENERAL,2005,FINANCE GENERAL,9205,FOR DISTRIBUTION - CTA,62790000,62790000,62647000
LOCAL,0B09,CTA REAL PROPERTY TRANSFER TAX,99,FINANCE GENERAL,2005,FINANCE GENERAL,9640,REIMB - FROM CTA,634000,634000,633000
LOCAL,0B21,TIF ADMINISTRATION,99,FINANCE GENERAL,2005,FINANCE GENERAL,3,SCHEDULED WAGE ADJUSTMENTS,126420,126420,52004
LOCAL,0B21,TIF ADMINISTRATION,99,FINANCE GENERAL,2005,FINANCE GENERAL,138,IT MAINTENANCE,0,0,73750
LOCAL,0B21,TIF ADMINISTRATION,99,FINANCE GENERAL,2005,FINANCE GENERAL,142,ACCOUNTING AND AUDITING,230000,230000,427000
LOCAL,0B21,TIF ADMINISTRATION,99,FINANCE GENERAL,2005,FINANCE GENERAL,149,SOFTWARE MAINTENANCE AND LICENSING,0,0,49
LOCAL,0B21,TIF ADMINISTRATION,99,FINANCE GENERAL,2005,FINANCE GENERAL,169,TECHNICAL MEETING COSTS,10200,10200,10200
LOCAL,0B21,TIF ADMINISTRATION,99,FINANCE GENERAL,2005,FINANCE GENERAL,9610,REIMB - PENSION PAYMENTS,813385,813385,956352
LOCAL,0B21,TIF ADMINISTRATION,99,FINANCE GENERAL,2005,FINANCE GENERAL,9611,REIMB - INDIRECT COSTS TO CORPORATE,999000,999000,544000
LOCAL,0B21,TIF ADMINISTRATION,99,FINANCE GENERAL,2005,FINANCE GENERAL,9668,REIMB - HEALTHCARE AND INSURANCE,1486828,1486828,1488719
GRANTS,0929,COM ED SETTLEMENT FUND II,1,OFFICE OF THE MAYOR,2809,COMED SETTLEMENT FUND,5,SALARIES AND WAGES - ON PAYROLL,272566,272566,257545
GRANTS,0929,COM ED SETTLEMENT FUND II,1,OFFICE OF THE MAYOR,2809,COMED SETTLEMENT FUND,44,FRINGE BENEFITS,100014,100014,114342
GRANTS,0J38,SMART GRID / ENERGY EFF. CONSUMER ED.,1,OFFICE OF THE MAYOR,2804,Smart Grid / Energy Efficiency,5,SALARIES AND WAGES - ON PAYROLL,47504,47504,49004
GRANTS,0J38,SMART GRID / ENERGY EFF. CONSUMER ED.,1,OFFICE OF THE MAYOR,2804,Smart Grid / Energy Efficiency,44,FRINGE BENEFITS,18256,18256,20872
GRANTS,0J38,SMART GRID / ENERGY EFF. CONSUMER ED.,1,OFFICE OF THE MAYOR,2804,Smart Grid / Energy Efficiency,140,PROFESSIONAL AND TECHNICAL SERVICES,84240,84240,25124
GRANTS,0J38,SMART GRID / ENERGY EFF. CONSUMER ED.,1,OFFICE OF THE MAYOR,2804,Smart Grid / Energy Efficiency,245,REIMBURSEMENT TO TRAVELERS,5000,5000,5000
GRANTS,0J39,GUN VIOLENCE PREVENTION,1,OFFICE OF THE MAYOR,2803,Gun Violence Prevention,5,SALARIES AND WAGES - ON PAYROLL,102000,102000,99960
GRANTS,0J39,GUN VIOLENCE PREVENTION,1,OFFICE OF THE MAYOR,2803,Gun Violence Prevention,44,FRINGE BENEFITS,37240,37240,42575
GRANTS,0J39,GUN VIOLENCE PREVENTION,1,OFFICE OF THE MAYOR,2803,Gun Violence Prevention,140,PROFESSIONAL AND TECHNICAL SERVICES,10760,10760,11465
GRANTS,0J83,100 RESILIENT CITIES INITIATIVE,1,OFFICE OF THE MAYOR,2810,100 Resilient Cities Init.,140,PROFESSIONAL AND TECHNICAL SERVICES,163000,163000,163000
GRANTS,0P71,INNOVATION DELIVERY GRANT,1,OFFICE OF THE MAYOR,2800,INNOVATION DELIVERY GRANT,140,PROFESSIONAL AND TECHNICAL SERVICES,704786,704786,1401455
GRANTS,0P71,INNOVATION DELIVERY GRANT,1,OFFICE OF THE MAYOR,2800,INNOVATION DELIVERY GRANT,149,SOFTWARE MAINTENANCE AND LICENSING,50377,50377,50377
GRANTS,0P71,INNOVATION DELIVERY GRANT,1,OFFICE OF THE MAYOR,2800,INNOVATION DELIVERY GRANT,150,PUBLICATN & REPRODT-OUT,50000,50000,50000
GRANTS,0P71,INNOVATION DELIVERY GRANT,1,OFFICE OF THE MAYOR,2800,INNOVATION DELIVERY GRANT,166,DUES  SUBSC & MEM,1000,1000,1000
GRANTS,0P71,INNOVATION DELIVERY GRANT,1,OFFICE OF THE MAYOR,2800,INNOVATION DELIVERY GRANT,181,MOBILE COMMUNICATION SERVICES,5400,5400,5400
GRANTS,0P71,INNOVATION DELIVERY GRANT,1,OFFICE OF THE MAYOR,2800,INNOVATION DELIVERY GRANT,190,TELEPHONE - NON-CENTREX BILLINGS,2042,2042,2042
GRANTS,0P71,INNOVATION DELIVERY GRANT,1,OFFICE OF THE MAYOR,2800,INNOVATION DELIVERY GRANT,197,TELEPHONE - MAINTENANCE,726,726,726
GRANTS,0P71,INNOVATION DELIVERY GRANT,1,OFFICE OF THE MAYOR,2800,INNOVATION DELIVERY GRANT,350,STATIONERY AND OFFICE SUPPLIES,10000,10000,10000
GRANTS,0P92,MAYOR'S OFFICE - US DOJ,1,OFFICE OF THE MAYOR,2805,Ntl Forum Youth Violence Prev.,5,SALARIES AND WAGES - ON PAYROLL,96900,96900,99960
GRANTS,0P92,MAYOR'S OFFICE - US DOJ,1,OFFICE OF THE MAYOR,2805,Ntl Forum Youth Violence Prev.,44,FRINGE BENEFITS,37240,37240,42575
GRANTS,0P92,MAYOR'S OFFICE - US DOJ,1,OFFICE OF THE MAYOR,2805,Ntl Forum Youth Violence Prev.,140,PROFESSIONAL AND TECHNICAL SERVICES,248860,248860,240465
GRANTS,0075,OBM GRANT MANAGEMT,5,OBM,2855,GRANTS MANAGEMENT,5,SALARIES AND WAGES - ON PAYROLL,923885,923885,949900
GRANTS,0075,OBM GRANT MANAGEMT,5,OBM,2855,GRANTS MANAGEMENT,15,SCHEDULE SALARY ADJUSTMENTS,3117,3117,6565
GRANTS,0075,OBM GRANT MANAGEMT,5,OBM,2855,GRANTS MANAGEMENT,39,STUDENT AS TRAINEES,17943,17943,17943
GRANTS,0075,OBM GRANT MANAGEMT,5,OBM,2855,GRANTS MANAGEMENT,44,FRINGE BENEFITS,357647,357647,410477
GRANTS,0075,OBM GRANT MANAGEMT,5,OBM,2855,GRANTS MANAGEMENT,140,PROFESSIONAL AND TECHNICAL SERVICES,626227,626227,543934
GRANTS,0075,OBM GRANT MANAGEMT,5,OBM,2855,GRANTS MANAGEMENT,159,LEASE/PURCHASE EQUIPMENT,5000,5000,5000
GRANTS,0075,OBM GRANT MANAGEMT,5,OBM,2855,GRANTS MANAGEMENT,169,TECHNICAL MEETING COSTS,3579,3579,3579
GRANTS,0075,OBM GRANT MANAGEMT,5,OBM,2855,GRANTS MANAGEMENT,181,MOBILE COMMUNICATION SERVICES,927,927,927
GRANTS,0075,OBM GRANT MANAGEMT,5,OBM,2855,GRANTS MANAGEMENT,190,TELEPHONE - NON-CENTREX BILLINGS,4335,4335,4335
GRANTS,0075,OBM GRANT MANAGEMT,5,OBM,2855,GRANTS MANAGEMENT,312,SOFTWARE PURCHASES,5000,5000,5000
GRANTS,0075,OBM GRANT MANAGEMT,5,OBM,2855,GRANTS MANAGEMENT,340,MATERIAL AND SUPPLIES,4340,4340,4340
GRANTS,0929,COM ED SETTLEMENT FUND II,5,OBM,2809,COMED SETTLEMENT FUND,140,PROFESSIONAL AND TECHNICAL SERVICES,1000420,1000420,449113
GRANTS,0J63,CDBG - DISASTER RECOVERY,5,OBM,2812,Disaster Recovery,140,PROFESSIONAL AND TECHNICAL SERVICES,4300000,4300000,4300000
GRANTS,0J63,CDBG - DISASTER RECOVERY,5,OBM,2880,CDBG - Disaster Recovery,5,SALARIES AND WAGES - ON PAYROLL,0,0,62928
GRANTS,0J63,CDBG - DISASTER RECOVERY,5,OBM,2880,CDBG - Disaster Recovery,15,SCHEDULE SALARY ADJUSTMENTS,0,0,95
GRANTS,0J63,CDBG - DISASTER RECOVERY,5,OBM,2880,CDBG - Disaster Recovery,140,PROFESSIONAL AND TECHNICAL SERVICES,2390000,2390000,1737175
GRANTS,0J64,MBE/WBE CERTIFICATION AND COMPLIANCE,5,OBM,2815,MBE/WBE Certification and Comp,140,PROFESSIONAL AND TECHNICAL SERVICES,2000000,2000000,2000000
GRANTS,0K94,URBAN AREAS SECURITY INITIATIVE,5,OBM,2807,URBAN AREAS SECURITY INIT.,5,SALARIES AND WAGES - ON PAYROLL,0,0,74441
GRANTS,0K94,URBAN AREAS SECURITY INITIATIVE,5,OBM,2807,URBAN AREAS SECURITY INIT.,44,FRINGE BENEFITS,0,0,31706
GRANTS,0792,DOIT GRANTS,6,DOIT,2820,FIBER CONNECTION GRANT,140,PROFESSIONAL AND TECHNICAL SERVICES,566000,566000,566000
GRANTS,0H70,BIOTERRORISM PREPAREDNESS RESPONSE PLAN,6,DOIT,2829,Bioterrorism Response Planning,5,SALARIES AND WAGES - ON PAYROLL,366055,366055,386280
GRANTS,0H70,BIOTERRORISM PREPAREDNESS RESPONSE PLAN,6,DOIT,2829,Bioterrorism Response Planning,11,CONTRACT WAGE - SALARY,1342,1342,1392
GRANTS,0H70,BIOTERRORISM PREPAREDNESS RESPONSE PLAN,6,DOIT,2829,Bioterrorism Response Planning,15,SCHEDULE SALARY ADJUSTMENTS,0,0,1590
GRANTS,0H70,BIOTERRORISM PREPAREDNESS RESPONSE PLAN,6,DOIT,2829,Bioterrorism Response Planning,44,FRINGE BENEFITS,138976,138976,164524
GRANTS,0J30,MAYORS CHALLENGE,6,DOIT,2822,Mayors Challenge,5,SALARIES AND WAGES - ON PAYROLL,93628,93628,99642
GRANTS,0J30,MAYORS CHALLENGE,6,DOIT,2822,Mayors Challenge,44,FRINGE BENEFITS,36040,36040,42440
GRANTS,0J30,MAYORS CHALLENGE,6,DOIT,2822,Mayors Challenge,140,PROFESSIONAL AND TECHNICAL SERVICES,770332,770332,737918
GRANTS,0N99,HEAD START,6,DOIT,2823,Head Start,5,SALARIES AND WAGES - ON PAYROLL,0,0,343274
GRANTS,0N99,HEAD START,6,DOIT,2823,Head Start,11,CONTRACT WAGE - SALARY,0,0,534
GRANTS,0N99,HEAD START,6,DOIT,2823,Head Start,15,SCHEDULE SALARY ADJUSTMENTS,0,0,966
GRANTS,0N99,HEAD START,6,DOIT,2823,Head Start,44,FRINGE BENEFITS,0,0,146207
GRANTS,0T11,CHILD CARE SERVICES,6,DOIT,2824,Child Care Services,5,SALARIES AND WAGES - ON PAYROLL,0,0,337382
GRANTS,0T11,CHILD CARE SERVICES,6,DOIT,2824,Child Care Services,11,CONTRACT WAGE - SALARY,0,0,534
GRANTS,0T11,CHILD CARE SERVICES,6,DOIT,2824,Child Care Services,44,FRINGE BENEFITS,0,0,143697
GRANTS,0J55,COMMUNITY ARTS ACCESS,23,DCASE,2839,IAC - COMMUNITY ARTS ACCESS,140,PROFESSIONAL AND TECHNICAL SERVICES,0,0,147000
GRANTS,0J56,PARTNERS IN EXCELLENCE,23,DCASE,2838,IAC - PARTNERS IN EXCELLENCE,140,PROFESSIONAL AND TECHNICAL SERVICES,47000,47000,47000
GRANTS,0J67,FARMERS MARKETS,23,DCASE,2829,Farmers Markets,140,PROFESSIONAL AND TECHNICAL SERVICES,89000,89000,45000
GRANTS,0J75,COMMUNITY ARTS ACCESS,23,DCASE,2839,IAC - COMMUNITY ARTS ACCESS,135,DELEGATE AGENCIES,0,0,148000
GRANTS,0J76,PARTNERS IN EXCELLENCE,23,DCASE,2838,IAC - PARTNERS IN EXCELLENCE,140,PROFESSIONAL AND TECHNICAL SERVICES,0,0,47000
GRANTS,0J81,ART WORKS,23,DCASE,2865,Art Works,140,PROFESSIONAL AND TECHNICAL SERVICES,0,0,50000
GRANTS,0P72,DCASE - PRIVATE GRANTS,23,DCASE,2848,SUMMERDANCE / WORLD MUSIC,140,PROFESSIONAL AND TECHNICAL SERVICES,205000,205000,205000
GRANTS,0P72,DCASE - PRIVATE GRANTS,23,DCASE,2849,MILLENNIUM PARK WORKOUTS,140,PROFESSIONAL AND TECHNICAL SERVICES,100000,100000,125000
GRANTS,0P72,DCASE - PRIVATE GRANTS,23,DCASE,2851,CULTURAL FUND,140,PROFESSIONAL AND TECHNICAL SERVICES,0,0,50000
GRANTS,0P72,DCASE - PRIVATE GRANTS,23,DCASE,2855,CULTURAL CENTER EXHIBITION,140,PROFESSIONAL AND TECHNICAL SERVICES,124000,124000,250000
GRANTS,0P72,DCASE - PRIVATE GRANTS,23,DCASE,2858,ARTISTS RESIDENCY PROJECT,140,PROFESSIONAL AND TECHNICAL SERVICES,20000,20000,50000
GRANTS,0P72,DCASE - PRIVATE GRANTS,23,DCASE,2862,Cultural Center Renovation,140,PROFESSIONAL AND TECHNICAL SERVICES,200000,200000,200000
GRANTS,0P72,DCASE - PRIVATE GRANTS,23,DCASE,2863,Public Art Endowment,140,PROFESSIONAL AND TECHNICAL SERVICES,610000,610000,610000
GRANTS,0P72,DCASE - PRIVATE GRANTS,23,DCASE,2864,Cultural Center Foundation,140,PROFESSIONAL AND TECHNICAL SERVICES,136000,136000,136000
GRANTS,0P73,DCASE - STATE GRANTS,23,DCASE,2859,CHICAGO CULTURAL PLAN,140,PROFESSIONAL AND TECHNICAL SERVICES,251000,251000,392000
GRANTS,0P73,DCASE - STATE GRANTS,23,DCASE,2870,Fifth Star Awards,140,PROFESSIONAL AND TECHNICAL SERVICES,150000,150000,150000
GRANTS,0P88,MARKETING PROMOTION PROGRAM,23,DCASE,2871,Marketing Promotion Program,140,PROFESSIONAL AND TECHNICAL SERVICES,0,0,50000
GRANTS,0J65,CHICAGO LIVES HEALTHY,27,FINANCE,2802,Chicago Lives Healthy,140,PROFESSIONAL AND TECHNICAL SERVICES,2500000,2500000,2500000
GRANTS,0N21,CHILD CARE SERVICES,27,FINANCE,2803,DFSS Accounting,5,SALARIES AND WAGES - ON PAYROLL,91086,91086,95856
GRANTS,0N21,CHILD CARE SERVICES,27,FINANCE,2803,DFSS Accounting,11,CONTRACT WAGE - SALARY,479,479,489
GRANTS,0N21,CHILD CARE SERVICES,27,FINANCE,2803,DFSS Accounting,44,FRINGE BENEFITS,35006,35006,40827
GRANTS,0N99,HEAD START,27,FINANCE,2803,DFSS Accounting,5,SALARIES AND WAGES - ON PAYROLL,0,0,242221
GRANTS,0N99,HEAD START,27,FINANCE,2803,DFSS Accounting,11,CONTRACT WAGE - SALARY,0,0,1236
GRANTS,0N99,HEAD START,27,FINANCE,2803,DFSS Accounting,44,FRINGE BENEFITS,0,0,103167
GRANTS,0079,DGS PROGRAMS,38,FLEET AND FACILITY MANAGEMENT,2833,NPV SENIOR WELLNESS CENTER,540,CONSTRUCTION OF BUILDINGS AND STRUCTURES,1000000,1000000,1000000
GRANTS,0079,DGS PROGRAMS,38,FLEET AND FACILITY MANAGEMENT,2843,LIGHTING RETROFITS,140,PROFESSIONAL AND TECHNICAL SERVICES,23000,23000,100000
GRANTS,0929,COM ED SETTLEMENT FUND II,38,FLEET AND FACILITY MANAGEMENT,2838,COMED ENVIRONMENTAL FUND,140,PROFESSIONAL AND TECHNICAL SERVICES,180000,180000,180000
GRANTS,0P14,DEPT OF GENERAL SERVICES PROGRAMS,38,FLEET AND FACILITY MANAGEMENT,2836,STREETERVILLE THORIUM MORATORM,140,PROFESSIONAL AND TECHNICAL SERVICES,1449951,1449951,1704950
GRANTS,0P14,DEPT OF GENERAL SERVICES PROGRAMS,38,FLEET AND FACILITY MANAGEMENT,2836,STREETERVILLE THORIUM MORATORM,340,MATERIAL AND SUPPLIES,212304,212304,265000
GRANTS,0P14,DEPT OF GENERAL SERVICES PROGRAMS,38,FLEET AND FACILITY MANAGEMENT,2836,STREETERVILLE THORIUM MORATORM,540,CONSTRUCTION OF BUILDINGS AND STRUCTURES,869745,869745,353050
GRANTS,0P83,FLEET AND FACILITY MANGEMENT,38,FLEET AND FACILITY MANAGEMENT,2814,LED LIGHTING,140,PROFESSIONAL AND TECHNICAL SERVICES,0,0,100000
GRANTS,0071,DENTAL SEALANT GRANT,41,DEPARTMENT OF PUBLIC HEALTH,2871,DENTAL SEALANT GRANT,140,PROFESSIONAL AND TECHNICAL SERVICES,98000,98000,98000
GRANTS,0071,DENTAL SEALANT GRANT,41,DEPARTMENT OF PUBLIC HEALTH,2878,TANNING FACILITIES INSPECTIONS,140,PROFESSIONAL AND TECHNICAL SERVICES,29000,29000,21000
GRANTS,0071,DENTAL SEALANT GRANT,41,DEPARTMENT OF PUBLIC HEALTH,2998,TATTOO AND BODY ART PIERCING,140,PROFESSIONAL AND TECHNICAL SERVICES,40000,40000,40000
GRANTS,0352,LOCAL HEALTH PROTECTION,41,DEPARTMENT OF PUBLIC HEALTH,2702,TEEN PREGNANCY PREVENTION-CPS,140,PROFESSIONAL AND TECHNICAL SERVICES,200000,200000,18000
GRANTS,0352,LOCAL HEALTH PROTECTION,41,DEPARTMENT OF PUBLIC HEALTH,2702,TEEN PREGNANCY PREVENTION-CPS,152,ADVERTISING,0,0,5000
GRANTS,0352,LOCAL HEALTH PROTECTION,41,DEPARTMENT OF PUBLIC HEALTH,2702,TEEN PREGNANCY PREVENTION-CPS,245,REIMBURSEMENT TO TRAVELERS,0,0,500
GRANTS,0352,LOCAL HEALTH PROTECTION,41,DEPARTMENT OF PUBLIC HEALTH,2702,TEEN PREGNANCY PREVENTION-CPS,350,STATIONERY AND OFFICE SUPPLIES,0,0,1500
GRANTS,0578,HOPWA/HUD,41,DEPARTMENT OF PUBLIC HEALTH,2961,HOPWA HOUSING AND HEALTH STUDY,140,PROFESSIONAL AND TECHNICAL SERVICES,486000,486000,486000
GRANTS,0H06,DIABETES TRANSLATION RESEARCH,41,DEPARTMENT OF PUBLIC HEALTH,2725,TRANSLATION RESEARCH PROGRAM,5,SALARIES AND WAGES - ON PAYROLL,68514,68514,75817
GRANTS,0H06,DIABETES TRANSLATION RESEARCH,41,DEPARTMENT OF PUBLIC HEALTH,2725,TRANSLATION RESEARCH PROGRAM,11,CONTRACT WAGE - SALARY,361,361,387
GRANTS,0H06,DIABETES TRANSLATION RESEARCH,41,DEPARTMENT OF PUBLIC HEALTH,2725,TRANSLATION RESEARCH PROGRAM,15,SCHEDULE SALARY ADJUSTMENTS,2360,2360,2576
GRANTS,0H06,DIABETES TRANSLATION RESEARCH,41,DEPARTMENT OF PUBLIC HEALTH,2725,TRANSLATION RESEARCH PROGRAM,44,FRINGE BENEFITS,26331,26331,32292
GRANTS,0H06,DIABETES TRANSLATION RESEARCH,41,DEPARTMENT OF PUBLIC HEALTH,2725,TRANSLATION RESEARCH PROGRAM,270,LOCAL TRANSPORTATION,0,0,928
GRANTS,0H12,SUMMER FOOD PROGRAM,41,DEPARTMENT OF PUBLIC HEALTH,2984,SUMMER FOOD PROGRAM,140,PROFESSIONAL AND TECHNICAL SERVICES,25000,25000,25000
GRANTS,0H15,CHILDHOOD LEAD POISONING PREVENTION,41,DEPARTMENT OF PUBLIC HEALTH,2804,CHILDHOOD LEAD POISONING PREV,312,SOFTWARE PURCHASES,28000,28000,28000
GRANTS,0H15,CHILDHOOD LEAD POISONING PREVENTION,41,DEPARTMENT OF PUBLIC HEALTH,2804,CHILDHOOD LEAD POISONING PREV,421,MACHINERY AND EQUIPMENT,112000,112000,15000
GRANTS,0H21,MORBIDITY AND RISK BEHAVIOR SURVEILLANCE,41,DEPARTMENT OF PUBLIC HEALTH,2887,MORBIDITY AND RISK BEHAVIOR,140,PROFESSIONAL AND TECHNICAL SERVICES,25000,25000,25000
GRANTS,0H29,DATING MATTERS INITIATIVE,41,DEPARTMENT OF PUBLIC HEALTH,2713,DATING MATTERS,140,PROFESSIONAL AND TECHNICAL SERVICES,22000,22000,20000
GRANTS,0H35,RYAN WHITE HIV CARE ACT PART A,41,DEPARTMENT OF PUBLIC HEALTH,2731,Ryan White HIV Care Act Part A,140,PROFESSIONAL AND TECHNICAL SERVICES,1020294,1020294,1107000
GRANTS,0H36,HOUSING OPPORTUNITIES FOR PEOPLE W/ AIDS,41,DEPARTMENT OF PUBLIC HEALTH,2932,HOPWA,140,PROFESSIONAL AND TECHNICAL SERVICES,1588000,1588000,1200000
GRANTS,0H42,BIOTERRORISM PREPAREDNESS RESPONSE PLAN,41,DEPARTMENT OF PUBLIC HEALTH,2829,BIOTERRORISM RESPONSE,140,PROFESSIONAL AND TECHNICAL SERVICES,3792908,3792908,3959000
GRANTS,0H50,BUILDING EPIDEMIOLOGY AND HEALTH IT,41,DEPARTMENT OF PUBLIC HEALTH,2710,BUILDING EPIDEMIOLOGY AND HLTH,5,SALARIES AND WAGES - ON PAYROLL,282092,282092,48157
GRANTS,0H50,BUILDING EPIDEMIOLOGY AND HEALTH IT,41,DEPARTMENT OF PUBLIC HEALTH,2710,BUILDING EPIDEMIOLOGY AND HLTH,11,CONTRACT WAGE - SALARY,558,558,246
GRANTS,0H50,BUILDING EPIDEMIOLOGY AND HEALTH IT,41,DEPARTMENT OF PUBLIC HEALTH,2710,BUILDING EPIDEMIOLOGY AND HLTH,44,FRINGE BENEFITS,115001,115001,20511
GRANTS,0H50,BUILDING EPIDEMIOLOGY AND HEALTH IT,41,DEPARTMENT OF PUBLIC HEALTH,2710,BUILDING EPIDEMIOLOGY AND HLTH,140,PROFESSIONAL AND TECHNICAL SERVICES,3362101,3362101,2963153
GRANTS,0H50,BUILDING EPIDEMIOLOGY AND HEALTH IT,41,DEPARTMENT OF PUBLIC HEALTH,2710,BUILDING EPIDEMIOLOGY AND HLTH,801,INDIRECT COSTS,35933,35933,35933
GRANTS,0H55,RESOURCE CONSERVATION AND RECOVERY ACT D,41,DEPARTMENT OF PUBLIC HEALTH,2721,RESOURCE CONSERVATION,140,PROFESSIONAL AND TECHNICAL SERVICES,391625,391625,300000
GRANTS,0H75,BIOTERRORISM HOSPITAL PREPAREDNESS PGM,41,DEPARTMENT OF PUBLIC HEALTH,2883,BIOTERRORISM HOSPITAL PREP,140,PROFESSIONAL AND TECHNICAL SERVICES,936987,936987,936987
GRANTS,0H75,BIOTERRORISM HOSPITAL PREPAREDNESS PGM,41,DEPARTMENT OF PUBLIC HEALTH,2883,BIOTERRORISM HOSPITAL PREP,245,REIMBURSEMENT TO TRAVELERS,19664,19664,19664
GRANTS,0H75,BIOTERRORISM HOSPITAL PREPAREDNESS PGM,41,DEPARTMENT OF PUBLIC HEALTH,2883,BIOTERRORISM HOSPITAL PREP,270,LOCAL TRANSPORTATION,6060,6060,6060
GRANTS,0H75,BIOTERRORISM HOSPITAL PREPAREDNESS PGM,41,DEPARTMENT OF PUBLIC HEALTH,2883,BIOTERRORISM HOSPITAL PREP,350,STATIONERY AND OFFICE SUPPLIES,9915,9915,9915
GRANTS,0H75,BIOTERRORISM HOSPITAL PREPAREDNESS PGM,41,DEPARTMENT OF PUBLIC HEALTH,2883,BIOTERRORISM HOSPITAL PREP,999,CULTURAL PROGRAMMING GRANTS,1353377,1353377,1728111
GRANTS,0H75,BIOTERRORISM HOSPITAL PREPAREDNESS PGM,41,DEPARTMENT OF PUBLIC HEALTH,2883,BIOTERRORISM HOSPITAL PREP,9651,REIMB - INDIRECT COSTS,731263,731263,731263
GRANTS,0H80,HOUSING OPPORTUNITIES FOR PEOPLE W/ AIDS,41,DEPARTMENT OF PUBLIC HEALTH,2932,HOPWA,140,PROFESSIONAL AND TECHNICAL SERVICES,7506728,7506728,315000
GRANTS,0H84,SUMMER FOOD PROGRAM,41,DEPARTMENT OF PUBLIC HEALTH,2984,SUMMER FOOD PROGRAM,140,PROFESSIONAL AND TECHNICAL SERVICES,25000,25000,50000
GRANTS,0H88,IMMUNIZATION BILLING SERVICES,41,DEPARTMENT OF PUBLIC HEALTH,,Immunization Billing Services,5,SALARIES AND WAGES - ON PAYROLL,0,0,63485
GRANTS,0H88,IMMUNIZATION BILLING SERVICES,41,DEPARTMENT OF PUBLIC HEALTH,,Immunization Billing Services,44,FRINGE BENEFITS,0,0,31175
GRANTS,0H88,IMMUNIZATION BILLING SERVICES,41,DEPARTMENT OF PUBLIC HEALTH,,Immunization Billing Services,140,PROFESSIONAL AND TECHNICAL SERVICES,500000,500000,405340
GRANTS,0H89,EBOLA PREPAREDNESS AND RESPONSE,41,DEPARTMENT OF PUBLIC HEALTH,,HPP Ebola Preparedness & Resp.,140,PROFESSIONAL AND TECHNICAL SERVICES,2696000,2696000,2696000
GRANTS,0X02,LEAD POISONING SURVEILLANCE,41,DEPARTMENT OF PUBLIC HEALTH,,Lead Poisoning Surveillance,5,SALARIES AND WAGES - ON PAYROLL,0,0,84049
GRANTS,0X02,LEAD POISONING SURVEILLANCE,41,DEPARTMENT OF PUBLIC HEALTH,,Lead Poisoning Surveillance,11,CONTRACT WAGE - SALARY,0,0,429
GRANTS,0X24,HIV / AIDS PREVENTION,41,DEPARTMENT OF PUBLIC HEALTH,2812,AIDS PREVENTION,5,SALARIES AND WAGES - ON PAYROLL,0,0,3213498
GRANTS,0X02,LEAD POISONING SURVEILLANCE,41,DEPARTMENT OF PUBLIC HEALTH,,Lead Poisoning Surveillance,44,FRINGE BENEFITS,0,0,35798
GRANTS,0X02,LEAD POISONING SURVEILLANCE,41,DEPARTMENT OF PUBLIC HEALTH,,Lead Poisoning Surveillance,140,PROFESSIONAL AND TECHNICAL SERVICES,0,0,212824
GRANTS,0X02,LEAD POISONING SURVEILLANCE,41,DEPARTMENT OF PUBLIC HEALTH,,Lead Poisoning Surveillance,245,REIMBURSEMENT TO TRAVELERS,0,0,4800
GRANTS,0X02,LEAD POISONING SURVEILLANCE,41,DEPARTMENT OF PUBLIC HEALTH,,Lead Poisoning Surveillance,350,STATIONERY AND OFFICE SUPPLIES,0,0,10100
GRANTS,0X04,ANTI-TERRORISM CRIME VICTIM RESPONSE,41,DEPARTMENT OF PUBLIC HEALTH,,AntiTerrorism Crime Victim,5,SALARIES AND WAGES - ON PAYROLL,0,0,70337
GRANTS,0X04,ANTI-TERRORISM CRIME VICTIM RESPONSE,41,DEPARTMENT OF PUBLIC HEALTH,,AntiTerrorism Crime Victim,44,FRINGE BENEFITS,0,0,29958
GRANTS,0X04,ANTI-TERRORISM CRIME VICTIM RESPONSE,41,DEPARTMENT OF PUBLIC HEALTH,,AntiTerrorism Crime Victim,140,PROFESSIONAL AND TECHNICAL SERVICES,2000000,2000000,15705
GRANTS,0X05,LEAD HAZARD REDUCTION DEMONSTRATION,41,DEPARTMENT OF PUBLIC HEALTH,2944,LEAD HAZARD REDUCTION DEMO,5,SALARIES AND WAGES - ON PAYROLL,0,0,73182
GRANTS,0X05,LEAD HAZARD REDUCTION DEMONSTRATION,41,DEPARTMENT OF PUBLIC HEALTH,2944,LEAD HAZARD REDUCTION DEMO,11,CONTRACT WAGE - SALARY,0,0,373
GRANTS,0X05,LEAD HAZARD REDUCTION DEMONSTRATION,41,DEPARTMENT OF PUBLIC HEALTH,2944,LEAD HAZARD REDUCTION DEMO,44,FRINGE BENEFITS,0,0,31170
GRANTS,0X05,LEAD HAZARD REDUCTION DEMONSTRATION,41,DEPARTMENT OF PUBLIC HEALTH,2944,LEAD HAZARD REDUCTION DEMO,140,PROFESSIONAL AND TECHNICAL SERVICES,3900000,3900000,1969275
GRANTS,0X10,BUILDING EPIDEMIOLOGY AND HEALTH IT,41,DEPARTMENT OF PUBLIC HEALTH,2710,BUILDING EPIDEMIOLOGY AND HLTH,5,SALARIES AND WAGES - ON PAYROLL,0,0,488816
GRANTS,0X10,BUILDING EPIDEMIOLOGY AND HEALTH IT,41,DEPARTMENT OF PUBLIC HEALTH,2710,BUILDING EPIDEMIOLOGY AND HLTH,11,CONTRACT WAGE - SALARY,0,0,657
GRANTS,0X10,BUILDING EPIDEMIOLOGY AND HEALTH IT,41,DEPARTMENT OF PUBLIC HEALTH,2710,BUILDING EPIDEMIOLOGY AND HLTH,15,SCHEDULE SALARY ADJUSTMENTS,0,0,1584
GRANTS,0X10,BUILDING EPIDEMIOLOGY AND HEALTH IT,41,DEPARTMENT OF PUBLIC HEALTH,2710,BUILDING EPIDEMIOLOGY AND HLTH,44,FRINGE BENEFITS,0,0,226970
GRANTS,0X10,BUILDING EPIDEMIOLOGY AND HEALTH IT,41,DEPARTMENT OF PUBLIC HEALTH,2710,BUILDING EPIDEMIOLOGY AND HLTH,140,PROFESSIONAL AND TECHNICAL SERVICES,0,0,13973
GRANTS,0X11,DATING MATTERS INITIATIVE,41,DEPARTMENT OF PUBLIC HEALTH,2713,DATING MATTERS,5,SALARIES AND WAGES - ON PAYROLL,0,0,109970
GRANTS,0X11,DATING MATTERS INITIATIVE,41,DEPARTMENT OF PUBLIC HEALTH,2713,DATING MATTERS,15,SCHEDULE SALARY ADJUSTMENTS,0,0,1470
GRANTS,0X11,DATING MATTERS INITIATIVE,41,DEPARTMENT OF PUBLIC HEALTH,2713,DATING MATTERS,44,FRINGE BENEFITS,0,0,50248
GRANTS,0X11,DATING MATTERS INITIATIVE,41,DEPARTMENT OF PUBLIC HEALTH,2713,DATING MATTERS,140,PROFESSIONAL AND TECHNICAL SERVICES,0,0,188312
GRANTS,0X12,AIR POLLUTION CONTROL PROGRAM,41,DEPARTMENT OF PUBLIC HEALTH,2714,AIR POLLUTION CONTROL PROGRAM,5,SALARIES AND WAGES - ON PAYROLL,0,0,133214
GRANTS,0X12,AIR POLLUTION CONTROL PROGRAM,41,DEPARTMENT OF PUBLIC HEALTH,2714,AIR POLLUTION CONTROL PROGRAM,11,CONTRACT WAGE - SALARY,0,0,2812
GRANTS,0X12,AIR POLLUTION CONTROL PROGRAM,41,DEPARTMENT OF PUBLIC HEALTH,2714,AIR POLLUTION CONTROL PROGRAM,44,FRINGE BENEFITS,0,0,275974
GRANTS,0X13,HAZARDOUS MATERIALS EMERGENCY PREP PLAN,41,DEPARTMENT OF PUBLIC HEALTH,2718,HMEP PLANNING,140,PROFESSIONAL AND TECHNICAL SERVICES,0,0,35314
GRANTS,0X13,HAZARDOUS MATERIALS EMERGENCY PREP PLAN,41,DEPARTMENT OF PUBLIC HEALTH,2718,HMEP PLANNING,801,INDIRECT COSTS,0,0,4686
GRANTS,0X14,UNDERGROUND STORAGE TANK INSPECTION,41,DEPARTMENT OF PUBLIC HEALTH,2720,UNDERGROUND STORAGE TANK,5,SALARIES AND WAGES - ON PAYROLL,0,0,376509
GRANTS,0X14,UNDERGROUND STORAGE TANK INSPECTION,41,DEPARTMENT OF PUBLIC HEALTH,2720,UNDERGROUND STORAGE TANK,11,CONTRACT WAGE - SALARY,0,0,1463
GRANTS,0X14,UNDERGROUND STORAGE TANK INSPECTION,41,DEPARTMENT OF PUBLIC HEALTH,2720,UNDERGROUND STORAGE TANK,44,FRINGE BENEFITS,0,0,163352
CDBG,0J42,CDBG,50,FAMILY AND SUPPORT SERVICES,2501,PLANNING AND ADMINISTRATION,130,POSTAGE,900,900,2445
GRANTS,0X14,UNDERGROUND STORAGE TANK INSPECTION,41,DEPARTMENT OF PUBLIC HEALTH,2720,UNDERGROUND STORAGE TANK,140,PROFESSIONAL AND TECHNICAL SERVICES,0,0,8676
GRANTS,0X15,RESOURCE CONSERVATION AND RECOVERY ACT D,41,DEPARTMENT OF PUBLIC HEALTH,2721,RESOURCE CONSERVATION,5,SALARIES AND WAGES - ON PAYROLL,0,0,98643
GRANTS,0X15,RESOURCE CONSERVATION AND RECOVERY ACT D,41,DEPARTMENT OF PUBLIC HEALTH,2721,RESOURCE CONSERVATION,44,FRINGE BENEFITS,0,0,42014
GRANTS,0X15,RESOURCE CONSERVATION AND RECOVERY ACT D,41,DEPARTMENT OF PUBLIC HEALTH,2721,RESOURCE CONSERVATION,140,PROFESSIONAL AND TECHNICAL SERVICES,0,0,9343
GRANTS,0X16,SOLID WASTE MANAGEMENT,41,DEPARTMENT OF PUBLIC HEALTH,2722,SOLID WASTE MANAGEMENT,5,SALARIES AND WAGES - ON PAYROLL,0,0,74441
GRANTS,0X16,SOLID WASTE MANAGEMENT,41,DEPARTMENT OF PUBLIC HEALTH,2722,SOLID WASTE MANAGEMENT,44,FRINGE BENEFITS,0,0,31706
GRANTS,0X16,SOLID WASTE MANAGEMENT,41,DEPARTMENT OF PUBLIC HEALTH,2722,SOLID WASTE MANAGEMENT,140,PROFESSIONAL AND TECHNICAL SERVICES,0,0,36853
GRANTS,0X18,GENETICS EDUCATION / FOLLOW UP SERVICES,41,DEPARTMENT OF PUBLIC HEALTH,2729,Genetics Education,5,SALARIES AND WAGES - ON PAYROLL,0,0,72747
GRANTS,0X18,GENETICS EDUCATION / FOLLOW UP SERVICES,41,DEPARTMENT OF PUBLIC HEALTH,2729,Genetics Education,44,FRINGE BENEFITS,0,0,44253
GRANTS,0X19,LOCAL HEALTH PROTECTION,41,DEPARTMENT OF PUBLIC HEALTH,2730,Local Health Protection,5,SALARIES AND WAGES - ON PAYROLL,0,0,1725954
GRANTS,0X19,LOCAL HEALTH PROTECTION,41,DEPARTMENT OF PUBLIC HEALTH,2730,Local Health Protection,11,CONTRACT WAGE - SALARY,0,0,7730
GRANTS,0X19,LOCAL HEALTH PROTECTION,41,DEPARTMENT OF PUBLIC HEALTH,2730,Local Health Protection,15,SCHEDULE SALARY ADJUSTMENTS,0,0,14581
GRANTS,0X19,LOCAL HEALTH PROTECTION,41,DEPARTMENT OF PUBLIC HEALTH,2730,Local Health Protection,20,OVERTIME,0,0,6000
GRANTS,0X19,LOCAL HEALTH PROTECTION,41,DEPARTMENT OF PUBLIC HEALTH,2730,Local Health Protection,44,FRINGE BENEFITS,0,0,735117
GRANTS,0X19,LOCAL HEALTH PROTECTION,41,DEPARTMENT OF PUBLIC HEALTH,2730,Local Health Protection,91,UNIFORM ALLOWANCE,0,0,500
GRANTS,0X19,LOCAL HEALTH PROTECTION,41,DEPARTMENT OF PUBLIC HEALTH,2730,Local Health Protection,140,PROFESSIONAL AND TECHNICAL SERVICES,0,0,51118
GRANTS,0X20,RYAN WHITE HIV CARE ACT PART A,41,DEPARTMENT OF PUBLIC HEALTH,2731,Ryan White HIV Care Act Part A,5,SALARIES AND WAGES - ON PAYROLL,0,0,1886683
GRANTS,0X20,RYAN WHITE HIV CARE ACT PART A,41,DEPARTMENT OF PUBLIC HEALTH,2731,Ryan White HIV Care Act Part A,11,CONTRACT WAGE - SALARY,0,0,7041
GRANTS,0X20,RYAN WHITE HIV CARE ACT PART A,41,DEPARTMENT OF PUBLIC HEALTH,2731,Ryan White HIV Care Act Part A,15,SCHEDULE SALARY ADJUSTMENTS,0,0,21909
GRANTS,0X20,RYAN WHITE HIV CARE ACT PART A,41,DEPARTMENT OF PUBLIC HEALTH,2731,Ryan White HIV Care Act Part A,20,OVERTIME,0,0,15000
GRANTS,0X20,RYAN WHITE HIV CARE ACT PART A,41,DEPARTMENT OF PUBLIC HEALTH,2731,Ryan White HIV Care Act Part A,44,FRINGE BENEFITS,0,0,1215349
GRANTS,0X20,RYAN WHITE HIV CARE ACT PART A,41,DEPARTMENT OF PUBLIC HEALTH,2731,Ryan White HIV Care Act Part A,91,UNIFORM ALLOWANCE,0,0,600
GRANTS,0X20,RYAN WHITE HIV CARE ACT PART A,41,DEPARTMENT OF PUBLIC HEALTH,2731,Ryan White HIV Care Act Part A,130,POSTAGE,0,0,1000
GRANTS,0X20,RYAN WHITE HIV CARE ACT PART A,41,DEPARTMENT OF PUBLIC HEALTH,2731,Ryan White HIV Care Act Part A,135,DELEGATE AGENCIES,0,0,23221060
GRANTS,0X20,RYAN WHITE HIV CARE ACT PART A,41,DEPARTMENT OF PUBLIC HEALTH,2731,Ryan White HIV Care Act Part A,138,IT MAINTENANCE,0,0,21574
GRANTS,0X20,RYAN WHITE HIV CARE ACT PART A,41,DEPARTMENT OF PUBLIC HEALTH,2731,Ryan White HIV Care Act Part A,140,PROFESSIONAL AND TECHNICAL SERVICES,0,0,532191
GRANTS,0X20,RYAN WHITE HIV CARE ACT PART A,41,DEPARTMENT OF PUBLIC HEALTH,2731,Ryan White HIV Care Act Part A,155,RENTAL OF PROPERTY,0,0,26000
GRANTS,0X20,RYAN WHITE HIV CARE ACT PART A,41,DEPARTMENT OF PUBLIC HEALTH,2731,Ryan White HIV Care Act Part A,157,RENTAL EQUIPMENT AND SERVICES,0,0,8000
GRANTS,0X20,RYAN WHITE HIV CARE ACT PART A,41,DEPARTMENT OF PUBLIC HEALTH,2731,Ryan White HIV Care Act Part A,166,DUES  SUBSC & MEM,0,0,500
GRANTS,0X20,RYAN WHITE HIV CARE ACT PART A,41,DEPARTMENT OF PUBLIC HEALTH,2731,Ryan White HIV Care Act Part A,169,TECHNICAL MEETING COSTS,0,0,17500
GRANTS,0X20,RYAN WHITE HIV CARE ACT PART A,41,DEPARTMENT OF PUBLIC HEALTH,2731,Ryan White HIV Care Act Part A,245,REIMBURSEMENT TO TRAVELERS,0,0,8078
GRANTS,0X20,RYAN WHITE HIV CARE ACT PART A,41,DEPARTMENT OF PUBLIC HEALTH,2731,Ryan White HIV Care Act Part A,270,LOCAL TRANSPORTATION,0,0,1215
GRANTS,0X20,RYAN WHITE HIV CARE ACT PART A,41,DEPARTMENT OF PUBLIC HEALTH,2731,Ryan White HIV Care Act Part A,350,STATIONERY AND OFFICE SUPPLIES,0,0,13300
GRANTS,0X20,RYAN WHITE HIV CARE ACT PART A,41,DEPARTMENT OF PUBLIC HEALTH,2731,Ryan White HIV Care Act Part A,9651,REIMB - INDIRECT COSTS,0,0,500000
GRANTS,0X22,CHILDHOOD LEAD POISONING PREVENTION,41,DEPARTMENT OF PUBLIC HEALTH,2804,CHILDHOOD LEAD POISONING PREV,5,SALARIES AND WAGES - ON PAYROLL,0,0,73712
GRANTS,0X22,CHILDHOOD LEAD POISONING PREVENTION,41,DEPARTMENT OF PUBLIC HEALTH,2804,CHILDHOOD LEAD POISONING PREV,20,OVERTIME,0,0,5000
GRANTS,0X22,CHILDHOOD LEAD POISONING PREVENTION,41,DEPARTMENT OF PUBLIC HEALTH,2804,CHILDHOOD LEAD POISONING PREV,44,FRINGE BENEFITS,0,0,31395
GRANTS,0X22,CHILDHOOD LEAD POISONING PREVENTION,41,DEPARTMENT OF PUBLIC HEALTH,2804,CHILDHOOD LEAD POISONING PREV,140,PROFESSIONAL AND TECHNICAL SERVICES,0,0,107723
GRANTS,0X22,CHILDHOOD LEAD POISONING PREVENTION,41,DEPARTMENT OF PUBLIC HEALTH,2804,CHILDHOOD LEAD POISONING PREV,157,RENTAL EQUIPMENT AND SERVICES,0,0,10449
GRANTS,0X22,CHILDHOOD LEAD POISONING PREVENTION,41,DEPARTMENT OF PUBLIC HEALTH,2804,CHILDHOOD LEAD POISONING PREV,162,REPAIR/MAINT EQUIPMENT,0,0,31482
GRANTS,0X22,CHILDHOOD LEAD POISONING PREVENTION,41,DEPARTMENT OF PUBLIC HEALTH,2804,CHILDHOOD LEAD POISONING PREV,168,EDUCATION DEVELOPMENT,0,0,4000
GRANTS,0X22,CHILDHOOD LEAD POISONING PREVENTION,41,DEPARTMENT OF PUBLIC HEALTH,2804,CHILDHOOD LEAD POISONING PREV,181,MOBILE COMMUNICATION SERVICES,0,0,3000
GRANTS,0X22,CHILDHOOD LEAD POISONING PREVENTION,41,DEPARTMENT OF PUBLIC HEALTH,2804,CHILDHOOD LEAD POISONING PREV,229,TRANSPORTATION AND EXPENSE ALLOWANCE,0,0,2551
GRANTS,0X22,CHILDHOOD LEAD POISONING PREVENTION,41,DEPARTMENT OF PUBLIC HEALTH,2804,CHILDHOOD LEAD POISONING PREV,270,LOCAL TRANSPORTATION,0,0,5188
GRANTS,0X22,CHILDHOOD LEAD POISONING PREVENTION,41,DEPARTMENT OF PUBLIC HEALTH,2804,CHILDHOOD LEAD POISONING PREV,350,STATIONERY AND OFFICE SUPPLIES,0,0,4500
GRANTS,0X23,WOMEN INFANTS AND CHILDREN NUTRITION,41,DEPARTMENT OF PUBLIC HEALTH,2808,WIC NUTRITION,5,SALARIES AND WAGES - ON PAYROLL,0,0,2062835
GRANTS,0X23,WOMEN INFANTS AND CHILDREN NUTRITION,41,DEPARTMENT OF PUBLIC HEALTH,2808,WIC NUTRITION,11,CONTRACT WAGE - SALARY,0,0,7301
GRANTS,0X23,WOMEN INFANTS AND CHILDREN NUTRITION,41,DEPARTMENT OF PUBLIC HEALTH,2808,WIC NUTRITION,15,SCHEDULE SALARY ADJUSTMENTS,0,0,4000
GRANTS,0X23,WOMEN INFANTS AND CHILDREN NUTRITION,41,DEPARTMENT OF PUBLIC HEALTH,2808,WIC NUTRITION,44,FRINGE BENEFITS,0,0,882736
GRANTS,0X23,WOMEN INFANTS AND CHILDREN NUTRITION,41,DEPARTMENT OF PUBLIC HEALTH,2808,WIC NUTRITION,125,OFFICE AND BUILDING SERVICES,0,0,56788
GRANTS,0X23,WOMEN INFANTS AND CHILDREN NUTRITION,41,DEPARTMENT OF PUBLIC HEALTH,2808,WIC NUTRITION,130,POSTAGE,0,0,1225
GRANTS,0X23,WOMEN INFANTS AND CHILDREN NUTRITION,41,DEPARTMENT OF PUBLIC HEALTH,2808,WIC NUTRITION,135,DELEGATE AGENCIES,0,0,1189000
GRANTS,0X23,WOMEN INFANTS AND CHILDREN NUTRITION,41,DEPARTMENT OF PUBLIC HEALTH,2808,WIC NUTRITION,140,PROFESSIONAL AND TECHNICAL SERVICES,0,0,325168
GRANTS,0X23,WOMEN INFANTS AND CHILDREN NUTRITION,41,DEPARTMENT OF PUBLIC HEALTH,2808,WIC NUTRITION,150,PUBLICATN & REPRODT-OUT,0,0,5733
GRANTS,0X23,WOMEN INFANTS AND CHILDREN NUTRITION,41,DEPARTMENT OF PUBLIC HEALTH,2808,WIC NUTRITION,153,PROMOTIONS,0,0,4023
GRANTS,0X23,WOMEN INFANTS AND CHILDREN NUTRITION,41,DEPARTMENT OF PUBLIC HEALTH,2808,WIC NUTRITION,155,RENTAL OF PROPERTY,0,0,56091
GRANTS,0X23,WOMEN INFANTS AND CHILDREN NUTRITION,41,DEPARTMENT OF PUBLIC HEALTH,2808,WIC NUTRITION,157,RENTAL EQUIPMENT AND SERVICES,0,0,95500
GRANTS,0X23,WOMEN INFANTS AND CHILDREN NUTRITION,41,DEPARTMENT OF PUBLIC HEALTH,2808,WIC NUTRITION,169,TECHNICAL MEETING COSTS,0,0,11000
GRANTS,0X23,WOMEN INFANTS AND CHILDREN NUTRITION,41,DEPARTMENT OF PUBLIC HEALTH,2808,WIC NUTRITION,190,TELEPHONE - NON-CENTREX BILLINGS,0,0,10000
GRANTS,0X23,WOMEN INFANTS AND CHILDREN NUTRITION,41,DEPARTMENT OF PUBLIC HEALTH,2808,WIC NUTRITION,331,ELECTRICITY,0,0,600
GRANTS,0X24,HIV / AIDS PREVENTION,41,DEPARTMENT OF PUBLIC HEALTH,2812,AIDS PREVENTION,11,CONTRACT WAGE - SALARY,0,0,12089
GRANTS,0X24,HIV / AIDS PREVENTION,41,DEPARTMENT OF PUBLIC HEALTH,2812,AIDS PREVENTION,15,SCHEDULE SALARY ADJUSTMENTS,0,0,16413
GRANTS,0X24,HIV / AIDS PREVENTION,41,DEPARTMENT OF PUBLIC HEALTH,2812,AIDS PREVENTION,20,OVERTIME,0,0,6000
GRANTS,0X24,HIV / AIDS PREVENTION,41,DEPARTMENT OF PUBLIC HEALTH,2812,AIDS PREVENTION,44,FRINGE BENEFITS,0,0,1390946
GRANTS,0X24,HIV / AIDS PREVENTION,41,DEPARTMENT OF PUBLIC HEALTH,2812,AIDS PREVENTION,130,POSTAGE,0,0,2220
GRANTS,0X24,HIV / AIDS PREVENTION,41,DEPARTMENT OF PUBLIC HEALTH,2812,AIDS PREVENTION,135,DELEGATE AGENCIES,0,0,2079366
GRANTS,0X24,HIV / AIDS PREVENTION,41,DEPARTMENT OF PUBLIC HEALTH,2812,AIDS PREVENTION,140,PROFESSIONAL AND TECHNICAL SERVICES,0,0,2246066
GRANTS,0X24,HIV / AIDS PREVENTION,41,DEPARTMENT OF PUBLIC HEALTH,2812,AIDS PREVENTION,150,PUBLICATN & REPRODT-OUT,0,0,5000
GRANTS,0X24,HIV / AIDS PREVENTION,41,DEPARTMENT OF PUBLIC HEALTH,2812,AIDS PREVENTION,169,TECHNICAL MEETING COSTS,0,0,11000
GRANTS,0X24,HIV / AIDS PREVENTION,41,DEPARTMENT OF PUBLIC HEALTH,2812,AIDS PREVENTION,179,MESSENGER SERVICES,0,0,3000
GRANTS,0X24,HIV / AIDS PREVENTION,41,DEPARTMENT OF PUBLIC HEALTH,2812,AIDS PREVENTION,245,REIMBURSEMENT TO TRAVELERS,0,0,20206
GRANTS,0X24,HIV / AIDS PREVENTION,41,DEPARTMENT OF PUBLIC HEALTH,2812,AIDS PREVENTION,270,LOCAL TRANSPORTATION,0,0,1824
GRANTS,0X24,HIV / AIDS PREVENTION,41,DEPARTMENT OF PUBLIC HEALTH,2812,AIDS PREVENTION,340,MATERIAL AND SUPPLIES,0,0,454190
GRANTS,0X24,HIV / AIDS PREVENTION,41,DEPARTMENT OF PUBLIC HEALTH,2812,AIDS PREVENTION,9438,REIMBURSEMENT - 2FM,0,0,20182
GRANTS,0X24,HIV / AIDS PREVENTION,41,DEPARTMENT OF PUBLIC HEALTH,2812,AIDS PREVENTION,9651,REIMB - INDIRECT COSTS,0,0,884000
GRANTS,0X25,SEXUALLY TRANSMITTED DISEASE PREVENTION,41,DEPARTMENT OF PUBLIC HEALTH,2814,SEXUALLY TRANSMITTED DISEASE C,5,SALARIES AND WAGES - ON PAYROLL,0,0,1023979
GRANTS,0X25,SEXUALLY TRANSMITTED DISEASE PREVENTION,41,DEPARTMENT OF PUBLIC HEALTH,2814,SEXUALLY TRANSMITTED DISEASE C,11,CONTRACT WAGE - SALARY,0,0,4042
GRANTS,0X25,SEXUALLY TRANSMITTED DISEASE PREVENTION,41,DEPARTMENT OF PUBLIC HEALTH,2814,SEXUALLY TRANSMITTED DISEASE C,15,SCHEDULE SALARY ADJUSTMENTS,0,0,8437
GRANTS,0X25,SEXUALLY TRANSMITTED DISEASE PREVENTION,41,DEPARTMENT OF PUBLIC HEALTH,2814,SEXUALLY TRANSMITTED DISEASE C,44,FRINGE BENEFITS,0,0,436131
GRANTS,0X25,SEXUALLY TRANSMITTED DISEASE PREVENTION,41,DEPARTMENT OF PUBLIC HEALTH,2814,SEXUALLY TRANSMITTED DISEASE C,140,PROFESSIONAL AND TECHNICAL SERVICES,0,0,239575
GRANTS,0X25,SEXUALLY TRANSMITTED DISEASE PREVENTION,41,DEPARTMENT OF PUBLIC HEALTH,2814,SEXUALLY TRANSMITTED DISEASE C,245,REIMBURSEMENT TO TRAVELERS,0,0,15000
GRANTS,0X25,SEXUALLY TRANSMITTED DISEASE PREVENTION,41,DEPARTMENT OF PUBLIC HEALTH,2814,SEXUALLY TRANSMITTED DISEASE C,270,LOCAL TRANSPORTATION,0,0,2038
GRANTS,0X25,SEXUALLY TRANSMITTED DISEASE PREVENTION,41,DEPARTMENT OF PUBLIC HEALTH,2814,SEXUALLY TRANSMITTED DISEASE C,342,DRUGS  MEDICINE AND CHEMICAL MATERIALS,0,0,148733
GRANTS,0X25,SEXUALLY TRANSMITTED DISEASE PREVENTION,41,DEPARTMENT OF PUBLIC HEALTH,2814,SEXUALLY TRANSMITTED DISEASE C,350,STATIONERY AND OFFICE SUPPLIES,0,0,53867
GRANTS,0X25,SEXUALLY TRANSMITTED DISEASE PREVENTION,41,DEPARTMENT OF PUBLIC HEALTH,2814,SEXUALLY TRANSMITTED DISEASE C,9651,REIMB - INDIRECT COSTS,0,0,187198
GRANTS,0X26,IMMUNIZATIONS AND VACCINES FOR CHILDREN,41,DEPARTMENT OF PUBLIC HEALTH,2820,IMMUNIZATIONS,5,SALARIES AND WAGES - ON PAYROLL,0,0,2390538
GRANTS,0X26,IMMUNIZATIONS AND VACCINES FOR CHILDREN,41,DEPARTMENT OF PUBLIC HEALTH,2820,IMMUNIZATIONS,11,CONTRACT WAGE - SALARY,0,0,7377
GRANTS,0X26,IMMUNIZATIONS AND VACCINES FOR CHILDREN,41,DEPARTMENT OF PUBLIC HEALTH,2820,IMMUNIZATIONS,15,SCHEDULE SALARY ADJUSTMENTS,0,0,12201
GRANTS,0X26,IMMUNIZATIONS AND VACCINES FOR CHILDREN,41,DEPARTMENT OF PUBLIC HEALTH,2820,IMMUNIZATIONS,44,FRINGE BENEFITS,0,0,1038108
GRANTS,0X26,IMMUNIZATIONS AND VACCINES FOR CHILDREN,41,DEPARTMENT OF PUBLIC HEALTH,2820,IMMUNIZATIONS,91,UNIFORM ALLOWANCE,0,0,2400
GRANTS,0X26,IMMUNIZATIONS AND VACCINES FOR CHILDREN,41,DEPARTMENT OF PUBLIC HEALTH,2820,IMMUNIZATIONS,125,OFFICE AND BUILDING SERVICES,0,0,2500
GRANTS,0X26,IMMUNIZATIONS AND VACCINES FOR CHILDREN,41,DEPARTMENT OF PUBLIC HEALTH,2820,IMMUNIZATIONS,130,POSTAGE,0,0,8700
GRANTS,0X26,IMMUNIZATIONS AND VACCINES FOR CHILDREN,41,DEPARTMENT OF PUBLIC HEALTH,2820,IMMUNIZATIONS,140,PROFESSIONAL AND TECHNICAL SERVICES,0,0,492092
GRANTS,0X26,IMMUNIZATIONS AND VACCINES FOR CHILDREN,41,DEPARTMENT OF PUBLIC HEALTH,2820,IMMUNIZATIONS,150,PUBLICATN & REPRODT-OUT,0,0,53495
GRANTS,0X26,IMMUNIZATIONS AND VACCINES FOR CHILDREN,41,DEPARTMENT OF PUBLIC HEALTH,2820,IMMUNIZATIONS,152,ADVERTISING,0,0,13500
GRANTS,0X26,IMMUNIZATIONS AND VACCINES FOR CHILDREN,41,DEPARTMENT OF PUBLIC HEALTH,2820,IMMUNIZATIONS,157,RENTAL EQUIPMENT AND SERVICES,0,0,18000
GRANTS,0X26,IMMUNIZATIONS AND VACCINES FOR CHILDREN,41,DEPARTMENT OF PUBLIC HEALTH,2820,IMMUNIZATIONS,162,REPAIR/MAINT EQUIPMENT,0,0,10000
GRANTS,0X26,IMMUNIZATIONS AND VACCINES FOR CHILDREN,41,DEPARTMENT OF PUBLIC HEALTH,2820,IMMUNIZATIONS,166,DUES  SUBSC & MEM,0,0,5350
GRANTS,0X26,IMMUNIZATIONS AND VACCINES FOR CHILDREN,41,DEPARTMENT OF PUBLIC HEALTH,2820,IMMUNIZATIONS,168,EDUCATION DEVELOPMENT,0,0,5000
GRANTS,0X26,IMMUNIZATIONS AND VACCINES FOR CHILDREN,41,DEPARTMENT OF PUBLIC HEALTH,2820,IMMUNIZATIONS,169,TECHNICAL MEETING COSTS,0,0,3000
GRANTS,0X26,IMMUNIZATIONS AND VACCINES FOR CHILDREN,41,DEPARTMENT OF PUBLIC HEALTH,2820,IMMUNIZATIONS,181,MOBILE COMMUNICATION SERVICES,0,0,7900
GRANTS,0X26,IMMUNIZATIONS AND VACCINES FOR CHILDREN,41,DEPARTMENT OF PUBLIC HEALTH,2820,IMMUNIZATIONS,190,TELEPHONE - NON-CENTREX BILLINGS,0,0,9300
GRANTS,0X26,IMMUNIZATIONS AND VACCINES FOR CHILDREN,41,DEPARTMENT OF PUBLIC HEALTH,2820,IMMUNIZATIONS,229,TRANSPORTATION AND EXPENSE ALLOWANCE,0,0,13803
GRANTS,0X26,IMMUNIZATIONS AND VACCINES FOR CHILDREN,41,DEPARTMENT OF PUBLIC HEALTH,2820,IMMUNIZATIONS,245,REIMBURSEMENT TO TRAVELERS,0,0,11928
GRANTS,0X26,IMMUNIZATIONS AND VACCINES FOR CHILDREN,41,DEPARTMENT OF PUBLIC HEALTH,2820,IMMUNIZATIONS,340,MATERIAL AND SUPPLIES,0,0,96080
GRANTS,0X26,IMMUNIZATIONS AND VACCINES FOR CHILDREN,41,DEPARTMENT OF PUBLIC HEALTH,2820,IMMUNIZATIONS,342,DRUGS  MEDICINE AND CHEMICAL MATERIALS,0,0,2100
GRANTS,0X26,IMMUNIZATIONS AND VACCINES FOR CHILDREN,41,DEPARTMENT OF PUBLIC HEALTH,2820,IMMUNIZATIONS,345,APPARATUS AND INSTRUMENTS,0,0,6200
GRANTS,0X26,IMMUNIZATIONS AND VACCINES FOR CHILDREN,41,DEPARTMENT OF PUBLIC HEALTH,2820,IMMUNIZATIONS,348,BOOKS AND RELATED MATERIAL,0,0,39500
GRANTS,0X26,IMMUNIZATIONS AND VACCINES FOR CHILDREN,41,DEPARTMENT OF PUBLIC HEALTH,2820,IMMUNIZATIONS,350,STATIONERY AND OFFICE SUPPLIES,0,0,6700
GRANTS,0X26,IMMUNIZATIONS AND VACCINES FOR CHILDREN,41,DEPARTMENT OF PUBLIC HEALTH,2820,IMMUNIZATIONS,801,INDIRECT COSTS,0,0,433228
GRANTS,0X27,TUBERCULOSIS CONTROL,41,DEPARTMENT OF PUBLIC HEALTH,2824,TUBERCULOSIS CONTROL,5,SALARIES AND WAGES - ON PAYROLL,0,0,520638
GRANTS,0X27,TUBERCULOSIS CONTROL,41,DEPARTMENT OF PUBLIC HEALTH,2824,TUBERCULOSIS CONTROL,11,CONTRACT WAGE - SALARY,0,0,2151
GRANTS,0X27,TUBERCULOSIS CONTROL,41,DEPARTMENT OF PUBLIC HEALTH,2824,TUBERCULOSIS CONTROL,15,SCHEDULE SALARY ADJUSTMENTS,0,0,3621
GRANTS,0X27,TUBERCULOSIS CONTROL,41,DEPARTMENT OF PUBLIC HEALTH,2824,TUBERCULOSIS CONTROL,44,FRINGE BENEFITS,0,0,221749
GRANTS,0X27,TUBERCULOSIS CONTROL,41,DEPARTMENT OF PUBLIC HEALTH,2824,TUBERCULOSIS CONTROL,91,UNIFORM ALLOWANCE,0,0,600
GRANTS,0X27,TUBERCULOSIS CONTROL,41,DEPARTMENT OF PUBLIC HEALTH,2824,TUBERCULOSIS CONTROL,130,POSTAGE,0,0,200
GRANTS,0X27,TUBERCULOSIS CONTROL,41,DEPARTMENT OF PUBLIC HEALTH,2824,TUBERCULOSIS CONTROL,140,PROFESSIONAL AND TECHNICAL SERVICES,0,0,235845
GRANTS,0X27,TUBERCULOSIS CONTROL,41,DEPARTMENT OF PUBLIC HEALTH,2824,TUBERCULOSIS CONTROL,181,MOBILE COMMUNICATION SERVICES,0,0,10112
GRANTS,0X27,TUBERCULOSIS CONTROL,41,DEPARTMENT OF PUBLIC HEALTH,2824,TUBERCULOSIS CONTROL,229,TRANSPORTATION AND EXPENSE ALLOWANCE,0,0,21120
GRANTS,0X27,TUBERCULOSIS CONTROL,41,DEPARTMENT OF PUBLIC HEALTH,2824,TUBERCULOSIS CONTROL,340,MATERIAL AND SUPPLIES,0,0,6464
GRANTS,0X27,TUBERCULOSIS CONTROL,41,DEPARTMENT OF PUBLIC HEALTH,2824,TUBERCULOSIS CONTROL,350,STATIONERY AND OFFICE SUPPLIES,0,0,2500
GRANTS,0X28,HIV / AIDS SURVEILLANCE,41,DEPARTMENT OF PUBLIC HEALTH,2733,HIV / AIDS Surveillance,5,SALARIES AND WAGES - ON PAYROLL,0,0,714511
GRANTS,0X28,HIV / AIDS SURVEILLANCE,41,DEPARTMENT OF PUBLIC HEALTH,2733,HIV / AIDS Surveillance,11,CONTRACT WAGE - SALARY,0,0,3489
GRANTS,0X28,HIV / AIDS SURVEILLANCE,41,DEPARTMENT OF PUBLIC HEALTH,2733,HIV / AIDS Surveillance,15,SCHEDULE SALARY ADJUSTMENTS,0,0,2729
GRANTS,0X28,HIV / AIDS SURVEILLANCE,41,DEPARTMENT OF PUBLIC HEALTH,2733,HIV / AIDS Surveillance,44,FRINGE BENEFITS,0,0,319162
GRANTS,0X28,HIV / AIDS SURVEILLANCE,41,DEPARTMENT OF PUBLIC HEALTH,2733,HIV / AIDS Surveillance,140,PROFESSIONAL AND TECHNICAL SERVICES,0,0,324139
GRANTS,0X28,HIV / AIDS SURVEILLANCE,41,DEPARTMENT OF PUBLIC HEALTH,2733,HIV / AIDS Surveillance,245,REIMBURSEMENT TO TRAVELERS,0,0,7559
GRANTS,0X28,HIV / AIDS SURVEILLANCE,41,DEPARTMENT OF PUBLIC HEALTH,2733,HIV / AIDS Surveillance,340,MATERIAL AND SUPPLIES,0,0,2364
GRANTS,0X28,HIV / AIDS SURVEILLANCE,41,DEPARTMENT OF PUBLIC HEALTH,2733,HIV / AIDS Surveillance,801,INDIRECT COSTS,0,0,12047
GRANTS,0X29,BIOTERRORISM PREPAREDNESS RESPONSE PLAN,41,DEPARTMENT OF PUBLIC HEALTH,2829,BIOTERRORISM RESPONSE,5,SALARIES AND WAGES - ON PAYROLL,0,0,3718061
GRANTS,0X29,BIOTERRORISM PREPAREDNESS RESPONSE PLAN,41,DEPARTMENT OF PUBLIC HEALTH,2829,BIOTERRORISM RESPONSE,11,CONTRACT WAGE - SALARY,0,0,8935
GRANTS,0X29,BIOTERRORISM PREPAREDNESS RESPONSE PLAN,41,DEPARTMENT OF PUBLIC HEALTH,2829,BIOTERRORISM RESPONSE,15,SCHEDULE SALARY ADJUSTMENTS,0,0,14902
GRANTS,0X29,BIOTERRORISM PREPAREDNESS RESPONSE PLAN,41,DEPARTMENT OF PUBLIC HEALTH,2829,BIOTERRORISM RESPONSE,44,FRINGE BENEFITS,0,0,1634383
GRANTS,0X29,BIOTERRORISM PREPAREDNESS RESPONSE PLAN,41,DEPARTMENT OF PUBLIC HEALTH,2829,BIOTERRORISM RESPONSE,140,PROFESSIONAL AND TECHNICAL SERVICES,0,0,1067937
GRANTS,0X29,BIOTERRORISM PREPAREDNESS RESPONSE PLAN,41,DEPARTMENT OF PUBLIC HEALTH,2829,BIOTERRORISM RESPONSE,229,TRANSPORTATION AND EXPENSE ALLOWANCE,0,0,800
GRANTS,0X29,BIOTERRORISM PREPAREDNESS RESPONSE PLAN,41,DEPARTMENT OF PUBLIC HEALTH,2829,BIOTERRORISM RESPONSE,245,REIMBURSEMENT TO TRAVELERS,0,0,29647
GRANTS,0X29,BIOTERRORISM PREPAREDNESS RESPONSE PLAN,41,DEPARTMENT OF PUBLIC HEALTH,2829,BIOTERRORISM RESPONSE,270,LOCAL TRANSPORTATION,0,0,12508
GRANTS,0X29,BIOTERRORISM PREPAREDNESS RESPONSE PLAN,41,DEPARTMENT OF PUBLIC HEALTH,2829,BIOTERRORISM RESPONSE,340,MATERIAL AND SUPPLIES,0,0,1239980
GRANTS,0X29,BIOTERRORISM PREPAREDNESS RESPONSE PLAN,41,DEPARTMENT OF PUBLIC HEALTH,2829,BIOTERRORISM RESPONSE,348,BOOKS AND RELATED MATERIAL,0,0,24118
GRANTS,0X29,BIOTERRORISM PREPAREDNESS RESPONSE PLAN,41,DEPARTMENT OF PUBLIC HEALTH,2829,BIOTERRORISM RESPONSE,350,STATIONERY AND OFFICE SUPPLIES,0,0,25833
GRANTS,0X29,BIOTERRORISM PREPAREDNESS RESPONSE PLAN,41,DEPARTMENT OF PUBLIC HEALTH,2829,BIOTERRORISM RESPONSE,421,MACHINERY AND EQUIPMENT,0,0,10000
GRANTS,0X29,BIOTERRORISM PREPAREDNESS RESPONSE PLAN,41,DEPARTMENT OF PUBLIC HEALTH,2829,BIOTERRORISM RESPONSE,426,OUTDOOR EQUIPMENT,0,0,251160
GRANTS,0X29,BIOTERRORISM PREPAREDNESS RESPONSE PLAN,41,DEPARTMENT OF PUBLIC HEALTH,2829,BIOTERRORISM RESPONSE,9651,REIMB - INDIRECT COSTS,0,0,1077950
GRANTS,0X30,HEALTHY FAMILIES ILLINOIS,41,DEPARTMENT OF PUBLIC HEALTH,2849,HEALTHY FAMILIES ILLINOIS,5,SALARIES AND WAGES - ON PAYROLL,0,0,81673
GRANTS,0X30,HEALTHY FAMILIES ILLINOIS,41,DEPARTMENT OF PUBLIC HEALTH,2849,HEALTHY FAMILIES ILLINOIS,15,SCHEDULE SALARY ADJUSTMENTS,0,0,966
GRANTS,0X30,HEALTHY FAMILIES ILLINOIS,41,DEPARTMENT OF PUBLIC HEALTH,2849,HEALTHY FAMILIES ILLINOIS,44,FRINGE BENEFITS,0,0,34786
GRANTS,0X30,HEALTHY FAMILIES ILLINOIS,41,DEPARTMENT OF PUBLIC HEALTH,2849,HEALTHY FAMILIES ILLINOIS,130,POSTAGE,0,0,1450
GRANTS,0X30,HEALTHY FAMILIES ILLINOIS,41,DEPARTMENT OF PUBLIC HEALTH,2849,HEALTHY FAMILIES ILLINOIS,135,DELEGATE AGENCIES,0,0,90066
GRANTS,0X30,HEALTHY FAMILIES ILLINOIS,41,DEPARTMENT OF PUBLIC HEALTH,2849,HEALTHY FAMILIES ILLINOIS,140,PROFESSIONAL AND TECHNICAL SERVICES,0,0,25253
GRANTS,0X30,HEALTHY FAMILIES ILLINOIS,41,DEPARTMENT OF PUBLIC HEALTH,2849,HEALTHY FAMILIES ILLINOIS,150,PUBLICATN & REPRODT-OUT,0,0,1743
GRANTS,0X30,HEALTHY FAMILIES ILLINOIS,41,DEPARTMENT OF PUBLIC HEALTH,2849,HEALTHY FAMILIES ILLINOIS,169,TECHNICAL MEETING COSTS,0,0,500
GRANTS,0X30,HEALTHY FAMILIES ILLINOIS,41,DEPARTMENT OF PUBLIC HEALTH,2849,HEALTHY FAMILIES ILLINOIS,181,MOBILE COMMUNICATION SERVICES,0,0,450
GRANTS,0X30,HEALTHY FAMILIES ILLINOIS,41,DEPARTMENT OF PUBLIC HEALTH,2849,HEALTHY FAMILIES ILLINOIS,190,TELEPHONE - NON-CENTREX BILLINGS,0,0,1000
GRANTS,0X30,HEALTHY FAMILIES ILLINOIS,41,DEPARTMENT OF PUBLIC HEALTH,2849,HEALTHY FAMILIES ILLINOIS,270,LOCAL TRANSPORTATION,0,0,813
GRANTS,0X30,HEALTHY FAMILIES ILLINOIS,41,DEPARTMENT OF PUBLIC HEALTH,2849,HEALTHY FAMILIES ILLINOIS,350,STATIONERY AND OFFICE SUPPLIES,0,0,2300
GRANTS,0X31,TOBACCO FREE COMMUNITIES,41,DEPARTMENT OF PUBLIC HEALTH,2868,TOBACCO FREE COMMUNITIES,5,SALARIES AND WAGES - ON PAYROLL,0,0,467698
GRANTS,0X31,TOBACCO FREE COMMUNITIES,41,DEPARTMENT OF PUBLIC HEALTH,2868,TOBACCO FREE COMMUNITIES,11,CONTRACT WAGE - SALARY,0,0,1711
GRANTS,0X31,TOBACCO FREE COMMUNITIES,41,DEPARTMENT OF PUBLIC HEALTH,2868,TOBACCO FREE COMMUNITIES,15,SCHEDULE SALARY ADJUSTMENTS,0,0,858
GRANTS,0X31,TOBACCO FREE COMMUNITIES,41,DEPARTMENT OF PUBLIC HEALTH,2868,TOBACCO FREE COMMUNITIES,44,FRINGE BENEFITS,0,0,202781
GRANTS,0X31,TOBACCO FREE COMMUNITIES,41,DEPARTMENT OF PUBLIC HEALTH,2868,TOBACCO FREE COMMUNITIES,140,PROFESSIONAL AND TECHNICAL SERVICES,0,0,276787
GRANTS,0X31,TOBACCO FREE COMMUNITIES,41,DEPARTMENT OF PUBLIC HEALTH,2868,TOBACCO FREE COMMUNITIES,150,PUBLICATN & REPRODT-OUT,0,0,25000
GRANTS,0X31,TOBACCO FREE COMMUNITIES,41,DEPARTMENT OF PUBLIC HEALTH,2868,TOBACCO FREE COMMUNITIES,190,TELEPHONE - NON-CENTREX BILLINGS,0,0,11604
GRANTS,0X31,TOBACCO FREE COMMUNITIES,41,DEPARTMENT OF PUBLIC HEALTH,2868,TOBACCO FREE COMMUNITIES,229,TRANSPORTATION AND EXPENSE ALLOWANCE,0,0,15516
GRANTS,0X31,TOBACCO FREE COMMUNITIES,41,DEPARTMENT OF PUBLIC HEALTH,2868,TOBACCO FREE COMMUNITIES,350,STATIONERY AND OFFICE SUPPLIES,0,0,23045
GRANTS,0X32,DENTAL SEALANT,41,DEPARTMENT OF PUBLIC HEALTH,2871,DENTAL SEALANT GRANT,5,SALARIES AND WAGES - ON PAYROLL,0,0,20000
GRANTS,0X32,DENTAL SEALANT,41,DEPARTMENT OF PUBLIC HEALTH,2871,DENTAL SEALANT GRANT,44,FRINGE BENEFITS,0,0,8348
GRANTS,0X32,DENTAL SEALANT,41,DEPARTMENT OF PUBLIC HEALTH,2871,DENTAL SEALANT GRANT,150,PUBLICATN & REPRODT-OUT,0,0,19632
GRANTS,0X32,DENTAL SEALANT,41,DEPARTMENT OF PUBLIC HEALTH,2871,DENTAL SEALANT GRANT,169,TECHNICAL MEETING COSTS,0,0,1000
GRANTS,0X32,DENTAL SEALANT,41,DEPARTMENT OF PUBLIC HEALTH,2871,DENTAL SEALANT GRANT,245,REIMBURSEMENT TO TRAVELERS,0,0,1500
GRANTS,0X32,DENTAL SEALANT,41,DEPARTMENT OF PUBLIC HEALTH,2871,DENTAL SEALANT GRANT,270,LOCAL TRANSPORTATION,0,0,1000
GRANTS,0X32,DENTAL SEALANT,41,DEPARTMENT OF PUBLIC HEALTH,2871,DENTAL SEALANT GRANT,342,DRUGS  MEDICINE AND CHEMICAL MATERIALS,0,0,3000
GRANTS,0X32,DENTAL SEALANT,41,DEPARTMENT OF PUBLIC HEALTH,2871,DENTAL SEALANT GRANT,345,APPARATUS AND INSTRUMENTS,0,0,4020
GRANTS,0X32,DENTAL SEALANT,41,DEPARTMENT OF PUBLIC HEALTH,2871,DENTAL SEALANT GRANT,350,STATIONERY AND OFFICE SUPPLIES,0,0,1500
GRANTS,0X33,TANNING FACILITIES INSPECTIONS,41,DEPARTMENT OF PUBLIC HEALTH,2878,TANNING FACILITIES INSPECTIONS,140,PROFESSIONAL AND TECHNICAL SERVICES,0,0,9289
GRANTS,0X33,TANNING FACILITIES INSPECTIONS,41,DEPARTMENT OF PUBLIC HEALTH,2878,TANNING FACILITIES INSPECTIONS,340,MATERIAL AND SUPPLIES,0,0,1711
GRANTS,0X34,BIOTERRORISM HOSPITAL PREPAREDNESS PGM,41,DEPARTMENT OF PUBLIC HEALTH,2883,BIOTERRORISM HOSPITAL PREP,5,SALARIES AND WAGES - ON PAYROLL,0,0,313709
GRANTS,0X34,BIOTERRORISM HOSPITAL PREPAREDNESS PGM,41,DEPARTMENT OF PUBLIC HEALTH,2883,BIOTERRORISM HOSPITAL PREP,11,CONTRACT WAGE - SALARY,0,0,713
GRANTS,0X34,BIOTERRORISM HOSPITAL PREPAREDNESS PGM,41,DEPARTMENT OF PUBLIC HEALTH,2883,BIOTERRORISM HOSPITAL PREP,44,FRINGE BENEFITS,0,0,141044
GRANTS,0X34,BIOTERRORISM HOSPITAL PREPAREDNESS PGM,41,DEPARTMENT OF PUBLIC HEALTH,2883,BIOTERRORISM HOSPITAL PREP,140,PROFESSIONAL AND TECHNICAL SERVICES,0,0,376255
GRANTS,0X34,BIOTERRORISM HOSPITAL PREPAREDNESS PGM,41,DEPARTMENT OF PUBLIC HEALTH,2883,BIOTERRORISM HOSPITAL PREP,245,REIMBURSEMENT TO TRAVELERS,0,0,19664
GRANTS,0X34,BIOTERRORISM HOSPITAL PREPAREDNESS PGM,41,DEPARTMENT OF PUBLIC HEALTH,2883,BIOTERRORISM HOSPITAL PREP,270,LOCAL TRANSPORTATION,0,0,6060
GRANTS,0X34,BIOTERRORISM HOSPITAL PREPAREDNESS PGM,41,DEPARTMENT OF PUBLIC HEALTH,2883,BIOTERRORISM HOSPITAL PREP,350,STATIONERY AND OFFICE SUPPLIES,0,0,9915
GRANTS,0K89,HOME PROGRAM,54,PLANNING AND DEVELOPMENT,2819,HOME INVESTMENT PARTNERSHIP,44,FRINGE BENEFITS,0,0,317434
GRANTS,0X34,BIOTERRORISM HOSPITAL PREPAREDNESS PGM,41,DEPARTMENT OF PUBLIC HEALTH,2883,BIOTERRORISM HOSPITAL PREP,999,CULTURAL PROGRAMMING GRANTS,0,0,1138377
GRANTS,0X34,BIOTERRORISM HOSPITAL PREPAREDNESS PGM,41,DEPARTMENT OF PUBLIC HEALTH,2883,BIOTERRORISM HOSPITAL PREP,9651,REIMB - INDIRECT COSTS,0,0,731263
GRANTS,0X35,LEAD BASED PAINT HAZARD CONTROL,41,DEPARTMENT OF PUBLIC HEALTH,2884,LEAD-BASED PAINT HAZARD,140,PROFESSIONAL AND TECHNICAL SERVICES,0,0,376000
GRANTS,0X35,LEAD BASED PAINT HAZARD CONTROL,41,DEPARTMENT OF PUBLIC HEALTH,2884,LEAD-BASED PAINT HAZARD,9651,REIMB - INDIRECT COSTS,0,0,24000
GRANTS,0X36,MORBIDITY AND RISK BEHAVIOR SURVEILLANCE,41,DEPARTMENT OF PUBLIC HEALTH,2887,MORBIDITY AND RISK BEHAVIOR,5,SALARIES AND WAGES - ON PAYROLL,0,0,139732
GRANTS,0X36,MORBIDITY AND RISK BEHAVIOR SURVEILLANCE,41,DEPARTMENT OF PUBLIC HEALTH,2887,MORBIDITY AND RISK BEHAVIOR,11,CONTRACT WAGE - SALARY,0,0,713
GRANTS,0X36,MORBIDITY AND RISK BEHAVIOR SURVEILLANCE,41,DEPARTMENT OF PUBLIC HEALTH,2887,MORBIDITY AND RISK BEHAVIOR,44,FRINGE BENEFITS,0,0,59515
GRANTS,0X36,MORBIDITY AND RISK BEHAVIOR SURVEILLANCE,41,DEPARTMENT OF PUBLIC HEALTH,2887,MORBIDITY AND RISK BEHAVIOR,140,PROFESSIONAL AND TECHNICAL SERVICES,0,0,321043
GRANTS,0X36,MORBIDITY AND RISK BEHAVIOR SURVEILLANCE,41,DEPARTMENT OF PUBLIC HEALTH,2887,MORBIDITY AND RISK BEHAVIOR,9651,REIMB - INDIRECT COSTS,0,0,12997
GRANTS,0X37,CHICAGO FAMILY CASE MANAGEMENT,41,DEPARTMENT OF PUBLIC HEALTH,2894,HEALTHY MOMS/HEALTHY KIDS,5,SALARIES AND WAGES - ON PAYROLL,0,0,905193
GRANTS,0X37,CHICAGO FAMILY CASE MANAGEMENT,41,DEPARTMENT OF PUBLIC HEALTH,2894,HEALTHY MOMS/HEALTHY KIDS,11,CONTRACT WAGE - SALARY,0,0,1393
GRANTS,0X37,CHICAGO FAMILY CASE MANAGEMENT,41,DEPARTMENT OF PUBLIC HEALTH,2894,HEALTHY MOMS/HEALTHY KIDS,15,SCHEDULE SALARY ADJUSTMENTS,0,0,6268
GRANTS,0X37,CHICAGO FAMILY CASE MANAGEMENT,41,DEPARTMENT OF PUBLIC HEALTH,2894,HEALTHY MOMS/HEALTHY KIDS,44,FRINGE BENEFITS,0,0,396146
GRANTS,0X38,MATERNAL AND CHILD HEALTH BLOCK GRANT,41,DEPARTMENT OF PUBLIC HEALTH,2910,MATERNAL AND CHILD HEALTH,5,SALARIES AND WAGES - ON PAYROLL,0,0,3290125
GRANTS,0X38,MATERNAL AND CHILD HEALTH BLOCK GRANT,41,DEPARTMENT OF PUBLIC HEALTH,2910,MATERNAL AND CHILD HEALTH,11,CONTRACT WAGE - SALARY,0,0,3525
GRANTS,0X38,MATERNAL AND CHILD HEALTH BLOCK GRANT,41,DEPARTMENT OF PUBLIC HEALTH,2910,MATERNAL AND CHILD HEALTH,15,SCHEDULE SALARY ADJUSTMENTS,0,0,8215
GRANTS,0X38,MATERNAL AND CHILD HEALTH BLOCK GRANT,41,DEPARTMENT OF PUBLIC HEALTH,2910,MATERNAL AND CHILD HEALTH,44,FRINGE BENEFITS,0,0,1415935
GRANTS,0X38,MATERNAL AND CHILD HEALTH BLOCK GRANT,41,DEPARTMENT OF PUBLIC HEALTH,2910,MATERNAL AND CHILD HEALTH,91,UNIFORM ALLOWANCE,0,0,13800
GRANTS,0X38,MATERNAL AND CHILD HEALTH BLOCK GRANT,41,DEPARTMENT OF PUBLIC HEALTH,2910,MATERNAL AND CHILD HEALTH,130,POSTAGE,0,0,2170
GRANTS,0X38,MATERNAL AND CHILD HEALTH BLOCK GRANT,41,DEPARTMENT OF PUBLIC HEALTH,2910,MATERNAL AND CHILD HEALTH,140,PROFESSIONAL AND TECHNICAL SERVICES,0,0,118817
GRANTS,0X38,MATERNAL AND CHILD HEALTH BLOCK GRANT,41,DEPARTMENT OF PUBLIC HEALTH,2910,MATERNAL AND CHILD HEALTH,150,PUBLICATN & REPRODT-OUT,0,0,15683
GRANTS,0X38,MATERNAL AND CHILD HEALTH BLOCK GRANT,41,DEPARTMENT OF PUBLIC HEALTH,2910,MATERNAL AND CHILD HEALTH,160,REPAIR/MAINT PROPERTY,0,0,2500
GRANTS,0X38,MATERNAL AND CHILD HEALTH BLOCK GRANT,41,DEPARTMENT OF PUBLIC HEALTH,2910,MATERNAL AND CHILD HEALTH,166,DUES  SUBSC & MEM,0,0,2300
GRANTS,0X38,MATERNAL AND CHILD HEALTH BLOCK GRANT,41,DEPARTMENT OF PUBLIC HEALTH,2910,MATERNAL AND CHILD HEALTH,169,TECHNICAL MEETING COSTS,0,0,7500
GRANTS,0X38,MATERNAL AND CHILD HEALTH BLOCK GRANT,41,DEPARTMENT OF PUBLIC HEALTH,2910,MATERNAL AND CHILD HEALTH,186,PAGERS,0,0,2248
GRANTS,0X38,MATERNAL AND CHILD HEALTH BLOCK GRANT,41,DEPARTMENT OF PUBLIC HEALTH,2910,MATERNAL AND CHILD HEALTH,190,TELEPHONE - NON-CENTREX BILLINGS,0,0,19000
GRANTS,0X38,MATERNAL AND CHILD HEALTH BLOCK GRANT,41,DEPARTMENT OF PUBLIC HEALTH,2910,MATERNAL AND CHILD HEALTH,229,TRANSPORTATION AND EXPENSE ALLOWANCE,0,0,5750
GRANTS,0X38,MATERNAL AND CHILD HEALTH BLOCK GRANT,41,DEPARTMENT OF PUBLIC HEALTH,2910,MATERNAL AND CHILD HEALTH,245,REIMBURSEMENT TO TRAVELERS,0,0,6256
GRANTS,0X38,MATERNAL AND CHILD HEALTH BLOCK GRANT,41,DEPARTMENT OF PUBLIC HEALTH,2910,MATERNAL AND CHILD HEALTH,270,LOCAL TRANSPORTATION,0,0,5046
GRANTS,0X38,MATERNAL AND CHILD HEALTH BLOCK GRANT,41,DEPARTMENT OF PUBLIC HEALTH,2910,MATERNAL AND CHILD HEALTH,340,MATERIAL AND SUPPLIES,0,0,11390
GRANTS,0X38,MATERNAL AND CHILD HEALTH BLOCK GRANT,41,DEPARTMENT OF PUBLIC HEALTH,2910,MATERNAL AND CHILD HEALTH,348,BOOKS AND RELATED MATERIAL,0,0,19000
GRANTS,0X38,MATERNAL AND CHILD HEALTH BLOCK GRANT,41,DEPARTMENT OF PUBLIC HEALTH,2910,MATERNAL AND CHILD HEALTH,350,STATIONERY AND OFFICE SUPPLIES,0,0,19800
GRANTS,0X38,MATERNAL AND CHILD HEALTH BLOCK GRANT,41,DEPARTMENT OF PUBLIC HEALTH,2910,MATERNAL AND CHILD HEALTH,446,PURCHASE - DATA HARDWARE,0,0,18940
GRANTS,0X38,MATERNAL AND CHILD HEALTH BLOCK GRANT,41,DEPARTMENT OF PUBLIC HEALTH,2910,MATERNAL AND CHILD HEALTH,9438,REIMBURSEMENT - 2FM,0,0,12000
GRANTS,0X39,HOUSING OPPORTUNITIES FOR PEOPLE W/ AIDS,41,DEPARTMENT OF PUBLIC HEALTH,2932,HOPWA,5,SALARIES AND WAGES - ON PAYROLL,0,0,259401
GRANTS,0X39,HOUSING OPPORTUNITIES FOR PEOPLE W/ AIDS,41,DEPARTMENT OF PUBLIC HEALTH,2932,HOPWA,11,CONTRACT WAGE - SALARY,0,0,449
GRANTS,0X39,HOUSING OPPORTUNITIES FOR PEOPLE W/ AIDS,41,DEPARTMENT OF PUBLIC HEALTH,2932,HOPWA,44,FRINGE BENEFITS,0,0,110484
GRANTS,0X39,HOUSING OPPORTUNITIES FOR PEOPLE W/ AIDS,41,DEPARTMENT OF PUBLIC HEALTH,2932,HOPWA,50,STIPENDS,0,0,1000
GRANTS,0X39,HOUSING OPPORTUNITIES FOR PEOPLE W/ AIDS,41,DEPARTMENT OF PUBLIC HEALTH,2932,HOPWA,130,POSTAGE,0,0,500
GRANTS,0X39,HOUSING OPPORTUNITIES FOR PEOPLE W/ AIDS,41,DEPARTMENT OF PUBLIC HEALTH,2932,HOPWA,138,IT MAINTENANCE,0,0,2277
GRANTS,0X39,HOUSING OPPORTUNITIES FOR PEOPLE W/ AIDS,41,DEPARTMENT OF PUBLIC HEALTH,2932,HOPWA,140,PROFESSIONAL AND TECHNICAL SERVICES,0,0,7466470
GRANTS,0X39,HOUSING OPPORTUNITIES FOR PEOPLE W/ AIDS,41,DEPARTMENT OF PUBLIC HEALTH,2932,HOPWA,150,PUBLICATN & REPRODT-OUT,0,0,515
GRANTS,0X39,HOUSING OPPORTUNITIES FOR PEOPLE W/ AIDS,41,DEPARTMENT OF PUBLIC HEALTH,2932,HOPWA,190,TELEPHONE - NON-CENTREX BILLINGS,0,0,1244
GRANTS,0X39,HOUSING OPPORTUNITIES FOR PEOPLE W/ AIDS,41,DEPARTMENT OF PUBLIC HEALTH,2932,HOPWA,245,REIMBURSEMENT TO TRAVELERS,0,0,18000
GRANTS,0X39,HOUSING OPPORTUNITIES FOR PEOPLE W/ AIDS,41,DEPARTMENT OF PUBLIC HEALTH,2932,HOPWA,350,STATIONERY AND OFFICE SUPPLIES,0,0,660
GRANTS,0X39,HOUSING OPPORTUNITIES FOR PEOPLE W/ AIDS,41,DEPARTMENT OF PUBLIC HEALTH,2932,HOPWA,9438,REIMBURSEMENT - 2FM,0,0,5000
GRANTS,0X41,MOSQUITO VECTOR PREVENTION PROGRAM,41,DEPARTMENT OF PUBLIC HEALTH,2960,VECTOR CONTROL TIRE FUND,5,SALARIES AND WAGES - ON PAYROLL,0,0,81673
GRANTS,0X41,MOSQUITO VECTOR PREVENTION PROGRAM,41,DEPARTMENT OF PUBLIC HEALTH,2960,VECTOR CONTROL TIRE FUND,44,FRINGE BENEFITS,0,0,34786
GRANTS,0X41,MOSQUITO VECTOR PREVENTION PROGRAM,41,DEPARTMENT OF PUBLIC HEALTH,2960,VECTOR CONTROL TIRE FUND,140,PROFESSIONAL AND TECHNICAL SERVICES,0,0,322816
GRANTS,0X41,MOSQUITO VECTOR PREVENTION PROGRAM,41,DEPARTMENT OF PUBLIC HEALTH,2960,VECTOR CONTROL TIRE FUND,245,REIMBURSEMENT TO TRAVELERS,0,0,3946
GRANTS,0X41,MOSQUITO VECTOR PREVENTION PROGRAM,41,DEPARTMENT OF PUBLIC HEALTH,2960,VECTOR CONTROL TIRE FUND,342,DRUGS  MEDICINE AND CHEMICAL MATERIALS,0,0,5000
GRANTS,0X41,MOSQUITO VECTOR PREVENTION PROGRAM,41,DEPARTMENT OF PUBLIC HEALTH,2960,VECTOR CONTROL TIRE FUND,801,INDIRECT COSTS,0,0,78779
GRANTS,0X42,HIV BEHAVIORAL SURVEILLANCE,41,DEPARTMENT OF PUBLIC HEALTH,2978,HIV BEHAVIORAL SURVEILLANCE,5,SALARIES AND WAGES - ON PAYROLL,0,0,141906
GRANTS,0X42,HIV BEHAVIORAL SURVEILLANCE,41,DEPARTMENT OF PUBLIC HEALTH,2978,HIV BEHAVIORAL SURVEILLANCE,11,CONTRACT WAGE - SALARY,0,0,353
GRANTS,0X42,HIV BEHAVIORAL SURVEILLANCE,41,DEPARTMENT OF PUBLIC HEALTH,2978,HIV BEHAVIORAL SURVEILLANCE,15,SCHEDULE SALARY ADJUSTMENTS,0,0,2664
GRANTS,0X42,HIV BEHAVIORAL SURVEILLANCE,41,DEPARTMENT OF PUBLIC HEALTH,2978,HIV BEHAVIORAL SURVEILLANCE,44,FRINGE BENEFITS,0,0,65180
GRANTS,0X42,HIV BEHAVIORAL SURVEILLANCE,41,DEPARTMENT OF PUBLIC HEALTH,2978,HIV BEHAVIORAL SURVEILLANCE,140,PROFESSIONAL AND TECHNICAL SERVICES,0,0,239664
GRANTS,0X42,HIV BEHAVIORAL SURVEILLANCE,41,DEPARTMENT OF PUBLIC HEALTH,2978,HIV BEHAVIORAL SURVEILLANCE,350,STATIONERY AND OFFICE SUPPLIES,0,0,20675
GRANTS,0X42,HIV BEHAVIORAL SURVEILLANCE,41,DEPARTMENT OF PUBLIC HEALTH,2978,HIV BEHAVIORAL SURVEILLANCE,801,INDIRECT COSTS,0,0,50558
GRANTS,0X44,TATTOO AND BODY ART PIERCING INSPECTION,41,DEPARTMENT OF PUBLIC HEALTH,2998,TATTOO AND BODY ART PIERCING,140,PROFESSIONAL AND TECHNICAL SERVICES,0,0,22568
GRANTS,0X44,TATTOO AND BODY ART PIERCING INSPECTION,41,DEPARTMENT OF PUBLIC HEALTH,2998,TATTOO AND BODY ART PIERCING,229,TRANSPORTATION AND EXPENSE ALLOWANCE,0,0,1432
GRANTS,0X45,BREASTFEEDING PEER COUNSELING,41,DEPARTMENT OF PUBLIC HEALTH,2983,BREASTFEEDING PEER COUNSELING,140,PROFESSIONAL AND TECHNICAL SERVICES,0,0,36000
GRANTS,0X50,TEEN PREGNANCY PREVENTION EVALUATION,41,DEPARTMENT OF PUBLIC HEALTH,,Teen Pregnancy Prevention Eval,140,PROFESSIONAL AND TECHNICAL SERVICES,1000000,1000000,1000000
GRANTS,0819,ACCESS CHICAGO SUP,48,MOPD,2802,ACCESS CHICAGO SUPPORT,140,PROFESSIONAL AND TECHNICAL SERVICES,35000,35000,29205
GRANTS,0819,ACCESS CHICAGO SUP,48,MOPD,2802,ACCESS CHICAGO SUPPORT,152,ADVERTISING,0,0,9550
GRANTS,0819,ACCESS CHICAGO SUP,48,MOPD,2802,ACCESS CHICAGO SUPPORT,157,RENTAL EQUIPMENT AND SERVICES,0,0,11059
GRANTS,0819,ACCESS CHICAGO SUP,48,MOPD,2802,ACCESS CHICAGO SUPPORT,270,LOCAL TRANSPORTATION,0,0,9550
GRANTS,0819,ACCESS CHICAGO SUP,48,MOPD,2802,ACCESS CHICAGO SUPPORT,330,FOOD,0,0,2514
GRANTS,0819,ACCESS CHICAGO SUP,48,MOPD,2802,ACCESS CHICAGO SUPPORT,340,MATERIAL AND SUPPLIES,0,0,23122
GRANTS,0819,ACCESS CHICAGO SUP,48,MOPD,2807,HOME MOD - CHGO FUND,140,PROFESSIONAL AND TECHNICAL SERVICES,247000,247000,367000
GRANTS,0833,MOPD PRIVATE FUNDED,48,MOPD,2800,AMPLIFIED PHONES PROGRAM,140,PROFESSIONAL AND TECHNICAL SERVICES,66000,66000,48875
GRANTS,0833,MOPD PRIVATE FUNDED,48,MOPD,2800,AMPLIFIED PHONES PROGRAM,166,DUES  SUBSC & MEM,0,0,277
GRANTS,0833,MOPD PRIVATE FUNDED,48,MOPD,2800,AMPLIFIED PHONES PROGRAM,178,FREIGHT AND EXPRESS CHARGES,0,0,468
GRANTS,0833,MOPD PRIVATE FUNDED,48,MOPD,2800,AMPLIFIED PHONES PROGRAM,245,REIMBURSEMENT TO TRAVELERS,0,0,1500
GRANTS,0833,MOPD PRIVATE FUNDED,48,MOPD,2800,AMPLIFIED PHONES PROGRAM,270,LOCAL TRANSPORTATION,0,0,2932
GRANTS,0833,MOPD PRIVATE FUNDED,48,MOPD,2800,AMPLIFIED PHONES PROGRAM,330,FOOD,0,0,5124
GRANTS,0833,MOPD PRIVATE FUNDED,48,MOPD,2800,AMPLIFIED PHONES PROGRAM,340,MATERIAL AND SUPPLIES,0,0,9824
GRANTS,0833,MOPD PRIVATE FUNDED,48,MOPD,2804,ILLUSTRATED GUIDE,140,PROFESSIONAL AND TECHNICAL SERVICES,25000,25000,25000
GRANTS,0833,MOPD PRIVATE FUNDED,48,MOPD,2817,DISABLED YOUTH EMPLOYMENT PROG,140,PROFESSIONAL AND TECHNICAL SERVICES,5000,5000,1000
GRANTS,0833,MOPD PRIVATE FUNDED,48,MOPD,2830,MOPD SPECIAL INITIATIVES SUPP,140,PROFESSIONAL AND TECHNICAL SERVICES,32000,32000,21000
GRANTS,0833,MOPD PRIVATE FUNDED,48,MOPD,2830,MOPD SPECIAL INITIATIVES SUPP,340,MATERIAL AND SUPPLIES,0,0,6000
GRANTS,0J79,SUBSTANCE ABUSE AND AID PREVENTION PGM,48,MOPD,2805,SUBSTANCE ABUSE/AIDS PREV-H.I.,5,SALARIES AND WAGES - ON PAYROLL,0,0,139559
GRANTS,0J79,SUBSTANCE ABUSE AND AID PREVENTION PGM,48,MOPD,2805,SUBSTANCE ABUSE/AIDS PREV-H.I.,11,CONTRACT WAGE - SALARY,0,0,340
GRANTS,0J79,SUBSTANCE ABUSE AND AID PREVENTION PGM,48,MOPD,2805,SUBSTANCE ABUSE/AIDS PREV-H.I.,44,FRINGE BENEFITS,0,0,60101
GRANTS,0J80,WORK INCENTIVE PLANNING AND ASSISTANCE,48,MOPD,2812,WORK INCENTIVE PLANNING,5,SALARIES AND WAGES - ON PAYROLL,0,0,132206
GRANTS,0J80,WORK INCENTIVE PLANNING AND ASSISTANCE,48,MOPD,2812,WORK INCENTIVE PLANNING,11,CONTRACT WAGE - SALARY,0,0,675
GRANTS,0J80,WORK INCENTIVE PLANNING AND ASSISTANCE,48,MOPD,2812,WORK INCENTIVE PLANNING,44,FRINGE BENEFITS,0,0,56309
GRANTS,0J80,WORK INCENTIVE PLANNING AND ASSISTANCE,48,MOPD,2812,WORK INCENTIVE PLANNING,801,INDIRECT COSTS,0,0,22810
GRANTS,0074,AGING-PRIVATELY FUNDED,50,FAMILY AND SUPPORT SERVICES,2910,SENIOR CITIZENS PICNIC SUPPORT,140,PROFESSIONAL AND TECHNICAL SERVICES,25000,25000,25000
GRANTS,0168,WINTER SHELTER HMLS,50,FAMILY AND SUPPORT SERVICES,2822,SERV TAX FD INVEST INCOME WARM,135,DELEGATE AGENCIES,15000,15000,15000
GRANTS,0272,ICJIA GRANT,50,FAMILY AND SUPPORT SERVICES,2831,SAFE HAVENS - SUPERVISED VISIT,135,DELEGATE AGENCIES,0,0,155674
GRANTS,0272,ICJIA GRANT,50,FAMILY AND SUPPORT SERVICES,2831,SAFE HAVENS - SUPERVISED VISIT,140,PROFESSIONAL AND TECHNICAL SERVICES,368000,368000,18220
GRANTS,0272,ICJIA GRANT,50,FAMILY AND SUPPORT SERVICES,2831,SAFE HAVENS - SUPERVISED VISIT,245,REIMBURSEMENT TO TRAVELERS,0,0,25106
GRANTS,0869,SHELTER PLUS CARE,50,FAMILY AND SUPPORT SERVICES,2927,SHELTER PLUS CARE,135,DELEGATE AGENCIES,334000,334000,334000
GRANTS,0869,SHELTER PLUS CARE,50,FAMILY AND SUPPORT SERVICES,2936,SHELTER PLUS CARE,135,DELEGATE AGENCIES,215000,215000,165000
GRANTS,0T11,CHILD CARE SERVICES,50,FAMILY AND SUPPORT SERVICES,2943,Child Care Services,135,DELEGATE AGENCIES,0,0,22005179
GRANTS,0N36,COMMUNITY SERVICES BLOCK GRANT,50,FAMILY AND SUPPORT SERVICES,2805,CSBG,140,PROFESSIONAL AND TECHNICAL SERVICES,631992,631992,1600000
GRANTS,0N53,SHELTER PLUS CARE,50,FAMILY AND SUPPORT SERVICES,2938,SHELTER PLUS CARE,135,DELEGATE AGENCIES,12766000,12766000,11576000
GRANTS,0N53,SHELTER PLUS CARE,50,FAMILY AND SUPPORT SERVICES,2938,SHELTER PLUS CARE,140,PROFESSIONAL AND TECHNICAL SERVICES,3000000,3000000,3000000
GRANTS,0N78,AREA PLAN ON AGING,50,FAMILY AND SUPPORT SERVICES,2904,AREA PLAN ON AGING - FEDERAL,135,DELEGATE AGENCIES,546000,546000,521000
GRANTS,0N81,EHS - CHILD CARE PARTNERSHIP,50,FAMILY AND SUPPORT SERVICES,2956,EHS - Child Care Partnership,140,PROFESSIONAL AND TECHNICAL SERVICES,15276000,15276000,1000000
GRANTS,0N84,STED - BRIDGES TO PATHWAYS,50,FAMILY AND SUPPORT SERVICES,2958,STED - Bridges to Pathways,5,SALARIES AND WAGES - ON PAYROLL,0,0,70003
GRANTS,0N84,STED - BRIDGES TO PATHWAYS,50,FAMILY AND SUPPORT SERVICES,2958,STED - Bridges to Pathways,15,SCHEDULE SALARY ADJUSTMENTS,0,0,1206
GRANTS,0N84,STED - BRIDGES TO PATHWAYS,50,FAMILY AND SUPPORT SERVICES,2958,STED - Bridges to Pathways,44,FRINGE BENEFITS,0,0,34376
GRANTS,0N84,STED - BRIDGES TO PATHWAYS,50,FAMILY AND SUPPORT SERVICES,2958,STED - Bridges to Pathways,135,DELEGATE AGENCIES,0,0,416781
GRANTS,0N84,STED - BRIDGES TO PATHWAYS,50,FAMILY AND SUPPORT SERVICES,2958,STED - Bridges to Pathways,140,PROFESSIONAL AND TECHNICAL SERVICES,877000,877000,928677
GRANTS,0N84,STED - BRIDGES TO PATHWAYS,50,FAMILY AND SUPPORT SERVICES,2958,STED - Bridges to Pathways,340,MATERIAL AND SUPPLIES,0,0,30946
GRANTS,0N84,STED - BRIDGES TO PATHWAYS,50,FAMILY AND SUPPORT SERVICES,2958,STED - Bridges to Pathways,801,INDIRECT COSTS,0,0,45011
GRANTS,0N88,COMMUNITY SERVICES BLOCK GRANT,50,FAMILY AND SUPPORT SERVICES,2805,CSBG,5,SALARIES AND WAGES - ON PAYROLL,0,0,4148884
GRANTS,0N88,COMMUNITY SERVICES BLOCK GRANT,50,FAMILY AND SUPPORT SERVICES,2805,CSBG,11,CONTRACT WAGE - SALARY,0,0,14210
GRANTS,0N88,COMMUNITY SERVICES BLOCK GRANT,50,FAMILY AND SUPPORT SERVICES,2805,CSBG,15,SCHEDULE SALARY ADJUSTMENTS,0,0,23826
GRANTS,0N88,COMMUNITY SERVICES BLOCK GRANT,50,FAMILY AND SUPPORT SERVICES,2805,CSBG,44,FRINGE BENEFITS,0,0,1884095
GRANTS,0N88,COMMUNITY SERVICES BLOCK GRANT,50,FAMILY AND SUPPORT SERVICES,2805,CSBG,135,DELEGATE AGENCIES,0,0,3639777
GRANTS,0N88,COMMUNITY SERVICES BLOCK GRANT,50,FAMILY AND SUPPORT SERVICES,2805,CSBG,140,PROFESSIONAL AND TECHNICAL SERVICES,0,0,88775
GRANTS,0N88,COMMUNITY SERVICES BLOCK GRANT,50,FAMILY AND SUPPORT SERVICES,2805,CSBG,155,RENTAL OF PROPERTY,0,0,85487
GRANTS,0N88,COMMUNITY SERVICES BLOCK GRANT,50,FAMILY AND SUPPORT SERVICES,2805,CSBG,159,LEASE/PURCHASE EQUIPMENT,0,0,20247
GRANTS,0N88,COMMUNITY SERVICES BLOCK GRANT,50,FAMILY AND SUPPORT SERVICES,2805,CSBG,190,TELEPHONE - NON-CENTREX BILLINGS,0,0,61253
GRANTS,0N88,COMMUNITY SERVICES BLOCK GRANT,50,FAMILY AND SUPPORT SERVICES,2805,CSBG,197,TELEPHONE - MAINTENANCE,0,0,8274
GRANTS,0N88,COMMUNITY SERVICES BLOCK GRANT,50,FAMILY AND SUPPORT SERVICES,2805,CSBG,245,REIMBURSEMENT TO TRAVELERS,0,0,2000
GRANTS,0N88,COMMUNITY SERVICES BLOCK GRANT,50,FAMILY AND SUPPORT SERVICES,2805,CSBG,340,MATERIAL AND SUPPLIES,0,0,3938
GRANTS,0N88,COMMUNITY SERVICES BLOCK GRANT,50,FAMILY AND SUPPORT SERVICES,2805,CSBG,9438,REIMBURSEMENT - 2FM,0,0,28005
GRANTS,0N88,COMMUNITY SERVICES BLOCK GRANT,50,FAMILY AND SUPPORT SERVICES,2805,CSBG,9651,REIMB - INDIRECT COSTS,0,0,536229
GRANTS,0N89,OAA TITLE V / SENIOR COMM. SERVICE EMPL.,50,FAMILY AND SUPPORT SERVICES,2807,OAA TITLE V SENIOR EMPLOYMENT,5,SALARIES AND WAGES - ON PAYROLL,0,0,72101
GRANTS,0N89,OAA TITLE V / SENIOR COMM. SERVICE EMPL.,50,FAMILY AND SUPPORT SERVICES,2807,OAA TITLE V SENIOR EMPLOYMENT,11,CONTRACT WAGE - SALARY,0,0,368
GRANTS,0N89,OAA TITLE V / SENIOR COMM. SERVICE EMPL.,50,FAMILY AND SUPPORT SERVICES,2807,OAA TITLE V SENIOR EMPLOYMENT,15,SCHEDULE SALARY ADJUSTMENTS,0,0,316
GRANTS,0N89,OAA TITLE V / SENIOR COMM. SERVICE EMPL.,50,FAMILY AND SUPPORT SERVICES,2807,OAA TITLE V SENIOR EMPLOYMENT,44,FRINGE BENEFITS,0,0,30709
GRANTS,0N89,OAA TITLE V / SENIOR COMM. SERVICE EMPL.,50,FAMILY AND SUPPORT SERVICES,2807,OAA TITLE V SENIOR EMPLOYMENT,50,STIPENDS,0,0,495623
GRANTS,0N89,OAA TITLE V / SENIOR COMM. SERVICE EMPL.,50,FAMILY AND SUPPORT SERVICES,2807,OAA TITLE V SENIOR EMPLOYMENT,130,POSTAGE,0,0,1000
GRANTS,0N89,OAA TITLE V / SENIOR COMM. SERVICE EMPL.,50,FAMILY AND SUPPORT SERVICES,2807,OAA TITLE V SENIOR EMPLOYMENT,135,DELEGATE AGENCIES,0,0,299902
GRANTS,0N89,OAA TITLE V / SENIOR COMM. SERVICE EMPL.,50,FAMILY AND SUPPORT SERVICES,2807,OAA TITLE V SENIOR EMPLOYMENT,140,PROFESSIONAL AND TECHNICAL SERVICES,0,0,5100
GRANTS,0N89,OAA TITLE V / SENIOR COMM. SERVICE EMPL.,50,FAMILY AND SUPPORT SERVICES,2807,OAA TITLE V SENIOR EMPLOYMENT,150,PUBLICATN & REPRODT-OUT,0,0,1000
GRANTS,0N89,OAA TITLE V / SENIOR COMM. SERVICE EMPL.,50,FAMILY AND SUPPORT SERVICES,2807,OAA TITLE V SENIOR EMPLOYMENT,245,REIMBURSEMENT TO TRAVELERS,0,0,1400
GRANTS,0N89,OAA TITLE V / SENIOR COMM. SERVICE EMPL.,50,FAMILY AND SUPPORT SERVICES,2807,OAA TITLE V SENIOR EMPLOYMENT,270,LOCAL TRANSPORTATION,0,0,2000
GRANTS,0V02,LOCAL ALCOHOL PROGRAM,57,DEPARTMENT OF POLICE,2995,Local Alcohol Program,20,OVERTIME,0,0,429000
GRANTS,0N89,OAA TITLE V / SENIOR COMM. SERVICE EMPL.,50,FAMILY AND SUPPORT SERVICES,2807,OAA TITLE V SENIOR EMPLOYMENT,340,MATERIAL AND SUPPLIES,0,0,1500
GRANTS,0N89,OAA TITLE V / SENIOR COMM. SERVICE EMPL.,50,FAMILY AND SUPPORT SERVICES,2807,OAA TITLE V SENIOR EMPLOYMENT,350,STATIONERY AND OFFICE SUPPLIES,0,0,2846
GRANTS,0N89,OAA TITLE V / SENIOR COMM. SERVICE EMPL.,50,FAMILY AND SUPPORT SERVICES,2807,OAA TITLE V SENIOR EMPLOYMENT,801,INDIRECT COSTS,0,0,4135
GRANTS,0N90,FOSTER GRANDPARENTS,50,FAMILY AND SUPPORT SERVICES,2815,FOSTER GRANDPARENTS,5,SALARIES AND WAGES - ON PAYROLL,0,0,126876
GRANTS,0N90,FOSTER GRANDPARENTS,50,FAMILY AND SUPPORT SERVICES,2815,FOSTER GRANDPARENTS,11,CONTRACT WAGE - SALARY,0,0,635
GRANTS,0N90,FOSTER GRANDPARENTS,50,FAMILY AND SUPPORT SERVICES,2815,FOSTER GRANDPARENTS,15,SCHEDULE SALARY ADJUSTMENTS,0,0,1308
GRANTS,0N90,FOSTER GRANDPARENTS,50,FAMILY AND SUPPORT SERVICES,2815,FOSTER GRANDPARENTS,44,FRINGE BENEFITS,0,0,52959
GRANTS,0N90,FOSTER GRANDPARENTS,50,FAMILY AND SUPPORT SERVICES,2815,FOSTER GRANDPARENTS,50,STIPENDS,0,0,307843
GRANTS,0N90,FOSTER GRANDPARENTS,50,FAMILY AND SUPPORT SERVICES,2815,FOSTER GRANDPARENTS,140,PROFESSIONAL AND TECHNICAL SERVICES,0,0,5558
GRANTS,0N90,FOSTER GRANDPARENTS,50,FAMILY AND SUPPORT SERVICES,2815,FOSTER GRANDPARENTS,229,TRANSPORTATION AND EXPENSE ALLOWANCE,0,0,29288
GRANTS,0N90,FOSTER GRANDPARENTS,50,FAMILY AND SUPPORT SERVICES,2815,FOSTER GRANDPARENTS,245,REIMBURSEMENT TO TRAVELERS,0,0,1000
GRANTS,0N90,FOSTER GRANDPARENTS,50,FAMILY AND SUPPORT SERVICES,2815,FOSTER GRANDPARENTS,270,LOCAL TRANSPORTATION,0,0,120
GRANTS,0N90,FOSTER GRANDPARENTS,50,FAMILY AND SUPPORT SERVICES,2815,FOSTER GRANDPARENTS,330,FOOD,0,0,15413
GRANTS,0N91,STATE FOSTER GRANDPARENTS,50,FAMILY AND SUPPORT SERVICES,2818,STATE FOSTER GRANDPARENTS,140,PROFESSIONAL AND TECHNICAL SERVICES,0,0,22864
GRANTS,0N91,STATE FOSTER GRANDPARENTS,50,FAMILY AND SUPPORT SERVICES,2818,STATE FOSTER GRANDPARENTS,165,GRAPHIC DESIGN SERV,0,0,1722
GRANTS,0N91,STATE FOSTER GRANDPARENTS,50,FAMILY AND SUPPORT SERVICES,2818,STATE FOSTER GRANDPARENTS,168,EDUCATION DEVELOPMENT,0,0,1914
GRANTS,0N91,STATE FOSTER GRANDPARENTS,50,FAMILY AND SUPPORT SERVICES,2818,STATE FOSTER GRANDPARENTS,229,TRANSPORTATION AND EXPENSE ALLOWANCE,0,0,4000
GRANTS,0N91,STATE FOSTER GRANDPARENTS,50,FAMILY AND SUPPORT SERVICES,2818,STATE FOSTER GRANDPARENTS,245,REIMBURSEMENT TO TRAVELERS,0,0,1000
GRANTS,0N91,STATE FOSTER GRANDPARENTS,50,FAMILY AND SUPPORT SERVICES,2818,STATE FOSTER GRANDPARENTS,330,FOOD,0,0,4500
GRANTS,0N91,STATE FOSTER GRANDPARENTS,50,FAMILY AND SUPPORT SERVICES,2818,STATE FOSTER GRANDPARENTS,350,STATIONERY AND OFFICE SUPPLIES,0,0,1000
GRANTS,0N92,LONGTERM CARE SYSTEM DEVELOPMENT,50,FAMILY AND SUPPORT SERVICES,2820,LONGTERM CARE SYSTEM DEVELOP,6,SALARY PROVISION,0,0,53141
GRANTS,0N92,LONGTERM CARE SYSTEM DEVELOPMENT,50,FAMILY AND SUPPORT SERVICES,2820,LONGTERM CARE SYSTEM DEVELOP,801,INDIRECT COSTS,0,0,2859
GRANTS,0N93,LONG TERM CARE OMBUDSMAN PROGRAM - CMP,50,FAMILY AND SUPPORT SERVICES,2836,LONG TERM CARE OMBUDSMAN,5,SALARIES AND WAGES - ON PAYROLL,0,0,65444
GRANTS,0N93,LONG TERM CARE OMBUDSMAN PROGRAM - CMP,50,FAMILY AND SUPPORT SERVICES,2836,LONG TERM CARE OMBUDSMAN,6,SALARY PROVISION,0,0,15682
GRANTS,0N93,LONG TERM CARE OMBUDSMAN PROGRAM - CMP,50,FAMILY AND SUPPORT SERVICES,2836,LONG TERM CARE OMBUDSMAN,11,CONTRACT WAGE - SALARY,0,0,334
GRANTS,0N93,LONG TERM CARE OMBUDSMAN PROGRAM - CMP,50,FAMILY AND SUPPORT SERVICES,2836,LONG TERM CARE OMBUDSMAN,15,SCHEDULE SALARY ADJUSTMENTS,0,0,1686
GRANTS,0N93,LONG TERM CARE OMBUDSMAN PROGRAM - CMP,50,FAMILY AND SUPPORT SERVICES,2836,LONG TERM CARE OMBUDSMAN,44,FRINGE BENEFITS,0,0,27874
GRANTS,0N93,LONG TERM CARE OMBUDSMAN PROGRAM - CMP,50,FAMILY AND SUPPORT SERVICES,2836,LONG TERM CARE OMBUDSMAN,801,INDIRECT COSTS,0,0,5980
GRANTS,0N94,SERVICES TO VICTIMS OF DOMESTIC VIOLENCE,50,FAMILY AND SUPPORT SERVICES,2827,SERVICES TO VICTIMS OF DOM VIO,5,SALARIES AND WAGES - ON PAYROLL,0,0,72971
GRANTS,0N94,SERVICES TO VICTIMS OF DOMESTIC VIOLENCE,50,FAMILY AND SUPPORT SERVICES,2827,SERVICES TO VICTIMS OF DOM VIO,11,CONTRACT WAGE - SALARY,0,0,1948
GRANTS,0N94,SERVICES TO VICTIMS OF DOMESTIC VIOLENCE,50,FAMILY AND SUPPORT SERVICES,2827,SERVICES TO VICTIMS OF DOM VIO,15,SCHEDULE SALARY ADJUSTMENTS,0,0,425
GRANTS,0N94,SERVICES TO VICTIMS OF DOMESTIC VIOLENCE,50,FAMILY AND SUPPORT SERVICES,2827,SERVICES TO VICTIMS OF DOM VIO,44,FRINGE BENEFITS,0,0,162656
GRANTS,0N95,RESIDENT SERVICES COORDINATION / CASE MG,50,FAMILY AND SUPPORT SERVICES,2828,RESIDENT SERVICES / CASE MGMT,5,SALARIES AND WAGES - ON PAYROLL,0,0,1197428
GRANTS,0N95,RESIDENT SERVICES COORDINATION / CASE MG,50,FAMILY AND SUPPORT SERVICES,2828,RESIDENT SERVICES / CASE MGMT,6,SALARY PROVISION,0,0,205
GRANTS,0N95,RESIDENT SERVICES COORDINATION / CASE MG,50,FAMILY AND SUPPORT SERVICES,2828,RESIDENT SERVICES / CASE MGMT,11,CONTRACT WAGE - SALARY,0,0,5500
GRANTS,0N95,RESIDENT SERVICES COORDINATION / CASE MG,50,FAMILY AND SUPPORT SERVICES,2828,RESIDENT SERVICES / CASE MGMT,15,SCHEDULE SALARY ADJUSTMENTS,0,0,11436
GRANTS,0N95,RESIDENT SERVICES COORDINATION / CASE MG,50,FAMILY AND SUPPORT SERVICES,2828,RESIDENT SERVICES / CASE MGMT,44,FRINGE BENEFITS,0,0,512431
GRANTS,0N96,MONEY FOLLOWS THE PERSON,50,FAMILY AND SUPPORT SERVICES,2919,MONEY FOLLOWS THE PERSON,6,SALARY PROVISION,0,0,31343
GRANTS,0N96,MONEY FOLLOWS THE PERSON,50,FAMILY AND SUPPORT SERVICES,2919,MONEY FOLLOWS THE PERSON,801,INDIRECT COSTS,0,0,1657
GRANTS,0N97,ELDER ABUSE AND NEGLECT,50,FAMILY AND SUPPORT SERVICES,2846,ELDER ABUSE AND NEGLECT,6,SALARY PROVISION,0,0,50331
GRANTS,0N97,ELDER ABUSE AND NEGLECT,50,FAMILY AND SUPPORT SERVICES,2846,ELDER ABUSE AND NEGLECT,135,DELEGATE AGENCIES,0,0,2800000
GRANTS,0N97,ELDER ABUSE AND NEGLECT,50,FAMILY AND SUPPORT SERVICES,2846,ELDER ABUSE AND NEGLECT,801,INDIRECT COSTS,0,0,2669
GRANTS,0N98,EARLY HEAD START INITIATIVE,50,FAMILY AND SUPPORT SERVICES,2857,EARLY HEAD START INITIATIVE,5,SALARIES AND WAGES - ON PAYROLL,0,0,230558
GRANTS,0N98,EARLY HEAD START INITIATIVE,50,FAMILY AND SUPPORT SERVICES,2857,EARLY HEAD START INITIATIVE,11,CONTRACT WAGE - SALARY,0,0,1209
GRANTS,0N98,EARLY HEAD START INITIATIVE,50,FAMILY AND SUPPORT SERVICES,2857,EARLY HEAD START INITIATIVE,44,FRINGE BENEFITS,0,0,100922
GRANTS,0N98,EARLY HEAD START INITIATIVE,50,FAMILY AND SUPPORT SERVICES,2857,EARLY HEAD START INITIATIVE,130,POSTAGE,0,0,349
GRANTS,0N98,EARLY HEAD START INITIATIVE,50,FAMILY AND SUPPORT SERVICES,2857,EARLY HEAD START INITIATIVE,135,DELEGATE AGENCIES,0,0,5062211
GRANTS,0N98,EARLY HEAD START INITIATIVE,50,FAMILY AND SUPPORT SERVICES,2857,EARLY HEAD START INITIATIVE,140,PROFESSIONAL AND TECHNICAL SERVICES,0,0,951822
GRANTS,0N98,EARLY HEAD START INITIATIVE,50,FAMILY AND SUPPORT SERVICES,2857,EARLY HEAD START INITIATIVE,159,LEASE/PURCHASE EQUIPMENT,0,0,1152
GRANTS,0N98,EARLY HEAD START INITIATIVE,50,FAMILY AND SUPPORT SERVICES,2857,EARLY HEAD START INITIATIVE,166,DUES  SUBSC & MEM,0,0,22008
GRANTS,0N98,EARLY HEAD START INITIATIVE,50,FAMILY AND SUPPORT SERVICES,2857,EARLY HEAD START INITIATIVE,190,TELEPHONE - NON-CENTREX BILLINGS,0,0,3146
GRANTS,0N98,EARLY HEAD START INITIATIVE,50,FAMILY AND SUPPORT SERVICES,2857,EARLY HEAD START INITIATIVE,197,TELEPHONE - MAINTENANCE,0,0,425
GRANTS,0N98,EARLY HEAD START INITIATIVE,50,FAMILY AND SUPPORT SERVICES,2857,EARLY HEAD START INITIATIVE,801,INDIRECT COSTS,0,0,334198
GRANTS,0N99,HEAD START,50,FAMILY AND SUPPORT SERVICES,2860,HEAD START,5,SALARIES AND WAGES - ON PAYROLL,0,0,5920885
GRANTS,0N99,HEAD START,50,FAMILY AND SUPPORT SERVICES,2860,HEAD START,11,CONTRACT WAGE - SALARY,0,0,17783
GRANTS,0N99,HEAD START,50,FAMILY AND SUPPORT SERVICES,2860,HEAD START,15,SCHEDULE SALARY ADJUSTMENTS,0,0,37329
GRANTS,0N99,HEAD START,50,FAMILY AND SUPPORT SERVICES,2860,HEAD START,44,FRINGE BENEFITS,0,0,2541431
GRANTS,0N99,HEAD START,50,FAMILY AND SUPPORT SERVICES,2860,HEAD START,130,POSTAGE,0,0,7882
GRANTS,0N99,HEAD START,50,FAMILY AND SUPPORT SERVICES,2860,HEAD START,135,DELEGATE AGENCIES,0,0,92760944
GRANTS,0N99,HEAD START,50,FAMILY AND SUPPORT SERVICES,2860,HEAD START,140,PROFESSIONAL AND TECHNICAL SERVICES,0,0,13844180
GRANTS,0N99,HEAD START,50,FAMILY AND SUPPORT SERVICES,2860,HEAD START,152,ADVERTISING,0,0,500000
GRANTS,0N99,HEAD START,50,FAMILY AND SUPPORT SERVICES,2860,HEAD START,159,LEASE/PURCHASE EQUIPMENT,0,0,25920
GRANTS,0N99,HEAD START,50,FAMILY AND SUPPORT SERVICES,2860,HEAD START,166,DUES  SUBSC & MEM,0,0,1495198
GRANTS,0N99,HEAD START,50,FAMILY AND SUPPORT SERVICES,2860,HEAD START,169,TECHNICAL MEETING COSTS,0,0,50000
GRANTS,0N99,HEAD START,50,FAMILY AND SUPPORT SERVICES,2860,HEAD START,190,TELEPHONE - NON-CENTREX BILLINGS,0,0,70797
GRANTS,0N99,HEAD START,50,FAMILY AND SUPPORT SERVICES,2860,HEAD START,197,TELEPHONE - MAINTENANCE,0,0,9563
GRANTS,0N99,HEAD START,50,FAMILY AND SUPPORT SERVICES,2860,HEAD START,245,REIMBURSEMENT TO TRAVELERS,0,0,10000
GRANTS,0N99,HEAD START,50,FAMILY AND SUPPORT SERVICES,2860,HEAD START,270,LOCAL TRANSPORTATION,0,0,5000
GRANTS,0N99,HEAD START,50,FAMILY AND SUPPORT SERVICES,2860,HEAD START,348,BOOKS AND RELATED MATERIAL,0,0,500000
GRANTS,0N99,HEAD START,50,FAMILY AND SUPPORT SERVICES,2860,HEAD START,350,STATIONERY AND OFFICE SUPPLIES,0,0,50000
GRANTS,0N99,HEAD START,50,FAMILY AND SUPPORT SERVICES,2860,HEAD START,801,INDIRECT COSTS,0,0,6227115
GRANTS,0N99,HEAD START,50,FAMILY AND SUPPORT SERVICES,2860,HEAD START,9438,REIMBURSEMENT - 2FM,0,0,34368
GRANTS,0P36,DFSS - FEDERAL - FGP/SCP,50,FAMILY AND SUPPORT SERVICES,2803,STATE SENIOR COMPANION MATCH,140,PROFESSIONAL AND TECHNICAL SERVICES,0,0,7600
GRANTS,0P36,DFSS - FEDERAL - FGP/SCP,50,FAMILY AND SUPPORT SERVICES,2803,STATE SENIOR COMPANION MATCH,168,EDUCATION DEVELOPMENT,0,0,3450
GRANTS,0P36,DFSS - FEDERAL - FGP/SCP,50,FAMILY AND SUPPORT SERVICES,2803,STATE SENIOR COMPANION MATCH,229,TRANSPORTATION AND EXPENSE ALLOWANCE,0,0,4259
GRANTS,0P36,DFSS - FEDERAL - FGP/SCP,50,FAMILY AND SUPPORT SERVICES,2803,STATE SENIOR COMPANION MATCH,330,FOOD,0,0,4000
GRANTS,0P36,DFSS - FEDERAL - FGP/SCP,50,FAMILY AND SUPPORT SERVICES,2803,STATE SENIOR COMPANION MATCH,801,INDIRECT COSTS,0,0,691
GRANTS,0P40,AREA AGING PROGRAMS,50,FAMILY AND SUPPORT SERVICES,2801,OAA NUTRITION PGM INCOME,140,PROFESSIONAL AND TECHNICAL SERVICES,445000,445000,445000
GRANTS,0P40,AREA AGING PROGRAMS,50,FAMILY AND SUPPORT SERVICES,2802,OAA NUTRITION PGM INC - HM DEV,140,PROFESSIONAL AND TECHNICAL SERVICES,218000,218000,218000
GRANTS,0P41,AGING PRIVATE GRANTS,50,FAMILY AND SUPPORT SERVICES,2816,SENIOR FITNESS PRIVATE,140,PROFESSIONAL AND TECHNICAL SERVICES,27000,27000,35000
GRANTS,0P41,AGING PRIVATE GRANTS,50,FAMILY AND SUPPORT SERVICES,2901,CHICAGO FUND SUPPORT - SENIOR,140,PROFESSIONAL AND TECHNICAL SERVICES,50000,50000,50000
GRANTS,0P64,SENIOR PROGRAM PRIVATE CONTRIBUTIONS,50,FAMILY AND SUPPORT SERVICES,2837,SENIOR PROGRAM PRIVATE CONTRIB,140,PROFESSIONAL AND TECHNICAL SERVICES,649000,649000,500000
GRANTS,0T00,STATE SENIOR EMPLOYMENT SPECIALIST,50,FAMILY AND SUPPORT SERVICES,2862,STATE SENIOR EMPLOYMENT SPEC,6,SALARY PROVISION,0,0,25000
GRANTS,0T01,SENIOR COMPANION PROJECT - ACTION,50,FAMILY AND SUPPORT SERVICES,2868,SENIOR COMPANION PJT - ACTION,5,SALARIES AND WAGES - ON PAYROLL,0,0,48061
GRANTS,0T01,SENIOR COMPANION PROJECT - ACTION,50,FAMILY AND SUPPORT SERVICES,2868,SENIOR COMPANION PJT - ACTION,6,SALARY PROVISION,0,0,9698
GRANTS,0T01,SENIOR COMPANION PROJECT - ACTION,50,FAMILY AND SUPPORT SERVICES,2868,SENIOR COMPANION PJT - ACTION,11,CONTRACT WAGE - SALARY,0,0,337
GRANTS,0T01,SENIOR COMPANION PROJECT - ACTION,50,FAMILY AND SUPPORT SERVICES,2868,SENIOR COMPANION PJT - ACTION,44,FRINGE BENEFITS,0,0,28154
GRANTS,0T01,SENIOR COMPANION PROJECT - ACTION,50,FAMILY AND SUPPORT SERVICES,2868,SENIOR COMPANION PJT - ACTION,50,STIPENDS,0,0,198750
GRANTS,0T03,TITLE XX DONATED FUNDS,50,FAMILY AND SUPPORT SERVICES,2873,TITLE XX DONATED FUNDS,135,DELEGATE AGENCIES,0,0,446863
GRANTS,0T03,TITLE XX DONATED FUNDS,50,FAMILY AND SUPPORT SERVICES,2873,TITLE XX DONATED FUNDS,801,INDIRECT COSTS,0,0,24137
GRANTS,0T04,CHA FAMILY SUPPORTIVE SERVICES,50,FAMILY AND SUPPORT SERVICES,2896,CHA FAMILY SUPPORTIVE SERVICES,5,SALARIES AND WAGES - ON PAYROLL,0,0,359397
GRANTS,0T04,CHA FAMILY SUPPORTIVE SERVICES,50,FAMILY AND SUPPORT SERVICES,2896,CHA FAMILY SUPPORTIVE SERVICES,6,SALARY PROVISION,0,0,31070
GRANTS,0T04,CHA FAMILY SUPPORTIVE SERVICES,50,FAMILY AND SUPPORT SERVICES,2896,CHA FAMILY SUPPORTIVE SERVICES,11,CONTRACT WAGE - SALARY,0,0,1834
GRANTS,0T04,CHA FAMILY SUPPORTIVE SERVICES,50,FAMILY AND SUPPORT SERVICES,2896,CHA FAMILY SUPPORTIVE SERVICES,44,FRINGE BENEFITS,0,0,153074
GRANTS,0T04,CHA FAMILY SUPPORTIVE SERVICES,50,FAMILY AND SUPPORT SERVICES,2896,CHA FAMILY SUPPORTIVE SERVICES,135,DELEGATE AGENCIES,0,0,580200
GRANTS,0T04,CHA FAMILY SUPPORTIVE SERVICES,50,FAMILY AND SUPPORT SERVICES,2896,CHA FAMILY SUPPORTIVE SERVICES,140,PROFESSIONAL AND TECHNICAL SERVICES,0,0,430000
GRANTS,0T04,CHA FAMILY SUPPORTIVE SERVICES,50,FAMILY AND SUPPORT SERVICES,2896,CHA FAMILY SUPPORTIVE SERVICES,801,INDIRECT COSTS,0,0,26425
GRANTS,0T05,AREA PLAN ON AGING - OLDER AMERICANS ACT,50,FAMILY AND SUPPORT SERVICES,2903,AREA PLAN ON AGING - STATE,5,SALARIES AND WAGES - ON PAYROLL,0,0,1446164
GRANTS,0T05,AREA PLAN ON AGING - OLDER AMERICANS ACT,50,FAMILY AND SUPPORT SERVICES,2903,AREA PLAN ON AGING - STATE,11,CONTRACT WAGE - SALARY,0,0,4997
GRANTS,0T05,AREA PLAN ON AGING - OLDER AMERICANS ACT,50,FAMILY AND SUPPORT SERVICES,2903,AREA PLAN ON AGING - STATE,15,SCHEDULE SALARY ADJUSTMENTS,0,0,6413
GRANTS,0T05,AREA PLAN ON AGING - OLDER AMERICANS ACT,50,FAMILY AND SUPPORT SERVICES,2903,AREA PLAN ON AGING - STATE,44,FRINGE BENEFITS,0,0,616508
GRANTS,0T05,AREA PLAN ON AGING - OLDER AMERICANS ACT,50,FAMILY AND SUPPORT SERVICES,2903,AREA PLAN ON AGING - STATE,130,POSTAGE,0,0,6123
GRANTS,0T05,AREA PLAN ON AGING - OLDER AMERICANS ACT,50,FAMILY AND SUPPORT SERVICES,2903,AREA PLAN ON AGING - STATE,135,DELEGATE AGENCIES,0,0,3137354
GRANTS,0T05,AREA PLAN ON AGING - OLDER AMERICANS ACT,50,FAMILY AND SUPPORT SERVICES,2903,AREA PLAN ON AGING - STATE,150,PUBLICATN & REPRODT-OUT,0,0,1500
GRANTS,0T05,AREA PLAN ON AGING - OLDER AMERICANS ACT,50,FAMILY AND SUPPORT SERVICES,2903,AREA PLAN ON AGING - STATE,159,LEASE/PURCHASE EQUIPMENT,0,0,6500
GRANTS,0T05,AREA PLAN ON AGING - OLDER AMERICANS ACT,50,FAMILY AND SUPPORT SERVICES,2903,AREA PLAN ON AGING - STATE,165,GRAPHIC DESIGN SERV,0,0,750
GRANTS,0T05,AREA PLAN ON AGING - OLDER AMERICANS ACT,50,FAMILY AND SUPPORT SERVICES,2903,AREA PLAN ON AGING - STATE,169,TECHNICAL MEETING COSTS,0,0,591
GRANTS,0T05,AREA PLAN ON AGING - OLDER AMERICANS ACT,50,FAMILY AND SUPPORT SERVICES,2903,AREA PLAN ON AGING - STATE,190,TELEPHONE - NON-CENTREX BILLINGS,0,0,15000
GRANTS,0T05,AREA PLAN ON AGING - OLDER AMERICANS ACT,50,FAMILY AND SUPPORT SERVICES,2903,AREA PLAN ON AGING - STATE,229,TRANSPORTATION AND EXPENSE ALLOWANCE,0,0,400
GRANTS,0T05,AREA PLAN ON AGING - OLDER AMERICANS ACT,50,FAMILY AND SUPPORT SERVICES,2903,AREA PLAN ON AGING - STATE,270,LOCAL TRANSPORTATION,0,0,1200
GRANTS,0T05,AREA PLAN ON AGING - OLDER AMERICANS ACT,50,FAMILY AND SUPPORT SERVICES,2903,AREA PLAN ON AGING - STATE,350,STATIONERY AND OFFICE SUPPLIES,0,0,7500
GRANTS,0K89,HOME PROGRAM,54,PLANNING AND DEVELOPMENT,2819,HOME INVESTMENT PARTNERSHIP,140,PROFESSIONAL AND TECHNICAL SERVICES,0,0,366569
GRANTS,0T06,AREA PLAN ON AGING - OLDER AMERICANS ACT,50,FAMILY AND SUPPORT SERVICES,2904,AREA PLAN ON AGING - FEDERAL,5,SALARIES AND WAGES - ON PAYROLL,0,0,4757577
GRANTS,0T06,AREA PLAN ON AGING - OLDER AMERICANS ACT,50,FAMILY AND SUPPORT SERVICES,2904,AREA PLAN ON AGING - FEDERAL,11,CONTRACT WAGE - SALARY,0,0,12423
GRANTS,0T06,AREA PLAN ON AGING - OLDER AMERICANS ACT,50,FAMILY AND SUPPORT SERVICES,2904,AREA PLAN ON AGING - FEDERAL,15,SCHEDULE SALARY ADJUSTMENTS,0,0,20174
GRANTS,0T06,AREA PLAN ON AGING - OLDER AMERICANS ACT,50,FAMILY AND SUPPORT SERVICES,2904,AREA PLAN ON AGING - FEDERAL,44,FRINGE BENEFITS,0,0,2028906
GRANTS,0T06,AREA PLAN ON AGING - OLDER AMERICANS ACT,50,FAMILY AND SUPPORT SERVICES,2904,AREA PLAN ON AGING - FEDERAL,130,POSTAGE,0,0,5050
GRANTS,0T06,AREA PLAN ON AGING - OLDER AMERICANS ACT,50,FAMILY AND SUPPORT SERVICES,2904,AREA PLAN ON AGING - FEDERAL,135,DELEGATE AGENCIES,0,0,5316152
GRANTS,0T06,AREA PLAN ON AGING - OLDER AMERICANS ACT,50,FAMILY AND SUPPORT SERVICES,2904,AREA PLAN ON AGING - FEDERAL,150,PUBLICATN & REPRODT-OUT,0,0,7500
GRANTS,0T06,AREA PLAN ON AGING - OLDER AMERICANS ACT,50,FAMILY AND SUPPORT SERVICES,2904,AREA PLAN ON AGING - FEDERAL,159,LEASE/PURCHASE EQUIPMENT,0,0,7500
GRANTS,0T06,AREA PLAN ON AGING - OLDER AMERICANS ACT,50,FAMILY AND SUPPORT SERVICES,2904,AREA PLAN ON AGING - FEDERAL,165,GRAPHIC DESIGN SERV,0,0,1500
GRANTS,0T06,AREA PLAN ON AGING - OLDER AMERICANS ACT,50,FAMILY AND SUPPORT SERVICES,2904,AREA PLAN ON AGING - FEDERAL,166,DUES  SUBSC & MEM,0,0,2435
GRANTS,0T06,AREA PLAN ON AGING - OLDER AMERICANS ACT,50,FAMILY AND SUPPORT SERVICES,2904,AREA PLAN ON AGING - FEDERAL,169,TECHNICAL MEETING COSTS,0,0,3299
GRANTS,0T06,AREA PLAN ON AGING - OLDER AMERICANS ACT,50,FAMILY AND SUPPORT SERVICES,2904,AREA PLAN ON AGING - FEDERAL,190,TELEPHONE - NON-CENTREX BILLINGS,0,0,70481
GRANTS,0T06,AREA PLAN ON AGING - OLDER AMERICANS ACT,50,FAMILY AND SUPPORT SERVICES,2904,AREA PLAN ON AGING - FEDERAL,197,TELEPHONE - MAINTENANCE,0,0,11573
GRANTS,0T06,AREA PLAN ON AGING - OLDER AMERICANS ACT,50,FAMILY AND SUPPORT SERVICES,2904,AREA PLAN ON AGING - FEDERAL,270,LOCAL TRANSPORTATION,0,0,1400
GRANTS,0T06,AREA PLAN ON AGING - OLDER AMERICANS ACT,50,FAMILY AND SUPPORT SERVICES,2904,AREA PLAN ON AGING - FEDERAL,340,MATERIAL AND SUPPLIES,0,0,40000
GRANTS,0T06,AREA PLAN ON AGING - OLDER AMERICANS ACT,50,FAMILY AND SUPPORT SERVICES,2904,AREA PLAN ON AGING - FEDERAL,350,STATIONERY AND OFFICE SUPPLIES,0,0,17500
GRANTS,0T06,AREA PLAN ON AGING - OLDER AMERICANS ACT,50,FAMILY AND SUPPORT SERVICES,2904,AREA PLAN ON AGING - FEDERAL,9651,REIMB - INDIRECT COSTS,0,0,709530
GRANTS,0T07,CHICAGO DOMESTIC VIOLENCE HELP LINE,50,FAMILY AND SUPPORT SERVICES,2923,CHICAGO DOM VIOLENCE HELP LINE,135,DELEGATE AGENCIES,0,0,364000
GRANTS,0T08,SENIOR HEALTH INSURANCE PROGRAM,50,FAMILY AND SUPPORT SERVICES,2928,SENIOR HEALTH INSURANCE PGM,6,SALARY PROVISION,0,0,12855
GRANTS,0T08,SENIOR HEALTH INSURANCE PROGRAM,50,FAMILY AND SUPPORT SERVICES,2928,SENIOR HEALTH INSURANCE PGM,140,PROFESSIONAL AND TECHNICAL SERVICES,0,0,10000
GRANTS,0T08,SENIOR HEALTH INSURANCE PROGRAM,50,FAMILY AND SUPPORT SERVICES,2928,SENIOR HEALTH INSURANCE PGM,168,EDUCATION DEVELOPMENT,0,0,15000
GRANTS,0T08,SENIOR HEALTH INSURANCE PROGRAM,50,FAMILY AND SUPPORT SERVICES,2928,SENIOR HEALTH INSURANCE PGM,245,REIMBURSEMENT TO TRAVELERS,0,0,2979
GRANTS,0T08,SENIOR HEALTH INSURANCE PROGRAM,50,FAMILY AND SUPPORT SERVICES,2928,SENIOR HEALTH INSURANCE PGM,801,INDIRECT COSTS,0,0,2166
GRANTS,0T09,SHELTER PLUS CARE,50,FAMILY AND SUPPORT SERVICES,2938,SHELTER PLUS CARE,135,DELEGATE AGENCIES,0,0,13826765
GRANTS,0T09,SHELTER PLUS CARE,50,FAMILY AND SUPPORT SERVICES,2938,SHELTER PLUS CARE,140,PROFESSIONAL AND TECHNICAL SERVICES,0,0,1939235
GRANTS,0T10,EMERGENCY & TRANSITIONAL HOUSING,50,FAMILY AND SUPPORT SERVICES,2942,Emergency /Transitional Housng,5,SALARIES AND WAGES - ON PAYROLL,0,0,66667
GRANTS,0T10,EMERGENCY & TRANSITIONAL HOUSING,50,FAMILY AND SUPPORT SERVICES,2942,Emergency /Transitional Housng,11,CONTRACT WAGE - SALARY,0,0,340
GRANTS,0T10,EMERGENCY & TRANSITIONAL HOUSING,50,FAMILY AND SUPPORT SERVICES,2942,Emergency /Transitional Housng,44,FRINGE BENEFITS,0,0,28395
GRANTS,0T10,EMERGENCY & TRANSITIONAL HOUSING,50,FAMILY AND SUPPORT SERVICES,2942,Emergency /Transitional Housng,135,DELEGATE AGENCIES,0,0,4156770
GRANTS,0T10,EMERGENCY & TRANSITIONAL HOUSING,50,FAMILY AND SUPPORT SERVICES,2942,Emergency /Transitional Housng,140,PROFESSIONAL AND TECHNICAL SERVICES,0,0,71905
GRANTS,0T10,EMERGENCY & TRANSITIONAL HOUSING,50,FAMILY AND SUPPORT SERVICES,2942,Emergency /Transitional Housng,159,LEASE/PURCHASE EQUIPMENT,0,0,74394
GRANTS,0T10,EMERGENCY & TRANSITIONAL HOUSING,50,FAMILY AND SUPPORT SERVICES,2942,Emergency /Transitional Housng,162,REPAIR/MAINT EQUIPMENT,0,0,73617
GRANTS,0T10,EMERGENCY & TRANSITIONAL HOUSING,50,FAMILY AND SUPPORT SERVICES,2942,Emergency /Transitional Housng,9651,REIMB - INDIRECT COSTS,0,0,241912
GRANTS,0T11,CHILD CARE SERVICES,50,FAMILY AND SUPPORT SERVICES,2943,Child Care Services,5,SALARIES AND WAGES - ON PAYROLL,0,0,1419141
GRANTS,0T11,CHILD CARE SERVICES,50,FAMILY AND SUPPORT SERVICES,2943,Child Care Services,11,CONTRACT WAGE - SALARY,0,0,6301
GRANTS,0T11,CHILD CARE SERVICES,50,FAMILY AND SUPPORT SERVICES,2943,Child Care Services,15,SCHEDULE SALARY ADJUSTMENTS,0,0,3544
GRANTS,0T11,CHILD CARE SERVICES,50,FAMILY AND SUPPORT SERVICES,2943,Child Care Services,44,FRINGE BENEFITS,0,0,614544
GRANTS,0T11,CHILD CARE SERVICES,50,FAMILY AND SUPPORT SERVICES,2943,Child Care Services,140,PROFESSIONAL AND TECHNICAL SERVICES,0,0,836506
GRANTS,0T12,EMERGENCY SOLUTIONS GRANT,50,FAMILY AND SUPPORT SERVICES,2944,Emergency Solutions,5,SALARIES AND WAGES - ON PAYROLL,0,0,312799
GRANTS,0T12,EMERGENCY SOLUTIONS GRANT,50,FAMILY AND SUPPORT SERVICES,2944,Emergency Solutions,11,CONTRACT WAGE - SALARY,0,0,871
GRANTS,0T12,EMERGENCY SOLUTIONS GRANT,50,FAMILY AND SUPPORT SERVICES,2944,Emergency Solutions,15,SCHEDULE SALARY ADJUSTMENTS,0,0,4008
GRANTS,0T12,EMERGENCY SOLUTIONS GRANT,50,FAMILY AND SUPPORT SERVICES,2944,Emergency Solutions,44,FRINGE BENEFITS,0,0,136334
GRANTS,0T12,EMERGENCY SOLUTIONS GRANT,50,FAMILY AND SUPPORT SERVICES,2944,Emergency Solutions,135,DELEGATE AGENCIES,0,0,6003699
GRANTS,0T12,EMERGENCY SOLUTIONS GRANT,50,FAMILY AND SUPPORT SERVICES,2944,Emergency Solutions,140,PROFESSIONAL AND TECHNICAL SERVICES,0,0,42289
GRANTS,0T13,SENIOR MEDICARE PROJECTS,50,FAMILY AND SUPPORT SERVICES,2945,Senior Medicare Patrol,140,PROFESSIONAL AND TECHNICAL SERVICES,0,0,20000
GRANTS,0T14,SENIOR HEALTH ASSISTANCE PROGRAM,50,FAMILY AND SUPPORT SERVICES,2946,Senior Health Assistance Pgm.,5,SALARIES AND WAGES - ON PAYROLL,0,0,196427
GRANTS,0T14,SENIOR HEALTH ASSISTANCE PROGRAM,50,FAMILY AND SUPPORT SERVICES,2946,Senior Health Assistance Pgm.,6,SALARY PROVISION,0,0,18473
GRANTS,0T14,SENIOR HEALTH ASSISTANCE PROGRAM,50,FAMILY AND SUPPORT SERVICES,2946,Senior Health Assistance Pgm.,11,CONTRACT WAGE - SALARY,0,0,1002
GRANTS,0T14,SENIOR HEALTH ASSISTANCE PROGRAM,50,FAMILY AND SUPPORT SERVICES,2946,Senior Health Assistance Pgm.,15,SCHEDULE SALARY ADJUSTMENTS,0,0,2436
GRANTS,0T14,SENIOR HEALTH ASSISTANCE PROGRAM,50,FAMILY AND SUPPORT SERVICES,2946,Senior Health Assistance Pgm.,44,FRINGE BENEFITS,0,0,83662
GRANTS,0T15,SPECIAL PROJECTS - PREVENT DOM. VIOLENCE,50,FAMILY AND SUPPORT SERVICES,2968,GENERIC PREVENTION DOM VIOLENC,135,DELEGATE AGENCIES,0,0,145000
GRANTS,0T15,SPECIAL PROJECTS - PREVENT DOM. VIOLENCE,50,FAMILY AND SUPPORT SERVICES,2968,GENERIC PREVENTION DOM VIOLENC,140,PROFESSIONAL AND TECHNICAL SERVICES,0,0,36000
GRANTS,0T16,SAFE HAVENS - SUPERVISED VISITATION,50,FAMILY AND SUPPORT SERVICES,2831,SAFE HAVENS - SUPERVISED VISIT,140,PROFESSIONAL AND TECHNICAL SERVICES,0,0,500000
GRANTS,0T17,RELATIVES RAISING CHILDREN,50,FAMILY AND SUPPORT SERVICES,2932,RELATIVES RAISING CHILDREN,140,PROFESSIONAL AND TECHNICAL SERVICES,0,0,30000
GRANTS,0T18,MEDICARE IMPROVEMENTS FOR PATIENTS/PROV.,50,FAMILY AND SUPPORT SERVICES,2937,MEDICARE IMPROVEMENTS,5,SALARIES AND WAGES - ON PAYROLL,0,0,98328
GRANTS,0T18,MEDICARE IMPROVEMENTS FOR PATIENTS/PROV.,50,FAMILY AND SUPPORT SERVICES,2937,MEDICARE IMPROVEMENTS,6,SALARY PROVISION,0,0,14361
GRANTS,0T18,MEDICARE IMPROVEMENTS FOR PATIENTS/PROV.,50,FAMILY AND SUPPORT SERVICES,2937,MEDICARE IMPROVEMENTS,11,CONTRACT WAGE - SALARY,0,0,526
GRANTS,0T18,MEDICARE IMPROVEMENTS FOR PATIENTS/PROV.,50,FAMILY AND SUPPORT SERVICES,2937,MEDICARE IMPROVEMENTS,44,FRINGE BENEFITS,0,0,43942
GRANTS,0T18,MEDICARE IMPROVEMENTS FOR PATIENTS/PROV.,50,FAMILY AND SUPPORT SERVICES,2937,MEDICARE IMPROVEMENTS,270,LOCAL TRANSPORTATION,0,0,1293
GRANTS,0T18,MEDICARE IMPROVEMENTS FOR PATIENTS/PROV.,50,FAMILY AND SUPPORT SERVICES,2937,MEDICARE IMPROVEMENTS,801,INDIRECT COSTS,0,0,8550
GRANTS,0T19,SUMMER JOBS CONNECT,50,FAMILY AND SUPPORT SERVICES,2953,Summer Jobs Connect Program,135,DELEGATE AGENCIES,0,0,746735
GRANTS,0T19,SUMMER JOBS CONNECT,50,FAMILY AND SUPPORT SERVICES,2953,Summer Jobs Connect Program,140,PROFESSIONAL AND TECHNICAL SERVICES,0,0,13265
GRANTS,0T20,COLBERT CONSENT DECREE,50,FAMILY AND SUPPORT SERVICES,2951,Colbert Consent Decree,140,PROFESSIONAL AND TECHNICAL SERVICES,0,0,155224
GRANTS,0T20,COLBERT CONSENT DECREE,50,FAMILY AND SUPPORT SERVICES,2951,Colbert Consent Decree,245,REIMBURSEMENT TO TRAVELERS,0,0,1000
GRANTS,0T20,COLBERT CONSENT DECREE,50,FAMILY AND SUPPORT SERVICES,2951,Colbert Consent Decree,270,LOCAL TRANSPORTATION,0,0,1500
GRANTS,0T20,COLBERT CONSENT DECREE,50,FAMILY AND SUPPORT SERVICES,2951,Colbert Consent Decree,350,STATIONERY AND OFFICE SUPPLIES,0,0,4500
GRANTS,0T20,COLBERT CONSENT DECREE,50,FAMILY AND SUPPORT SERVICES,2951,Colbert Consent Decree,801,INDIRECT COSTS,0,0,8776
GRANTS,0T23,EHS - CHILD CARE PARTNERSHIP,50,FAMILY AND SUPPORT SERVICES,2956,EHS - Child Care Partnership,5,SALARIES AND WAGES - ON PAYROLL,0,0,271471
GRANTS,0T23,EHS - CHILD CARE PARTNERSHIP,50,FAMILY AND SUPPORT SERVICES,2956,EHS - Child Care Partnership,11,CONTRACT WAGE - SALARY,0,0,738
GRANTS,0T23,EHS - CHILD CARE PARTNERSHIP,50,FAMILY AND SUPPORT SERVICES,2956,EHS - Child Care Partnership,15,SCHEDULE SALARY ADJUSTMENTS,0,0,1338
GRANTS,0T23,EHS - CHILD CARE PARTNERSHIP,50,FAMILY AND SUPPORT SERVICES,2956,EHS - Child Care Partnership,44,FRINGE BENEFITS,0,0,126903
GRANTS,0T23,EHS - CHILD CARE PARTNERSHIP,50,FAMILY AND SUPPORT SERVICES,2956,EHS - Child Care Partnership,130,POSTAGE,0,0,524
GRANTS,0T23,EHS - CHILD CARE PARTNERSHIP,50,FAMILY AND SUPPORT SERVICES,2956,EHS - Child Care Partnership,135,DELEGATE AGENCIES,0,0,11440000
GRANTS,0T23,EHS - CHILD CARE PARTNERSHIP,50,FAMILY AND SUPPORT SERVICES,2956,EHS - Child Care Partnership,140,PROFESSIONAL AND TECHNICAL SERVICES,0,0,1315032
GRANTS,0T23,EHS - CHILD CARE PARTNERSHIP,50,FAMILY AND SUPPORT SERVICES,2956,EHS - Child Care Partnership,159,LEASE/PURCHASE EQUIPMENT,0,0,1728
GRANTS,0T23,EHS - CHILD CARE PARTNERSHIP,50,FAMILY AND SUPPORT SERVICES,2956,EHS - Child Care Partnership,166,DUES  SUBSC & MEM,0,0,897042
GRANTS,0T23,EHS - CHILD CARE PARTNERSHIP,50,FAMILY AND SUPPORT SERVICES,2956,EHS - Child Care Partnership,169,TECHNICAL MEETING COSTS,0,0,2100
GRANTS,0T23,EHS - CHILD CARE PARTNERSHIP,50,FAMILY AND SUPPORT SERVICES,2956,EHS - Child Care Partnership,190,TELEPHONE - NON-CENTREX BILLINGS,0,0,4719
GRANTS,0T23,EHS - CHILD CARE PARTNERSHIP,50,FAMILY AND SUPPORT SERVICES,2956,EHS - Child Care Partnership,197,TELEPHONE - MAINTENANCE,0,0,637
GRANTS,0T23,EHS - CHILD CARE PARTNERSHIP,50,FAMILY AND SUPPORT SERVICES,2956,EHS - Child Care Partnership,229,TRANSPORTATION AND EXPENSE ALLOWANCE,0,0,200
GRANTS,0T23,EHS - CHILD CARE PARTNERSHIP,50,FAMILY AND SUPPORT SERVICES,2956,EHS - Child Care Partnership,245,REIMBURSEMENT TO TRAVELERS,0,0,2500
GRANTS,0T23,EHS - CHILD CARE PARTNERSHIP,50,FAMILY AND SUPPORT SERVICES,2956,EHS - Child Care Partnership,270,LOCAL TRANSPORTATION,0,0,200
GRANTS,0T23,EHS - CHILD CARE PARTNERSHIP,50,FAMILY AND SUPPORT SERVICES,2956,EHS - Child Care Partnership,348,BOOKS AND RELATED MATERIAL,0,0,50000
GRANTS,0T23,EHS - CHILD CARE PARTNERSHIP,50,FAMILY AND SUPPORT SERVICES,2956,EHS - Child Care Partnership,350,STATIONERY AND OFFICE SUPPLIES,0,0,5000
GRANTS,0T23,EHS - CHILD CARE PARTNERSHIP,50,FAMILY AND SUPPORT SERVICES,2956,EHS - Child Care Partnership,801,INDIRECT COSTS,0,0,763868
GRANTS,0T24,MEDICARE-MEDICAID ALIGNMENT INITIATIVE,50,FAMILY AND SUPPORT SERVICES,2957,Medicare - Medicaid Alignment,5,SALARIES AND WAGES - ON PAYROLL,0,0,60764
GRANTS,0T24,MEDICARE-MEDICAID ALIGNMENT INITIATIVE,50,FAMILY AND SUPPORT SERVICES,2957,Medicare - Medicaid Alignment,6,SALARY PROVISION,0,0,66061
GRANTS,0T24,MEDICARE-MEDICAID ALIGNMENT INITIATIVE,50,FAMILY AND SUPPORT SERVICES,2957,Medicare - Medicaid Alignment,11,CONTRACT WAGE - SALARY,0,0,310
GRANTS,0T24,MEDICARE-MEDICAID ALIGNMENT INITIATIVE,50,FAMILY AND SUPPORT SERVICES,2957,Medicare - Medicaid Alignment,44,FRINGE BENEFITS,0,0,25880
GRANTS,0T24,MEDICARE-MEDICAID ALIGNMENT INITIATIVE,50,FAMILY AND SUPPORT SERVICES,2957,Medicare - Medicaid Alignment,350,STATIONERY AND OFFICE SUPPLIES,0,0,701
GRANTS,0T24,MEDICARE-MEDICAID ALIGNMENT INITIATIVE,50,FAMILY AND SUPPORT SERVICES,2957,Medicare - Medicaid Alignment,801,INDIRECT COSTS,0,0,8284
GRANTS,0T28,A&D RES. CTR ENH.& NURS. HME DEFLCTN PIL,50,FAMILY AND SUPPORT SERVICES,2959,A&D Res Ctr En & Nsg Hme Defl.,139,IT DEVELOPMENT,0,0,3000
GRANTS,0T28,A&D RES. CTR ENH.& NURS. HME DEFLCTN PIL,50,FAMILY AND SUPPORT SERVICES,2959,A&D Res Ctr En & Nsg Hme Defl.,140,PROFESSIONAL AND TECHNICAL SERVICES,274000,274000,255328
GRANTS,0T28,A&D RES. CTR ENH.& NURS. HME DEFLCTN PIL,50,FAMILY AND SUPPORT SERVICES,2959,A&D Res Ctr En & Nsg Hme Defl.,168,EDUCATION DEVELOPMENT,0,0,1800
GRANTS,0T28,A&D RES. CTR ENH.& NURS. HME DEFLCTN PIL,50,FAMILY AND SUPPORT SERVICES,2959,A&D Res Ctr En & Nsg Hme Defl.,801,INDIRECT COSTS,0,0,13872
GRANTS,0293,RENTAL REHABILITATION,54,PLANNING AND DEVELOPMENT,2882,Rental Rehabilitation,140,PROFESSIONAL AND TECHNICAL SERVICES,0,0,400000
GRANTS,0J63,CDBG - DISASTER RECOVERY,54,PLANNING AND DEVELOPMENT,2880,CDBG - Disaster Recovery,5,SALARIES AND WAGES - ON PAYROLL,0,0,140147
GRANTS,0J63,CDBG - DISASTER RECOVERY,54,PLANNING AND DEVELOPMENT,2880,CDBG - Disaster Recovery,11,CONTRACT WAGE - SALARY,0,0,246
GRANTS,0J63,CDBG - DISASTER RECOVERY,54,PLANNING AND DEVELOPMENT,2880,CDBG - Disaster Recovery,44,FRINGE BENEFITS,0,0,62415
GRANTS,0J63,CDBG - DISASTER RECOVERY,54,PLANNING AND DEVELOPMENT,2880,CDBG - Disaster Recovery,130,POSTAGE,0,0,1000
GRANTS,0J63,CDBG - DISASTER RECOVERY,54,PLANNING AND DEVELOPMENT,2880,CDBG - Disaster Recovery,135,DELEGATE AGENCIES,0,0,8165000
GRANTS,0J63,CDBG - DISASTER RECOVERY,54,PLANNING AND DEVELOPMENT,2880,CDBG - Disaster Recovery,140,PROFESSIONAL AND TECHNICAL SERVICES,10863000,10863000,206892
GRANTS,0J63,CDBG - DISASTER RECOVERY,54,PLANNING AND DEVELOPMENT,2880,CDBG - Disaster Recovery,169,TECHNICAL MEETING COSTS,0,0,1500
GRANTS,0J63,CDBG - DISASTER RECOVERY,54,PLANNING AND DEVELOPMENT,2880,CDBG - Disaster Recovery,270,LOCAL TRANSPORTATION,0,0,2000
GRANTS,0J63,CDBG - DISASTER RECOVERY,54,PLANNING AND DEVELOPMENT,2880,CDBG - Disaster Recovery,340,MATERIAL AND SUPPLIES,0,0,2500
GRANTS,0J63,CDBG - DISASTER RECOVERY,54,PLANNING AND DEVELOPMENT,2880,CDBG - Disaster Recovery,350,STATIONERY AND OFFICE SUPPLIES,0,0,1300
GRANTS,0K11,HOME INVESTMENT PARTNERSHIP,54,PLANNING AND DEVELOPMENT,2819,HOME INVESTMENT PARTNERSHIP,9103,REHABILITATION LOANS GT,20890000,20890000,5444000
GRANTS,0K14,HOME PROGRAM,54,PLANNING AND DEVELOPMENT,2819,HOME INVESTMENT PARTNERSHIP,9103,REHABILITATION LOANS GT,15100000,15100000,11280000
GRANTS,0K32,FORECLOSURE PREVENTION PROGRAM,54,PLANNING AND DEVELOPMENT,2868,FORECLOSURE PREVENTION PROGRAM,135,DELEGATE AGENCIES,781250,781250,703135
GRANTS,0K32,FORECLOSURE PREVENTION PROGRAM,54,PLANNING AND DEVELOPMENT,2868,FORECLOSURE PREVENTION PROGRAM,140,PROFESSIONAL AND TECHNICAL SERVICES,99750,99750,55865
CDBG,0J42,CDBG,41,DEPARTMENT OF PUBLIC HEALTH,2555,LEAD POISONING PREVENTION,11,CONTRACT WAGE - SALARY,2680,2680,2729
GRANTS,0K43,CHOICE NEIGHBORHOODS IMPLEMENTATION,54,PLANNING AND DEVELOPMENT,2863,CHOICE NEIGHBORHOODS IMPLEM,5,SALARIES AND WAGES - ON PAYROLL,66095,66095,73712
GRANTS,0K43,CHOICE NEIGHBORHOODS IMPLEMENTATION,54,PLANNING AND DEVELOPMENT,2863,CHOICE NEIGHBORHOODS IMPLEM,44,FRINGE BENEFITS,25442,25442,31395
GRANTS,0K43,CHOICE NEIGHBORHOODS IMPLEMENTATION,54,PLANNING AND DEVELOPMENT,2863,CHOICE NEIGHBORHOODS IMPLEM,140,PROFESSIONAL AND TECHNICAL SERVICES,500490,500490,438793
GRANTS,0K43,CHOICE NEIGHBORHOODS IMPLEMENTATION,54,PLANNING AND DEVELOPMENT,2863,CHOICE NEIGHBORHOODS IMPLEM,801,INDIRECT COSTS,26000,26000,5100
GRANTS,0K73,HOME PROGRAM,54,PLANNING AND DEVELOPMENT,2819,HOME INVESTMENT PARTNERSHIP,140,PROFESSIONAL AND TECHNICAL SERVICES,783435,783435,400000
GRANTS,0K73,HOME PROGRAM,54,PLANNING AND DEVELOPMENT,2819,HOME INVESTMENT PARTNERSHIP,9103,REHABILITATION LOANS GT,12899849,12899849,13157000
GRANTS,0K89,HOME PROGRAM,54,PLANNING AND DEVELOPMENT,2819,HOME INVESTMENT PARTNERSHIP,5,SALARIES AND WAGES - ON PAYROLL,0,0,745290
GRANTS,0K89,HOME PROGRAM,54,PLANNING AND DEVELOPMENT,2819,HOME INVESTMENT PARTNERSHIP,11,CONTRACT WAGE - SALARY,0,0,1326
GRANTS,0K89,HOME PROGRAM,54,PLANNING AND DEVELOPMENT,2819,HOME INVESTMENT PARTNERSHIP,155,RENTAL OF PROPERTY,0,0,100000
GRANTS,0K89,HOME PROGRAM,54,PLANNING AND DEVELOPMENT,2819,HOME INVESTMENT PARTNERSHIP,9103,REHABILITATION LOANS GT,0,0,13028500
GRANTS,0K89,HOME PROGRAM,54,PLANNING AND DEVELOPMENT,2819,HOME INVESTMENT PARTNERSHIP,9651,REIMB - INDIRECT COSTS,0,0,306881
GRANTS,0K91,LOW INCOME HOUSING TRUST FUND,54,PLANNING AND DEVELOPMENT,2874,Low Income Housing Trust Fund,9103,REHABILITATION LOANS GT,0,0,8000000
GRANTS,0S13,ARRA - NEIGHBORHOOD STABILIZATION PGM 3,54,PLANNING AND DEVELOPMENT,2878,NSP PROGRAM INCOME 3,5,SALARIES AND WAGES - ON PAYROLL,0,0,134017
GRANTS,0S13,ARRA - NEIGHBORHOOD STABILIZATION PGM 3,54,PLANNING AND DEVELOPMENT,2878,NSP PROGRAM INCOME 3,15,SCHEDULE SALARY ADJUSTMENTS,0,0,2151
GRANTS,0S13,ARRA - NEIGHBORHOOD STABILIZATION PGM 3,54,PLANNING AND DEVELOPMENT,2878,NSP PROGRAM INCOME 3,44,FRINGE BENEFITS,0,0,57081
GRANTS,0S13,ARRA - NEIGHBORHOOD STABILIZATION PGM 3,54,PLANNING AND DEVELOPMENT,2878,NSP PROGRAM INCOME 3,140,PROFESSIONAL AND TECHNICAL SERVICES,100371,100371,20000
GRANTS,0S13,ARRA - NEIGHBORHOOD STABILIZATION PGM 3,54,PLANNING AND DEVELOPMENT,2878,NSP PROGRAM INCOME 3,801,INDIRECT COSTS,15000,15000,1737
GRANTS,0S13,ARRA - NEIGHBORHOOD STABILIZATION PGM 3,54,PLANNING AND DEVELOPMENT,2878,NSP PROGRAM INCOME 3,994,HOME PURCHASE ASSISTANCE PROGRAM,0,0,183343
GRANTS,0S13,ARRA - NEIGHBORHOOD STABILIZATION PGM 3,54,PLANNING AND DEVELOPMENT,2878,NSP PROGRAM INCOME 3,9173,HOME REHABILITATION ASSISTANCE,0,0,106671
GRANTS,0S73,NEIGHBORHOOD STABILIZATION GRANT,54,PLANNING AND DEVELOPMENT,2849,NSP PROGRAM INCOME,140,PROFESSIONAL AND TECHNICAL SERVICES,15000,15000,60628
GRANTS,0S73,NEIGHBORHOOD STABILIZATION GRANT,54,PLANNING AND DEVELOPMENT,2849,NSP PROGRAM INCOME,801,INDIRECT COSTS,66462,66462,66462
GRANTS,0S73,NEIGHBORHOOD STABILIZATION GRANT,54,PLANNING AND DEVELOPMENT,2849,NSP PROGRAM INCOME,994,HOME PURCHASE ASSISTANCE PROGRAM,0,0,2836779
GRANTS,0S73,NEIGHBORHOOD STABILIZATION GRANT,54,PLANNING AND DEVELOPMENT,2849,NSP PROGRAM INCOME,9173,HOME REHABILITATION ASSISTANCE,0,0,1748131
GRANTS,0S85,NEIGHBORHOOD STABILIZATION PROGRAM,54,PLANNING AND DEVELOPMENT,2850,NSP PROGRAM INCOME,140,PROFESSIONAL AND TECHNICAL SERVICES,96973,96973,48996
GRANTS,0S85,NEIGHBORHOOD STABILIZATION PROGRAM,54,PLANNING AND DEVELOPMENT,2850,NSP PROGRAM INCOME,801,INDIRECT COSTS,23835,23835,23835
GRANTS,0S85,NEIGHBORHOOD STABILIZATION PROGRAM,54,PLANNING AND DEVELOPMENT,2850,NSP PROGRAM INCOME,994,HOME PURCHASE ASSISTANCE PROGRAM,0,0,413127
GRANTS,0S85,NEIGHBORHOOD STABILIZATION PROGRAM,54,PLANNING AND DEVELOPMENT,2850,NSP PROGRAM INCOME,9173,HOME REHABILITATION ASSISTANCE,0,0,1104042
GRANTS,0V06,CHICAGO HISTORIC INDUSTRIAL DEVELOPMENT,54,PLANNING AND DEVELOPMENT,2881,Chicago Historic Industrial Dv,140,PROFESSIONAL AND TECHNICAL SERVICES,17000,17000,10000
GRANTS,0191,ASSET FORFEITURE - STATE,57,DEPARTMENT OF POLICE,2817,ASSET FORFEITURE - STATE,140,PROFESSIONAL AND TECHNICAL SERVICES,30000,30000,50000
GRANTS,0191,ASSET FORFEITURE - STATE,57,DEPARTMENT OF POLICE,2817,ASSET FORFEITURE - STATE,157,RENTAL EQUIPMENT AND SERVICES,1000000,1000000,1300000
GRANTS,0191,ASSET FORFEITURE - STATE,57,DEPARTMENT OF POLICE,2817,ASSET FORFEITURE - STATE,340,MATERIAL AND SUPPLIES,10000,10000,35000
GRANTS,0191,ASSET FORFEITURE - STATE,57,DEPARTMENT OF POLICE,2817,ASSET FORFEITURE - STATE,350,STATIONERY AND OFFICE SUPPLIES,30000,30000,30000
GRANTS,0191,ASSET FORFEITURE - STATE,57,DEPARTMENT OF POLICE,2817,ASSET FORFEITURE - STATE,445,TECHNICAL AND SCIENTIFIC EQUIPMENT,250000,250000,100000
GRANTS,0191,ASSET FORFEITURE - STATE,57,DEPARTMENT OF POLICE,2817,ASSET FORFEITURE - STATE,451,VEHICLES - POLICE AND FIRE,900000,900000,862000
GRANTS,0243,TRANSPORTATION SECURITY ADMIN AGRMT,57,DEPARTMENT OF POLICE,2862,TRANSPORTATION SEC-O'HARE,140,PROFESSIONAL AND TECHNICAL SERVICES,1750000,1750000,1750000
GRANTS,0243,TRANSPORTATION SECURITY ADMIN AGRMT,57,DEPARTMENT OF POLICE,2862,TRANSPORTATION SEC-O'HARE,9700,REIMBURSABLE TRANSFERS BETWEEN FUNDS,-1750000,-1750000,-1750000
CDBG,0J42,CDBG,48,MOPD,2505,DISABILITY RESOURCES,140,PROFESSIONAL AND TECHNICAL SERVICES,8914,8914,8232
GRANTS,0243,TRANSPORTATION SECURITY ADMIN AGRMT,57,DEPARTMENT OF POLICE,2863,TRANSPORTATION SEC-MIDWAY,140,PROFESSIONAL AND TECHNICAL SERVICES,537000,537000,537000
GRANTS,0243,TRANSPORTATION SECURITY ADMIN AGRMT,57,DEPARTMENT OF POLICE,2863,TRANSPORTATION SEC-MIDWAY,9700,REIMBURSABLE TRANSFERS BETWEEN FUNDS,-537000,-537000,-537000
GRANTS,0657,POLICE PROGRAM,57,DEPARTMENT OF POLICE,2816,ASSET FORFEITURE - FEDERAL,140,PROFESSIONAL AND TECHNICAL SERVICES,70000,70000,115000
GRANTS,0657,POLICE PROGRAM,57,DEPARTMENT OF POLICE,2816,ASSET FORFEITURE - FEDERAL,340,MATERIAL AND SUPPLIES,283000,283000,428000
GRANTS,0B17,ASSET FORFEITURE - FEDERAL,57,DEPARTMENT OF POLICE,2816,ASSET FORFEITURE - FEDERAL,140,PROFESSIONAL AND TECHNICAL SERVICES,1969292,1969292,1043000
GRANTS,0B17,ASSET FORFEITURE - FEDERAL,57,DEPARTMENT OF POLICE,2816,ASSET FORFEITURE - FEDERAL,157,RENTAL EQUIPMENT AND SERVICES,40000,40000,40000
GRANTS,0B17,ASSET FORFEITURE - FEDERAL,57,DEPARTMENT OF POLICE,2816,ASSET FORFEITURE - FEDERAL,176,MAINTENANCE AND OPERATION - VEHICLES,1182205,1182205,500000
GRANTS,0B17,ASSET FORFEITURE - FEDERAL,57,DEPARTMENT OF POLICE,2816,ASSET FORFEITURE - FEDERAL,245,REIMBURSEMENT TO TRAVELERS,50000,50000,50000
GRANTS,0B17,ASSET FORFEITURE - FEDERAL,57,DEPARTMENT OF POLICE,2816,ASSET FORFEITURE - FEDERAL,340,MATERIAL AND SUPPLIES,1560703,1560703,305000
GRANTS,0K55,COPS HIRING 2013,57,DEPARTMENT OF POLICE,2997,COPS Hiring Program,5,SALARIES AND WAGES - ON PAYROLL,614232,614232,1034586
GRANTS,0K55,COPS HIRING 2013,57,DEPARTMENT OF POLICE,2997,COPS Hiring Program,6,SALARY PROVISION,1563527,1563527,310488
GRANTS,0K55,COPS HIRING 2013,57,DEPARTMENT OF POLICE,2997,COPS Hiring Program,11,CONTRACT WAGE - SALARY,53283,53283,10557
GRANTS,0K55,COPS HIRING 2013,57,DEPARTMENT OF POLICE,2997,COPS Hiring Program,15,SCHEDULE SALARY ADJUSTMENTS,211899,211899,16720
GRANTS,0K55,COPS HIRING 2013,57,DEPARTMENT OF POLICE,2997,COPS Hiring Program,44,FRINGE BENEFITS,236059,236059,440649
GRANTS,0K59,TRANSIT SECURITY,57,DEPARTMENT OF POLICE,2921,TRANSIT SECURITY,6,SALARY PROVISION,6143,6143,56000
GRANTS,0K60,JUVENILE BLOCK GRANT,57,DEPARTMENT OF POLICE,2948,JUVENILE BLOCK GRANT,6,SALARY PROVISION,0,0,33000
GRANTS,0K60,JUVENILE BLOCK GRANT,57,DEPARTMENT OF POLICE,2948,JUVENILE BLOCK GRANT,140,PROFESSIONAL AND TECHNICAL SERVICES,27955,27955,112000
GRANTS,0K62,COPS HIRING PROGRAM,57,DEPARTMENT OF POLICE,2983,COPS HIRING PROGRAM,5,SALARIES AND WAGES - ON PAYROLL,969840,969840,1631847
GRANTS,0K62,COPS HIRING PROGRAM,57,DEPARTMENT OF POLICE,2983,COPS HIRING PROGRAM,6,SALARY PROVISION,1672923,1672923,710692
GRANTS,0K62,COPS HIRING PROGRAM,57,DEPARTMENT OF POLICE,2983,COPS HIRING PROGRAM,11,CONTRACT WAGE - SALARY,88805,88805,16652
GRANTS,0K62,COPS HIRING PROGRAM,57,DEPARTMENT OF POLICE,2983,COPS HIRING PROGRAM,15,SCHEDULE SALARY ADJUSTMENTS,0,0,70775
GRANTS,0K62,COPS HIRING PROGRAM,57,DEPARTMENT OF POLICE,2983,COPS HIRING PROGRAM,44,FRINGE BENEFITS,393432,393432,695034
GRANTS,0K65,EDWARD BYRNE MEMORIAL JAG,57,DEPARTMENT OF POLICE,2996,Edward Byrne Memorial JAG,140,PROFESSIONAL AND TECHNICAL SERVICES,837000,837000,2179000
GRANTS,0K76,GET BEHIND THE VEST,57,DEPARTMENT OF POLICE,2999,Get Behind the Vest,340,MATERIAL AND SUPPLIES,1641000,1641000,1200000
GRANTS,0K78,ANTITERRORISM AND EMERGENCY ASSISTANCE,57,DEPARTMENT OF POLICE,,Anti-Terrorism/Emergency Ass.,140,PROFESSIONAL AND TECHNICAL SERVICES,3000000,3000000,660000
GRANTS,0K79,OPTIMIZING VIDEO TECHNOLOGY,57,DEPARTMENT OF POLICE,,Optimizing Video Tech.,20,OVERTIME,0,0,84000
GRANTS,0K79,OPTIMIZING VIDEO TECHNOLOGY,57,DEPARTMENT OF POLICE,,Optimizing Video Tech.,140,PROFESSIONAL AND TECHNICAL SERVICES,529000,529000,307000
GRANTS,0K79,OPTIMIZING VIDEO TECHNOLOGY,57,DEPARTMENT OF POLICE,,Optimizing Video Tech.,445,TECHNICAL AND SCIENTIFIC EQUIPMENT,0,0,127000
GRANTS,0K79,OPTIMIZING VIDEO TECHNOLOGY,57,DEPARTMENT OF POLICE,,Optimizing Video Tech.,801,INDIRECT COSTS,0,0,11000
GRANTS,0K83,PAUL COVERDELL FORENSIC SCIENCE IMPRVMT,57,DEPARTMENT OF POLICE,,Coverdell Forensic Science,340,MATERIAL AND SUPPLIES,0,0,32000
GRANTS,0K83,PAUL COVERDELL FORENSIC SCIENCE IMPRVMT,57,DEPARTMENT OF POLICE,,Coverdell Forensic Science,445,TECHNICAL AND SCIENTIFIC EQUIPMENT,0,0,136000
GRANTS,0K83,PAUL COVERDELL FORENSIC SCIENCE IMPRVMT,57,DEPARTMENT OF POLICE,,Coverdell Forensic Science,801,INDIRECT COSTS,0,0,5000
GRANTS,0K86,COMMUNITY POLICING DEVELOPMENT,57,DEPARTMENT OF POLICE,2909,Community Policing Development,140,PROFESSIONAL AND TECHNICAL SERVICES,100000,100000,95000
GRANTS,0K86,COMMUNITY POLICING DEVELOPMENT,57,DEPARTMENT OF POLICE,2909,Community Policing Development,801,INDIRECT COSTS,0,0,5000
GRANTS,0K98,TRANSIT SECURITY,57,DEPARTMENT OF POLICE,2921,TRANSIT SECURITY,5,SALARIES AND WAGES - ON PAYROLL,0,0,2779098
GRANTS,0K98,TRANSIT SECURITY,57,DEPARTMENT OF POLICE,2921,TRANSIT SECURITY,11,CONTRACT WAGE - SALARY,0,0,26303
GRANTS,0K98,TRANSIT SECURITY,57,DEPARTMENT OF POLICE,2921,TRANSIT SECURITY,15,SCHEDULE SALARY ADJUSTMENTS,0,0,3698
GRANTS,0K98,TRANSIT SECURITY,57,DEPARTMENT OF POLICE,2921,TRANSIT SECURITY,44,FRINGE BENEFITS,0,0,1224901
GRANTS,0K98,TRANSIT SECURITY,57,DEPARTMENT OF POLICE,2921,TRANSIT SECURITY,340,MATERIAL AND SUPPLIES,0,0,3000
GRANTS,0K98,TRANSIT SECURITY,57,DEPARTMENT OF POLICE,2921,TRANSIT SECURITY,445,TECHNICAL AND SCIENTIFIC EQUIPMENT,0,0,104000
GRANTS,0K99,IDOT SUSTAINED TRAFFIC ENFORCEMENT PGM,57,DEPARTMENT OF POLICE,2968,IDOT SUSTAINED TRAFFIC ENFORCE,20,OVERTIME,0,0,370000
GRANTS,0K99,IDOT SUSTAINED TRAFFIC ENFORCEMENT PGM,57,DEPARTMENT OF POLICE,2968,IDOT SUSTAINED TRAFFIC ENFORCE,176,MAINTENANCE AND OPERATION - VEHICLES,0,0,9000
GRANTS,0K99,IDOT SUSTAINED TRAFFIC ENFORCEMENT PGM,57,DEPARTMENT OF POLICE,2968,IDOT SUSTAINED TRAFFIC ENFORCE,9776,TRANSFER FOR SERVICES - DSS,0,0,3000
GRANTS,0P19,US DEPT OF JUSTICE,57,DEPARTMENT OF POLICE,2912,SAFE ROUTES TO SCHOOLS,150,PUBLICATN & REPRODT-OUT,12000,12000,17000
GRANTS,0P19,US DEPT OF JUSTICE,57,DEPARTMENT OF POLICE,2912,SAFE ROUTES TO SCHOOLS,152,ADVERTISING,10000,10000,10000
GRANTS,0P19,US DEPT OF JUSTICE,57,DEPARTMENT OF POLICE,2912,SAFE ROUTES TO SCHOOLS,169,TECHNICAL MEETING COSTS,3000,3000,3000
GRANTS,0P19,US DEPT OF JUSTICE,57,DEPARTMENT OF POLICE,2912,SAFE ROUTES TO SCHOOLS,340,MATERIAL AND SUPPLIES,112000,112000,107000
GRANTS,0P19,US DEPT OF JUSTICE,57,DEPARTMENT OF POLICE,2935,JUSTICE AND MENTAL HEALTH,140,PROFESSIONAL AND TECHNICAL SERVICES,174000,174000,156000
GRANTS,0P19,US DEPT OF JUSTICE,57,DEPARTMENT OF POLICE,2935,JUSTICE AND MENTAL HEALTH,245,REIMBURSEMENT TO TRAVELERS,3800,3800,3800
GRANTS,0P19,US DEPT OF JUSTICE,57,DEPARTMENT OF POLICE,2935,JUSTICE AND MENTAL HEALTH,340,MATERIAL AND SUPPLIES,15000,15000,15000
GRANTS,0P19,US DEPT OF JUSTICE,57,DEPARTMENT OF POLICE,2935,JUSTICE AND MENTAL HEALTH,801,INDIRECT COSTS,5200,5200,5200
GRANTS,0P19,US DEPT OF JUSTICE,57,DEPARTMENT OF POLICE,2953,PREDICTIVE POLICING,140,PROFESSIONAL AND TECHNICAL SERVICES,500000,500000,142000
GRANTS,0P19,US DEPT OF JUSTICE,57,DEPARTMENT OF POLICE,2953,PREDICTIVE POLICING,446,PURCHASE - DATA HARDWARE,0,0,185000
GRANTS,0P19,US DEPT OF JUSTICE,57,DEPARTMENT OF POLICE,2953,PREDICTIVE POLICING,801,INDIRECT COSTS,0,0,33000
GRANTS,0P39,FEDERAL U.S. DOJ,57,DEPARTMENT OF POLICE,2982,SMART POLICING INNOVATION,140,PROFESSIONAL AND TECHNICAL SERVICES,0,0,627000
GRANTS,0P39,FEDERAL U.S. DOJ,57,DEPARTMENT OF POLICE,2982,SMART POLICING INNOVATION,245,REIMBURSEMENT TO TRAVELERS,0,0,4000
GRANTS,0P68,EDWARD BYRNE MEMORIAL JAG,57,DEPARTMENT OF POLICE,2985,Edward Byrne Memorial JAG,5,SALARIES AND WAGES - ON PAYROLL,91086,91086,95856
GRANTS,0P68,EDWARD BYRNE MEMORIAL JAG,57,DEPARTMENT OF POLICE,2985,Edward Byrne Memorial JAG,6,SALARY PROVISION,125315,125315,99328
GRANTS,0P68,EDWARD BYRNE MEMORIAL JAG,57,DEPARTMENT OF POLICE,2985,Edward Byrne Memorial JAG,11,CONTRACT WAGE - SALARY,479,479,489
GRANTS,0P68,EDWARD BYRNE MEMORIAL JAG,57,DEPARTMENT OF POLICE,2985,Edward Byrne Memorial JAG,44,FRINGE BENEFITS,35006,35006,40827
GRANTS,0P68,EDWARD BYRNE MEMORIAL JAG,57,DEPARTMENT OF POLICE,2985,Edward Byrne Memorial JAG,135,DELEGATE AGENCIES,2807000,2807000,2532000
GRANTS,0P68,EDWARD BYRNE MEMORIAL JAG,57,DEPARTMENT OF POLICE,2985,Edward Byrne Memorial JAG,140,PROFESSIONAL AND TECHNICAL SERVICES,102000,102000,96000
GRANTS,0P68,EDWARD BYRNE MEMORIAL JAG,57,DEPARTMENT OF POLICE,2985,Edward Byrne Memorial JAG,245,REIMBURSEMENT TO TRAVELERS,4500,4500,4500
GRANTS,0P68,EDWARD BYRNE MEMORIAL JAG,57,DEPARTMENT OF POLICE,2985,Edward Byrne Memorial JAG,350,STATIONERY AND OFFICE SUPPLIES,32953,32953,19000
GRANTS,0P68,EDWARD BYRNE MEMORIAL JAG,57,DEPARTMENT OF POLICE,2985,Edward Byrne Memorial JAG,445,TECHNICAL AND SCIENTIFIC EQUIPMENT,50000,50000,50000
GRANTS,0P68,EDWARD BYRNE MEMORIAL JAG,57,DEPARTMENT OF POLICE,2985,Edward Byrne Memorial JAG,450,VEHICLES,1794000,1794000,52000
GRANTS,0P68,EDWARD BYRNE MEMORIAL JAG,57,DEPARTMENT OF POLICE,2985,Edward Byrne Memorial JAG,801,INDIRECT COSTS,139000,139000,110000
GRANTS,0P84,COPS HIRING PROGRAM,57,DEPARTMENT OF POLICE,2983,COPS HIRING PROGRAM,5,SALARIES AND WAGES - ON PAYROLL,1614721,1614721,688750
GRANTS,0P84,COPS HIRING PROGRAM,57,DEPARTMENT OF POLICE,2983,COPS HIRING PROGRAM,11,CONTRACT WAGE - SALARY,133662,133662,18434
GRANTS,0P84,COPS HIRING PROGRAM,57,DEPARTMENT OF POLICE,2983,COPS HIRING PROGRAM,15,SCHEDULE SALARY ADJUSTMENTS,19456,19456,23379
GRANTS,0P84,COPS HIRING PROGRAM,57,DEPARTMENT OF POLICE,2983,COPS HIRING PROGRAM,44,FRINGE BENEFITS,592161,592161,769437
GRANTS,0P87,PUBLIC SAFETY PRIVATE SUPPORT,57,DEPARTMENT OF POLICE,2854,PUBLIC SAFETY,140,PROFESSIONAL AND TECHNICAL SERVICES,59000,59000,309000
GRANTS,0V00,COPS HIRING PROGRAM,57,DEPARTMENT OF POLICE,2983,COPS HIRING PROGRAM,5,SALARIES AND WAGES - ON PAYROLL,0,0,991695
GRANTS,0V00,COPS HIRING PROGRAM,57,DEPARTMENT OF POLICE,2983,COPS HIRING PROGRAM,6,SALARY PROVISION,0,0,1634657
GRANTS,0V00,COPS HIRING PROGRAM,57,DEPARTMENT OF POLICE,2983,COPS HIRING PROGRAM,11,CONTRACT WAGE - SALARY,0,0,11667
GRANTS,0V00,COPS HIRING PROGRAM,57,DEPARTMENT OF POLICE,2983,COPS HIRING PROGRAM,44,FRINGE BENEFITS,0,0,486981
GRANTS,0V01,INJURY PREVENTION,57,DEPARTMENT OF POLICE,2987,INJURY PREVENTION,20,OVERTIME,0,0,144000
GRANTS,0V02,LOCAL ALCOHOL PROGRAM,57,DEPARTMENT OF POLICE,2995,Local Alcohol Program,6,SALARY PROVISION,0,0,72000
GRANTS,0V02,LOCAL ALCOHOL PROGRAM,57,DEPARTMENT OF POLICE,2995,Local Alcohol Program,176,MAINTENANCE AND OPERATION - VEHICLES,0,0,19000
GRANTS,0V02,LOCAL ALCOHOL PROGRAM,57,DEPARTMENT OF POLICE,2995,Local Alcohol Program,245,REIMBURSEMENT TO TRAVELERS,0,0,3000
GRANTS,0V02,LOCAL ALCOHOL PROGRAM,57,DEPARTMENT OF POLICE,2995,Local Alcohol Program,9776,TRANSFER FOR SERVICES - DSS,0,0,17000
GRANTS,0V03,EDWARD BYRNE MEMORIAL JAG,57,DEPARTMENT OF POLICE,2996,Edward Byrne Memorial JAG,6,SALARY PROVISION,0,0,256000
GRANTS,0V03,EDWARD BYRNE MEMORIAL JAG,57,DEPARTMENT OF POLICE,2996,Edward Byrne Memorial JAG,135,DELEGATE AGENCIES,0,0,609000
GRANTS,0V03,EDWARD BYRNE MEMORIAL JAG,57,DEPARTMENT OF POLICE,2996,Edward Byrne Memorial JAG,140,PROFESSIONAL AND TECHNICAL SERVICES,0,0,57000
GRANTS,0V03,EDWARD BYRNE MEMORIAL JAG,57,DEPARTMENT OF POLICE,2996,Edward Byrne Memorial JAG,245,REIMBURSEMENT TO TRAVELERS,0,0,4000
GRANTS,0V03,EDWARD BYRNE MEMORIAL JAG,57,DEPARTMENT OF POLICE,2996,Edward Byrne Memorial JAG,340,MATERIAL AND SUPPLIES,0,0,1000
GRANTS,0V03,EDWARD BYRNE MEMORIAL JAG,57,DEPARTMENT OF POLICE,2996,Edward Byrne Memorial JAG,450,VEHICLES,0,0,1993000
GRANTS,0V03,EDWARD BYRNE MEMORIAL JAG,57,DEPARTMENT OF POLICE,2996,Edward Byrne Memorial JAG,451,VEHICLES - POLICE AND FIRE,0,0,1000000
GRANTS,0V03,EDWARD BYRNE MEMORIAL JAG,57,DEPARTMENT OF POLICE,2996,Edward Byrne Memorial JAG,801,INDIRECT COSTS,0,0,80000
GRANTS,0V05,NATIONAL CRIME STATISTICS EXCHANGE,57,DEPARTMENT OF POLICE,,Ntl Crime Statistics Exchange,140,PROFESSIONAL AND TECHNICAL SERVICES,210000,210000,210000
GRANTS,0V07,COMMUNITY POLICING DEVELOPMENT,57,DEPARTMENT OF POLICE,2909,Community Policing Development,20,OVERTIME,0,0,72000
GRANTS,0V07,COMMUNITY POLICING DEVELOPMENT,57,DEPARTMENT OF POLICE,2909,Community Policing Development,140,PROFESSIONAL AND TECHNICAL SERVICES,0,0,209000
GRANTS,0V08,OPTIMIZING VIDEO TECHNOLOGY,57,DEPARTMENT OF POLICE,,Optimizing Video Tech.,20,OVERTIME,0,0,84000
GRANTS,0V08,OPTIMIZING VIDEO TECHNOLOGY,57,DEPARTMENT OF POLICE,,Optimizing Video Tech.,140,PROFESSIONAL AND TECHNICAL SERVICES,0,0,444000
GRANTS,0V08,OPTIMIZING VIDEO TECHNOLOGY,57,DEPARTMENT OF POLICE,,Optimizing Video Tech.,245,REIMBURSEMENT TO TRAVELERS,0,0,3000
GRANTS,0V08,OPTIMIZING VIDEO TECHNOLOGY,57,DEPARTMENT OF POLICE,,Optimizing Video Tech.,801,INDIRECT COSTS,0,0,11000
GRANTS,0V10,BJA BODY WORN CAMERAS,57,DEPARTMENT OF POLICE,,BJA Body Worn Cameras,140,PROFESSIONAL AND TECHNICAL SERVICES,0,0,2400000
GRANTS,0V12,COPS ANTI-GANG INITIATIVE,57,DEPARTMENT OF POLICE,,COPS Anti-Gang Initiative,140,PROFESSIONAL AND TECHNICAL SERVICES,0,0,750000
GRANTS,0V13,NAT. EXPLOSIVES DETECT. CANINE,57,DEPARTMENT OF POLICE,2882,NAT. EXPLOSIVES DETECT. CANINE,6,SALARY PROVISION,0,0,678000
GRANTS,0V13,NAT. EXPLOSIVES DETECT. CANINE,57,DEPARTMENT OF POLICE,2882,NAT. EXPLOSIVES DETECT. CANINE,140,PROFESSIONAL AND TECHNICAL SERVICES,0,0,20000
GRANTS,0V13,NAT. EXPLOSIVES DETECT. CANINE,57,DEPARTMENT OF POLICE,2882,NAT. EXPLOSIVES DETECT. CANINE,176,MAINTENANCE AND OPERATION - VEHICLES,0,0,20000
GRANTS,0V13,NAT. EXPLOSIVES DETECT. CANINE,57,DEPARTMENT OF POLICE,2882,NAT. EXPLOSIVES DETECT. CANINE,320,GASOLINE,0,0,30000
GRANTS,0V13,NAT. EXPLOSIVES DETECT. CANINE,57,DEPARTMENT OF POLICE,2882,NAT. EXPLOSIVES DETECT. CANINE,330,FOOD,0,0,10000
GRANTS,0V14,TRANSIT SECURITY,57,DEPARTMENT OF POLICE,2921,TRANSIT SECURITY,5,SALARIES AND WAGES - ON PAYROLL,0,0,-319135
GRANTS,0V14,TRANSIT SECURITY,57,DEPARTMENT OF POLICE,2921,TRANSIT SECURITY,11,CONTRACT WAGE - SALARY,0,0,7467
GRANTS,0V14,TRANSIT SECURITY,57,DEPARTMENT OF POLICE,2921,TRANSIT SECURITY,44,FRINGE BENEFITS,0,0,311668
GRANTS,0V14,TRANSIT SECURITY,57,DEPARTMENT OF POLICE,2921,TRANSIT SECURITY,140,PROFESSIONAL AND TECHNICAL SERVICES,0,0,4141000
GRANTS,0783,ILLINOIS DEPARTMENT OF TRANSPORTATION,58,OEMC,2855,TRAFFIC MGMT AUTH CONTROL AIDE,6,SALARY PROVISION,230000,230000,460000
GRANTS,0K68,URBAN AREAS SECURITY INITIATIVE,58,OEMC,2811,URBAN AREA SECURITY INITIATIVE,140,PROFESSIONAL AND TECHNICAL SERVICES,45000000,45000000,45000000
GRANTS,0K85,PORT SECURITY,58,OEMC,2831,PORT SECURITY GRANT,140,PROFESSIONAL AND TECHNICAL SERVICES,488000,488000,488000
GRANTS,0K87,EMERGENCY MANAGEMENT PRIVATE SUPPORT,58,OEMC,2898,Emergency Mgmt Private Support,340,MATERIAL AND SUPPLIES,10000,10000,10000
GRANTS,0K94,URBAN AREAS SECURITY INITIATIVE,58,OEMC,2811,URBAN AREA SECURITY INITIATIVE,140,PROFESSIONAL AND TECHNICAL SERVICES,0,0,44893853
GRANTS,0K95,EMERGENCY MANAGEMENT ASSISTANCE,58,OEMC,2820,EMERGENCY MGMT ASSISTANCE,6,SALARY PROVISION,0,0,685000
GRANTS,0M02,OEMC,58,OEMC,2826,COM ED - WEATHERIZATION,140,PROFESSIONAL AND TECHNICAL SERVICES,47000,47000,47000
GRANTS,0M02,OEMC,58,OEMC,2835,NEXTEL FREQUENCY RECONFIG,140,PROFESSIONAL AND TECHNICAL SERVICES,493000,493000,493000
GRANTS,0M11,FEDERAL USEPA,58,OEMC,2888,HAZARD MITIGATION,140,PROFESSIONAL AND TECHNICAL SERVICES,442000,442000,442000
GRANTS,0M14,OEMC FEDERAL GRANTS,58,OEMC,2893,VIDEO SURVEILLANCE NETWORK,140,PROFESSIONAL AND TECHNICAL SERVICES,30000,30000,1000000
CDBG,0J42,CDBG,48,MOPD,2505,DISABILITY RESOURCES,270,LOCAL TRANSPORTATION,480,480,470
GRANTS,0N31,URBAN AREAS SECURITY INITIATIVE,58,OEMC,2811,URBAN AREA SECURITY INITIATIVE,5,SALARIES AND WAGES - ON PAYROLL,0,0,2180771
GRANTS,0N31,URBAN AREAS SECURITY INITIATIVE,58,OEMC,2811,URBAN AREA SECURITY INITIATIVE,11,CONTRACT WAGE - SALARY,0,0,3911
GRANTS,0N31,URBAN AREAS SECURITY INITIATIVE,58,OEMC,2811,URBAN AREA SECURITY INITIATIVE,15,SCHEDULE SALARY ADJUSTMENTS,0,0,21447
GRANTS,0N31,URBAN AREAS SECURITY INITIATIVE,58,OEMC,2811,URBAN AREA SECURITY INITIATIVE,44,FRINGE BENEFITS,0,0,961637
GRANTS,0N31,URBAN AREAS SECURITY INITIATIVE,58,OEMC,2811,URBAN AREA SECURITY INITIATIVE,140,PROFESSIONAL AND TECHNICAL SERVICES,39744000,39744000,31832234
GRANTS,0J18,ASSISTANCE TO FIREFIGHTERS GRANT,59,FIRE DEPARTMENT,2812,ASSISTANCE TO FIREFIGHTERS,140,PROFESSIONAL AND TECHNICAL SERVICES,0,0,2750000
GRANTS,0K72,FIRE ACADEMY TRAINING AND IMPROVEMENT,59,FIRE DEPARTMENT,2810,FIRE ACAD TRNG/IMPROVEMENT,140,PROFESSIONAL AND TECHNICAL SERVICES,757513,757513,2482000
GRANTS,0K93,FIRE ACADEMY TRAINING AND IMPROVEMENT,59,FIRE DEPARTMENT,2810,FIRE ACAD TRNG/IMPROVEMENT,5,SALARIES AND WAGES - ON PAYROLL,0,0,805170
GRANTS,0K93,FIRE ACADEMY TRAINING AND IMPROVEMENT,59,FIRE DEPARTMENT,2810,FIRE ACAD TRNG/IMPROVEMENT,11,CONTRACT WAGE - SALARY,0,0,3159
GRANTS,0K93,FIRE ACADEMY TRAINING AND IMPROVEMENT,59,FIRE DEPARTMENT,2810,FIRE ACAD TRNG/IMPROVEMENT,15,SCHEDULE SALARY ADJUSTMENTS,0,0,3404
GRANTS,0K93,FIRE ACADEMY TRAINING AND IMPROVEMENT,59,FIRE DEPARTMENT,2810,FIRE ACAD TRNG/IMPROVEMENT,44,FRINGE BENEFITS,0,0,350319
GRANTS,0K93,FIRE ACADEMY TRAINING AND IMPROVEMENT,59,FIRE DEPARTMENT,2810,FIRE ACAD TRNG/IMPROVEMENT,140,PROFESSIONAL AND TECHNICAL SERVICES,0,0,1318948
GRANTS,0J74,TOBACCO ENFORCEMENT GRANT,70,BACP,2801,TOBACCO ENFORCEMENT GRANT,5,SALARIES AND WAGES - ON PAYROLL,0,0,277140
GRANTS,0J74,TOBACCO ENFORCEMENT GRANT,70,BACP,2801,TOBACCO ENFORCEMENT GRANT,11,CONTRACT WAGE - SALARY,0,0,1560
GRANTS,0J74,TOBACCO ENFORCEMENT GRANT,70,BACP,2801,TOBACCO ENFORCEMENT GRANT,15,SCHEDULE SALARY ADJUSTMENTS,0,0,4076
GRANTS,0J74,TOBACCO ENFORCEMENT GRANT,70,BACP,2801,TOBACCO ENFORCEMENT GRANT,44,FRINGE BENEFITS,0,0,130224
GRANTS,0K52,TOBACCO ENFORCEMENT GRANT,70,BACP,2801,TOBACCO ENFORCEMENT GRANT,5,SALARIES AND WAGES - ON PAYROLL,47088,47088,41810
GRANTS,0K52,TOBACCO ENFORCEMENT GRANT,70,BACP,2801,TOBACCO ENFORCEMENT GRANT,6,SALARY PROVISION,0,0,29413
GRANTS,0K52,TOBACCO ENFORCEMENT GRANT,70,BACP,2801,TOBACCO ENFORCEMENT GRANT,11,CONTRACT WAGE - SALARY,262,262,246
GRANTS,0K52,TOBACCO ENFORCEMENT GRANT,70,BACP,2801,TOBACCO ENFORCEMENT GRANT,44,FRINGE BENEFITS,19102,19102,20531
GRANTS,0P20,IL DEPT OF COMMERCE,70,BACP,2815,CABLE LOCAL ORIGINATION,5,SALARIES AND WAGES - ON PAYROLL,287969,287969,311463
GRANTS,0P20,IL DEPT OF COMMERCE,70,BACP,2815,CABLE LOCAL ORIGINATION,11,CONTRACT WAGE - SALARY,277,277,283
GRANTS,0P20,IL DEPT OF COMMERCE,70,BACP,2815,CABLE LOCAL ORIGINATION,15,SCHEDULE SALARY ADJUSTMENTS,2871,2871,4050
GRANTS,0P20,IL DEPT OF COMMERCE,70,BACP,2815,CABLE LOCAL ORIGINATION,44,FRINGE BENEFITS,110814,110814,132659
GRANTS,0P20,IL DEPT OF COMMERCE,70,BACP,2815,CABLE LOCAL ORIGINATION,140,PROFESSIONAL AND TECHNICAL SERVICES,25069,25069,26545
GRANTS,0J63,CDBG - DISASTER RECOVERY,84,CDOT,2999,CDBG - Disaster Recovery,140,PROFESSIONAL AND TECHNICAL SERVICES,10000000,10000000,15600000
GRANTS,0L18,ILLINOIS JOBS NOW,84,CDOT,2977,Illinois Jobs Now,140,PROFESSIONAL AND TECHNICAL SERVICES,2960000,2960000,10000000
GRANTS,0L19,FEDERAL SECTION 117,84,CDOT,2937,FEDERAL SECTION 117,140,PROFESSIONAL AND TECHNICAL SERVICES,0,0,992000
GRANTS,0L22,CUBS FUND FOR NEIGHBORHOOD IMPROVEMENTS,84,CDOT,2995,Cubs Fund for Neighborhood Imp,140,PROFESSIONAL AND TECHNICAL SERVICES,500000,500000,500000
GRANTS,0L23,CTA INFRASTRUCTURE IMPROVEMENT,84,CDOT,2996,CTA Infrastructure Improvement,140,PROFESSIONAL AND TECHNICAL SERVICES,2000000,2000000,2000000
GRANTS,0L32,CONGESTION MITIGATION AIR QUALITY,84,CDOT,2805,CMAQ - Federal,540,CONSTRUCTION OF BUILDINGS AND STRUCTURES,0,0,50000000
GRANTS,0L33,STP CONSTRUCTION,84,CDOT,2820,STP FEDERAL CONSTRUCTION,540,CONSTRUCTION OF BUILDINGS AND STRUCTURES,0,0,170000000
GRANTS,0L34,TRANSPORTATION PLANNING,84,CDOT,2825,TRANSPORTATION PLANNING,5,SALARIES AND WAGES - ON PAYROLL,0,0,215866
GRANTS,0L34,TRANSPORTATION PLANNING,84,CDOT,2825,TRANSPORTATION PLANNING,15,SCHEDULE SALARY ADJUSTMENTS,0,0,1980
GRANTS,0L34,TRANSPORTATION PLANNING,84,CDOT,2825,TRANSPORTATION PLANNING,44,FRINGE BENEFITS,0,0,91942
GRANTS,0L34,TRANSPORTATION PLANNING,84,CDOT,2825,TRANSPORTATION PLANNING,140,PROFESSIONAL AND TECHNICAL SERVICES,0,0,830212
GRANTS,0L35,ROADWAY BEAUTIFICATION AND ENHANCEMENT,84,CDOT,2864,Roadway Beautification,540,CONSTRUCTION OF BUILDINGS AND STRUCTURES,0,0,5000000
GRANTS,0L36,HIGH PRIORITY / SAFETEA - LU,84,CDOT,2869,SAFETEA - LU - FEDERAL,540,CONSTRUCTION OF BUILDINGS AND STRUCTURES,0,0,12000000
GRANTS,0L37,COOK COUNTY HIGHWAY PROGRAM,84,CDOT,2873,COOK COUNTY HIGHWAY PROGRAM,540,CONSTRUCTION OF BUILDINGS AND STRUCTURES,0,0,750000
CDBG,0J42,CDBG,48,MOPD,2505,DISABILITY RESOURCES,340,MATERIAL AND SUPPLIES,1606,1606,1782
GRANTS,0L38,BRIDGE MAINTENANCE - IDOT,84,CDOT,2880,Bridge Maintenance - IDOT,540,CONSTRUCTION OF BUILDINGS AND STRUCTURES,0,0,600000
GRANTS,0L39,MAJOR BRIDGE - FEDERAL,84,CDOT,2906,Major Bridge - Federal,540,CONSTRUCTION OF BUILDINGS AND STRUCTURES,0,0,12000000
GRANTS,0L40,TRANSPORTATION INVESTMENTS ECON RECOVERY,84,CDOT,2919,TIGER,540,CONSTRUCTION OF BUILDINGS AND STRUCTURES,0,0,19000000
GRANTS,0L41,SAFE ROUTES TO SCHOOL,84,CDOT,2921,SAFE ROUTES TO SCHOOL,540,CONSTRUCTION OF BUILDINGS AND STRUCTURES,0,0,1600000
GRANTS,0L42,IDOT SECTION 408 TRAFFIC SAFETY,84,CDOT,2922,IDOT SECTION 408 TRAFFIC SAFTY,140,PROFESSIONAL AND TECHNICAL SERVICES,0,0,500000
GRANTS,0L43,IDOT EMERGENCY REPAIR PROGRAM,84,CDOT,2923,IDOT EMERGENCY REPAIR PROGRAM,540,CONSTRUCTION OF BUILDINGS AND STRUCTURES,0,0,1000000
GRANTS,0L44,HIGHWAY SAFETY IMPROVEMENT PROGRAM,84,CDOT,2925,HIGHWAY SAFETY IMPROVEMENT PGM,140,PROFESSIONAL AND TECHNICAL SERVICES,0,0,3730000
GRANTS,0L46,CMAP LOCAL ASSISTANCE PROGRAM,84,CDOT,2968,CMAP LOCAL ASSISTANCE PROGRAM,140,PROFESSIONAL AND TECHNICAL SERVICES,0,0,250000
GRANTS,0L47,HIGHWAY SAFETY PROGRAM INJURY PREVENTION,84,CDOT,2974,Highway Safety Pgm. Injury Prv,140,PROFESSIONAL AND TECHNICAL SERVICES,0,0,385000
GRANTS,0L48,STATE ONLY CHICAGO COMMITMENT,84,CDOT,2992,State Only Chicago Commitment,540,CONSTRUCTION OF BUILDINGS AND STRUCTURES,0,0,93000000
GRANTS,0L49,ILLINOIS TRANSPORTATION ENHANCEMENT,84,CDOT,2993,IL Transportation Enhancement,140,PROFESSIONAL AND TECHNICAL SERVICES,0,0,12000000
GRANTS,0L50,TRANSPORTATION ALTERNATIVES,84,CDOT,2994,Transportation Alternatives,140,PROFESSIONAL AND TECHNICAL SERVICES,0,0,7500000
GRANTS,0L52,TRANSIT SIGNAL PRIORITY,84,CDOT,,Transit Signal Priority,140,PROFESSIONAL AND TECHNICAL SERVICES,4000000,4000000,4000000
GRANTS,0L60,STATE PLANNING AND RESEARCH,84,CDOT,2981,State Planning and Research,140,PROFESSIONAL AND TECHNICAL SERVICES,0,0,240000
GRANTS,0M07,PRIVATE FUNDED GRANTS,84,CDOT,2901,OUTSIDE FUNDING CONTRIBUTIONS,540,CONSTRUCTION OF BUILDINGS AND STRUCTURES,1000000,1000000,1000000
GRANTS,0623,AIP-MIDWAY,85,DEPARTMENT OF AVIATION,2805,AIP-MIDWAY,140,PROFESSIONAL AND TECHNICAL SERVICES,4000000,4000000,20000000
GRANTS,0623,AIP-MIDWAY,85,DEPARTMENT OF AVIATION,2807,MIDWAY TSA,140,PROFESSIONAL AND TECHNICAL SERVICES,526000,526000,20700000
GRANTS,0623,AIP-MIDWAY,85,DEPARTMENT OF AVIATION,2824,Midway - AIP - Noise Program,140,PROFESSIONAL AND TECHNICAL SERVICES,0,0,20000000
GRANTS,0624,O'HARE AIRPORT,85,DEPARTMENT OF AVIATION,2800,O'HARE - FAA (MOA) - PHASE II,140,PROFESSIONAL AND TECHNICAL SERVICES,9313000,9313000,17000000
GRANTS,0624,O'HARE AIRPORT,85,DEPARTMENT OF AVIATION,2810,AIP-O'HARE,140,PROFESSIONAL AND TECHNICAL SERVICES,55611000,55611000,117000000
GRANTS,0624,O'HARE AIRPORT,85,DEPARTMENT OF AVIATION,2811,O'HARE TRANS SEC ADM,140,PROFESSIONAL AND TECHNICAL SERVICES,28934000,28934000,26800000
GRANTS,0624,O'HARE AIRPORT,85,DEPARTMENT OF AVIATION,2813,O'HARE - AIP - NOISE PROGRAM,140,PROFESSIONAL AND TECHNICAL SERVICES,6500000,6500000,50000000
GRANTS,0624,O'HARE AIRPORT,85,DEPARTMENT OF AVIATION,2815,TSA EXPLOSIVES DETECT CANINE,140,PROFESSIONAL AND TECHNICAL SERVICES,1528000,1528000,1800000
GRANTS,0J63,CDBG - DISASTER RECOVERY,88,WATER MANAGEMENT,2880,CDBG - Disaster Recovery,140,PROFESSIONAL AND TECHNICAL SERVICES,35000000,35000000,38475000
GRANTS,0815,CPL CONSTRUCTION,91,CHICAGO PUBLIC LIBRARY,2813,INDEPENDENCE BRANCH CAPITAL,140,PROFESSIONAL AND TECHNICAL SERVICES,275000,275000,275000
GRANTS,0815,CPL CONSTRUCTION,91,CHICAGO PUBLIC LIBRARY,2842,STATE CAPITAL CONSTRUCTION,540,CONSTRUCTION OF BUILDINGS AND STRUCTURES,9935000,9935000,9051000
GRANTS,0J66,WOODSON BRANCH CONSTRUCTION,91,CHICAGO PUBLIC LIBRARY,2846,Woodson Branch Construction,540,CONSTRUCTION OF BUILDINGS AND STRUCTURES,0,0,832000
GRANTS,0J77,SUBREGIONAL LIBRARY - TALKING BOOK CTR.,91,CHICAGO PUBLIC LIBRARY,2844,SUBREGIONAL LIBRARY FOR BLIND,5,SALARIES AND WAGES - ON PAYROLL,0,0,390219
GRANTS,0J77,SUBREGIONAL LIBRARY - TALKING BOOK CTR.,91,CHICAGO PUBLIC LIBRARY,2844,SUBREGIONAL LIBRARY FOR BLIND,11,CONTRACT WAGE - SALARY,0,0,2044
GRANTS,0J77,SUBREGIONAL LIBRARY - TALKING BOOK CTR.,91,CHICAGO PUBLIC LIBRARY,2844,SUBREGIONAL LIBRARY FOR BLIND,15,SCHEDULE SALARY ADJUSTMENTS,0,0,842
GRANTS,0J77,SUBREGIONAL LIBRARY - TALKING BOOK CTR.,91,CHICAGO PUBLIC LIBRARY,2844,SUBREGIONAL LIBRARY FOR BLIND,44,FRINGE BENEFITS,0,0,170704
GRANTS,0J77,SUBREGIONAL LIBRARY - TALKING BOOK CTR.,91,CHICAGO PUBLIC LIBRARY,2844,SUBREGIONAL LIBRARY FOR BLIND,801,INDIRECT COSTS,0,0,28191
CDBG,0J42,CDBG,27,FINANCE,2512,ACCOUNTING FINANCIAL REPORTING,348,BOOKS AND RELATED MATERIAL,14000,14000,12000
GRANTS,0J78,ILLINOIS LIBRARY DEVELOPMENT PER CAPITA,91,CHICAGO PUBLIC LIBRARY,2895,ILL LIBRARY DEVEL. PER CAPITA,5,SALARIES AND WAGES - ON PAYROLL,0,0,4849040
GRANTS,0J78,ILLINOIS LIBRARY DEVELOPMENT PER CAPITA,91,CHICAGO PUBLIC LIBRARY,2895,ILL LIBRARY DEVEL. PER CAPITA,11,CONTRACT WAGE - SALARY,0,0,21588
GRANTS,0J78,ILLINOIS LIBRARY DEVELOPMENT PER CAPITA,91,CHICAGO PUBLIC LIBRARY,2895,ILL LIBRARY DEVEL. PER CAPITA,12,CONTRACT WAGE - PREVAILING RATE,0,0,5101
GRANTS,0J78,ILLINOIS LIBRARY DEVELOPMENT PER CAPITA,91,CHICAGO PUBLIC LIBRARY,2895,ILL LIBRARY DEVEL. PER CAPITA,15,SCHEDULE SALARY ADJUSTMENTS,0,0,26139
CDBG,0J42,CDBG,48,MOPD,2505,DISABILITY RESOURCES,350,STATIONERY AND OFFICE SUPPLIES,3891,3891,4109
GRANTS,0J78,ILLINOIS LIBRARY DEVELOPMENT PER CAPITA,91,CHICAGO PUBLIC LIBRARY,2895,ILL LIBRARY DEVEL. PER CAPITA,44,FRINGE BENEFITS,0,0,2088854
GRANTS,0J78,ILLINOIS LIBRARY DEVELOPMENT PER CAPITA,91,CHICAGO PUBLIC LIBRARY,2895,ILL LIBRARY DEVEL. PER CAPITA,140,PROFESSIONAL AND TECHNICAL SERVICES,0,0,289278
GRANTS,0J84,INDEPENDENCE BRANCH CONSTRUCTION,91,CHICAGO PUBLIC LIBRARY,2843,INDEPENDENCE BRANCH - CAPITAL,140,PROFESSIONAL AND TECHNICAL SERVICES,1750000,1750000,1750000
CDBG,0J42,CDBG,5,OBM,2505,ADMINISTRATION AND MONITORING,5,SALARIES AND WAGES - ON PAYROLL,347806,347806,225900
CDBG,0J42,CDBG,5,OBM,2505,ADMINISTRATION AND MONITORING,39,STUDENT AS TRAINEES,10000,10000,10000
CDBG,0J42,CDBG,5,OBM,2505,ADMINISTRATION AND MONITORING,44,FRINGE BENEFITS,131033,131033,94290
CDBG,0J42,CDBG,5,OBM,2505,ADMINISTRATION AND MONITORING,130,POSTAGE,3700,3700,3700
CDBG,0J42,CDBG,5,OBM,2505,ADMINISTRATION AND MONITORING,138,IT MAINTENANCE,4072,4072,4072
CDBG,0J42,CDBG,5,OBM,2505,ADMINISTRATION AND MONITORING,140,PROFESSIONAL AND TECHNICAL SERVICES,500742,500742,763899
CDBG,0J42,CDBG,5,OBM,2505,ADMINISTRATION AND MONITORING,152,ADVERTISING,20000,20000,20000
CDBG,0J42,CDBG,5,OBM,2505,ADMINISTRATION AND MONITORING,157,RENTAL EQUIPMENT AND SERVICES,17000,17000,17000
CDBG,0J42,CDBG,5,OBM,2505,ADMINISTRATION AND MONITORING,159,LEASE/PURCHASE EQUIPMENT,8600,8600,8600
CDBG,0J42,CDBG,5,OBM,2505,ADMINISTRATION AND MONITORING,169,TECHNICAL MEETING COSTS,27408,27408,27408
CDBG,0J42,CDBG,5,OBM,2505,ADMINISTRATION AND MONITORING,181,MOBILE COMMUNICATION SERVICES,927,927,927
CDBG,0J42,CDBG,5,OBM,2505,ADMINISTRATION AND MONITORING,190,TELEPHONE - NON-CENTREX BILLINGS,1665,1665,1665
CDBG,0J42,CDBG,5,OBM,2505,ADMINISTRATION AND MONITORING,245,REIMBURSEMENT TO TRAVELERS,3000,3000,3000
CDBG,0J42,CDBG,5,OBM,2505,ADMINISTRATION AND MONITORING,270,LOCAL TRANSPORTATION,3000,3000,3000
CDBG,0J42,CDBG,5,OBM,2505,ADMINISTRATION AND MONITORING,348,BOOKS AND RELATED MATERIAL,1630,1630,1630
CDBG,0J42,CDBG,5,OBM,2505,ADMINISTRATION AND MONITORING,350,STATIONERY AND OFFICE SUPPLIES,3500,3500,3500
CDBG,0J42,CDBG,5,OBM,2505,ADMINISTRATION AND MONITORING,9157,REPAYMENT SECTION 108,2340267,2340267,2353272
CDBG,0J42,CDBG,5,OBM,2505,ADMINISTRATION AND MONITORING,9438,REIMBURSEMENT - 2FM,20000,20000,20000
CDBG,0J42,CDBG,27,FINANCE,2512,ACCOUNTING FINANCIAL REPORTING,5,SALARIES AND WAGES - ON PAYROLL,656839,656839,501108
CDBG,0J42,CDBG,27,FINANCE,2512,ACCOUNTING FINANCIAL REPORTING,11,CONTRACT WAGE - SALARY,2045,2045,1460
CDBG,0J42,CDBG,27,FINANCE,2512,ACCOUNTING FINANCIAL REPORTING,15,SCHEDULE SALARY ADJUSTMENTS,4743,4743,1781
CDBG,0J42,CDBG,27,FINANCE,2512,ACCOUNTING FINANCIAL REPORTING,38,WORK STUDY/CO-OP EDUCATION,20000,20000,20000
CDBG,0J42,CDBG,27,FINANCE,2512,ACCOUNTING FINANCIAL REPORTING,39,STUDENT AS TRAINEES,20000,20000,20000
CDBG,0J42,CDBG,27,FINANCE,2512,ACCOUNTING FINANCIAL REPORTING,44,FRINGE BENEFITS,258534,258534,209162
CDBG,0J42,CDBG,27,FINANCE,2512,ACCOUNTING FINANCIAL REPORTING,140,PROFESSIONAL AND TECHNICAL SERVICES,81113,81113,79491
CDBG,0J42,CDBG,27,FINANCE,2512,ACCOUNTING FINANCIAL REPORTING,142,ACCOUNTING AND AUDITING,345000,345000,334650
CDBG,0J42,CDBG,27,FINANCE,2512,ACCOUNTING FINANCIAL REPORTING,149,SOFTWARE MAINTENANCE AND LICENSING,37500,37500,37500
CDBG,0J42,CDBG,31,DEPARTMENT OF LAW,2515,CODE ENFORCEMENT,5,SALARIES AND WAGES - ON PAYROLL,1271601,1271601,1254711
CDBG,0J42,CDBG,31,DEPARTMENT OF LAW,2515,CODE ENFORCEMENT,11,CONTRACT WAGE - SALARY,2596,2596,2417
CDBG,0J42,CDBG,31,DEPARTMENT OF LAW,2515,CODE ENFORCEMENT,15,SCHEDULE SALARY ADJUSTMENTS,2973,2973,882
CDBG,0J42,CDBG,31,DEPARTMENT OF LAW,2515,CODE ENFORCEMENT,20,OVERTIME,5120,5120,1120
CDBG,0J42,CDBG,31,DEPARTMENT OF LAW,2515,CODE ENFORCEMENT,44,FRINGE BENEFITS,474743,474743,536414
CDBG,0J42,CDBG,31,DEPARTMENT OF LAW,2515,CODE ENFORCEMENT,130,POSTAGE,794,794,100
CDBG,0J42,CDBG,31,DEPARTMENT OF LAW,2515,CODE ENFORCEMENT,140,PROFESSIONAL AND TECHNICAL SERVICES,694,694,630
CDBG,0J42,CDBG,31,DEPARTMENT OF LAW,2515,CODE ENFORCEMENT,178,FREIGHT AND EXPRESS CHARGES,100,100,134
CDBG,0J42,CDBG,31,DEPARTMENT OF LAW,2515,CODE ENFORCEMENT,270,LOCAL TRANSPORTATION,2155,2155,2475
CDBG,0J42,CDBG,38,FLEET AND FACILITY MANAGEMENT,2505,ENVIRONMENTAL REVIEW,5,SALARIES AND WAGES - ON PAYROLL,101594,101594,106836
CDBG,0J42,CDBG,38,FLEET AND FACILITY MANAGEMENT,2505,ENVIRONMENTAL REVIEW,11,CONTRACT WAGE - SALARY,524,524,534
CDBG,0J42,CDBG,38,FLEET AND FACILITY MANAGEMENT,2505,ENVIRONMENTAL REVIEW,44,FRINGE BENEFITS,38239,38239,44593
CDBG,0J42,CDBG,41,DEPARTMENT OF PUBLIC HEALTH,2555,LEAD POISONING PREVENTION,5,SALARIES AND WAGES - ON PAYROLL,2147982,2147982,2317534
CDBG,0J42,CDBG,41,DEPARTMENT OF PUBLIC HEALTH,2555,LEAD POISONING PREVENTION,8,PAYMENT RETROACTIVE SALARIES,11818,11818,11818
CDBG,0J42,CDBG,41,DEPARTMENT OF PUBLIC HEALTH,2555,LEAD POISONING PREVENTION,15,SCHEDULE SALARY ADJUSTMENTS,26484,26484,4363
CDBG,0J42,CDBG,41,DEPARTMENT OF PUBLIC HEALTH,2555,LEAD POISONING PREVENTION,44,FRINGE BENEFITS,814063,814063,989404
CDBG,0J42,CDBG,41,DEPARTMENT OF PUBLIC HEALTH,2555,LEAD POISONING PREVENTION,91,UNIFORM ALLOWANCE,2200,2200,2200
CDBG,0J42,CDBG,41,DEPARTMENT OF PUBLIC HEALTH,2555,LEAD POISONING PREVENTION,9651,REIMB - INDIRECT COSTS,933801,933801,646204
CDBG,0J42,CDBG,41,DEPARTMENT OF PUBLIC HEALTH,2565,VIOLENCE PREVENTION PROGRAM,135,DELEGATE AGENCIES,371000,371000,371000
CDBG,0J42,CDBG,41,DEPARTMENT OF PUBLIC HEALTH,2597,HIV Prevention Program,135,DELEGATE AGENCIES,405837,405837,355837
CDBG,0J42,CDBG,41,DEPARTMENT OF PUBLIC HEALTH,2598,MENTAL HEALTH CLINICS,5,SALARIES AND WAGES - ON PAYROLL,3881643,3881643,3938112
CDBG,0J42,CDBG,41,DEPARTMENT OF PUBLIC HEALTH,2598,MENTAL HEALTH CLINICS,11,CONTRACT WAGE - SALARY,18148,18148,18202
CDBG,0J42,CDBG,41,DEPARTMENT OF PUBLIC HEALTH,2598,MENTAL HEALTH CLINICS,15,SCHEDULE SALARY ADJUSTMENTS,19735,19735,8149
CDBG,0J42,CDBG,41,DEPARTMENT OF PUBLIC HEALTH,2598,MENTAL HEALTH CLINICS,44,FRINGE BENEFITS,1482023,1482023,1678011
CDBG,0J42,CDBG,41,DEPARTMENT OF PUBLIC HEALTH,2598,MENTAL HEALTH CLINICS,135,DELEGATE AGENCIES,350000,350000,350000
CDBG,0J42,CDBG,41,DEPARTMENT OF PUBLIC HEALTH,2598,MENTAL HEALTH CLINICS,140,PROFESSIONAL AND TECHNICAL SERVICES,115578,115578,115578
CDBG,0J42,CDBG,41,DEPARTMENT OF PUBLIC HEALTH,2598,MENTAL HEALTH CLINICS,9651,REIMB - INDIRECT COSTS,933801,933801,646205
CDBG,0J42,CDBG,45,COMMISSION ON HUMAN RELATIONS,2505,EDUCATION  OUTREACH AND INTERG,5,SALARIES AND WAGES - ON PAYROLL,241793,241793,243480
CDBG,0J42,CDBG,45,COMMISSION ON HUMAN RELATIONS,2505,EDUCATION  OUTREACH AND INTERG,11,CONTRACT WAGE - SALARY,768,768,802
CDBG,0J42,CDBG,45,COMMISSION ON HUMAN RELATIONS,2505,EDUCATION  OUTREACH AND INTERG,15,SCHEDULE SALARY ADJUSTMENTS,446,446,2058
CDBG,0J42,CDBG,45,COMMISSION ON HUMAN RELATIONS,2505,EDUCATION  OUTREACH AND INTERG,44,FRINGE BENEFITS,91041,91041,106968
CDBG,0J42,CDBG,45,COMMISSION ON HUMAN RELATIONS,2505,EDUCATION  OUTREACH AND INTERG,130,POSTAGE,1800,1800,1800
CDBG,0J42,CDBG,45,COMMISSION ON HUMAN RELATIONS,2505,EDUCATION  OUTREACH AND INTERG,138,IT MAINTENANCE,8958,8958,1000
CDBG,0J42,CDBG,45,COMMISSION ON HUMAN RELATIONS,2505,EDUCATION  OUTREACH AND INTERG,159,LEASE/PURCHASE EQUIPMENT,1600,1600,1600
CDBG,0J42,CDBG,45,COMMISSION ON HUMAN RELATIONS,2505,EDUCATION  OUTREACH AND INTERG,169,TECHNICAL MEETING COSTS,1600,1600,1000
CDBG,0J42,CDBG,45,COMMISSION ON HUMAN RELATIONS,2505,EDUCATION  OUTREACH AND INTERG,9438,REIMBURSEMENT - 2FM,9955,9955,10200
CDBG,0J42,CDBG,45,COMMISSION ON HUMAN RELATIONS,2510,FAIR HOUSING,5,SALARIES AND WAGES - ON PAYROLL,414474,414474,412091
CDBG,0J42,CDBG,45,COMMISSION ON HUMAN RELATIONS,2510,FAIR HOUSING,11,CONTRACT WAGE - SALARY,1663,1663,1638
CDBG,0J42,CDBG,45,COMMISSION ON HUMAN RELATIONS,2510,FAIR HOUSING,44,FRINGE BENEFITS,156037,156037,177512
CDBG,0J42,CDBG,45,COMMISSION ON HUMAN RELATIONS,2510,FAIR HOUSING,130,POSTAGE,1800,1800,1800
CDBG,0J42,CDBG,45,COMMISSION ON HUMAN RELATIONS,2510,FAIR HOUSING,140,PROFESSIONAL AND TECHNICAL SERVICES,26503,26503,26503
CDBG,0J42,CDBG,45,COMMISSION ON HUMAN RELATIONS,2510,FAIR HOUSING,143,COURT REPORTING,4325,4325,4325
CDBG,0J42,CDBG,45,COMMISSION ON HUMAN RELATIONS,2510,FAIR HOUSING,159,LEASE/PURCHASE EQUIPMENT,1600,1600,1600
CDBG,0J42,CDBG,45,COMMISSION ON HUMAN RELATIONS,2510,FAIR HOUSING,190,TELEPHONE - NON-CENTREX BILLINGS,4100,4100,4100
CDBG,0J42,CDBG,45,COMMISSION ON HUMAN RELATIONS,2510,FAIR HOUSING,9438,REIMBURSEMENT - 2FM,500,500,500
CDBG,0J42,CDBG,45,COMMISSION ON HUMAN RELATIONS,2510,FAIR HOUSING,9651,REIMB - INDIRECT COSTS,165625,165625,158554
CDBG,0J42,CDBG,48,MOPD,2503,ADMINISTRATION,5,SALARIES AND WAGES - ON PAYROLL,204980,204980,212914
CDBG,0J42,CDBG,48,MOPD,2503,ADMINISTRATION,11,CONTRACT WAGE - SALARY,277,277,283
CDBG,0J42,CDBG,48,MOPD,2503,ADMINISTRATION,15,SCHEDULE SALARY ADJUSTMENTS,0,0,440
CDBG,0J42,CDBG,48,MOPD,2503,ADMINISTRATION,44,FRINGE BENEFITS,77205,77205,90684
CDBG,0J42,CDBG,48,MOPD,2503,ADMINISTRATION,138,IT MAINTENANCE,14116,14116,14116
CDBG,0J42,CDBG,48,MOPD,2503,ADMINISTRATION,9651,REIMB - INDIRECT COSTS,429014,429014,332468
CDBG,0J42,CDBG,48,MOPD,2505,DISABILITY RESOURCES,5,SALARIES AND WAGES - ON PAYROLL,568431,568431,592845
CDBG,0J42,CDBG,48,MOPD,2505,DISABILITY RESOURCES,11,CONTRACT WAGE - SALARY,2041,2041,2082
CDBG,0J42,CDBG,48,MOPD,2505,DISABILITY RESOURCES,15,SCHEDULE SALARY ADJUSTMENTS,3459,3459,2838
CDBG,0J42,CDBG,48,MOPD,2505,DISABILITY RESOURCES,39,STUDENT AS TRAINEES,4304,4304,4304
CDBG,0J42,CDBG,48,MOPD,2505,DISABILITY RESOURCES,44,FRINGE BENEFITS,214013,214013,252502
CDBG,0J42,CDBG,48,MOPD,2505,DISABILITY RESOURCES,130,POSTAGE,1091,1091,1069
CDBG,0J42,CDBG,48,MOPD,2510,INDEPENDENT LIVING FOR DISABLE,135,DELEGATE AGENCIES,650000,650000,650000
CDBG,0J42,CDBG,48,MOPD,2525,HOME MOD PROGRAM,5,SALARIES AND WAGES - ON PAYROLL,160171,160171,165981
CDBG,0J42,CDBG,48,MOPD,2525,HOME MOD PROGRAM,11,CONTRACT WAGE - SALARY,402,402,410
CDBG,0J42,CDBG,48,MOPD,2525,HOME MOD PROGRAM,15,SCHEDULE SALARY ADJUSTMENTS,0,0,1008
CDBG,0J42,CDBG,48,MOPD,2525,HOME MOD PROGRAM,44,FRINGE BENEFITS,60316,60316,70694
CDBG,0J42,CDBG,48,MOPD,2525,HOME MOD PROGRAM,135,DELEGATE AGENCIES,680000,680000,680000
CDBG,0J42,CDBG,50,FAMILY AND SUPPORT SERVICES,2501,PLANNING AND ADMINISTRATION,125,OFFICE AND BUILDING SERVICES,4500,4500,4500
CDBG,0J42,CDBG,50,FAMILY AND SUPPORT SERVICES,2501,PLANNING AND ADMINISTRATION,140,PROFESSIONAL AND TECHNICAL SERVICES,20868,20868,20868
CDBG,0J42,CDBG,50,FAMILY AND SUPPORT SERVICES,2501,PLANNING AND ADMINISTRATION,152,ADVERTISING,712,712,712
CDBG,0J42,CDBG,50,FAMILY AND SUPPORT SERVICES,2501,PLANNING AND ADMINISTRATION,157,RENTAL EQUIPMENT AND SERVICES,800,800,800
CDBG,0J42,CDBG,50,FAMILY AND SUPPORT SERVICES,2501,PLANNING AND ADMINISTRATION,159,LEASE/PURCHASE EQUIPMENT,36342,36342,36342
CDBG,0J42,CDBG,50,FAMILY AND SUPPORT SERVICES,2501,PLANNING AND ADMINISTRATION,166,DUES  SUBSC & MEM,2880,2880,2880
CDBG,0J42,CDBG,50,FAMILY AND SUPPORT SERVICES,2501,PLANNING AND ADMINISTRATION,169,TECHNICAL MEETING COSTS,7680,7680,7680
CDBG,0J42,CDBG,50,FAMILY AND SUPPORT SERVICES,2501,PLANNING AND ADMINISTRATION,188,VEHICLE TRACKING SERVICE,3250,3250,3250
CDBG,0J42,CDBG,50,FAMILY AND SUPPORT SERVICES,2501,PLANNING AND ADMINISTRATION,190,TELEPHONE - NON-CENTREX BILLINGS,37000,37000,26304
CDBG,0J42,CDBG,50,FAMILY AND SUPPORT SERVICES,2501,PLANNING AND ADMINISTRATION,197,TELEPHONE - MAINTENANCE,15000,15000,3528
CDBG,0J42,CDBG,50,FAMILY AND SUPPORT SERVICES,2501,PLANNING AND ADMINISTRATION,270,LOCAL TRANSPORTATION,850,850,850
CDBG,0J42,CDBG,50,FAMILY AND SUPPORT SERVICES,2501,PLANNING AND ADMINISTRATION,340,MATERIAL AND SUPPLIES,7225,7225,7225
CDBG,0J42,CDBG,50,FAMILY AND SUPPORT SERVICES,2501,PLANNING AND ADMINISTRATION,350,STATIONERY AND OFFICE SUPPLIES,4500,4500,4500
CDBG,0J42,CDBG,50,FAMILY AND SUPPORT SERVICES,2501,PLANNING AND ADMINISTRATION,9438,REIMBURSEMENT - 2FM,13148,13148,37428
CDBG,0J42,CDBG,50,FAMILY AND SUPPORT SERVICES,2501,PLANNING AND ADMINISTRATION,9651,REIMB - INDIRECT COSTS,1314770,1314770,481952
CDBG,0J42,CDBG,50,FAMILY AND SUPPORT SERVICES,2510,HUMAN SERVICES,5,SALARIES AND WAGES - ON PAYROLL,226295,226295,238599
CDBG,0J42,CDBG,50,FAMILY AND SUPPORT SERVICES,2510,HUMAN SERVICES,11,CONTRACT WAGE - SALARY,402,402,429
CDBG,0J42,CDBG,50,FAMILY AND SUPPORT SERVICES,2510,HUMAN SERVICES,44,FRINGE BENEFITS,85227,85227,101624
CDBG,0J42,CDBG,50,FAMILY AND SUPPORT SERVICES,2510,HUMAN SERVICES,135,DELEGATE AGENCIES,1006000,1006000,1006000
CDBG,0J42,CDBG,50,FAMILY AND SUPPORT SERVICES,2515,HOMELESS SERVICES,5,SALARIES AND WAGES - ON PAYROLL,450440,450440,567416
CDBG,0J42,CDBG,50,FAMILY AND SUPPORT SERVICES,2515,HOMELESS SERVICES,11,CONTRACT WAGE - SALARY,1140,1140,1799
CDBG,0J42,CDBG,50,FAMILY AND SUPPORT SERVICES,2515,HOMELESS SERVICES,12,CONTRACT WAGE - PREVAILING RATE,466,466,475
CDBG,0J42,CDBG,50,FAMILY AND SUPPORT SERVICES,2515,HOMELESS SERVICES,15,SCHEDULE SALARY ADJUSTMENTS,0,0,3925
CDBG,0J42,CDBG,50,FAMILY AND SUPPORT SERVICES,2515,HOMELESS SERVICES,44,FRINGE BENEFITS,169616,169616,241793
CDBG,0J42,CDBG,50,FAMILY AND SUPPORT SERVICES,2515,HOMELESS SERVICES,135,DELEGATE AGENCIES,9250675,9250675,9250675
CDBG,0J42,CDBG,50,FAMILY AND SUPPORT SERVICES,2520,WORKFORCE SERVICES,5,SALARIES AND WAGES - ON PAYROLL,186868,186868,307181
CDBG,0J42,CDBG,50,FAMILY AND SUPPORT SERVICES,2520,WORKFORCE SERVICES,11,CONTRACT WAGE - SALARY,383,383,410
CDBG,0J42,CDBG,50,FAMILY AND SUPPORT SERVICES,2520,WORKFORCE SERVICES,15,SCHEDULE SALARY ADJUSTMENTS,1469,1469,2495
CDBG,0J42,CDBG,50,FAMILY AND SUPPORT SERVICES,2520,WORKFORCE SERVICES,44,FRINGE BENEFITS,70375,70375,130827
CDBG,0J42,CDBG,50,FAMILY AND SUPPORT SERVICES,2520,WORKFORCE SERVICES,135,DELEGATE AGENCIES,6209851,6209851,6209851
CDBG,0J42,CDBG,50,FAMILY AND SUPPORT SERVICES,2525,SENIOR SERVICES,5,SALARIES AND WAGES - ON PAYROLL,317152,317152,408122
CDBG,0J42,CDBG,50,FAMILY AND SUPPORT SERVICES,2525,SENIOR SERVICES,15,SCHEDULE SALARY ADJUSTMENTS,3703,3703,5358
CDBG,0J42,CDBG,50,FAMILY AND SUPPORT SERVICES,2525,SENIOR SERVICES,44,FRINGE BENEFITS,119483,119483,178007
CDBG,0J42,CDBG,50,FAMILY AND SUPPORT SERVICES,2525,SENIOR SERVICES,135,DELEGATE AGENCIES,3151904,3151904,2388707
CDBG,0J42,CDBG,50,FAMILY AND SUPPORT SERVICES,2525,SENIOR SERVICES,140,PROFESSIONAL AND TECHNICAL SERVICES,500000,500000,500000
CDBG,0J42,CDBG,50,FAMILY AND SUPPORT SERVICES,2530,Domestic Violence Services,5,SALARIES AND WAGES - ON PAYROLL,341473,341473,360632
CDBG,0J42,CDBG,50,FAMILY AND SUPPORT SERVICES,2530,Domestic Violence Services,11,CONTRACT WAGE - SALARY,670,670,716
CDBG,0J42,CDBG,50,FAMILY AND SUPPORT SERVICES,2530,Domestic Violence Services,15,SCHEDULE SALARY ADJUSTMENTS,1617,1617,1362
CDBG,0J42,CDBG,50,FAMILY AND SUPPORT SERVICES,2530,Domestic Violence Services,44,FRINGE BENEFITS,128601,128601,153600
CDBG,0J42,CDBG,50,FAMILY AND SUPPORT SERVICES,2530,Domestic Violence Services,135,DELEGATE AGENCIES,1958587,1958587,1958587
CDBG,0J42,CDBG,54,PLANNING AND DEVELOPMENT,2505,FINANCE AND ADMINISTRATION,5,SALARIES AND WAGES - ON PAYROLL,1392290,1392290,1386516
CDBG,0J42,CDBG,54,PLANNING AND DEVELOPMENT,2505,FINANCE AND ADMINISTRATION,11,CONTRACT WAGE - SALARY,4346,4346,5292
CDBG,0J42,CDBG,54,PLANNING AND DEVELOPMENT,2505,FINANCE AND ADMINISTRATION,15,SCHEDULE SALARY ADJUSTMENTS,2720,2720,7935
CDBG,0J42,CDBG,54,PLANNING AND DEVELOPMENT,2505,FINANCE AND ADMINISTRATION,39,STUDENT AS TRAINEES,75000,75000,45000
CDBG,0J42,CDBG,54,PLANNING AND DEVELOPMENT,2505,FINANCE AND ADMINISTRATION,44,FRINGE BENEFITS,524211,524211,592641
CDBG,0J42,CDBG,54,PLANNING AND DEVELOPMENT,2505,FINANCE AND ADMINISTRATION,130,POSTAGE,6347,6347,6347
CDBG,0J42,CDBG,54,PLANNING AND DEVELOPMENT,2505,FINANCE AND ADMINISTRATION,150,PUBLICATN & REPRODT-OUT,3000,3000,3000
CDBG,0J42,CDBG,54,PLANNING AND DEVELOPMENT,2505,FINANCE AND ADMINISTRATION,152,ADVERTISING,22413,22413,20225
CDBG,0J42,CDBG,54,PLANNING AND DEVELOPMENT,2505,FINANCE AND ADMINISTRATION,159,LEASE/PURCHASE EQUIPMENT,71071,71071,53294
CDBG,0J42,CDBG,54,PLANNING AND DEVELOPMENT,2505,FINANCE AND ADMINISTRATION,162,REPAIR/MAINT EQUIPMENT,6249,6249,6249
CDBG,0J42,CDBG,54,PLANNING AND DEVELOPMENT,2505,FINANCE AND ADMINISTRATION,166,DUES  SUBSC & MEM,1000,1000,1000
CDBG,0J42,CDBG,54,PLANNING AND DEVELOPMENT,2505,FINANCE AND ADMINISTRATION,169,TECHNICAL MEETING COSTS,4416,4416,2200
CDBG,0J42,CDBG,54,PLANNING AND DEVELOPMENT,2505,FINANCE AND ADMINISTRATION,179,MESSENGER SERVICES,800,800,500
CDBG,0J42,CDBG,54,PLANNING AND DEVELOPMENT,2505,FINANCE AND ADMINISTRATION,190,TELEPHONE - NON-CENTREX BILLINGS,49300,49300,42600
CDBG,0J42,CDBG,54,PLANNING AND DEVELOPMENT,2505,FINANCE AND ADMINISTRATION,197,TELEPHONE - MAINTENANCE,10000,10000,10000
CDBG,0J42,CDBG,54,PLANNING AND DEVELOPMENT,2505,FINANCE AND ADMINISTRATION,245,REIMBURSEMENT TO TRAVELERS,1850,1850,1500
CDBG,0J42,CDBG,54,PLANNING AND DEVELOPMENT,2505,FINANCE AND ADMINISTRATION,340,MATERIAL AND SUPPLIES,7850,7850,7850
CDBG,0J42,CDBG,54,PLANNING AND DEVELOPMENT,2505,FINANCE AND ADMINISTRATION,350,STATIONERY AND OFFICE SUPPLIES,18500,18500,18500
CDBG,0J42,CDBG,54,PLANNING AND DEVELOPMENT,2505,FINANCE AND ADMINISTRATION,9438,REIMBURSEMENT - 2FM,30500,30500,26800
CDBG,0J42,CDBG,54,PLANNING AND DEVELOPMENT,2505,FINANCE AND ADMINISTRATION,9651,REIMB - INDIRECT COSTS,3463498,3463498,2048311
CDBG,0J42,CDBG,54,PLANNING AND DEVELOPMENT,2515,DEVELOPER SERVICES,5,SALARIES AND WAGES - ON PAYROLL,222184,222184,244408
CDBG,0J42,CDBG,54,PLANNING AND DEVELOPMENT,2515,DEVELOPER SERVICES,11,CONTRACT WAGE - SALARY,366,366,391
CDBG,0J42,CDBG,54,PLANNING AND DEVELOPMENT,2515,DEVELOPER SERVICES,15,SCHEDULE SALARY ADJUSTMENTS,1722,1722,936
CDBG,0J42,CDBG,54,PLANNING AND DEVELOPMENT,2515,DEVELOPER SERVICES,44,FRINGE BENEFITS,83681,83681,104098
CDBG,0J42,CDBG,54,PLANNING AND DEVELOPMENT,2515,DEVELOPER SERVICES,270,LOCAL TRANSPORTATION,100,100,100
CDBG,0J42,CDBG,54,PLANNING AND DEVELOPMENT,2515,DEVELOPER SERVICES,340,MATERIAL AND SUPPLIES,1800,1800,1800
CDBG,0J42,CDBG,54,PLANNING AND DEVELOPMENT,2515,DEVELOPER SERVICES,350,STATIONERY AND OFFICE SUPPLIES,1800,1800,1800
CDBG,0J42,CDBG,54,PLANNING AND DEVELOPMENT,2515,DEVELOPER SERVICES,9103,REHABILITATION LOANS GT,1996419,1996419,1218419
CDBG,0J42,CDBG,54,PLANNING AND DEVELOPMENT,2520,HOUSING PRESERVATION,5,SALARIES AND WAGES - ON PAYROLL,376833,376833,271685
CDBG,0J42,CDBG,54,PLANNING AND DEVELOPMENT,2520,HOUSING PRESERVATION,11,CONTRACT WAGE - SALARY,402,402,410
CDBG,0J42,CDBG,54,PLANNING AND DEVELOPMENT,2520,HOUSING PRESERVATION,44,FRINGE BENEFITS,146539,146539,119580
CDBG,0J42,CDBG,54,PLANNING AND DEVELOPMENT,2520,HOUSING PRESERVATION,130,POSTAGE,925,925,925
CDBG,0J42,CDBG,54,PLANNING AND DEVELOPMENT,2520,HOUSING PRESERVATION,135,DELEGATE AGENCIES,6405000,6405000,5455000
CDBG,0J42,CDBG,54,PLANNING AND DEVELOPMENT,2520,HOUSING PRESERVATION,157,RENTAL EQUIPMENT AND SERVICES,700,700,700
CDBG,0J42,CDBG,54,PLANNING AND DEVELOPMENT,2520,HOUSING PRESERVATION,159,LEASE/PURCHASE EQUIPMENT,2319,2319,2319
CDBG,0J42,CDBG,54,PLANNING AND DEVELOPMENT,2520,HOUSING PRESERVATION,245,REIMBURSEMENT TO TRAVELERS,300,300,300
CDBG,0J42,CDBG,54,PLANNING AND DEVELOPMENT,2520,HOUSING PRESERVATION,331,ELECTRICITY,13950,13950,13950
CDBG,0J42,CDBG,54,PLANNING AND DEVELOPMENT,2520,HOUSING PRESERVATION,340,MATERIAL AND SUPPLIES,3000,3000,3000
CDBG,0J42,CDBG,54,PLANNING AND DEVELOPMENT,2520,HOUSING PRESERVATION,350,STATIONERY AND OFFICE SUPPLIES,3000,3000,3000
CDBG,0J42,CDBG,54,PLANNING AND DEVELOPMENT,2520,HOUSING PRESERVATION,9126,HEAT RECEIVERSHIP PGM,900000,900000,900000
CDBG,0J42,CDBG,54,PLANNING AND DEVELOPMENT,2531,EHRP,5,SALARIES AND WAGES - ON PAYROLL,546616,546616,577921
CDBG,0J42,CDBG,54,PLANNING AND DEVELOPMENT,2531,EHRP,11,CONTRACT WAGE - SALARY,1531,1531,1604
CDBG,0J42,CDBG,54,PLANNING AND DEVELOPMENT,2531,EHRP,15,SCHEDULE SALARY ADJUSTMENTS,1794,1794,6063
CDBG,0J42,CDBG,54,PLANNING AND DEVELOPMENT,2531,EHRP,44,FRINGE BENEFITS,205829,205829,246147
CDBG,0J42,CDBG,54,PLANNING AND DEVELOPMENT,2531,EHRP,140,PROFESSIONAL AND TECHNICAL SERVICES,0,0,200000
CDBG,0J42,CDBG,54,PLANNING AND DEVELOPMENT,2531,EHRP,9264,EHRP,700000,700000,686000
CDBG,0J42,CDBG,54,PLANNING AND DEVELOPMENT,2531,EHRP,9265,RPRP,5926000,5926000,5807480
CDBG,0J42,CDBG,54,PLANNING AND DEVELOPMENT,2536,HOUSING SERVICES TECH ASSIST,5,SALARIES AND WAGES - ON PAYROLL,189096,189096,212374
CDBG,0J42,CDBG,54,PLANNING AND DEVELOPMENT,2536,HOUSING SERVICES TECH ASSIST,11,CONTRACT WAGE - SALARY,383,383,410
CDBG,0J42,CDBG,54,PLANNING AND DEVELOPMENT,2536,HOUSING SERVICES TECH ASSIST,15,SCHEDULE SALARY ADJUSTMENTS,1296,1296,3011
CDBG,0J42,CDBG,54,PLANNING AND DEVELOPMENT,2536,HOUSING SERVICES TECH ASSIST,44,FRINGE BENEFITS,74809,74809,90454
CDBG,0J42,CDBG,54,PLANNING AND DEVELOPMENT,2536,HOUSING SERVICES TECH ASSIST,135,DELEGATE AGENCIES,726837,726837,701495
CDBG,0J42,CDBG,54,PLANNING AND DEVELOPMENT,2551,SMALL ACCESS REPAIRS SENIORS,5,SALARIES AND WAGES - ON PAYROLL,163986,163986,174213
CDBG,0J42,CDBG,54,PLANNING AND DEVELOPMENT,2551,SMALL ACCESS REPAIRS SENIORS,11,CONTRACT WAGE - SALARY,402,402,410
CDBG,0J42,CDBG,54,PLANNING AND DEVELOPMENT,2551,SMALL ACCESS REPAIRS SENIORS,15,SCHEDULE SALARY ADJUSTMENTS,1931,1931,2544
CDBG,0J42,CDBG,54,PLANNING AND DEVELOPMENT,2551,SMALL ACCESS REPAIRS SENIORS,44,FRINGE BENEFITS,61753,61753,74200
CDBG,0J42,CDBG,54,PLANNING AND DEVELOPMENT,2551,SMALL ACCESS REPAIRS SENIORS,135,DELEGATE AGENCIES,2001634,2001634,1947552
CDBG,0J42,CDBG,54,PLANNING AND DEVELOPMENT,2560,NEIGHBORHOOD LENDING PROGRAM,5,SALARIES AND WAGES - ON PAYROLL,170922,170922,176165
CDBG,0J42,CDBG,54,PLANNING AND DEVELOPMENT,2560,NEIGHBORHOOD LENDING PROGRAM,11,CONTRACT WAGE - SALARY,881,881,899
CDBG,0J42,CDBG,54,PLANNING AND DEVELOPMENT,2560,NEIGHBORHOOD LENDING PROGRAM,44,FRINGE BENEFITS,64334,64334,75032
CDBG,0J42,CDBG,54,PLANNING AND DEVELOPMENT,2560,NEIGHBORHOOD LENDING PROGRAM,135,DELEGATE AGENCIES,3420000,3420000,3351600
CDBG,0J42,CDBG,54,PLANNING AND DEVELOPMENT,2566,CONSTRUCTION MONITORING/COMPL,5,SALARIES AND WAGES - ON PAYROLL,1150586,1150586,1067947
CDBG,0J42,CDBG,54,PLANNING AND DEVELOPMENT,2566,CONSTRUCTION MONITORING/COMPL,11,CONTRACT WAGE - SALARY,5415,5415,4917
CDBG,0J42,CDBG,54,PLANNING AND DEVELOPMENT,2566,CONSTRUCTION MONITORING/COMPL,15,SCHEDULE SALARY ADJUSTMENTS,7014,7014,2498
CDBG,0J42,CDBG,54,PLANNING AND DEVELOPMENT,2566,CONSTRUCTION MONITORING/COMPL,44,FRINGE BENEFITS,436302,436302,458801
CDBG,0J42,CDBG,54,PLANNING AND DEVELOPMENT,2566,CONSTRUCTION MONITORING/COMPL,130,POSTAGE,1150,1150,1150
CDBG,0J42,CDBG,54,PLANNING AND DEVELOPMENT,2566,CONSTRUCTION MONITORING/COMPL,140,PROFESSIONAL AND TECHNICAL SERVICES,57500,57500,57500
CDBG,0J42,CDBG,54,PLANNING AND DEVELOPMENT,2566,CONSTRUCTION MONITORING/COMPL,155,RENTAL OF PROPERTY,164757,164757,180543
CDBG,0J42,CDBG,54,PLANNING AND DEVELOPMENT,2566,CONSTRUCTION MONITORING/COMPL,157,RENTAL EQUIPMENT AND SERVICES,600,600,600
CDBG,0J42,CDBG,54,PLANNING AND DEVELOPMENT,2566,CONSTRUCTION MONITORING/COMPL,159,LEASE/PURCHASE EQUIPMENT,3865,3865,3865
CDBG,0J42,CDBG,54,PLANNING AND DEVELOPMENT,2566,CONSTRUCTION MONITORING/COMPL,169,TECHNICAL MEETING COSTS,1000,1000,1000
CDBG,0J42,CDBG,54,PLANNING AND DEVELOPMENT,2566,CONSTRUCTION MONITORING/COMPL,229,TRANSPORTATION AND EXPENSE ALLOWANCE,33000,33000,33000
CDBG,0J42,CDBG,54,PLANNING AND DEVELOPMENT,2566,CONSTRUCTION MONITORING/COMPL,270,LOCAL TRANSPORTATION,200,200,200
CDBG,0J42,CDBG,54,PLANNING AND DEVELOPMENT,2566,CONSTRUCTION MONITORING/COMPL,340,MATERIAL AND SUPPLIES,17000,17000,17000
CDBG,0J42,CDBG,54,PLANNING AND DEVELOPMENT,2566,CONSTRUCTION MONITORING/COMPL,350,STATIONERY AND OFFICE SUPPLIES,6700,6700,6700
CDBG,0J42,CDBG,54,PLANNING AND DEVELOPMENT,2566,CONSTRUCTION MONITORING/COMPL,446,PURCHASE - DATA HARDWARE,9990,9990,9900
CDBG,0J42,CDBG,67,DEPARTMENT OF BUILDINGS,2505,TROUBLED BUILDINGS PROGRAM,5,SALARIES AND WAGES - ON PAYROLL,2456933,2456933,2384892
CDBG,0J42,CDBG,67,DEPARTMENT OF BUILDINGS,2505,TROUBLED BUILDINGS PROGRAM,8,PAYMENT RETROACTIVE SALARIES,2784,2784,2784
CDBG,0J42,CDBG,67,DEPARTMENT OF BUILDINGS,2505,TROUBLED BUILDINGS PROGRAM,11,CONTRACT WAGE - SALARY,703,703,731
CDBG,0J42,CDBG,67,DEPARTMENT OF BUILDINGS,2505,TROUBLED BUILDINGS PROGRAM,15,SCHEDULE SALARY ADJUSTMENTS,11778,11778,21740
CDBG,0J42,CDBG,67,DEPARTMENT OF BUILDINGS,2505,TROUBLED BUILDINGS PROGRAM,44,FRINGE BENEFITS,940640,940640,1024605
CDBG,0J42,CDBG,67,DEPARTMENT OF BUILDINGS,2505,TROUBLED BUILDINGS PROGRAM,140,PROFESSIONAL AND TECHNICAL SERVICES,210000,210000,210000
CDBG,0J42,CDBG,67,DEPARTMENT OF BUILDINGS,2505,TROUBLED BUILDINGS PROGRAM,181,MOBILE COMMUNICATION SERVICES,22500,22500,20000
CDBG,0J42,CDBG,67,DEPARTMENT OF BUILDINGS,2505,TROUBLED BUILDINGS PROGRAM,229,TRANSPORTATION AND EXPENSE ALLOWANCE,58500,58500,58500
CDBG,0J42,CDBG,67,DEPARTMENT OF BUILDINGS,2510,CODE ENFORCEMENT,5,SALARIES AND WAGES - ON PAYROLL,2049572,2049572,2046234
CDBG,0J42,CDBG,67,DEPARTMENT OF BUILDINGS,2510,CODE ENFORCEMENT,15,SCHEDULE SALARY ADJUSTMENTS,14189,14189,31039
CDBG,0J42,CDBG,67,DEPARTMENT OF BUILDINGS,2510,CODE ENFORCEMENT,44,FRINGE BENEFITS,780381,780381,862726
CDBG,0J42,CDBG,67,DEPARTMENT OF BUILDINGS,2510,CODE ENFORCEMENT,181,MOBILE COMMUNICATION SERVICES,22500,22500,20000
CDBG,0J42,CDBG,67,DEPARTMENT OF BUILDINGS,2510,CODE ENFORCEMENT,229,TRANSPORTATION AND EXPENSE ALLOWANCE,70150,70150,55150
