fund_type,fund_code,fund_description,department_number,department_description,appropriation_authority,appropriation_authority_description,appropriation_account,appropriation_account_description,_ordinance_amount_
LOCAL,0100,CORPORATE FUND,1,OFFICE OF THE MAYOR,2005,OFFICE OF THE MAYOR,5,SALARIES AND WAGES - ON PAYROLL,6279625
LOCAL,0100,CORPORATE FUND,1,OFFICE OF THE MAYOR,2005,OFFICE OF THE MAYOR,126,OFFICE CONVENIENCES,1200
LOCAL,0100,CORPORATE FUND,1,OFFICE OF THE MAYOR,2005,OFFICE OF THE MAYOR,130,POSTAGE,5000
LOCAL,0100,CORPORATE FUND,1,OFFICE OF THE MAYOR,2005,OFFICE OF THE MAYOR,150,PUBLICATN & REPRODT-OUT,1000
LOCAL,0100,CORPORATE FUND,1,OFFICE OF THE MAYOR,2005,OFFICE OF THE MAYOR,157,RENTAL EQUIPMENT AND SERVICES,42500
LOCAL,0100,CORPORATE FUND,1,OFFICE OF THE MAYOR,2005,OFFICE OF THE MAYOR,159,LEASE/PURCHASE EQUIPMENT,53744
LOCAL,0100,CORPORATE FUND,1,OFFICE OF THE MAYOR,2005,OFFICE OF THE MAYOR,162,REPAIR/MAINT EQUIPMENT,6984
LOCAL,0100,CORPORATE FUND,1,OFFICE OF THE MAYOR,2005,OFFICE OF THE MAYOR,166,DUES  SUBSC & MEM,22000
LOCAL,0100,CORPORATE FUND,1,OFFICE OF THE MAYOR,2005,OFFICE OF THE MAYOR,169,TECHNICAL MEETING COSTS,5286
LOCAL,0100,CORPORATE FUND,1,OFFICE OF THE MAYOR,2005,OFFICE OF THE MAYOR,181,MOBILE COMMUNICATION SERVICES,40000
LOCAL,0100,CORPORATE FUND,1,OFFICE OF THE MAYOR,2005,OFFICE OF THE MAYOR,190,TELEPHONE - NON-CENTREX BILLINGS,48000
LOCAL,0100,CORPORATE FUND,1,OFFICE OF THE MAYOR,2005,OFFICE OF THE MAYOR,196,DATA CIRCUITS,444
LOCAL,0100,CORPORATE FUND,1,OFFICE OF THE MAYOR,2005,OFFICE OF THE MAYOR,197,TELEPHONE - MAINTENANCE,3300
LOCAL,0100,CORPORATE FUND,1,OFFICE OF THE MAYOR,2005,OFFICE OF THE MAYOR,229,TRANSPORTATION AND EXPENSE ALLOWANCE,1000
LOCAL,0100,CORPORATE FUND,1,OFFICE OF THE MAYOR,2005,OFFICE OF THE MAYOR,245,REIMBURSEMENT TO TRAVELERS,25780
LOCAL,0100,CORPORATE FUND,1,OFFICE OF THE MAYOR,2005,OFFICE OF THE MAYOR,270,LOCAL TRANSPORTATION,1050
LOCAL,0100,CORPORATE FUND,1,OFFICE OF THE MAYOR,2005,OFFICE OF THE MAYOR,350,STATIONERY AND OFFICE SUPPLIES,30000
LOCAL,0355,SPECIAL EVENTS / MUNICIPAL HOTEL T/F,1,OFFICE OF THE MAYOR,2005,OFFICE OF THE MAYOR,5,SALARIES AND WAGES - ON PAYROLL,382056
LOCAL,0100,CORPORATE FUND,3,OIG,2005,OFFICE OF INSPECTOR GENERAL,5,SALARIES AND WAGES - ON PAYROLL,4854422
LOCAL,0100,CORPORATE FUND,3,OIG,2005,OFFICE OF INSPECTOR GENERAL,15,SCHEDULE SALARY ADJUSTMENTS,48760
LOCAL,0100,CORPORATE FUND,3,OIG,2005,OFFICE OF INSPECTOR GENERAL,130,POSTAGE,820
LOCAL,0100,CORPORATE FUND,3,OIG,2005,OFFICE OF INSPECTOR GENERAL,138,IT MAINTENANCE,100549
LOCAL,0100,CORPORATE FUND,3,OIG,2005,OFFICE OF INSPECTOR GENERAL,140,PROFESSIONAL AND TECHNICAL SERVICES,131316
LOCAL,0100,CORPORATE FUND,3,OIG,2005,OFFICE OF INSPECTOR GENERAL,149,SOFTWARE MAINTENANCE AND LICENSING,217015
LOCAL,0100,CORPORATE FUND,3,OIG,2005,OFFICE OF INSPECTOR GENERAL,157,RENTAL EQUIPMENT AND SERVICES,36235
LOCAL,0100,CORPORATE FUND,3,OIG,2005,OFFICE OF INSPECTOR GENERAL,159,LEASE/PURCHASE EQUIPMENT,21940
LOCAL,0100,CORPORATE FUND,3,OIG,2005,OFFICE OF INSPECTOR GENERAL,162,REPAIR/MAINT EQUIPMENT,115
LOCAL,0100,CORPORATE FUND,3,OIG,2005,OFFICE OF INSPECTOR GENERAL,166,DUES  SUBSC & MEM,3760
LOCAL,0100,CORPORATE FUND,3,OIG,2005,OFFICE OF INSPECTOR GENERAL,169,TECHNICAL MEETING COSTS,72773
LOCAL,0100,CORPORATE FUND,3,OIG,2005,OFFICE OF INSPECTOR GENERAL,181,MOBILE COMMUNICATION SERVICES,42233
LOCAL,0100,CORPORATE FUND,3,OIG,2005,OFFICE OF INSPECTOR GENERAL,189,TELEPHONE - NON-CENTREX BILLINGS,22708
LOCAL,0100,CORPORATE FUND,3,OIG,2005,OFFICE OF INSPECTOR GENERAL,245,REIMBURSEMENT TO TRAVELERS,558
LOCAL,0100,CORPORATE FUND,3,OIG,2005,OFFICE OF INSPECTOR GENERAL,270,LOCAL TRANSPORTATION,4467
LOCAL,0100,CORPORATE FUND,3,OIG,2005,OFFICE OF INSPECTOR GENERAL,320,GASOLINE,709
LOCAL,0100,CORPORATE FUND,3,OIG,2005,OFFICE OF INSPECTOR GENERAL,340,MATERIAL AND SUPPLIES,2552
LOCAL,0100,CORPORATE FUND,3,OIG,2005,OFFICE OF INSPECTOR GENERAL,348,BOOKS AND RELATED MATERIAL,2032
LOCAL,0100,CORPORATE FUND,3,OIG,2005,OFFICE OF INSPECTOR GENERAL,350,STATIONERY AND OFFICE SUPPLIES,9342
LOCAL,0100,CORPORATE FUND,3,OIG,2005,OFFICE OF INSPECTOR GENERAL,424,FURNITURE AND FURNISHINGS,25000
LOCAL,0100,CORPORATE FUND,3,OIG,2005,OFFICE OF INSPECTOR GENERAL,700,CONTINGENCIES,980
LOCAL,0200,WATER FUND,3,OIG,2005,OFFICE OF INSPECTOR GENERAL,5,SALARIES AND WAGES - ON PAYROLL,1001932
LOCAL,0200,WATER FUND,3,OIG,2005,OFFICE OF INSPECTOR GENERAL,15,SCHEDULE SALARY ADJUSTMENTS,7461
LOCAL,0200,WATER FUND,3,OIG,2005,OFFICE OF INSPECTOR GENERAL,130,POSTAGE,683
LOCAL,0200,WATER FUND,3,OIG,2005,OFFICE OF INSPECTOR GENERAL,138,IT MAINTENANCE,7597
LOCAL,0200,WATER FUND,3,OIG,2005,OFFICE OF INSPECTOR GENERAL,140,PROFESSIONAL AND TECHNICAL SERVICES,40442
LOCAL,0200,WATER FUND,3,OIG,2005,OFFICE OF INSPECTOR GENERAL,149,SOFTWARE MAINTENANCE AND LICENSING,13457
LOCAL,0200,WATER FUND,3,OIG,2005,OFFICE OF INSPECTOR GENERAL,154,RENTAL-DATA HARDWARE EQ,10031
LOCAL,0200,WATER FUND,3,OIG,2005,OFFICE OF INSPECTOR GENERAL,157,RENTAL EQUIPMENT AND SERVICES,21334
LOCAL,0200,WATER FUND,3,OIG,2005,OFFICE OF INSPECTOR GENERAL,159,LEASE/PURCHASE EQUIPMENT,2437
LOCAL,0200,WATER FUND,3,OIG,2005,OFFICE OF INSPECTOR GENERAL,162,REPAIR/MAINT EQUIPMENT,132
LOCAL,0200,WATER FUND,3,OIG,2005,OFFICE OF INSPECTOR GENERAL,166,DUES  SUBSC & MEM,2725
LOCAL,0200,WATER FUND,3,OIG,2005,OFFICE OF INSPECTOR GENERAL,169,TECHNICAL MEETING COSTS,7854
LOCAL,0200,WATER FUND,3,OIG,2005,OFFICE OF INSPECTOR GENERAL,181,MOBILE COMMUNICATION SERVICES,4501
LOCAL,0200,WATER FUND,3,OIG,2005,OFFICE OF INSPECTOR GENERAL,189,TELEPHONE - NON-CENTREX BILLINGS,14062
LOCAL,0200,WATER FUND,3,OIG,2005,OFFICE OF INSPECTOR GENERAL,245,REIMBURSEMENT TO TRAVELERS,558
LOCAL,0200,WATER FUND,3,OIG,2005,OFFICE OF INSPECTOR GENERAL,270,LOCAL TRANSPORTATION,1615
LOCAL,0200,WATER FUND,3,OIG,2005,OFFICE OF INSPECTOR GENERAL,320,GASOLINE,1132
LOCAL,0200,WATER FUND,3,OIG,2005,OFFICE OF INSPECTOR GENERAL,340,MATERIAL AND SUPPLIES,1608
LOCAL,0200,WATER FUND,3,OIG,2005,OFFICE OF INSPECTOR GENERAL,348,BOOKS AND RELATED MATERIAL,1082
LOCAL,0200,WATER FUND,3,OIG,2005,OFFICE OF INSPECTOR GENERAL,350,STATIONERY AND OFFICE SUPPLIES,4498
LOCAL,0200,WATER FUND,3,OIG,2005,OFFICE OF INSPECTOR GENERAL,700,CONTINGENCIES,12445
LOCAL,0314,SEWER FUND,3,OIG,2005,OFFICE OF INSPECTOR GENERAL,5,SALARIES AND WAGES - ON PAYROLL,652065
LOCAL,0314,SEWER FUND,3,OIG,2005,OFFICE OF INSPECTOR GENERAL,15,SCHEDULE SALARY ADJUSTMENTS,746
LOCAL,0314,SEWER FUND,3,OIG,2005,OFFICE OF INSPECTOR GENERAL,130,POSTAGE,519
LOCAL,0314,SEWER FUND,3,OIG,2005,OFFICE OF INSPECTOR GENERAL,138,IT MAINTENANCE,11612
LOCAL,0314,SEWER FUND,3,OIG,2005,OFFICE OF INSPECTOR GENERAL,140,PROFESSIONAL AND TECHNICAL SERVICES,34911
LOCAL,0314,SEWER FUND,3,OIG,2005,OFFICE OF INSPECTOR GENERAL,149,SOFTWARE MAINTENANCE AND LICENSING,13432
LOCAL,0314,SEWER FUND,3,OIG,2005,OFFICE OF INSPECTOR GENERAL,154,RENTAL-DATA HARDWARE EQ,9599
LOCAL,0314,SEWER FUND,3,OIG,2005,OFFICE OF INSPECTOR GENERAL,157,RENTAL EQUIPMENT AND SERVICES,9359
LOCAL,0314,SEWER FUND,3,OIG,2005,OFFICE OF INSPECTOR GENERAL,159,LEASE/PURCHASE EQUIPMENT,1917
LOCAL,0314,SEWER FUND,3,OIG,2005,OFFICE OF INSPECTOR GENERAL,162,REPAIR/MAINT EQUIPMENT,54
LOCAL,0314,SEWER FUND,3,OIG,2005,OFFICE OF INSPECTOR GENERAL,166,DUES  SUBSC & MEM,1611
LOCAL,0314,SEWER FUND,3,OIG,2005,OFFICE OF INSPECTOR GENERAL,169,TECHNICAL MEETING COSTS,11530
LOCAL,0314,SEWER FUND,3,OIG,2005,OFFICE OF INSPECTOR GENERAL,181,MOBILE COMMUNICATION SERVICES,4061
LOCAL,0314,SEWER FUND,3,OIG,2005,OFFICE OF INSPECTOR GENERAL,189,TELEPHONE - NON-CENTREX BILLINGS,19856
LOCAL,0314,SEWER FUND,3,OIG,2005,OFFICE OF INSPECTOR GENERAL,245,REIMBURSEMENT TO TRAVELERS,558
LOCAL,0314,SEWER FUND,3,OIG,2005,OFFICE OF INSPECTOR GENERAL,270,LOCAL TRANSPORTATION,1615
LOCAL,0314,SEWER FUND,3,OIG,2005,OFFICE OF INSPECTOR GENERAL,320,GASOLINE,180
LOCAL,0314,SEWER FUND,3,OIG,2005,OFFICE OF INSPECTOR GENERAL,340,MATERIAL AND SUPPLIES,1291
LOCAL,0314,SEWER FUND,3,OIG,2005,OFFICE OF INSPECTOR GENERAL,348,BOOKS AND RELATED MATERIAL,1082
LOCAL,0314,SEWER FUND,3,OIG,2005,OFFICE OF INSPECTOR GENERAL,350,STATIONERY AND OFFICE SUPPLIES,8759
LOCAL,0314,SEWER FUND,3,OIG,2005,OFFICE OF INSPECTOR GENERAL,700,CONTINGENCIES,26182
LOCAL,0740,O HARE REVENUE FUND,3,OIG,2005,OFFICE OF INSPECTOR GENERAL,5,SALARIES AND WAGES - ON PAYROLL,966644
LOCAL,0740,O HARE REVENUE FUND,3,OIG,2005,OFFICE OF INSPECTOR GENERAL,15,SCHEDULE SALARY ADJUSTMENTS,14844
LOCAL,0740,O HARE REVENUE FUND,3,OIG,2005,OFFICE OF INSPECTOR GENERAL,20,OVERTIME,1000
LOCAL,0740,O HARE REVENUE FUND,3,OIG,2005,OFFICE OF INSPECTOR GENERAL,130,POSTAGE,710
LOCAL,0740,O HARE REVENUE FUND,3,OIG,2005,OFFICE OF INSPECTOR GENERAL,138,IT MAINTENANCE,2612
LOCAL,0740,O HARE REVENUE FUND,3,OIG,2005,OFFICE OF INSPECTOR GENERAL,140,PROFESSIONAL AND TECHNICAL SERVICES,4729
LOCAL,0740,O HARE REVENUE FUND,3,OIG,2005,OFFICE OF INSPECTOR GENERAL,149,SOFTWARE MAINTENANCE AND LICENSING,4141
LOCAL,0740,O HARE REVENUE FUND,3,OIG,2005,OFFICE OF INSPECTOR GENERAL,154,RENTAL-DATA HARDWARE EQ,22257
LOCAL,0740,O HARE REVENUE FUND,3,OIG,2005,OFFICE OF INSPECTOR GENERAL,157,RENTAL EQUIPMENT AND SERVICES,20084
LOCAL,0740,O HARE REVENUE FUND,3,OIG,2005,OFFICE OF INSPECTOR GENERAL,159,LEASE/PURCHASE EQUIPMENT,206
LOCAL,0740,O HARE REVENUE FUND,3,OIG,2005,OFFICE OF INSPECTOR GENERAL,162,REPAIR/MAINT EQUIPMENT,65
LOCAL,0740,O HARE REVENUE FUND,3,OIG,2005,OFFICE OF INSPECTOR GENERAL,166,DUES  SUBSC & MEM,1610
LOCAL,0740,O HARE REVENUE FUND,3,OIG,2005,OFFICE OF INSPECTOR GENERAL,169,TECHNICAL MEETING COSTS,12843
LOCAL,0740,O HARE REVENUE FUND,3,OIG,2005,OFFICE OF INSPECTOR GENERAL,181,MOBILE COMMUNICATION SERVICES,6205
LOCAL,0740,O HARE REVENUE FUND,3,OIG,2005,OFFICE OF INSPECTOR GENERAL,189,TELEPHONE - NON-CENTREX BILLINGS,5258
LOCAL,0740,O HARE REVENUE FUND,3,OIG,2005,OFFICE OF INSPECTOR GENERAL,245,REIMBURSEMENT TO TRAVELERS,558
LOCAL,0740,O HARE REVENUE FUND,3,OIG,2005,OFFICE OF INSPECTOR GENERAL,270,LOCAL TRANSPORTATION,1615
LOCAL,0740,O HARE REVENUE FUND,3,OIG,2005,OFFICE OF INSPECTOR GENERAL,320,GASOLINE,2156
LOCAL,0740,O HARE REVENUE FUND,3,OIG,2005,OFFICE OF INSPECTOR GENERAL,340,MATERIAL AND SUPPLIES,1885
LOCAL,0740,O HARE REVENUE FUND,3,OIG,2005,OFFICE OF INSPECTOR GENERAL,348,BOOKS AND RELATED MATERIAL,1082
LOCAL,0740,O HARE REVENUE FUND,3,OIG,2005,OFFICE OF INSPECTOR GENERAL,350,STATIONERY AND OFFICE SUPPLIES,2912
LOCAL,0740,O HARE REVENUE FUND,3,OIG,2005,OFFICE OF INSPECTOR GENERAL,700,CONTINGENCIES,1201
LOCAL,0100,CORPORATE FUND,5,OBM,2005,OBM,5,SALARIES AND WAGES - ON PAYROLL,2888562
LOCAL,0100,CORPORATE FUND,5,OBM,2005,OBM,15,SCHEDULE SALARY ADJUSTMENTS,9450
LOCAL,0100,CORPORATE FUND,5,OBM,2005,OBM,39,STUDENT AS TRAINEES,37500
LOCAL,0100,CORPORATE FUND,5,OBM,2005,OBM,130,POSTAGE,1500
LOCAL,0100,CORPORATE FUND,5,OBM,2005,OBM,140,PROFESSIONAL AND TECHNICAL SERVICES,5500
LOCAL,0100,CORPORATE FUND,5,OBM,2005,OBM,152,ADVERTISING,1000
LOCAL,0100,CORPORATE FUND,5,OBM,2005,OBM,157,RENTAL EQUIPMENT AND SERVICES,10000
LOCAL,0100,CORPORATE FUND,5,OBM,2005,OBM,169,TECHNICAL MEETING COSTS,1000
LOCAL,0100,CORPORATE FUND,5,OBM,2005,OBM,181,MOBILE COMMUNICATION SERVICES,4986
LOCAL,0100,CORPORATE FUND,5,OBM,2005,OBM,190,TELEPHONE - NON-CENTREX BILLINGS,8000
LOCAL,0100,CORPORATE FUND,5,OBM,2005,OBM,197,TELEPHONE - MAINTENANCE,2000
LOCAL,0100,CORPORATE FUND,5,OBM,2005,OBM,245,REIMBURSEMENT TO TRAVELERS,500
LOCAL,0100,CORPORATE FUND,5,OBM,2005,OBM,270,LOCAL TRANSPORTATION,500
LOCAL,0100,CORPORATE FUND,5,OBM,2005,OBM,348,BOOKS AND RELATED MATERIAL,400
LOCAL,0100,CORPORATE FUND,5,OBM,2005,OBM,350,STATIONERY AND OFFICE SUPPLIES,5400
LOCAL,0200,WATER FUND,5,OBM,2005,OBM,5,SALARIES AND WAGES - ON PAYROLL,124080
LOCAL,0B21,TIF ADMINISTRATION,5,OBM,2005,OBM,5,SALARIES AND WAGES - ON PAYROLL,96720
LOCAL,0100,CORPORATE FUND,6,DOIT,2005,DOIT,5,SALARIES AND WAGES - ON PAYROLL,8952604
LOCAL,0100,CORPORATE FUND,6,DOIT,2005,DOIT,15,SCHEDULE SALARY ADJUSTMENTS,7386
LOCAL,0100,CORPORATE FUND,6,DOIT,2005,DOIT,130,POSTAGE,4692
LOCAL,0100,CORPORATE FUND,6,DOIT,2005,DOIT,138,IT MAINTENANCE,1892301
LOCAL,0100,CORPORATE FUND,6,DOIT,2005,DOIT,140,PROFESSIONAL AND TECHNICAL SERVICES,803255
LOCAL,0100,CORPORATE FUND,6,DOIT,2005,DOIT,149,SOFTWARE MAINTENANCE AND LICENSING,6554674
LOCAL,0100,CORPORATE FUND,6,DOIT,2005,DOIT,162,REPAIR/MAINT EQUIPMENT,998491
LOCAL,0100,CORPORATE FUND,6,DOIT,2005,DOIT,166,DUES  SUBSC & MEM,249
LOCAL,0100,CORPORATE FUND,6,DOIT,2005,DOIT,169,TECHNICAL MEETING COSTS,62700
LOCAL,0100,CORPORATE FUND,6,DOIT,2005,DOIT,181,MOBILE COMMUNICATION SERVICES,32242
LOCAL,0100,CORPORATE FUND,6,DOIT,2005,DOIT,190,TELEPHONE - NON-CENTREX BILLINGS,25770
LOCAL,0100,CORPORATE FUND,6,DOIT,2005,DOIT,196,DATA CIRCUITS,748170
LOCAL,0100,CORPORATE FUND,6,DOIT,2005,DOIT,197,TELEPHONE - MAINTENANCE,7902
LOCAL,0100,CORPORATE FUND,6,DOIT,2005,DOIT,245,REIMBURSEMENT TO TRAVELERS,3150
LOCAL,0100,CORPORATE FUND,6,DOIT,2005,DOIT,270,LOCAL TRANSPORTATION,900
LOCAL,0100,CORPORATE FUND,6,DOIT,2005,DOIT,340,MATERIAL AND SUPPLIES,14200
LOCAL,0100,CORPORATE FUND,6,DOIT,2005,DOIT,348,BOOKS AND RELATED MATERIAL,2700
LOCAL,0100,CORPORATE FUND,6,DOIT,2005,DOIT,350,STATIONERY AND OFFICE SUPPLIES,6750
LOCAL,0200,WATER FUND,6,DOIT,2005,DOIT,138,IT MAINTENANCE,1234000
LOCAL,0200,WATER FUND,6,DOIT,2005,DOIT,139,IT DEVELOPMENT,869500
LOCAL,0200,WATER FUND,6,DOIT,2005,DOIT,140,PROFESSIONAL AND TECHNICAL SERVICES,4088393
LOCAL,0200,WATER FUND,6,DOIT,2005,DOIT,149,SOFTWARE MAINTENANCE AND LICENSING,123827
LOCAL,0200,WATER FUND,6,DOIT,2005,DOIT,197,TELEPHONE - MAINTENANCE,21593
LOCAL,0346,LIBRARY FUND,6,DOIT,2005,DOIT,5,SALARIES AND WAGES - ON PAYROLL,1140487
LOCAL,0346,LIBRARY FUND,6,DOIT,2005,DOIT,15,SCHEDULE SALARY ADJUSTMENTS,2278
LOCAL,0100,CORPORATE FUND,15,CITY COUNCIL,2005,CITY COUNCIL,5,SALARIES AND WAGES - ON PAYROLL,6352786
LOCAL,0100,CORPORATE FUND,15,CITY COUNCIL,2005,CITY COUNCIL,17,CITY COUNCIL - SALARIED EMPLOYEES,9270500
LOCAL,0100,CORPORATE FUND,15,CITY COUNCIL,2005,CITY COUNCIL,39,STUDENT AS TRAINEES,140000
LOCAL,0100,CORPORATE FUND,15,CITY COUNCIL,2005,CITY COUNCIL,181,MOBILE COMMUNICATION SERVICES,1350
LOCAL,0100,CORPORATE FUND,15,CITY COUNCIL,2005,CITY COUNCIL,190,TELEPHONE - NON-CENTREX BILLINGS,66000
LOCAL,0100,CORPORATE FUND,15,CITY COUNCIL,2005,CITY COUNCIL,197,TELEPHONE - MAINTENANCE,2800
LOCAL,0100,CORPORATE FUND,15,CITY COUNCIL,2005,CITY COUNCIL,245,REIMBURSEMENT TO TRAVELERS,1000
LOCAL,0100,CORPORATE FUND,15,CITY COUNCIL,2005,CITY COUNCIL,700,CONTINGENCIES,43000
LOCAL,0100,CORPORATE FUND,15,CITY COUNCIL,2005,CITY COUNCIL,982,RECOGNITION FOR HEROSIM,1000
LOCAL,0100,CORPORATE FUND,15,CITY COUNCIL,2005,CITY COUNCIL,9008,TEXT FILE - EXTRA LONG,4850000
LOCAL,0100,CORPORATE FUND,15,CITY COUNCIL,2005,CITY COUNCIL,9010,TEXT FILE - EXTRA LONG,92072
LOCAL,0100,CORPORATE FUND,15,CITY COUNCIL,2005,CITY COUNCIL,9072,TEXT FILE - EXTRA LONG,4000
LOCAL,0100,CORPORATE FUND,15,CITY COUNCIL,2010,COMMITTEE ON FINANCE,5,SALARIES AND WAGES - ON PAYROLL,1770860
LOCAL,0100,CORPORATE FUND,15,CITY COUNCIL,2010,COMMITTEE ON FINANCE,130,POSTAGE,16000
LOCAL,0100,CORPORATE FUND,15,CITY COUNCIL,2010,COMMITTEE ON FINANCE,140,PROFESSIONAL AND TECHNICAL SERVICES,12500
LOCAL,0100,CORPORATE FUND,15,CITY COUNCIL,2010,COMMITTEE ON FINANCE,143,COURT REPORTING,72000
LOCAL,0100,CORPORATE FUND,15,CITY COUNCIL,2010,COMMITTEE ON FINANCE,157,RENTAL EQUIPMENT AND SERVICES,65000
LOCAL,0100,CORPORATE FUND,15,CITY COUNCIL,2010,COMMITTEE ON FINANCE,166,DUES  SUBSC & MEM,2000
LOCAL,0100,CORPORATE FUND,15,CITY COUNCIL,2010,COMMITTEE ON FINANCE,169,TECHNICAL MEETING COSTS,2500
LOCAL,0100,CORPORATE FUND,15,CITY COUNCIL,2010,COMMITTEE ON FINANCE,190,TELEPHONE - NON-CENTREX BILLINGS,19000
LOCAL,0100,CORPORATE FUND,15,CITY COUNCIL,2010,COMMITTEE ON FINANCE,197,TELEPHONE - MAINTENANCE,1400
LOCAL,0100,CORPORATE FUND,15,CITY COUNCIL,2010,COMMITTEE ON FINANCE,229,TRANSPORTATION AND EXPENSE ALLOWANCE,8000
LOCAL,0100,CORPORATE FUND,15,CITY COUNCIL,2010,COMMITTEE ON FINANCE,340,MATERIAL AND SUPPLIES,3500
LOCAL,0100,CORPORATE FUND,15,CITY COUNCIL,2010,COMMITTEE ON FINANCE,348,BOOKS AND RELATED MATERIAL,3000
LOCAL,0100,CORPORATE FUND,15,CITY COUNCIL,2010,COMMITTEE ON FINANCE,350,STATIONERY AND OFFICE SUPPLIES,45000
LOCAL,0100,CORPORATE FUND,15,CITY COUNCIL,2010,COMMITTEE ON FINANCE,700,CONTINGENCIES,100
LOCAL,0100,CORPORATE FUND,15,CITY COUNCIL,2010,COMMITTEE ON FINANCE,9005,LEGAL FEES - COMMITTE ON FINANCE,50000
LOCAL,0100,CORPORATE FUND,15,CITY COUNCIL,2010,COMMITTEE ON FINANCE,9006,LEGAL ASSISTANCE - COMMITTEE ON FINANCE,50000
LOCAL,0100,CORPORATE FUND,15,CITY COUNCIL,2010,COMMITTEE ON FINANCE,9010,TEXT FILE - EXTRA LONG,92500
LOCAL,0100,CORPORATE FUND,15,CITY COUNCIL,2012,COFA,5,SALARIES AND WAGES - ON PAYROLL,274056
LOCAL,0100,CORPORATE FUND,15,CITY COUNCIL,2012,COFA,700,CONTINGENCIES,27160
LOCAL,0100,CORPORATE FUND,15,CITY COUNCIL,2214,COMMITTEE ON BUDGET/GOVNTL OPS,0,PERSONNEL SERVICES,492468
LOCAL,0100,CORPORATE FUND,15,CITY COUNCIL,2214,COMMITTEE ON BUDGET/GOVNTL OPS,100,CONTRACTUAL SERVICES,15000
LOCAL,0100,CORPORATE FUND,15,CITY COUNCIL,2214,COMMITTEE ON BUDGET/GOVNTL OPS,300,COMMODITIES AND MATERIALS,12000
LOCAL,0100,CORPORATE FUND,15,CITY COUNCIL,2214,COMMITTEE ON BUDGET/GOVNTL OPS,400,EQUIPMENT,9500
LOCAL,0100,CORPORATE FUND,15,CITY COUNCIL,2214,COMMITTEE ON BUDGET/GOVNTL OPS,700,CONTINGENCIES,15000
LOCAL,0100,CORPORATE FUND,15,CITY COUNCIL,2220,COMMITTEE ON AVIATION,0,PERSONNEL SERVICES,108046
LOCAL,0100,CORPORATE FUND,15,CITY COUNCIL,2220,COMMITTEE ON AVIATION,100,CONTRACTUAL SERVICES,200
LOCAL,0100,CORPORATE FUND,15,CITY COUNCIL,2220,COMMITTEE ON AVIATION,300,COMMODITIES AND MATERIALS,500
LOCAL,0100,CORPORATE FUND,15,CITY COUNCIL,2220,COMMITTEE ON AVIATION,700,CONTINGENCIES,750
LOCAL,0100,CORPORATE FUND,15,CITY COUNCIL,2225,COMMITTEE ON LICENSES,0,PERSONNEL SERVICES,107246
LOCAL,0100,CORPORATE FUND,15,CITY COUNCIL,2225,COMMITTEE ON LICENSES,100,CONTRACTUAL SERVICES,7500
LOCAL,0100,CORPORATE FUND,15,CITY COUNCIL,2225,COMMITTEE ON LICENSES,300,COMMODITIES AND MATERIALS,10500
LOCAL,0100,CORPORATE FUND,15,CITY COUNCIL,2235,COMMITTEE ON PUBLIC SAFETY,0,PERSONNEL SERVICES,159355
LOCAL,0100,CORPORATE FUND,15,CITY COUNCIL,2235,COMMITTEE ON PUBLIC SAFETY,100,CONTRACTUAL SERVICES,1000
LOCAL,0100,CORPORATE FUND,15,CITY COUNCIL,2235,COMMITTEE ON PUBLIC SAFETY,300,COMMODITIES AND MATERIALS,1000
LOCAL,0100,CORPORATE FUND,15,CITY COUNCIL,2235,COMMITTEE ON PUBLIC SAFETY,700,CONTINGENCIES,500
LOCAL,0100,CORPORATE FUND,15,CITY COUNCIL,2240,COMM ON HEALTH AND ENVIRONMENT,0,PERSONNEL SERVICES,90300
LOCAL,0100,CORPORATE FUND,15,CITY COUNCIL,2240,COMM ON HEALTH AND ENVIRONMENT,100,CONTRACTUAL SERVICES,2006
LOCAL,0100,CORPORATE FUND,15,CITY COUNCIL,2240,COMM ON HEALTH AND ENVIRONMENT,300,COMMODITIES AND MATERIALS,800
LOCAL,0100,CORPORATE FUND,15,CITY COUNCIL,2240,COMM ON HEALTH AND ENVIRONMENT,700,CONTINGENCIES,500
LOCAL,0100,CORPORATE FUND,15,CITY COUNCIL,2245,COMMITTEE ON COMMT RULES ETHIC,0,PERSONNEL SERVICES,105068
LOCAL,0100,CORPORATE FUND,15,CITY COUNCIL,2245,COMMITTEE ON COMMT RULES ETHIC,100,CONTRACTUAL SERVICES,40000
LOCAL,0100,CORPORATE FUND,15,CITY COUNCIL,2245,COMMITTEE ON COMMT RULES ETHIC,300,COMMODITIES AND MATERIALS,500
LOCAL,0100,CORPORATE FUND,15,CITY COUNCIL,2255,COMM ON ECONOMIC/CAPITAL/TECH,0,PERSONNEL SERVICES,102575
LOCAL,0100,CORPORATE FUND,15,CITY COUNCIL,2255,COMM ON ECONOMIC/CAPITAL/TECH,100,CONTRACTUAL SERVICES,1000
LOCAL,0100,CORPORATE FUND,15,CITY COUNCIL,2255,COMM ON ECONOMIC/CAPITAL/TECH,300,COMMODITIES AND MATERIALS,500
LOCAL,0100,CORPORATE FUND,15,CITY COUNCIL,2255,COMM ON ECONOMIC/CAPITAL/TECH,700,CONTINGENCIES,1000
LOCAL,0100,CORPORATE FUND,15,CITY COUNCIL,2260,COMMITTEE ON EDUCATION & CHILD,0,PERSONNEL SERVICES,163483
LOCAL,0100,CORPORATE FUND,15,CITY COUNCIL,2260,COMMITTEE ON EDUCATION & CHILD,100,CONTRACTUAL SERVICES,3000
LOCAL,0100,CORPORATE FUND,15,CITY COUNCIL,2260,COMMITTEE ON EDUCATION & CHILD,700,CONTINGENCIES,2000
LOCAL,0100,CORPORATE FUND,15,CITY COUNCIL,2275,COMM ON ZONING/LANDMARK/BUILD,0,PERSONNEL SERVICES,310574
LOCAL,0100,CORPORATE FUND,15,CITY COUNCIL,2275,COMM ON ZONING/LANDMARK/BUILD,100,CONTRACTUAL SERVICES,15300
LOCAL,0100,CORPORATE FUND,15,CITY COUNCIL,2275,COMM ON ZONING/LANDMARK/BUILD,300,COMMODITIES AND MATERIALS,74700
LOCAL,0100,CORPORATE FUND,15,CITY COUNCIL,2280,COMMITTEE ON HOUSING AND RE,0,PERSONNEL SERVICES,198164
LOCAL,0100,CORPORATE FUND,15,CITY COUNCIL,2280,COMMITTEE ON HOUSING AND RE,300,COMMODITIES AND MATERIALS,8000
LOCAL,0100,CORPORATE FUND,15,CITY COUNCIL,2286,COMMITTEE ON HUMAN RELATIONS,0,PERSONNEL SERVICES,92556
LOCAL,0100,CORPORATE FUND,15,CITY COUNCIL,2286,COMMITTEE ON HUMAN RELATIONS,300,COMMODITIES AND MATERIALS,1000
LOCAL,0100,CORPORATE FUND,15,CITY COUNCIL,2290,COMMITTEE ON WORKFORCE DEV,0,PERSONNEL SERVICES,503565
LOCAL,0100,CORPORATE FUND,15,CITY COUNCIL,2290,COMMITTEE ON WORKFORCE DEV,100,CONTRACTUAL SERVICES,30000
LOCAL,0100,CORPORATE FUND,15,CITY COUNCIL,2290,COMMITTEE ON WORKFORCE DEV,300,COMMODITIES AND MATERIALS,5000
LOCAL,0100,CORPORATE FUND,15,CITY COUNCIL,2295,LEGISLATIVE REFERENCE BUREAU,0,PERSONNEL SERVICES,362144
LOCAL,0100,CORPORATE FUND,15,CITY COUNCIL,2295,LEGISLATIVE REFERENCE BUREAU,300,COMMODITIES AND MATERIALS,4000
LOCAL,0300,VEHICLE FUND,15,CITY COUNCIL,2230,COMMITTEE ON TRANSPORTATION,0,PERSONNEL SERVICES,437750
LOCAL,0300,VEHICLE FUND,15,CITY COUNCIL,2230,COMMITTEE ON TRANSPORTATION,9000,PURPOSES AS SPECIFIED,16387
LOCAL,0300,VEHICLE FUND,15,CITY COUNCIL,2265,COMM ON PEDESTRIAN AND TRAFFIC,0,PERSONNEL SERVICES,244379
LOCAL,0100,CORPORATE FUND,55,POLICE BOARD,2005,POLICE BOARD,130,POSTAGE,250
LOCAL,0300,VEHICLE FUND,15,CITY COUNCIL,2265,COMM ON PEDESTRIAN AND TRAFFIC,300,COMMODITIES AND MATERIALS,5000
LOCAL,0355,SPECIAL EVENTS / MUNICIPAL HOTEL T/F,15,CITY COUNCIL,2155,COMM ON SP EVENTS/CULT AFF/REC,0,PERSONNEL SERVICES,153388
LOCAL,0355,SPECIAL EVENTS / MUNICIPAL HOTEL T/F,15,CITY COUNCIL,2155,COMM ON SP EVENTS/CULT AFF/REC,300,COMMODITIES AND MATERIALS,8720
LOCAL,0355,SPECIAL EVENTS / MUNICIPAL HOTEL T/F,23,DCASE,2015,CULTURAL AFFAIRS SPECIAL EVENT,5,SALARIES AND WAGES - ON PAYROLL,6374947
LOCAL,0355,SPECIAL EVENTS / MUNICIPAL HOTEL T/F,23,DCASE,2015,CULTURAL AFFAIRS SPECIAL EVENT,15,SCHEDULE SALARY ADJUSTMENTS,10756
LOCAL,0355,SPECIAL EVENTS / MUNICIPAL HOTEL T/F,23,DCASE,2015,CULTURAL AFFAIRS SPECIAL EVENT,39,STUDENT AS TRAINEES,100000
LOCAL,0355,SPECIAL EVENTS / MUNICIPAL HOTEL T/F,23,DCASE,2015,CULTURAL AFFAIRS SPECIAL EVENT,125,OFFICE AND BUILDING SERVICES,25000
LOCAL,0355,SPECIAL EVENTS / MUNICIPAL HOTEL T/F,23,DCASE,2015,CULTURAL AFFAIRS SPECIAL EVENT,130,POSTAGE,45000
LOCAL,0355,SPECIAL EVENTS / MUNICIPAL HOTEL T/F,23,DCASE,2015,CULTURAL AFFAIRS SPECIAL EVENT,135,DELEGATE AGENCIES,742000
LOCAL,0355,SPECIAL EVENTS / MUNICIPAL HOTEL T/F,23,DCASE,2015,CULTURAL AFFAIRS SPECIAL EVENT,138,IT MAINTENANCE,71550
LOCAL,0355,SPECIAL EVENTS / MUNICIPAL HOTEL T/F,23,DCASE,2015,CULTURAL AFFAIRS SPECIAL EVENT,140,PROFESSIONAL AND TECHNICAL SERVICES,1462088
LOCAL,0355,SPECIAL EVENTS / MUNICIPAL HOTEL T/F,23,DCASE,2015,CULTURAL AFFAIRS SPECIAL EVENT,150,PUBLICATN & REPRODT-OUT,153900
LOCAL,0355,SPECIAL EVENTS / MUNICIPAL HOTEL T/F,23,DCASE,2015,CULTURAL AFFAIRS SPECIAL EVENT,152,ADVERTISING,84500
LOCAL,0355,SPECIAL EVENTS / MUNICIPAL HOTEL T/F,23,DCASE,2015,CULTURAL AFFAIRS SPECIAL EVENT,153,PROMOTIONS,12000
LOCAL,0355,SPECIAL EVENTS / MUNICIPAL HOTEL T/F,23,DCASE,2015,CULTURAL AFFAIRS SPECIAL EVENT,159,LEASE/PURCHASE EQUIPMENT,34175
LOCAL,0355,SPECIAL EVENTS / MUNICIPAL HOTEL T/F,23,DCASE,2015,CULTURAL AFFAIRS SPECIAL EVENT,166,DUES  SUBSC & MEM,39500
LOCAL,0355,SPECIAL EVENTS / MUNICIPAL HOTEL T/F,23,DCASE,2015,CULTURAL AFFAIRS SPECIAL EVENT,172,INSURANCE PREMIUMS,404750
LOCAL,0355,SPECIAL EVENTS / MUNICIPAL HOTEL T/F,23,DCASE,2015,CULTURAL AFFAIRS SPECIAL EVENT,181,MOBILE COMMUNICATION SERVICES,14520
LOCAL,0355,SPECIAL EVENTS / MUNICIPAL HOTEL T/F,23,DCASE,2015,CULTURAL AFFAIRS SPECIAL EVENT,189,TELEPHONE - NON-CENTREX BILLINGS,36800
LOCAL,0355,SPECIAL EVENTS / MUNICIPAL HOTEL T/F,23,DCASE,2015,CULTURAL AFFAIRS SPECIAL EVENT,190,TELEPHONE - NON-CENTREX BILLINGS,75000
LOCAL,0355,SPECIAL EVENTS / MUNICIPAL HOTEL T/F,23,DCASE,2015,CULTURAL AFFAIRS SPECIAL EVENT,191,TELEPHONE - RELOCATIONS,25000
LOCAL,0355,SPECIAL EVENTS / MUNICIPAL HOTEL T/F,23,DCASE,2015,CULTURAL AFFAIRS SPECIAL EVENT,197,TELEPHONE - MAINTENANCE,14520
LOCAL,0355,SPECIAL EVENTS / MUNICIPAL HOTEL T/F,23,DCASE,2015,CULTURAL AFFAIRS SPECIAL EVENT,229,TRANSPORTATION AND EXPENSE ALLOWANCE,4500
LOCAL,0355,SPECIAL EVENTS / MUNICIPAL HOTEL T/F,23,DCASE,2015,CULTURAL AFFAIRS SPECIAL EVENT,245,REIMBURSEMENT TO TRAVELERS,6000
LOCAL,0355,SPECIAL EVENTS / MUNICIPAL HOTEL T/F,23,DCASE,2015,CULTURAL AFFAIRS SPECIAL EVENT,340,MATERIAL AND SUPPLIES,50000
LOCAL,0355,SPECIAL EVENTS / MUNICIPAL HOTEL T/F,23,DCASE,2015,CULTURAL AFFAIRS SPECIAL EVENT,350,STATIONERY AND OFFICE SUPPLIES,45000
LOCAL,0355,SPECIAL EVENTS / MUNICIPAL HOTEL T/F,23,DCASE,2015,CULTURAL AFFAIRS SPECIAL EVENT,9188,MILLENNIUM PARK OPERATIONS,6950831
LOCAL,0355,SPECIAL EVENTS / MUNICIPAL HOTEL T/F,23,DCASE,2015,CULTURAL AFFAIRS SPECIAL EVENT,9219,IMPLEMENTATION OF CULTURAL PLAN,1250000
LOCAL,0355,SPECIAL EVENTS / MUNICIPAL HOTEL T/F,23,DCASE,2015,CULTURAL AFFAIRS SPECIAL EVENT,9288,MILLENNIUM PARK PROGRAMMING,265500
LOCAL,0355,SPECIAL EVENTS / MUNICIPAL HOTEL T/F,23,DCASE,2015,CULTURAL AFFAIRS SPECIAL EVENT,9803,FOR PROGRAMMING/MARKETG,2400741
LOCAL,0355,SPECIAL EVENTS / MUNICIPAL HOTEL T/F,23,DCASE,2015,CULTURAL AFFAIRS SPECIAL EVENT,9805,FOR FESTIVAL PRODUCTION,7240253
LOCAL,0355,SPECIAL EVENTS / MUNICIPAL HOTEL T/F,23,DCASE,2015,CULTURAL AFFAIRS SPECIAL EVENT,9807,FOR REDEMPTION EXPENSES,2500000
LOCAL,0355,SPECIAL EVENTS / MUNICIPAL HOTEL T/F,23,DCASE,2015,CULTURAL AFFAIRS SPECIAL EVENT,9813,LOCAL PROMOTION/MARKETG,853720
LOCAL,0100,CORPORATE FUND,25,CITY CLERK,2005,CITY CLERK,5,SALARIES AND WAGES - ON PAYROLL,2524211
LOCAL,0100,CORPORATE FUND,25,CITY CLERK,2005,CITY CLERK,15,SCHEDULE SALARY ADJUSTMENTS,2607
LOCAL,0100,CORPORATE FUND,25,CITY CLERK,2005,CITY CLERK,20,OVERTIME,60000
LOCAL,0100,CORPORATE FUND,25,CITY CLERK,2005,CITY CLERK,130,POSTAGE,46241
LOCAL,0100,CORPORATE FUND,25,CITY CLERK,2005,CITY CLERK,140,PROFESSIONAL AND TECHNICAL SERVICES,208099
LOCAL,0100,CORPORATE FUND,25,CITY CLERK,2005,CITY CLERK,150,PUBLICATN & REPRODT-OUT,4000
LOCAL,0100,CORPORATE FUND,25,CITY CLERK,2005,CITY CLERK,152,ADVERTISING,32780
LOCAL,0100,CORPORATE FUND,25,CITY CLERK,2005,CITY CLERK,159,LEASE/PURCHASE EQUIPMENT,170028
LOCAL,0100,CORPORATE FUND,25,CITY CLERK,2005,CITY CLERK,162,REPAIR/MAINT EQUIPMENT,30115
LOCAL,0100,CORPORATE FUND,25,CITY CLERK,2005,CITY CLERK,190,TELEPHONE - NON-CENTREX BILLINGS,9760
LOCAL,0100,CORPORATE FUND,25,CITY CLERK,2005,CITY CLERK,197,TELEPHONE - MAINTENANCE,5024
LOCAL,0100,CORPORATE FUND,25,CITY CLERK,2005,CITY CLERK,340,MATERIAL AND SUPPLIES,15690
LOCAL,0100,CORPORATE FUND,25,CITY CLERK,2005,CITY CLERK,350,STATIONERY AND OFFICE SUPPLIES,40600
LOCAL,0300,VEHICLE FUND,25,CITY CLERK,2005,CITY CLERK,5,SALARIES AND WAGES - ON PAYROLL,4021882
LOCAL,0300,VEHICLE FUND,25,CITY CLERK,2005,CITY CLERK,15,SCHEDULE SALARY ADJUSTMENTS,3765
LOCAL,0300,VEHICLE FUND,25,CITY CLERK,2005,CITY CLERK,20,OVERTIME,65000
LOCAL,0300,VEHICLE FUND,25,CITY CLERK,2005,CITY CLERK,39,STUDENT AS TRAINEES,100000
LOCAL,0300,VEHICLE FUND,25,CITY CLERK,2005,CITY CLERK,130,POSTAGE,912600
LOCAL,0300,VEHICLE FUND,25,CITY CLERK,2005,CITY CLERK,139,IT DEVELOPMENT,345000
LOCAL,0300,VEHICLE FUND,25,CITY CLERK,2005,CITY CLERK,140,PROFESSIONAL AND TECHNICAL SERVICES,840473
LOCAL,0300,VEHICLE FUND,25,CITY CLERK,2005,CITY CLERK,154,RENTAL-DATA HARDWARE EQ,24161
LOCAL,0300,VEHICLE FUND,25,CITY CLERK,2005,CITY CLERK,157,RENTAL EQUIPMENT AND SERVICES,35802
LOCAL,0300,VEHICLE FUND,25,CITY CLERK,2005,CITY CLERK,162,REPAIR/MAINT EQUIPMENT,8775
LOCAL,0300,VEHICLE FUND,25,CITY CLERK,2005,CITY CLERK,181,MOBILE COMMUNICATION SERVICES,17160
LOCAL,0300,VEHICLE FUND,25,CITY CLERK,2005,CITY CLERK,190,TELEPHONE - NON-CENTREX BILLINGS,20740
LOCAL,0300,VEHICLE FUND,25,CITY CLERK,2005,CITY CLERK,197,TELEPHONE - MAINTENANCE,10676
LOCAL,0300,VEHICLE FUND,25,CITY CLERK,2005,CITY CLERK,229,TRANSPORTATION AND EXPENSE ALLOWANCE,23940
LOCAL,0300,VEHICLE FUND,25,CITY CLERK,2005,CITY CLERK,338,LICENSE STICKER TAG AND PLATES,280170
LOCAL,0300,VEHICLE FUND,25,CITY CLERK,2005,CITY CLERK,340,MATERIAL AND SUPPLIES,5400
LOCAL,0300,VEHICLE FUND,25,CITY CLERK,2005,CITY CLERK,350,STATIONERY AND OFFICE SUPPLIES,137000
LOCAL,0300,VEHICLE FUND,25,CITY CLERK,2005,CITY CLERK,9438,REIMBURSEMENT - 2FM,20000
LOCAL,0100,CORPORATE FUND,27,FINANCE,2011,CITY COMPTROLLER,5,SALARIES AND WAGES - ON PAYROLL,2795467
LOCAL,0100,CORPORATE FUND,27,FINANCE,2011,CITY COMPTROLLER,15,SCHEDULE SALARY ADJUSTMENTS,1292
LOCAL,0100,CORPORATE FUND,27,FINANCE,2011,CITY COMPTROLLER,20,OVERTIME,4700
LOCAL,0100,CORPORATE FUND,27,FINANCE,2011,CITY COMPTROLLER,140,PROFESSIONAL AND TECHNICAL SERVICES,38668
LOCAL,0100,CORPORATE FUND,27,FINANCE,2011,CITY COMPTROLLER,166,DUES  SUBSC & MEM,4165
LOCAL,0100,CORPORATE FUND,27,FINANCE,2011,CITY COMPTROLLER,169,TECHNICAL MEETING COSTS,885
LOCAL,0100,CORPORATE FUND,27,FINANCE,2011,CITY COMPTROLLER,181,MOBILE COMMUNICATION SERVICES,5000
LOCAL,0100,CORPORATE FUND,27,FINANCE,2011,CITY COMPTROLLER,270,LOCAL TRANSPORTATION,2386
LOCAL,0100,CORPORATE FUND,27,FINANCE,2011,CITY COMPTROLLER,348,BOOKS AND RELATED MATERIAL,100
LOCAL,0100,CORPORATE FUND,27,FINANCE,2011,CITY COMPTROLLER,350,STATIONERY AND OFFICE SUPPLIES,17820
LOCAL,0100,CORPORATE FUND,27,FINANCE,2012,ACCOUNTING FINANCIAL REPORTING,5,SALARIES AND WAGES - ON PAYROLL,4658995
LOCAL,0100,CORPORATE FUND,27,FINANCE,2012,ACCOUNTING FINANCIAL REPORTING,15,SCHEDULE SALARY ADJUSTMENTS,17637
LOCAL,0100,CORPORATE FUND,27,FINANCE,2012,ACCOUNTING FINANCIAL REPORTING,20,OVERTIME,9000
LOCAL,0100,CORPORATE FUND,27,FINANCE,2012,ACCOUNTING FINANCIAL REPORTING,140,PROFESSIONAL AND TECHNICAL SERVICES,124600
LOCAL,0100,CORPORATE FUND,27,FINANCE,2012,ACCOUNTING FINANCIAL REPORTING,142,ACCOUNTING AND AUDITING,583658
LOCAL,0100,CORPORATE FUND,27,FINANCE,2012,ACCOUNTING FINANCIAL REPORTING,149,SOFTWARE MAINTENANCE AND LICENSING,26000
LOCAL,0100,CORPORATE FUND,27,FINANCE,2012,ACCOUNTING FINANCIAL REPORTING,150,PUBLICATN & REPRODT-OUT,13100
LOCAL,0100,CORPORATE FUND,27,FINANCE,2012,ACCOUNTING FINANCIAL REPORTING,166,DUES  SUBSC & MEM,2250
LOCAL,0100,CORPORATE FUND,27,FINANCE,2012,ACCOUNTING FINANCIAL REPORTING,169,TECHNICAL MEETING COSTS,15424
LOCAL,0100,CORPORATE FUND,27,FINANCE,2012,ACCOUNTING FINANCIAL REPORTING,190,TELEPHONE - NON-CENTREX BILLINGS,5600
LOCAL,0100,CORPORATE FUND,27,FINANCE,2012,ACCOUNTING FINANCIAL REPORTING,197,TELEPHONE - MAINTENANCE,1100
LOCAL,0100,CORPORATE FUND,27,FINANCE,2012,ACCOUNTING FINANCIAL REPORTING,245,REIMBURSEMENT TO TRAVELERS,3000
LOCAL,0100,CORPORATE FUND,27,FINANCE,2012,ACCOUNTING FINANCIAL REPORTING,348,BOOKS AND RELATED MATERIAL,600
LOCAL,0100,CORPORATE FUND,27,FINANCE,2012,ACCOUNTING FINANCIAL REPORTING,350,STATIONERY AND OFFICE SUPPLIES,14400
LOCAL,0100,CORPORATE FUND,27,FINANCE,2015,FINANCIAL STRATEGY AND OPS,5,SALARIES AND WAGES - ON PAYROLL,5660890
LOCAL,0100,CORPORATE FUND,27,FINANCE,2015,FINANCIAL STRATEGY AND OPS,15,SCHEDULE SALARY ADJUSTMENTS,5061
LOCAL,0100,CORPORATE FUND,27,FINANCE,2015,FINANCIAL STRATEGY AND OPS,39,STUDENT AS TRAINEES,40000
LOCAL,0100,CORPORATE FUND,27,FINANCE,2015,FINANCIAL STRATEGY AND OPS,130,POSTAGE,82460
LOCAL,0100,CORPORATE FUND,27,FINANCE,2015,FINANCIAL STRATEGY AND OPS,138,IT MAINTENANCE,55000
LOCAL,0100,CORPORATE FUND,27,FINANCE,2015,FINANCIAL STRATEGY AND OPS,140,PROFESSIONAL AND TECHNICAL SERVICES,350742
LOCAL,0100,CORPORATE FUND,27,FINANCE,2015,FINANCIAL STRATEGY AND OPS,149,SOFTWARE MAINTENANCE AND LICENSING,207026
LOCAL,0100,CORPORATE FUND,27,FINANCE,2015,FINANCIAL STRATEGY AND OPS,150,PUBLICATN & REPRODT-OUT,258908
LOCAL,0100,CORPORATE FUND,27,FINANCE,2015,FINANCIAL STRATEGY AND OPS,152,ADVERTISING,11095
LOCAL,0100,CORPORATE FUND,27,FINANCE,2015,FINANCIAL STRATEGY AND OPS,162,REPAIR/MAINT EQUIPMENT,600
LOCAL,0100,CORPORATE FUND,27,FINANCE,2015,FINANCIAL STRATEGY AND OPS,166,DUES  SUBSC & MEM,25696
LOCAL,0100,CORPORATE FUND,27,FINANCE,2015,FINANCIAL STRATEGY AND OPS,169,TECHNICAL MEETING COSTS,57500
LOCAL,0100,CORPORATE FUND,27,FINANCE,2015,FINANCIAL STRATEGY AND OPS,178,FREIGHT AND EXPRESS CHARGES,4300
LOCAL,0100,CORPORATE FUND,27,FINANCE,2015,FINANCIAL STRATEGY AND OPS,245,REIMBURSEMENT TO TRAVELERS,4200
LOCAL,0100,CORPORATE FUND,27,FINANCE,2015,FINANCIAL STRATEGY AND OPS,340,MATERIAL AND SUPPLIES,33000
LOCAL,0100,CORPORATE FUND,27,FINANCE,2015,FINANCIAL STRATEGY AND OPS,348,BOOKS AND RELATED MATERIAL,1600
LOCAL,0100,CORPORATE FUND,27,FINANCE,2015,FINANCIAL STRATEGY AND OPS,350,STATIONERY AND OFFICE SUPPLIES,29700
LOCAL,0100,CORPORATE FUND,27,FINANCE,2015,FINANCIAL STRATEGY AND OPS,440,MACHINERY AND EQUIPMENT,90000
LOCAL,0100,CORPORATE FUND,27,FINANCE,2020,REVENUE SERVICES AND OPERATION,5,SALARIES AND WAGES - ON PAYROLL,23538279
LOCAL,0100,CORPORATE FUND,27,FINANCE,2020,REVENUE SERVICES AND OPERATION,11,CONTRACT WAGE - SALARY,210096
LOCAL,0100,CORPORATE FUND,27,FINANCE,2020,REVENUE SERVICES AND OPERATION,12,CONTRACT WAGE - PREVAILING RATE,31771
LOCAL,0100,CORPORATE FUND,27,FINANCE,2020,REVENUE SERVICES AND OPERATION,15,SCHEDULE SALARY ADJUSTMENTS,35994
LOCAL,0100,CORPORATE FUND,27,FINANCE,2020,REVENUE SERVICES AND OPERATION,20,OVERTIME,167210
LOCAL,0100,CORPORATE FUND,27,FINANCE,2020,REVENUE SERVICES AND OPERATION,39,STUDENT AS TRAINEES,15000
LOCAL,0100,CORPORATE FUND,27,FINANCE,2020,REVENUE SERVICES AND OPERATION,91,UNIFORM ALLOWANCE,105125
LOCAL,0100,CORPORATE FUND,27,FINANCE,2020,REVENUE SERVICES AND OPERATION,130,POSTAGE,134956
LOCAL,0100,CORPORATE FUND,27,FINANCE,2020,REVENUE SERVICES AND OPERATION,138,IT MAINTENANCE,20500250
LOCAL,0100,CORPORATE FUND,27,FINANCE,2020,REVENUE SERVICES AND OPERATION,139,IT DEVELOPMENT,510000
LOCAL,0100,CORPORATE FUND,27,FINANCE,2020,REVENUE SERVICES AND OPERATION,140,PROFESSIONAL AND TECHNICAL SERVICES,6335543
LOCAL,0100,CORPORATE FUND,27,FINANCE,2020,REVENUE SERVICES AND OPERATION,149,SOFTWARE MAINTENANCE AND LICENSING,56060
LOCAL,0100,CORPORATE FUND,27,FINANCE,2020,REVENUE SERVICES AND OPERATION,150,PUBLICATN & REPRODT-OUT,5000
LOCAL,0100,CORPORATE FUND,27,FINANCE,2020,REVENUE SERVICES AND OPERATION,152,ADVERTISING,2500
LOCAL,0100,CORPORATE FUND,27,FINANCE,2020,REVENUE SERVICES AND OPERATION,156,LOCK BOX RENTAL,12586
LOCAL,0100,CORPORATE FUND,27,FINANCE,2020,REVENUE SERVICES AND OPERATION,157,RENTAL EQUIPMENT AND SERVICES,13700
LOCAL,0100,CORPORATE FUND,27,FINANCE,2020,REVENUE SERVICES AND OPERATION,159,LEASE/PURCHASE EQUIPMENT,108889
LOCAL,0100,CORPORATE FUND,27,FINANCE,2020,REVENUE SERVICES AND OPERATION,162,REPAIR/MAINT EQUIPMENT,486781
LOCAL,0100,CORPORATE FUND,27,FINANCE,2020,REVENUE SERVICES AND OPERATION,169,TECHNICAL MEETING COSTS,9174
LOCAL,0100,CORPORATE FUND,27,FINANCE,2020,REVENUE SERVICES AND OPERATION,178,FREIGHT AND EXPRESS CHARGES,1750
LOCAL,0100,CORPORATE FUND,27,FINANCE,2020,REVENUE SERVICES AND OPERATION,179,MESSENGER SERVICES,40000
LOCAL,0100,CORPORATE FUND,27,FINANCE,2020,REVENUE SERVICES AND OPERATION,181,MOBILE COMMUNICATION SERVICES,264208
LOCAL,0100,CORPORATE FUND,27,FINANCE,2020,REVENUE SERVICES AND OPERATION,189,TELEPHONE - NON-CENTREX BILLINGS,17000
LOCAL,0100,CORPORATE FUND,27,FINANCE,2020,REVENUE SERVICES AND OPERATION,190,TELEPHONE - NON-CENTREX BILLINGS,179400
LOCAL,0100,CORPORATE FUND,27,FINANCE,2020,REVENUE SERVICES AND OPERATION,196,DATA CIRCUITS,52120
LOCAL,0100,CORPORATE FUND,27,FINANCE,2020,REVENUE SERVICES AND OPERATION,197,TELEPHONE - MAINTENANCE,92535
LOCAL,0100,CORPORATE FUND,27,FINANCE,2020,REVENUE SERVICES AND OPERATION,228,OUT OF TOWN TRAVEL FOR AUDITORS ONLY,2500
LOCAL,0100,CORPORATE FUND,27,FINANCE,2020,REVENUE SERVICES AND OPERATION,229,TRANSPORTATION AND EXPENSE ALLOWANCE,7500
LOCAL,0100,CORPORATE FUND,27,FINANCE,2020,REVENUE SERVICES AND OPERATION,339,REVENUE STAMPS,41850
LOCAL,0100,CORPORATE FUND,27,FINANCE,2020,REVENUE SERVICES AND OPERATION,340,MATERIAL AND SUPPLIES,12500
LOCAL,0100,CORPORATE FUND,27,FINANCE,2020,REVENUE SERVICES AND OPERATION,348,BOOKS AND RELATED MATERIAL,270
LOCAL,0100,CORPORATE FUND,27,FINANCE,2020,REVENUE SERVICES AND OPERATION,350,STATIONERY AND OFFICE SUPPLIES,149539
LOCAL,0100,CORPORATE FUND,27,FINANCE,2020,REVENUE SERVICES AND OPERATION,421,MACHINERY AND EQUIPMENT,150000
LOCAL,0200,WATER FUND,27,FINANCE,2011,CITY COMPTROLLER,140,PROFESSIONAL AND TECHNICAL SERVICES,6552
LOCAL,0200,WATER FUND,27,FINANCE,2012,ACCOUNTING FINANCIAL REPORTING,5,SALARIES AND WAGES - ON PAYROLL,258609
LOCAL,0200,WATER FUND,27,FINANCE,2015,FINANCIAL STRATEGY AND OPS,5,SALARIES AND WAGES - ON PAYROLL,218794
LOCAL,0200,WATER FUND,27,FINANCE,2015,FINANCIAL STRATEGY AND OPS,140,PROFESSIONAL AND TECHNICAL SERVICES,30121
LOCAL,0200,WATER FUND,27,FINANCE,2015,FINANCIAL STRATEGY AND OPS,149,SOFTWARE MAINTENANCE AND LICENSING,6777
LOCAL,0200,WATER FUND,27,FINANCE,2015,FINANCIAL STRATEGY AND OPS,154,RENTAL-DATA HARDWARE EQ,50000
LOCAL,0200,WATER FUND,27,FINANCE,2015,FINANCIAL STRATEGY AND OPS,166,DUES  SUBSC & MEM,4476
LOCAL,0200,WATER FUND,27,FINANCE,2020,REVENUE SERVICES AND OPERATION,5,SALARIES AND WAGES - ON PAYROLL,2385106
LOCAL,0200,WATER FUND,27,FINANCE,2020,REVENUE SERVICES AND OPERATION,20,OVERTIME,4000
LOCAL,0200,WATER FUND,27,FINANCE,2020,REVENUE SERVICES AND OPERATION,125,OFFICE AND BUILDING SERVICES,2000
LOCAL,0200,WATER FUND,27,FINANCE,2020,REVENUE SERVICES AND OPERATION,130,POSTAGE,1356890
LOCAL,0200,WATER FUND,27,FINANCE,2020,REVENUE SERVICES AND OPERATION,140,PROFESSIONAL AND TECHNICAL SERVICES,4610793
LOCAL,0200,WATER FUND,27,FINANCE,2020,REVENUE SERVICES AND OPERATION,156,LOCK BOX RENTAL,1577
LOCAL,0200,WATER FUND,27,FINANCE,2020,REVENUE SERVICES AND OPERATION,159,LEASE/PURCHASE EQUIPMENT,18542
LOCAL,0200,WATER FUND,27,FINANCE,2020,REVENUE SERVICES AND OPERATION,179,MESSENGER SERVICES,445
LOCAL,0200,WATER FUND,27,FINANCE,2020,REVENUE SERVICES AND OPERATION,340,MATERIAL AND SUPPLIES,3400
LOCAL,0200,WATER FUND,27,FINANCE,2020,REVENUE SERVICES AND OPERATION,348,BOOKS AND RELATED MATERIAL,1400
LOCAL,0200,WATER FUND,27,FINANCE,2020,REVENUE SERVICES AND OPERATION,350,STATIONERY AND OFFICE SUPPLIES,27387
LOCAL,0200,WATER FUND,27,FINANCE,2020,REVENUE SERVICES AND OPERATION,9438,REIMBURSEMENT - 2FM,30000
LOCAL,0300,VEHICLE FUND,27,FINANCE,2015,FINANCIAL STRATEGY AND OPS,5,SALARIES AND WAGES - ON PAYROLL,427552
LOCAL,0300,VEHICLE FUND,27,FINANCE,2020,REVENUE SERVICES AND OPERATION,5,SALARIES AND WAGES - ON PAYROLL,473085
LOCAL,0300,VEHICLE FUND,27,FINANCE,2020,REVENUE SERVICES AND OPERATION,130,POSTAGE,4500
LOCAL,0300,VEHICLE FUND,27,FINANCE,2020,REVENUE SERVICES AND OPERATION,350,STATIONERY AND OFFICE SUPPLIES,500
LOCAL,0300,VEHICLE FUND,27,FINANCE,2020,REVENUE SERVICES AND OPERATION,421,MACHINERY AND EQUIPMENT,1177575
LOCAL,0314,SEWER FUND,27,FINANCE,2011,CITY COMPTROLLER,140,PROFESSIONAL AND TECHNICAL SERVICES,9100
LOCAL,0314,SEWER FUND,27,FINANCE,2015,FINANCIAL STRATEGY AND OPS,140,PROFESSIONAL AND TECHNICAL SERVICES,21217
LOCAL,0314,SEWER FUND,27,FINANCE,2015,FINANCIAL STRATEGY AND OPS,149,SOFTWARE MAINTENANCE AND LICENSING,4770
LOCAL,0314,SEWER FUND,27,FINANCE,2015,FINANCIAL STRATEGY AND OPS,154,RENTAL-DATA HARDWARE EQ,50000
LOCAL,0314,SEWER FUND,27,FINANCE,2015,FINANCIAL STRATEGY AND OPS,166,DUES  SUBSC & MEM,3153
LOCAL,0610,MIDWAY AIRPORT FUND,27,FINANCE,2011,CITY COMPTROLLER,140,PROFESSIONAL AND TECHNICAL SERVICES,6552
LOCAL,0610,MIDWAY AIRPORT FUND,27,FINANCE,2012,ACCOUNTING FINANCIAL REPORTING,5,SALARIES AND WAGES - ON PAYROLL,144947
LOCAL,0610,MIDWAY AIRPORT FUND,27,FINANCE,2012,ACCOUNTING FINANCIAL REPORTING,20,OVERTIME,1500
LOCAL,0610,MIDWAY AIRPORT FUND,27,FINANCE,2012,ACCOUNTING FINANCIAL REPORTING,39,STUDENT AS TRAINEES,5000
LOCAL,0610,MIDWAY AIRPORT FUND,27,FINANCE,2012,ACCOUNTING FINANCIAL REPORTING,130,POSTAGE,1000
LOCAL,0610,MIDWAY AIRPORT FUND,27,FINANCE,2012,ACCOUNTING FINANCIAL REPORTING,140,PROFESSIONAL AND TECHNICAL SERVICES,10000
LOCAL,0610,MIDWAY AIRPORT FUND,27,FINANCE,2012,ACCOUNTING FINANCIAL REPORTING,166,DUES  SUBSC & MEM,350
LOCAL,0610,MIDWAY AIRPORT FUND,27,FINANCE,2012,ACCOUNTING FINANCIAL REPORTING,169,TECHNICAL MEETING COSTS,420
LOCAL,0610,MIDWAY AIRPORT FUND,27,FINANCE,2012,ACCOUNTING FINANCIAL REPORTING,245,REIMBURSEMENT TO TRAVELERS,420
LOCAL,0610,MIDWAY AIRPORT FUND,27,FINANCE,2012,ACCOUNTING FINANCIAL REPORTING,270,LOCAL TRANSPORTATION,420
LOCAL,0610,MIDWAY AIRPORT FUND,27,FINANCE,2012,ACCOUNTING FINANCIAL REPORTING,348,BOOKS AND RELATED MATERIAL,254
LOCAL,0610,MIDWAY AIRPORT FUND,27,FINANCE,2012,ACCOUNTING FINANCIAL REPORTING,350,STATIONERY AND OFFICE SUPPLIES,770
LOCAL,0610,MIDWAY AIRPORT FUND,27,FINANCE,2015,FINANCIAL STRATEGY AND OPS,5,SALARIES AND WAGES - ON PAYROLL,177708
LOCAL,0610,MIDWAY AIRPORT FUND,27,FINANCE,2015,FINANCIAL STRATEGY AND OPS,140,PROFESSIONAL AND TECHNICAL SERVICES,19864
LOCAL,0610,MIDWAY AIRPORT FUND,27,FINANCE,2015,FINANCIAL STRATEGY AND OPS,149,SOFTWARE MAINTENANCE AND LICENSING,4473
LOCAL,0610,MIDWAY AIRPORT FUND,27,FINANCE,2015,FINANCIAL STRATEGY AND OPS,154,RENTAL-DATA HARDWARE EQ,50000
LOCAL,0610,MIDWAY AIRPORT FUND,27,FINANCE,2015,FINANCIAL STRATEGY AND OPS,166,DUES  SUBSC & MEM,2952
LOCAL,0740,O HARE REVENUE FUND,27,FINANCE,2011,CITY COMPTROLLER,140,PROFESSIONAL AND TECHNICAL SERVICES,6552
LOCAL,0740,O HARE REVENUE FUND,27,FINANCE,2012,ACCOUNTING FINANCIAL REPORTING,5,SALARIES AND WAGES - ON PAYROLL,1942904
LOCAL,0740,O HARE REVENUE FUND,27,FINANCE,2012,ACCOUNTING FINANCIAL REPORTING,15,SCHEDULE SALARY ADJUSTMENTS,4925
LOCAL,0740,O HARE REVENUE FUND,27,FINANCE,2012,ACCOUNTING FINANCIAL REPORTING,20,OVERTIME,6000
LOCAL,0740,O HARE REVENUE FUND,27,FINANCE,2012,ACCOUNTING FINANCIAL REPORTING,39,STUDENT AS TRAINEES,15000
LOCAL,0740,O HARE REVENUE FUND,27,FINANCE,2012,ACCOUNTING FINANCIAL REPORTING,130,POSTAGE,3500
LOCAL,0740,O HARE REVENUE FUND,27,FINANCE,2012,ACCOUNTING FINANCIAL REPORTING,140,PROFESSIONAL AND TECHNICAL SERVICES,109300
LOCAL,0740,O HARE REVENUE FUND,27,FINANCE,2012,ACCOUNTING FINANCIAL REPORTING,149,SOFTWARE MAINTENANCE AND LICENSING,5000
LOCAL,0740,O HARE REVENUE FUND,27,FINANCE,2012,ACCOUNTING FINANCIAL REPORTING,152,ADVERTISING,850
LOCAL,0740,O HARE REVENUE FUND,27,FINANCE,2012,ACCOUNTING FINANCIAL REPORTING,159,LEASE/PURCHASE EQUIPMENT,15000
LOCAL,0740,O HARE REVENUE FUND,27,FINANCE,2012,ACCOUNTING FINANCIAL REPORTING,166,DUES  SUBSC & MEM,425
LOCAL,0740,O HARE REVENUE FUND,27,FINANCE,2012,ACCOUNTING FINANCIAL REPORTING,169,TECHNICAL MEETING COSTS,1500
LOCAL,0740,O HARE REVENUE FUND,27,FINANCE,2012,ACCOUNTING FINANCIAL REPORTING,190,TELEPHONE - NON-CENTREX BILLINGS,5600
LOCAL,0740,O HARE REVENUE FUND,27,FINANCE,2012,ACCOUNTING FINANCIAL REPORTING,245,REIMBURSEMENT TO TRAVELERS,850
LOCAL,0740,O HARE REVENUE FUND,27,FINANCE,2012,ACCOUNTING FINANCIAL REPORTING,270,LOCAL TRANSPORTATION,1000
LOCAL,0740,O HARE REVENUE FUND,27,FINANCE,2012,ACCOUNTING FINANCIAL REPORTING,348,BOOKS AND RELATED MATERIAL,900
LOCAL,0740,O HARE REVENUE FUND,27,FINANCE,2012,ACCOUNTING FINANCIAL REPORTING,350,STATIONERY AND OFFICE SUPPLIES,9500
LOCAL,0740,O HARE REVENUE FUND,27,FINANCE,2015,FINANCIAL STRATEGY AND OPS,5,SALARIES AND WAGES - ON PAYROLL,170436
LOCAL,0740,O HARE REVENUE FUND,27,FINANCE,2015,FINANCIAL STRATEGY AND OPS,140,PROFESSIONAL AND TECHNICAL SERVICES,97056
LOCAL,0740,O HARE REVENUE FUND,27,FINANCE,2015,FINANCIAL STRATEGY AND OPS,149,SOFTWARE MAINTENANCE AND LICENSING,21834
LOCAL,0740,O HARE REVENUE FUND,27,FINANCE,2015,FINANCIAL STRATEGY AND OPS,154,RENTAL-DATA HARDWARE EQ,50000
LOCAL,0740,O HARE REVENUE FUND,27,FINANCE,2015,FINANCIAL STRATEGY AND OPS,166,DUES  SUBSC & MEM,14424
LOCAL,0B21,TIF ADMINISTRATION,27,FINANCE,2012,ACCOUNTING FINANCIAL REPORTING,5,SALARIES AND WAGES - ON PAYROLL,497636
LOCAL,0B21,TIF ADMINISTRATION,27,FINANCE,2012,ACCOUNTING FINANCIAL REPORTING,15,SCHEDULE SALARY ADJUSTMENTS,1338
LOCAL,0B21,TIF ADMINISTRATION,27,FINANCE,2012,ACCOUNTING FINANCIAL REPORTING,142,ACCOUNTING AND AUDITING,250000
LOCAL,0100,CORPORATE FUND,28,CITY TREASURER,2005,CITY TREASURER,5,SALARIES AND WAGES - ON PAYROLL,863781
LOCAL,0100,CORPORATE FUND,28,CITY TREASURER,2005,CITY TREASURER,15,SCHEDULE SALARY ADJUSTMENTS,1044
LOCAL,0100,CORPORATE FUND,28,CITY TREASURER,2005,CITY TREASURER,39,STUDENT AS TRAINEES,19900
LOCAL,0100,CORPORATE FUND,28,CITY TREASURER,2005,CITY TREASURER,130,POSTAGE,1000
LOCAL,0100,CORPORATE FUND,28,CITY TREASURER,2005,CITY TREASURER,138,IT MAINTENANCE,64000
LOCAL,0100,CORPORATE FUND,28,CITY TREASURER,2005,CITY TREASURER,139,IT DEVELOPMENT,65001
LOCAL,0100,CORPORATE FUND,28,CITY TREASURER,2005,CITY TREASURER,140,PROFESSIONAL AND TECHNICAL SERVICES,103429
LOCAL,0100,CORPORATE FUND,28,CITY TREASURER,2005,CITY TREASURER,142,ACCOUNTING AND AUDITING,100000
LOCAL,0100,CORPORATE FUND,28,CITY TREASURER,2005,CITY TREASURER,149,SOFTWARE MAINTENANCE AND LICENSING,16000
LOCAL,0100,CORPORATE FUND,28,CITY TREASURER,2005,CITY TREASURER,159,LEASE/PURCHASE EQUIPMENT,4774
LOCAL,0100,CORPORATE FUND,28,CITY TREASURER,2005,CITY TREASURER,166,DUES  SUBSC & MEM,238995
LOCAL,0100,CORPORATE FUND,28,CITY TREASURER,2005,CITY TREASURER,169,TECHNICAL MEETING COSTS,37657
LOCAL,0100,CORPORATE FUND,28,CITY TREASURER,2005,CITY TREASURER,179,MESSENGER SERVICES,500
LOCAL,0100,CORPORATE FUND,28,CITY TREASURER,2005,CITY TREASURER,181,MOBILE COMMUNICATION SERVICES,9312
LOCAL,0100,CORPORATE FUND,28,CITY TREASURER,2005,CITY TREASURER,190,TELEPHONE - NON-CENTREX BILLINGS,7800
LOCAL,0100,CORPORATE FUND,28,CITY TREASURER,2005,CITY TREASURER,196,DATA CIRCUITS,1500
LOCAL,0100,CORPORATE FUND,28,CITY TREASURER,2005,CITY TREASURER,197,TELEPHONE - MAINTENANCE,520
LOCAL,0100,CORPORATE FUND,28,CITY TREASURER,2005,CITY TREASURER,229,TRANSPORTATION AND EXPENSE ALLOWANCE,14500
LOCAL,0100,CORPORATE FUND,28,CITY TREASURER,2005,CITY TREASURER,270,LOCAL TRANSPORTATION,500
LOCAL,0100,CORPORATE FUND,28,CITY TREASURER,2005,CITY TREASURER,350,STATIONERY AND OFFICE SUPPLIES,6500
LOCAL,0200,WATER FUND,28,CITY TREASURER,2005,CITY TREASURER,5,SALARIES AND WAGES - ON PAYROLL,310308
LOCAL,0200,WATER FUND,28,CITY TREASURER,2005,CITY TREASURER,138,IT MAINTENANCE,50000
LOCAL,0200,WATER FUND,28,CITY TREASURER,2005,CITY TREASURER,139,IT DEVELOPMENT,45238
LOCAL,0200,WATER FUND,28,CITY TREASURER,2005,CITY TREASURER,140,PROFESSIONAL AND TECHNICAL SERVICES,46582
LOCAL,0314,SEWER FUND,28,CITY TREASURER,2005,CITY TREASURER,5,SALARIES AND WAGES - ON PAYROLL,192336
LOCAL,0314,SEWER FUND,28,CITY TREASURER,2005,CITY TREASURER,138,IT MAINTENANCE,25000
LOCAL,0314,SEWER FUND,28,CITY TREASURER,2005,CITY TREASURER,139,IT DEVELOPMENT,29207
LOCAL,0314,SEWER FUND,28,CITY TREASURER,2005,CITY TREASURER,140,PROFESSIONAL AND TECHNICAL SERVICES,22857
LOCAL,0610,MIDWAY AIRPORT FUND,28,CITY TREASURER,2005,CITY TREASURER,5,SALARIES AND WAGES - ON PAYROLL,220080
LOCAL,0610,MIDWAY AIRPORT FUND,28,CITY TREASURER,2005,CITY TREASURER,15,SCHEDULE SALARY ADJUSTMENTS,1524
LOCAL,0610,MIDWAY AIRPORT FUND,28,CITY TREASURER,2005,CITY TREASURER,138,IT MAINTENANCE,50000
LOCAL,0610,MIDWAY AIRPORT FUND,28,CITY TREASURER,2005,CITY TREASURER,139,IT DEVELOPMENT,15555
LOCAL,0610,MIDWAY AIRPORT FUND,28,CITY TREASURER,2005,CITY TREASURER,140,PROFESSIONAL AND TECHNICAL SERVICES,45765
LOCAL,0740,O HARE REVENUE FUND,28,CITY TREASURER,2005,CITY TREASURER,5,SALARIES AND WAGES - ON PAYROLL,789036
LOCAL,0740,O HARE REVENUE FUND,28,CITY TREASURER,2005,CITY TREASURER,15,SCHEDULE SALARY ADJUSTMENTS,1146
LOCAL,0740,O HARE REVENUE FUND,28,CITY TREASURER,2005,CITY TREASURER,138,IT MAINTENANCE,100000
LOCAL,0740,O HARE REVENUE FUND,28,CITY TREASURER,2005,CITY TREASURER,140,PROFESSIONAL AND TECHNICAL SERVICES,136478
LOCAL,0B21,TIF ADMINISTRATION,28,CITY TREASURER,2005,CITY TREASURER,5,SALARIES AND WAGES - ON PAYROLL,326124
LOCAL,0100,CORPORATE FUND,70,BACP,2005,BACP,152,ADVERTISING,89683
LOCAL,0B21,TIF ADMINISTRATION,28,CITY TREASURER,2005,CITY TREASURER,138,IT MAINTENANCE,75000
LOCAL,0B21,TIF ADMINISTRATION,28,CITY TREASURER,2005,CITY TREASURER,139,IT DEVELOPMENT,10000
LOCAL,0B21,TIF ADMINISTRATION,28,CITY TREASURER,2005,CITY TREASURER,140,PROFESSIONAL AND TECHNICAL SERVICES,22882
LOCAL,0100,CORPORATE FUND,30,ADMINISTRATIVE HEARINGS,2005,ADMINISTRATIVE HEARINGS,5,SALARIES AND WAGES - ON PAYROLL,3176733
LOCAL,0100,CORPORATE FUND,30,ADMINISTRATIVE HEARINGS,2005,ADMINISTRATIVE HEARINGS,15,SCHEDULE SALARY ADJUSTMENTS,2404
LOCAL,0100,CORPORATE FUND,30,ADMINISTRATIVE HEARINGS,2005,ADMINISTRATIVE HEARINGS,20,OVERTIME,1050
LOCAL,0100,CORPORATE FUND,30,ADMINISTRATIVE HEARINGS,2005,ADMINISTRATIVE HEARINGS,130,POSTAGE,62385
LOCAL,0100,CORPORATE FUND,30,ADMINISTRATIVE HEARINGS,2005,ADMINISTRATIVE HEARINGS,138,IT MAINTENANCE,1229763
LOCAL,0100,CORPORATE FUND,30,ADMINISTRATIVE HEARINGS,2005,ADMINISTRATIVE HEARINGS,140,PROFESSIONAL AND TECHNICAL SERVICES,3943030
LOCAL,0100,CORPORATE FUND,30,ADMINISTRATIVE HEARINGS,2005,ADMINISTRATIVE HEARINGS,143,COURT REPORTING,77500
LOCAL,0100,CORPORATE FUND,30,ADMINISTRATIVE HEARINGS,2005,ADMINISTRATIVE HEARINGS,157,RENTAL EQUIPMENT AND SERVICES,360
LOCAL,0100,CORPORATE FUND,30,ADMINISTRATIVE HEARINGS,2005,ADMINISTRATIVE HEARINGS,159,LEASE/PURCHASE EQUIPMENT,25350
LOCAL,0100,CORPORATE FUND,30,ADMINISTRATIVE HEARINGS,2005,ADMINISTRATIVE HEARINGS,162,REPAIR/MAINT EQUIPMENT,2175
LOCAL,0100,CORPORATE FUND,30,ADMINISTRATIVE HEARINGS,2005,ADMINISTRATIVE HEARINGS,166,DUES  SUBSC & MEM,1870
LOCAL,0100,CORPORATE FUND,30,ADMINISTRATIVE HEARINGS,2005,ADMINISTRATIVE HEARINGS,169,TECHNICAL MEETING COSTS,970
LOCAL,0100,CORPORATE FUND,30,ADMINISTRATIVE HEARINGS,2005,ADMINISTRATIVE HEARINGS,179,MESSENGER SERVICES,4165
LOCAL,0100,CORPORATE FUND,30,ADMINISTRATIVE HEARINGS,2005,ADMINISTRATIVE HEARINGS,190,TELEPHONE - NON-CENTREX BILLINGS,25400
LOCAL,0100,CORPORATE FUND,30,ADMINISTRATIVE HEARINGS,2005,ADMINISTRATIVE HEARINGS,197,TELEPHONE - MAINTENANCE,1410
LOCAL,0100,CORPORATE FUND,30,ADMINISTRATIVE HEARINGS,2005,ADMINISTRATIVE HEARINGS,229,TRANSPORTATION AND EXPENSE ALLOWANCE,2000
LOCAL,0100,CORPORATE FUND,30,ADMINISTRATIVE HEARINGS,2005,ADMINISTRATIVE HEARINGS,340,MATERIAL AND SUPPLIES,20272
LOCAL,0100,CORPORATE FUND,30,ADMINISTRATIVE HEARINGS,2005,ADMINISTRATIVE HEARINGS,348,BOOKS AND RELATED MATERIAL,1813
LOCAL,0100,CORPORATE FUND,30,ADMINISTRATIVE HEARINGS,2005,ADMINISTRATIVE HEARINGS,350,STATIONERY AND OFFICE SUPPLIES,12419
LOCAL,0100,CORPORATE FUND,31,DEPARTMENT OF LAW,2005,LAW,5,SALARIES AND WAGES - ON PAYROLL,25537476
LOCAL,0100,CORPORATE FUND,31,DEPARTMENT OF LAW,2005,LAW,15,SCHEDULE SALARY ADJUSTMENTS,21856
LOCAL,0100,CORPORATE FUND,31,DEPARTMENT OF LAW,2005,LAW,20,OVERTIME,16020
LOCAL,0100,CORPORATE FUND,31,DEPARTMENT OF LAW,2005,LAW,39,STUDENT AS TRAINEES,7610
LOCAL,0100,CORPORATE FUND,31,DEPARTMENT OF LAW,2005,LAW,130,POSTAGE,24646
LOCAL,0100,CORPORATE FUND,31,DEPARTMENT OF LAW,2005,LAW,138,IT MAINTENANCE,234612
LOCAL,0100,CORPORATE FUND,31,DEPARTMENT OF LAW,2005,LAW,140,PROFESSIONAL AND TECHNICAL SERVICES,844334
LOCAL,0100,CORPORATE FUND,31,DEPARTMENT OF LAW,2005,LAW,141,APPRAISALS,8070
LOCAL,0100,CORPORATE FUND,31,DEPARTMENT OF LAW,2005,LAW,143,COURT REPORTING,1000000
LOCAL,0100,CORPORATE FUND,31,DEPARTMENT OF LAW,2005,LAW,145,LEGAL EXPENSES,127214
LOCAL,0100,CORPORATE FUND,31,DEPARTMENT OF LAW,2005,LAW,149,SOFTWARE MAINTENANCE AND LICENSING,120150
LOCAL,0100,CORPORATE FUND,31,DEPARTMENT OF LAW,2005,LAW,150,PUBLICATN & REPRODT-OUT,6008
LOCAL,0100,CORPORATE FUND,31,DEPARTMENT OF LAW,2005,LAW,157,RENTAL EQUIPMENT AND SERVICES,48004
LOCAL,0100,CORPORATE FUND,31,DEPARTMENT OF LAW,2005,LAW,159,LEASE/PURCHASE EQUIPMENT,100604
LOCAL,0100,CORPORATE FUND,31,DEPARTMENT OF LAW,2005,LAW,162,REPAIR/MAINT EQUIPMENT,2644
LOCAL,0100,CORPORATE FUND,31,DEPARTMENT OF LAW,2005,LAW,166,DUES  SUBSC & MEM,116863
LOCAL,0100,CORPORATE FUND,31,DEPARTMENT OF LAW,2005,LAW,169,TECHNICAL MEETING COSTS,30438
LOCAL,0100,CORPORATE FUND,31,DEPARTMENT OF LAW,2005,LAW,178,FREIGHT AND EXPRESS CHARGES,10447
LOCAL,0100,CORPORATE FUND,31,DEPARTMENT OF LAW,2005,LAW,181,MOBILE COMMUNICATION SERVICES,24030
LOCAL,0100,CORPORATE FUND,31,DEPARTMENT OF LAW,2005,LAW,190,TELEPHONE - NON-CENTREX BILLINGS,121752
LOCAL,0100,CORPORATE FUND,31,DEPARTMENT OF LAW,2005,LAW,191,TELEPHONE - RELOCATIONS,961
LOCAL,0100,CORPORATE FUND,31,DEPARTMENT OF LAW,2005,LAW,197,TELEPHONE - MAINTENANCE,6824
LOCAL,0100,CORPORATE FUND,31,DEPARTMENT OF LAW,2005,LAW,229,TRANSPORTATION AND EXPENSE ALLOWANCE,6488
LOCAL,0100,CORPORATE FUND,31,DEPARTMENT OF LAW,2005,LAW,245,REIMBURSEMENT TO TRAVELERS,59265
LOCAL,0100,CORPORATE FUND,31,DEPARTMENT OF LAW,2005,LAW,270,LOCAL TRANSPORTATION,33155
LOCAL,0100,CORPORATE FUND,31,DEPARTMENT OF LAW,2005,LAW,348,BOOKS AND RELATED MATERIAL,17821
LOCAL,0100,CORPORATE FUND,31,DEPARTMENT OF LAW,2005,LAW,350,STATIONERY AND OFFICE SUPPLIES,95496
LOCAL,0200,WATER FUND,31,DEPARTMENT OF LAW,2005,LAW,5,SALARIES AND WAGES - ON PAYROLL,1400303
LOCAL,0200,WATER FUND,31,DEPARTMENT OF LAW,2005,LAW,20,OVERTIME,920
LOCAL,0200,WATER FUND,31,DEPARTMENT OF LAW,2005,LAW,39,STUDENT AS TRAINEES,437
LOCAL,0200,WATER FUND,31,DEPARTMENT OF LAW,2005,LAW,130,POSTAGE,2471
LOCAL,0200,WATER FUND,31,DEPARTMENT OF LAW,2005,LAW,138,IT MAINTENANCE,13473
LOCAL,0200,WATER FUND,31,DEPARTMENT OF LAW,2005,LAW,140,PROFESSIONAL AND TECHNICAL SERVICES,52174
LOCAL,0200,WATER FUND,31,DEPARTMENT OF LAW,2005,LAW,141,APPRAISALS,1000
LOCAL,0200,WATER FUND,31,DEPARTMENT OF LAW,2005,LAW,143,COURT REPORTING,55900
LOCAL,0200,WATER FUND,31,DEPARTMENT OF LAW,2005,LAW,145,LEGAL EXPENSES,13320
LOCAL,0200,WATER FUND,31,DEPARTMENT OF LAW,2005,LAW,149,SOFTWARE MAINTENANCE AND LICENSING,6900
LOCAL,0200,WATER FUND,31,DEPARTMENT OF LAW,2005,LAW,150,PUBLICATN & REPRODT-OUT,345
LOCAL,0200,WATER FUND,31,DEPARTMENT OF LAW,2005,LAW,157,RENTAL EQUIPMENT AND SERVICES,2758
LOCAL,0200,WATER FUND,31,DEPARTMENT OF LAW,2005,LAW,159,LEASE/PURCHASE EQUIPMENT,5946
LOCAL,0200,WATER FUND,31,DEPARTMENT OF LAW,2005,LAW,162,REPAIR/MAINT EQUIPMENT,142
LOCAL,0200,WATER FUND,31,DEPARTMENT OF LAW,2005,LAW,166,DUES  SUBSC & MEM,6770
LOCAL,0200,WATER FUND,31,DEPARTMENT OF LAW,2005,LAW,169,TECHNICAL MEETING COSTS,1748
LOCAL,0200,WATER FUND,31,DEPARTMENT OF LAW,2005,LAW,178,FREIGHT AND EXPRESS CHARGES,806
LOCAL,0200,WATER FUND,31,DEPARTMENT OF LAW,2005,LAW,181,MOBILE COMMUNICATION SERVICES,1380
LOCAL,0200,WATER FUND,31,DEPARTMENT OF LAW,2005,LAW,190,TELEPHONE - NON-CENTREX BILLINGS,6992
LOCAL,0200,WATER FUND,31,DEPARTMENT OF LAW,2005,LAW,191,TELEPHONE - RELOCATIONS,100
LOCAL,0200,WATER FUND,31,DEPARTMENT OF LAW,2005,LAW,197,TELEPHONE - MAINTENANCE,392
LOCAL,0200,WATER FUND,31,DEPARTMENT OF LAW,2005,LAW,229,TRANSPORTATION AND EXPENSE ALLOWANCE,373
LOCAL,0200,WATER FUND,31,DEPARTMENT OF LAW,2005,LAW,245,REIMBURSEMENT TO TRAVELERS,4133
LOCAL,0200,WATER FUND,31,DEPARTMENT OF LAW,2005,LAW,270,LOCAL TRANSPORTATION,1606
LOCAL,0200,WATER FUND,31,DEPARTMENT OF LAW,2005,LAW,348,BOOKS AND RELATED MATERIAL,1023
LOCAL,0200,WATER FUND,31,DEPARTMENT OF LAW,2005,LAW,350,STATIONERY AND OFFICE SUPPLIES,5771
LOCAL,0200,WATER FUND,31,DEPARTMENT OF LAW,2005,LAW,9438,REIMBURSEMENT - 2FM,1176
LOCAL,0300,VEHICLE FUND,31,DEPARTMENT OF LAW,2005,LAW,5,SALARIES AND WAGES - ON PAYROLL,1333172
LOCAL,0300,VEHICLE FUND,31,DEPARTMENT OF LAW,2005,LAW,20,OVERTIME,700
LOCAL,0300,VEHICLE FUND,31,DEPARTMENT OF LAW,2005,LAW,39,STUDENT AS TRAINEES,333
LOCAL,0300,VEHICLE FUND,31,DEPARTMENT OF LAW,2005,LAW,130,POSTAGE,739
LOCAL,0300,VEHICLE FUND,31,DEPARTMENT OF LAW,2005,LAW,138,IT MAINTENANCE,10264
LOCAL,0300,VEHICLE FUND,31,DEPARTMENT OF LAW,2005,LAW,140,PROFESSIONAL AND TECHNICAL SERVICES,28931
LOCAL,0300,VEHICLE FUND,31,DEPARTMENT OF LAW,2005,LAW,141,APPRAISALS,210
LOCAL,0300,VEHICLE FUND,31,DEPARTMENT OF LAW,2005,LAW,143,COURT REPORTING,17780
LOCAL,0300,VEHICLE FUND,31,DEPARTMENT OF LAW,2005,LAW,145,LEGAL EXPENSES,3094
LOCAL,0300,VEHICLE FUND,31,DEPARTMENT OF LAW,2005,LAW,149,SOFTWARE MAINTENANCE AND LICENSING,5250
LOCAL,0300,VEHICLE FUND,31,DEPARTMENT OF LAW,2005,LAW,150,PUBLICATN & REPRODT-OUT,263
LOCAL,0300,VEHICLE FUND,31,DEPARTMENT OF LAW,2005,LAW,157,RENTAL EQUIPMENT AND SERVICES,2097
LOCAL,0300,VEHICLE FUND,31,DEPARTMENT OF LAW,2005,LAW,159,LEASE/PURCHASE EQUIPMENT,4525
LOCAL,0300,VEHICLE FUND,31,DEPARTMENT OF LAW,2005,LAW,162,REPAIR/MAINT EQUIPMENT,116
LOCAL,0300,VEHICLE FUND,31,DEPARTMENT OF LAW,2005,LAW,166,DUES  SUBSC & MEM,5175
LOCAL,0300,VEHICLE FUND,31,DEPARTMENT OF LAW,2005,LAW,169,TECHNICAL MEETING COSTS,1330
LOCAL,0300,VEHICLE FUND,31,DEPARTMENT OF LAW,2005,LAW,178,FREIGHT AND EXPRESS CHARGES,418
LOCAL,0300,VEHICLE FUND,31,DEPARTMENT OF LAW,2005,LAW,181,MOBILE COMMUNICATION SERVICES,1050
LOCAL,0300,VEHICLE FUND,31,DEPARTMENT OF LAW,2005,LAW,190,TELEPHONE - NON-CENTREX BILLINGS,5320
LOCAL,0300,VEHICLE FUND,31,DEPARTMENT OF LAW,2005,LAW,191,TELEPHONE - RELOCATIONS,100
LOCAL,0300,VEHICLE FUND,31,DEPARTMENT OF LAW,2005,LAW,197,TELEPHONE - MAINTENANCE,298
LOCAL,0300,VEHICLE FUND,31,DEPARTMENT OF LAW,2005,LAW,229,TRANSPORTATION AND EXPENSE ALLOWANCE,284
LOCAL,0300,VEHICLE FUND,31,DEPARTMENT OF LAW,2005,LAW,245,REIMBURSEMENT TO TRAVELERS,2116
LOCAL,0300,VEHICLE FUND,31,DEPARTMENT OF LAW,2005,LAW,270,LOCAL TRANSPORTATION,828
LOCAL,0300,VEHICLE FUND,31,DEPARTMENT OF LAW,2005,LAW,348,BOOKS AND RELATED MATERIAL,779
LOCAL,0300,VEHICLE FUND,31,DEPARTMENT OF LAW,2005,LAW,350,STATIONERY AND OFFICE SUPPLIES,4391
LOCAL,0300,VEHICLE FUND,31,DEPARTMENT OF LAW,2005,LAW,9438,REIMBURSEMENT - 2FM,700
LOCAL,0314,SEWER FUND,31,DEPARTMENT OF LAW,2005,LAW,5,SALARIES AND WAGES - ON PAYROLL,711812
LOCAL,0314,SEWER FUND,31,DEPARTMENT OF LAW,2005,LAW,20,OVERTIME,560
LOCAL,0314,SEWER FUND,31,DEPARTMENT OF LAW,2005,LAW,39,STUDENT AS TRAINEES,266
LOCAL,0314,SEWER FUND,31,DEPARTMENT OF LAW,2005,LAW,130,POSTAGE,971
LOCAL,0314,SEWER FUND,31,DEPARTMENT OF LAW,2005,LAW,138,IT MAINTENANCE,8231
LOCAL,0314,SEWER FUND,31,DEPARTMENT OF LAW,2005,LAW,140,PROFESSIONAL AND TECHNICAL SERVICES,26336
LOCAL,0314,SEWER FUND,31,DEPARTMENT OF LAW,2005,LAW,141,APPRAISALS,320
LOCAL,0314,SEWER FUND,31,DEPARTMENT OF LAW,2005,LAW,143,COURT REPORTING,22910
LOCAL,0314,SEWER FUND,31,DEPARTMENT OF LAW,2005,LAW,145,LEGAL EXPENSES,4532
LOCAL,0314,SEWER FUND,31,DEPARTMENT OF LAW,2005,LAW,149,SOFTWARE MAINTENANCE AND LICENSING,4200
LOCAL,0314,SEWER FUND,31,DEPARTMENT OF LAW,2005,LAW,150,PUBLICATN & REPRODT-OUT,210
LOCAL,0314,SEWER FUND,31,DEPARTMENT OF LAW,2005,LAW,157,RENTAL EQUIPMENT AND SERVICES,1678
LOCAL,0314,SEWER FUND,31,DEPARTMENT OF LAW,2005,LAW,159,LEASE/PURCHASE EQUIPMENT,3620
LOCAL,0314,SEWER FUND,31,DEPARTMENT OF LAW,2005,LAW,162,REPAIR/MAINT EQUIPMENT,100
LOCAL,0314,SEWER FUND,31,DEPARTMENT OF LAW,2005,LAW,166,DUES  SUBSC & MEM,4160
LOCAL,0314,SEWER FUND,31,DEPARTMENT OF LAW,2005,LAW,169,TECHNICAL MEETING COSTS,1064
LOCAL,0314,SEWER FUND,31,DEPARTMENT OF LAW,2005,LAW,178,FREIGHT AND EXPRESS CHARGES,433
LOCAL,0314,SEWER FUND,31,DEPARTMENT OF LAW,2005,LAW,181,MOBILE COMMUNICATION SERVICES,840
LOCAL,0314,SEWER FUND,31,DEPARTMENT OF LAW,2005,LAW,190,TELEPHONE - NON-CENTREX BILLINGS,4256
LOCAL,0314,SEWER FUND,31,DEPARTMENT OF LAW,2005,LAW,191,TELEPHONE - RELOCATIONS,100
LOCAL,0314,SEWER FUND,31,DEPARTMENT OF LAW,2005,LAW,197,TELEPHONE - MAINTENANCE,239
LOCAL,0314,SEWER FUND,31,DEPARTMENT OF LAW,2005,LAW,229,TRANSPORTATION AND EXPENSE ALLOWANCE,227
LOCAL,0314,SEWER FUND,31,DEPARTMENT OF LAW,2005,LAW,245,REIMBURSEMENT TO TRAVELERS,2341
LOCAL,0314,SEWER FUND,31,DEPARTMENT OF LAW,2005,LAW,270,LOCAL TRANSPORTATION,928
LOCAL,0314,SEWER FUND,31,DEPARTMENT OF LAW,2005,LAW,348,BOOKS AND RELATED MATERIAL,623
LOCAL,0314,SEWER FUND,31,DEPARTMENT OF LAW,2005,LAW,350,STATIONERY AND OFFICE SUPPLIES,3513
LOCAL,0314,SEWER FUND,31,DEPARTMENT OF LAW,2005,LAW,9438,REIMBURSEMENT - 2FM,560
LOCAL,0610,MIDWAY AIRPORT FUND,31,DEPARTMENT OF LAW,2005,LAW,5,SALARIES AND WAGES - ON PAYROLL,379234
LOCAL,0610,MIDWAY AIRPORT FUND,31,DEPARTMENT OF LAW,2005,LAW,20,OVERTIME,600
LOCAL,0610,MIDWAY AIRPORT FUND,31,DEPARTMENT OF LAW,2005,LAW,39,STUDENT AS TRAINEES,285
LOCAL,0610,MIDWAY AIRPORT FUND,31,DEPARTMENT OF LAW,2005,LAW,130,POSTAGE,721
LOCAL,0610,MIDWAY AIRPORT FUND,31,DEPARTMENT OF LAW,2005,LAW,138,IT MAINTENANCE,8812
LOCAL,0610,MIDWAY AIRPORT FUND,31,DEPARTMENT OF LAW,2005,LAW,140,PROFESSIONAL AND TECHNICAL SERVICES,25312
LOCAL,0610,MIDWAY AIRPORT FUND,31,DEPARTMENT OF LAW,2005,LAW,141,APPRAISALS,200
LOCAL,0610,MIDWAY AIRPORT FUND,31,DEPARTMENT OF LAW,2005,LAW,143,COURT REPORTING,17430
LOCAL,0610,MIDWAY AIRPORT FUND,31,DEPARTMENT OF LAW,2005,LAW,145,LEGAL EXPENSES,2979
LOCAL,0610,MIDWAY AIRPORT FUND,31,DEPARTMENT OF LAW,2005,LAW,149,SOFTWARE MAINTENANCE AND LICENSING,4500
LOCAL,0610,MIDWAY AIRPORT FUND,31,DEPARTMENT OF LAW,2005,LAW,150,PUBLICATN & REPRODT-OUT,225
LOCAL,0610,MIDWAY AIRPORT FUND,31,DEPARTMENT OF LAW,2005,LAW,157,RENTAL EQUIPMENT AND SERVICES,1798
LOCAL,0610,MIDWAY AIRPORT FUND,31,DEPARTMENT OF LAW,2005,LAW,159,LEASE/PURCHASE EQUIPMENT,3879
LOCAL,0610,MIDWAY AIRPORT FUND,31,DEPARTMENT OF LAW,2005,LAW,162,REPAIR/MAINT EQUIPMENT,100
LOCAL,0610,MIDWAY AIRPORT FUND,31,DEPARTMENT OF LAW,2005,LAW,166,DUES  SUBSC & MEM,4450
LOCAL,0610,MIDWAY AIRPORT FUND,31,DEPARTMENT OF LAW,2005,LAW,169,TECHNICAL MEETING COSTS,1140
LOCAL,0610,MIDWAY AIRPORT FUND,31,DEPARTMENT OF LAW,2005,LAW,178,FREIGHT AND EXPRESS CHARGES,402
LOCAL,0610,MIDWAY AIRPORT FUND,31,DEPARTMENT OF LAW,2005,LAW,181,MOBILE COMMUNICATION SERVICES,900
LOCAL,0610,MIDWAY AIRPORT FUND,31,DEPARTMENT OF LAW,2005,LAW,190,TELEPHONE - NON-CENTREX BILLINGS,4560
LOCAL,0610,MIDWAY AIRPORT FUND,31,DEPARTMENT OF LAW,2005,LAW,191,TELEPHONE - RELOCATIONS,100
LOCAL,0610,MIDWAY AIRPORT FUND,31,DEPARTMENT OF LAW,2005,LAW,197,TELEPHONE - MAINTENANCE,256
LOCAL,0610,MIDWAY AIRPORT FUND,31,DEPARTMENT OF LAW,2005,LAW,229,TRANSPORTATION AND EXPENSE ALLOWANCE,243
LOCAL,0610,MIDWAY AIRPORT FUND,31,DEPARTMENT OF LAW,2005,LAW,245,REIMBURSEMENT TO TRAVELERS,2095
LOCAL,0610,MIDWAY AIRPORT FUND,31,DEPARTMENT OF LAW,2005,LAW,270,LOCAL TRANSPORTATION,782
LOCAL,0610,MIDWAY AIRPORT FUND,31,DEPARTMENT OF LAW,2005,LAW,348,BOOKS AND RELATED MATERIAL,667
LOCAL,0610,MIDWAY AIRPORT FUND,31,DEPARTMENT OF LAW,2005,LAW,350,STATIONERY AND OFFICE SUPPLIES,3764
LOCAL,0610,MIDWAY AIRPORT FUND,31,DEPARTMENT OF LAW,2005,LAW,9438,REIMBURSEMENT - 2FM,603
LOCAL,0740,O HARE REVENUE FUND,31,DEPARTMENT OF LAW,2005,LAW,5,SALARIES AND WAGES - ON PAYROLL,2065870
LOCAL,0740,O HARE REVENUE FUND,31,DEPARTMENT OF LAW,2005,LAW,15,SCHEDULE SALARY ADJUSTMENTS,852
LOCAL,0740,O HARE REVENUE FUND,31,DEPARTMENT OF LAW,2005,LAW,20,OVERTIME,1200
LOCAL,0740,O HARE REVENUE FUND,31,DEPARTMENT OF LAW,2005,LAW,39,STUDENT AS TRAINEES,570
LOCAL,0740,O HARE REVENUE FUND,31,DEPARTMENT OF LAW,2005,LAW,130,POSTAGE,1114
LOCAL,0740,O HARE REVENUE FUND,31,DEPARTMENT OF LAW,2005,LAW,138,IT MAINTENANCE,17574
LOCAL,0740,O HARE REVENUE FUND,31,DEPARTMENT OF LAW,2005,LAW,140,PROFESSIONAL AND TECHNICAL SERVICES,47012
LOCAL,0740,O HARE REVENUE FUND,31,DEPARTMENT OF LAW,2005,LAW,141,APPRAISALS,200
LOCAL,0740,O HARE REVENUE FUND,31,DEPARTMENT OF LAW,2005,LAW,143,COURT REPORTING,28115
LOCAL,0740,O HARE REVENUE FUND,31,DEPARTMENT OF LAW,2005,LAW,145,LEGAL EXPENSES,4090
LOCAL,0740,O HARE REVENUE FUND,31,DEPARTMENT OF LAW,2005,LAW,149,SOFTWARE MAINTENANCE AND LICENSING,9000
LOCAL,0740,O HARE REVENUE FUND,31,DEPARTMENT OF LAW,2005,LAW,150,PUBLICATN & REPRODT-OUT,450
LOCAL,0740,O HARE REVENUE FUND,31,DEPARTMENT OF LAW,2005,LAW,157,RENTAL EQUIPMENT AND SERVICES,3596
LOCAL,0740,O HARE REVENUE FUND,31,DEPARTMENT OF LAW,2005,LAW,159,LEASE/PURCHASE EQUIPMENT,7758
LOCAL,0740,O HARE REVENUE FUND,31,DEPARTMENT OF LAW,2005,LAW,162,REPAIR/MAINT EQUIPMENT,198
LOCAL,0740,O HARE REVENUE FUND,31,DEPARTMENT OF LAW,2005,LAW,166,DUES  SUBSC & MEM,8800
LOCAL,0740,O HARE REVENUE FUND,31,DEPARTMENT OF LAW,2005,LAW,169,TECHNICAL MEETING COSTS,2280
LOCAL,0740,O HARE REVENUE FUND,31,DEPARTMENT OF LAW,2005,LAW,178,FREIGHT AND EXPRESS CHARGES,911
LOCAL,0740,O HARE REVENUE FUND,31,DEPARTMENT OF LAW,2005,LAW,181,MOBILE COMMUNICATION SERVICES,1800
LOCAL,0740,O HARE REVENUE FUND,31,DEPARTMENT OF LAW,2005,LAW,190,TELEPHONE - NON-CENTREX BILLINGS,9120
LOCAL,0740,O HARE REVENUE FUND,31,DEPARTMENT OF LAW,2005,LAW,191,TELEPHONE - RELOCATIONS,100
LOCAL,0740,O HARE REVENUE FUND,31,DEPARTMENT OF LAW,2005,LAW,197,TELEPHONE - MAINTENANCE,511
LOCAL,0740,O HARE REVENUE FUND,31,DEPARTMENT OF LAW,2005,LAW,229,TRANSPORTATION AND EXPENSE ALLOWANCE,486
LOCAL,0740,O HARE REVENUE FUND,31,DEPARTMENT OF LAW,2005,LAW,245,REIMBURSEMENT TO TRAVELERS,3298
LOCAL,0740,O HARE REVENUE FUND,31,DEPARTMENT OF LAW,2005,LAW,270,LOCAL TRANSPORTATION,1841
LOCAL,0740,O HARE REVENUE FUND,31,DEPARTMENT OF LAW,2005,LAW,348,BOOKS AND RELATED MATERIAL,1335
LOCAL,0740,O HARE REVENUE FUND,31,DEPARTMENT OF LAW,2005,LAW,350,STATIONERY AND OFFICE SUPPLIES,7528
LOCAL,0740,O HARE REVENUE FUND,31,DEPARTMENT OF LAW,2005,LAW,9438,REIMBURSEMENT - 2FM,1200
LOCAL,0B21,TIF ADMINISTRATION,31,DEPARTMENT OF LAW,2005,LAW,5,SALARIES AND WAGES - ON PAYROLL,1215348
LOCAL,0100,CORPORATE FUND,33,DEPARTMENT OF HUMAN RESOURCES,2005,HUMAN RESOURCES,5,SALARIES AND WAGES - ON PAYROLL,5831304
LOCAL,0100,CORPORATE FUND,33,DEPARTMENT OF HUMAN RESOURCES,2005,HUMAN RESOURCES,15,SCHEDULE SALARY ADJUSTMENTS,38606
LOCAL,0100,CORPORATE FUND,33,DEPARTMENT OF HUMAN RESOURCES,2005,HUMAN RESOURCES,39,STUDENT AS TRAINEES,48600
LOCAL,0100,CORPORATE FUND,33,DEPARTMENT OF HUMAN RESOURCES,2005,HUMAN RESOURCES,50,STIPENDS,21000
LOCAL,0100,CORPORATE FUND,33,DEPARTMENT OF HUMAN RESOURCES,2005,HUMAN RESOURCES,130,POSTAGE,4500
LOCAL,0100,CORPORATE FUND,33,DEPARTMENT OF HUMAN RESOURCES,2005,HUMAN RESOURCES,140,PROFESSIONAL AND TECHNICAL SERVICES,275125
LOCAL,0100,CORPORATE FUND,33,DEPARTMENT OF HUMAN RESOURCES,2005,HUMAN RESOURCES,143,COURT REPORTING,78000
LOCAL,0100,CORPORATE FUND,33,DEPARTMENT OF HUMAN RESOURCES,2005,HUMAN RESOURCES,149,SOFTWARE MAINTENANCE AND LICENSING,15050
LOCAL,0100,CORPORATE FUND,33,DEPARTMENT OF HUMAN RESOURCES,2005,HUMAN RESOURCES,152,ADVERTISING,6500
LOCAL,0100,CORPORATE FUND,33,DEPARTMENT OF HUMAN RESOURCES,2005,HUMAN RESOURCES,159,LEASE/PURCHASE EQUIPMENT,14914
LOCAL,0100,CORPORATE FUND,33,DEPARTMENT OF HUMAN RESOURCES,2005,HUMAN RESOURCES,162,REPAIR/MAINT EQUIPMENT,3500
LOCAL,0100,CORPORATE FUND,33,DEPARTMENT OF HUMAN RESOURCES,2005,HUMAN RESOURCES,166,DUES  SUBSC & MEM,4156
LOCAL,0100,CORPORATE FUND,33,DEPARTMENT OF HUMAN RESOURCES,2005,HUMAN RESOURCES,169,TECHNICAL MEETING COSTS,5762
LOCAL,0100,CORPORATE FUND,33,DEPARTMENT OF HUMAN RESOURCES,2005,HUMAN RESOURCES,178,FREIGHT AND EXPRESS CHARGES,500
LOCAL,0100,CORPORATE FUND,33,DEPARTMENT OF HUMAN RESOURCES,2005,HUMAN RESOURCES,181,MOBILE COMMUNICATION SERVICES,3036
LOCAL,0100,CORPORATE FUND,33,DEPARTMENT OF HUMAN RESOURCES,2005,HUMAN RESOURCES,190,TELEPHONE - NON-CENTREX BILLINGS,23500
LOCAL,0100,CORPORATE FUND,33,DEPARTMENT OF HUMAN RESOURCES,2005,HUMAN RESOURCES,197,TELEPHONE - MAINTENANCE,1975
LOCAL,0100,CORPORATE FUND,33,DEPARTMENT OF HUMAN RESOURCES,2005,HUMAN RESOURCES,270,LOCAL TRANSPORTATION,2560
LOCAL,0100,CORPORATE FUND,33,DEPARTMENT OF HUMAN RESOURCES,2005,HUMAN RESOURCES,340,MATERIAL AND SUPPLIES,18475
LOCAL,0100,CORPORATE FUND,33,DEPARTMENT OF HUMAN RESOURCES,2005,HUMAN RESOURCES,350,STATIONERY AND OFFICE SUPPLIES,11300
LOCAL,0100,CORPORATE FUND,33,DEPARTMENT OF HUMAN RESOURCES,2005,HUMAN RESOURCES,9067,PHYSICAL EXAMS,210000
LOCAL,0200,WATER FUND,33,DEPARTMENT OF HUMAN RESOURCES,2005,HUMAN RESOURCES,5,SALARIES AND WAGES - ON PAYROLL,235392
LOCAL,0200,WATER FUND,33,DEPARTMENT OF HUMAN RESOURCES,2005,HUMAN RESOURCES,140,PROFESSIONAL AND TECHNICAL SERVICES,3808
LOCAL,0200,WATER FUND,33,DEPARTMENT OF HUMAN RESOURCES,2005,HUMAN RESOURCES,350,STATIONERY AND OFFICE SUPPLIES,208
LOCAL,0200,WATER FUND,33,DEPARTMENT OF HUMAN RESOURCES,2005,HUMAN RESOURCES,9067,PHYSICAL EXAMS,28584
LOCAL,0610,MIDWAY AIRPORT FUND,33,DEPARTMENT OF HUMAN RESOURCES,2005,HUMAN RESOURCES,5,SALARIES AND WAGES - ON PAYROLL,87492
LOCAL,0740,O HARE REVENUE FUND,33,DEPARTMENT OF HUMAN RESOURCES,2005,HUMAN RESOURCES,5,SALARIES AND WAGES - ON PAYROLL,250428
LOCAL,0740,O HARE REVENUE FUND,33,DEPARTMENT OF HUMAN RESOURCES,2005,HUMAN RESOURCES,15,SCHEDULE SALARY ADJUSTMENTS,1960
LOCAL,0740,O HARE REVENUE FUND,33,DEPARTMENT OF HUMAN RESOURCES,2005,HUMAN RESOURCES,130,POSTAGE,295
LOCAL,0740,O HARE REVENUE FUND,33,DEPARTMENT OF HUMAN RESOURCES,2005,HUMAN RESOURCES,140,PROFESSIONAL AND TECHNICAL SERVICES,5950
LOCAL,0740,O HARE REVENUE FUND,33,DEPARTMENT OF HUMAN RESOURCES,2005,HUMAN RESOURCES,9067,PHYSICAL EXAMS,26416
LOCAL,0100,CORPORATE FUND,35,PROCUREMENT SERVICES,2005,PROCUREMENT SERVICES,5,SALARIES AND WAGES - ON PAYROLL,5943844
LOCAL,0100,CORPORATE FUND,35,PROCUREMENT SERVICES,2005,PROCUREMENT SERVICES,12,CONTRACT WAGE - PREVAILING RATE,2238
LOCAL,0100,CORPORATE FUND,35,PROCUREMENT SERVICES,2005,PROCUREMENT SERVICES,15,SCHEDULE SALARY ADJUSTMENTS,17763
LOCAL,0100,CORPORATE FUND,35,PROCUREMENT SERVICES,2005,PROCUREMENT SERVICES,39,STUDENT AS TRAINEES,30000
LOCAL,0100,CORPORATE FUND,35,PROCUREMENT SERVICES,2005,PROCUREMENT SERVICES,130,POSTAGE,5900
LOCAL,0100,CORPORATE FUND,35,PROCUREMENT SERVICES,2005,PROCUREMENT SERVICES,140,PROFESSIONAL AND TECHNICAL SERVICES,494000
LOCAL,0100,CORPORATE FUND,35,PROCUREMENT SERVICES,2005,PROCUREMENT SERVICES,152,ADVERTISING,29000
LOCAL,0100,CORPORATE FUND,35,PROCUREMENT SERVICES,2005,PROCUREMENT SERVICES,157,RENTAL EQUIPMENT AND SERVICES,17592
LOCAL,0100,CORPORATE FUND,35,PROCUREMENT SERVICES,2005,PROCUREMENT SERVICES,160,REPAIR/MAINT PROPERTY,10924
LOCAL,0100,CORPORATE FUND,35,PROCUREMENT SERVICES,2005,PROCUREMENT SERVICES,162,REPAIR/MAINT EQUIPMENT,38234
LOCAL,0100,CORPORATE FUND,35,PROCUREMENT SERVICES,2005,PROCUREMENT SERVICES,166,DUES  SUBSC & MEM,11190
LOCAL,0100,CORPORATE FUND,35,PROCUREMENT SERVICES,2005,PROCUREMENT SERVICES,168,EDUCATION DEVELOPMENT,1700
LOCAL,0100,CORPORATE FUND,35,PROCUREMENT SERVICES,2005,PROCUREMENT SERVICES,169,TECHNICAL MEETING COSTS,9200
LOCAL,0100,CORPORATE FUND,35,PROCUREMENT SERVICES,2005,PROCUREMENT SERVICES,171,MISCELLANEOUS SUPPLIES,8000
LOCAL,0100,CORPORATE FUND,35,PROCUREMENT SERVICES,2005,PROCUREMENT SERVICES,178,FREIGHT AND EXPRESS CHARGES,500
LOCAL,0100,CORPORATE FUND,35,PROCUREMENT SERVICES,2005,PROCUREMENT SERVICES,181,MOBILE COMMUNICATION SERVICES,11943
LOCAL,0100,CORPORATE FUND,35,PROCUREMENT SERVICES,2005,PROCUREMENT SERVICES,190,TELEPHONE - NON-CENTREX BILLINGS,29200
LOCAL,0100,CORPORATE FUND,35,PROCUREMENT SERVICES,2005,PROCUREMENT SERVICES,197,TELEPHONE - MAINTENANCE,15235
LOCAL,0100,CORPORATE FUND,35,PROCUREMENT SERVICES,2005,PROCUREMENT SERVICES,229,TRANSPORTATION AND EXPENSE ALLOWANCE,200
LOCAL,0100,CORPORATE FUND,35,PROCUREMENT SERVICES,2005,PROCUREMENT SERVICES,245,REIMBURSEMENT TO TRAVELERS,8000
LOCAL,0100,CORPORATE FUND,35,PROCUREMENT SERVICES,2005,PROCUREMENT SERVICES,270,LOCAL TRANSPORTATION,1890
LOCAL,0100,CORPORATE FUND,35,PROCUREMENT SERVICES,2005,PROCUREMENT SERVICES,340,MATERIAL AND SUPPLIES,2250
LOCAL,0100,CORPORATE FUND,35,PROCUREMENT SERVICES,2005,PROCUREMENT SERVICES,350,STATIONERY AND OFFICE SUPPLIES,19385
LOCAL,0200,WATER FUND,35,PROCUREMENT SERVICES,2005,PROCUREMENT SERVICES,5,SALARIES AND WAGES - ON PAYROLL,184543
LOCAL,0200,WATER FUND,35,PROCUREMENT SERVICES,2005,PROCUREMENT SERVICES,15,SCHEDULE SALARY ADJUSTMENTS,1103
LOCAL,0740,O HARE REVENUE FUND,35,PROCUREMENT SERVICES,2005,PROCUREMENT SERVICES,5,SALARIES AND WAGES - ON PAYROLL,1663682
LOCAL,0740,O HARE REVENUE FUND,35,PROCUREMENT SERVICES,2005,PROCUREMENT SERVICES,15,SCHEDULE SALARY ADJUSTMENTS,17503
LOCAL,0740,O HARE REVENUE FUND,35,PROCUREMENT SERVICES,2005,PROCUREMENT SERVICES,140,PROFESSIONAL AND TECHNICAL SERVICES,120000
LOCAL,0740,O HARE REVENUE FUND,35,PROCUREMENT SERVICES,2005,PROCUREMENT SERVICES,245,REIMBURSEMENT TO TRAVELERS,2000
LOCAL,0740,O HARE REVENUE FUND,35,PROCUREMENT SERVICES,2005,PROCUREMENT SERVICES,270,LOCAL TRANSPORTATION,400
LOCAL,0740,O HARE REVENUE FUND,35,PROCUREMENT SERVICES,2005,PROCUREMENT SERVICES,350,STATIONERY AND OFFICE SUPPLIES,800
LOCAL,0100,CORPORATE FUND,38,FLEET AND FACILITY MANAGEMENT,2103,BUREAU OF FINANCE AND ADMIN,5,SALARIES AND WAGES - ON PAYROLL,2954781
LOCAL,0100,CORPORATE FUND,38,FLEET AND FACILITY MANAGEMENT,2103,BUREAU OF FINANCE AND ADMIN,15,SCHEDULE SALARY ADJUSTMENTS,309
LOCAL,0100,CORPORATE FUND,38,FLEET AND FACILITY MANAGEMENT,2103,BUREAU OF FINANCE AND ADMIN,140,PROFESSIONAL AND TECHNICAL SERVICES,18000
LOCAL,0100,CORPORATE FUND,38,FLEET AND FACILITY MANAGEMENT,2103,BUREAU OF FINANCE AND ADMIN,143,COURT REPORTING,4000
LOCAL,0100,CORPORATE FUND,38,FLEET AND FACILITY MANAGEMENT,2103,BUREAU OF FINANCE AND ADMIN,148,TESTING AND INSPECTING,1000
LOCAL,0100,CORPORATE FUND,38,FLEET AND FACILITY MANAGEMENT,2103,BUREAU OF FINANCE AND ADMIN,152,ADVERTISING,2000
LOCAL,0100,CORPORATE FUND,38,FLEET AND FACILITY MANAGEMENT,2103,BUREAU OF FINANCE AND ADMIN,159,LEASE/PURCHASE EQUIPMENT,75000
LOCAL,0100,CORPORATE FUND,38,FLEET AND FACILITY MANAGEMENT,2103,BUREAU OF FINANCE AND ADMIN,166,DUES  SUBSC & MEM,1000
LOCAL,0100,CORPORATE FUND,38,FLEET AND FACILITY MANAGEMENT,2103,BUREAU OF FINANCE AND ADMIN,181,MOBILE COMMUNICATION SERVICES,135528
LOCAL,0100,CORPORATE FUND,38,FLEET AND FACILITY MANAGEMENT,2103,BUREAU OF FINANCE AND ADMIN,189,TELEPHONE - NON-CENTREX BILLINGS,76300
LOCAL,0100,CORPORATE FUND,38,FLEET AND FACILITY MANAGEMENT,2103,BUREAU OF FINANCE AND ADMIN,190,TELEPHONE - NON-CENTREX BILLINGS,222000
LOCAL,0100,CORPORATE FUND,38,FLEET AND FACILITY MANAGEMENT,2103,BUREAU OF FINANCE AND ADMIN,191,TELEPHONE - RELOCATIONS,9000
LOCAL,0100,CORPORATE FUND,38,FLEET AND FACILITY MANAGEMENT,2103,BUREAU OF FINANCE AND ADMIN,196,DATA CIRCUITS,74200
LOCAL,0100,CORPORATE FUND,38,FLEET AND FACILITY MANAGEMENT,2103,BUREAU OF FINANCE AND ADMIN,197,TELEPHONE - MAINTENANCE,33695
LOCAL,0100,CORPORATE FUND,38,FLEET AND FACILITY MANAGEMENT,2103,BUREAU OF FINANCE AND ADMIN,340,MATERIAL AND SUPPLIES,13500
LOCAL,0100,CORPORATE FUND,38,FLEET AND FACILITY MANAGEMENT,2103,BUREAU OF FINANCE AND ADMIN,350,STATIONERY AND OFFICE SUPPLIES,32000
LOCAL,0100,CORPORATE FUND,38,FLEET AND FACILITY MANAGEMENT,2126,BUREAU OF FACILITY MANAGEMENT,5,SALARIES AND WAGES - ON PAYROLL,32679614
LOCAL,0100,CORPORATE FUND,38,FLEET AND FACILITY MANAGEMENT,2126,BUREAU OF FACILITY MANAGEMENT,12,CONTRACT WAGE - PREVAILING RATE,345528
LOCAL,0100,CORPORATE FUND,38,FLEET AND FACILITY MANAGEMENT,2126,BUREAU OF FACILITY MANAGEMENT,15,SCHEDULE SALARY ADJUSTMENTS,5229
LOCAL,0100,CORPORATE FUND,38,FLEET AND FACILITY MANAGEMENT,2126,BUREAU OF FACILITY MANAGEMENT,20,OVERTIME,510000
LOCAL,0100,CORPORATE FUND,38,FLEET AND FACILITY MANAGEMENT,2126,BUREAU OF FACILITY MANAGEMENT,125,OFFICE AND BUILDING SERVICES,16813095
LOCAL,0100,CORPORATE FUND,38,FLEET AND FACILITY MANAGEMENT,2126,BUREAU OF FACILITY MANAGEMENT,130,POSTAGE,45000
LOCAL,0100,CORPORATE FUND,38,FLEET AND FACILITY MANAGEMENT,2126,BUREAU OF FACILITY MANAGEMENT,140,PROFESSIONAL AND TECHNICAL SERVICES,4849132
LOCAL,0100,CORPORATE FUND,38,FLEET AND FACILITY MANAGEMENT,2126,BUREAU OF FACILITY MANAGEMENT,157,RENTAL EQUIPMENT AND SERVICES,389325
LOCAL,0100,CORPORATE FUND,38,FLEET AND FACILITY MANAGEMENT,2126,BUREAU OF FACILITY MANAGEMENT,160,REPAIR/MAINT PROPERTY,1875000
LOCAL,0100,CORPORATE FUND,38,FLEET AND FACILITY MANAGEMENT,2126,BUREAU OF FACILITY MANAGEMENT,162,REPAIR/MAINT EQUIPMENT,2500000
LOCAL,0100,CORPORATE FUND,38,FLEET AND FACILITY MANAGEMENT,2126,BUREAU OF FACILITY MANAGEMENT,229,TRANSPORTATION AND EXPENSE ALLOWANCE,16000
LOCAL,0100,CORPORATE FUND,38,FLEET AND FACILITY MANAGEMENT,2126,BUREAU OF FACILITY MANAGEMENT,313,CLEANING AND SANITATION SUPPLIES,735210
LOCAL,0100,CORPORATE FUND,38,FLEET AND FACILITY MANAGEMENT,2126,BUREAU OF FACILITY MANAGEMENT,319,CLOTHING,105400
LOCAL,0100,CORPORATE FUND,38,FLEET AND FACILITY MANAGEMENT,2126,BUREAU OF FACILITY MANAGEMENT,340,MATERIAL AND SUPPLIES,3202525
LOCAL,0100,CORPORATE FUND,38,FLEET AND FACILITY MANAGEMENT,2126,BUREAU OF FACILITY MANAGEMENT,342,DRUGS  MEDICINE AND CHEMICAL MATERIALS,1440
LOCAL,0100,CORPORATE FUND,38,FLEET AND FACILITY MANAGEMENT,2131,BUREAU OF ASSET MANAGEMENT,5,SALARIES AND WAGES - ON PAYROLL,3628357
LOCAL,0100,CORPORATE FUND,38,FLEET AND FACILITY MANAGEMENT,2131,BUREAU OF ASSET MANAGEMENT,15,SCHEDULE SALARY ADJUSTMENTS,29103
LOCAL,0100,CORPORATE FUND,38,FLEET AND FACILITY MANAGEMENT,2131,BUREAU OF ASSET MANAGEMENT,20,OVERTIME,10000
LOCAL,0100,CORPORATE FUND,38,FLEET AND FACILITY MANAGEMENT,2131,BUREAU OF ASSET MANAGEMENT,140,PROFESSIONAL AND TECHNICAL SERVICES,1619582
LOCAL,0100,CORPORATE FUND,38,FLEET AND FACILITY MANAGEMENT,2131,BUREAU OF ASSET MANAGEMENT,141,APPRAISALS,30000
LOCAL,0100,CORPORATE FUND,38,FLEET AND FACILITY MANAGEMENT,2131,BUREAU OF ASSET MANAGEMENT,149,SOFTWARE MAINTENANCE AND LICENSING,94700
LOCAL,0100,CORPORATE FUND,38,FLEET AND FACILITY MANAGEMENT,2131,BUREAU OF ASSET MANAGEMENT,155,RENTAL OF PROPERTY,12434343
LOCAL,0100,CORPORATE FUND,38,FLEET AND FACILITY MANAGEMENT,2131,BUREAU OF ASSET MANAGEMENT,159,LEASE/PURCHASE EQUIPMENT,285000
LOCAL,0100,CORPORATE FUND,38,FLEET AND FACILITY MANAGEMENT,2131,BUREAU OF ASSET MANAGEMENT,160,REPAIR/MAINT PROPERTY,200000
LOCAL,0100,CORPORATE FUND,38,FLEET AND FACILITY MANAGEMENT,2131,BUREAU OF ASSET MANAGEMENT,162,REPAIR/MAINT EQUIPMENT,50000
LOCAL,0100,CORPORATE FUND,38,FLEET AND FACILITY MANAGEMENT,2131,BUREAU OF ASSET MANAGEMENT,166,DUES  SUBSC & MEM,2315
LOCAL,0100,CORPORATE FUND,38,FLEET AND FACILITY MANAGEMENT,2131,BUREAU OF ASSET MANAGEMENT,169,TECHNICAL MEETING COSTS,24455
LOCAL,0100,CORPORATE FUND,38,FLEET AND FACILITY MANAGEMENT,2131,BUREAU OF ASSET MANAGEMENT,179,MESSENGER SERVICES,2000
LOCAL,0100,CORPORATE FUND,38,FLEET AND FACILITY MANAGEMENT,2131,BUREAU OF ASSET MANAGEMENT,185,WASTE DISPOSAL SERVICES,1000
LOCAL,0100,CORPORATE FUND,38,FLEET AND FACILITY MANAGEMENT,2131,BUREAU OF ASSET MANAGEMENT,315,MOTOR VEHL DIESEL FUEL,3260552
LOCAL,0100,CORPORATE FUND,38,FLEET AND FACILITY MANAGEMENT,2131,BUREAU OF ASSET MANAGEMENT,318,OTHER FUEL,110000
LOCAL,0100,CORPORATE FUND,38,FLEET AND FACILITY MANAGEMENT,2131,BUREAU OF ASSET MANAGEMENT,320,GASOLINE,12702564
LOCAL,0100,CORPORATE FUND,38,FLEET AND FACILITY MANAGEMENT,2131,BUREAU OF ASSET MANAGEMENT,322,NATURAL GAS,4107082
LOCAL,0100,CORPORATE FUND,38,FLEET AND FACILITY MANAGEMENT,2131,BUREAU OF ASSET MANAGEMENT,325,ALTERNATIVE FUEL,89406
LOCAL,0100,CORPORATE FUND,38,FLEET AND FACILITY MANAGEMENT,2131,BUREAU OF ASSET MANAGEMENT,331,ELECTRICITY,11284608
LOCAL,0100,CORPORATE FUND,38,FLEET AND FACILITY MANAGEMENT,2131,BUREAU OF ASSET MANAGEMENT,332,ELECTRICITY - STREET LIGHTING,5807793
LOCAL,0100,CORPORATE FUND,38,FLEET AND FACILITY MANAGEMENT,2131,BUREAU OF ASSET MANAGEMENT,340,MATERIAL AND SUPPLIES,273940
LOCAL,0100,CORPORATE FUND,38,FLEET AND FACILITY MANAGEMENT,2131,BUREAU OF ASSET MANAGEMENT,350,STATIONERY AND OFFICE SUPPLIES,410000
LOCAL,0100,CORPORATE FUND,38,FLEET AND FACILITY MANAGEMENT,2131,BUREAU OF ASSET MANAGEMENT,9067,PHYSICAL EXAMS,57340
LOCAL,0100,CORPORATE FUND,38,FLEET AND FACILITY MANAGEMENT,2131,BUREAU OF ASSET MANAGEMENT,9160,PBC,446347
LOCAL,0100,CORPORATE FUND,38,FLEET AND FACILITY MANAGEMENT,2140,FLEET OPERATIONS,5,SALARIES AND WAGES - ON PAYROLL,35752183
LOCAL,0100,CORPORATE FUND,48,MOPD,2005,MOPD,270,LOCAL TRANSPORTATION,10077
LOCAL,0100,CORPORATE FUND,38,FLEET AND FACILITY MANAGEMENT,2140,FLEET OPERATIONS,12,CONTRACT WAGE - PREVAILING RATE,277367
LOCAL,0100,CORPORATE FUND,38,FLEET AND FACILITY MANAGEMENT,2140,FLEET OPERATIONS,15,SCHEDULE SALARY ADJUSTMENTS,13936
LOCAL,0100,CORPORATE FUND,38,FLEET AND FACILITY MANAGEMENT,2140,FLEET OPERATIONS,20,OVERTIME,945817
LOCAL,0100,CORPORATE FUND,38,FLEET AND FACILITY MANAGEMENT,2140,FLEET OPERATIONS,140,PROFESSIONAL AND TECHNICAL SERVICES,4459458
LOCAL,0100,CORPORATE FUND,38,FLEET AND FACILITY MANAGEMENT,2140,FLEET OPERATIONS,148,TESTING AND INSPECTING,102060
LOCAL,0100,CORPORATE FUND,38,FLEET AND FACILITY MANAGEMENT,2140,FLEET OPERATIONS,149,SOFTWARE MAINTENANCE AND LICENSING,318932
LOCAL,0100,CORPORATE FUND,38,FLEET AND FACILITY MANAGEMENT,2140,FLEET OPERATIONS,157,RENTAL EQUIPMENT AND SERVICES,2808999
LOCAL,0100,CORPORATE FUND,38,FLEET AND FACILITY MANAGEMENT,2140,FLEET OPERATIONS,161,MAINT FACILITIES,57501
LOCAL,0100,CORPORATE FUND,38,FLEET AND FACILITY MANAGEMENT,2140,FLEET OPERATIONS,162,REPAIR/MAINT EQUIPMENT,536376
LOCAL,0100,CORPORATE FUND,38,FLEET AND FACILITY MANAGEMENT,2140,FLEET OPERATIONS,166,DUES  SUBSC & MEM,5000
LOCAL,0100,CORPORATE FUND,38,FLEET AND FACILITY MANAGEMENT,2140,FLEET OPERATIONS,176,MAINTENANCE AND OPERATION - VEHICLES,6855117
LOCAL,0100,CORPORATE FUND,38,FLEET AND FACILITY MANAGEMENT,2140,FLEET OPERATIONS,185,WASTE DISPOSAL SERVICES,4704
LOCAL,0100,CORPORATE FUND,38,FLEET AND FACILITY MANAGEMENT,2140,FLEET OPERATIONS,188,VEHICLE TRACKING SERVICE,145453
LOCAL,0100,CORPORATE FUND,38,FLEET AND FACILITY MANAGEMENT,2140,FLEET OPERATIONS,245,REIMBURSEMENT TO TRAVELERS,10000
LOCAL,0100,CORPORATE FUND,38,FLEET AND FACILITY MANAGEMENT,2140,FLEET OPERATIONS,319,CLOTHING,22300
LOCAL,0100,CORPORATE FUND,38,FLEET AND FACILITY MANAGEMENT,2140,FLEET OPERATIONS,338,LICENSE STICKER TAG AND PLATES,83508
LOCAL,0100,CORPORATE FUND,38,FLEET AND FACILITY MANAGEMENT,2140,FLEET OPERATIONS,340,MATERIAL AND SUPPLIES,48912
LOCAL,0100,CORPORATE FUND,38,FLEET AND FACILITY MANAGEMENT,2140,FLEET OPERATIONS,342,DRUGS  MEDICINE AND CHEMICAL MATERIALS,3885
LOCAL,0100,CORPORATE FUND,38,FLEET AND FACILITY MANAGEMENT,2140,FLEET OPERATIONS,345,APPARATUS AND INSTRUMENTS,47004
LOCAL,0100,CORPORATE FUND,38,FLEET AND FACILITY MANAGEMENT,2140,FLEET OPERATIONS,348,BOOKS AND RELATED MATERIAL,588
LOCAL,0100,CORPORATE FUND,38,FLEET AND FACILITY MANAGEMENT,2140,FLEET OPERATIONS,360,REPAIR PARTS AND MATERIAL,20570427
LOCAL,0200,WATER FUND,38,FLEET AND FACILITY MANAGEMENT,2126,BUREAU OF FACILITY MANAGEMENT,125,OFFICE AND BUILDING SERVICES,131885
LOCAL,0200,WATER FUND,38,FLEET AND FACILITY MANAGEMENT,2126,BUREAU OF FACILITY MANAGEMENT,313,CLEANING AND SANITATION SUPPLIES,6274
LOCAL,0200,WATER FUND,38,FLEET AND FACILITY MANAGEMENT,2131,BUREAU OF ASSET MANAGEMENT,140,PROFESSIONAL AND TECHNICAL SERVICES,122206
LOCAL,0200,WATER FUND,38,FLEET AND FACILITY MANAGEMENT,2131,BUREAU OF ASSET MANAGEMENT,155,RENTAL OF PROPERTY,354906
LOCAL,0200,WATER FUND,38,FLEET AND FACILITY MANAGEMENT,2131,BUREAU OF ASSET MANAGEMENT,315,MOTOR VEHL DIESEL FUEL,1282257
LOCAL,0200,WATER FUND,38,FLEET AND FACILITY MANAGEMENT,2131,BUREAU OF ASSET MANAGEMENT,320,GASOLINE,140531
LOCAL,0200,WATER FUND,38,FLEET AND FACILITY MANAGEMENT,2131,BUREAU OF ASSET MANAGEMENT,322,NATURAL GAS,9883077
LOCAL,0200,WATER FUND,38,FLEET AND FACILITY MANAGEMENT,2131,BUREAU OF ASSET MANAGEMENT,331,ELECTRICITY,11936091
LOCAL,0200,WATER FUND,38,FLEET AND FACILITY MANAGEMENT,2140,FLEET OPERATIONS,5,SALARIES AND WAGES - ON PAYROLL,4263336
LOCAL,0200,WATER FUND,38,FLEET AND FACILITY MANAGEMENT,2140,FLEET OPERATIONS,12,CONTRACT WAGE - PREVAILING RATE,33052
LOCAL,0200,WATER FUND,38,FLEET AND FACILITY MANAGEMENT,2140,FLEET OPERATIONS,20,OVERTIME,120000
LOCAL,0200,WATER FUND,38,FLEET AND FACILITY MANAGEMENT,2140,FLEET OPERATIONS,140,PROFESSIONAL AND TECHNICAL SERVICES,398930
LOCAL,0200,WATER FUND,38,FLEET AND FACILITY MANAGEMENT,2140,FLEET OPERATIONS,149,SOFTWARE MAINTENANCE AND LICENSING,12883
LOCAL,0200,WATER FUND,38,FLEET AND FACILITY MANAGEMENT,2140,FLEET OPERATIONS,160,REPAIR/MAINT PROPERTY,65800
LOCAL,0200,WATER FUND,38,FLEET AND FACILITY MANAGEMENT,2140,FLEET OPERATIONS,161,MAINT FACILITIES,50000
LOCAL,0200,WATER FUND,38,FLEET AND FACILITY MANAGEMENT,2140,FLEET OPERATIONS,176,MAINTENANCE AND OPERATION - VEHICLES,219516
LOCAL,0200,WATER FUND,38,FLEET AND FACILITY MANAGEMENT,2140,FLEET OPERATIONS,360,REPAIR PARTS AND MATERIAL,1465798
LOCAL,0300,VEHICLE FUND,38,FLEET AND FACILITY MANAGEMENT,2126,BUREAU OF FACILITY MANAGEMENT,125,OFFICE AND BUILDING SERVICES,443525
LOCAL,0300,VEHICLE FUND,38,FLEET AND FACILITY MANAGEMENT,2126,BUREAU OF FACILITY MANAGEMENT,140,PROFESSIONAL AND TECHNICAL SERVICES,457100
LOCAL,0300,VEHICLE FUND,38,FLEET AND FACILITY MANAGEMENT,2126,BUREAU OF FACILITY MANAGEMENT,313,CLEANING AND SANITATION SUPPLIES,38426
LOCAL,0300,VEHICLE FUND,38,FLEET AND FACILITY MANAGEMENT,2131,BUREAU OF ASSET MANAGEMENT,140,PROFESSIONAL AND TECHNICAL SERVICES,2929329
LOCAL,0300,VEHICLE FUND,38,FLEET AND FACILITY MANAGEMENT,2131,BUREAU OF ASSET MANAGEMENT,155,RENTAL OF PROPERTY,1677809
LOCAL,0300,VEHICLE FUND,38,FLEET AND FACILITY MANAGEMENT,2131,BUREAU OF ASSET MANAGEMENT,315,MOTOR VEHL DIESEL FUEL,5165520
LOCAL,0300,VEHICLE FUND,38,FLEET AND FACILITY MANAGEMENT,2131,BUREAU OF ASSET MANAGEMENT,320,GASOLINE,967393
LOCAL,0300,VEHICLE FUND,38,FLEET AND FACILITY MANAGEMENT,2131,BUREAU OF ASSET MANAGEMENT,322,NATURAL GAS,1088147
LOCAL,0300,VEHICLE FUND,38,FLEET AND FACILITY MANAGEMENT,2131,BUREAU OF ASSET MANAGEMENT,325,ALTERNATIVE FUEL,122481
LOCAL,0300,VEHICLE FUND,38,FLEET AND FACILITY MANAGEMENT,2131,BUREAU OF ASSET MANAGEMENT,331,ELECTRICITY,1530211
LOCAL,0300,VEHICLE FUND,38,FLEET AND FACILITY MANAGEMENT,2140,FLEET OPERATIONS,148,TESTING AND INSPECTING,56000
LOCAL,0300,VEHICLE FUND,38,FLEET AND FACILITY MANAGEMENT,2140,FLEET OPERATIONS,157,RENTAL EQUIPMENT AND SERVICES,3378944
LOCAL,0310,MOTOR FUEL TAX FUND,38,FLEET AND FACILITY MANAGEMENT,2131,BUREAU OF ASSET MANAGEMENT,332,ELECTRICITY - STREET LIGHTING,15592576
LOCAL,0100,CORPORATE FUND,70,BACP,2005,BACP,153,PROMOTIONS,3384
LOCAL,0314,SEWER FUND,38,FLEET AND FACILITY MANAGEMENT,2131,BUREAU OF ASSET MANAGEMENT,140,PROFESSIONAL AND TECHNICAL SERVICES,87988
LOCAL,0314,SEWER FUND,38,FLEET AND FACILITY MANAGEMENT,2131,BUREAU OF ASSET MANAGEMENT,155,RENTAL OF PROPERTY,409915
LOCAL,0314,SEWER FUND,38,FLEET AND FACILITY MANAGEMENT,2131,BUREAU OF ASSET MANAGEMENT,315,MOTOR VEHL DIESEL FUEL,628163
LOCAL,0314,SEWER FUND,38,FLEET AND FACILITY MANAGEMENT,2131,BUREAU OF ASSET MANAGEMENT,320,GASOLINE,133503
LOCAL,0314,SEWER FUND,38,FLEET AND FACILITY MANAGEMENT,2131,BUREAU OF ASSET MANAGEMENT,322,NATURAL GAS,45733
LOCAL,0314,SEWER FUND,38,FLEET AND FACILITY MANAGEMENT,2131,BUREAU OF ASSET MANAGEMENT,325,ALTERNATIVE FUEL,7373
LOCAL,0314,SEWER FUND,38,FLEET AND FACILITY MANAGEMENT,2131,BUREAU OF ASSET MANAGEMENT,331,ELECTRICITY,47923
LOCAL,0314,SEWER FUND,38,FLEET AND FACILITY MANAGEMENT,2140,FLEET OPERATIONS,5,SALARIES AND WAGES - ON PAYROLL,2614990
LOCAL,0314,SEWER FUND,38,FLEET AND FACILITY MANAGEMENT,2140,FLEET OPERATIONS,12,CONTRACT WAGE - PREVAILING RATE,23210
LOCAL,0314,SEWER FUND,38,FLEET AND FACILITY MANAGEMENT,2140,FLEET OPERATIONS,20,OVERTIME,60000
LOCAL,0314,SEWER FUND,38,FLEET AND FACILITY MANAGEMENT,2140,FLEET OPERATIONS,140,PROFESSIONAL AND TECHNICAL SERVICES,203747
LOCAL,0314,SEWER FUND,38,FLEET AND FACILITY MANAGEMENT,2140,FLEET OPERATIONS,149,SOFTWARE MAINTENANCE AND LICENSING,7730
LOCAL,0314,SEWER FUND,38,FLEET AND FACILITY MANAGEMENT,2140,FLEET OPERATIONS,161,MAINT FACILITIES,50000
LOCAL,0314,SEWER FUND,38,FLEET AND FACILITY MANAGEMENT,2140,FLEET OPERATIONS,162,REPAIR/MAINT EQUIPMENT,45120
LOCAL,0314,SEWER FUND,38,FLEET AND FACILITY MANAGEMENT,2140,FLEET OPERATIONS,176,MAINTENANCE AND OPERATION - VEHICLES,250501
LOCAL,0314,SEWER FUND,38,FLEET AND FACILITY MANAGEMENT,2140,FLEET OPERATIONS,360,REPAIR PARTS AND MATERIAL,754603
LOCAL,0346,LIBRARY FUND,38,FLEET AND FACILITY MANAGEMENT,2126,BUREAU OF FACILITY MANAGEMENT,125,OFFICE AND BUILDING SERVICES,3103832
LOCAL,0346,LIBRARY FUND,38,FLEET AND FACILITY MANAGEMENT,2126,BUREAU OF FACILITY MANAGEMENT,140,PROFESSIONAL AND TECHNICAL SERVICES,3136937
LOCAL,0346,LIBRARY FUND,38,FLEET AND FACILITY MANAGEMENT,2126,BUREAU OF FACILITY MANAGEMENT,160,REPAIR/MAINT PROPERTY,425000
LOCAL,0346,LIBRARY FUND,38,FLEET AND FACILITY MANAGEMENT,2126,BUREAU OF FACILITY MANAGEMENT,162,REPAIR/MAINT EQUIPMENT,300000
LOCAL,0346,LIBRARY FUND,38,FLEET AND FACILITY MANAGEMENT,2126,BUREAU OF FACILITY MANAGEMENT,313,CLEANING AND SANITATION SUPPLIES,207272
LOCAL,0346,LIBRARY FUND,38,FLEET AND FACILITY MANAGEMENT,2126,BUREAU OF FACILITY MANAGEMENT,340,MATERIAL AND SUPPLIES,367500
LOCAL,0346,LIBRARY FUND,38,FLEET AND FACILITY MANAGEMENT,2131,BUREAU OF ASSET MANAGEMENT,155,RENTAL OF PROPERTY,1387517
LOCAL,0346,LIBRARY FUND,38,FLEET AND FACILITY MANAGEMENT,2131,BUREAU OF ASSET MANAGEMENT,315,MOTOR VEHL DIESEL FUEL,19144
LOCAL,0346,LIBRARY FUND,38,FLEET AND FACILITY MANAGEMENT,2131,BUREAU OF ASSET MANAGEMENT,320,GASOLINE,6285
LOCAL,0346,LIBRARY FUND,38,FLEET AND FACILITY MANAGEMENT,2131,BUREAU OF ASSET MANAGEMENT,322,NATURAL GAS,647183
LOCAL,0346,LIBRARY FUND,38,FLEET AND FACILITY MANAGEMENT,2131,BUREAU OF ASSET MANAGEMENT,331,ELECTRICITY,3297768
LOCAL,0346,LIBRARY FUND,38,FLEET AND FACILITY MANAGEMENT,2140,FLEET OPERATIONS,176,MAINTENANCE AND OPERATION - VEHICLES,37485
LOCAL,0346,LIBRARY FUND,38,FLEET AND FACILITY MANAGEMENT,2140,FLEET OPERATIONS,360,REPAIR PARTS AND MATERIAL,15000
LOCAL,0610,MIDWAY AIRPORT FUND,38,FLEET AND FACILITY MANAGEMENT,2131,BUREAU OF ASSET MANAGEMENT,140,PROFESSIONAL AND TECHNICAL SERVICES,14665
LOCAL,0610,MIDWAY AIRPORT FUND,38,FLEET AND FACILITY MANAGEMENT,2131,BUREAU OF ASSET MANAGEMENT,315,MOTOR VEHL DIESEL FUEL,262709
LOCAL,0610,MIDWAY AIRPORT FUND,38,FLEET AND FACILITY MANAGEMENT,2131,BUREAU OF ASSET MANAGEMENT,320,GASOLINE,185303
LOCAL,0610,MIDWAY AIRPORT FUND,38,FLEET AND FACILITY MANAGEMENT,2131,BUREAU OF ASSET MANAGEMENT,322,NATURAL GAS,944778
LOCAL,0100,CORPORATE FUND,70,BACP,2005,BACP,154,RENTAL-DATA HARDWARE EQ,2401
LOCAL,0610,MIDWAY AIRPORT FUND,38,FLEET AND FACILITY MANAGEMENT,2131,BUREAU OF ASSET MANAGEMENT,331,ELECTRICITY,5234416
LOCAL,0610,MIDWAY AIRPORT FUND,38,FLEET AND FACILITY MANAGEMENT,2140,FLEET OPERATIONS,5,SALARIES AND WAGES - ON PAYROLL,1278230
LOCAL,0610,MIDWAY AIRPORT FUND,38,FLEET AND FACILITY MANAGEMENT,2140,FLEET OPERATIONS,12,CONTRACT WAGE - PREVAILING RATE,6329
LOCAL,0610,MIDWAY AIRPORT FUND,38,FLEET AND FACILITY MANAGEMENT,2140,FLEET OPERATIONS,20,OVERTIME,115000
LOCAL,0610,MIDWAY AIRPORT FUND,38,FLEET AND FACILITY MANAGEMENT,2140,FLEET OPERATIONS,140,PROFESSIONAL AND TECHNICAL SERVICES,214000
LOCAL,0610,MIDWAY AIRPORT FUND,38,FLEET AND FACILITY MANAGEMENT,2140,FLEET OPERATIONS,148,TESTING AND INSPECTING,5890
LOCAL,0610,MIDWAY AIRPORT FUND,38,FLEET AND FACILITY MANAGEMENT,2140,FLEET OPERATIONS,149,SOFTWARE MAINTENANCE AND LICENSING,6580
LOCAL,0610,MIDWAY AIRPORT FUND,38,FLEET AND FACILITY MANAGEMENT,2140,FLEET OPERATIONS,162,REPAIR/MAINT EQUIPMENT,30550
LOCAL,0610,MIDWAY AIRPORT FUND,38,FLEET AND FACILITY MANAGEMENT,2140,FLEET OPERATIONS,176,MAINTENANCE AND OPERATION - VEHICLES,315000
LOCAL,0610,MIDWAY AIRPORT FUND,38,FLEET AND FACILITY MANAGEMENT,2140,FLEET OPERATIONS,319,CLOTHING,600
LOCAL,0610,MIDWAY AIRPORT FUND,38,FLEET AND FACILITY MANAGEMENT,2140,FLEET OPERATIONS,338,LICENSE STICKER TAG AND PLATES,2014
LOCAL,0610,MIDWAY AIRPORT FUND,38,FLEET AND FACILITY MANAGEMENT,2140,FLEET OPERATIONS,342,DRUGS  MEDICINE AND CHEMICAL MATERIALS,158
LOCAL,0610,MIDWAY AIRPORT FUND,38,FLEET AND FACILITY MANAGEMENT,2140,FLEET OPERATIONS,350,STATIONERY AND OFFICE SUPPLIES,846
LOCAL,0610,MIDWAY AIRPORT FUND,38,FLEET AND FACILITY MANAGEMENT,2140,FLEET OPERATIONS,360,REPAIR PARTS AND MATERIAL,507795
LOCAL,0610,MIDWAY AIRPORT FUND,38,FLEET AND FACILITY MANAGEMENT,2140,FLEET OPERATIONS,440,MACHINERY AND EQUIPMENT,30690
LOCAL,0610,MIDWAY AIRPORT FUND,38,FLEET AND FACILITY MANAGEMENT,2140,FLEET OPERATIONS,450,VEHICLES,380000
LOCAL,0740,O HARE REVENUE FUND,38,FLEET AND FACILITY MANAGEMENT,2131,BUREAU OF ASSET MANAGEMENT,140,PROFESSIONAL AND TECHNICAL SERVICES,29329
LOCAL,0740,O HARE REVENUE FUND,38,FLEET AND FACILITY MANAGEMENT,2131,BUREAU OF ASSET MANAGEMENT,155,RENTAL OF PROPERTY,420000
LOCAL,0740,O HARE REVENUE FUND,38,FLEET AND FACILITY MANAGEMENT,2131,BUREAU OF ASSET MANAGEMENT,315,MOTOR VEHL DIESEL FUEL,965403
LOCAL,0740,O HARE REVENUE FUND,38,FLEET AND FACILITY MANAGEMENT,2131,BUREAU OF ASSET MANAGEMENT,320,GASOLINE,436079
LOCAL,0740,O HARE REVENUE FUND,38,FLEET AND FACILITY MANAGEMENT,2131,BUREAU OF ASSET MANAGEMENT,322,NATURAL GAS,6667170
LOCAL,0740,O HARE REVENUE FUND,38,FLEET AND FACILITY MANAGEMENT,2131,BUREAU OF ASSET MANAGEMENT,325,ALTERNATIVE FUEL,6877
LOCAL,0740,O HARE REVENUE FUND,38,FLEET AND FACILITY MANAGEMENT,2131,BUREAU OF ASSET MANAGEMENT,331,ELECTRICITY,20467267
LOCAL,0740,O HARE REVENUE FUND,38,FLEET AND FACILITY MANAGEMENT,2140,FLEET OPERATIONS,5,SALARIES AND WAGES - ON PAYROLL,6640290
LOCAL,0740,O HARE REVENUE FUND,38,FLEET AND FACILITY MANAGEMENT,2140,FLEET OPERATIONS,12,CONTRACT WAGE - PREVAILING RATE,44117
LOCAL,0740,O HARE REVENUE FUND,38,FLEET AND FACILITY MANAGEMENT,2140,FLEET OPERATIONS,15,SCHEDULE SALARY ADJUSTMENTS,2322
LOCAL,0740,O HARE REVENUE FUND,38,FLEET AND FACILITY MANAGEMENT,2140,FLEET OPERATIONS,20,OVERTIME,700000
LOCAL,0740,O HARE REVENUE FUND,38,FLEET AND FACILITY MANAGEMENT,2140,FLEET OPERATIONS,140,PROFESSIONAL AND TECHNICAL SERVICES,765000
LOCAL,0740,O HARE REVENUE FUND,38,FLEET AND FACILITY MANAGEMENT,2140,FLEET OPERATIONS,148,TESTING AND INSPECTING,9670
LOCAL,0740,O HARE REVENUE FUND,38,FLEET AND FACILITY MANAGEMENT,2140,FLEET OPERATIONS,149,SOFTWARE MAINTENANCE AND LICENSING,37499
LOCAL,0740,O HARE REVENUE FUND,38,FLEET AND FACILITY MANAGEMENT,2140,FLEET OPERATIONS,162,REPAIR/MAINT EQUIPMENT,60912
LOCAL,0740,O HARE REVENUE FUND,38,FLEET AND FACILITY MANAGEMENT,2140,FLEET OPERATIONS,176,MAINTENANCE AND OPERATION - VEHICLES,1320000
LOCAL,0740,O HARE REVENUE FUND,38,FLEET AND FACILITY MANAGEMENT,2140,FLEET OPERATIONS,319,CLOTHING,3000
LOCAL,0740,O HARE REVENUE FUND,38,FLEET AND FACILITY MANAGEMENT,2140,FLEET OPERATIONS,338,LICENSE STICKER TAG AND PLATES,10200
LOCAL,0740,O HARE REVENUE FUND,38,FLEET AND FACILITY MANAGEMENT,2140,FLEET OPERATIONS,342,DRUGS  MEDICINE AND CHEMICAL MATERIALS,158
LOCAL,0740,O HARE REVENUE FUND,38,FLEET AND FACILITY MANAGEMENT,2140,FLEET OPERATIONS,350,STATIONERY AND OFFICE SUPPLIES,1034
LOCAL,0740,O HARE REVENUE FUND,38,FLEET AND FACILITY MANAGEMENT,2140,FLEET OPERATIONS,360,REPAIR PARTS AND MATERIAL,2669850
LOCAL,0740,O HARE REVENUE FUND,38,FLEET AND FACILITY MANAGEMENT,2140,FLEET OPERATIONS,440,MACHINERY AND EQUIPMENT,38000
LOCAL,0740,O HARE REVENUE FUND,38,FLEET AND FACILITY MANAGEMENT,2140,FLEET OPERATIONS,450,VEHICLES,8000000
LOCAL,0100,CORPORATE FUND,39,BOARD OF ELECTION COMMISSIONER,2005,ELECTION AND ADMIN DIVISION,5,SALARIES AND WAGES - ON PAYROLL,6466340
LOCAL,0100,CORPORATE FUND,39,BOARD OF ELECTION COMMISSIONER,2005,ELECTION AND ADMIN DIVISION,20,OVERTIME,50000
LOCAL,0100,CORPORATE FUND,39,BOARD OF ELECTION COMMISSIONER,2005,ELECTION AND ADMIN DIVISION,55,EXTRA HIRE,677942
LOCAL,0100,CORPORATE FUND,39,BOARD OF ELECTION COMMISSIONER,2005,ELECTION AND ADMIN DIVISION,130,POSTAGE,18125
LOCAL,0100,CORPORATE FUND,39,BOARD OF ELECTION COMMISSIONER,2005,ELECTION AND ADMIN DIVISION,138,IT MAINTENANCE,1132257
LOCAL,0100,CORPORATE FUND,39,BOARD OF ELECTION COMMISSIONER,2005,ELECTION AND ADMIN DIVISION,140,PROFESSIONAL AND TECHNICAL SERVICES,233000
LOCAL,0100,CORPORATE FUND,39,BOARD OF ELECTION COMMISSIONER,2005,ELECTION AND ADMIN DIVISION,143,COURT REPORTING,12331
LOCAL,0100,CORPORATE FUND,39,BOARD OF ELECTION COMMISSIONER,2005,ELECTION AND ADMIN DIVISION,145,LEGAL EXPENSES,457907
LOCAL,0100,CORPORATE FUND,39,BOARD OF ELECTION COMMISSIONER,2005,ELECTION AND ADMIN DIVISION,149,SOFTWARE MAINTENANCE AND LICENSING,661041
LOCAL,0100,CORPORATE FUND,39,BOARD OF ELECTION COMMISSIONER,2005,ELECTION AND ADMIN DIVISION,150,PUBLICATN & REPRODT-OUT,17385
LOCAL,0100,CORPORATE FUND,39,BOARD OF ELECTION COMMISSIONER,2005,ELECTION AND ADMIN DIVISION,152,ADVERTISING,3428
LOCAL,0100,CORPORATE FUND,39,BOARD OF ELECTION COMMISSIONER,2005,ELECTION AND ADMIN DIVISION,154,RENTAL-DATA HARDWARE EQ,54956
LOCAL,0100,CORPORATE FUND,39,BOARD OF ELECTION COMMISSIONER,2005,ELECTION AND ADMIN DIVISION,155,RENTAL OF PROPERTY,570918
LOCAL,0100,CORPORATE FUND,39,BOARD OF ELECTION COMMISSIONER,2005,ELECTION AND ADMIN DIVISION,157,RENTAL EQUIPMENT AND SERVICES,81771
LOCAL,0100,CORPORATE FUND,39,BOARD OF ELECTION COMMISSIONER,2005,ELECTION AND ADMIN DIVISION,159,LEASE/PURCHASE EQUIPMENT,471186
LOCAL,0100,CORPORATE FUND,39,BOARD OF ELECTION COMMISSIONER,2005,ELECTION AND ADMIN DIVISION,162,REPAIR/MAINT EQUIPMENT,89000
LOCAL,0100,CORPORATE FUND,39,BOARD OF ELECTION COMMISSIONER,2005,ELECTION AND ADMIN DIVISION,166,DUES  SUBSC & MEM,2850
LOCAL,0100,CORPORATE FUND,39,BOARD OF ELECTION COMMISSIONER,2005,ELECTION AND ADMIN DIVISION,169,TECHNICAL MEETING COSTS,21250
LOCAL,0100,CORPORATE FUND,39,BOARD OF ELECTION COMMISSIONER,2005,ELECTION AND ADMIN DIVISION,172,INSURANCE PREMIUMS,2750
LOCAL,0100,CORPORATE FUND,39,BOARD OF ELECTION COMMISSIONER,2005,ELECTION AND ADMIN DIVISION,178,FREIGHT AND EXPRESS CHARGES,2231
LOCAL,0100,CORPORATE FUND,39,BOARD OF ELECTION COMMISSIONER,2005,ELECTION AND ADMIN DIVISION,181,MOBILE COMMUNICATION SERVICES,170750
LOCAL,0100,CORPORATE FUND,39,BOARD OF ELECTION COMMISSIONER,2005,ELECTION AND ADMIN DIVISION,190,TELEPHONE - NON-CENTREX BILLINGS,208603
LOCAL,0100,CORPORATE FUND,39,BOARD OF ELECTION COMMISSIONER,2005,ELECTION AND ADMIN DIVISION,229,TRANSPORTATION AND EXPENSE ALLOWANCE,3916
LOCAL,0100,CORPORATE FUND,39,BOARD OF ELECTION COMMISSIONER,2005,ELECTION AND ADMIN DIVISION,245,REIMBURSEMENT TO TRAVELERS,1880
LOCAL,0100,CORPORATE FUND,39,BOARD OF ELECTION COMMISSIONER,2005,ELECTION AND ADMIN DIVISION,270,LOCAL TRANSPORTATION,540
LOCAL,0100,CORPORATE FUND,39,BOARD OF ELECTION COMMISSIONER,2005,ELECTION AND ADMIN DIVISION,340,MATERIAL AND SUPPLIES,182147
LOCAL,0100,CORPORATE FUND,55,POLICE BOARD,2005,POLICE BOARD,50,STIPENDS,111000
LOCAL,0100,CORPORATE FUND,39,BOARD OF ELECTION COMMISSIONER,2005,ELECTION AND ADMIN DIVISION,350,STATIONERY AND OFFICE SUPPLIES,29795
LOCAL,0100,CORPORATE FUND,41,DEPARTMENT OF PUBLIC HEALTH,1005,DEPARTMENT OF PUBLIC HEALTH,5,SALARIES AND WAGES - ON PAYROLL,15949489
LOCAL,0100,CORPORATE FUND,41,DEPARTMENT OF PUBLIC HEALTH,1005,DEPARTMENT OF PUBLIC HEALTH,15,SCHEDULE SALARY ADJUSTMENTS,16164
LOCAL,0100,CORPORATE FUND,41,DEPARTMENT OF PUBLIC HEALTH,1005,DEPARTMENT OF PUBLIC HEALTH,20,OVERTIME,51442
LOCAL,0100,CORPORATE FUND,41,DEPARTMENT OF PUBLIC HEALTH,1005,DEPARTMENT OF PUBLIC HEALTH,50,STIPENDS,43700
LOCAL,0100,CORPORATE FUND,41,DEPARTMENT OF PUBLIC HEALTH,1005,DEPARTMENT OF PUBLIC HEALTH,91,UNIFORM ALLOWANCE,8607
LOCAL,0100,CORPORATE FUND,41,DEPARTMENT OF PUBLIC HEALTH,1005,DEPARTMENT OF PUBLIC HEALTH,125,OFFICE AND BUILDING SERVICES,132000
LOCAL,0100,CORPORATE FUND,41,DEPARTMENT OF PUBLIC HEALTH,1005,DEPARTMENT OF PUBLIC HEALTH,130,POSTAGE,24906
LOCAL,0100,CORPORATE FUND,41,DEPARTMENT OF PUBLIC HEALTH,1005,DEPARTMENT OF PUBLIC HEALTH,135,DELEGATE AGENCIES,11879790
LOCAL,0100,CORPORATE FUND,41,DEPARTMENT OF PUBLIC HEALTH,1005,DEPARTMENT OF PUBLIC HEALTH,138,IT MAINTENANCE,6536
LOCAL,0100,CORPORATE FUND,41,DEPARTMENT OF PUBLIC HEALTH,1005,DEPARTMENT OF PUBLIC HEALTH,140,PROFESSIONAL AND TECHNICAL SERVICES,2092424
LOCAL,0100,CORPORATE FUND,41,DEPARTMENT OF PUBLIC HEALTH,1005,DEPARTMENT OF PUBLIC HEALTH,148,TESTING AND INSPECTING,1000
LOCAL,0100,CORPORATE FUND,41,DEPARTMENT OF PUBLIC HEALTH,1005,DEPARTMENT OF PUBLIC HEALTH,149,SOFTWARE MAINTENANCE AND LICENSING,29020
LOCAL,0100,CORPORATE FUND,41,DEPARTMENT OF PUBLIC HEALTH,1005,DEPARTMENT OF PUBLIC HEALTH,150,PUBLICATN & REPRODT-OUT,37562
LOCAL,0100,CORPORATE FUND,41,DEPARTMENT OF PUBLIC HEALTH,1005,DEPARTMENT OF PUBLIC HEALTH,152,ADVERTISING,35000
LOCAL,0100,CORPORATE FUND,41,DEPARTMENT OF PUBLIC HEALTH,1005,DEPARTMENT OF PUBLIC HEALTH,157,RENTAL EQUIPMENT AND SERVICES,6704
LOCAL,0100,CORPORATE FUND,41,DEPARTMENT OF PUBLIC HEALTH,1005,DEPARTMENT OF PUBLIC HEALTH,159,LEASE/PURCHASE EQUIPMENT,160000
LOCAL,0100,CORPORATE FUND,41,DEPARTMENT OF PUBLIC HEALTH,1005,DEPARTMENT OF PUBLIC HEALTH,162,REPAIR/MAINT EQUIPMENT,4720
LOCAL,0100,CORPORATE FUND,41,DEPARTMENT OF PUBLIC HEALTH,1005,DEPARTMENT OF PUBLIC HEALTH,166,DUES  SUBSC & MEM,67457
LOCAL,0100,CORPORATE FUND,41,DEPARTMENT OF PUBLIC HEALTH,1005,DEPARTMENT OF PUBLIC HEALTH,169,TECHNICAL MEETING COSTS,22176
LOCAL,0100,CORPORATE FUND,41,DEPARTMENT OF PUBLIC HEALTH,1005,DEPARTMENT OF PUBLIC HEALTH,179,MESSENGER SERVICES,10000
LOCAL,0100,CORPORATE FUND,41,DEPARTMENT OF PUBLIC HEALTH,1005,DEPARTMENT OF PUBLIC HEALTH,181,MOBILE COMMUNICATION SERVICES,214285
LOCAL,0100,CORPORATE FUND,41,DEPARTMENT OF PUBLIC HEALTH,1005,DEPARTMENT OF PUBLIC HEALTH,189,TELEPHONE - NON-CENTREX BILLINGS,8500
LOCAL,0100,CORPORATE FUND,41,DEPARTMENT OF PUBLIC HEALTH,1005,DEPARTMENT OF PUBLIC HEALTH,190,TELEPHONE - NON-CENTREX BILLINGS,176436
LOCAL,0100,CORPORATE FUND,41,DEPARTMENT OF PUBLIC HEALTH,1005,DEPARTMENT OF PUBLIC HEALTH,196,DATA CIRCUITS,230000
LOCAL,0100,CORPORATE FUND,41,DEPARTMENT OF PUBLIC HEALTH,1005,DEPARTMENT OF PUBLIC HEALTH,197,TELEPHONE - MAINTENANCE,14875
LOCAL,0100,CORPORATE FUND,41,DEPARTMENT OF PUBLIC HEALTH,1005,DEPARTMENT OF PUBLIC HEALTH,229,TRANSPORTATION AND EXPENSE ALLOWANCE,2250
LOCAL,0100,CORPORATE FUND,41,DEPARTMENT OF PUBLIC HEALTH,1005,DEPARTMENT OF PUBLIC HEALTH,245,REIMBURSEMENT TO TRAVELERS,5450
LOCAL,0100,CORPORATE FUND,41,DEPARTMENT OF PUBLIC HEALTH,1005,DEPARTMENT OF PUBLIC HEALTH,270,LOCAL TRANSPORTATION,3150
LOCAL,0100,CORPORATE FUND,41,DEPARTMENT OF PUBLIC HEALTH,1005,DEPARTMENT OF PUBLIC HEALTH,330,FOOD,800
LOCAL,0100,CORPORATE FUND,41,DEPARTMENT OF PUBLIC HEALTH,1005,DEPARTMENT OF PUBLIC HEALTH,340,MATERIAL AND SUPPLIES,33633
LOCAL,0100,CORPORATE FUND,41,DEPARTMENT OF PUBLIC HEALTH,1005,DEPARTMENT OF PUBLIC HEALTH,342,DRUGS  MEDICINE AND CHEMICAL MATERIALS,671215
LOCAL,0100,CORPORATE FUND,41,DEPARTMENT OF PUBLIC HEALTH,1005,DEPARTMENT OF PUBLIC HEALTH,348,BOOKS AND RELATED MATERIAL,832
LOCAL,0100,CORPORATE FUND,41,DEPARTMENT OF PUBLIC HEALTH,1005,DEPARTMENT OF PUBLIC HEALTH,350,STATIONERY AND OFFICE SUPPLIES,20000
LOCAL,0100,CORPORATE FUND,41,DEPARTMENT OF PUBLIC HEALTH,1005,DEPARTMENT OF PUBLIC HEALTH,445,TECHNICAL AND SCIENTIFIC EQUIPMENT,30234
LOCAL,0100,CORPORATE FUND,45,COMMISSION ON HUMAN RELATIONS,2005,HUMAN RELATIONS,5,SALARIES AND WAGES - ON PAYROLL,1094682
LOCAL,0100,CORPORATE FUND,45,COMMISSION ON HUMAN RELATIONS,2005,HUMAN RELATIONS,130,POSTAGE,4350
LOCAL,0100,CORPORATE FUND,45,COMMISSION ON HUMAN RELATIONS,2005,HUMAN RELATIONS,140,PROFESSIONAL AND TECHNICAL SERVICES,42400
LOCAL,0100,CORPORATE FUND,45,COMMISSION ON HUMAN RELATIONS,2005,HUMAN RELATIONS,143,COURT REPORTING,8660
LOCAL,0100,CORPORATE FUND,45,COMMISSION ON HUMAN RELATIONS,2005,HUMAN RELATIONS,159,LEASE/PURCHASE EQUIPMENT,3837
LOCAL,0100,CORPORATE FUND,45,COMMISSION ON HUMAN RELATIONS,2005,HUMAN RELATIONS,162,REPAIR/MAINT EQUIPMENT,600
LOCAL,0100,CORPORATE FUND,45,COMMISSION ON HUMAN RELATIONS,2005,HUMAN RELATIONS,166,DUES  SUBSC & MEM,4980
LOCAL,0100,CORPORATE FUND,45,COMMISSION ON HUMAN RELATIONS,2005,HUMAN RELATIONS,190,TELEPHONE - NON-CENTREX BILLINGS,3500
LOCAL,0100,CORPORATE FUND,45,COMMISSION ON HUMAN RELATIONS,2005,HUMAN RELATIONS,197,TELEPHONE - MAINTENANCE,410
LOCAL,0100,CORPORATE FUND,45,COMMISSION ON HUMAN RELATIONS,2005,HUMAN RELATIONS,270,LOCAL TRANSPORTATION,600
LOCAL,0100,CORPORATE FUND,45,COMMISSION ON HUMAN RELATIONS,2005,HUMAN RELATIONS,350,STATIONERY AND OFFICE SUPPLIES,1500
LOCAL,0100,CORPORATE FUND,48,MOPD,2005,MOPD,5,SALARIES AND WAGES - ON PAYROLL,1176828
LOCAL,0100,CORPORATE FUND,48,MOPD,2005,MOPD,39,STUDENT AS TRAINEES,7525
LOCAL,0100,CORPORATE FUND,48,MOPD,2005,MOPD,130,POSTAGE,1650
LOCAL,0100,CORPORATE FUND,48,MOPD,2005,MOPD,140,PROFESSIONAL AND TECHNICAL SERVICES,136812
LOCAL,0100,CORPORATE FUND,48,MOPD,2005,MOPD,157,RENTAL EQUIPMENT AND SERVICES,14796
LOCAL,0100,CORPORATE FUND,48,MOPD,2005,MOPD,159,LEASE/PURCHASE EQUIPMENT,14380
LOCAL,0100,CORPORATE FUND,48,MOPD,2005,MOPD,162,REPAIR/MAINT EQUIPMENT,1568
LOCAL,0100,CORPORATE FUND,48,MOPD,2005,MOPD,169,TECHNICAL MEETING COSTS,3705
LOCAL,0100,CORPORATE FUND,48,MOPD,2005,MOPD,181,MOBILE COMMUNICATION SERVICES,2464
LOCAL,0100,CORPORATE FUND,48,MOPD,2005,MOPD,190,TELEPHONE - NON-CENTREX BILLINGS,12900
LOCAL,0100,CORPORATE FUND,48,MOPD,2005,MOPD,197,TELEPHONE - MAINTENANCE,920
LOCAL,0100,CORPORATE FUND,48,MOPD,2005,MOPD,245,REIMBURSEMENT TO TRAVELERS,2234
LOCAL,0100,CORPORATE FUND,48,MOPD,2005,MOPD,340,MATERIAL AND SUPPLIES,1199
LOCAL,0100,CORPORATE FUND,48,MOPD,2005,MOPD,350,STATIONERY AND OFFICE SUPPLIES,7387
LOCAL,0100,CORPORATE FUND,48,MOPD,2005,MOPD,9438,REIMBURSEMENT - 2FM,20000
LOCAL,0100,CORPORATE FUND,50,FAMILY AND SUPPORT SERVICES,2005,FAMILY AND SUPPORT SERVICES,5,SALARIES AND WAGES - ON PAYROLL,4531950
LOCAL,0100,CORPORATE FUND,50,FAMILY AND SUPPORT SERVICES,2005,FAMILY AND SUPPORT SERVICES,15,SCHEDULE SALARY ADJUSTMENTS,14297
LOCAL,0100,CORPORATE FUND,50,FAMILY AND SUPPORT SERVICES,2005,FAMILY AND SUPPORT SERVICES,125,OFFICE AND BUILDING SERVICES,31853
LOCAL,0100,CORPORATE FUND,50,FAMILY AND SUPPORT SERVICES,2005,FAMILY AND SUPPORT SERVICES,130,POSTAGE,29443
LOCAL,0100,CORPORATE FUND,50,FAMILY AND SUPPORT SERVICES,2005,FAMILY AND SUPPORT SERVICES,140,PROFESSIONAL AND TECHNICAL SERVICES,365466
LOCAL,0100,CORPORATE FUND,50,FAMILY AND SUPPORT SERVICES,2005,FAMILY AND SUPPORT SERVICES,152,ADVERTISING,1780
LOCAL,0100,CORPORATE FUND,50,FAMILY AND SUPPORT SERVICES,2005,FAMILY AND SUPPORT SERVICES,159,LEASE/PURCHASE EQUIPMENT,43377
LOCAL,0100,CORPORATE FUND,50,FAMILY AND SUPPORT SERVICES,2005,FAMILY AND SUPPORT SERVICES,166,DUES  SUBSC & MEM,11479
LOCAL,0100,CORPORATE FUND,50,FAMILY AND SUPPORT SERVICES,2005,FAMILY AND SUPPORT SERVICES,169,TECHNICAL MEETING COSTS,27060
LOCAL,0100,CORPORATE FUND,50,FAMILY AND SUPPORT SERVICES,2005,FAMILY AND SUPPORT SERVICES,181,MOBILE COMMUNICATION SERVICES,34520
LOCAL,0100,CORPORATE FUND,50,FAMILY AND SUPPORT SERVICES,2005,FAMILY AND SUPPORT SERVICES,190,TELEPHONE - NON-CENTREX BILLINGS,40000
LOCAL,0100,CORPORATE FUND,50,FAMILY AND SUPPORT SERVICES,2005,FAMILY AND SUPPORT SERVICES,196,DATA CIRCUITS,36000
LOCAL,0100,CORPORATE FUND,50,FAMILY AND SUPPORT SERVICES,2005,FAMILY AND SUPPORT SERVICES,197,TELEPHONE - MAINTENANCE,3470
LOCAL,0100,CORPORATE FUND,50,FAMILY AND SUPPORT SERVICES,2005,FAMILY AND SUPPORT SERVICES,245,REIMBURSEMENT TO TRAVELERS,3000
LOCAL,0100,CORPORATE FUND,50,FAMILY AND SUPPORT SERVICES,2005,FAMILY AND SUPPORT SERVICES,270,LOCAL TRANSPORTATION,800
LOCAL,0100,CORPORATE FUND,50,FAMILY AND SUPPORT SERVICES,2005,FAMILY AND SUPPORT SERVICES,340,MATERIAL AND SUPPLIES,9890
LOCAL,0100,CORPORATE FUND,50,FAMILY AND SUPPORT SERVICES,2005,FAMILY AND SUPPORT SERVICES,350,STATIONERY AND OFFICE SUPPLIES,18150
LOCAL,0100,CORPORATE FUND,50,FAMILY AND SUPPORT SERVICES,2005,FAMILY AND SUPPORT SERVICES,9143,WORKFORCE SERVICES  TARGET POPULATION,1050000
LOCAL,0100,CORPORATE FUND,50,FAMILY AND SUPPORT SERVICES,2005,FAMILY AND SUPPORT SERVICES,9204,YOUTH MENTORING PROGRAMS,6000000
LOCAL,0100,CORPORATE FUND,50,FAMILY AND SUPPORT SERVICES,2005,FAMILY AND SUPPORT SERVICES,9253,EARLY CHILDHOOD EDUCATION PROGRAM,15075000
LOCAL,0100,CORPORATE FUND,50,FAMILY AND SUPPORT SERVICES,2005,FAMILY AND SUPPORT SERVICES,9254,VIOLENCE REDUCTION PROGRAM,2605000
LOCAL,0100,CORPORATE FUND,50,FAMILY AND SUPPORT SERVICES,2005,FAMILY AND SUPPORT SERVICES,9255,HOMELESS SERVICES FOR YOUTH,1540979
LOCAL,0100,CORPORATE FUND,50,FAMILY AND SUPPORT SERVICES,2005,FAMILY AND SUPPORT SERVICES,9259,SUMMER PROGRAMS,16663403
LOCAL,0100,CORPORATE FUND,50,FAMILY AND SUPPORT SERVICES,2005,FAMILY AND SUPPORT SERVICES,9260,AFTER SCHOOL PROGRAMS,17756201
LOCAL,0100,CORPORATE FUND,50,FAMILY AND SUPPORT SERVICES,2005,FAMILY AND SUPPORT SERVICES,9261,CHILDREN'S ADVOCACY CENTER,900000
LOCAL,0100,CORPORATE FUND,50,FAMILY AND SUPPORT SERVICES,2005,FAMILY AND SUPPORT SERVICES,9262,EITC,850000
LOCAL,0100,CORPORATE FUND,50,FAMILY AND SUPPORT SERVICES,2005,FAMILY AND SUPPORT SERVICES,9263,HOMELESS SERVICES,6899876
LOCAL,0100,CORPORATE FUND,50,FAMILY AND SUPPORT SERVICES,2005,FAMILY AND SUPPORT SERVICES,9290,HOMELESS SUPPORTIVE SERVICES,1800000
LOCAL,0100,CORPORATE FUND,50,FAMILY AND SUPPORT SERVICES,2005,FAMILY AND SUPPORT SERVICES,9438,REIMBURSEMENT - 2FM,92260
LOCAL,0100,CORPORATE FUND,54,PLANNING AND DEVELOPMENT,2005,Planning and Development,5,SALARIES AND WAGES - ON PAYROLL,9434520
LOCAL,0100,CORPORATE FUND,54,PLANNING AND DEVELOPMENT,2005,Planning and Development,15,SCHEDULE SALARY ADJUSTMENTS,18703
LOCAL,0100,CORPORATE FUND,54,PLANNING AND DEVELOPMENT,2005,Planning and Development,39,STUDENT AS TRAINEES,10000
LOCAL,0100,CORPORATE FUND,54,PLANNING AND DEVELOPMENT,2005,Planning and Development,50,STIPENDS,63000
LOCAL,0100,CORPORATE FUND,54,PLANNING AND DEVELOPMENT,2005,Planning and Development,130,POSTAGE,34765
LOCAL,0100,CORPORATE FUND,54,PLANNING AND DEVELOPMENT,2005,Planning and Development,135,DELEGATE AGENCIES,2011154
LOCAL,0100,CORPORATE FUND,54,PLANNING AND DEVELOPMENT,2005,Planning and Development,138,IT MAINTENANCE,29000
LOCAL,0100,CORPORATE FUND,54,PLANNING AND DEVELOPMENT,2005,Planning and Development,140,PROFESSIONAL AND TECHNICAL SERVICES,1031726
LOCAL,0100,CORPORATE FUND,54,PLANNING AND DEVELOPMENT,2005,Planning and Development,141,APPRAISALS,60875
LOCAL,0100,CORPORATE FUND,54,PLANNING AND DEVELOPMENT,2005,Planning and Development,143,COURT REPORTING,66800
LOCAL,0100,CORPORATE FUND,54,PLANNING AND DEVELOPMENT,2005,Planning and Development,149,SOFTWARE MAINTENANCE AND LICENSING,30220
LOCAL,0100,CORPORATE FUND,54,PLANNING AND DEVELOPMENT,2005,Planning and Development,150,PUBLICATN & REPRODT-OUT,1930
LOCAL,0100,CORPORATE FUND,54,PLANNING AND DEVELOPMENT,2005,Planning and Development,152,ADVERTISING,40460
LOCAL,0100,CORPORATE FUND,54,PLANNING AND DEVELOPMENT,2005,Planning and Development,159,LEASE/PURCHASE EQUIPMENT,51513
LOCAL,0100,CORPORATE FUND,54,PLANNING AND DEVELOPMENT,2005,Planning and Development,166,DUES  SUBSC & MEM,1960
LOCAL,0100,CORPORATE FUND,54,PLANNING AND DEVELOPMENT,2005,Planning and Development,169,TECHNICAL MEETING COSTS,24366
LOCAL,0100,CORPORATE FUND,54,PLANNING AND DEVELOPMENT,2005,Planning and Development,179,MESSENGER SERVICES,1120
LOCAL,0100,CORPORATE FUND,54,PLANNING AND DEVELOPMENT,2005,Planning and Development,181,MOBILE COMMUNICATION SERVICES,8184
LOCAL,0100,CORPORATE FUND,54,PLANNING AND DEVELOPMENT,2005,Planning and Development,190,TELEPHONE - NON-CENTREX BILLINGS,40000
LOCAL,0100,CORPORATE FUND,54,PLANNING AND DEVELOPMENT,2005,Planning and Development,197,TELEPHONE - MAINTENANCE,1460
LOCAL,0100,CORPORATE FUND,54,PLANNING AND DEVELOPMENT,2005,Planning and Development,229,TRANSPORTATION AND EXPENSE ALLOWANCE,2840
LOCAL,0100,CORPORATE FUND,54,PLANNING AND DEVELOPMENT,2005,Planning and Development,245,REIMBURSEMENT TO TRAVELERS,4470
LOCAL,0100,CORPORATE FUND,54,PLANNING AND DEVELOPMENT,2005,Planning and Development,340,MATERIAL AND SUPPLIES,7850
LOCAL,0100,CORPORATE FUND,54,PLANNING AND DEVELOPMENT,2005,Planning and Development,348,BOOKS AND RELATED MATERIAL,2533
LOCAL,0100,CORPORATE FUND,54,PLANNING AND DEVELOPMENT,2005,Planning and Development,350,STATIONERY AND OFFICE SUPPLIES,10500
LOCAL,0100,CORPORATE FUND,54,PLANNING AND DEVELOPMENT,2005,Planning and Development,446,PURCHASE - DATA HARDWARE,10000
LOCAL,0100,CORPORATE FUND,54,PLANNING AND DEVELOPMENT,2005,Planning and Development,9110,PROPERT MANAGEMENT MAIN,80000
LOCAL,0100,CORPORATE FUND,54,PLANNING AND DEVELOPMENT,2005,Planning and Development,9183,FORECLOSURE PREVENTION,339000
LOCAL,0100,CORPORATE FUND,54,PLANNING AND DEVELOPMENT,2005,Planning and Development,9211,SINGLE-FAMILY TROUBLED BUILDING INITIATI,75000
LOCAL,0100,CORPORATE FUND,54,PLANNING AND DEVELOPMENT,2005,Planning and Development,9212,MULTI-FAMILY TROUBLED BUILDING INITIATIV,175000
LOCAL,0100,CORPORATE FUND,54,PLANNING AND DEVELOPMENT,2005,Planning and Development,9224,MICRO MARKET RECOVERY,522700
LOCAL,0934,AFFORDABLE HOUSING OPPORTUNITY FUND,54,PLANNING AND DEVELOPMENT,2005,Planning and Development,5,SALARIES AND WAGES - ON PAYROLL,1136964
LOCAL,0934,AFFORDABLE HOUSING OPPORTUNITY FUND,54,PLANNING AND DEVELOPMENT,2005,Planning and Development,15,SCHEDULE SALARY ADJUSTMENTS,1338
LOCAL,0934,AFFORDABLE HOUSING OPPORTUNITY FUND,54,PLANNING AND DEVELOPMENT,2005,Planning and Development,39,STUDENT AS TRAINEES,15000
LOCAL,0934,AFFORDABLE HOUSING OPPORTUNITY FUND,54,PLANNING AND DEVELOPMENT,2005,Planning and Development,9213,AFFORDABLE HOUSING DENSITY PROGRAM,32949698
LOCAL,0B21,TIF ADMINISTRATION,54,PLANNING AND DEVELOPMENT,2005,Planning and Development,5,SALARIES AND WAGES - ON PAYROLL,3909908
LOCAL,0B21,TIF ADMINISTRATION,54,PLANNING AND DEVELOPMENT,2005,Planning and Development,15,SCHEDULE SALARY ADJUSTMENTS,9335
LOCAL,0B21,TIF ADMINISTRATION,54,PLANNING AND DEVELOPMENT,2005,Planning and Development,138,IT MAINTENANCE,120000
LOCAL,0B21,TIF ADMINISTRATION,54,PLANNING AND DEVELOPMENT,2005,Planning and Development,166,DUES  SUBSC & MEM,4275
LOCAL,0B21,TIF ADMINISTRATION,54,PLANNING AND DEVELOPMENT,2005,Planning and Development,169,TECHNICAL MEETING COSTS,13800
LOCAL,0B21,TIF ADMINISTRATION,54,PLANNING AND DEVELOPMENT,2005,Planning and Development,9454,REIMBURSEMENT - DPD,125000
LOCAL,0B82,NEIGHBORHOOD OPPORTUNITY FUND,54,PLANNING AND DEVELOPMENT,2005,Planning and Development,140,PROFESSIONAL AND TECHNICAL SERVICES,485000
LOCAL,0B82,NEIGHBORHOOD OPPORTUNITY FUND,54,PLANNING AND DEVELOPMENT,2005,Planning and Development,9266,NEIGHBORHOOD OPPORTUNITY,9215000
LOCAL,0100,CORPORATE FUND,55,POLICE BOARD,2005,POLICE BOARD,5,SALARIES AND WAGES - ON PAYROLL,172272
LOCAL,0100,CORPORATE FUND,55,POLICE BOARD,2005,POLICE BOARD,140,PROFESSIONAL AND TECHNICAL SERVICES,114350
LOCAL,0100,CORPORATE FUND,55,POLICE BOARD,2005,POLICE BOARD,143,COURT REPORTING,70000
LOCAL,0100,CORPORATE FUND,55,POLICE BOARD,2005,POLICE BOARD,157,RENTAL EQUIPMENT AND SERVICES,2558
LOCAL,0100,CORPORATE FUND,55,POLICE BOARD,2005,POLICE BOARD,169,TECHNICAL MEETING COSTS,1024
LOCAL,0100,CORPORATE FUND,55,POLICE BOARD,2005,POLICE BOARD,181,MOBILE COMMUNICATION SERVICES,700
LOCAL,0100,CORPORATE FUND,55,POLICE BOARD,2005,POLICE BOARD,270,LOCAL TRANSPORTATION,500
LOCAL,0100,CORPORATE FUND,55,POLICE BOARD,2005,POLICE BOARD,348,BOOKS AND RELATED MATERIAL,90
LOCAL,0100,CORPORATE FUND,55,POLICE BOARD,2005,POLICE BOARD,350,STATIONERY AND OFFICE SUPPLIES,900
LOCAL,0100,CORPORATE FUND,56,IPRA,2005,IPRA,5,SALARIES AND WAGES - ON PAYROLL,2850733
LOCAL,0100,CORPORATE FUND,56,IPRA,2005,IPRA,15,SCHEDULE SALARY ADJUSTMENTS,5590
LOCAL,0100,CORPORATE FUND,56,IPRA,2005,IPRA,20,OVERTIME,40000
LOCAL,0100,CORPORATE FUND,57,CHICAGO POLICE DEPARTMENT,1005,Chicago Police Department,5,SALARIES AND WAGES - ON PAYROLL,1148659265
LOCAL,0100,CORPORATE FUND,57,CHICAGO POLICE DEPARTMENT,1005,Chicago Police Department,11,CONTRACT WAGE - SALARY,443510
LOCAL,0100,CORPORATE FUND,57,CHICAGO POLICE DEPARTMENT,1005,Chicago Police Department,15,SCHEDULE SALARY ADJUSTMENTS,5803362
LOCAL,0100,CORPORATE FUND,57,CHICAGO POLICE DEPARTMENT,1005,Chicago Police Department,20,OVERTIME,75000000
LOCAL,0100,CORPORATE FUND,57,CHICAGO POLICE DEPARTMENT,1005,Chicago Police Department,21,SWORN/CIVILIAN HOLIDAY PREMIUM PAY,4166635
LOCAL,0100,CORPORATE FUND,57,CHICAGO POLICE DEPARTMENT,1005,Chicago Police Department,22,DUTY AVAILABILITY,40578724
LOCAL,0100,CORPORATE FUND,57,CHICAGO POLICE DEPARTMENT,1005,Chicago Police Department,24,COMPENSATORY TIME PAYMENT,14975245
LOCAL,0100,CORPORATE FUND,57,CHICAGO POLICE DEPARTMENT,1005,Chicago Police Department,27,SUPERVISORS QUARTERLY PAYMENT,9495261
LOCAL,0100,CORPORATE FUND,57,CHICAGO POLICE DEPARTMENT,1005,Chicago Police Department,32,REIMBURSABLE OVERTIME,6000000
LOCAL,0100,CORPORATE FUND,57,CHICAGO POLICE DEPARTMENT,1005,Chicago Police Department,60,SPECIALTY PAY,15002914
LOCAL,0100,CORPORATE FUND,57,CHICAGO POLICE DEPARTMENT,1005,Chicago Police Department,70,TUITION REIMBURSEMENT,8000000
LOCAL,0100,CORPORATE FUND,57,CHICAGO POLICE DEPARTMENT,1005,Chicago Police Department,88,FURLOUGH / COMP TIME BUY-BACK,13444943
LOCAL,0100,CORPORATE FUND,57,CHICAGO POLICE DEPARTMENT,1005,Chicago Police Department,91,UNIFORM ALLOWANCE,22206100
LOCAL,0100,CORPORATE FUND,57,CHICAGO POLICE DEPARTMENT,1005,Chicago Police Department,125,OFFICE AND BUILDING SERVICES,500
LOCAL,0100,CORPORATE FUND,57,CHICAGO POLICE DEPARTMENT,1005,Chicago Police Department,130,POSTAGE,195000
LOCAL,0100,CORPORATE FUND,57,CHICAGO POLICE DEPARTMENT,1005,Chicago Police Department,138,IT MAINTENANCE,1758260
LOCAL,0100,CORPORATE FUND,57,CHICAGO POLICE DEPARTMENT,1005,Chicago Police Department,140,PROFESSIONAL AND TECHNICAL SERVICES,10131401
LOCAL,0100,CORPORATE FUND,57,CHICAGO POLICE DEPARTMENT,1005,Chicago Police Department,145,LEGAL EXPENSES,17000
LOCAL,0100,CORPORATE FUND,57,CHICAGO POLICE DEPARTMENT,1005,Chicago Police Department,148,TESTING AND INSPECTING,1200
LOCAL,0100,CORPORATE FUND,57,CHICAGO POLICE DEPARTMENT,1005,Chicago Police Department,149,SOFTWARE MAINTENANCE AND LICENSING,2056164
LOCAL,0100,CORPORATE FUND,57,CHICAGO POLICE DEPARTMENT,1005,Chicago Police Department,152,ADVERTISING,2400
LOCAL,0100,CORPORATE FUND,57,CHICAGO POLICE DEPARTMENT,1005,Chicago Police Department,154,RENTAL-DATA HARDWARE EQ,760357
LOCAL,0100,CORPORATE FUND,57,CHICAGO POLICE DEPARTMENT,1005,Chicago Police Department,157,RENTAL EQUIPMENT AND SERVICES,3756821
LOCAL,0100,CORPORATE FUND,57,CHICAGO POLICE DEPARTMENT,1005,Chicago Police Department,161,MAINT FACILITIES,185000
LOCAL,0100,CORPORATE FUND,57,CHICAGO POLICE DEPARTMENT,1005,Chicago Police Department,162,REPAIR/MAINT EQUIPMENT,378792
LOCAL,0100,CORPORATE FUND,57,CHICAGO POLICE DEPARTMENT,1005,Chicago Police Department,166,DUES  SUBSC & MEM,67297
LOCAL,0100,CORPORATE FUND,57,CHICAGO POLICE DEPARTMENT,1005,Chicago Police Department,169,TECHNICAL MEETING COSTS,135565
LOCAL,0100,CORPORATE FUND,57,CHICAGO POLICE DEPARTMENT,1005,Chicago Police Department,176,MAINTENANCE AND OPERATION - VEHICLES,3000
LOCAL,0100,CORPORATE FUND,57,CHICAGO POLICE DEPARTMENT,1005,Chicago Police Department,178,FREIGHT AND EXPRESS CHARGES,24000
LOCAL,0100,CORPORATE FUND,57,CHICAGO POLICE DEPARTMENT,1005,Chicago Police Department,181,MOBILE COMMUNICATION SERVICES,2726615
LOCAL,0100,CORPORATE FUND,57,CHICAGO POLICE DEPARTMENT,1005,Chicago Police Department,185,WASTE DISPOSAL SERVICES,29200
LOCAL,0100,CORPORATE FUND,57,CHICAGO POLICE DEPARTMENT,1005,Chicago Police Department,189,TELEPHONE - NON-CENTREX BILLINGS,312250
LOCAL,0100,CORPORATE FUND,57,CHICAGO POLICE DEPARTMENT,1005,Chicago Police Department,190,TELEPHONE - NON-CENTREX BILLINGS,720000
LOCAL,0100,CORPORATE FUND,57,CHICAGO POLICE DEPARTMENT,1005,Chicago Police Department,196,DATA CIRCUITS,840000
LOCAL,0100,CORPORATE FUND,57,CHICAGO POLICE DEPARTMENT,1005,Chicago Police Department,197,TELEPHONE - MAINTENANCE,27630
LOCAL,0100,CORPORATE FUND,57,CHICAGO POLICE DEPARTMENT,1005,Chicago Police Department,245,REIMBURSEMENT TO TRAVELERS,305570
LOCAL,0100,CORPORATE FUND,57,CHICAGO POLICE DEPARTMENT,1005,Chicago Police Department,313,CLEANING AND SANITATION SUPPLIES,381
LOCAL,0100,CORPORATE FUND,57,CHICAGO POLICE DEPARTMENT,1005,Chicago Police Department,319,CLOTHING,5000
LOCAL,0100,CORPORATE FUND,57,CHICAGO POLICE DEPARTMENT,1005,Chicago Police Department,320,GASOLINE,85000
LOCAL,0100,CORPORATE FUND,57,CHICAGO POLICE DEPARTMENT,1005,Chicago Police Department,330,FOOD,179858
LOCAL,0100,CORPORATE FUND,57,CHICAGO POLICE DEPARTMENT,1005,Chicago Police Department,338,LICENSE STICKER TAG AND PLATES,750
LOCAL,0100,CORPORATE FUND,57,CHICAGO POLICE DEPARTMENT,1005,Chicago Police Department,340,MATERIAL AND SUPPLIES,4422708
LOCAL,0100,CORPORATE FUND,57,CHICAGO POLICE DEPARTMENT,1005,Chicago Police Department,342,DRUGS  MEDICINE AND CHEMICAL MATERIALS,9966
LOCAL,0100,CORPORATE FUND,57,CHICAGO POLICE DEPARTMENT,1005,Chicago Police Department,345,APPARATUS AND INSTRUMENTS,20111
LOCAL,0100,CORPORATE FUND,57,CHICAGO POLICE DEPARTMENT,1005,Chicago Police Department,348,BOOKS AND RELATED MATERIAL,24992
LOCAL,0100,CORPORATE FUND,57,CHICAGO POLICE DEPARTMENT,1005,Chicago Police Department,350,STATIONERY AND OFFICE SUPPLIES,597190
LOCAL,0100,CORPORATE FUND,57,CHICAGO POLICE DEPARTMENT,1005,Chicago Police Department,360,REPAIR PARTS AND MATERIAL,568494
LOCAL,0100,CORPORATE FUND,57,CHICAGO POLICE DEPARTMENT,1005,Chicago Police Department,430,LIVESTOCK,36250
LOCAL,0100,CORPORATE FUND,57,CHICAGO POLICE DEPARTMENT,1005,Chicago Police Department,931,TORT/NON-TORT JUDGMENT,19844350
LOCAL,0100,CORPORATE FUND,57,CHICAGO POLICE DEPARTMENT,1005,Chicago Police Department,937,HOSPITAL//MEDICAL - NOT WORKERS' COMP,19000000
LOCAL,0100,CORPORATE FUND,57,CHICAGO POLICE DEPARTMENT,1005,Chicago Police Department,9067,PHYSICAL EXAMS,1736069
LOCAL,0610,MIDWAY AIRPORT FUND,57,CHICAGO POLICE DEPARTMENT,1005,Chicago Police Department,5,SALARIES AND WAGES - ON PAYROLL,4785087
LOCAL,0610,MIDWAY AIRPORT FUND,57,CHICAGO POLICE DEPARTMENT,1005,Chicago Police Department,20,OVERTIME,825000
LOCAL,0610,MIDWAY AIRPORT FUND,57,CHICAGO POLICE DEPARTMENT,1005,Chicago Police Department,21,SWORN/CIVILIAN HOLIDAY PREMIUM PAY,25750
LOCAL,0610,MIDWAY AIRPORT FUND,57,CHICAGO POLICE DEPARTMENT,1005,Chicago Police Department,22,DUTY AVAILABILITY,180000
LOCAL,0610,MIDWAY AIRPORT FUND,57,CHICAGO POLICE DEPARTMENT,1005,Chicago Police Department,24,COMPENSATORY TIME PAYMENT,350000
LOCAL,0610,MIDWAY AIRPORT FUND,57,CHICAGO POLICE DEPARTMENT,1005,Chicago Police Department,27,SUPERVISORS QUARTERLY PAYMENT,60000
LOCAL,0610,MIDWAY AIRPORT FUND,57,CHICAGO POLICE DEPARTMENT,1005,Chicago Police Department,60,SPECIALTY PAY,103000
LOCAL,0610,MIDWAY AIRPORT FUND,57,CHICAGO POLICE DEPARTMENT,1005,Chicago Police Department,70,TUITION REIMBURSEMENT,30000
LOCAL,0610,MIDWAY AIRPORT FUND,57,CHICAGO POLICE DEPARTMENT,1005,Chicago Police Department,88,FURLOUGH / COMP TIME BUY-BACK,75000
LOCAL,0610,MIDWAY AIRPORT FUND,57,CHICAGO POLICE DEPARTMENT,1005,Chicago Police Department,91,UNIFORM ALLOWANCE,90000
LOCAL,0610,MIDWAY AIRPORT FUND,57,CHICAGO POLICE DEPARTMENT,1005,Chicago Police Department,937,HOSPITAL//MEDICAL - NOT WORKERS' COMP,65000
LOCAL,0740,O HARE REVENUE FUND,57,CHICAGO POLICE DEPARTMENT,1005,Chicago Police Department,5,SALARIES AND WAGES - ON PAYROLL,14125440
LOCAL,0740,O HARE REVENUE FUND,57,CHICAGO POLICE DEPARTMENT,1005,Chicago Police Department,20,OVERTIME,2060000
LOCAL,0740,O HARE REVENUE FUND,57,CHICAGO POLICE DEPARTMENT,1005,Chicago Police Department,21,SWORN/CIVILIAN HOLIDAY PREMIUM PAY,46350
LOCAL,0740,O HARE REVENUE FUND,57,CHICAGO POLICE DEPARTMENT,1005,Chicago Police Department,22,DUTY AVAILABILITY,558000
LOCAL,0740,O HARE REVENUE FUND,57,CHICAGO POLICE DEPARTMENT,1005,Chicago Police Department,24,COMPENSATORY TIME PAYMENT,1000000
LOCAL,0740,O HARE REVENUE FUND,57,CHICAGO POLICE DEPARTMENT,1005,Chicago Police Department,27,SUPERVISORS QUARTERLY PAYMENT,87500
LOCAL,0740,O HARE REVENUE FUND,57,CHICAGO POLICE DEPARTMENT,1005,Chicago Police Department,60,SPECIALTY PAY,190550
LOCAL,0740,O HARE REVENUE FUND,57,CHICAGO POLICE DEPARTMENT,1005,Chicago Police Department,70,TUITION REIMBURSEMENT,60000
LOCAL,0740,O HARE REVENUE FUND,57,CHICAGO POLICE DEPARTMENT,1005,Chicago Police Department,88,FURLOUGH / COMP TIME BUY-BACK,160000
LOCAL,0740,O HARE REVENUE FUND,57,CHICAGO POLICE DEPARTMENT,1005,Chicago Police Department,91,UNIFORM ALLOWANCE,234000
LOCAL,0740,O HARE REVENUE FUND,57,CHICAGO POLICE DEPARTMENT,1005,Chicago Police Department,937,HOSPITAL//MEDICAL - NOT WORKERS' COMP,100000
LOCAL,0100,CORPORATE FUND,58,OEMC,2705,OEMC,5,SALARIES AND WAGES - ON PAYROLL,75049149
LOCAL,0100,CORPORATE FUND,58,OEMC,2705,OEMC,11,CONTRACT WAGE - SALARY,1554537
LOCAL,0100,CORPORATE FUND,58,OEMC,2705,OEMC,12,CONTRACT WAGE - PREVAILING RATE,121670
LOCAL,0100,CORPORATE FUND,58,OEMC,2705,OEMC,15,SCHEDULE SALARY ADJUSTMENTS,196899
LOCAL,0100,CORPORATE FUND,58,OEMC,2705,OEMC,20,OVERTIME,6050000
LOCAL,0100,CORPORATE FUND,58,OEMC,2705,OEMC,25,CROSSING GUARDS - VACATION PAYOUT,1100000
LOCAL,0100,CORPORATE FUND,58,OEMC,2705,OEMC,39,STUDENT AS TRAINEES,21000
LOCAL,0100,CORPORATE FUND,58,OEMC,2705,OEMC,91,UNIFORM ALLOWANCE,746750
LOCAL,0100,CORPORATE FUND,58,OEMC,2705,OEMC,130,POSTAGE,7450
LOCAL,0100,CORPORATE FUND,58,OEMC,2705,OEMC,138,IT MAINTENANCE,4956202
LOCAL,0100,CORPORATE FUND,58,OEMC,2705,OEMC,140,PROFESSIONAL AND TECHNICAL SERVICES,3561644
LOCAL,0100,CORPORATE FUND,58,OEMC,2705,OEMC,149,SOFTWARE MAINTENANCE AND LICENSING,30000
LOCAL,0100,CORPORATE FUND,58,OEMC,2705,OEMC,152,ADVERTISING,900
LOCAL,0100,CORPORATE FUND,58,OEMC,2705,OEMC,153,PROMOTIONS,977
LOCAL,0100,CORPORATE FUND,58,OEMC,2705,OEMC,154,RENTAL-DATA HARDWARE EQ,106073
LOCAL,0100,CORPORATE FUND,58,OEMC,2705,OEMC,157,RENTAL EQUIPMENT AND SERVICES,504715
LOCAL,0100,CORPORATE FUND,58,OEMC,2705,OEMC,162,REPAIR/MAINT EQUIPMENT,589081
LOCAL,0100,CORPORATE FUND,58,OEMC,2705,OEMC,166,DUES  SUBSC & MEM,17567
LOCAL,0100,CORPORATE FUND,58,OEMC,2705,OEMC,169,TECHNICAL MEETING COSTS,9259
LOCAL,0100,CORPORATE FUND,58,OEMC,2705,OEMC,178,FREIGHT AND EXPRESS CHARGES,800
LOCAL,0100,CORPORATE FUND,58,OEMC,2705,OEMC,181,MOBILE COMMUNICATION SERVICES,865400
LOCAL,0100,CORPORATE FUND,58,OEMC,2705,OEMC,189,TELEPHONE - NON-CENTREX BILLINGS,2938344
LOCAL,0100,CORPORATE FUND,58,OEMC,2705,OEMC,190,TELEPHONE - NON-CENTREX BILLINGS,340000
LOCAL,0100,CORPORATE FUND,58,OEMC,2705,OEMC,196,DATA CIRCUITS,1828600
LOCAL,0100,CORPORATE FUND,58,OEMC,2705,OEMC,197,TELEPHONE - MAINTENANCE,336100
LOCAL,0100,CORPORATE FUND,58,OEMC,2705,OEMC,229,TRANSPORTATION AND EXPENSE ALLOWANCE,77082
LOCAL,0100,CORPORATE FUND,58,OEMC,2705,OEMC,245,REIMBURSEMENT TO TRAVELERS,2935
LOCAL,0100,CORPORATE FUND,58,OEMC,2705,OEMC,270,LOCAL TRANSPORTATION,1700
LOCAL,0100,CORPORATE FUND,58,OEMC,2705,OEMC,319,CLOTHING,163949
LOCAL,0100,CORPORATE FUND,58,OEMC,2705,OEMC,340,MATERIAL AND SUPPLIES,485850
LOCAL,0100,CORPORATE FUND,58,OEMC,2705,OEMC,348,BOOKS AND RELATED MATERIAL,240
LOCAL,0100,CORPORATE FUND,58,OEMC,2705,OEMC,350,STATIONERY AND OFFICE SUPPLIES,49638
LOCAL,0100,CORPORATE FUND,58,OEMC,2705,OEMC,360,REPAIR PARTS AND MATERIAL,497150
LOCAL,0100,CORPORATE FUND,58,OEMC,2705,OEMC,365,ELECTRICAL SUPPLIES,106300
LOCAL,0100,CORPORATE FUND,58,OEMC,2705,OEMC,401,TOOL <= $100 UNIT,39000
LOCAL,0100,CORPORATE FUND,58,OEMC,2705,OEMC,423,COMMUNICATION DEVICES,48727
LOCAL,0610,MIDWAY AIRPORT FUND,58,OEMC,2705,OEMC,5,SALARIES AND WAGES - ON PAYROLL,7506019
LOCAL,0610,MIDWAY AIRPORT FUND,58,OEMC,2705,OEMC,11,CONTRACT WAGE - SALARY,231332
LOCAL,0610,MIDWAY AIRPORT FUND,58,OEMC,2705,OEMC,15,SCHEDULE SALARY ADJUSTMENTS,12420
LOCAL,0610,MIDWAY AIRPORT FUND,58,OEMC,2705,OEMC,20,OVERTIME,145000
LOCAL,0610,MIDWAY AIRPORT FUND,58,OEMC,2705,OEMC,91,UNIFORM ALLOWANCE,7350
LOCAL,0610,MIDWAY AIRPORT FUND,58,OEMC,2705,OEMC,319,CLOTHING,56700
LOCAL,0610,MIDWAY AIRPORT FUND,58,OEMC,2705,OEMC,340,MATERIAL AND SUPPLIES,8250
LOCAL,0610,MIDWAY AIRPORT FUND,58,OEMC,2705,OEMC,423,COMMUNICATION DEVICES,17500
LOCAL,0740,O HARE REVENUE FUND,58,OEMC,2705,OEMC,5,SALARIES AND WAGES - ON PAYROLL,6017776
LOCAL,0740,O HARE REVENUE FUND,58,OEMC,2705,OEMC,11,CONTRACT WAGE - SALARY,148750
LOCAL,0740,O HARE REVENUE FUND,58,OEMC,2705,OEMC,15,SCHEDULE SALARY ADJUSTMENTS,15180
LOCAL,0740,O HARE REVENUE FUND,58,OEMC,2705,OEMC,20,OVERTIME,185000
LOCAL,0740,O HARE REVENUE FUND,58,OEMC,2705,OEMC,91,UNIFORM ALLOWANCE,14050
LOCAL,0740,O HARE REVENUE FUND,58,OEMC,2705,OEMC,319,CLOTHING,13695
LOCAL,0740,O HARE REVENUE FUND,58,OEMC,2705,OEMC,340,MATERIAL AND SUPPLIES,6638
LOCAL,0740,O HARE REVENUE FUND,58,OEMC,2705,OEMC,423,COMMUNICATION DEVICES,35000
LOCAL,0100,CORPORATE FUND,59,CHICAGO FIRE DEPARTMENT,2005,Chicago Fire Department,5,SALARIES AND WAGES - ON PAYROLL,456539391
LOCAL,0100,CORPORATE FUND,59,CHICAGO FIRE DEPARTMENT,2005,Chicago Fire Department,12,CONTRACT WAGE - PREVAILING RATE,2207
LOCAL,0100,CORPORATE FUND,59,CHICAGO FIRE DEPARTMENT,2005,Chicago Fire Department,15,SCHEDULE SALARY ADJUSTMENTS,2180996
LOCAL,0100,CORPORATE FUND,59,CHICAGO FIRE DEPARTMENT,2005,Chicago Fire Department,20,OVERTIME,30000000
LOCAL,0100,CORPORATE FUND,59,CHICAGO FIRE DEPARTMENT,2005,Chicago Fire Department,21,SWORN/CIVILIAN HOLIDAY PREMIUM PAY,19560346
LOCAL,0100,CORPORATE FUND,59,CHICAGO FIRE DEPARTMENT,2005,Chicago Fire Department,22,DUTY AVAILABILITY,15769291
LOCAL,0100,CORPORATE FUND,59,CHICAGO FIRE DEPARTMENT,2005,Chicago Fire Department,24,COMPENSATORY TIME PAYMENT,780000
LOCAL,0100,CORPORATE FUND,59,CHICAGO FIRE DEPARTMENT,2005,Chicago Fire Department,28,COOPERATIVE EDUCATION PROGRAM,4254000
LOCAL,0100,CORPORATE FUND,59,CHICAGO FIRE DEPARTMENT,2005,Chicago Fire Department,39,STUDENT AS TRAINEES,7125
LOCAL,0100,CORPORATE FUND,59,CHICAGO FIRE DEPARTMENT,2005,Chicago Fire Department,60,SPECIALTY PAY,17892550
LOCAL,0100,CORPORATE FUND,59,CHICAGO FIRE DEPARTMENT,2005,Chicago Fire Department,61,DRIVER'S DIFFERENTIAL,4569000
LOCAL,0100,CORPORATE FUND,59,CHICAGO FIRE DEPARTMENT,2005,Chicago Fire Department,62,REQUIRED CERTIFICATIONS,90000
LOCAL,0100,CORPORATE FUND,59,CHICAGO FIRE DEPARTMENT,2005,Chicago Fire Department,63,FITNESS BENEFIT,900000
LOCAL,0100,CORPORATE FUND,59,CHICAGO FIRE DEPARTMENT,2005,Chicago Fire Department,70,TUITION REIMBURSEMENT,595000
LOCAL,0100,CORPORATE FUND,59,CHICAGO FIRE DEPARTMENT,2005,Chicago Fire Department,88,FURLOUGH / COMP TIME BUY-BACK,4250000
LOCAL,0100,CORPORATE FUND,59,CHICAGO FIRE DEPARTMENT,2005,Chicago Fire Department,91,UNIFORM ALLOWANCE,4895000
LOCAL,0100,CORPORATE FUND,59,CHICAGO FIRE DEPARTMENT,2005,Chicago Fire Department,130,POSTAGE,22260
LOCAL,0100,CORPORATE FUND,59,CHICAGO FIRE DEPARTMENT,2005,Chicago Fire Department,138,IT MAINTENANCE,559000
LOCAL,0100,CORPORATE FUND,59,CHICAGO FIRE DEPARTMENT,2005,Chicago Fire Department,140,PROFESSIONAL AND TECHNICAL SERVICES,3690078
LOCAL,0100,CORPORATE FUND,59,CHICAGO FIRE DEPARTMENT,2005,Chicago Fire Department,149,SOFTWARE MAINTENANCE AND LICENSING,4000
LOCAL,0100,CORPORATE FUND,59,CHICAGO FIRE DEPARTMENT,2005,Chicago Fire Department,157,RENTAL EQUIPMENT AND SERVICES,76995
LOCAL,0100,CORPORATE FUND,59,CHICAGO FIRE DEPARTMENT,2005,Chicago Fire Department,159,LEASE/PURCHASE EQUIPMENT,82500
LOCAL,0100,CORPORATE FUND,59,CHICAGO FIRE DEPARTMENT,2005,Chicago Fire Department,160,REPAIR/MAINT PROPERTY,12000
LOCAL,0100,CORPORATE FUND,59,CHICAGO FIRE DEPARTMENT,2005,Chicago Fire Department,162,REPAIR/MAINT EQUIPMENT,889157
LOCAL,0100,CORPORATE FUND,59,CHICAGO FIRE DEPARTMENT,2005,Chicago Fire Department,166,DUES  SUBSC & MEM,5150
LOCAL,0100,CORPORATE FUND,59,CHICAGO FIRE DEPARTMENT,2005,Chicago Fire Department,169,TECHNICAL MEETING COSTS,5343
LOCAL,0100,CORPORATE FUND,59,CHICAGO FIRE DEPARTMENT,2005,Chicago Fire Department,181,MOBILE COMMUNICATION SERVICES,355556
LOCAL,0100,CORPORATE FUND,59,CHICAGO FIRE DEPARTMENT,2005,Chicago Fire Department,186,PAGERS,400
LOCAL,0100,CORPORATE FUND,59,CHICAGO FIRE DEPARTMENT,2005,Chicago Fire Department,189,TELEPHONE - NON-CENTREX BILLINGS,148800
LOCAL,0100,CORPORATE FUND,59,CHICAGO FIRE DEPARTMENT,2005,Chicago Fire Department,190,TELEPHONE - NON-CENTREX BILLINGS,134000
LOCAL,0100,CORPORATE FUND,59,CHICAGO FIRE DEPARTMENT,2005,Chicago Fire Department,196,DATA CIRCUITS,188000
LOCAL,0100,CORPORATE FUND,59,CHICAGO FIRE DEPARTMENT,2005,Chicago Fire Department,197,TELEPHONE - MAINTENANCE,7000
LOCAL,0100,CORPORATE FUND,59,CHICAGO FIRE DEPARTMENT,2005,Chicago Fire Department,229,TRANSPORTATION AND EXPENSE ALLOWANCE,43000
LOCAL,0100,CORPORATE FUND,59,CHICAGO FIRE DEPARTMENT,2005,Chicago Fire Department,245,REIMBURSEMENT TO TRAVELERS,6000
LOCAL,0100,CORPORATE FUND,59,CHICAGO FIRE DEPARTMENT,2005,Chicago Fire Department,270,LOCAL TRANSPORTATION,1900
LOCAL,0100,CORPORATE FUND,59,CHICAGO FIRE DEPARTMENT,2005,Chicago Fire Department,318,OTHER FUEL,6000
LOCAL,0100,CORPORATE FUND,59,CHICAGO FIRE DEPARTMENT,2005,Chicago Fire Department,338,LICENSE STICKER TAG AND PLATES,3915
LOCAL,0100,CORPORATE FUND,59,CHICAGO FIRE DEPARTMENT,2005,Chicago Fire Department,340,MATERIAL AND SUPPLIES,1276009
LOCAL,0100,CORPORATE FUND,59,CHICAGO FIRE DEPARTMENT,2005,Chicago Fire Department,342,DRUGS  MEDICINE AND CHEMICAL MATERIALS,764005
LOCAL,0100,CORPORATE FUND,59,CHICAGO FIRE DEPARTMENT,2005,Chicago Fire Department,345,APPARATUS AND INSTRUMENTS,348000
LOCAL,0100,CORPORATE FUND,59,CHICAGO FIRE DEPARTMENT,2005,Chicago Fire Department,348,BOOKS AND RELATED MATERIAL,6505
LOCAL,0100,CORPORATE FUND,59,CHICAGO FIRE DEPARTMENT,2005,Chicago Fire Department,350,STATIONERY AND OFFICE SUPPLIES,106080
LOCAL,0100,CORPORATE FUND,59,CHICAGO FIRE DEPARTMENT,2005,Chicago Fire Department,360,REPAIR PARTS AND MATERIAL,256000
LOCAL,0100,CORPORATE FUND,59,CHICAGO FIRE DEPARTMENT,2005,Chicago Fire Department,422,OFFICE MACHINES,4000
LOCAL,0100,CORPORATE FUND,59,CHICAGO FIRE DEPARTMENT,2005,Chicago Fire Department,424,FURNITURE AND FURNISHINGS,160000
LOCAL,0100,CORPORATE FUND,59,CHICAGO FIRE DEPARTMENT,2005,Chicago Fire Department,931,TORT/NON-TORT JUDGMENT,2702000
LOCAL,0100,CORPORATE FUND,59,CHICAGO FIRE DEPARTMENT,2005,Chicago Fire Department,937,HOSPITAL//MEDICAL - NOT WORKERS' COMP,9000000
LOCAL,0100,CORPORATE FUND,59,CHICAGO FIRE DEPARTMENT,2005,Chicago Fire Department,9067,PHYSICAL EXAMS,1080000
LOCAL,0610,MIDWAY AIRPORT FUND,59,CHICAGO FIRE DEPARTMENT,2005,Chicago Fire Department,5,SALARIES AND WAGES - ON PAYROLL,6504964
LOCAL,0610,MIDWAY AIRPORT FUND,59,CHICAGO FIRE DEPARTMENT,2005,Chicago Fire Department,20,OVERTIME,192400
LOCAL,0100,CORPORATE FUND,60,COPA,2005,COPA,350,STATIONERY AND OFFICE SUPPLIES,30000
LOCAL,0610,MIDWAY AIRPORT FUND,59,CHICAGO FIRE DEPARTMENT,2005,Chicago Fire Department,21,SWORN/CIVILIAN HOLIDAY PREMIUM PAY,250206
LOCAL,0610,MIDWAY AIRPORT FUND,59,CHICAGO FIRE DEPARTMENT,2005,Chicago Fire Department,22,DUTY AVAILABILITY,216140
LOCAL,0610,MIDWAY AIRPORT FUND,59,CHICAGO FIRE DEPARTMENT,2005,Chicago Fire Department,24,COMPENSATORY TIME PAYMENT,70000
LOCAL,0610,MIDWAY AIRPORT FUND,59,CHICAGO FIRE DEPARTMENT,2005,Chicago Fire Department,28,COOPERATIVE EDUCATION PROGRAM,60000
LOCAL,0610,MIDWAY AIRPORT FUND,59,CHICAGO FIRE DEPARTMENT,2005,Chicago Fire Department,60,SPECIALTY PAY,250580
LOCAL,0610,MIDWAY AIRPORT FUND,59,CHICAGO FIRE DEPARTMENT,2005,Chicago Fire Department,61,DRIVER'S DIFFERENTIAL,50450
LOCAL,0610,MIDWAY AIRPORT FUND,59,CHICAGO FIRE DEPARTMENT,2005,Chicago Fire Department,62,REQUIRED CERTIFICATIONS,17000
LOCAL,0610,MIDWAY AIRPORT FUND,59,CHICAGO FIRE DEPARTMENT,2005,Chicago Fire Department,63,FITNESS BENEFIT,9000
LOCAL,0610,MIDWAY AIRPORT FUND,59,CHICAGO FIRE DEPARTMENT,2005,Chicago Fire Department,88,FURLOUGH / COMP TIME BUY-BACK,140000
LOCAL,0610,MIDWAY AIRPORT FUND,59,CHICAGO FIRE DEPARTMENT,2005,Chicago Fire Department,91,UNIFORM ALLOWANCE,70000
LOCAL,0610,MIDWAY AIRPORT FUND,59,CHICAGO FIRE DEPARTMENT,2005,Chicago Fire Department,140,PROFESSIONAL AND TECHNICAL SERVICES,45000
LOCAL,0610,MIDWAY AIRPORT FUND,59,CHICAGO FIRE DEPARTMENT,2005,Chicago Fire Department,937,HOSPITAL//MEDICAL - NOT WORKERS' COMP,157500
LOCAL,0740,O HARE REVENUE FUND,59,CHICAGO FIRE DEPARTMENT,2005,Chicago Fire Department,5,SALARIES AND WAGES - ON PAYROLL,24426952
LOCAL,0740,O HARE REVENUE FUND,59,CHICAGO FIRE DEPARTMENT,2005,Chicago Fire Department,12,CONTRACT WAGE - PREVAILING RATE,1104
LOCAL,0740,O HARE REVENUE FUND,59,CHICAGO FIRE DEPARTMENT,2005,Chicago Fire Department,15,SCHEDULE SALARY ADJUSTMENTS,12055
LOCAL,0740,O HARE REVENUE FUND,59,CHICAGO FIRE DEPARTMENT,2005,Chicago Fire Department,20,OVERTIME,791800
LOCAL,0740,O HARE REVENUE FUND,59,CHICAGO FIRE DEPARTMENT,2005,Chicago Fire Department,21,SWORN/CIVILIAN HOLIDAY PREMIUM PAY,935000
LOCAL,0740,O HARE REVENUE FUND,59,CHICAGO FIRE DEPARTMENT,2005,Chicago Fire Department,22,DUTY AVAILABILITY,817600
LOCAL,0740,O HARE REVENUE FUND,59,CHICAGO FIRE DEPARTMENT,2005,Chicago Fire Department,24,COMPENSATORY TIME PAYMENT,90000
LOCAL,0740,O HARE REVENUE FUND,59,CHICAGO FIRE DEPARTMENT,2005,Chicago Fire Department,28,COOPERATIVE EDUCATION PROGRAM,210000
LOCAL,0740,O HARE REVENUE FUND,59,CHICAGO FIRE DEPARTMENT,2005,Chicago Fire Department,60,SPECIALTY PAY,1123600
LOCAL,0740,O HARE REVENUE FUND,59,CHICAGO FIRE DEPARTMENT,2005,Chicago Fire Department,61,DRIVER'S DIFFERENTIAL,188000
LOCAL,0740,O HARE REVENUE FUND,59,CHICAGO FIRE DEPARTMENT,2005,Chicago Fire Department,62,REQUIRED CERTIFICATIONS,10000
LOCAL,0740,O HARE REVENUE FUND,59,CHICAGO FIRE DEPARTMENT,2005,Chicago Fire Department,63,FITNESS BENEFIT,35700
LOCAL,0740,O HARE REVENUE FUND,59,CHICAGO FIRE DEPARTMENT,2005,Chicago Fire Department,88,FURLOUGH / COMP TIME BUY-BACK,318200
LOCAL,0740,O HARE REVENUE FUND,59,CHICAGO FIRE DEPARTMENT,2005,Chicago Fire Department,91,UNIFORM ALLOWANCE,260000
LOCAL,0740,O HARE REVENUE FUND,59,CHICAGO FIRE DEPARTMENT,2005,Chicago Fire Department,140,PROFESSIONAL AND TECHNICAL SERVICES,176800
LOCAL,0740,O HARE REVENUE FUND,59,CHICAGO FIRE DEPARTMENT,2005,Chicago Fire Department,937,HOSPITAL//MEDICAL - NOT WORKERS' COMP,247500
LOCAL,0100,CORPORATE FUND,60,COPA,2005,COPA,5,SALARIES AND WAGES - ON PAYROLL,5808460
LOCAL,0100,CORPORATE FUND,60,COPA,2005,COPA,15,SCHEDULE SALARY ADJUSTMENTS,48350
LOCAL,0100,CORPORATE FUND,60,COPA,2005,COPA,20,OVERTIME,60000
LOCAL,0100,CORPORATE FUND,60,COPA,2005,COPA,130,POSTAGE,15000
LOCAL,0100,CORPORATE FUND,60,COPA,2005,COPA,140,PROFESSIONAL AND TECHNICAL SERVICES,684044
LOCAL,0100,CORPORATE FUND,60,COPA,2005,COPA,149,SOFTWARE MAINTENANCE AND LICENSING,55133
LOCAL,0100,CORPORATE FUND,60,COPA,2005,COPA,150,PUBLICATN & REPRODT-OUT,30000
LOCAL,0100,CORPORATE FUND,60,COPA,2005,COPA,159,LEASE/PURCHASE EQUIPMENT,17000
LOCAL,0100,CORPORATE FUND,60,COPA,2005,COPA,162,REPAIR/MAINT EQUIPMENT,246400
LOCAL,0100,CORPORATE FUND,60,COPA,2005,COPA,166,DUES  SUBSC & MEM,5475
LOCAL,0100,CORPORATE FUND,60,COPA,2005,COPA,169,TECHNICAL MEETING COSTS,180300
LOCAL,0100,CORPORATE FUND,60,COPA,2005,COPA,181,MOBILE COMMUNICATION SERVICES,42000
LOCAL,0100,CORPORATE FUND,60,COPA,2005,COPA,190,TELEPHONE - NON-CENTREX BILLINGS,25000
LOCAL,0100,CORPORATE FUND,60,COPA,2005,COPA,197,TELEPHONE - MAINTENANCE,80
LOCAL,0100,CORPORATE FUND,60,COPA,2005,COPA,245,REIMBURSEMENT TO TRAVELERS,15000
LOCAL,0100,CORPORATE FUND,60,COPA,2005,COPA,320,GASOLINE,240
LOCAL,0100,CORPORATE FUND,60,COPA,2005,COPA,340,MATERIAL AND SUPPLIES,54750
LOCAL,0100,CORPORATE FUND,67,DEPARTMENT OF BUILDINGS,2005,BUILDINGS,5,SALARIES AND WAGES - ON PAYROLL,19224750
LOCAL,0100,CORPORATE FUND,67,DEPARTMENT OF BUILDINGS,2005,BUILDINGS,12,CONTRACT WAGE - PREVAILING RATE,94086
LOCAL,0100,CORPORATE FUND,67,DEPARTMENT OF BUILDINGS,2005,BUILDINGS,15,SCHEDULE SALARY ADJUSTMENTS,25763
LOCAL,0100,CORPORATE FUND,67,DEPARTMENT OF BUILDINGS,2005,BUILDINGS,20,OVERTIME,100000
LOCAL,0100,CORPORATE FUND,67,DEPARTMENT OF BUILDINGS,2005,BUILDINGS,32,REIMBURSABLE OVERTIME,250000
LOCAL,0100,CORPORATE FUND,67,DEPARTMENT OF BUILDINGS,2005,BUILDINGS,50,STIPENDS,28500
LOCAL,0100,CORPORATE FUND,67,DEPARTMENT OF BUILDINGS,2005,BUILDINGS,130,POSTAGE,22227
LOCAL,0100,CORPORATE FUND,67,DEPARTMENT OF BUILDINGS,2005,BUILDINGS,140,PROFESSIONAL AND TECHNICAL SERVICES,2479575
LOCAL,0100,CORPORATE FUND,67,DEPARTMENT OF BUILDINGS,2005,BUILDINGS,143,COURT REPORTING,1500
LOCAL,0100,CORPORATE FUND,67,DEPARTMENT OF BUILDINGS,2005,BUILDINGS,154,RENTAL-DATA HARDWARE EQ,10000
LOCAL,0100,CORPORATE FUND,67,DEPARTMENT OF BUILDINGS,2005,BUILDINGS,157,RENTAL EQUIPMENT AND SERVICES,5000
LOCAL,0100,CORPORATE FUND,67,DEPARTMENT OF BUILDINGS,2005,BUILDINGS,159,LEASE/PURCHASE EQUIPMENT,26024
LOCAL,0100,CORPORATE FUND,67,DEPARTMENT OF BUILDINGS,2005,BUILDINGS,162,REPAIR/MAINT EQUIPMENT,15000
LOCAL,0100,CORPORATE FUND,67,DEPARTMENT OF BUILDINGS,2005,BUILDINGS,166,DUES  SUBSC & MEM,1000
LOCAL,0100,CORPORATE FUND,67,DEPARTMENT OF BUILDINGS,2005,BUILDINGS,178,FREIGHT AND EXPRESS CHARGES,250
LOCAL,0100,CORPORATE FUND,67,DEPARTMENT OF BUILDINGS,2005,BUILDINGS,181,MOBILE COMMUNICATION SERVICES,131912
LOCAL,0100,CORPORATE FUND,67,DEPARTMENT OF BUILDINGS,2005,BUILDINGS,190,TELEPHONE - NON-CENTREX BILLINGS,77000
LOCAL,0100,CORPORATE FUND,67,DEPARTMENT OF BUILDINGS,2005,BUILDINGS,191,TELEPHONE - RELOCATIONS,500
LOCAL,0100,CORPORATE FUND,67,DEPARTMENT OF BUILDINGS,2005,BUILDINGS,196,DATA CIRCUITS,7700
LOCAL,0100,CORPORATE FUND,67,DEPARTMENT OF BUILDINGS,2005,BUILDINGS,197,TELEPHONE - MAINTENANCE,6325
LOCAL,0100,CORPORATE FUND,67,DEPARTMENT OF BUILDINGS,2005,BUILDINGS,229,TRANSPORTATION AND EXPENSE ALLOWANCE,155000
LOCAL,0100,CORPORATE FUND,67,DEPARTMENT OF BUILDINGS,2005,BUILDINGS,319,CLOTHING,10000
LOCAL,0100,CORPORATE FUND,67,DEPARTMENT OF BUILDINGS,2005,BUILDINGS,348,BOOKS AND RELATED MATERIAL,1000
LOCAL,0100,CORPORATE FUND,67,DEPARTMENT OF BUILDINGS,2005,BUILDINGS,350,STATIONERY AND OFFICE SUPPLIES,30620
LOCAL,0100,CORPORATE FUND,67,DEPARTMENT OF BUILDINGS,2005,BUILDINGS,931,TORT/NON-TORT JUDGMENT,300000
LOCAL,0100,CORPORATE FUND,67,DEPARTMENT OF BUILDINGS,2005,BUILDINGS,989,REFUND - CANCELLED VOUCHER,100000
LOCAL,0100,CORPORATE FUND,67,DEPARTMENT OF BUILDINGS,2005,BUILDINGS,9019,BOARD-UP PROGRAM,3000000
LOCAL,0200,WATER FUND,67,DEPARTMENT OF BUILDINGS,2005,BUILDINGS,5,SALARIES AND WAGES - ON PAYROLL,2419611
LOCAL,0200,WATER FUND,67,DEPARTMENT OF BUILDINGS,2005,BUILDINGS,12,CONTRACT WAGE - PREVAILING RATE,23598
LOCAL,0200,WATER FUND,67,DEPARTMENT OF BUILDINGS,2005,BUILDINGS,181,MOBILE COMMUNICATION SERVICES,24266
LOCAL,0200,WATER FUND,67,DEPARTMENT OF BUILDINGS,2005,BUILDINGS,229,TRANSPORTATION AND EXPENSE ALLOWANCE,17000
LOCAL,0200,WATER FUND,67,DEPARTMENT OF BUILDINGS,2005,BUILDINGS,350,STATIONERY AND OFFICE SUPPLIES,3008
LOCAL,0300,VEHICLE FUND,67,DEPARTMENT OF BUILDINGS,2005,BUILDINGS,5,SALARIES AND WAGES - ON PAYROLL,477747
LOCAL,0300,VEHICLE FUND,67,DEPARTMENT OF BUILDINGS,2005,BUILDINGS,149,SOFTWARE MAINTENANCE AND LICENSING,31000
LOCAL,0300,VEHICLE FUND,67,DEPARTMENT OF BUILDINGS,2005,BUILDINGS,350,STATIONERY AND OFFICE SUPPLIES,3008
LOCAL,0314,SEWER FUND,67,DEPARTMENT OF BUILDINGS,2005,BUILDINGS,5,SALARIES AND WAGES - ON PAYROLL,1471276
LOCAL,0314,SEWER FUND,67,DEPARTMENT OF BUILDINGS,2005,BUILDINGS,12,CONTRACT WAGE - PREVAILING RATE,3075
LOCAL,0314,SEWER FUND,67,DEPARTMENT OF BUILDINGS,2005,BUILDINGS,15,SCHEDULE SALARY ADJUSTMENTS,2067
LOCAL,0314,SEWER FUND,67,DEPARTMENT OF BUILDINGS,2005,BUILDINGS,140,PROFESSIONAL AND TECHNICAL SERVICES,707006
LOCAL,0314,SEWER FUND,67,DEPARTMENT OF BUILDINGS,2005,BUILDINGS,181,MOBILE COMMUNICATION SERVICES,9346
LOCAL,0314,SEWER FUND,67,DEPARTMENT OF BUILDINGS,2005,BUILDINGS,229,TRANSPORTATION AND EXPENSE ALLOWANCE,15000
LOCAL,0314,SEWER FUND,67,DEPARTMENT OF BUILDINGS,2005,BUILDINGS,350,STATIONERY AND OFFICE SUPPLIES,3008
LOCAL,0100,CORPORATE FUND,70,BACP,2005,BACP,5,SALARIES AND WAGES - ON PAYROLL,13584983
LOCAL,0100,CORPORATE FUND,70,BACP,2005,BACP,15,SCHEDULE SALARY ADJUSTMENTS,34784
LOCAL,0100,CORPORATE FUND,70,BACP,2005,BACP,20,OVERTIME,24700
LOCAL,0100,CORPORATE FUND,70,BACP,2005,BACP,39,STUDENT AS TRAINEES,21800
LOCAL,0100,CORPORATE FUND,70,BACP,2005,BACP,124,INVESTIGATION COSTS,104069
LOCAL,0100,CORPORATE FUND,70,BACP,2005,BACP,130,POSTAGE,72016
LOCAL,0100,CORPORATE FUND,70,BACP,2005,BACP,135,DELEGATE AGENCIES,3357039
LOCAL,0100,CORPORATE FUND,70,BACP,2005,BACP,138,IT MAINTENANCE,248061
LOCAL,0100,CORPORATE FUND,70,BACP,2005,BACP,140,PROFESSIONAL AND TECHNICAL SERVICES,253900
LOCAL,0100,CORPORATE FUND,70,BACP,2005,BACP,143,COURT REPORTING,42100
LOCAL,0100,CORPORATE FUND,70,BACP,2005,BACP,148,TESTING AND INSPECTING,31709
LOCAL,0100,CORPORATE FUND,70,BACP,2005,BACP,150,PUBLICATN & REPRODT-OUT,16452
LOCAL,0100,CORPORATE FUND,70,BACP,2005,BACP,157,RENTAL EQUIPMENT AND SERVICES,31547
LOCAL,0100,CORPORATE FUND,70,BACP,2005,BACP,159,LEASE/PURCHASE EQUIPMENT,6124
LOCAL,0100,CORPORATE FUND,70,BACP,2005,BACP,162,REPAIR/MAINT EQUIPMENT,29059
LOCAL,0100,CORPORATE FUND,70,BACP,2005,BACP,166,DUES  SUBSC & MEM,8565
LOCAL,0100,CORPORATE FUND,70,BACP,2005,BACP,169,TECHNICAL MEETING COSTS,4118
LOCAL,0100,CORPORATE FUND,70,BACP,2005,BACP,179,MESSENGER SERVICES,1000
LOCAL,0100,CORPORATE FUND,70,BACP,2005,BACP,181,MOBILE COMMUNICATION SERVICES,55440
LOCAL,0100,CORPORATE FUND,70,BACP,2005,BACP,190,TELEPHONE - NON-CENTREX BILLINGS,43000
LOCAL,0100,CORPORATE FUND,70,BACP,2005,BACP,196,DATA CIRCUITS,35000
LOCAL,0100,CORPORATE FUND,70,BACP,2005,BACP,197,TELEPHONE - MAINTENANCE,83090
LOCAL,0100,CORPORATE FUND,70,BACP,2005,BACP,229,TRANSPORTATION AND EXPENSE ALLOWANCE,32785
LOCAL,0100,CORPORATE FUND,70,BACP,2005,BACP,245,REIMBURSEMENT TO TRAVELERS,2092
LOCAL,0100,CORPORATE FUND,70,BACP,2005,BACP,270,LOCAL TRANSPORTATION,2466
LOCAL,0100,CORPORATE FUND,70,BACP,2005,BACP,338,LICENSE STICKER TAG AND PLATES,76608
LOCAL,0100,CORPORATE FUND,70,BACP,2005,BACP,340,MATERIAL AND SUPPLIES,22385
LOCAL,0100,CORPORATE FUND,70,BACP,2005,BACP,348,BOOKS AND RELATED MATERIAL,1972
LOCAL,0100,CORPORATE FUND,70,BACP,2005,BACP,350,STATIONERY AND OFFICE SUPPLIES,36186
LOCAL,0100,CORPORATE FUND,70,BACP,2005,BACP,360,REPAIR PARTS AND MATERIAL,3083
LOCAL,0B21,TIF ADMINISTRATION,70,BACP,2005,BACP,9470,REIMBURSEMENT - BACP,375000
LOCAL,0100,CORPORATE FUND,73,ANIMAL CARE AND CONTROL,2005,ANIMAL CARE AND CONTROL,5,SALARIES AND WAGES - ON PAYROLL,4386487
LOCAL,0100,CORPORATE FUND,73,ANIMAL CARE AND CONTROL,2005,ANIMAL CARE AND CONTROL,11,CONTRACT WAGE - SALARY,55167
LOCAL,0100,CORPORATE FUND,73,ANIMAL CARE AND CONTROL,2005,ANIMAL CARE AND CONTROL,15,SCHEDULE SALARY ADJUSTMENTS,17599
LOCAL,0100,CORPORATE FUND,73,ANIMAL CARE AND CONTROL,2005,ANIMAL CARE AND CONTROL,20,OVERTIME,145000
LOCAL,0100,CORPORATE FUND,73,ANIMAL CARE AND CONTROL,2005,ANIMAL CARE AND CONTROL,91,UNIFORM ALLOWANCE,31180
LOCAL,0100,CORPORATE FUND,73,ANIMAL CARE AND CONTROL,2005,ANIMAL CARE AND CONTROL,130,POSTAGE,2600
LOCAL,0100,CORPORATE FUND,73,ANIMAL CARE AND CONTROL,2005,ANIMAL CARE AND CONTROL,140,PROFESSIONAL AND TECHNICAL SERVICES,1043957
LOCAL,0100,CORPORATE FUND,73,ANIMAL CARE AND CONTROL,2005,ANIMAL CARE AND CONTROL,150,PUBLICATN & REPRODT-OUT,1427
LOCAL,0100,CORPORATE FUND,73,ANIMAL CARE AND CONTROL,2005,ANIMAL CARE AND CONTROL,152,ADVERTISING,2000
LOCAL,0100,CORPORATE FUND,73,ANIMAL CARE AND CONTROL,2005,ANIMAL CARE AND CONTROL,154,RENTAL-DATA HARDWARE EQ,2200
LOCAL,0100,CORPORATE FUND,73,ANIMAL CARE AND CONTROL,2005,ANIMAL CARE AND CONTROL,157,RENTAL EQUIPMENT AND SERVICES,2160
LOCAL,0100,CORPORATE FUND,73,ANIMAL CARE AND CONTROL,2005,ANIMAL CARE AND CONTROL,159,LEASE/PURCHASE EQUIPMENT,24907
LOCAL,0100,CORPORATE FUND,73,ANIMAL CARE AND CONTROL,2005,ANIMAL CARE AND CONTROL,162,REPAIR/MAINT EQUIPMENT,5220
LOCAL,0100,CORPORATE FUND,73,ANIMAL CARE AND CONTROL,2005,ANIMAL CARE AND CONTROL,168,EDUCATION DEVELOPMENT,5350
LOCAL,0100,CORPORATE FUND,73,ANIMAL CARE AND CONTROL,2005,ANIMAL CARE AND CONTROL,169,TECHNICAL MEETING COSTS,1068
LOCAL,0100,CORPORATE FUND,73,ANIMAL CARE AND CONTROL,2005,ANIMAL CARE AND CONTROL,181,MOBILE COMMUNICATION SERVICES,19140
LOCAL,0100,CORPORATE FUND,73,ANIMAL CARE AND CONTROL,2005,ANIMAL CARE AND CONTROL,190,TELEPHONE - NON-CENTREX BILLINGS,7000
LOCAL,0100,CORPORATE FUND,73,ANIMAL CARE AND CONTROL,2005,ANIMAL CARE AND CONTROL,196,DATA CIRCUITS,2700
LOCAL,0100,CORPORATE FUND,73,ANIMAL CARE AND CONTROL,2005,ANIMAL CARE AND CONTROL,197,TELEPHONE - MAINTENANCE,1015
LOCAL,0100,CORPORATE FUND,73,ANIMAL CARE AND CONTROL,2005,ANIMAL CARE AND CONTROL,245,REIMBURSEMENT TO TRAVELERS,480
LOCAL,0100,CORPORATE FUND,73,ANIMAL CARE AND CONTROL,2005,ANIMAL CARE AND CONTROL,313,CLEANING AND SANITATION SUPPLIES,105028
LOCAL,0100,CORPORATE FUND,73,ANIMAL CARE AND CONTROL,2005,ANIMAL CARE AND CONTROL,330,FOOD,113278
LOCAL,0100,CORPORATE FUND,73,ANIMAL CARE AND CONTROL,2005,ANIMAL CARE AND CONTROL,340,MATERIAL AND SUPPLIES,20316
LOCAL,0100,CORPORATE FUND,73,ANIMAL CARE AND CONTROL,2005,ANIMAL CARE AND CONTROL,342,DRUGS  MEDICINE AND CHEMICAL MATERIALS,334200
LOCAL,0100,CORPORATE FUND,73,ANIMAL CARE AND CONTROL,2005,ANIMAL CARE AND CONTROL,350,STATIONERY AND OFFICE SUPPLIES,9164
LOCAL,0100,CORPORATE FUND,73,ANIMAL CARE AND CONTROL,2005,ANIMAL CARE AND CONTROL,360,REPAIR PARTS AND MATERIAL,2093
LOCAL,0100,CORPORATE FUND,77,LICENSE APPEAL COMMISSION,2005,LICENSE APPEAL COMMISSION,5,SALARIES AND WAGES - ON PAYROLL,76932
LOCAL,0100,CORPORATE FUND,77,LICENSE APPEAL COMMISSION,2005,LICENSE APPEAL COMMISSION,130,POSTAGE,147
LOCAL,0100,CORPORATE FUND,77,LICENSE APPEAL COMMISSION,2005,LICENSE APPEAL COMMISSION,140,PROFESSIONAL AND TECHNICAL SERVICES,82223
LOCAL,0100,CORPORATE FUND,77,LICENSE APPEAL COMMISSION,2005,LICENSE APPEAL COMMISSION,143,COURT REPORTING,17500
LOCAL,0100,CORPORATE FUND,77,LICENSE APPEAL COMMISSION,2005,LICENSE APPEAL COMMISSION,157,RENTAL EQUIPMENT AND SERVICES,884
LOCAL,0100,CORPORATE FUND,77,LICENSE APPEAL COMMISSION,2005,LICENSE APPEAL COMMISSION,162,REPAIR/MAINT EQUIPMENT,216
LOCAL,0100,CORPORATE FUND,77,LICENSE APPEAL COMMISSION,2005,LICENSE APPEAL COMMISSION,190,TELEPHONE - NON-CENTREX BILLINGS,1000
LOCAL,0100,CORPORATE FUND,77,LICENSE APPEAL COMMISSION,2005,LICENSE APPEAL COMMISSION,197,TELEPHONE - MAINTENANCE,25
LOCAL,0100,CORPORATE FUND,77,LICENSE APPEAL COMMISSION,2005,LICENSE APPEAL COMMISSION,340,MATERIAL AND SUPPLIES,500
LOCAL,0100,CORPORATE FUND,78,BOARD OF ETHICS,2005,BOARD OF ETHICS,5,SALARIES AND WAGES - ON PAYROLL,756420
LOCAL,0100,CORPORATE FUND,78,BOARD OF ETHICS,2005,BOARD OF ETHICS,130,POSTAGE,3100
LOCAL,0100,CORPORATE FUND,78,BOARD OF ETHICS,2005,BOARD OF ETHICS,140,PROFESSIONAL AND TECHNICAL SERVICES,40000
LOCAL,0100,CORPORATE FUND,78,BOARD OF ETHICS,2005,BOARD OF ETHICS,157,RENTAL EQUIPMENT AND SERVICES,3832
LOCAL,0100,CORPORATE FUND,78,BOARD OF ETHICS,2005,BOARD OF ETHICS,159,LEASE/PURCHASE EQUIPMENT,2405
LOCAL,0100,CORPORATE FUND,78,BOARD OF ETHICS,2005,BOARD OF ETHICS,162,REPAIR/MAINT EQUIPMENT,2396
LOCAL,0100,CORPORATE FUND,78,BOARD OF ETHICS,2005,BOARD OF ETHICS,166,DUES  SUBSC & MEM,2813
LOCAL,0100,CORPORATE FUND,78,BOARD OF ETHICS,2005,BOARD OF ETHICS,169,TECHNICAL MEETING COSTS,1161
LOCAL,0100,CORPORATE FUND,78,BOARD OF ETHICS,2005,BOARD OF ETHICS,178,FREIGHT AND EXPRESS CHARGES,3644
LOCAL,0100,CORPORATE FUND,78,BOARD OF ETHICS,2005,BOARD OF ETHICS,190,TELEPHONE - NON-CENTREX BILLINGS,2700
LOCAL,0100,CORPORATE FUND,78,BOARD OF ETHICS,2005,BOARD OF ETHICS,197,TELEPHONE - MAINTENANCE,221
LOCAL,0100,CORPORATE FUND,78,BOARD OF ETHICS,2005,BOARD OF ETHICS,229,TRANSPORTATION AND EXPENSE ALLOWANCE,165
LOCAL,0100,CORPORATE FUND,78,BOARD OF ETHICS,2005,BOARD OF ETHICS,245,REIMBURSEMENT TO TRAVELERS,2240
LOCAL,0100,CORPORATE FUND,78,BOARD OF ETHICS,2005,BOARD OF ETHICS,270,LOCAL TRANSPORTATION,1500
LOCAL,0100,CORPORATE FUND,78,BOARD OF ETHICS,2005,BOARD OF ETHICS,348,BOOKS AND RELATED MATERIAL,595
LOCAL,0100,CORPORATE FUND,78,BOARD OF ETHICS,2005,BOARD OF ETHICS,350,STATIONERY AND OFFICE SUPPLIES,2615
LOCAL,0100,CORPORATE FUND,81,STREETS AND SANITATION,2005,COMMISSIONER'S OFFICE,5,SALARIES AND WAGES - ON PAYROLL,1634093
LOCAL,0100,CORPORATE FUND,81,STREETS AND SANITATION,2005,COMMISSIONER'S OFFICE,12,CONTRACT WAGE - PREVAILING RATE,782
LOCAL,0100,CORPORATE FUND,81,STREETS AND SANITATION,2005,COMMISSIONER'S OFFICE,15,SCHEDULE SALARY ADJUSTMENTS,5631
LOCAL,0100,CORPORATE FUND,81,STREETS AND SANITATION,2005,COMMISSIONER'S OFFICE,130,POSTAGE,5500
LOCAL,0100,CORPORATE FUND,81,STREETS AND SANITATION,2005,COMMISSIONER'S OFFICE,140,PROFESSIONAL AND TECHNICAL SERVICES,37688
LOCAL,0100,CORPORATE FUND,81,STREETS AND SANITATION,2005,COMMISSIONER'S OFFICE,154,RENTAL-DATA HARDWARE EQ,500
LOCAL,0100,CORPORATE FUND,81,STREETS AND SANITATION,2005,COMMISSIONER'S OFFICE,157,RENTAL EQUIPMENT AND SERVICES,700
LOCAL,0100,CORPORATE FUND,81,STREETS AND SANITATION,2005,COMMISSIONER'S OFFICE,162,REPAIR/MAINT EQUIPMENT,60000
LOCAL,0100,CORPORATE FUND,81,STREETS AND SANITATION,2005,COMMISSIONER'S OFFICE,166,DUES  SUBSC & MEM,300
LOCAL,0100,CORPORATE FUND,81,STREETS AND SANITATION,2005,COMMISSIONER'S OFFICE,169,TECHNICAL MEETING COSTS,75
LOCAL,0100,CORPORATE FUND,81,STREETS AND SANITATION,2005,COMMISSIONER'S OFFICE,181,MOBILE COMMUNICATION SERVICES,125000
LOCAL,0100,CORPORATE FUND,81,STREETS AND SANITATION,2005,COMMISSIONER'S OFFICE,188,VEHICLE TRACKING SERVICE,149000
LOCAL,0100,CORPORATE FUND,81,STREETS AND SANITATION,2005,COMMISSIONER'S OFFICE,190,TELEPHONE - NON-CENTREX BILLINGS,52200
LOCAL,0100,CORPORATE FUND,84,CDOT,2115,ADMINISTRATION,154,RENTAL-DATA HARDWARE EQ,1000
LOCAL,0100,CORPORATE FUND,81,STREETS AND SANITATION,2005,COMMISSIONER'S OFFICE,197,TELEPHONE - MAINTENANCE,2730
LOCAL,0100,CORPORATE FUND,81,STREETS AND SANITATION,2005,COMMISSIONER'S OFFICE,245,REIMBURSEMENT TO TRAVELERS,200
LOCAL,0100,CORPORATE FUND,81,STREETS AND SANITATION,2005,COMMISSIONER'S OFFICE,348,BOOKS AND RELATED MATERIAL,150
LOCAL,0100,CORPORATE FUND,81,STREETS AND SANITATION,2005,COMMISSIONER'S OFFICE,350,STATIONERY AND OFFICE SUPPLIES,6000
LOCAL,0100,CORPORATE FUND,81,STREETS AND SANITATION,2005,COMMISSIONER'S OFFICE,931,TORT/NON-TORT JUDGMENT,540000
LOCAL,0100,CORPORATE FUND,81,STREETS AND SANITATION,2006,ADMINISTRATIVE SERV DIVISION,5,SALARIES AND WAGES - ON PAYROLL,1759864
LOCAL,0100,CORPORATE FUND,81,STREETS AND SANITATION,2006,ADMINISTRATIVE SERV DIVISION,15,SCHEDULE SALARY ADJUSTMENTS,10444
LOCAL,0100,CORPORATE FUND,81,STREETS AND SANITATION,2006,ADMINISTRATIVE SERV DIVISION,20,OVERTIME,1000
LOCAL,0100,CORPORATE FUND,81,STREETS AND SANITATION,2006,ADMINISTRATIVE SERV DIVISION,130,POSTAGE,3000
LOCAL,0100,CORPORATE FUND,81,STREETS AND SANITATION,2006,ADMINISTRATIVE SERV DIVISION,140,PROFESSIONAL AND TECHNICAL SERVICES,1000
LOCAL,0100,CORPORATE FUND,81,STREETS AND SANITATION,2006,ADMINISTRATIVE SERV DIVISION,159,LEASE/PURCHASE EQUIPMENT,24480
LOCAL,0100,CORPORATE FUND,81,STREETS AND SANITATION,2006,ADMINISTRATIVE SERV DIVISION,162,REPAIR/MAINT EQUIPMENT,3000
LOCAL,0100,CORPORATE FUND,81,STREETS AND SANITATION,2006,ADMINISTRATIVE SERV DIVISION,190,TELEPHONE - NON-CENTREX BILLINGS,3500
LOCAL,0100,CORPORATE FUND,81,STREETS AND SANITATION,2006,ADMINISTRATIVE SERV DIVISION,197,TELEPHONE - MAINTENANCE,28
LOCAL,0100,CORPORATE FUND,81,STREETS AND SANITATION,2006,ADMINISTRATIVE SERV DIVISION,229,TRANSPORTATION AND EXPENSE ALLOWANCE,250
LOCAL,0100,CORPORATE FUND,81,STREETS AND SANITATION,2006,ADMINISTRATIVE SERV DIVISION,350,STATIONERY AND OFFICE SUPPLIES,5250
LOCAL,0100,CORPORATE FUND,81,STREETS AND SANITATION,2020,BUREAU OF SANITATION,5,SALARIES AND WAGES - ON PAYROLL,35870213
LOCAL,0100,CORPORATE FUND,81,STREETS AND SANITATION,2020,BUREAU OF SANITATION,12,CONTRACT WAGE - PREVAILING RATE,357767
LOCAL,0100,CORPORATE FUND,81,STREETS AND SANITATION,2020,BUREAU OF SANITATION,20,OVERTIME,2477983
LOCAL,0100,CORPORATE FUND,81,STREETS AND SANITATION,2020,BUREAU OF SANITATION,126,OFFICE CONVENIENCES,454
LOCAL,0100,CORPORATE FUND,81,STREETS AND SANITATION,2020,BUREAU OF SANITATION,130,POSTAGE,980
LOCAL,0100,CORPORATE FUND,81,STREETS AND SANITATION,2020,BUREAU OF SANITATION,140,PROFESSIONAL AND TECHNICAL SERVICES,12037600
LOCAL,0100,CORPORATE FUND,81,STREETS AND SANITATION,2020,BUREAU OF SANITATION,157,RENTAL EQUIPMENT AND SERVICES,1128977
LOCAL,0100,CORPORATE FUND,81,STREETS AND SANITATION,2020,BUREAU OF SANITATION,159,LEASE/PURCHASE EQUIPMENT,83448
LOCAL,0100,CORPORATE FUND,81,STREETS AND SANITATION,2020,BUREAU OF SANITATION,160,REPAIR/MAINT PROPERTY,500
LOCAL,0100,CORPORATE FUND,81,STREETS AND SANITATION,2020,BUREAU OF SANITATION,162,REPAIR/MAINT EQUIPMENT,10487
LOCAL,0100,CORPORATE FUND,81,STREETS AND SANITATION,2020,BUREAU OF SANITATION,181,MOBILE COMMUNICATION SERVICES,20000
LOCAL,0100,CORPORATE FUND,81,STREETS AND SANITATION,2020,BUREAU OF SANITATION,185,WASTE DISPOSAL SERVICES,37865525
LOCAL,0100,CORPORATE FUND,81,STREETS AND SANITATION,2020,BUREAU OF SANITATION,188,VEHICLE TRACKING SERVICE,170322
LOCAL,0100,CORPORATE FUND,81,STREETS AND SANITATION,2020,BUREAU OF SANITATION,189,TELEPHONE - NON-CENTREX BILLINGS,6800
LOCAL,0100,CORPORATE FUND,81,STREETS AND SANITATION,2020,BUREAU OF SANITATION,190,TELEPHONE - NON-CENTREX BILLINGS,55800
LOCAL,0100,CORPORATE FUND,81,STREETS AND SANITATION,2020,BUREAU OF SANITATION,196,DATA CIRCUITS,30000
LOCAL,0100,CORPORATE FUND,81,STREETS AND SANITATION,2020,BUREAU OF SANITATION,197,TELEPHONE - MAINTENANCE,2750
LOCAL,0100,CORPORATE FUND,81,STREETS AND SANITATION,2020,BUREAU OF SANITATION,313,CLEANING AND SANITATION SUPPLIES,21803
LOCAL,0100,CORPORATE FUND,81,STREETS AND SANITATION,2020,BUREAU OF SANITATION,319,CLOTHING,73250
LOCAL,0100,CORPORATE FUND,81,STREETS AND SANITATION,2020,BUREAU OF SANITATION,340,MATERIAL AND SUPPLIES,54017
LOCAL,0100,CORPORATE FUND,81,STREETS AND SANITATION,2020,BUREAU OF SANITATION,350,STATIONERY AND OFFICE SUPPLIES,10946
LOCAL,0100,CORPORATE FUND,81,STREETS AND SANITATION,2020,BUREAU OF SANITATION,401,TOOL <= $100 UNIT,33102
LOCAL,0100,CORPORATE FUND,81,STREETS AND SANITATION,2025,BUREAU OF RODENT CONTROL,5,SALARIES AND WAGES - ON PAYROLL,8596704
LOCAL,0100,CORPORATE FUND,81,STREETS AND SANITATION,2025,BUREAU OF RODENT CONTROL,12,CONTRACT WAGE - PREVAILING RATE,47764
LOCAL,0100,CORPORATE FUND,81,STREETS AND SANITATION,2025,BUREAU OF RODENT CONTROL,15,SCHEDULE SALARY ADJUSTMENTS,7287
LOCAL,0100,CORPORATE FUND,81,STREETS AND SANITATION,2025,BUREAU OF RODENT CONTROL,20,OVERTIME,5500
LOCAL,0100,CORPORATE FUND,84,CDOT,2115,ADMINISTRATION,159,LEASE/PURCHASE EQUIPMENT,13796
LOCAL,0100,CORPORATE FUND,81,STREETS AND SANITATION,2025,BUREAU OF RODENT CONTROL,140,PROFESSIONAL AND TECHNICAL SERVICES,1000000
LOCAL,0100,CORPORATE FUND,81,STREETS AND SANITATION,2025,BUREAU OF RODENT CONTROL,157,RENTAL EQUIPMENT AND SERVICES,373313
LOCAL,0100,CORPORATE FUND,81,STREETS AND SANITATION,2025,BUREAU OF RODENT CONTROL,159,LEASE/PURCHASE EQUIPMENT,4000
LOCAL,0100,CORPORATE FUND,81,STREETS AND SANITATION,2025,BUREAU OF RODENT CONTROL,162,REPAIR/MAINT EQUIPMENT,3861
LOCAL,0100,CORPORATE FUND,81,STREETS AND SANITATION,2025,BUREAU OF RODENT CONTROL,181,MOBILE COMMUNICATION SERVICES,66500
LOCAL,0100,CORPORATE FUND,81,STREETS AND SANITATION,2025,BUREAU OF RODENT CONTROL,188,VEHICLE TRACKING SERVICE,11232
LOCAL,0100,CORPORATE FUND,81,STREETS AND SANITATION,2025,BUREAU OF RODENT CONTROL,190,TELEPHONE - NON-CENTREX BILLINGS,17200
LOCAL,0100,CORPORATE FUND,81,STREETS AND SANITATION,2025,BUREAU OF RODENT CONTROL,197,TELEPHONE - MAINTENANCE,700
LOCAL,0100,CORPORATE FUND,81,STREETS AND SANITATION,2025,BUREAU OF RODENT CONTROL,313,CLEANING AND SANITATION SUPPLIES,304
LOCAL,0100,CORPORATE FUND,81,STREETS AND SANITATION,2025,BUREAU OF RODENT CONTROL,319,CLOTHING,16250
LOCAL,0100,CORPORATE FUND,81,STREETS AND SANITATION,2025,BUREAU OF RODENT CONTROL,340,MATERIAL AND SUPPLIES,72178
LOCAL,0100,CORPORATE FUND,81,STREETS AND SANITATION,2025,BUREAU OF RODENT CONTROL,350,STATIONERY AND OFFICE SUPPLIES,4230
LOCAL,0100,CORPORATE FUND,81,STREETS AND SANITATION,2025,BUREAU OF RODENT CONTROL,401,TOOL <= $100 UNIT,8722
LOCAL,0100,CORPORATE FUND,81,STREETS AND SANITATION,2045,BUREAU OF STREET OPERATIONS,5,SALARIES AND WAGES - ON PAYROLL,17054358
LOCAL,0100,CORPORATE FUND,81,STREETS AND SANITATION,2045,BUREAU OF STREET OPERATIONS,12,CONTRACT WAGE - PREVAILING RATE,102602
LOCAL,0100,CORPORATE FUND,81,STREETS AND SANITATION,2045,BUREAU OF STREET OPERATIONS,15,SCHEDULE SALARY ADJUSTMENTS,72171
LOCAL,0100,CORPORATE FUND,81,STREETS AND SANITATION,2045,BUREAU OF STREET OPERATIONS,20,OVERTIME,2229000
LOCAL,0100,CORPORATE FUND,81,STREETS AND SANITATION,2045,BUREAU OF STREET OPERATIONS,135,DELEGATE AGENCIES,600000
LOCAL,0100,CORPORATE FUND,81,STREETS AND SANITATION,2045,BUREAU OF STREET OPERATIONS,157,RENTAL EQUIPMENT AND SERVICES,2186120
LOCAL,0100,CORPORATE FUND,81,STREETS AND SANITATION,2045,BUREAU OF STREET OPERATIONS,162,REPAIR/MAINT EQUIPMENT,10800
LOCAL,0100,CORPORATE FUND,81,STREETS AND SANITATION,2045,BUREAU OF STREET OPERATIONS,319,CLOTHING,7725
LOCAL,0100,CORPORATE FUND,81,STREETS AND SANITATION,2045,BUREAU OF STREET OPERATIONS,340,MATERIAL AND SUPPLIES,42400
LOCAL,0100,CORPORATE FUND,81,STREETS AND SANITATION,2045,BUREAU OF STREET OPERATIONS,341,CHEMICALS,120000
LOCAL,0100,CORPORATE FUND,81,STREETS AND SANITATION,2045,BUREAU OF STREET OPERATIONS,362,PAINTS AND PAINTING SUPPLIES,270000
LOCAL,0100,CORPORATE FUND,81,STREETS AND SANITATION,2060,BUREAU OF FORESTRY,5,SALARIES AND WAGES - ON PAYROLL,15364087
LOCAL,0100,CORPORATE FUND,81,STREETS AND SANITATION,2060,BUREAU OF FORESTRY,12,CONTRACT WAGE - PREVAILING RATE,89755
LOCAL,0100,CORPORATE FUND,81,STREETS AND SANITATION,2060,BUREAU OF FORESTRY,15,SCHEDULE SALARY ADJUSTMENTS,2334
LOCAL,0100,CORPORATE FUND,81,STREETS AND SANITATION,2060,BUREAU OF FORESTRY,20,OVERTIME,799938
LOCAL,0100,CORPORATE FUND,81,STREETS AND SANITATION,2060,BUREAU OF FORESTRY,126,OFFICE CONVENIENCES,1280
LOCAL,0100,CORPORATE FUND,81,STREETS AND SANITATION,2060,BUREAU OF FORESTRY,130,POSTAGE,120
LOCAL,0100,CORPORATE FUND,81,STREETS AND SANITATION,2060,BUREAU OF FORESTRY,140,PROFESSIONAL AND TECHNICAL SERVICES,1454200
LOCAL,0100,CORPORATE FUND,81,STREETS AND SANITATION,2060,BUREAU OF FORESTRY,154,RENTAL-DATA HARDWARE EQ,1500
LOCAL,0100,CORPORATE FUND,81,STREETS AND SANITATION,2060,BUREAU OF FORESTRY,157,RENTAL EQUIPMENT AND SERVICES,1024056
LOCAL,0100,CORPORATE FUND,81,STREETS AND SANITATION,2060,BUREAU OF FORESTRY,159,LEASE/PURCHASE EQUIPMENT,7100
LOCAL,0100,CORPORATE FUND,81,STREETS AND SANITATION,2060,BUREAU OF FORESTRY,160,REPAIR/MAINT PROPERTY,400
LOCAL,0100,CORPORATE FUND,81,STREETS AND SANITATION,2060,BUREAU OF FORESTRY,162,REPAIR/MAINT EQUIPMENT,4700
LOCAL,0100,CORPORATE FUND,81,STREETS AND SANITATION,2060,BUREAU OF FORESTRY,188,VEHICLE TRACKING SERVICE,50000
LOCAL,0100,CORPORATE FUND,81,STREETS AND SANITATION,2060,BUREAU OF FORESTRY,190,TELEPHONE - NON-CENTREX BILLINGS,8000
LOCAL,0100,CORPORATE FUND,81,STREETS AND SANITATION,2060,BUREAU OF FORESTRY,197,TELEPHONE - MAINTENANCE,2300
LOCAL,0100,CORPORATE FUND,81,STREETS AND SANITATION,2060,BUREAU OF FORESTRY,229,TRANSPORTATION AND EXPENSE ALLOWANCE,4500
LOCAL,0100,CORPORATE FUND,81,STREETS AND SANITATION,2060,BUREAU OF FORESTRY,245,REIMBURSEMENT TO TRAVELERS,200
LOCAL,0100,CORPORATE FUND,81,STREETS AND SANITATION,2060,BUREAU OF FORESTRY,313,CLEANING AND SANITATION SUPPLIES,2530
LOCAL,0100,CORPORATE FUND,81,STREETS AND SANITATION,2060,BUREAU OF FORESTRY,319,CLOTHING,6200
LOCAL,0100,CORPORATE FUND,81,STREETS AND SANITATION,2060,BUREAU OF FORESTRY,340,MATERIAL AND SUPPLIES,48445
LOCAL,0100,CORPORATE FUND,81,STREETS AND SANITATION,2060,BUREAU OF FORESTRY,345,APPARATUS AND INSTRUMENTS,500
LOCAL,0100,CORPORATE FUND,81,STREETS AND SANITATION,2060,BUREAU OF FORESTRY,350,STATIONERY AND OFFICE SUPPLIES,5400
LOCAL,0100,CORPORATE FUND,81,STREETS AND SANITATION,2060,BUREAU OF FORESTRY,360,REPAIR PARTS AND MATERIAL,30000
LOCAL,0100,CORPORATE FUND,81,STREETS AND SANITATION,2060,BUREAU OF FORESTRY,361,BUILDING MATERIALS AND SUPPLIES,1500
LOCAL,0100,CORPORATE FUND,81,STREETS AND SANITATION,2060,BUREAU OF FORESTRY,362,PAINTS AND PAINTING SUPPLIES,800
LOCAL,0100,CORPORATE FUND,84,CDOT,2105,COMMISSIONER'S OFFICE,270,LOCAL TRANSPORTATION,200
LOCAL,0100,CORPORATE FUND,81,STREETS AND SANITATION,2060,BUREAU OF FORESTRY,363,STRUCTURAL STEELS  IRON  OTHER MATERIALS,270
LOCAL,0100,CORPORATE FUND,81,STREETS AND SANITATION,2060,BUREAU OF FORESTRY,423,COMMUNICATION DEVICES,11425
LOCAL,0100,CORPORATE FUND,81,STREETS AND SANITATION,2060,BUREAU OF FORESTRY,440,MACHINERY AND EQUIPMENT,150
LOCAL,0300,VEHICLE FUND,81,STREETS AND SANITATION,2020,BUREAU OF SANITATION,5,SALARIES AND WAGES - ON PAYROLL,5062770
LOCAL,0300,VEHICLE FUND,81,STREETS AND SANITATION,2020,BUREAU OF SANITATION,12,CONTRACT WAGE - PREVAILING RATE,41917
LOCAL,0300,VEHICLE FUND,81,STREETS AND SANITATION,2020,BUREAU OF SANITATION,20,OVERTIME,20000
LOCAL,0300,VEHICLE FUND,81,STREETS AND SANITATION,2020,BUREAU OF SANITATION,150,PUBLICATN & REPRODT-OUT,30000
LOCAL,0300,VEHICLE FUND,81,STREETS AND SANITATION,2020,BUREAU OF SANITATION,157,RENTAL EQUIPMENT AND SERVICES,2027511
LOCAL,0300,VEHICLE FUND,81,STREETS AND SANITATION,2020,BUREAU OF SANITATION,423,COMMUNICATION DEVICES,500
LOCAL,0300,VEHICLE FUND,81,STREETS AND SANITATION,2045,BUREAU OF STREET OPERATIONS,5,SALARIES AND WAGES - ON PAYROLL,2826830
LOCAL,0300,VEHICLE FUND,81,STREETS AND SANITATION,2045,BUREAU OF STREET OPERATIONS,12,CONTRACT WAGE - PREVAILING RATE,15742
LOCAL,0300,VEHICLE FUND,81,STREETS AND SANITATION,2045,BUREAU OF STREET OPERATIONS,15,SCHEDULE SALARY ADJUSTMENTS,6479
LOCAL,0300,VEHICLE FUND,81,STREETS AND SANITATION,2045,BUREAU OF STREET OPERATIONS,20,OVERTIME,1144000
LOCAL,0300,VEHICLE FUND,81,STREETS AND SANITATION,2045,BUREAU OF STREET OPERATIONS,126,OFFICE CONVENIENCES,4500
LOCAL,0300,VEHICLE FUND,81,STREETS AND SANITATION,2045,BUREAU OF STREET OPERATIONS,157,RENTAL EQUIPMENT AND SERVICES,72306
LOCAL,0300,VEHICLE FUND,81,STREETS AND SANITATION,2045,BUREAU OF STREET OPERATIONS,159,LEASE/PURCHASE EQUIPMENT,1000
LOCAL,0300,VEHICLE FUND,81,STREETS AND SANITATION,2045,BUREAU OF STREET OPERATIONS,162,REPAIR/MAINT EQUIPMENT,5000
LOCAL,0300,VEHICLE FUND,81,STREETS AND SANITATION,2045,BUREAU OF STREET OPERATIONS,181,MOBILE COMMUNICATION SERVICES,16000
LOCAL,0300,VEHICLE FUND,81,STREETS AND SANITATION,2045,BUREAU OF STREET OPERATIONS,185,WASTE DISPOSAL SERVICES,1745000
LOCAL,0300,VEHICLE FUND,81,STREETS AND SANITATION,2045,BUREAU OF STREET OPERATIONS,190,TELEPHONE - NON-CENTREX BILLINGS,22000
LOCAL,0300,VEHICLE FUND,81,STREETS AND SANITATION,2045,BUREAU OF STREET OPERATIONS,196,DATA CIRCUITS,10100
LOCAL,0300,VEHICLE FUND,81,STREETS AND SANITATION,2045,BUREAU OF STREET OPERATIONS,197,TELEPHONE - MAINTENANCE,1780
LOCAL,0300,VEHICLE FUND,81,STREETS AND SANITATION,2045,BUREAU OF STREET OPERATIONS,313,CLEANING AND SANITATION SUPPLIES,1000
LOCAL,0300,VEHICLE FUND,81,STREETS AND SANITATION,2045,BUREAU OF STREET OPERATIONS,340,MATERIAL AND SUPPLIES,180219
LOCAL,0300,VEHICLE FUND,81,STREETS AND SANITATION,2045,BUREAU OF STREET OPERATIONS,341,CHEMICALS,50000
LOCAL,0300,VEHICLE FUND,81,STREETS AND SANITATION,2045,BUREAU OF STREET OPERATIONS,350,STATIONERY AND OFFICE SUPPLIES,10000
LOCAL,0300,VEHICLE FUND,81,STREETS AND SANITATION,2045,BUREAU OF STREET OPERATIONS,401,TOOL <= $100 UNIT,22000
LOCAL,0300,VEHICLE FUND,81,STREETS AND SANITATION,2045,BUREAU OF STREET OPERATIONS,402,TOOLS > $100 UNIT,11700
LOCAL,0300,VEHICLE FUND,81,STREETS AND SANITATION,2045,BUREAU OF STREET OPERATIONS,9438,REIMBURSEMENT - 2FM,5000
LOCAL,0300,VEHICLE FUND,81,STREETS AND SANITATION,2070,BUREAU OF TRAFFIC SERVICES,5,SALARIES AND WAGES - ON PAYROLL,13382978
LOCAL,0300,VEHICLE FUND,81,STREETS AND SANITATION,2070,BUREAU OF TRAFFIC SERVICES,12,CONTRACT WAGE - PREVAILING RATE,74420
LOCAL,0300,VEHICLE FUND,81,STREETS AND SANITATION,2070,BUREAU OF TRAFFIC SERVICES,15,SCHEDULE SALARY ADJUSTMENTS,22700
LOCAL,0300,VEHICLE FUND,81,STREETS AND SANITATION,2070,BUREAU OF TRAFFIC SERVICES,20,OVERTIME,600000
LOCAL,0300,VEHICLE FUND,81,STREETS AND SANITATION,2070,BUREAU OF TRAFFIC SERVICES,91,UNIFORM ALLOWANCE,23000
LOCAL,0300,VEHICLE FUND,81,STREETS AND SANITATION,2070,BUREAU OF TRAFFIC SERVICES,126,OFFICE CONVENIENCES,2350
LOCAL,0300,VEHICLE FUND,81,STREETS AND SANITATION,2070,BUREAU OF TRAFFIC SERVICES,130,POSTAGE,512500
LOCAL,0300,VEHICLE FUND,81,STREETS AND SANITATION,2070,BUREAU OF TRAFFIC SERVICES,140,PROFESSIONAL AND TECHNICAL SERVICES,7938100
LOCAL,0300,VEHICLE FUND,81,STREETS AND SANITATION,2070,BUREAU OF TRAFFIC SERVICES,150,PUBLICATN & REPRODT-OUT,5800
LOCAL,0300,VEHICLE FUND,81,STREETS AND SANITATION,2070,BUREAU OF TRAFFIC SERVICES,157,RENTAL EQUIPMENT AND SERVICES,77500
LOCAL,0300,VEHICLE FUND,81,STREETS AND SANITATION,2070,BUREAU OF TRAFFIC SERVICES,162,REPAIR/MAINT EQUIPMENT,29400
LOCAL,0300,VEHICLE FUND,81,STREETS AND SANITATION,2070,BUREAU OF TRAFFIC SERVICES,166,DUES  SUBSC & MEM,200
LOCAL,0300,VEHICLE FUND,81,STREETS AND SANITATION,2070,BUREAU OF TRAFFIC SERVICES,181,MOBILE COMMUNICATION SERVICES,265000
LOCAL,0300,VEHICLE FUND,81,STREETS AND SANITATION,2070,BUREAU OF TRAFFIC SERVICES,188,VEHICLE TRACKING SERVICE,49000
LOCAL,0300,VEHICLE FUND,81,STREETS AND SANITATION,2070,BUREAU OF TRAFFIC SERVICES,189,TELEPHONE - NON-CENTREX BILLINGS,6600
LOCAL,0300,VEHICLE FUND,81,STREETS AND SANITATION,2070,BUREAU OF TRAFFIC SERVICES,190,TELEPHONE - NON-CENTREX BILLINGS,19000
LOCAL,0300,VEHICLE FUND,81,STREETS AND SANITATION,2070,BUREAU OF TRAFFIC SERVICES,197,TELEPHONE - MAINTENANCE,725
LOCAL,0300,VEHICLE FUND,81,STREETS AND SANITATION,2070,BUREAU OF TRAFFIC SERVICES,313,CLEANING AND SANITATION SUPPLIES,700
LOCAL,0300,VEHICLE FUND,81,STREETS AND SANITATION,2070,BUREAU OF TRAFFIC SERVICES,319,CLOTHING,1400
LOCAL,0300,VEHICLE FUND,81,STREETS AND SANITATION,2070,BUREAU OF TRAFFIC SERVICES,340,MATERIAL AND SUPPLIES,94500
LOCAL,0300,VEHICLE FUND,81,STREETS AND SANITATION,2070,BUREAU OF TRAFFIC SERVICES,350,STATIONERY AND OFFICE SUPPLIES,37000
LOCAL,0300,VEHICLE FUND,81,STREETS AND SANITATION,2070,BUREAU OF TRAFFIC SERVICES,992,TOW STORAGE REFUNDS,700000
LOCAL,0300,VEHICLE FUND,81,STREETS AND SANITATION,2070,BUREAU OF TRAFFIC SERVICES,9438,REIMBURSEMENT - 2FM,28000
LOCAL,0310,MOTOR FUEL TAX FUND,81,STREETS AND SANITATION,2045,BUREAU OF STREET OPERATIONS,340,MATERIAL AND SUPPLIES,12721200
LOCAL,0B32,GARBAGE COLLECTION FUND,81,STREETS AND SANITATION,2020,BUREAU OF SANITATION,5,SALARIES AND WAGES - ON PAYROLL,58902207
LOCAL,0B32,GARBAGE COLLECTION FUND,81,STREETS AND SANITATION,2020,BUREAU OF SANITATION,12,CONTRACT WAGE - PREVAILING RATE,207027
LOCAL,0B32,GARBAGE COLLECTION FUND,81,STREETS AND SANITATION,2020,BUREAU OF SANITATION,15,SCHEDULE SALARY ADJUSTMENTS,40636
LOCAL,0B32,GARBAGE COLLECTION FUND,81,STREETS AND SANITATION,2020,BUREAU OF SANITATION,20,OVERTIME,1277970
LOCAL,0100,CORPORATE FUND,84,CDOT,2105,COMMISSIONER'S OFFICE,5,SALARIES AND WAGES - ON PAYROLL,2363946
LOCAL,0100,CORPORATE FUND,84,CDOT,2105,COMMISSIONER'S OFFICE,130,POSTAGE,750
LOCAL,0100,CORPORATE FUND,84,CDOT,2105,COMMISSIONER'S OFFICE,140,PROFESSIONAL AND TECHNICAL SERVICES,66000
LOCAL,0100,CORPORATE FUND,84,CDOT,2105,COMMISSIONER'S OFFICE,159,LEASE/PURCHASE EQUIPMENT,15319
LOCAL,0100,CORPORATE FUND,84,CDOT,2105,COMMISSIONER'S OFFICE,166,DUES  SUBSC & MEM,615
LOCAL,0100,CORPORATE FUND,84,CDOT,2105,COMMISSIONER'S OFFICE,169,TECHNICAL MEETING COSTS,1100
LOCAL,0100,CORPORATE FUND,84,CDOT,2105,COMMISSIONER'S OFFICE,178,FREIGHT AND EXPRESS CHARGES,250
LOCAL,0100,CORPORATE FUND,84,CDOT,2105,COMMISSIONER'S OFFICE,181,MOBILE COMMUNICATION SERVICES,2700
LOCAL,0100,CORPORATE FUND,84,CDOT,2105,COMMISSIONER'S OFFICE,190,TELEPHONE - NON-CENTREX BILLINGS,14600
LOCAL,0100,CORPORATE FUND,84,CDOT,2105,COMMISSIONER'S OFFICE,191,TELEPHONE - RELOCATIONS,400
LOCAL,0100,CORPORATE FUND,84,CDOT,2105,COMMISSIONER'S OFFICE,197,TELEPHONE - MAINTENANCE,20
LOCAL,0100,CORPORATE FUND,84,CDOT,2105,COMMISSIONER'S OFFICE,245,REIMBURSEMENT TO TRAVELERS,2800
LOCAL,0100,CORPORATE FUND,84,CDOT,2105,COMMISSIONER'S OFFICE,340,MATERIAL AND SUPPLIES,1600
LOCAL,0100,CORPORATE FUND,84,CDOT,2105,COMMISSIONER'S OFFICE,350,STATIONERY AND OFFICE SUPPLIES,5500
LOCAL,0100,CORPORATE FUND,84,CDOT,2105,COMMISSIONER'S OFFICE,931,TORT/NON-TORT JUDGMENT,1300000
LOCAL,0100,CORPORATE FUND,84,CDOT,2115,ADMINISTRATION,5,SALARIES AND WAGES - ON PAYROLL,5239421
LOCAL,0100,CORPORATE FUND,84,CDOT,2115,ADMINISTRATION,12,CONTRACT WAGE - PREVAILING RATE,1104
LOCAL,0100,CORPORATE FUND,84,CDOT,2115,ADMINISTRATION,15,SCHEDULE SALARY ADJUSTMENTS,13162
LOCAL,0100,CORPORATE FUND,84,CDOT,2115,ADMINISTRATION,39,STUDENT AS TRAINEES,10000
LOCAL,0100,CORPORATE FUND,84,CDOT,2115,ADMINISTRATION,130,POSTAGE,500
LOCAL,0100,CORPORATE FUND,84,CDOT,2115,ADMINISTRATION,140,PROFESSIONAL AND TECHNICAL SERVICES,92000
LOCAL,0100,CORPORATE FUND,84,CDOT,2115,ADMINISTRATION,149,SOFTWARE MAINTENANCE AND LICENSING,9000
LOCAL,0100,CORPORATE FUND,84,CDOT,2115,ADMINISTRATION,150,PUBLICATN & REPRODT-OUT,1000
LOCAL,0100,CORPORATE FUND,84,CDOT,2115,ADMINISTRATION,152,ADVERTISING,500
LOCAL,0100,CORPORATE FUND,84,CDOT,2115,ADMINISTRATION,160,REPAIR/MAINT PROPERTY,6250
LOCAL,0100,CORPORATE FUND,84,CDOT,2115,ADMINISTRATION,166,DUES  SUBSC & MEM,460
LOCAL,0100,CORPORATE FUND,84,CDOT,2115,ADMINISTRATION,168,EDUCATION DEVELOPMENT,2400
LOCAL,0100,CORPORATE FUND,84,CDOT,2115,ADMINISTRATION,169,TECHNICAL MEETING COSTS,900
LOCAL,0100,CORPORATE FUND,84,CDOT,2115,ADMINISTRATION,171,MISCELLANEOUS SUPPLIES,850
LOCAL,0100,CORPORATE FUND,84,CDOT,2115,ADMINISTRATION,178,FREIGHT AND EXPRESS CHARGES,300
LOCAL,0100,CORPORATE FUND,84,CDOT,2115,ADMINISTRATION,181,MOBILE COMMUNICATION SERVICES,42150
LOCAL,0100,CORPORATE FUND,84,CDOT,2115,ADMINISTRATION,190,TELEPHONE - NON-CENTREX BILLINGS,25000
LOCAL,0100,CORPORATE FUND,84,CDOT,2115,ADMINISTRATION,191,TELEPHONE - RELOCATIONS,500
LOCAL,0100,CORPORATE FUND,84,CDOT,2115,ADMINISTRATION,197,TELEPHONE - MAINTENANCE,720
LOCAL,0100,CORPORATE FUND,84,CDOT,2115,ADMINISTRATION,245,REIMBURSEMENT TO TRAVELERS,800
LOCAL,0100,CORPORATE FUND,84,CDOT,2115,ADMINISTRATION,270,LOCAL TRANSPORTATION,500
LOCAL,0100,CORPORATE FUND,84,CDOT,2115,ADMINISTRATION,348,BOOKS AND RELATED MATERIAL,3000
LOCAL,0100,CORPORATE FUND,84,CDOT,2115,ADMINISTRATION,350,STATIONERY AND OFFICE SUPPLIES,8600
LOCAL,0100,CORPORATE FUND,84,CDOT,2130,Traffic Safety,5,SALARIES AND WAGES - ON PAYROLL,829209
LOCAL,0100,CORPORATE FUND,84,CDOT,2130,Traffic Safety,39,STUDENT AS TRAINEES,5000
LOCAL,0100,CORPORATE FUND,84,CDOT,2130,Traffic Safety,130,POSTAGE,250
LOCAL,0100,CORPORATE FUND,84,CDOT,2130,Traffic Safety,138,IT MAINTENANCE,6000
LOCAL,0100,CORPORATE FUND,84,CDOT,2130,Traffic Safety,140,PROFESSIONAL AND TECHNICAL SERVICES,101000
LOCAL,0100,CORPORATE FUND,84,CDOT,2130,Traffic Safety,149,SOFTWARE MAINTENANCE AND LICENSING,5000
LOCAL,0100,CORPORATE FUND,84,CDOT,2130,Traffic Safety,159,LEASE/PURCHASE EQUIPMENT,6700
LOCAL,0100,CORPORATE FUND,84,CDOT,2130,Traffic Safety,162,REPAIR/MAINT EQUIPMENT,14486360
LOCAL,0100,CORPORATE FUND,84,CDOT,2130,Traffic Safety,166,DUES  SUBSC & MEM,2600
LOCAL,0100,CORPORATE FUND,84,CDOT,2130,Traffic Safety,169,TECHNICAL MEETING COSTS,3000
LOCAL,0100,CORPORATE FUND,84,CDOT,2130,Traffic Safety,178,FREIGHT AND EXPRESS CHARGES,500
LOCAL,0100,CORPORATE FUND,84,CDOT,2130,Traffic Safety,229,TRANSPORTATION AND EXPENSE ALLOWANCE,300
LOCAL,0100,CORPORATE FUND,84,CDOT,2130,Traffic Safety,245,REIMBURSEMENT TO TRAVELERS,5000
LOCAL,0100,CORPORATE FUND,84,CDOT,2130,Traffic Safety,270,LOCAL TRANSPORTATION,300
LOCAL,0100,CORPORATE FUND,84,CDOT,2130,Traffic Safety,345,APPARATUS AND INSTRUMENTS,2000
LOCAL,0100,CORPORATE FUND,84,CDOT,2130,Traffic Safety,348,BOOKS AND RELATED MATERIAL,1100
LOCAL,0100,CORPORATE FUND,84,CDOT,2130,Traffic Safety,350,STATIONERY AND OFFICE SUPPLIES,2000
LOCAL,0100,CORPORATE FUND,84,CDOT,2140,Sign Management,5,SALARIES AND WAGES - ON PAYROLL,3256145
LOCAL,0100,CORPORATE FUND,84,CDOT,2140,Sign Management,12,CONTRACT WAGE - PREVAILING RATE,20964
LOCAL,0100,CORPORATE FUND,84,CDOT,2140,Sign Management,15,SCHEDULE SALARY ADJUSTMENTS,4291
LOCAL,0100,CORPORATE FUND,84,CDOT,2140,Sign Management,20,OVERTIME,29442
LOCAL,0100,CORPORATE FUND,84,CDOT,2140,Sign Management,130,POSTAGE,200
LOCAL,0100,CORPORATE FUND,84,CDOT,2140,Sign Management,140,PROFESSIONAL AND TECHNICAL SERVICES,400000
LOCAL,0100,CORPORATE FUND,84,CDOT,2140,Sign Management,149,SOFTWARE MAINTENANCE AND LICENSING,9000
LOCAL,0100,CORPORATE FUND,84,CDOT,2140,Sign Management,159,LEASE/PURCHASE EQUIPMENT,5540
LOCAL,0100,CORPORATE FUND,84,CDOT,2140,Sign Management,160,REPAIR/MAINT PROPERTY,5500
LOCAL,0100,CORPORATE FUND,84,CDOT,2140,Sign Management,162,REPAIR/MAINT EQUIPMENT,8250
LOCAL,0100,CORPORATE FUND,84,CDOT,2140,Sign Management,185,WASTE DISPOSAL SERVICES,3000
LOCAL,0100,CORPORATE FUND,84,CDOT,2140,Sign Management,188,VEHICLE TRACKING SERVICE,4667
LOCAL,0100,CORPORATE FUND,84,CDOT,2140,Sign Management,319,CLOTHING,1300
LOCAL,0100,CORPORATE FUND,84,CDOT,2140,Sign Management,340,MATERIAL AND SUPPLIES,461283
LOCAL,0100,CORPORATE FUND,84,CDOT,2140,Sign Management,350,STATIONERY AND OFFICE SUPPLIES,6400
LOCAL,0100,CORPORATE FUND,84,CDOT,2140,Sign Management,362,PAINTS AND PAINTING SUPPLIES,40000
LOCAL,0100,CORPORATE FUND,84,CDOT,2140,Sign Management,440,MACHINERY AND EQUIPMENT,2800
LOCAL,0100,CORPORATE FUND,84,CDOT,2140,Sign Management,446,PURCHASE - DATA HARDWARE,5000
LOCAL,0100,CORPORATE FUND,84,CDOT,2145,PROJECT DEVELOPMENT,5,SALARIES AND WAGES - ON PAYROLL,3236261
LOCAL,0100,CORPORATE FUND,84,CDOT,2145,PROJECT DEVELOPMENT,15,SCHEDULE SALARY ADJUSTMENTS,3274
LOCAL,0100,CORPORATE FUND,84,CDOT,2145,PROJECT DEVELOPMENT,130,POSTAGE,500
LOCAL,0100,CORPORATE FUND,84,CDOT,2145,PROJECT DEVELOPMENT,140,PROFESSIONAL AND TECHNICAL SERVICES,668371
LOCAL,0100,CORPORATE FUND,84,CDOT,2145,PROJECT DEVELOPMENT,149,SOFTWARE MAINTENANCE AND LICENSING,14000
LOCAL,0100,CORPORATE FUND,84,CDOT,2145,PROJECT DEVELOPMENT,150,PUBLICATN & REPRODT-OUT,950
LOCAL,0100,CORPORATE FUND,84,CDOT,2145,PROJECT DEVELOPMENT,152,ADVERTISING,2250
LOCAL,0100,CORPORATE FUND,84,CDOT,2145,PROJECT DEVELOPMENT,153,PROMOTIONS,2000
LOCAL,0100,CORPORATE FUND,84,CDOT,2145,PROJECT DEVELOPMENT,157,RENTAL EQUIPMENT AND SERVICES,13500
LOCAL,0100,CORPORATE FUND,84,CDOT,2145,PROJECT DEVELOPMENT,159,LEASE/PURCHASE EQUIPMENT,23254
LOCAL,0100,CORPORATE FUND,84,CDOT,2145,PROJECT DEVELOPMENT,162,REPAIR/MAINT EQUIPMENT,8932
LOCAL,0100,CORPORATE FUND,84,CDOT,2145,PROJECT DEVELOPMENT,166,DUES  SUBSC & MEM,32724
LOCAL,0100,CORPORATE FUND,84,CDOT,2145,PROJECT DEVELOPMENT,169,TECHNICAL MEETING COSTS,3250
LOCAL,0100,CORPORATE FUND,84,CDOT,2145,PROJECT DEVELOPMENT,178,FREIGHT AND EXPRESS CHARGES,200
LOCAL,0100,CORPORATE FUND,84,CDOT,2145,PROJECT DEVELOPMENT,181,MOBILE COMMUNICATION SERVICES,900
LOCAL,0100,CORPORATE FUND,84,CDOT,2145,PROJECT DEVELOPMENT,190,TELEPHONE - NON-CENTREX BILLINGS,14600
LOCAL,0100,CORPORATE FUND,84,CDOT,2145,PROJECT DEVELOPMENT,197,TELEPHONE - MAINTENANCE,58
LOCAL,0100,CORPORATE FUND,84,CDOT,2145,PROJECT DEVELOPMENT,245,REIMBURSEMENT TO TRAVELERS,5950
LOCAL,0100,CORPORATE FUND,84,CDOT,2145,PROJECT DEVELOPMENT,270,LOCAL TRANSPORTATION,50
LOCAL,0100,CORPORATE FUND,84,CDOT,2145,PROJECT DEVELOPMENT,312,SOFTWARE PURCHASES,15000
LOCAL,0100,CORPORATE FUND,84,CDOT,2145,PROJECT DEVELOPMENT,345,APPARATUS AND INSTRUMENTS,8200
LOCAL,0100,CORPORATE FUND,84,CDOT,2145,PROJECT DEVELOPMENT,348,BOOKS AND RELATED MATERIAL,400
LOCAL,0100,CORPORATE FUND,84,CDOT,2145,PROJECT DEVELOPMENT,350,STATIONERY AND OFFICE SUPPLIES,8300
LOCAL,0100,CORPORATE FUND,84,CDOT,2145,PROJECT DEVELOPMENT,9142,X-OFFENDER/RE-ENTRY INI,250000
LOCAL,0100,CORPORATE FUND,84,CDOT,2150,ELECTRICAL OPERATIONS,5,SALARIES AND WAGES - ON PAYROLL,8029324
LOCAL,0100,CORPORATE FUND,84,CDOT,2150,ELECTRICAL OPERATIONS,12,CONTRACT WAGE - PREVAILING RATE,75840
LOCAL,0100,CORPORATE FUND,84,CDOT,2150,ELECTRICAL OPERATIONS,15,SCHEDULE SALARY ADJUSTMENTS,3519
LOCAL,0100,CORPORATE FUND,84,CDOT,2150,ELECTRICAL OPERATIONS,20,OVERTIME,148775
LOCAL,0100,CORPORATE FUND,84,CDOT,2150,ELECTRICAL OPERATIONS,39,STUDENT AS TRAINEES,4000
LOCAL,0100,CORPORATE FUND,84,CDOT,2150,ELECTRICAL OPERATIONS,130,POSTAGE,294
LOCAL,0100,CORPORATE FUND,84,CDOT,2150,ELECTRICAL OPERATIONS,149,SOFTWARE MAINTENANCE AND LICENSING,7000
LOCAL,0100,CORPORATE FUND,84,CDOT,2150,ELECTRICAL OPERATIONS,157,RENTAL EQUIPMENT AND SERVICES,38060
LOCAL,0100,CORPORATE FUND,84,CDOT,2150,ELECTRICAL OPERATIONS,159,LEASE/PURCHASE EQUIPMENT,22583
LOCAL,0100,CORPORATE FUND,84,CDOT,2150,ELECTRICAL OPERATIONS,162,REPAIR/MAINT EQUIPMENT,28398
LOCAL,0100,CORPORATE FUND,84,CDOT,2150,ELECTRICAL OPERATIONS,181,MOBILE COMMUNICATION SERVICES,168000
LOCAL,0100,CORPORATE FUND,84,CDOT,2150,ELECTRICAL OPERATIONS,188,VEHICLE TRACKING SERVICE,68975
LOCAL,0100,CORPORATE FUND,84,CDOT,2150,ELECTRICAL OPERATIONS,189,TELEPHONE - NON-CENTREX BILLINGS,2000
LOCAL,0100,CORPORATE FUND,84,CDOT,2150,ELECTRICAL OPERATIONS,190,TELEPHONE - NON-CENTREX BILLINGS,42000
LOCAL,0100,CORPORATE FUND,84,CDOT,2150,ELECTRICAL OPERATIONS,196,DATA CIRCUITS,64300
LOCAL,0100,CORPORATE FUND,84,CDOT,2150,ELECTRICAL OPERATIONS,197,TELEPHONE - MAINTENANCE,180
LOCAL,0100,CORPORATE FUND,84,CDOT,2150,ELECTRICAL OPERATIONS,229,TRANSPORTATION AND EXPENSE ALLOWANCE,16000
LOCAL,0100,CORPORATE FUND,84,CDOT,2150,ELECTRICAL OPERATIONS,319,CLOTHING,5600
LOCAL,0100,CORPORATE FUND,84,CDOT,2150,ELECTRICAL OPERATIONS,340,MATERIAL AND SUPPLIES,548070
LOCAL,0100,CORPORATE FUND,84,CDOT,2150,ELECTRICAL OPERATIONS,350,STATIONERY AND OFFICE SUPPLIES,8955
LOCAL,0100,CORPORATE FUND,84,CDOT,2150,ELECTRICAL OPERATIONS,446,PURCHASE - DATA HARDWARE,21000
LOCAL,0100,CORPORATE FUND,84,CDOT,2155,IN-HOUSE CONSTRUCTION,5,SALARIES AND WAGES - ON PAYROLL,11200569
LOCAL,0100,CORPORATE FUND,84,CDOT,2155,IN-HOUSE CONSTRUCTION,12,CONTRACT WAGE - PREVAILING RATE,77005
LOCAL,0100,CORPORATE FUND,84,CDOT,2155,IN-HOUSE CONSTRUCTION,15,SCHEDULE SALARY ADJUSTMENTS,3498
LOCAL,0100,CORPORATE FUND,84,CDOT,2155,IN-HOUSE CONSTRUCTION,20,OVERTIME,1648000
LOCAL,0100,CORPORATE FUND,84,CDOT,2155,IN-HOUSE CONSTRUCTION,140,PROFESSIONAL AND TECHNICAL SERVICES,25000
LOCAL,0100,CORPORATE FUND,84,CDOT,2155,IN-HOUSE CONSTRUCTION,157,RENTAL EQUIPMENT AND SERVICES,70195
LOCAL,0100,CORPORATE FUND,84,CDOT,2155,IN-HOUSE CONSTRUCTION,159,LEASE/PURCHASE EQUIPMENT,4488
LOCAL,0100,CORPORATE FUND,84,CDOT,2155,IN-HOUSE CONSTRUCTION,160,REPAIR/MAINT PROPERTY,50000
LOCAL,0100,CORPORATE FUND,84,CDOT,2155,IN-HOUSE CONSTRUCTION,162,REPAIR/MAINT EQUIPMENT,30149
LOCAL,0100,CORPORATE FUND,84,CDOT,2155,IN-HOUSE CONSTRUCTION,169,TECHNICAL MEETING COSTS,150
LOCAL,0100,CORPORATE FUND,84,CDOT,2155,IN-HOUSE CONSTRUCTION,185,WASTE DISPOSAL SERVICES,35365
LOCAL,0100,CORPORATE FUND,84,CDOT,2155,IN-HOUSE CONSTRUCTION,188,VEHICLE TRACKING SERVICE,7155
LOCAL,0100,CORPORATE FUND,84,CDOT,2155,IN-HOUSE CONSTRUCTION,190,TELEPHONE - NON-CENTREX BILLINGS,37600
LOCAL,0100,CORPORATE FUND,84,CDOT,2155,IN-HOUSE CONSTRUCTION,197,TELEPHONE - MAINTENANCE,2650
LOCAL,0100,CORPORATE FUND,84,CDOT,2155,IN-HOUSE CONSTRUCTION,229,TRANSPORTATION AND EXPENSE ALLOWANCE,1200
LOCAL,0100,CORPORATE FUND,84,CDOT,2155,IN-HOUSE CONSTRUCTION,245,REIMBURSEMENT TO TRAVELERS,400
LOCAL,0100,CORPORATE FUND,84,CDOT,2155,IN-HOUSE CONSTRUCTION,313,CLEANING AND SANITATION SUPPLIES,2000
LOCAL,0100,CORPORATE FUND,84,CDOT,2155,IN-HOUSE CONSTRUCTION,316,GAS - BOTTLED AND PROPANE,16000
LOCAL,0100,CORPORATE FUND,84,CDOT,2155,IN-HOUSE CONSTRUCTION,319,CLOTHING,5900
LOCAL,0100,CORPORATE FUND,84,CDOT,2155,IN-HOUSE CONSTRUCTION,340,MATERIAL AND SUPPLIES,258161
LOCAL,0100,CORPORATE FUND,84,CDOT,2155,IN-HOUSE CONSTRUCTION,350,STATIONERY AND OFFICE SUPPLIES,2000
LOCAL,0100,CORPORATE FUND,84,CDOT,2155,IN-HOUSE CONSTRUCTION,365,ELECTRICAL SUPPLIES,21100
LOCAL,0100,CORPORATE FUND,84,CDOT,2155,IN-HOUSE CONSTRUCTION,440,MACHINERY AND EQUIPMENT,15325
LOCAL,0300,VEHICLE FUND,84,CDOT,2125,ENGINEERING,5,SALARIES AND WAGES - ON PAYROLL,7621536
LOCAL,0300,VEHICLE FUND,84,CDOT,2125,ENGINEERING,12,CONTRACT WAGE - PREVAILING RATE,18131
LOCAL,0300,VEHICLE FUND,84,CDOT,2125,ENGINEERING,15,SCHEDULE SALARY ADJUSTMENTS,7470
LOCAL,0300,VEHICLE FUND,84,CDOT,2125,ENGINEERING,20,OVERTIME,30000
LOCAL,0300,VEHICLE FUND,84,CDOT,2125,ENGINEERING,39,STUDENT AS TRAINEES,10000
LOCAL,0300,VEHICLE FUND,84,CDOT,2125,ENGINEERING,140,PROFESSIONAL AND TECHNICAL SERVICES,4140000
LOCAL,0300,VEHICLE FUND,84,CDOT,2125,ENGINEERING,144,ENGINEERING AND ARCHITECTURE,628642
LOCAL,0300,VEHICLE FUND,84,CDOT,2125,ENGINEERING,149,SOFTWARE MAINTENANCE AND LICENSING,20000
LOCAL,0300,VEHICLE FUND,84,CDOT,2125,ENGINEERING,150,PUBLICATN & REPRODT-OUT,4000
LOCAL,0300,VEHICLE FUND,84,CDOT,2125,ENGINEERING,152,ADVERTISING,1000
LOCAL,0300,VEHICLE FUND,84,CDOT,2125,ENGINEERING,159,LEASE/PURCHASE EQUIPMENT,21035
LOCAL,0300,VEHICLE FUND,84,CDOT,2125,ENGINEERING,166,DUES  SUBSC & MEM,8000
LOCAL,0300,VEHICLE FUND,84,CDOT,2125,ENGINEERING,169,TECHNICAL MEETING COSTS,3000
LOCAL,0300,VEHICLE FUND,84,CDOT,2125,ENGINEERING,181,MOBILE COMMUNICATION SERVICES,11150
LOCAL,0300,VEHICLE FUND,84,CDOT,2125,ENGINEERING,190,TELEPHONE - NON-CENTREX BILLINGS,10400
LOCAL,0300,VEHICLE FUND,84,CDOT,2125,ENGINEERING,197,TELEPHONE - MAINTENANCE,40
LOCAL,0300,VEHICLE FUND,84,CDOT,2125,ENGINEERING,229,TRANSPORTATION AND EXPENSE ALLOWANCE,41378
LOCAL,0300,VEHICLE FUND,84,CDOT,2125,ENGINEERING,245,REIMBURSEMENT TO TRAVELERS,3500
LOCAL,0300,VEHICLE FUND,84,CDOT,2125,ENGINEERING,340,MATERIAL AND SUPPLIES,6000
LOCAL,0300,VEHICLE FUND,84,CDOT,2125,ENGINEERING,350,STATIONERY AND OFFICE SUPPLIES,12310
LOCAL,0300,VEHICLE FUND,84,CDOT,2135,INFRASTRUCTURE MANAGEMENT,5,SALARIES AND WAGES - ON PAYROLL,5070051
LOCAL,0300,VEHICLE FUND,84,CDOT,2135,INFRASTRUCTURE MANAGEMENT,15,SCHEDULE SALARY ADJUSTMENTS,14966
LOCAL,0300,VEHICLE FUND,84,CDOT,2135,INFRASTRUCTURE MANAGEMENT,20,OVERTIME,34573
LOCAL,0300,VEHICLE FUND,84,CDOT,2135,INFRASTRUCTURE MANAGEMENT,39,STUDENT AS TRAINEES,10000
LOCAL,0300,VEHICLE FUND,84,CDOT,2135,INFRASTRUCTURE MANAGEMENT,126,OFFICE CONVENIENCES,300
LOCAL,0300,VEHICLE FUND,84,CDOT,2135,INFRASTRUCTURE MANAGEMENT,130,POSTAGE,29000
LOCAL,0300,VEHICLE FUND,84,CDOT,2135,INFRASTRUCTURE MANAGEMENT,140,PROFESSIONAL AND TECHNICAL SERVICES,4537000
LOCAL,0300,VEHICLE FUND,84,CDOT,2135,INFRASTRUCTURE MANAGEMENT,149,SOFTWARE MAINTENANCE AND LICENSING,60000
LOCAL,0300,VEHICLE FUND,84,CDOT,2135,INFRASTRUCTURE MANAGEMENT,150,PUBLICATN & REPRODT-OUT,3900
LOCAL,0300,VEHICLE FUND,84,CDOT,2135,INFRASTRUCTURE MANAGEMENT,152,ADVERTISING,4800
LOCAL,0300,VEHICLE FUND,84,CDOT,2135,INFRASTRUCTURE MANAGEMENT,157,RENTAL EQUIPMENT AND SERVICES,5985
LOCAL,0300,VEHICLE FUND,84,CDOT,2135,INFRASTRUCTURE MANAGEMENT,159,LEASE/PURCHASE EQUIPMENT,21333
LOCAL,0300,VEHICLE FUND,84,CDOT,2135,INFRASTRUCTURE MANAGEMENT,160,REPAIR/MAINT PROPERTY,5800
LOCAL,0300,VEHICLE FUND,84,CDOT,2135,INFRASTRUCTURE MANAGEMENT,162,REPAIR/MAINT EQUIPMENT,28628
LOCAL,0300,VEHICLE FUND,84,CDOT,2135,INFRASTRUCTURE MANAGEMENT,166,DUES  SUBSC & MEM,1500
LOCAL,0300,VEHICLE FUND,84,CDOT,2135,INFRASTRUCTURE MANAGEMENT,179,MESSENGER SERVICES,450
LOCAL,0300,VEHICLE FUND,84,CDOT,2135,INFRASTRUCTURE MANAGEMENT,181,MOBILE COMMUNICATION SERVICES,22150
LOCAL,0300,VEHICLE FUND,84,CDOT,2135,INFRASTRUCTURE MANAGEMENT,188,VEHICLE TRACKING SERVICE,8488
LOCAL,0300,VEHICLE FUND,84,CDOT,2135,INFRASTRUCTURE MANAGEMENT,190,TELEPHONE - NON-CENTREX BILLINGS,35500
LOCAL,0300,VEHICLE FUND,84,CDOT,2135,INFRASTRUCTURE MANAGEMENT,196,DATA CIRCUITS,5100
LOCAL,0300,VEHICLE FUND,84,CDOT,2135,INFRASTRUCTURE MANAGEMENT,197,TELEPHONE - MAINTENANCE,5160
LOCAL,0300,VEHICLE FUND,84,CDOT,2135,INFRASTRUCTURE MANAGEMENT,229,TRANSPORTATION AND EXPENSE ALLOWANCE,92300
LOCAL,0300,VEHICLE FUND,84,CDOT,2135,INFRASTRUCTURE MANAGEMENT,245,REIMBURSEMENT TO TRAVELERS,6400
LOCAL,0300,VEHICLE FUND,84,CDOT,2135,INFRASTRUCTURE MANAGEMENT,270,LOCAL TRANSPORTATION,500
LOCAL,0300,VEHICLE FUND,84,CDOT,2135,INFRASTRUCTURE MANAGEMENT,313,CLEANING AND SANITATION SUPPLIES,1600
LOCAL,0300,VEHICLE FUND,84,CDOT,2135,INFRASTRUCTURE MANAGEMENT,319,CLOTHING,11000
LOCAL,0300,VEHICLE FUND,84,CDOT,2135,INFRASTRUCTURE MANAGEMENT,340,MATERIAL AND SUPPLIES,14500
LOCAL,0300,VEHICLE FUND,84,CDOT,2135,INFRASTRUCTURE MANAGEMENT,348,BOOKS AND RELATED MATERIAL,1050
LOCAL,0300,VEHICLE FUND,84,CDOT,2135,INFRASTRUCTURE MANAGEMENT,350,STATIONERY AND OFFICE SUPPLIES,11000
LOCAL,0300,VEHICLE FUND,84,CDOT,2135,INFRASTRUCTURE MANAGEMENT,9438,REIMBURSEMENT - 2FM,4000
LOCAL,0300,VEHICLE FUND,84,CDOT,2150,ELECTRICAL OPERATIONS,5,SALARIES AND WAGES - ON PAYROLL,4893520
LOCAL,0300,VEHICLE FUND,84,CDOT,2150,ELECTRICAL OPERATIONS,12,CONTRACT WAGE - PREVAILING RATE,62084
LOCAL,0300,VEHICLE FUND,84,CDOT,2150,ELECTRICAL OPERATIONS,20,OVERTIME,250000
LOCAL,0300,VEHICLE FUND,84,CDOT,2150,ELECTRICAL OPERATIONS,140,PROFESSIONAL AND TECHNICAL SERVICES,1264770
LOCAL,0300,VEHICLE FUND,84,CDOT,2150,ELECTRICAL OPERATIONS,157,RENTAL EQUIPMENT AND SERVICES,4500
LOCAL,0300,VEHICLE FUND,84,CDOT,2150,ELECTRICAL OPERATIONS,159,LEASE/PURCHASE EQUIPMENT,7060
LOCAL,0300,VEHICLE FUND,84,CDOT,2150,ELECTRICAL OPERATIONS,162,REPAIR/MAINT EQUIPMENT,12000
LOCAL,0300,VEHICLE FUND,84,CDOT,2150,ELECTRICAL OPERATIONS,188,VEHICLE TRACKING SERVICE,11155
LOCAL,0300,VEHICLE FUND,84,CDOT,2150,ELECTRICAL OPERATIONS,229,TRANSPORTATION AND EXPENSE ALLOWANCE,117560
LOCAL,0300,VEHICLE FUND,84,CDOT,2150,ELECTRICAL OPERATIONS,319,CLOTHING,5830
LOCAL,0300,VEHICLE FUND,84,CDOT,2150,ELECTRICAL OPERATIONS,340,MATERIAL AND SUPPLIES,1539880
LOCAL,0300,VEHICLE FUND,84,CDOT,2150,ELECTRICAL OPERATIONS,350,STATIONERY AND OFFICE SUPPLIES,8000
LOCAL,0300,VEHICLE FUND,84,CDOT,2150,ELECTRICAL OPERATIONS,440,MACHINERY AND EQUIPMENT,3250
LOCAL,0300,VEHICLE FUND,84,CDOT,2155,IN-HOUSE CONSTRUCTION,5,SALARIES AND WAGES - ON PAYROLL,43737088
LOCAL,0300,VEHICLE FUND,84,CDOT,2155,IN-HOUSE CONSTRUCTION,12,CONTRACT WAGE - PREVAILING RATE,299898
LOCAL,0300,VEHICLE FUND,84,CDOT,2155,IN-HOUSE CONSTRUCTION,15,SCHEDULE SALARY ADJUSTMENTS,3006
LOCAL,0300,VEHICLE FUND,84,CDOT,2155,IN-HOUSE CONSTRUCTION,20,OVERTIME,702000
LOCAL,0300,VEHICLE FUND,84,CDOT,2155,IN-HOUSE CONSTRUCTION,40,ADJUSTED SALARAIES - PER DIEM - PR,51407
LOCAL,0300,VEHICLE FUND,84,CDOT,2155,IN-HOUSE CONSTRUCTION,140,PROFESSIONAL AND TECHNICAL SERVICES,24800
LOCAL,0300,VEHICLE FUND,84,CDOT,2155,IN-HOUSE CONSTRUCTION,157,RENTAL EQUIPMENT AND SERVICES,75300
LOCAL,0300,VEHICLE FUND,84,CDOT,2155,IN-HOUSE CONSTRUCTION,159,LEASE/PURCHASE EQUIPMENT,12876
LOCAL,0300,VEHICLE FUND,84,CDOT,2155,IN-HOUSE CONSTRUCTION,160,REPAIR/MAINT PROPERTY,32891
LOCAL,0300,VEHICLE FUND,84,CDOT,2155,IN-HOUSE CONSTRUCTION,162,REPAIR/MAINT EQUIPMENT,15000
LOCAL,0300,VEHICLE FUND,84,CDOT,2155,IN-HOUSE CONSTRUCTION,181,MOBILE COMMUNICATION SERVICES,73060
LOCAL,0300,VEHICLE FUND,84,CDOT,2155,IN-HOUSE CONSTRUCTION,185,WASTE DISPOSAL SERVICES,98823
LOCAL,0300,VEHICLE FUND,84,CDOT,2155,IN-HOUSE CONSTRUCTION,188,VEHICLE TRACKING SERVICE,31823
LOCAL,0300,VEHICLE FUND,84,CDOT,2155,IN-HOUSE CONSTRUCTION,190,TELEPHONE - NON-CENTREX BILLINGS,29200
LOCAL,0300,VEHICLE FUND,84,CDOT,2155,IN-HOUSE CONSTRUCTION,197,TELEPHONE - MAINTENANCE,80
LOCAL,0300,VEHICLE FUND,84,CDOT,2155,IN-HOUSE CONSTRUCTION,229,TRANSPORTATION AND EXPENSE ALLOWANCE,18500
LOCAL,0300,VEHICLE FUND,84,CDOT,2155,IN-HOUSE CONSTRUCTION,340,MATERIAL AND SUPPLIES,2736463
LOCAL,0300,VEHICLE FUND,84,CDOT,2155,IN-HOUSE CONSTRUCTION,350,STATIONERY AND OFFICE SUPPLIES,10500
LOCAL,0300,VEHICLE FUND,84,CDOT,2155,IN-HOUSE CONSTRUCTION,9481,REIMBURSEMENT - DSS,35000
LOCAL,0310,MOTOR FUEL TAX FUND,84,CDOT,2150,ELECTRICAL OPERATIONS,5,SALARIES AND WAGES - ON PAYROLL,11828596
LOCAL,0310,MOTOR FUEL TAX FUND,84,CDOT,2150,ELECTRICAL OPERATIONS,12,CONTRACT WAGE - PREVAILING RATE,142062
LOCAL,0310,MOTOR FUEL TAX FUND,84,CDOT,2150,ELECTRICAL OPERATIONS,20,OVERTIME,1000000
LOCAL,0310,MOTOR FUEL TAX FUND,84,CDOT,2150,ELECTRICAL OPERATIONS,340,MATERIAL AND SUPPLIES,2250825
LOCAL,0310,MOTOR FUEL TAX FUND,84,CDOT,2155,IN-HOUSE CONSTRUCTION,5,SALARIES AND WAGES - ON PAYROLL,6684876
LOCAL,0310,MOTOR FUEL TAX FUND,84,CDOT,2155,IN-HOUSE CONSTRUCTION,12,CONTRACT WAGE - PREVAILING RATE,50715
LOCAL,0310,MOTOR FUEL TAX FUND,84,CDOT,2155,IN-HOUSE CONSTRUCTION,140,PROFESSIONAL AND TECHNICAL SERVICES,825000
LOCAL,0310,MOTOR FUEL TAX FUND,84,CDOT,2155,IN-HOUSE CONSTRUCTION,340,MATERIAL AND SUPPLIES,8175334
LOCAL,0610,MIDWAY AIRPORT FUND,85,DEPARTMENT OF AVIATION,2010,CHICAGO MIDWAY AIRPORT,5,SALARIES AND WAGES - ON PAYROLL,17379893
LOCAL,0610,MIDWAY AIRPORT FUND,85,DEPARTMENT OF AVIATION,2010,CHICAGO MIDWAY AIRPORT,11,CONTRACT WAGE - SALARY,94285
LOCAL,0610,MIDWAY AIRPORT FUND,85,DEPARTMENT OF AVIATION,2010,CHICAGO MIDWAY AIRPORT,12,CONTRACT WAGE - PREVAILING RATE,95181
LOCAL,0610,MIDWAY AIRPORT FUND,85,DEPARTMENT OF AVIATION,2010,CHICAGO MIDWAY AIRPORT,15,SCHEDULE SALARY ADJUSTMENTS,22932
LOCAL,0610,MIDWAY AIRPORT FUND,85,DEPARTMENT OF AVIATION,2010,CHICAGO MIDWAY AIRPORT,20,OVERTIME,1200000
LOCAL,0610,MIDWAY AIRPORT FUND,85,DEPARTMENT OF AVIATION,2010,CHICAGO MIDWAY AIRPORT,39,STUDENT AS TRAINEES,10000
LOCAL,0610,MIDWAY AIRPORT FUND,85,DEPARTMENT OF AVIATION,2010,CHICAGO MIDWAY AIRPORT,49,WORKERS' COMPENSATION,2050085
LOCAL,0610,MIDWAY AIRPORT FUND,85,DEPARTMENT OF AVIATION,2010,CHICAGO MIDWAY AIRPORT,91,UNIFORM ALLOWANCE,30500
LOCAL,0610,MIDWAY AIRPORT FUND,85,DEPARTMENT OF AVIATION,2010,CHICAGO MIDWAY AIRPORT,130,POSTAGE,250
LOCAL,0610,MIDWAY AIRPORT FUND,85,DEPARTMENT OF AVIATION,2010,CHICAGO MIDWAY AIRPORT,138,IT MAINTENANCE,5618200
LOCAL,0610,MIDWAY AIRPORT FUND,85,DEPARTMENT OF AVIATION,2010,CHICAGO MIDWAY AIRPORT,140,PROFESSIONAL AND TECHNICAL SERVICES,19052100
LOCAL,0610,MIDWAY AIRPORT FUND,85,DEPARTMENT OF AVIATION,2010,CHICAGO MIDWAY AIRPORT,141,APPRAISALS,8000
LOCAL,0610,MIDWAY AIRPORT FUND,85,DEPARTMENT OF AVIATION,2010,CHICAGO MIDWAY AIRPORT,142,ACCOUNTING AND AUDITING,170000
LOCAL,0610,MIDWAY AIRPORT FUND,85,DEPARTMENT OF AVIATION,2010,CHICAGO MIDWAY AIRPORT,144,ENGINEERING AND ARCHITECTURE,40000
LOCAL,0610,MIDWAY AIRPORT FUND,85,DEPARTMENT OF AVIATION,2010,CHICAGO MIDWAY AIRPORT,148,TESTING AND INSPECTING,12500
LOCAL,0610,MIDWAY AIRPORT FUND,85,DEPARTMENT OF AVIATION,2010,CHICAGO MIDWAY AIRPORT,149,SOFTWARE MAINTENANCE AND LICENSING,202400
LOCAL,0610,MIDWAY AIRPORT FUND,85,DEPARTMENT OF AVIATION,2010,CHICAGO MIDWAY AIRPORT,152,ADVERTISING,50000
LOCAL,0610,MIDWAY AIRPORT FUND,85,DEPARTMENT OF AVIATION,2010,CHICAGO MIDWAY AIRPORT,154,RENTAL-DATA HARDWARE EQ,10000
LOCAL,0610,MIDWAY AIRPORT FUND,85,DEPARTMENT OF AVIATION,2010,CHICAGO MIDWAY AIRPORT,157,RENTAL EQUIPMENT AND SERVICES,12978800
LOCAL,0610,MIDWAY AIRPORT FUND,85,DEPARTMENT OF AVIATION,2010,CHICAGO MIDWAY AIRPORT,160,REPAIR/MAINT PROPERTY,1775000
LOCAL,0610,MIDWAY AIRPORT FUND,85,DEPARTMENT OF AVIATION,2010,CHICAGO MIDWAY AIRPORT,161,MAINT FACILITIES,18052200
LOCAL,0610,MIDWAY AIRPORT FUND,85,DEPARTMENT OF AVIATION,2010,CHICAGO MIDWAY AIRPORT,162,REPAIR/MAINT EQUIPMENT,13993700
LOCAL,0610,MIDWAY AIRPORT FUND,85,DEPARTMENT OF AVIATION,2010,CHICAGO MIDWAY AIRPORT,163,MAINT STREETS,4470000
LOCAL,0610,MIDWAY AIRPORT FUND,85,DEPARTMENT OF AVIATION,2010,CHICAGO MIDWAY AIRPORT,166,DUES  SUBSC & MEM,51100
LOCAL,0610,MIDWAY AIRPORT FUND,85,DEPARTMENT OF AVIATION,2010,CHICAGO MIDWAY AIRPORT,168,EDUCATION DEVELOPMENT,127300
LOCAL,0610,MIDWAY AIRPORT FUND,85,DEPARTMENT OF AVIATION,2010,CHICAGO MIDWAY AIRPORT,169,TECHNICAL MEETING COSTS,28300
LOCAL,0610,MIDWAY AIRPORT FUND,85,DEPARTMENT OF AVIATION,2010,CHICAGO MIDWAY AIRPORT,181,MOBILE COMMUNICATION SERVICES,37600
LOCAL,0610,MIDWAY AIRPORT FUND,85,DEPARTMENT OF AVIATION,2010,CHICAGO MIDWAY AIRPORT,183,WATER,520000
LOCAL,0200,WATER FUND,99,FINANCE GENERAL,2005,FINANCE GENERAL,905,MSD USER CHARGES,13000000
LOCAL,0610,MIDWAY AIRPORT FUND,85,DEPARTMENT OF AVIATION,2010,CHICAGO MIDWAY AIRPORT,185,WASTE DISPOSAL SERVICES,500000
LOCAL,0610,MIDWAY AIRPORT FUND,85,DEPARTMENT OF AVIATION,2010,CHICAGO MIDWAY AIRPORT,189,TELEPHONE - NON-CENTREX BILLINGS,22200
LOCAL,0610,MIDWAY AIRPORT FUND,85,DEPARTMENT OF AVIATION,2010,CHICAGO MIDWAY AIRPORT,190,TELEPHONE - NON-CENTREX BILLINGS,482000
LOCAL,0610,MIDWAY AIRPORT FUND,85,DEPARTMENT OF AVIATION,2010,CHICAGO MIDWAY AIRPORT,191,TELEPHONE - RELOCATIONS,1000
LOCAL,0610,MIDWAY AIRPORT FUND,85,DEPARTMENT OF AVIATION,2010,CHICAGO MIDWAY AIRPORT,197,TELEPHONE - MAINTENANCE,8000
LOCAL,0610,MIDWAY AIRPORT FUND,85,DEPARTMENT OF AVIATION,2010,CHICAGO MIDWAY AIRPORT,229,TRANSPORTATION AND EXPENSE ALLOWANCE,100
LOCAL,0610,MIDWAY AIRPORT FUND,85,DEPARTMENT OF AVIATION,2010,CHICAGO MIDWAY AIRPORT,245,REIMBURSEMENT TO TRAVELERS,12200
LOCAL,0610,MIDWAY AIRPORT FUND,85,DEPARTMENT OF AVIATION,2010,CHICAGO MIDWAY AIRPORT,270,LOCAL TRANSPORTATION,100
LOCAL,0610,MIDWAY AIRPORT FUND,85,DEPARTMENT OF AVIATION,2010,CHICAGO MIDWAY AIRPORT,313,CLEANING AND SANITATION SUPPLIES,39000
LOCAL,0610,MIDWAY AIRPORT FUND,85,DEPARTMENT OF AVIATION,2010,CHICAGO MIDWAY AIRPORT,319,CLOTHING,33900
LOCAL,0610,MIDWAY AIRPORT FUND,85,DEPARTMENT OF AVIATION,2010,CHICAGO MIDWAY AIRPORT,340,MATERIAL AND SUPPLIES,2540800
LOCAL,0610,MIDWAY AIRPORT FUND,85,DEPARTMENT OF AVIATION,2010,CHICAGO MIDWAY AIRPORT,345,APPARATUS AND INSTRUMENTS,6600
LOCAL,0610,MIDWAY AIRPORT FUND,85,DEPARTMENT OF AVIATION,2010,CHICAGO MIDWAY AIRPORT,350,STATIONERY AND OFFICE SUPPLIES,12000
LOCAL,0610,MIDWAY AIRPORT FUND,85,DEPARTMENT OF AVIATION,2010,CHICAGO MIDWAY AIRPORT,360,REPAIR PARTS AND MATERIAL,62500
LOCAL,0610,MIDWAY AIRPORT FUND,85,DEPARTMENT OF AVIATION,2010,CHICAGO MIDWAY AIRPORT,361,BUILDING MATERIALS AND SUPPLIES,6500
LOCAL,0610,MIDWAY AIRPORT FUND,85,DEPARTMENT OF AVIATION,2010,CHICAGO MIDWAY AIRPORT,362,PAINTS AND PAINTING SUPPLIES,70000
LOCAL,0610,MIDWAY AIRPORT FUND,85,DEPARTMENT OF AVIATION,2010,CHICAGO MIDWAY AIRPORT,364,PLUMBING SUPPLIES,2000
LOCAL,0610,MIDWAY AIRPORT FUND,85,DEPARTMENT OF AVIATION,2010,CHICAGO MIDWAY AIRPORT,365,ELECTRICAL SUPPLIES,697000
LOCAL,0610,MIDWAY AIRPORT FUND,85,DEPARTMENT OF AVIATION,2010,CHICAGO MIDWAY AIRPORT,402,TOOLS > $100 UNIT,15000
LOCAL,0610,MIDWAY AIRPORT FUND,85,DEPARTMENT OF AVIATION,2010,CHICAGO MIDWAY AIRPORT,423,COMMUNICATION DEVICES,477000
LOCAL,0610,MIDWAY AIRPORT FUND,85,DEPARTMENT OF AVIATION,2010,CHICAGO MIDWAY AIRPORT,424,FURNITURE AND FURNISHINGS,50000
LOCAL,0610,MIDWAY AIRPORT FUND,85,DEPARTMENT OF AVIATION,2010,CHICAGO MIDWAY AIRPORT,440,MACHINERY AND EQUIPMENT,24800
LOCAL,0610,MIDWAY AIRPORT FUND,85,DEPARTMENT OF AVIATION,2010,CHICAGO MIDWAY AIRPORT,446,PURCHASE - DATA HARDWARE,247000
LOCAL,0610,MIDWAY AIRPORT FUND,85,DEPARTMENT OF AVIATION,2010,CHICAGO MIDWAY AIRPORT,9438,REIMBURSEMENT - 2FM,35000
LOCAL,0740,O HARE REVENUE FUND,85,DEPARTMENT OF AVIATION,2015,CHICAGO-O'HARE INT'L AIRPORT,5,SALARIES AND WAGES - ON PAYROLL,109288576
LOCAL,0740,O HARE REVENUE FUND,85,DEPARTMENT OF AVIATION,2015,CHICAGO-O'HARE INT'L AIRPORT,11,CONTRACT WAGE - SALARY,458304
LOCAL,0740,O HARE REVENUE FUND,85,DEPARTMENT OF AVIATION,2015,CHICAGO-O'HARE INT'L AIRPORT,12,CONTRACT WAGE - PREVAILING RATE,731652
LOCAL,0740,O HARE REVENUE FUND,85,DEPARTMENT OF AVIATION,2015,CHICAGO-O'HARE INT'L AIRPORT,15,SCHEDULE SALARY ADJUSTMENTS,182284
LOCAL,0740,O HARE REVENUE FUND,85,DEPARTMENT OF AVIATION,2015,CHICAGO-O'HARE INT'L AIRPORT,20,OVERTIME,8000000
LOCAL,0740,O HARE REVENUE FUND,85,DEPARTMENT OF AVIATION,2015,CHICAGO-O'HARE INT'L AIRPORT,39,STUDENT AS TRAINEES,175000
LOCAL,0740,O HARE REVENUE FUND,85,DEPARTMENT OF AVIATION,2015,CHICAGO-O'HARE INT'L AIRPORT,49,WORKERS' COMPENSATION,12242520
LOCAL,0740,O HARE REVENUE FUND,85,DEPARTMENT OF AVIATION,2015,CHICAGO-O'HARE INT'L AIRPORT,91,UNIFORM ALLOWANCE,153000
LOCAL,0740,O HARE REVENUE FUND,85,DEPARTMENT OF AVIATION,2015,CHICAGO-O'HARE INT'L AIRPORT,130,POSTAGE,25000
LOCAL,0740,O HARE REVENUE FUND,85,DEPARTMENT OF AVIATION,2015,CHICAGO-O'HARE INT'L AIRPORT,138,IT MAINTENANCE,13824800
LOCAL,0740,O HARE REVENUE FUND,85,DEPARTMENT OF AVIATION,2015,CHICAGO-O'HARE INT'L AIRPORT,140,PROFESSIONAL AND TECHNICAL SERVICES,84356600
LOCAL,0740,O HARE REVENUE FUND,85,DEPARTMENT OF AVIATION,2015,CHICAGO-O'HARE INT'L AIRPORT,141,APPRAISALS,84000
LOCAL,0740,O HARE REVENUE FUND,85,DEPARTMENT OF AVIATION,2015,CHICAGO-O'HARE INT'L AIRPORT,142,ACCOUNTING AND AUDITING,609900
LOCAL,0740,O HARE REVENUE FUND,85,DEPARTMENT OF AVIATION,2015,CHICAGO-O'HARE INT'L AIRPORT,144,ENGINEERING AND ARCHITECTURE,980000
LOCAL,0740,O HARE REVENUE FUND,85,DEPARTMENT OF AVIATION,2015,CHICAGO-O'HARE INT'L AIRPORT,147,SURVEYS,15000
LOCAL,0740,O HARE REVENUE FUND,85,DEPARTMENT OF AVIATION,2015,CHICAGO-O'HARE INT'L AIRPORT,148,TESTING AND INSPECTING,31500
LOCAL,0740,O HARE REVENUE FUND,85,DEPARTMENT OF AVIATION,2015,CHICAGO-O'HARE INT'L AIRPORT,149,SOFTWARE MAINTENANCE AND LICENSING,490800
LOCAL,0740,O HARE REVENUE FUND,85,DEPARTMENT OF AVIATION,2015,CHICAGO-O'HARE INT'L AIRPORT,152,ADVERTISING,200000
LOCAL,0740,O HARE REVENUE FUND,85,DEPARTMENT OF AVIATION,2015,CHICAGO-O'HARE INT'L AIRPORT,154,RENTAL-DATA HARDWARE EQ,50000
LOCAL,0740,O HARE REVENUE FUND,85,DEPARTMENT OF AVIATION,2015,CHICAGO-O'HARE INT'L AIRPORT,155,RENTAL OF PROPERTY,2819000
LOCAL,0740,O HARE REVENUE FUND,85,DEPARTMENT OF AVIATION,2015,CHICAGO-O'HARE INT'L AIRPORT,157,RENTAL EQUIPMENT AND SERVICES,45599000
LOCAL,0740,O HARE REVENUE FUND,85,DEPARTMENT OF AVIATION,2015,CHICAGO-O'HARE INT'L AIRPORT,160,REPAIR/MAINT PROPERTY,1950000
LOCAL,0740,O HARE REVENUE FUND,85,DEPARTMENT OF AVIATION,2015,CHICAGO-O'HARE INT'L AIRPORT,161,MAINT FACILITIES,33264000
LOCAL,0740,O HARE REVENUE FUND,85,DEPARTMENT OF AVIATION,2015,CHICAGO-O'HARE INT'L AIRPORT,162,REPAIR/MAINT EQUIPMENT,15854600
LOCAL,0740,O HARE REVENUE FUND,85,DEPARTMENT OF AVIATION,2015,CHICAGO-O'HARE INT'L AIRPORT,163,MAINT STREETS,8751000
LOCAL,0740,O HARE REVENUE FUND,85,DEPARTMENT OF AVIATION,2015,CHICAGO-O'HARE INT'L AIRPORT,166,DUES  SUBSC & MEM,463800
LOCAL,0740,O HARE REVENUE FUND,85,DEPARTMENT OF AVIATION,2015,CHICAGO-O'HARE INT'L AIRPORT,168,EDUCATION DEVELOPMENT,1701000
LOCAL,0740,O HARE REVENUE FUND,85,DEPARTMENT OF AVIATION,2015,CHICAGO-O'HARE INT'L AIRPORT,169,TECHNICAL MEETING COSTS,304700
LOCAL,0740,O HARE REVENUE FUND,85,DEPARTMENT OF AVIATION,2015,CHICAGO-O'HARE INT'L AIRPORT,178,FREIGHT AND EXPRESS CHARGES,21000
LOCAL,0740,O HARE REVENUE FUND,85,DEPARTMENT OF AVIATION,2015,CHICAGO-O'HARE INT'L AIRPORT,181,MOBILE COMMUNICATION SERVICES,172800
LOCAL,0740,O HARE REVENUE FUND,85,DEPARTMENT OF AVIATION,2015,CHICAGO-O'HARE INT'L AIRPORT,183,WATER,11000000
LOCAL,0740,O HARE REVENUE FUND,85,DEPARTMENT OF AVIATION,2015,CHICAGO-O'HARE INT'L AIRPORT,185,WASTE DISPOSAL SERVICES,1595000
LOCAL,0740,O HARE REVENUE FUND,85,DEPARTMENT OF AVIATION,2015,CHICAGO-O'HARE INT'L AIRPORT,189,TELEPHONE - NON-CENTREX BILLINGS,299800
LOCAL,0740,O HARE REVENUE FUND,85,DEPARTMENT OF AVIATION,2015,CHICAGO-O'HARE INT'L AIRPORT,190,TELEPHONE - NON-CENTREX BILLINGS,946000
LOCAL,0740,O HARE REVENUE FUND,85,DEPARTMENT OF AVIATION,2015,CHICAGO-O'HARE INT'L AIRPORT,191,TELEPHONE - RELOCATIONS,6000
LOCAL,0740,O HARE REVENUE FUND,85,DEPARTMENT OF AVIATION,2015,CHICAGO-O'HARE INT'L AIRPORT,196,DATA CIRCUITS,430000
LOCAL,0740,O HARE REVENUE FUND,85,DEPARTMENT OF AVIATION,2015,CHICAGO-O'HARE INT'L AIRPORT,197,TELEPHONE - MAINTENANCE,44400
LOCAL,0740,O HARE REVENUE FUND,85,DEPARTMENT OF AVIATION,2015,CHICAGO-O'HARE INT'L AIRPORT,229,TRANSPORTATION AND EXPENSE ALLOWANCE,5500
LOCAL,0740,O HARE REVENUE FUND,85,DEPARTMENT OF AVIATION,2015,CHICAGO-O'HARE INT'L AIRPORT,245,REIMBURSEMENT TO TRAVELERS,196000
LOCAL,0740,O HARE REVENUE FUND,85,DEPARTMENT OF AVIATION,2015,CHICAGO-O'HARE INT'L AIRPORT,270,LOCAL TRANSPORTATION,6500
LOCAL,0740,O HARE REVENUE FUND,85,DEPARTMENT OF AVIATION,2015,CHICAGO-O'HARE INT'L AIRPORT,313,CLEANING AND SANITATION SUPPLIES,450000
LOCAL,0740,O HARE REVENUE FUND,85,DEPARTMENT OF AVIATION,2015,CHICAGO-O'HARE INT'L AIRPORT,314,FUEL OIL,360000
LOCAL,0740,O HARE REVENUE FUND,85,DEPARTMENT OF AVIATION,2015,CHICAGO-O'HARE INT'L AIRPORT,319,CLOTHING,405000
LOCAL,0740,O HARE REVENUE FUND,85,DEPARTMENT OF AVIATION,2015,CHICAGO-O'HARE INT'L AIRPORT,340,MATERIAL AND SUPPLIES,9843000
LOCAL,0740,O HARE REVENUE FUND,85,DEPARTMENT OF AVIATION,2015,CHICAGO-O'HARE INT'L AIRPORT,345,APPARATUS AND INSTRUMENTS,68500
LOCAL,0740,O HARE REVENUE FUND,85,DEPARTMENT OF AVIATION,2015,CHICAGO-O'HARE INT'L AIRPORT,348,BOOKS AND RELATED MATERIAL,17300
LOCAL,0740,O HARE REVENUE FUND,85,DEPARTMENT OF AVIATION,2015,CHICAGO-O'HARE INT'L AIRPORT,350,STATIONERY AND OFFICE SUPPLIES,200000
LOCAL,0740,O HARE REVENUE FUND,85,DEPARTMENT OF AVIATION,2015,CHICAGO-O'HARE INT'L AIRPORT,360,REPAIR PARTS AND MATERIAL,1507500
LOCAL,0740,O HARE REVENUE FUND,85,DEPARTMENT OF AVIATION,2015,CHICAGO-O'HARE INT'L AIRPORT,361,BUILDING MATERIALS AND SUPPLIES,450000
LOCAL,0740,O HARE REVENUE FUND,85,DEPARTMENT OF AVIATION,2015,CHICAGO-O'HARE INT'L AIRPORT,362,PAINTS AND PAINTING SUPPLIES,460000
LOCAL,0740,O HARE REVENUE FUND,85,DEPARTMENT OF AVIATION,2015,CHICAGO-O'HARE INT'L AIRPORT,364,PLUMBING SUPPLIES,180000
LOCAL,0740,O HARE REVENUE FUND,85,DEPARTMENT OF AVIATION,2015,CHICAGO-O'HARE INT'L AIRPORT,365,ELECTRICAL SUPPLIES,4100000
LOCAL,0740,O HARE REVENUE FUND,85,DEPARTMENT OF AVIATION,2015,CHICAGO-O'HARE INT'L AIRPORT,402,TOOLS > $100 UNIT,35000
LOCAL,0740,O HARE REVENUE FUND,85,DEPARTMENT OF AVIATION,2015,CHICAGO-O'HARE INT'L AIRPORT,423,COMMUNICATION DEVICES,1636200
LOCAL,0740,O HARE REVENUE FUND,85,DEPARTMENT OF AVIATION,2015,CHICAGO-O'HARE INT'L AIRPORT,424,FURNITURE AND FURNISHINGS,310000
LOCAL,0740,O HARE REVENUE FUND,85,DEPARTMENT OF AVIATION,2015,CHICAGO-O'HARE INT'L AIRPORT,440,MACHINERY AND EQUIPMENT,972500
LOCAL,0740,O HARE REVENUE FUND,85,DEPARTMENT OF AVIATION,2015,CHICAGO-O'HARE INT'L AIRPORT,446,PURCHASE - DATA HARDWARE,946600
LOCAL,0740,O HARE REVENUE FUND,85,DEPARTMENT OF AVIATION,2015,CHICAGO-O'HARE INT'L AIRPORT,9438,REIMBURSEMENT - 2FM,90000
LOCAL,0740,O HARE REVENUE FUND,85,DEPARTMENT OF AVIATION,2015,CHICAGO-O'HARE INT'L AIRPORT,9441,REIMBURSEMENT - CDPH,90000
LOCAL,0740,O HARE REVENUE FUND,85,DEPARTMENT OF AVIATION,2015,CHICAGO-O'HARE INT'L AIRPORT,9481,REIMBURSEMENT - DSS,1200000
LOCAL,0200,WATER FUND,88,WATER MANAGEMENT,2005,COMMISSIONER'S OFFICE,5,SALARIES AND WAGES - ON PAYROLL,4619651
LOCAL,0200,WATER FUND,88,WATER MANAGEMENT,2005,COMMISSIONER'S OFFICE,12,CONTRACT WAGE - PREVAILING RATE,28967
LOCAL,0200,WATER FUND,88,WATER MANAGEMENT,2005,COMMISSIONER'S OFFICE,15,SCHEDULE SALARY ADJUSTMENTS,5287
LOCAL,0200,WATER FUND,88,WATER MANAGEMENT,2005,COMMISSIONER'S OFFICE,20,OVERTIME,82000
LOCAL,0200,WATER FUND,88,WATER MANAGEMENT,2005,COMMISSIONER'S OFFICE,130,POSTAGE,200000
LOCAL,0200,WATER FUND,88,WATER MANAGEMENT,2005,COMMISSIONER'S OFFICE,140,PROFESSIONAL AND TECHNICAL SERVICES,3209678
LOCAL,0200,WATER FUND,88,WATER MANAGEMENT,2005,COMMISSIONER'S OFFICE,150,PUBLICATN & REPRODT-OUT,71900
LOCAL,0200,WATER FUND,88,WATER MANAGEMENT,2005,COMMISSIONER'S OFFICE,161,MAINT FACILITIES,36000
LOCAL,0200,WATER FUND,88,WATER MANAGEMENT,2005,COMMISSIONER'S OFFICE,162,REPAIR/MAINT EQUIPMENT,466675
LOCAL,0200,WATER FUND,88,WATER MANAGEMENT,2005,COMMISSIONER'S OFFICE,166,DUES  SUBSC & MEM,438000
LOCAL,0200,WATER FUND,88,WATER MANAGEMENT,2005,COMMISSIONER'S OFFICE,169,TECHNICAL MEETING COSTS,22500
LOCAL,0200,WATER FUND,88,WATER MANAGEMENT,2005,COMMISSIONER'S OFFICE,181,MOBILE COMMUNICATION SERVICES,12500
LOCAL,0200,WATER FUND,88,WATER MANAGEMENT,2005,COMMISSIONER'S OFFICE,189,TELEPHONE - NON-CENTREX BILLINGS,12200
LOCAL,0200,WATER FUND,88,WATER MANAGEMENT,2005,COMMISSIONER'S OFFICE,190,TELEPHONE - NON-CENTREX BILLINGS,300000
LOCAL,0200,WATER FUND,88,WATER MANAGEMENT,2005,COMMISSIONER'S OFFICE,196,DATA CIRCUITS,501700
LOCAL,0200,WATER FUND,88,WATER MANAGEMENT,2005,COMMISSIONER'S OFFICE,197,TELEPHONE - MAINTENANCE,40580
LOCAL,0200,WATER FUND,88,WATER MANAGEMENT,2005,COMMISSIONER'S OFFICE,245,REIMBURSEMENT TO TRAVELERS,18450
LOCAL,0200,WATER FUND,88,WATER MANAGEMENT,2005,COMMISSIONER'S OFFICE,340,MATERIAL AND SUPPLIES,334250
LOCAL,0200,WATER FUND,88,WATER MANAGEMENT,2005,COMMISSIONER'S OFFICE,348,BOOKS AND RELATED MATERIAL,500
LOCAL,0200,WATER FUND,88,WATER MANAGEMENT,2005,COMMISSIONER'S OFFICE,350,STATIONERY AND OFFICE SUPPLIES,14500
LOCAL,0200,WATER FUND,88,WATER MANAGEMENT,2005,COMMISSIONER'S OFFICE,424,FURNITURE AND FURNISHINGS,9000
LOCAL,0200,WATER FUND,88,WATER MANAGEMENT,2005,COMMISSIONER'S OFFICE,440,MACHINERY AND EQUIPMENT,101000
LOCAL,0200,WATER FUND,88,WATER MANAGEMENT,2010,ADMINISTRATIVE SUPPORT,5,SALARIES AND WAGES - ON PAYROLL,3841069
LOCAL,0200,WATER FUND,88,WATER MANAGEMENT,2010,ADMINISTRATIVE SUPPORT,15,SCHEDULE SALARY ADJUSTMENTS,17291
LOCAL,0200,WATER FUND,88,WATER MANAGEMENT,2010,ADMINISTRATIVE SUPPORT,20,OVERTIME,800000
LOCAL,0200,WATER FUND,88,WATER MANAGEMENT,2010,ADMINISTRATIVE SUPPORT,140,PROFESSIONAL AND TECHNICAL SERVICES,89452
LOCAL,0200,WATER FUND,88,WATER MANAGEMENT,2010,ADMINISTRATIVE SUPPORT,149,SOFTWARE MAINTENANCE AND LICENSING,80000
LOCAL,0200,WATER FUND,88,WATER MANAGEMENT,2010,ADMINISTRATIVE SUPPORT,154,RENTAL-DATA HARDWARE EQ,90000
LOCAL,0200,WATER FUND,88,WATER MANAGEMENT,2010,ADMINISTRATIVE SUPPORT,159,LEASE/PURCHASE EQUIPMENT,139375
LOCAL,0200,WATER FUND,88,WATER MANAGEMENT,2010,ADMINISTRATIVE SUPPORT,168,EDUCATION DEVELOPMENT,10000
LOCAL,0200,WATER FUND,88,WATER MANAGEMENT,2010,ADMINISTRATIVE SUPPORT,169,TECHNICAL MEETING COSTS,5000
LOCAL,0200,WATER FUND,88,WATER MANAGEMENT,2010,ADMINISTRATIVE SUPPORT,191,TELEPHONE - RELOCATIONS,5000
LOCAL,0200,WATER FUND,88,WATER MANAGEMENT,2010,ADMINISTRATIVE SUPPORT,245,REIMBURSEMENT TO TRAVELERS,2500
LOCAL,0200,WATER FUND,88,WATER MANAGEMENT,2010,ADMINISTRATIVE SUPPORT,350,STATIONERY AND OFFICE SUPPLIES,31600
LOCAL,0200,WATER FUND,88,WATER MANAGEMENT,2010,ADMINISTRATIVE SUPPORT,446,PURCHASE - DATA HARDWARE,100930
LOCAL,0200,WATER FUND,88,WATER MANAGEMENT,2010,ADMINISTRATIVE SUPPORT,9438,REIMBURSEMENT - 2FM,82500
LOCAL,0200,WATER FUND,88,WATER MANAGEMENT,2015,ENGINEERING SERVICES,5,SALARIES AND WAGES - ON PAYROLL,4465678
LOCAL,0200,WATER FUND,88,WATER MANAGEMENT,2015,ENGINEERING SERVICES,12,CONTRACT WAGE - PREVAILING RATE,24977
LOCAL,0200,WATER FUND,88,WATER MANAGEMENT,2015,ENGINEERING SERVICES,20,OVERTIME,13000
LOCAL,0200,WATER FUND,88,WATER MANAGEMENT,2015,ENGINEERING SERVICES,140,PROFESSIONAL AND TECHNICAL SERVICES,1800000
LOCAL,0200,WATER FUND,88,WATER MANAGEMENT,2015,ENGINEERING SERVICES,144,ENGINEERING AND ARCHITECTURE,1500000
LOCAL,0200,WATER FUND,88,WATER MANAGEMENT,2015,ENGINEERING SERVICES,162,REPAIR/MAINT EQUIPMENT,2500
LOCAL,0200,WATER FUND,88,WATER MANAGEMENT,2015,ENGINEERING SERVICES,169,TECHNICAL MEETING COSTS,9000
LOCAL,0200,WATER FUND,88,WATER MANAGEMENT,2015,ENGINEERING SERVICES,229,TRANSPORTATION AND EXPENSE ALLOWANCE,42000
LOCAL,0200,WATER FUND,88,WATER MANAGEMENT,2015,ENGINEERING SERVICES,245,REIMBURSEMENT TO TRAVELERS,4500
LOCAL,0200,WATER FUND,88,WATER MANAGEMENT,2015,ENGINEERING SERVICES,340,MATERIAL AND SUPPLIES,40000
LOCAL,0200,WATER FUND,88,WATER MANAGEMENT,2015,ENGINEERING SERVICES,345,APPARATUS AND INSTRUMENTS,4000
LOCAL,0200,WATER FUND,88,WATER MANAGEMENT,2015,ENGINEERING SERVICES,348,BOOKS AND RELATED MATERIAL,1250
LOCAL,0200,WATER FUND,88,WATER MANAGEMENT,2015,ENGINEERING SERVICES,350,STATIONERY AND OFFICE SUPPLIES,20000
LOCAL,0200,WATER FUND,88,WATER MANAGEMENT,2015,ENGINEERING SERVICES,424,FURNITURE AND FURNISHINGS,3500
LOCAL,0200,WATER FUND,88,WATER MANAGEMENT,2020,WATER SUPPLY,5,SALARIES AND WAGES - ON PAYROLL,52461388
LOCAL,0200,WATER FUND,88,WATER MANAGEMENT,2020,WATER SUPPLY,12,CONTRACT WAGE - PREVAILING RATE,577319
LOCAL,0200,WATER FUND,88,WATER MANAGEMENT,2020,WATER SUPPLY,15,SCHEDULE SALARY ADJUSTMENTS,34278
LOCAL,0200,WATER FUND,88,WATER MANAGEMENT,2020,WATER SUPPLY,20,OVERTIME,4018673
LOCAL,0200,WATER FUND,88,WATER MANAGEMENT,2020,WATER SUPPLY,125,OFFICE AND BUILDING SERVICES,342000
LOCAL,0200,WATER FUND,88,WATER MANAGEMENT,2020,WATER SUPPLY,140,PROFESSIONAL AND TECHNICAL SERVICES,100000
LOCAL,0200,WATER FUND,88,WATER MANAGEMENT,2020,WATER SUPPLY,148,TESTING AND INSPECTING,313000
LOCAL,0200,WATER FUND,88,WATER MANAGEMENT,2020,WATER SUPPLY,157,RENTAL EQUIPMENT AND SERVICES,191000
LOCAL,0200,WATER FUND,88,WATER MANAGEMENT,2020,WATER SUPPLY,160,REPAIR/MAINT PROPERTY,1406800
LOCAL,0200,WATER FUND,88,WATER MANAGEMENT,2020,WATER SUPPLY,162,REPAIR/MAINT EQUIPMENT,5767500
LOCAL,0200,WATER FUND,88,WATER MANAGEMENT,2020,WATER SUPPLY,169,TECHNICAL MEETING COSTS,213800
LOCAL,0200,WATER FUND,88,WATER MANAGEMENT,2020,WATER SUPPLY,245,REIMBURSEMENT TO TRAVELERS,5293
LOCAL,0200,WATER FUND,88,WATER MANAGEMENT,2020,WATER SUPPLY,314,FUEL OIL,390000
LOCAL,0200,WATER FUND,88,WATER MANAGEMENT,2020,WATER SUPPLY,340,MATERIAL AND SUPPLIES,1943800
LOCAL,0200,WATER FUND,88,WATER MANAGEMENT,2020,WATER SUPPLY,342,DRUGS  MEDICINE AND CHEMICAL MATERIALS,14625967
LOCAL,0200,WATER FUND,88,WATER MANAGEMENT,2020,WATER SUPPLY,345,APPARATUS AND INSTRUMENTS,350000
LOCAL,0200,WATER FUND,88,WATER MANAGEMENT,2020,WATER SUPPLY,348,BOOKS AND RELATED MATERIAL,6000
LOCAL,0200,WATER FUND,88,WATER MANAGEMENT,2020,WATER SUPPLY,350,STATIONERY AND OFFICE SUPPLIES,66000
LOCAL,0200,WATER FUND,88,WATER MANAGEMENT,2020,WATER SUPPLY,360,REPAIR PARTS AND MATERIAL,1453687
LOCAL,0200,WATER FUND,88,WATER MANAGEMENT,2020,WATER SUPPLY,401,TOOL <= $100 UNIT,18200
LOCAL,0200,WATER FUND,88,WATER MANAGEMENT,2020,WATER SUPPLY,402,TOOLS > $100 UNIT,15500
LOCAL,0200,WATER FUND,88,WATER MANAGEMENT,2020,WATER SUPPLY,410,EQUIPMENT FOR BUILDINGS,175000
LOCAL,0200,WATER FUND,88,WATER MANAGEMENT,2020,WATER SUPPLY,424,FURNITURE AND FURNISHINGS,2000
LOCAL,0200,WATER FUND,88,WATER MANAGEMENT,2020,WATER SUPPLY,440,MACHINERY AND EQUIPMENT,737800
LOCAL,0200,WATER FUND,88,WATER MANAGEMENT,2020,WATER SUPPLY,445,TECHNICAL AND SCIENTIFIC EQUIPMENT,436000
LOCAL,0200,WATER FUND,88,WATER MANAGEMENT,2020,WATER SUPPLY,450,VEHICLES,360000
LOCAL,0200,WATER FUND,88,WATER MANAGEMENT,2020,WATER SUPPLY,9484,REIMBURSEMENT - CDOT,100000
LOCAL,0200,WATER FUND,88,WATER MANAGEMENT,2025,OPERATIONS AND DISTRIBUTION,5,SALARIES AND WAGES - ON PAYROLL,58457192
LOCAL,0200,WATER FUND,88,WATER MANAGEMENT,2025,OPERATIONS AND DISTRIBUTION,12,CONTRACT WAGE - PREVAILING RATE,675830
LOCAL,0200,WATER FUND,88,WATER MANAGEMENT,2025,OPERATIONS AND DISTRIBUTION,15,SCHEDULE SALARY ADJUSTMENTS,3448
LOCAL,0200,WATER FUND,88,WATER MANAGEMENT,2025,OPERATIONS AND DISTRIBUTION,20,OVERTIME,3062356
LOCAL,0200,WATER FUND,88,WATER MANAGEMENT,2025,OPERATIONS AND DISTRIBUTION,140,PROFESSIONAL AND TECHNICAL SERVICES,4740676
LOCAL,0200,WATER FUND,88,WATER MANAGEMENT,2025,OPERATIONS AND DISTRIBUTION,157,RENTAL EQUIPMENT AND SERVICES,1175100
LOCAL,0200,WATER FUND,88,WATER MANAGEMENT,2025,OPERATIONS AND DISTRIBUTION,160,REPAIR/MAINT PROPERTY,323800
LOCAL,0200,WATER FUND,88,WATER MANAGEMENT,2025,OPERATIONS AND DISTRIBUTION,162,REPAIR/MAINT EQUIPMENT,100000
LOCAL,0200,WATER FUND,88,WATER MANAGEMENT,2025,OPERATIONS AND DISTRIBUTION,169,TECHNICAL MEETING COSTS,1327
LOCAL,0200,WATER FUND,88,WATER MANAGEMENT,2025,OPERATIONS AND DISTRIBUTION,181,MOBILE COMMUNICATION SERVICES,240000
LOCAL,0200,WATER FUND,88,WATER MANAGEMENT,2025,OPERATIONS AND DISTRIBUTION,185,WASTE DISPOSAL SERVICES,2942710
LOCAL,0200,WATER FUND,88,WATER MANAGEMENT,2025,OPERATIONS AND DISTRIBUTION,188,VEHICLE TRACKING SERVICE,166000
LOCAL,0200,WATER FUND,88,WATER MANAGEMENT,2025,OPERATIONS AND DISTRIBUTION,316,GAS - BOTTLED AND PROPANE,161440
LOCAL,0200,WATER FUND,88,WATER MANAGEMENT,2025,OPERATIONS AND DISTRIBUTION,340,MATERIAL AND SUPPLIES,1118300
LOCAL,0200,WATER FUND,88,WATER MANAGEMENT,2025,OPERATIONS AND DISTRIBUTION,350,STATIONERY AND OFFICE SUPPLIES,56930
LOCAL,0200,WATER FUND,88,WATER MANAGEMENT,2025,OPERATIONS AND DISTRIBUTION,360,REPAIR PARTS AND MATERIAL,5861553
LOCAL,0200,WATER FUND,88,WATER MANAGEMENT,2025,OPERATIONS AND DISTRIBUTION,401,TOOL <= $100 UNIT,3000
LOCAL,0200,WATER FUND,88,WATER MANAGEMENT,2025,OPERATIONS AND DISTRIBUTION,423,COMMUNICATION DEVICES,1000
LOCAL,0200,WATER FUND,88,WATER MANAGEMENT,2025,OPERATIONS AND DISTRIBUTION,424,FURNITURE AND FURNISHINGS,3000
LOCAL,0200,WATER FUND,88,WATER MANAGEMENT,2025,OPERATIONS AND DISTRIBUTION,440,MACHINERY AND EQUIPMENT,547215
LOCAL,0200,WATER FUND,88,WATER MANAGEMENT,2025,OPERATIONS AND DISTRIBUTION,446,PURCHASE - DATA HARDWARE,100000
LOCAL,0200,WATER FUND,88,WATER MANAGEMENT,2025,OPERATIONS AND DISTRIBUTION,521,MAINTENANCE AND CONSTRUCTION,2946315
LOCAL,0200,WATER FUND,88,WATER MANAGEMENT,2025,OPERATIONS AND DISTRIBUTION,9481,REIMBURSEMENT - DSS,367919
LOCAL,0200,WATER FUND,88,WATER MANAGEMENT,2035,METER SERVICES,5,SALARIES AND WAGES - ON PAYROLL,11187250
LOCAL,0200,WATER FUND,88,WATER MANAGEMENT,2035,METER SERVICES,12,CONTRACT WAGE - PREVAILING RATE,69182
LOCAL,0200,WATER FUND,88,WATER MANAGEMENT,2035,METER SERVICES,15,SCHEDULE SALARY ADJUSTMENTS,9960
LOCAL,0200,WATER FUND,88,WATER MANAGEMENT,2035,METER SERVICES,20,OVERTIME,118000
LOCAL,0200,WATER FUND,88,WATER MANAGEMENT,2035,METER SERVICES,140,PROFESSIONAL AND TECHNICAL SERVICES,15000
LOCAL,0200,WATER FUND,88,WATER MANAGEMENT,2035,METER SERVICES,189,TELEPHONE - NON-CENTREX BILLINGS,6100
LOCAL,0200,WATER FUND,88,WATER MANAGEMENT,2035,METER SERVICES,229,TRANSPORTATION AND EXPENSE ALLOWANCE,31500
LOCAL,0200,WATER FUND,88,WATER MANAGEMENT,2035,METER SERVICES,245,REIMBURSEMENT TO TRAVELERS,1625
LOCAL,0200,WATER FUND,88,WATER MANAGEMENT,2035,METER SERVICES,340,MATERIAL AND SUPPLIES,40500
LOCAL,0200,WATER FUND,88,WATER MANAGEMENT,2035,METER SERVICES,350,STATIONERY AND OFFICE SUPPLIES,12500
LOCAL,0200,WATER FUND,88,WATER MANAGEMENT,2035,METER SERVICES,360,REPAIR PARTS AND MATERIAL,104500
LOCAL,0200,WATER FUND,88,WATER MANAGEMENT,2035,METER SERVICES,401,TOOL <= $100 UNIT,6000
LOCAL,0200,WATER FUND,88,WATER MANAGEMENT,2035,METER SERVICES,424,FURNITURE AND FURNISHINGS,5000
LOCAL,0200,WATER FUND,88,WATER MANAGEMENT,2035,METER SERVICES,446,PURCHASE - DATA HARDWARE,10000
LOCAL,0200,WATER FUND,88,WATER MANAGEMENT,2035,METER SERVICES,450,VEHICLES,56000
LOCAL,0314,SEWER FUND,88,WATER MANAGEMENT,2015,ENGINEERING SERVICES,5,SALARIES AND WAGES - ON PAYROLL,2269798
LOCAL,0314,SEWER FUND,88,WATER MANAGEMENT,2015,ENGINEERING SERVICES,150,PUBLICATN & REPRODT-OUT,2000
LOCAL,0314,SEWER FUND,88,WATER MANAGEMENT,2015,ENGINEERING SERVICES,162,REPAIR/MAINT EQUIPMENT,2300
LOCAL,0314,SEWER FUND,88,WATER MANAGEMENT,2015,ENGINEERING SERVICES,169,TECHNICAL MEETING COSTS,5000
LOCAL,0314,SEWER FUND,88,WATER MANAGEMENT,2015,ENGINEERING SERVICES,245,REIMBURSEMENT TO TRAVELERS,1000
LOCAL,0314,SEWER FUND,88,WATER MANAGEMENT,2015,ENGINEERING SERVICES,348,BOOKS AND RELATED MATERIAL,500
LOCAL,0314,SEWER FUND,88,WATER MANAGEMENT,2015,ENGINEERING SERVICES,350,STATIONERY AND OFFICE SUPPLIES,6000
LOCAL,0314,SEWER FUND,88,WATER MANAGEMENT,2015,ENGINEERING SERVICES,424,FURNITURE AND FURNISHINGS,3000
LOCAL,0314,SEWER FUND,88,WATER MANAGEMENT,2025,OPERATIONS AND DISTRIBUTION,5,SALARIES AND WAGES - ON PAYROLL,46196076
LOCAL,0314,SEWER FUND,88,WATER MANAGEMENT,2025,OPERATIONS AND DISTRIBUTION,12,CONTRACT WAGE - PREVAILING RATE,552533
LOCAL,0314,SEWER FUND,88,WATER MANAGEMENT,2025,OPERATIONS AND DISTRIBUTION,15,SCHEDULE SALARY ADJUSTMENTS,10358
LOCAL,0314,SEWER FUND,88,WATER MANAGEMENT,2025,OPERATIONS AND DISTRIBUTION,20,OVERTIME,3000000
LOCAL,0314,SEWER FUND,88,WATER MANAGEMENT,2025,OPERATIONS AND DISTRIBUTION,140,PROFESSIONAL AND TECHNICAL SERVICES,1850564
LOCAL,0314,SEWER FUND,88,WATER MANAGEMENT,2025,OPERATIONS AND DISTRIBUTION,154,RENTAL-DATA HARDWARE EQ,6924
LOCAL,0314,SEWER FUND,88,WATER MANAGEMENT,2025,OPERATIONS AND DISTRIBUTION,157,RENTAL EQUIPMENT AND SERVICES,885868
LOCAL,0314,SEWER FUND,88,WATER MANAGEMENT,2025,OPERATIONS AND DISTRIBUTION,185,WASTE DISPOSAL SERVICES,2942918
LOCAL,0314,SEWER FUND,88,WATER MANAGEMENT,2025,OPERATIONS AND DISTRIBUTION,190,TELEPHONE - NON-CENTREX BILLINGS,31000
LOCAL,0314,SEWER FUND,88,WATER MANAGEMENT,2025,OPERATIONS AND DISTRIBUTION,229,TRANSPORTATION AND EXPENSE ALLOWANCE,104390
LOCAL,0314,SEWER FUND,88,WATER MANAGEMENT,2025,OPERATIONS AND DISTRIBUTION,340,MATERIAL AND SUPPLIES,4282000
LOCAL,0314,SEWER FUND,88,WATER MANAGEMENT,2025,OPERATIONS AND DISTRIBUTION,345,APPARATUS AND INSTRUMENTS,1500
LOCAL,0314,SEWER FUND,88,WATER MANAGEMENT,2025,OPERATIONS AND DISTRIBUTION,401,TOOL <= $100 UNIT,67314
LOCAL,0314,SEWER FUND,88,WATER MANAGEMENT,2025,OPERATIONS AND DISTRIBUTION,402,TOOLS > $100 UNIT,124673
LOCAL,0314,SEWER FUND,88,WATER MANAGEMENT,2025,OPERATIONS AND DISTRIBUTION,440,MACHINERY AND EQUIPMENT,245923
LOCAL,0314,SEWER FUND,88,WATER MANAGEMENT,2025,OPERATIONS AND DISTRIBUTION,9438,REIMBURSEMENT - 2FM,5175000
LOCAL,0314,SEWER FUND,88,WATER MANAGEMENT,2025,OPERATIONS AND DISTRIBUTION,9481,REIMBURSEMENT - DSS,7767702
LOCAL,0346,LIBRARY FUND,91,CHICAGO PUBLIC LIBRARY,2005,CHICAGO PUBLIC LIBRARY,5,SALARIES AND WAGES - ON PAYROLL,52237488
LOCAL,0346,LIBRARY FUND,91,CHICAGO PUBLIC LIBRARY,2005,CHICAGO PUBLIC LIBRARY,12,CONTRACT WAGE - PREVAILING RATE,8185
LOCAL,0346,LIBRARY FUND,91,CHICAGO PUBLIC LIBRARY,2005,CHICAGO PUBLIC LIBRARY,15,SCHEDULE SALARY ADJUSTMENTS,66556
LOCAL,0346,LIBRARY FUND,91,CHICAGO PUBLIC LIBRARY,2005,CHICAGO PUBLIC LIBRARY,20,OVERTIME,400000
LOCAL,0346,LIBRARY FUND,91,CHICAGO PUBLIC LIBRARY,2005,CHICAGO PUBLIC LIBRARY,123,SERVICES BY PERFORMERS / EXHIBITORS,86250
LOCAL,0346,LIBRARY FUND,91,CHICAGO PUBLIC LIBRARY,2005,CHICAGO PUBLIC LIBRARY,130,POSTAGE,4104
LOCAL,0346,LIBRARY FUND,91,CHICAGO PUBLIC LIBRARY,2005,CHICAGO PUBLIC LIBRARY,135,DELEGATE AGENCIES,40000
LOCAL,0346,LIBRARY FUND,91,CHICAGO PUBLIC LIBRARY,2005,CHICAGO PUBLIC LIBRARY,140,PROFESSIONAL AND TECHNICAL SERVICES,390169
LOCAL,0346,LIBRARY FUND,91,CHICAGO PUBLIC LIBRARY,2005,CHICAGO PUBLIC LIBRARY,149,SOFTWARE MAINTENANCE AND LICENSING,432441
LOCAL,0346,LIBRARY FUND,91,CHICAGO PUBLIC LIBRARY,2005,CHICAGO PUBLIC LIBRARY,152,ADVERTISING,63092
LOCAL,0346,LIBRARY FUND,91,CHICAGO PUBLIC LIBRARY,2005,CHICAGO PUBLIC LIBRARY,154,RENTAL-DATA HARDWARE EQ,209972
LOCAL,0346,LIBRARY FUND,91,CHICAGO PUBLIC LIBRARY,2005,CHICAGO PUBLIC LIBRARY,157,RENTAL EQUIPMENT AND SERVICES,85561
LOCAL,0346,LIBRARY FUND,91,CHICAGO PUBLIC LIBRARY,2005,CHICAGO PUBLIC LIBRARY,162,REPAIR/MAINT EQUIPMENT,174388
LOCAL,0346,LIBRARY FUND,91,CHICAGO PUBLIC LIBRARY,2005,CHICAGO PUBLIC LIBRARY,164,BOOKBINDING,56107
LOCAL,0346,LIBRARY FUND,91,CHICAGO PUBLIC LIBRARY,2005,CHICAGO PUBLIC LIBRARY,165,GRAPHIC DESIGN SERV,13813
LOCAL,0346,LIBRARY FUND,91,CHICAGO PUBLIC LIBRARY,2005,CHICAGO PUBLIC LIBRARY,166,DUES  SUBSC & MEM,199732
LOCAL,0346,LIBRARY FUND,91,CHICAGO PUBLIC LIBRARY,2005,CHICAGO PUBLIC LIBRARY,169,TECHNICAL MEETING COSTS,30000
LOCAL,0346,LIBRARY FUND,91,CHICAGO PUBLIC LIBRARY,2005,CHICAGO PUBLIC LIBRARY,178,FREIGHT AND EXPRESS CHARGES,4001
LOCAL,0346,LIBRARY FUND,91,CHICAGO PUBLIC LIBRARY,2005,CHICAGO PUBLIC LIBRARY,181,MOBILE COMMUNICATION SERVICES,1800
LOCAL,0346,LIBRARY FUND,91,CHICAGO PUBLIC LIBRARY,2005,CHICAGO PUBLIC LIBRARY,189,TELEPHONE - NON-CENTREX BILLINGS,55300
LOCAL,0346,LIBRARY FUND,91,CHICAGO PUBLIC LIBRARY,2005,CHICAGO PUBLIC LIBRARY,190,TELEPHONE - NON-CENTREX BILLINGS,340000
LOCAL,0346,LIBRARY FUND,91,CHICAGO PUBLIC LIBRARY,2005,CHICAGO PUBLIC LIBRARY,191,TELEPHONE - RELOCATIONS,9100
LOCAL,0346,LIBRARY FUND,91,CHICAGO PUBLIC LIBRARY,2005,CHICAGO PUBLIC LIBRARY,196,DATA CIRCUITS,1070885
LOCAL,0346,LIBRARY FUND,91,CHICAGO PUBLIC LIBRARY,2005,CHICAGO PUBLIC LIBRARY,197,TELEPHONE - MAINTENANCE,20175
LOCAL,0346,LIBRARY FUND,91,CHICAGO PUBLIC LIBRARY,2005,CHICAGO PUBLIC LIBRARY,245,REIMBURSEMENT TO TRAVELERS,23880
LOCAL,0346,LIBRARY FUND,91,CHICAGO PUBLIC LIBRARY,2005,CHICAGO PUBLIC LIBRARY,340,MATERIAL AND SUPPLIES,37988
LOCAL,0346,LIBRARY FUND,91,CHICAGO PUBLIC LIBRARY,2005,CHICAGO PUBLIC LIBRARY,350,STATIONERY AND OFFICE SUPPLIES,560291
LOCAL,0346,LIBRARY FUND,91,CHICAGO PUBLIC LIBRARY,2005,CHICAGO PUBLIC LIBRARY,361,BUILDING MATERIALS AND SUPPLIES,1312
LOCAL,0346,LIBRARY FUND,91,CHICAGO PUBLIC LIBRARY,2005,CHICAGO PUBLIC LIBRARY,365,ELECTRICAL SUPPLIES,1220
LOCAL,0346,LIBRARY FUND,91,CHICAGO PUBLIC LIBRARY,2005,CHICAGO PUBLIC LIBRARY,9438,REIMBURSEMENT - 2FM,30000
LOCAL,0100,CORPORATE FUND,99,FINANCE GENERAL,2005,FINANCE GENERAL,29,HMO PREMIUMS,100310301
LOCAL,0100,CORPORATE FUND,99,FINANCE GENERAL,2005,FINANCE GENERAL,39,STUDENT AS TRAINEES,298400
LOCAL,0100,CORPORATE FUND,99,FINANCE GENERAL,2005,FINANCE GENERAL,42,TEXT FILE - EXTRA LONG,229788063
LOCAL,0100,CORPORATE FUND,99,FINANCE GENERAL,2005,FINANCE GENERAL,43,TEXT FILE - EXTRA LONG,1181250
LOCAL,0100,CORPORATE FUND,99,FINANCE GENERAL,2005,FINANCE GENERAL,45,PREM TERM LIFE INSURANCE,2433867
LOCAL,0100,CORPORATE FUND,99,FINANCE GENERAL,2005,FINANCE GENERAL,49,WORKERS' COMPENSATION,40000000
LOCAL,0100,CORPORATE FUND,99,FINANCE GENERAL,2005,FINANCE GENERAL,51,UNEMPLOYMENT INSURANCE CLAIM,3696024
LOCAL,0100,CORPORATE FUND,99,FINANCE GENERAL,2005,FINANCE GENERAL,52,MEDICAL CARE CLAIMS,8210944
LOCAL,0100,CORPORATE FUND,99,FINANCE GENERAL,2005,FINANCE GENERAL,56,DENTAL PLAN PREMIUMS,11830546
LOCAL,0100,CORPORATE FUND,99,FINANCE GENERAL,2005,FINANCE GENERAL,70,TUITION REIMBURSEMENT,205000
LOCAL,0100,CORPORATE FUND,99,FINANCE GENERAL,2005,FINANCE GENERAL,95,PAYMENT TO DEPENDENTS OF POLICE /FIRE,200000
LOCAL,0100,CORPORATE FUND,99,FINANCE GENERAL,2005,FINANCE GENERAL,96,TEXT FILE - EXTRA LONG,150000
LOCAL,0100,CORPORATE FUND,99,FINANCE GENERAL,2005,FINANCE GENERAL,135,DELEGATE AGENCIES,1110000
LOCAL,0100,CORPORATE FUND,99,FINANCE GENERAL,2005,FINANCE GENERAL,138,IT MAINTENANCE,31143681
LOCAL,0100,CORPORATE FUND,99,FINANCE GENERAL,2005,FINANCE GENERAL,140,PROFESSIONAL AND TECHNICAL SERVICES,41433841
LOCAL,0100,CORPORATE FUND,99,FINANCE GENERAL,2005,FINANCE GENERAL,142,ACCOUNTING AND AUDITING,1820000
LOCAL,0100,CORPORATE FUND,99,FINANCE GENERAL,2005,FINANCE GENERAL,149,SOFTWARE MAINTENANCE AND LICENSING,36617
LOCAL,0100,CORPORATE FUND,99,FINANCE GENERAL,2005,FINANCE GENERAL,170,SURETY BOND PREMIUMS,50000
LOCAL,0100,CORPORATE FUND,99,FINANCE GENERAL,2005,FINANCE GENERAL,172,INSURANCE PREMIUMS,1804948
LOCAL,0100,CORPORATE FUND,99,FINANCE GENERAL,2005,FINANCE GENERAL,340,MATERIAL AND SUPPLIES,115200
LOCAL,0100,CORPORATE FUND,99,FINANCE GENERAL,2005,FINANCE GENERAL,424,FURNITURE AND FURNISHINGS,800000
LOCAL,0100,CORPORATE FUND,99,FINANCE GENERAL,2005,FINANCE GENERAL,445,TECHNICAL AND SCIENTIFIC EQUIPMENT,812000
LOCAL,0100,CORPORATE FUND,99,FINANCE GENERAL,2005,FINANCE GENERAL,912,PAYMENT OF BONDS,15478572
LOCAL,0100,CORPORATE FUND,99,FINANCE GENERAL,2005,FINANCE GENERAL,931,TORT/NON-TORT JUDGMENT,15423400
LOCAL,0100,CORPORATE FUND,99,FINANCE GENERAL,2005,FINANCE GENERAL,934,CLAIMS AGAINST THE CITY,200000
LOCAL,0100,CORPORATE FUND,99,FINANCE GENERAL,2005,FINANCE GENERAL,991,MATCHING AND SUPPLEMENTAL GRANTS,7096607
LOCAL,0100,CORPORATE FUND,99,FINANCE GENERAL,2005,FINANCE GENERAL,9027,SOCIAL SECURITY TAX,897841
LOCAL,0100,CORPORATE FUND,99,FINANCE GENERAL,2005,FINANCE GENERAL,9076,CITY CNTB MEDICARE TAX,35305550
LOCAL,0100,CORPORATE FUND,99,FINANCE GENERAL,2005,FINANCE GENERAL,9121,LOBBYIST COSTS,480000
LOCAL,0100,CORPORATE FUND,99,FINANCE GENERAL,2005,FINANCE GENERAL,9176,WEST NILE VIRUS PROGRAM,425000
LOCAL,0100,CORPORATE FUND,99,FINANCE GENERAL,2005,FINANCE GENERAL,9180,WORLD BUSINESS CHICAGO,1000000
LOCAL,0100,CORPORATE FUND,99,FINANCE GENERAL,2005,FINANCE GENERAL,9257,COMMUNITY POLICING,1500000
LOCAL,0100,CORPORATE FUND,99,FINANCE GENERAL,2005,FINANCE GENERAL,9377,TRANSFER TO DEBT SERVICE,123471077
LOCAL,0100,CORPORATE FUND,99,FINANCE GENERAL,2005,FINANCE GENERAL,9540,PAYT GEN/OB-CERTIFICATE,4882330
LOCAL,0100,CORPORATE FUND,99,FINANCE GENERAL,2005,FINANCE GENERAL,9635,REIMB MIDWAY - FIRE SALARIES,2852109
LOCAL,0100,CORPORATE FUND,99,FINANCE GENERAL,2005,FINANCE GENERAL,9636,REIMB MIDWAY - FIRE BENEFITS,1467410
LOCAL,0100,CORPORATE FUND,99,FINANCE GENERAL,2005,FINANCE GENERAL,9638,FOR CORP SUBSIDY OF CPL,18985000
LOCAL,0100,CORPORATE FUND,99,FINANCE GENERAL,2005,FINANCE GENERAL,9980,MUNICIPAL FUND PENSION ALLOCATION,92920000
LOCAL,0100,CORPORATE FUND,99,FINANCE GENERAL,2005,FINANCE GENERAL,9981,LABORERS' FUND PENSION ALLOCATION,12544000
LOCAL,0200,WATER FUND,99,FINANCE GENERAL,2005,FINANCE GENERAL,29,HMO PREMIUMS,6158926
LOCAL,0200,WATER FUND,99,FINANCE GENERAL,2005,FINANCE GENERAL,42,TEXT FILE - EXTRA LONG,14171682
LOCAL,0200,WATER FUND,99,FINANCE GENERAL,2005,FINANCE GENERAL,45,PREM TERM LIFE INSURANCE,149437
LOCAL,0200,WATER FUND,99,FINANCE GENERAL,2005,FINANCE GENERAL,49,WORKERS' COMPENSATION,12000000
LOCAL,0200,WATER FUND,99,FINANCE GENERAL,2005,FINANCE GENERAL,51,UNEMPLOYMENT INSURANCE CLAIM,483710
LOCAL,0200,WATER FUND,99,FINANCE GENERAL,2005,FINANCE GENERAL,52,MEDICAL CARE CLAIMS,504142
LOCAL,0200,WATER FUND,99,FINANCE GENERAL,2005,FINANCE GENERAL,56,DENTAL PLAN PREMIUMS,726381
LOCAL,0200,WATER FUND,99,FINANCE GENERAL,2005,FINANCE GENERAL,70,TUITION REIMBURSEMENT,40000
LOCAL,0200,WATER FUND,99,FINANCE GENERAL,2005,FINANCE GENERAL,121,INVESTIGATION COSTS-COMMITTEE ON FINANCE,602550
LOCAL,0200,WATER FUND,99,FINANCE GENERAL,2005,FINANCE GENERAL,138,IT MAINTENANCE,2230213
LOCAL,0200,WATER FUND,99,FINANCE GENERAL,2005,FINANCE GENERAL,140,PROFESSIONAL AND TECHNICAL SERVICES,2253504
LOCAL,0200,WATER FUND,99,FINANCE GENERAL,2005,FINANCE GENERAL,142,ACCOUNTING AND AUDITING,442500
LOCAL,0200,WATER FUND,99,FINANCE GENERAL,2005,FINANCE GENERAL,149,SOFTWARE MAINTENANCE AND LICENSING,2139
LOCAL,0200,WATER FUND,99,FINANCE GENERAL,2005,FINANCE GENERAL,172,INSURANCE PREMIUMS,1000000
LOCAL,0200,WATER FUND,99,FINANCE GENERAL,2005,FINANCE GENERAL,902,INTEREST ON FIRST LIEN BONDS,138910546
LOCAL,0200,WATER FUND,99,FINANCE GENERAL,2005,FINANCE GENERAL,908,REDEMPTION - WATER REVENUE BONDS,78991134
LOCAL,0200,WATER FUND,99,FINANCE GENERAL,2005,FINANCE GENERAL,931,TORT/NON-TORT JUDGMENT,6414000
LOCAL,0200,WATER FUND,99,FINANCE GENERAL,2005,FINANCE GENERAL,934,CLAIMS AGAINST THE CITY,15000
LOCAL,0200,WATER FUND,99,FINANCE GENERAL,2005,FINANCE GENERAL,958,WATER PIPE EXTENSION CERTIFICATES,222000
LOCAL,0200,WATER FUND,99,FINANCE GENERAL,2005,FINANCE GENERAL,9027,SOCIAL SECURITY TAX,37191
LOCAL,0200,WATER FUND,99,FINANCE GENERAL,2005,FINANCE GENERAL,9076,CITY CNTB MEDICARE TAX,1574224
LOCAL,0200,WATER FUND,99,FINANCE GENERAL,2005,FINANCE GENERAL,9097,FOR CAPITAL CONSTRUCTION,134474729
LOCAL,0200,WATER FUND,99,FINANCE GENERAL,2005,FINANCE GENERAL,9611,REIMB - INDIRECT COSTS TO CORPORATE,69812000
LOCAL,0200,WATER FUND,99,FINANCE GENERAL,2005,FINANCE GENERAL,9645,REIMB - INDIRECT PENSION TO CORPORATE,14925000
LOCAL,0200,WATER FUND,99,FINANCE GENERAL,2005,FINANCE GENERAL,9765,TRANSFER FOR CONTRACTUAL SERVICES,625000
LOCAL,0200,WATER FUND,99,FINANCE GENERAL,2005,FINANCE GENERAL,9773,TRANSFER FOR SERVICES - CPD,1470301
LOCAL,0200,WATER FUND,99,FINANCE GENERAL,2005,FINANCE GENERAL,9774,TRANSFER FOR SERVICES - OEMC,325000
LOCAL,0200,WATER FUND,99,FINANCE GENERAL,2005,FINANCE GENERAL,9980,MUNICIPAL FUND PENSION ALLOCATION,18949000
LOCAL,0200,WATER FUND,99,FINANCE GENERAL,2005,FINANCE GENERAL,9981,LABORERS' FUND PENSION ALLOCATION,5532000
LOCAL,0300,VEHICLE FUND,99,FINANCE GENERAL,2005,FINANCE GENERAL,29,HMO PREMIUMS,4323855
LOCAL,0300,VEHICLE FUND,99,FINANCE GENERAL,2005,FINANCE GENERAL,42,TEXT FILE - EXTRA LONG,9949185
LOCAL,0300,VEHICLE FUND,99,FINANCE GENERAL,2005,FINANCE GENERAL,45,PREM TERM LIFE INSURANCE,104912
LOCAL,0300,VEHICLE FUND,99,FINANCE GENERAL,2005,FINANCE GENERAL,49,WORKERS' COMPENSATION,12500000
LOCAL,0300,VEHICLE FUND,99,FINANCE GENERAL,2005,FINANCE GENERAL,51,UNEMPLOYMENT INSURANCE CLAIM,291649
LOCAL,0300,VEHICLE FUND,99,FINANCE GENERAL,2005,FINANCE GENERAL,52,MEDICAL CARE CLAIMS,353931
LOCAL,0300,VEHICLE FUND,99,FINANCE GENERAL,2005,FINANCE GENERAL,56,DENTAL PLAN PREMIUMS,509954
LOCAL,0300,VEHICLE FUND,99,FINANCE GENERAL,2005,FINANCE GENERAL,70,TUITION REIMBURSEMENT,20000
LOCAL,0300,VEHICLE FUND,99,FINANCE GENERAL,2005,FINANCE GENERAL,121,INVESTIGATION COSTS-COMMITTEE ON FINANCE,113300
LOCAL,0300,VEHICLE FUND,99,FINANCE GENERAL,2005,FINANCE GENERAL,138,IT MAINTENANCE,1435782
LOCAL,0300,VEHICLE FUND,99,FINANCE GENERAL,2005,FINANCE GENERAL,140,PROFESSIONAL AND TECHNICAL SERVICES,9003480
LOCAL,0300,VEHICLE FUND,99,FINANCE GENERAL,2005,FINANCE GENERAL,142,ACCOUNTING AND AUDITING,150000
LOCAL,0300,VEHICLE FUND,99,FINANCE GENERAL,2005,FINANCE GENERAL,149,SOFTWARE MAINTENANCE AND LICENSING,1394
LOCAL,0300,VEHICLE FUND,99,FINANCE GENERAL,2005,FINANCE GENERAL,931,TORT/NON-TORT JUDGMENT,11800
LOCAL,0300,VEHICLE FUND,99,FINANCE GENERAL,2005,FINANCE GENERAL,934,CLAIMS AGAINST THE CITY,375000
LOCAL,0300,VEHICLE FUND,99,FINANCE GENERAL,2005,FINANCE GENERAL,989,REFUND - CANCELLED VOUCHER,765000
LOCAL,0300,VEHICLE FUND,99,FINANCE GENERAL,2005,FINANCE GENERAL,991,MATCHING AND SUPPLEMENTAL GRANTS,707700
LOCAL,0300,VEHICLE FUND,99,FINANCE GENERAL,2005,FINANCE GENERAL,9027,SOCIAL SECURITY TAX,22477
LOCAL,0300,VEHICLE FUND,99,FINANCE GENERAL,2005,FINANCE GENERAL,9076,CITY CNTB MEDICARE TAX,951419
LOCAL,0300,VEHICLE FUND,99,FINANCE GENERAL,2005,FINANCE GENERAL,9581,RESERVE FOR SNOW EVENTS,2122634
LOCAL,0300,VEHICLE FUND,99,FINANCE GENERAL,2005,FINANCE GENERAL,9610,REIMB - PENSION PAYMENTS,17772176
LOCAL,0300,VEHICLE FUND,99,FINANCE GENERAL,2005,FINANCE GENERAL,9611,REIMB - INDIRECT COSTS TO CORPORATE,15464000
LOCAL,0300,VEHICLE FUND,99,FINANCE GENERAL,2005,FINANCE GENERAL,9774,TRANSFER FOR SERVICES - OEMC,10000
LOCAL,0310,MOTOR FUEL TAX FUND,99,FINANCE GENERAL,2005,FINANCE GENERAL,951,DEBT SERVICE RESERVE,756816
LOCAL,0310,MOTOR FUEL TAX FUND,99,FINANCE GENERAL,2005,FINANCE GENERAL,9189,FOR ANNUAL PAYMENT TO CTA,3000000
LOCAL,0314,SEWER FUND,99,FINANCE GENERAL,2005,FINANCE GENERAL,29,HMO PREMIUMS,1935143
LOCAL,0314,SEWER FUND,99,FINANCE GENERAL,2005,FINANCE GENERAL,42,TEXT FILE - EXTRA LONG,4452761
LOCAL,0314,SEWER FUND,99,FINANCE GENERAL,2005,FINANCE GENERAL,45,PREM TERM LIFE INSURANCE,46954
LOCAL,0314,SEWER FUND,99,FINANCE GENERAL,2005,FINANCE GENERAL,49,WORKERS' COMPENSATION,5900000
LOCAL,0314,SEWER FUND,99,FINANCE GENERAL,2005,FINANCE GENERAL,51,UNEMPLOYMENT INSURANCE CLAIM,174278
LOCAL,0314,SEWER FUND,99,FINANCE GENERAL,2005,FINANCE GENERAL,52,MEDICAL CARE CLAIMS,158402
LOCAL,0314,SEWER FUND,99,FINANCE GENERAL,2005,FINANCE GENERAL,56,DENTAL PLAN PREMIUMS,228230
LOCAL,0314,SEWER FUND,99,FINANCE GENERAL,2005,FINANCE GENERAL,70,TUITION REIMBURSEMENT,25000
LOCAL,0314,SEWER FUND,99,FINANCE GENERAL,2005,FINANCE GENERAL,121,INVESTIGATION COSTS-COMMITTEE ON FINANCE,103000
LOCAL,0314,SEWER FUND,99,FINANCE GENERAL,2005,FINANCE GENERAL,138,IT MAINTENANCE,857943
LOCAL,0314,SEWER FUND,99,FINANCE GENERAL,2005,FINANCE GENERAL,140,PROFESSIONAL AND TECHNICAL SERVICES,281799
LOCAL,0314,SEWER FUND,99,FINANCE GENERAL,2005,FINANCE GENERAL,142,ACCOUNTING AND AUDITING,150000
LOCAL,0314,SEWER FUND,99,FINANCE GENERAL,2005,FINANCE GENERAL,149,SOFTWARE MAINTENANCE AND LICENSING,838
LOCAL,0314,SEWER FUND,99,FINANCE GENERAL,2005,FINANCE GENERAL,903,INTEREST ON WASTEWATER,90500000
LOCAL,0314,SEWER FUND,99,FINANCE GENERAL,2005,FINANCE GENERAL,910,REDEMPTION - WASTEWATER TRANS. BONDS,53054150
LOCAL,0314,SEWER FUND,99,FINANCE GENERAL,2005,FINANCE GENERAL,931,TORT/NON-TORT JUDGMENT,250000
LOCAL,0314,SEWER FUND,99,FINANCE GENERAL,2005,FINANCE GENERAL,934,CLAIMS AGAINST THE CITY,25000
LOCAL,0314,SEWER FUND,99,FINANCE GENERAL,2005,FINANCE GENERAL,9027,SOCIAL SECURITY TAX,13087
LOCAL,0314,SEWER FUND,99,FINANCE GENERAL,2005,FINANCE GENERAL,9076,CITY CNTB MEDICARE TAX,553951
LOCAL,0314,SEWER FUND,99,FINANCE GENERAL,2005,FINANCE GENERAL,9097,FOR CAPITAL CONSTRUCTION,54220237
LOCAL,0314,SEWER FUND,99,FINANCE GENERAL,2005,FINANCE GENERAL,9148,SENIOR CITIZEN SEWER,350000
LOCAL,0314,SEWER FUND,99,FINANCE GENERAL,2005,FINANCE GENERAL,9376,TRANSFERS TO SEWER RATE STABILIZATION,4500000
LOCAL,0314,SEWER FUND,99,FINANCE GENERAL,2005,FINANCE GENERAL,9611,REIMB - INDIRECT COSTS TO CORPORATE,36456000
LOCAL,0314,SEWER FUND,99,FINANCE GENERAL,2005,FINANCE GENERAL,9645,REIMB - INDIRECT PENSION TO CORPORATE,9262000
LOCAL,0314,SEWER FUND,99,FINANCE GENERAL,2005,FINANCE GENERAL,9710,TRANSFER - WATER FUND FROM SEWER FUND,10000000
LOCAL,0314,SEWER FUND,99,FINANCE GENERAL,2005,FINANCE GENERAL,9774,TRANSFER FOR SERVICES - OEMC,120000
LOCAL,0314,SEWER FUND,99,FINANCE GENERAL,2005,FINANCE GENERAL,9980,MUNICIPAL FUND PENSION ALLOCATION,5453000
LOCAL,0314,SEWER FUND,99,FINANCE GENERAL,2005,FINANCE GENERAL,9981,LABORERS' FUND PENSION ALLOCATION,4044000
LOCAL,0346,LIBRARY FUND,99,FINANCE GENERAL,2005,FINANCE GENERAL,29,HMO PREMIUMS,2549216
LOCAL,0346,LIBRARY FUND,99,FINANCE GENERAL,2005,FINANCE GENERAL,42,TEXT FILE - EXTRA LONG,5865743
LOCAL,0346,LIBRARY FUND,99,FINANCE GENERAL,2005,FINANCE GENERAL,45,PREM TERM LIFE INSURANCE,61853
LOCAL,0346,LIBRARY FUND,99,FINANCE GENERAL,2005,FINANCE GENERAL,49,WORKERS' COMPENSATION,550000
LOCAL,0346,LIBRARY FUND,99,FINANCE GENERAL,2005,FINANCE GENERAL,51,UNEMPLOYMENT INSURANCE CLAIM,248969
LOCAL,0346,LIBRARY FUND,99,FINANCE GENERAL,2005,FINANCE GENERAL,52,MEDICAL CARE CLAIMS,208668
LOCAL,0346,LIBRARY FUND,99,FINANCE GENERAL,2005,FINANCE GENERAL,56,DENTAL PLAN PREMIUMS,300654
LOCAL,0346,LIBRARY FUND,99,FINANCE GENERAL,2005,FINANCE GENERAL,70,TUITION REIMBURSEMENT,85000
LOCAL,0346,LIBRARY FUND,99,FINANCE GENERAL,2005,FINANCE GENERAL,140,PROFESSIONAL AND TECHNICAL SERVICES,1117429
LOCAL,0346,LIBRARY FUND,99,FINANCE GENERAL,2005,FINANCE GENERAL,142,ACCOUNTING AND AUDITING,110000
LOCAL,0346,LIBRARY FUND,99,FINANCE GENERAL,2005,FINANCE GENERAL,450,VEHICLES,100000
LOCAL,0346,LIBRARY FUND,99,FINANCE GENERAL,2005,FINANCE GENERAL,955,INTEREST ON LIBRARY FINANCING,1700000
LOCAL,0346,LIBRARY FUND,99,FINANCE GENERAL,2005,FINANCE GENERAL,9027,SOCIAL SECURITY TAX,19150
LOCAL,0346,LIBRARY FUND,99,FINANCE GENERAL,2005,FINANCE GENERAL,9076,CITY CNTB MEDICARE TAX,810584
LOCAL,0346,LIBRARY FUND,99,FINANCE GENERAL,2005,FINANCE GENERAL,9112,PROP. MAINT. CNTRL LIBR,7335236
LOCAL,0346,LIBRARY FUND,99,FINANCE GENERAL,2005,FINANCE GENERAL,9199,CPL LIBRARY BOOKS AND MATERIALS,7500000
LOCAL,0346,LIBRARY FUND,99,FINANCE GENERAL,2005,FINANCE GENERAL,9980,MUNICIPAL FUND PENSION ALLOCATION,3141000
LOCAL,0353,EMERGENCY COMMUN FD,99,FINANCE GENERAL,2005,FINANCE GENERAL,142,ACCOUNTING AND AUDITING,100000
LOCAL,0353,EMERGENCY COMMUN FD,99,FINANCE GENERAL,2005,FINANCE GENERAL,9639,OPERATION OF OEMC,95313000
LOCAL,0355,SPECIAL EVENTS / MUNICIPAL HOTEL T/F,99,FINANCE GENERAL,2005,FINANCE GENERAL,29,HMO PREMIUMS,273572
LOCAL,0355,SPECIAL EVENTS / MUNICIPAL HOTEL T/F,99,FINANCE GENERAL,2005,FINANCE GENERAL,42,TEXT FILE - EXTRA LONG,629488
LOCAL,0355,SPECIAL EVENTS / MUNICIPAL HOTEL T/F,99,FINANCE GENERAL,2005,FINANCE GENERAL,45,PREM TERM LIFE INSURANCE,6638
LOCAL,0355,SPECIAL EVENTS / MUNICIPAL HOTEL T/F,99,FINANCE GENERAL,2005,FINANCE GENERAL,49,WORKERS' COMPENSATION,55000
LOCAL,0355,SPECIAL EVENTS / MUNICIPAL HOTEL T/F,99,FINANCE GENERAL,2005,FINANCE GENERAL,51,UNEMPLOYMENT INSURANCE CLAIM,28454
LOCAL,0355,SPECIAL EVENTS / MUNICIPAL HOTEL T/F,99,FINANCE GENERAL,2005,FINANCE GENERAL,52,MEDICAL CARE CLAIMS,22394
LOCAL,0355,SPECIAL EVENTS / MUNICIPAL HOTEL T/F,99,FINANCE GENERAL,2005,FINANCE GENERAL,56,DENTAL PLAN PREMIUMS,32765
LOCAL,0355,SPECIAL EVENTS / MUNICIPAL HOTEL T/F,99,FINANCE GENERAL,2005,FINANCE GENERAL,138,IT MAINTENANCE,111492
LOCAL,0355,SPECIAL EVENTS / MUNICIPAL HOTEL T/F,99,FINANCE GENERAL,2005,FINANCE GENERAL,140,PROFESSIONAL AND TECHNICAL SERVICES,4045436
LOCAL,0355,SPECIAL EVENTS / MUNICIPAL HOTEL T/F,99,FINANCE GENERAL,2005,FINANCE GENERAL,149,SOFTWARE MAINTENANCE AND LICENSING,106
LOCAL,0355,SPECIAL EVENTS / MUNICIPAL HOTEL T/F,99,FINANCE GENERAL,2005,FINANCE GENERAL,160,REPAIR/MAINT PROPERTY,500000
LOCAL,0355,SPECIAL EVENTS / MUNICIPAL HOTEL T/F,99,FINANCE GENERAL,2005,FINANCE GENERAL,161,MAINT FACILITIES,200000
LOCAL,0355,SPECIAL EVENTS / MUNICIPAL HOTEL T/F,99,FINANCE GENERAL,2005,FINANCE GENERAL,991,MATCHING AND SUPPLEMENTAL GRANTS,183750
LOCAL,0355,SPECIAL EVENTS / MUNICIPAL HOTEL T/F,99,FINANCE GENERAL,2005,FINANCE GENERAL,9027,SOCIAL SECURITY TAX,1922
LOCAL,0355,SPECIAL EVENTS / MUNICIPAL HOTEL T/F,99,FINANCE GENERAL,2005,FINANCE GENERAL,9076,CITY CNTB MEDICARE TAX,81372
LOCAL,0355,SPECIAL EVENTS / MUNICIPAL HOTEL T/F,99,FINANCE GENERAL,2005,FINANCE GENERAL,9124,SISTER CITIES PROGRAM,528643
LOCAL,0355,SPECIAL EVENTS / MUNICIPAL HOTEL T/F,99,FINANCE GENERAL,2005,FINANCE GENERAL,9610,REIMB - PENSION PAYMENTS,1056753
LOCAL,0355,SPECIAL EVENTS / MUNICIPAL HOTEL T/F,99,FINANCE GENERAL,2005,FINANCE GENERAL,9611,REIMB - INDIRECT COSTS TO CORPORATE,4443000
LOCAL,0355,SPECIAL EVENTS / MUNICIPAL HOTEL T/F,99,FINANCE GENERAL,2005,FINANCE GENERAL,9770,TRANSFER FOR SERVICES - FINANCE,80000
LOCAL,0355,SPECIAL EVENTS / MUNICIPAL HOTEL T/F,99,FINANCE GENERAL,2005,FINANCE GENERAL,9771,TRANSFER FOR SERVICES - 2FM,372000
LOCAL,0355,SPECIAL EVENTS / MUNICIPAL HOTEL T/F,99,FINANCE GENERAL,2005,FINANCE GENERAL,9772,TRANSFER FOR SERVICES - CDPH,15000
LOCAL,0355,SPECIAL EVENTS / MUNICIPAL HOTEL T/F,99,FINANCE GENERAL,2005,FINANCE GENERAL,9773,TRANSFER FOR SERVICES - CPD,950000
LOCAL,0355,SPECIAL EVENTS / MUNICIPAL HOTEL T/F,99,FINANCE GENERAL,2005,FINANCE GENERAL,9774,TRANSFER FOR SERVICES - OEMC,250000
LOCAL,0355,SPECIAL EVENTS / MUNICIPAL HOTEL T/F,99,FINANCE GENERAL,2005,FINANCE GENERAL,9775,TRANSFER FOR SERVICES - CFD,165000
LOCAL,0355,SPECIAL EVENTS / MUNICIPAL HOTEL T/F,99,FINANCE GENERAL,2005,FINANCE GENERAL,9776,TRANSFER FOR SERVICES - DSS,61500
LOCAL,0355,SPECIAL EVENTS / MUNICIPAL HOTEL T/F,99,FINANCE GENERAL,2005,FINANCE GENERAL,9777,TRANSFER FOR SERVICES - CDOT,5000
LOCAL,0383,MFT DEBT SERVICE,99,FINANCE GENERAL,2005,FINANCE GENERAL,902,INTEREST ON FIRST LIEN BONDS,11223000
LOCAL,0383,MFT DEBT SERVICE,99,FINANCE GENERAL,2005,FINANCE GENERAL,912,PAYMENT OF BONDS,4295000
LOCAL,0383,MFT DEBT SERVICE,99,FINANCE GENERAL,2005,FINANCE GENERAL,959,BOND FEES AND COSTS,165000
LOCAL,0505,SALES TAX BOND,99,FINANCE GENERAL,2005,FINANCE GENERAL,902,INTEREST ON FIRST LIEN BONDS,24968000
LOCAL,0505,SALES TAX BOND,99,FINANCE GENERAL,2005,FINANCE GENERAL,912,PAYMENT OF BONDS,13955000
LOCAL,0510,BOND REDEMPTION AND INTEREST,99,FINANCE GENERAL,2005,FINANCE GENERAL,902,INTEREST ON FIRST LIEN BONDS,450651000
LOCAL,0510,BOND REDEMPTION AND INTEREST,99,FINANCE GENERAL,2005,FINANCE GENERAL,912,PAYMENT OF BONDS,214790000
LOCAL,0510,BOND REDEMPTION AND INTEREST,99,FINANCE GENERAL,2005,FINANCE GENERAL,960,LOSS IN COLLECTION OF TAXES,15919000
LOCAL,0516,LIBRARY BOND REDEMPTION,99,FINANCE GENERAL,2005,FINANCE GENERAL,902,INTEREST ON FIRST LIEN BONDS,2614000
LOCAL,0516,LIBRARY BOND REDEMPTION,99,FINANCE GENERAL,2005,FINANCE GENERAL,912,PAYMENT OF BONDS,1555000
LOCAL,0516,LIBRARY BOND REDEMPTION,99,FINANCE GENERAL,2005,FINANCE GENERAL,960,LOSS IN COLLECTION OF TAXES,168000
LOCAL,0521,LIB NOTE RED/INT-B,99,FINANCE GENERAL,2005,FINANCE GENERAL,960,LOSS IN COLLECTION OF TAXES,3217000
LOCAL,0521,LIB NOTE RED/INT-B,99,FINANCE GENERAL,2005,FINANCE GENERAL,961,PAYMENT OF TERM NOTES,77203000
LOCAL,0525,EMERGENCY COMMUN BD,99,FINANCE GENERAL,2005,FINANCE GENERAL,902,INTEREST ON FIRST LIEN BONDS,6219000
LOCAL,0525,EMERGENCY COMMUN BD,99,FINANCE GENERAL,2005,FINANCE GENERAL,912,PAYMENT OF BONDS,16110000
LOCAL,0549,CITY COL RED/INT-D,99,FINANCE GENERAL,2005,FINANCE GENERAL,902,INTEREST ON FIRST LIEN BONDS,23895000
LOCAL,0549,CITY COL RED/INT-D,99,FINANCE GENERAL,2005,FINANCE GENERAL,912,PAYMENT OF BONDS,11272000
LOCAL,0549,CITY COL RED/INT-D,99,FINANCE GENERAL,2005,FINANCE GENERAL,960,LOSS IN COLLECTION OF TAXES,1465000
LOCAL,0610,MIDWAY AIRPORT FUND,99,FINANCE GENERAL,2005,FINANCE GENERAL,29,HMO PREMIUMS,1203046
LOCAL,0610,MIDWAY AIRPORT FUND,99,FINANCE GENERAL,2005,FINANCE GENERAL,42,TEXT FILE - EXTRA LONG,3226682
LOCAL,0610,MIDWAY AIRPORT FUND,99,FINANCE GENERAL,2005,FINANCE GENERAL,43,TEXT FILE - EXTRA LONG,56250
LOCAL,0610,MIDWAY AIRPORT FUND,99,FINANCE GENERAL,2005,FINANCE GENERAL,45,PREM TERM LIFE INSURANCE,34025
LOCAL,0610,MIDWAY AIRPORT FUND,99,FINANCE GENERAL,2005,FINANCE GENERAL,49,WORKERS' COMPENSATION,175000
LOCAL,0610,MIDWAY AIRPORT FUND,99,FINANCE GENERAL,2005,FINANCE GENERAL,51,UNEMPLOYMENT INSURANCE CLAIM,93185
LOCAL,0610,MIDWAY AIRPORT FUND,99,FINANCE GENERAL,2005,FINANCE GENERAL,52,MEDICAL CARE CLAIMS,114786
LOCAL,0610,MIDWAY AIRPORT FUND,99,FINANCE GENERAL,2005,FINANCE GENERAL,56,DENTAL PLAN PREMIUMS,165387
LOCAL,0610,MIDWAY AIRPORT FUND,99,FINANCE GENERAL,2005,FINANCE GENERAL,138,IT MAINTENANCE,429202
LOCAL,0610,MIDWAY AIRPORT FUND,99,FINANCE GENERAL,2005,FINANCE GENERAL,140,PROFESSIONAL AND TECHNICAL SERVICES,1620300
LOCAL,0610,MIDWAY AIRPORT FUND,99,FINANCE GENERAL,2005,FINANCE GENERAL,142,ACCOUNTING AND AUDITING,600500
LOCAL,0610,MIDWAY AIRPORT FUND,99,FINANCE GENERAL,2005,FINANCE GENERAL,145,LEGAL EXPENSES,913000
LOCAL,0610,MIDWAY AIRPORT FUND,99,FINANCE GENERAL,2005,FINANCE GENERAL,149,SOFTWARE MAINTENANCE AND LICENSING,432
LOCAL,0610,MIDWAY AIRPORT FUND,99,FINANCE GENERAL,2005,FINANCE GENERAL,161,MAINT FACILITIES,20000
LOCAL,0610,MIDWAY AIRPORT FUND,99,FINANCE GENERAL,2005,FINANCE GENERAL,172,INSURANCE PREMIUMS,3200000
LOCAL,0610,MIDWAY AIRPORT FUND,99,FINANCE GENERAL,2005,FINANCE GENERAL,902,INTEREST ON FIRST LIEN BONDS,1418000
LOCAL,0610,MIDWAY AIRPORT FUND,99,FINANCE GENERAL,2005,FINANCE GENERAL,913,PAYMENT OF FIRST LIEN BONDS,3115000
LOCAL,0610,MIDWAY AIRPORT FUND,99,FINANCE GENERAL,2005,FINANCE GENERAL,917,INTEREST ON JUNIOR LIEN BONDS,87599000
LOCAL,0610,MIDWAY AIRPORT FUND,99,FINANCE GENERAL,2005,FINANCE GENERAL,919,PAYMENT OF JUNIOR LIEN BONDS,25827500
LOCAL,0610,MIDWAY AIRPORT FUND,99,FINANCE GENERAL,2005,FINANCE GENERAL,931,TORT/NON-TORT JUDGMENT,4500
LOCAL,0610,MIDWAY AIRPORT FUND,99,FINANCE GENERAL,2005,FINANCE GENERAL,9027,SOCIAL SECURITY TAX,7025
LOCAL,0610,MIDWAY AIRPORT FUND,99,FINANCE GENERAL,2005,FINANCE GENERAL,9046,OPERATIONS AND MAINTENANCE RESERVE,2600000
LOCAL,0610,MIDWAY AIRPORT FUND,99,FINANCE GENERAL,2005,FINANCE GENERAL,9076,CITY CNTB MEDICARE TAX,278870
LOCAL,0610,MIDWAY AIRPORT FUND,99,FINANCE GENERAL,2005,FINANCE GENERAL,9611,REIMB - INDIRECT COSTS TO CORPORATE,7931000
LOCAL,0610,MIDWAY AIRPORT FUND,99,FINANCE GENERAL,2005,FINANCE GENERAL,9711,TRANSFER-O'HARE FUND FOR ADMIN SALARIES,3000000
LOCAL,0610,MIDWAY AIRPORT FUND,99,FINANCE GENERAL,2005,FINANCE GENERAL,9980,MUNICIPAL FUND PENSION ALLOCATION,3644000
LOCAL,0610,MIDWAY AIRPORT FUND,99,FINANCE GENERAL,2005,FINANCE GENERAL,9981,LABORERS' FUND PENSION ALLOCATION,535000
LOCAL,0610,MIDWAY AIRPORT FUND,99,FINANCE GENERAL,2005,FINANCE GENERAL,9982,POLICEMEN'S FUND PENSION ALLOCATION,2330000
LOCAL,0610,MIDWAY AIRPORT FUND,99,FINANCE GENERAL,2005,FINANCE GENERAL,9983,FIREMEN'S FUND PENSION ALLOCATION,3053000
LOCAL,0681,MUNICIPAL ANNUNITY AND BENEFIT,99,FINANCE GENERAL,2005,FINANCE GENERAL,976,EMPLOYEE ANNUITY AND BENEFIT,266988000
LOCAL,0681,MUNICIPAL ANNUNITY AND BENEFIT,99,FINANCE GENERAL,2005,FINANCE GENERAL,980,MEABF OBLIGATION FUND,56000000
LOCAL,0682,LABORERS' ANNUNITY AND BENEFIT,99,FINANCE GENERAL,2005,FINANCE GENERAL,976,EMPLOYEE ANNUITY AND BENEFIT,36000000
LOCAL,0683,POLICEMEN'S ANNUITY AND BENEFIT,99,FINANCE GENERAL,2005,FINANCE GENERAL,976,EMPLOYEE ANNUITY AND BENEFIT,500000000
LOCAL,0684,FIREMEN'S ANNUITY AND BENEFIT,99,FINANCE GENERAL,2005,FINANCE GENERAL,976,EMPLOYEE ANNUITY AND BENEFIT,227000000
LOCAL,0740,O HARE REVENUE FUND,99,FINANCE GENERAL,2005,FINANCE GENERAL,29,HMO PREMIUMS,7184331
LOCAL,0740,O HARE REVENUE FUND,99,FINANCE GENERAL,2005,FINANCE GENERAL,42,TEXT FILE - EXTRA LONG,16531137
LOCAL,0740,O HARE REVENUE FUND,99,FINANCE GENERAL,2005,FINANCE GENERAL,43,TEXT FILE - EXTRA LONG,112500
LOCAL,0740,O HARE REVENUE FUND,99,FINANCE GENERAL,2005,FINANCE GENERAL,45,PREM TERM LIFE INSURANCE,174317
LOCAL,0740,O HARE REVENUE FUND,99,FINANCE GENERAL,2005,FINANCE GENERAL,49,WORKERS' COMPENSATION,330000
LOCAL,0740,O HARE REVENUE FUND,99,FINANCE GENERAL,2005,FINANCE GENERAL,51,UNEMPLOYMENT INSURANCE CLAIM,478731
LOCAL,0740,O HARE REVENUE FUND,99,FINANCE GENERAL,2005,FINANCE GENERAL,52,MEDICAL CARE CLAIMS,588077
LOCAL,0740,O HARE REVENUE FUND,99,FINANCE GENERAL,2005,FINANCE GENERAL,56,DENTAL PLAN PREMIUMS,847317
LOCAL,0740,O HARE REVENUE FUND,99,FINANCE GENERAL,2005,FINANCE GENERAL,70,TUITION REIMBURSEMENT,45000
LOCAL,0740,O HARE REVENUE FUND,99,FINANCE GENERAL,2005,FINANCE GENERAL,135,DELEGATE AGENCIES,970000
LOCAL,0740,O HARE REVENUE FUND,99,FINANCE GENERAL,2005,FINANCE GENERAL,138,IT MAINTENANCE,2372224
LOCAL,0740,O HARE REVENUE FUND,99,FINANCE GENERAL,2005,FINANCE GENERAL,140,PROFESSIONAL AND TECHNICAL SERVICES,6232152
LOCAL,0740,O HARE REVENUE FUND,99,FINANCE GENERAL,2005,FINANCE GENERAL,142,ACCOUNTING AND AUDITING,1549800
LOCAL,0740,O HARE REVENUE FUND,99,FINANCE GENERAL,2005,FINANCE GENERAL,145,LEGAL EXPENSES,4237500
LOCAL,0740,O HARE REVENUE FUND,99,FINANCE GENERAL,2005,FINANCE GENERAL,149,SOFTWARE MAINTENANCE AND LICENSING,2390
LOCAL,0740,O HARE REVENUE FUND,99,FINANCE GENERAL,2005,FINANCE GENERAL,161,MAINT FACILITIES,30000
LOCAL,0740,O HARE REVENUE FUND,99,FINANCE GENERAL,2005,FINANCE GENERAL,172,INSURANCE PREMIUMS,11000000
LOCAL,0740,O HARE REVENUE FUND,99,FINANCE GENERAL,2005,FINANCE GENERAL,902,INTEREST ON FIRST LIEN BONDS,326469000
LOCAL,0740,O HARE REVENUE FUND,99,FINANCE GENERAL,2005,FINANCE GENERAL,913,PAYMENT OF FIRST LIEN BONDS,256235000
LOCAL,0740,O HARE REVENUE FUND,99,FINANCE GENERAL,2005,FINANCE GENERAL,931,TORT/NON-TORT JUDGMENT,8000
LOCAL,0740,O HARE REVENUE FUND,99,FINANCE GENERAL,2005,FINANCE GENERAL,9027,SOCIAL SECURITY TAX,36820
LOCAL,0740,O HARE REVENUE FUND,99,FINANCE GENERAL,2005,FINANCE GENERAL,9046,OPERATIONS AND MAINTENANCE RESERVE,11200000
LOCAL,0740,O HARE REVENUE FUND,99,FINANCE GENERAL,2005,FINANCE GENERAL,9047,SPECIAL CAPITAL PROJECTS - AIRLINES,2000000
LOCAL,0740,O HARE REVENUE FUND,99,FINANCE GENERAL,2005,FINANCE GENERAL,9076,CITY CNTB MEDICARE TAX,1558575
LOCAL,0740,O HARE REVENUE FUND,99,FINANCE GENERAL,2005,FINANCE GENERAL,9626,REIMB - INDIRECT COSTS - O'HARE,17141000
LOCAL,0740,O HARE REVENUE FUND,99,FINANCE GENERAL,2005,FINANCE GENERAL,9629,REIMB - INDIRECT NON-SALARIES - O'HARE,10650000
LOCAL,0740,O HARE REVENUE FUND,99,FINANCE GENERAL,2005,FINANCE GENERAL,9980,MUNICIPAL FUND PENSION ALLOCATION,18175000
LOCAL,0740,O HARE REVENUE FUND,99,FINANCE GENERAL,2005,FINANCE GENERAL,9981,LABORERS' FUND PENSION ALLOCATION,2275000
LOCAL,0740,O HARE REVENUE FUND,99,FINANCE GENERAL,2005,FINANCE GENERAL,9982,POLICEMEN'S FUND PENSION ALLOCATION,6985000
LOCAL,0740,O HARE REVENUE FUND,99,FINANCE GENERAL,2005,FINANCE GENERAL,9983,FIREMEN'S FUND PENSION ALLOCATION,11325000
LOCAL,0934,AFFORDABLE HOUSING OPPORTUNITY FUND,99,FINANCE GENERAL,2005,FINANCE GENERAL,9610,REIMB - PENSION PAYMENTS,171000
LOCAL,0934,AFFORDABLE HOUSING OPPORTUNITY FUND,99,FINANCE GENERAL,2005,FINANCE GENERAL,9611,REIMB - INDIRECT COSTS TO CORPORATE,706000
LOCAL,0934,AFFORDABLE HOUSING OPPORTUNITY FUND,99,FINANCE GENERAL,2005,FINANCE GENERAL,9668,REIMB - HEALTHCARE AND INSURANCE,275000
LOCAL,0B09,CTA REAL PROPERTY TRANSFER TAX,99,FINANCE GENERAL,2005,FINANCE GENERAL,9205,FOR DISTRIBUTION - CTA,65776000
LOCAL,0B09,CTA REAL PROPERTY TRANSFER TAX,99,FINANCE GENERAL,2005,FINANCE GENERAL,9640,REIMB - FROM CTA,664000
LOCAL,0B21,TIF ADMINISTRATION,99,FINANCE GENERAL,2005,FINANCE GENERAL,138,IT MAINTENANCE,89132
LOCAL,0B21,TIF ADMINISTRATION,99,FINANCE GENERAL,2005,FINANCE GENERAL,142,ACCOUNTING AND AUDITING,435000
LOCAL,0B21,TIF ADMINISTRATION,99,FINANCE GENERAL,2005,FINANCE GENERAL,149,SOFTWARE MAINTENANCE AND LICENSING,84
LOCAL,0B21,TIF ADMINISTRATION,99,FINANCE GENERAL,2005,FINANCE GENERAL,169,TECHNICAL MEETING COSTS,10200
LOCAL,0B21,TIF ADMINISTRATION,99,FINANCE GENERAL,2005,FINANCE GENERAL,9610,REIMB - PENSION PAYMENTS,936331
LOCAL,0B21,TIF ADMINISTRATION,99,FINANCE GENERAL,2005,FINANCE GENERAL,9611,REIMB - INDIRECT COSTS TO CORPORATE,501000
LOCAL,0B21,TIF ADMINISTRATION,99,FINANCE GENERAL,2005,FINANCE GENERAL,9668,REIMB - HEALTHCARE AND INSURANCE,1461887
LOCAL,0B32,GARBAGE COLLECTION FUND,99,FINANCE GENERAL,2005,FINANCE GENERAL,140,PROFESSIONAL AND TECHNICAL SERVICES,812160
GRANTS,0929,COM ED SETTLEMENT FUND II,1,OFFICE OF THE MAYOR,2809,COMED SETTLEMENT FUND,5,SALARIES AND WAGES - ON PAYROLL,242704
GRANTS,0929,COM ED SETTLEMENT FUND II,1,OFFICE OF THE MAYOR,2809,COMED SETTLEMENT FUND,44,FRINGE BENEFITS,109887
GRANTS,0J38,SMART GRID / ENERGY EFF. CONSUMER ED.,1,OFFICE OF THE MAYOR,2804,Smart Grid / Energy Efficiency,5,SALARIES AND WAGES - ON PAYROLL,49980
GRANTS,0J38,SMART GRID / ENERGY EFF. CONSUMER ED.,1,OFFICE OF THE MAYOR,2804,Smart Grid / Energy Efficiency,44,FRINGE BENEFITS,21716
GRANTS,0J38,SMART GRID / ENERGY EFF. CONSUMER ED.,1,OFFICE OF THE MAYOR,2804,Smart Grid / Energy Efficiency,140,PROFESSIONAL AND TECHNICAL SERVICES,23304
GRANTS,0J38,SMART GRID / ENERGY EFF. CONSUMER ED.,1,OFFICE OF THE MAYOR,2804,Smart Grid / Energy Efficiency,245,REIMBURSEMENT TO TRAVELERS,5000
GRANTS,0J83,100 RESILIENT CITIES INITIATIVE,1,OFFICE OF THE MAYOR,2810,100 Resilient Cities Init.,5,SALARIES AND WAGES - ON PAYROLL,79904
GRANTS,0J83,100 RESILIENT CITIES INITIATIVE,1,OFFICE OF THE MAYOR,2810,100 Resilient Cities Init.,44,FRINGE BENEFITS,51096
GRANTS,0P92,MAYOR'S OFFICE - US DOJ,1,OFFICE OF THE MAYOR,2805,Ntl Forum Youth Violence Prev.,5,SALARIES AND WAGES - ON PAYROLL,101959
GRANTS,0P92,MAYOR'S OFFICE - US DOJ,1,OFFICE OF THE MAYOR,2805,Ntl Forum Youth Violence Prev.,44,FRINGE BENEFITS,44300
GRANTS,0P92,MAYOR'S OFFICE - US DOJ,1,OFFICE OF THE MAYOR,2805,Ntl Forum Youth Violence Prev.,140,PROFESSIONAL AND TECHNICAL SERVICES,110741
GRANTS,0075,OBM GRANT MANAGEMT,5,OBM,2855,GRANTS MANAGEMENT,5,SALARIES AND WAGES - ON PAYROLL,950190
GRANTS,0075,OBM GRANT MANAGEMT,5,OBM,2855,GRANTS MANAGEMENT,15,SCHEDULE SALARY ADJUSTMENTS,6913
GRANTS,0075,OBM GRANT MANAGEMT,5,OBM,2855,GRANTS MANAGEMENT,39,STUDENT AS TRAINEES,17943
GRANTS,0075,OBM GRANT MANAGEMT,5,OBM,2855,GRANTS MANAGEMENT,44,FRINGE BENEFITS,477426
GRANTS,0075,OBM GRANT MANAGEMT,5,OBM,2855,GRANTS MANAGEMENT,140,PROFESSIONAL AND TECHNICAL SERVICES,499528
GRANTS,0929,COM ED SETTLEMENT FUND II,5,OBM,2809,COMED SETTLEMENT FUND,140,PROFESSIONAL AND TECHNICAL SERVICES,97409
GRANTS,0J63,CDBG - DISASTER RECOVERY,5,OBM,2880,CDBG - Disaster Recovery,140,PROFESSIONAL AND TECHNICAL SERVICES,400000
GRANTS,0J64,MBE/WBE CERTIFICATION AND COMPLIANCE,5,OBM,2815,MBE/WBE Certification and Comp,140,PROFESSIONAL AND TECHNICAL SERVICES,2000000
GRANTS,0792,DOIT GRANTS,6,DOIT,2820,FIBER CONNECTION GRANT,140,PROFESSIONAL AND TECHNICAL SERVICES,566000
GRANTS,0J30,MAYORS CHALLENGE,6,DOIT,2822,Mayors Challenge,5,SALARIES AND WAGES - ON PAYROLL,101630
GRANTS,0J30,MAYORS CHALLENGE,6,DOIT,2822,Mayors Challenge,44,FRINGE BENEFITS,44157
GRANTS,0J30,MAYORS CHALLENGE,6,DOIT,2822,Mayors Challenge,140,PROFESSIONAL AND TECHNICAL SERVICES,304213
GRANTS,0T39,CHILD CARE SERVICES,6,DOIT,2824,Child Care Services,5,SALARIES AND WAGES - ON PAYROLL,360174
GRANTS,0T39,CHILD CARE SERVICES,6,DOIT,2824,Child Care Services,44,FRINGE BENEFITS,156492
GRANTS,0T47,HEAD START,6,DOIT,2823,Head Start,5,SALARIES AND WAGES - ON PAYROLL,360659
GRANTS,0T47,HEAD START,6,DOIT,2823,Head Start,44,FRINGE BENEFITS,160109
GRANTS,0X61,BIOTERRORISM PREPAREDNESS RESPONSE PLANN,6,DOIT,2829,Bioterrorism Response Planning,5,SALARIES AND WAGES - ON PAYROLL,306255
GRANTS,0X61,BIOTERRORISM PREPAREDNESS RESPONSE PLANN,6,DOIT,2829,Bioterrorism Response Planning,44,FRINGE BENEFITS,133064
GRANTS,0J67,FARMERS MARKETS,23,DCASE,2829,Farmers Markets,140,PROFESSIONAL AND TECHNICAL SERVICES,95000
GRANTS,0J75,COMMUNITY ARTS ACCESS,23,DCASE,2839,IAC - COMMUNITY ARTS ACCESS,135,DELEGATE AGENCIES,148000
GRANTS,0J81,ART WORKS,23,DCASE,2865,Art Works,140,PROFESSIONAL AND TECHNICAL SERVICES,75000
GRANTS,0J92,PARTNERS IN EXCELLENCE,23,DCASE,2838,IAC - PARTNERS IN EXCELLENCE,140,PROFESSIONAL AND TECHNICAL SERVICES,47000
GRANTS,0P72,DCASE - PRIVATE GRANTS,23,DCASE,2848,SUMMERDANCE / WORLD MUSIC,140,PROFESSIONAL AND TECHNICAL SERVICES,25000
GRANTS,0P72,DCASE - PRIVATE GRANTS,23,DCASE,2849,MILLENNIUM PARK WORKOUTS,140,PROFESSIONAL AND TECHNICAL SERVICES,100000
GRANTS,0P72,DCASE - PRIVATE GRANTS,23,DCASE,2851,CULTURAL FUND,140,PROFESSIONAL AND TECHNICAL SERVICES,50000
GRANTS,0P72,DCASE - PRIVATE GRANTS,23,DCASE,2855,CULTURAL CENTER EXHIBITION,140,PROFESSIONAL AND TECHNICAL SERVICES,250000
GRANTS,0P72,DCASE - PRIVATE GRANTS,23,DCASE,2858,ARTISTS RESIDENCY PROJECT,140,PROFESSIONAL AND TECHNICAL SERVICES,30000
GRANTS,0P72,DCASE - PRIVATE GRANTS,23,DCASE,2862,Cultural Center Renovation,140,PROFESSIONAL AND TECHNICAL SERVICES,50000
GRANTS,0P72,DCASE - PRIVATE GRANTS,23,DCASE,2863,Public Art Endowment,140,PROFESSIONAL AND TECHNICAL SERVICES,610000
GRANTS,0P72,DCASE - PRIVATE GRANTS,23,DCASE,2864,Cultural Center Foundation,140,PROFESSIONAL AND TECHNICAL SERVICES,136000
GRANTS,0P73,DCASE - STATE GRANTS,23,DCASE,2859,CHICAGO CULTURAL PLAN,140,PROFESSIONAL AND TECHNICAL SERVICES,200000
GRANTS,0P73,DCASE - STATE GRANTS,23,DCASE,2870,Fifth Star Awards,140,PROFESSIONAL AND TECHNICAL SERVICES,160000
GRANTS,0P88,MARKETING PROMOTION PROGRAM,23,DCASE,2871,Marketing Promotion Program,140,PROFESSIONAL AND TECHNICAL SERVICES,50000
GRANTS,0J65,CHICAGO LIVES HEALTHY,27,FINANCE,2802,Chicago Lives Healthy,140,PROFESSIONAL AND TECHNICAL SERVICES,992000
GRANTS,0T47,HEAD START,27,FINANCE,2803,DFSS Accounting,5,SALARIES AND WAGES - ON PAYROLL,209945
GRANTS,0T47,HEAD START,27,FINANCE,2803,DFSS Accounting,44,FRINGE BENEFITS,93598
GRANTS,0079,DGS PROGRAMS,38,FLEET AND FACILITY MANAGEMENT,2833,NPV SENIOR WELLNESS CENTER,540,CONSTRUCTION OF BUILDINGS AND STRUCTURES,1000000
GRANTS,0079,DGS PROGRAMS,38,FLEET AND FACILITY MANAGEMENT,2843,LIGHTING RETROFITS,140,PROFESSIONAL AND TECHNICAL SERVICES,726000
GRANTS,0J99,PUBLIC SECTOR ELECTRIC EFFICIENCY,38,FLEET AND FACILITY MANAGEMENT,2842,ENERGY EFFICIENCY AGGREGATION,140,PROFESSIONAL AND TECHNICAL SERVICES,452000
GRANTS,0P14,DEPT OF GENERAL SERVICES PROGRAMS,38,FLEET AND FACILITY MANAGEMENT,2836,STREETERVILLE THORIUM MORATORM,140,PROFESSIONAL AND TECHNICAL SERVICES,1481950
GRANTS,0P14,DEPT OF GENERAL SERVICES PROGRAMS,38,FLEET AND FACILITY MANAGEMENT,2836,STREETERVILLE THORIUM MORATORM,340,MATERIAL AND SUPPLIES,265000
GRANTS,0P14,DEPT OF GENERAL SERVICES PROGRAMS,38,FLEET AND FACILITY MANAGEMENT,2836,STREETERVILLE THORIUM MORATORM,540,CONSTRUCTION OF BUILDINGS AND STRUCTURES,353050
GRANTS,0Z00,PUBLIC SECTOR ELECTRIC EFFICIENCY - GAS,38,FLEET AND FACILITY MANAGEMENT,2842,ENERGY EFFICIENCY AGGREGATION,140,PROFESSIONAL AND TECHNICAL SERVICES,274000
GRANTS,0Z04,BROWNFIELDS ASSESSMENT,38,FLEET AND FACILITY MANAGEMENT,2848,Municipal Brownfields Redevelp,140,PROFESSIONAL AND TECHNICAL SERVICES,400000
GRANTS,0H55,RESOURCE CONSERVATION AND RECOVERY ACT D,41,DEPARTMENT OF PUBLIC HEALTH,2721,RESOURCE CONSERVATION,140,PROFESSIONAL AND TECHNICAL SERVICES,300000
GRANTS,0H84,SUMMER FOOD PROGRAM,41,DEPARTMENT OF PUBLIC HEALTH,2984,SUMMER FOOD PROGRAM,140,PROFESSIONAL AND TECHNICAL SERVICES,50000
GRANTS,0H88,IMMUNIZATION BILLING SERVICES,41,DEPARTMENT OF PUBLIC HEALTH,,Immunization Billing Services,5,SALARIES AND WAGES - ON PAYROLL,63485
GRANTS,0H88,IMMUNIZATION BILLING SERVICES,41,DEPARTMENT OF PUBLIC HEALTH,,Immunization Billing Services,44,FRINGE BENEFITS,31802
GRANTS,0H88,IMMUNIZATION BILLING SERVICES,41,DEPARTMENT OF PUBLIC HEALTH,,Immunization Billing Services,140,PROFESSIONAL AND TECHNICAL SERVICES,295713
GRANTS,0H89,EBOLA PREPAREDNESS AND RESPONSE,41,DEPARTMENT OF PUBLIC HEALTH,,HPP Ebola Preparedness & Resp.,140,PROFESSIONAL AND TECHNICAL SERVICES,2500000
GRANTS,0U00,LEAD HAZARD REDUCTION DEMONSTRATION,41,DEPARTMENT OF PUBLIC HEALTH,2944,LEAD HAZARD REDUCTION DEMO,5,SALARIES AND WAGES - ON PAYROLL,92592
GRANTS,0U00,LEAD HAZARD REDUCTION DEMONSTRATION,41,DEPARTMENT OF PUBLIC HEALTH,2944,LEAD HAZARD REDUCTION DEMO,44,FRINGE BENEFITS,39426
GRANTS,0U00,LEAD HAZARD REDUCTION DEMONSTRATION,41,DEPARTMENT OF PUBLIC HEALTH,2944,LEAD HAZARD REDUCTION DEMO,135,DELEGATE AGENCIES,3159000
GRANTS,0U00,LEAD HAZARD REDUCTION DEMONSTRATION,41,DEPARTMENT OF PUBLIC HEALTH,2944,LEAD HAZARD REDUCTION DEMO,140,PROFESSIONAL AND TECHNICAL SERVICES,586731
GRANTS,0U00,LEAD HAZARD REDUCTION DEMONSTRATION,41,DEPARTMENT OF PUBLIC HEALTH,2944,LEAD HAZARD REDUCTION DEMO,149,SOFTWARE MAINTENANCE AND LICENSING,800
GRANTS,0U00,LEAD HAZARD REDUCTION DEMONSTRATION,41,DEPARTMENT OF PUBLIC HEALTH,2944,LEAD HAZARD REDUCTION DEMO,152,ADVERTISING,465
GRANTS,0U00,LEAD HAZARD REDUCTION DEMONSTRATION,41,DEPARTMENT OF PUBLIC HEALTH,2944,LEAD HAZARD REDUCTION DEMO,245,REIMBURSEMENT TO TRAVELERS,8616
GRANTS,0U00,LEAD HAZARD REDUCTION DEMONSTRATION,41,DEPARTMENT OF PUBLIC HEALTH,2944,LEAD HAZARD REDUCTION DEMO,350,STATIONERY AND OFFICE SUPPLIES,7870
GRANTS,0U00,LEAD HAZARD REDUCTION DEMONSTRATION,41,DEPARTMENT OF PUBLIC HEALTH,2944,LEAD HAZARD REDUCTION DEMO,360,REPAIR PARTS AND MATERIAL,4500
GRANTS,0U01,C3 CLINICAL AND TRANSLATION RESEARCH,41,DEPARTMENT OF PUBLIC HEALTH,,C3 Clinical and Translation,5,SALARIES AND WAGES - ON PAYROLL,81678
GRANTS,0U01,C3 CLINICAL AND TRANSLATION RESEARCH,41,DEPARTMENT OF PUBLIC HEALTH,,C3 Clinical and Translation,44,FRINGE BENEFITS,38322
GRANTS,0U02,CIFOR IMPLEMENTATION TRAINING,41,DEPARTMENT OF PUBLIC HEALTH,,CIFOR Implementation Training,140,PROFESSIONAL AND TECHNICAL SERVICES,5000
GRANTS,0X02,LEAD POISONING SURVEILLANCE,41,DEPARTMENT OF PUBLIC HEALTH,,Lead Poisoning Surveillance,5,SALARIES AND WAGES - ON PAYROLL,86577
GRANTS,0X02,LEAD POISONING SURVEILLANCE,41,DEPARTMENT OF PUBLIC HEALTH,,Lead Poisoning Surveillance,44,FRINGE BENEFITS,37617
GRANTS,0X02,LEAD POISONING SURVEILLANCE,41,DEPARTMENT OF PUBLIC HEALTH,,Lead Poisoning Surveillance,135,DELEGATE AGENCIES,160000
GRANTS,0X02,LEAD POISONING SURVEILLANCE,41,DEPARTMENT OF PUBLIC HEALTH,,Lead Poisoning Surveillance,140,PROFESSIONAL AND TECHNICAL SERVICES,32474
GRANTS,0X02,LEAD POISONING SURVEILLANCE,41,DEPARTMENT OF PUBLIC HEALTH,,Lead Poisoning Surveillance,197,TELEPHONE - MAINTENANCE,3320
GRANTS,0X02,LEAD POISONING SURVEILLANCE,41,DEPARTMENT OF PUBLIC HEALTH,,Lead Poisoning Surveillance,229,TRANSPORTATION AND EXPENSE ALLOWANCE,648
GRANTS,0X02,LEAD POISONING SURVEILLANCE,41,DEPARTMENT OF PUBLIC HEALTH,,Lead Poisoning Surveillance,245,REIMBURSEMENT TO TRAVELERS,5460
GRANTS,0X02,LEAD POISONING SURVEILLANCE,41,DEPARTMENT OF PUBLIC HEALTH,,Lead Poisoning Surveillance,270,LOCAL TRANSPORTATION,720
GRANTS,0X02,LEAD POISONING SURVEILLANCE,41,DEPARTMENT OF PUBLIC HEALTH,,Lead Poisoning Surveillance,350,STATIONERY AND OFFICE SUPPLIES,21184
GRANTS,0X09,CARE VAN BLUE CROSS,41,DEPARTMENT OF PUBLIC HEALTH,2700,CARE VAN BLUE CROSS,20,OVERTIME,75000
GRANTS,0X15,RESOURCE CONSERVATION AND RECOVERY ACT D,41,DEPARTMENT OF PUBLIC HEALTH,2721,RESOURCE CONSERVATION,5,SALARIES AND WAGES - ON PAYROLL,100619
GRANTS,0X15,RESOURCE CONSERVATION AND RECOVERY ACT D,41,DEPARTMENT OF PUBLIC HEALTH,2721,RESOURCE CONSERVATION,44,FRINGE BENEFITS,43718
GRANTS,0X15,RESOURCE CONSERVATION AND RECOVERY ACT D,41,DEPARTMENT OF PUBLIC HEALTH,2721,RESOURCE CONSERVATION,140,PROFESSIONAL AND TECHNICAL SERVICES,5663
GRANTS,0X20,RYAN WHITE HIV CARE ACT PART A,41,DEPARTMENT OF PUBLIC HEALTH,2731,Ryan White HIV Care Act Part A,140,PROFESSIONAL AND TECHNICAL SERVICES,2136000
GRANTS,0X28,HIV / AIDS SURVEILLANCE,41,DEPARTMENT OF PUBLIC HEALTH,2733,HIV / AIDS Surveillance,140,PROFESSIONAL AND TECHNICAL SERVICES,493000
GRANTS,0X29,BIOTERRORISM PREPAREDNESS RESPONSE PLAN,41,DEPARTMENT OF PUBLIC HEALTH,2829,BIOTERRORISM RESPONSE,5,SALARIES AND WAGES - ON PAYROLL,119160
GRANTS,0X29,BIOTERRORISM PREPAREDNESS RESPONSE PLAN,41,DEPARTMENT OF PUBLIC HEALTH,2829,BIOTERRORISM RESPONSE,44,FRINGE BENEFITS,50739
GRANTS,0X29,BIOTERRORISM PREPAREDNESS RESPONSE PLAN,41,DEPARTMENT OF PUBLIC HEALTH,2829,BIOTERRORISM RESPONSE,140,PROFESSIONAL AND TECHNICAL SERVICES,890101
GRANTS,0X32,DENTAL SEALANT,41,DEPARTMENT OF PUBLIC HEALTH,2871,DENTAL SEALANT GRANT,140,PROFESSIONAL AND TECHNICAL SERVICES,40000
GRANTS,0X34,BIOTERRORISM HOSPITAL PREPAREDNESS PGM,41,DEPARTMENT OF PUBLIC HEALTH,2883,BIOTERRORISM HOSPITAL PREP,140,PROFESSIONAL AND TECHNICAL SERVICES,129000
GRANTS,0X36,MORBIDITY AND RISK BEHAVIOR SURVEILLANCE,41,DEPARTMENT OF PUBLIC HEALTH,2887,MORBIDITY AND RISK BEHAVIOR,140,PROFESSIONAL AND TECHNICAL SERVICES,175000
GRANTS,0X47,EPI-EBOLA,41,DEPARTMENT OF PUBLIC HEALTH,,EPI-EBOLA,5,SALARIES AND WAGES - ON PAYROLL,330160
GRANTS,0X47,EPI-EBOLA,41,DEPARTMENT OF PUBLIC HEALTH,,EPI-EBOLA,15,SCHEDULE SALARY ADJUSTMENTS,942
GRANTS,0X47,EPI-EBOLA,41,DEPARTMENT OF PUBLIC HEALTH,,EPI-EBOLA,44,FRINGE BENEFITS,154248
GRANTS,0X47,EPI-EBOLA,41,DEPARTMENT OF PUBLIC HEALTH,,EPI-EBOLA,135,DELEGATE AGENCIES,1618000
GRANTS,0X47,EPI-EBOLA,41,DEPARTMENT OF PUBLIC HEALTH,,EPI-EBOLA,140,PROFESSIONAL AND TECHNICAL SERVICES,896650
GRANTS,0X49,CHILD AND ADULT CARE FOOD PROGRAM,41,DEPARTMENT OF PUBLIC HEALTH,,Child and Adult Care Food Pgm,171,MISCELLANEOUS SUPPLIES,49000
GRANTS,0X52,HIV & CARE - MSM & TRANSGENDER,41,DEPARTMENT OF PUBLIC HEALTH,2737,HIV & Care - MSM & Transgender,5,SALARIES AND WAGES - ON PAYROLL,292001
GRANTS,0X52,HIV & CARE - MSM & TRANSGENDER,41,DEPARTMENT OF PUBLIC HEALTH,2737,HIV & Care - MSM & Transgender,44,FRINGE BENEFITS,126871
GRANTS,0X52,HIV & CARE - MSM & TRANSGENDER,41,DEPARTMENT OF PUBLIC HEALTH,2737,HIV & Care - MSM & Transgender,135,DELEGATE AGENCIES,1631500
GRANTS,0X52,HIV & CARE - MSM & TRANSGENDER,41,DEPARTMENT OF PUBLIC HEALTH,2737,HIV & Care - MSM & Transgender,140,PROFESSIONAL AND TECHNICAL SERVICES,3816652
GRANTS,0X52,HIV & CARE - MSM & TRANSGENDER,41,DEPARTMENT OF PUBLIC HEALTH,2737,HIV & Care - MSM & Transgender,245,REIMBURSEMENT TO TRAVELERS,21733
GRANTS,0X52,HIV & CARE - MSM & TRANSGENDER,41,DEPARTMENT OF PUBLIC HEALTH,2737,HIV & Care - MSM & Transgender,340,MATERIAL AND SUPPLIES,11243
GRANTS,0X55,HOPWA/HUD,41,DEPARTMENT OF PUBLIC HEALTH,2961,HOPWA HOUSING AND HEALTH STUDY,135,DELEGATE AGENCIES,965012
GRANTS,0X55,HOPWA/HUD,41,DEPARTMENT OF PUBLIC HEALTH,2961,HOPWA HOUSING AND HEALTH STUDY,801,INDIRECT COSTS,36988
GRANTS,0X59,AIR POLLUTION CONTROL PROGRAM,41,DEPARTMENT OF PUBLIC HEALTH,2714,AIR POLLUTION CONTROL PROGRAM,5,SALARIES AND WAGES - ON PAYROLL,110288
GRANTS,0X59,AIR POLLUTION CONTROL PROGRAM,41,DEPARTMENT OF PUBLIC HEALTH,2714,AIR POLLUTION CONTROL PROGRAM,44,FRINGE BENEFITS,263140
GRANTS,0X59,AIR POLLUTION CONTROL PROGRAM,41,DEPARTMENT OF PUBLIC HEALTH,2714,AIR POLLUTION CONTROL PROGRAM,140,PROFESSIONAL AND TECHNICAL SERVICES,19218
GRANTS,0X59,AIR POLLUTION CONTROL PROGRAM,41,DEPARTMENT OF PUBLIC HEALTH,2714,AIR POLLUTION CONTROL PROGRAM,245,REIMBURSEMENT TO TRAVELERS,2500
GRANTS,0X59,AIR POLLUTION CONTROL PROGRAM,41,DEPARTMENT OF PUBLIC HEALTH,2714,AIR POLLUTION CONTROL PROGRAM,319,CLOTHING,7500
GRANTS,0X59,AIR POLLUTION CONTROL PROGRAM,41,DEPARTMENT OF PUBLIC HEALTH,2714,AIR POLLUTION CONTROL PROGRAM,340,MATERIAL AND SUPPLIES,5000
GRANTS,0X59,AIR POLLUTION CONTROL PROGRAM,41,DEPARTMENT OF PUBLIC HEALTH,2714,AIR POLLUTION CONTROL PROGRAM,345,APPARATUS AND INSTRUMENTS,4354
GRANTS,0X60,BIOTERRORISM HOSPITAL PREPAREDNESS PROGR,41,DEPARTMENT OF PUBLIC HEALTH,2883,BIOTERRORISM HOSPITAL PREP,5,SALARIES AND WAGES - ON PAYROLL,337534
GRANTS,0X60,BIOTERRORISM HOSPITAL PREPAREDNESS PROGR,41,DEPARTMENT OF PUBLIC HEALTH,2883,BIOTERRORISM HOSPITAL PREP,44,FRINGE BENEFITS,155485
GRANTS,0X60,BIOTERRORISM HOSPITAL PREPAREDNESS PROGR,41,DEPARTMENT OF PUBLIC HEALTH,2883,BIOTERRORISM HOSPITAL PREP,135,DELEGATE AGENCIES,2091496
GRANTS,0X60,BIOTERRORISM HOSPITAL PREPAREDNESS PROGR,41,DEPARTMENT OF PUBLIC HEALTH,2883,BIOTERRORISM HOSPITAL PREP,245,REIMBURSEMENT TO TRAVELERS,8740
GRANTS,0X60,BIOTERRORISM HOSPITAL PREPAREDNESS PROGR,41,DEPARTMENT OF PUBLIC HEALTH,2883,BIOTERRORISM HOSPITAL PREP,270,LOCAL TRANSPORTATION,4151
GRANTS,0X60,BIOTERRORISM HOSPITAL PREPAREDNESS PROGR,41,DEPARTMENT OF PUBLIC HEALTH,2883,BIOTERRORISM HOSPITAL PREP,350,STATIONERY AND OFFICE SUPPLIES,750
GRANTS,0X60,BIOTERRORISM HOSPITAL PREPAREDNESS PROGR,41,DEPARTMENT OF PUBLIC HEALTH,2883,BIOTERRORISM HOSPITAL PREP,999,CULTURAL PROGRAMMING GRANTS,165844
GRANTS,0X61,BIOTERRORISM PREPAREDNESS RESPONSE PLANN,41,DEPARTMENT OF PUBLIC HEALTH,2829,BIOTERRORISM RESPONSE,5,SALARIES AND WAGES - ON PAYROLL,3108691
GRANTS,0X61,BIOTERRORISM PREPAREDNESS RESPONSE PLANN,41,DEPARTMENT OF PUBLIC HEALTH,2829,BIOTERRORISM RESPONSE,15,SCHEDULE SALARY ADJUSTMENTS,4077
GRANTS,0X61,BIOTERRORISM PREPAREDNESS RESPONSE PLANN,41,DEPARTMENT OF PUBLIC HEALTH,2829,BIOTERRORISM RESPONSE,44,FRINGE BENEFITS,1390123
GRANTS,0X61,BIOTERRORISM PREPAREDNESS RESPONSE PLANN,41,DEPARTMENT OF PUBLIC HEALTH,2829,BIOTERRORISM RESPONSE,140,PROFESSIONAL AND TECHNICAL SERVICES,2308579
GRANTS,0X61,BIOTERRORISM PREPAREDNESS RESPONSE PLANN,41,DEPARTMENT OF PUBLIC HEALTH,2829,BIOTERRORISM RESPONSE,245,REIMBURSEMENT TO TRAVELERS,14260
GRANTS,0X61,BIOTERRORISM PREPAREDNESS RESPONSE PLANN,41,DEPARTMENT OF PUBLIC HEALTH,2829,BIOTERRORISM RESPONSE,270,LOCAL TRANSPORTATION,1290
GRANTS,0X61,BIOTERRORISM PREPAREDNESS RESPONSE PLANN,41,DEPARTMENT OF PUBLIC HEALTH,2829,BIOTERRORISM RESPONSE,340,MATERIAL AND SUPPLIES,33013
GRANTS,0X61,BIOTERRORISM PREPAREDNESS RESPONSE PLANN,41,DEPARTMENT OF PUBLIC HEALTH,2829,BIOTERRORISM RESPONSE,342,DRUGS  MEDICINE AND CHEMICAL MATERIALS,17485
GRANTS,0X61,BIOTERRORISM PREPAREDNESS RESPONSE PLANN,41,DEPARTMENT OF PUBLIC HEALTH,2829,BIOTERRORISM RESPONSE,999,CULTURAL PROGRAMMING GRANTS,827163
GRANTS,0X62,BREASTFEEDING PEER COUNSELING,41,DEPARTMENT OF PUBLIC HEALTH,2983,BREASTFEEDING PEER COUNSELING,135,DELEGATE AGENCIES,14000
GRANTS,0X63,BUILDING EPIDEMIOLOGY AND HEALTH IT,41,DEPARTMENT OF PUBLIC HEALTH,2710,BUILDING EPIDEMIOLOGY AND HLTH,5,SALARIES AND WAGES - ON PAYROLL,414846
GRANTS,0X63,BUILDING EPIDEMIOLOGY AND HEALTH IT,41,DEPARTMENT OF PUBLIC HEALTH,2710,BUILDING EPIDEMIOLOGY AND HLTH,15,SCHEDULE SALARY ADJUSTMENTS,2210
GRANTS,0X63,BUILDING EPIDEMIOLOGY AND HEALTH IT,41,DEPARTMENT OF PUBLIC HEALTH,2710,BUILDING EPIDEMIOLOGY AND HLTH,44,FRINGE BENEFITS,180247
GRANTS,0X63,BUILDING EPIDEMIOLOGY AND HEALTH IT,41,DEPARTMENT OF PUBLIC HEALTH,2710,BUILDING EPIDEMIOLOGY AND HLTH,140,PROFESSIONAL AND TECHNICAL SERVICES,1200622
GRANTS,0X63,BUILDING EPIDEMIOLOGY AND HEALTH IT,41,DEPARTMENT OF PUBLIC HEALTH,2710,BUILDING EPIDEMIOLOGY AND HLTH,245,REIMBURSEMENT TO TRAVELERS,10000
GRANTS,0X63,BUILDING EPIDEMIOLOGY AND HEALTH IT,41,DEPARTMENT OF PUBLIC HEALTH,2710,BUILDING EPIDEMIOLOGY AND HLTH,340,MATERIAL AND SUPPLIES,8500
GRANTS,0X63,BUILDING EPIDEMIOLOGY AND HEALTH IT,41,DEPARTMENT OF PUBLIC HEALTH,2710,BUILDING EPIDEMIOLOGY AND HLTH,801,INDIRECT COSTS,34575
GRANTS,0X64,CHICAGO FAMILY CASE MANAGEMENT,41,DEPARTMENT OF PUBLIC HEALTH,2894,HEALTHY MOMS/HEALTHY KIDS,5,SALARIES AND WAGES - ON PAYROLL,909400
GRANTS,0X64,CHICAGO FAMILY CASE MANAGEMENT,41,DEPARTMENT OF PUBLIC HEALTH,2894,HEALTHY MOMS/HEALTHY KIDS,44,FRINGE BENEFITS,395125
GRANTS,0X64,CHICAGO FAMILY CASE MANAGEMENT,41,DEPARTMENT OF PUBLIC HEALTH,2894,HEALTHY MOMS/HEALTHY KIDS,91,UNIFORM ALLOWANCE,5700
GRANTS,0X64,CHICAGO FAMILY CASE MANAGEMENT,41,DEPARTMENT OF PUBLIC HEALTH,2894,HEALTHY MOMS/HEALTHY KIDS,162,REPAIR/MAINT EQUIPMENT,8640
GRANTS,0X64,CHICAGO FAMILY CASE MANAGEMENT,41,DEPARTMENT OF PUBLIC HEALTH,2894,HEALTHY MOMS/HEALTHY KIDS,801,INDIRECT COSTS,16135
GRANTS,0X65,CHILDHOOD LEAD POISONING PREVENTION,41,DEPARTMENT OF PUBLIC HEALTH,2804,CHILDHOOD LEAD POISONING PREV,5,SALARIES AND WAGES - ON PAYROLL,75182
GRANTS,0X65,CHILDHOOD LEAD POISONING PREVENTION,41,DEPARTMENT OF PUBLIC HEALTH,2804,CHILDHOOD LEAD POISONING PREV,20,OVERTIME,5000
GRANTS,0X65,CHILDHOOD LEAD POISONING PREVENTION,41,DEPARTMENT OF PUBLIC HEALTH,2804,CHILDHOOD LEAD POISONING PREV,44,FRINGE BENEFITS,32666
GRANTS,0X65,CHILDHOOD LEAD POISONING PREVENTION,41,DEPARTMENT OF PUBLIC HEALTH,2804,CHILDHOOD LEAD POISONING PREV,130,POSTAGE,4100
GRANTS,0X65,CHILDHOOD LEAD POISONING PREVENTION,41,DEPARTMENT OF PUBLIC HEALTH,2804,CHILDHOOD LEAD POISONING PREV,140,PROFESSIONAL AND TECHNICAL SERVICES,14847
GRANTS,0X65,CHILDHOOD LEAD POISONING PREVENTION,41,DEPARTMENT OF PUBLIC HEALTH,2804,CHILDHOOD LEAD POISONING PREV,153,PROMOTIONS,18000
GRANTS,0X65,CHILDHOOD LEAD POISONING PREVENTION,41,DEPARTMENT OF PUBLIC HEALTH,2804,CHILDHOOD LEAD POISONING PREV,157,RENTAL EQUIPMENT AND SERVICES,3600
GRANTS,0X65,CHILDHOOD LEAD POISONING PREVENTION,41,DEPARTMENT OF PUBLIC HEALTH,2804,CHILDHOOD LEAD POISONING PREV,162,REPAIR/MAINT EQUIPMENT,63101
GRANTS,0X65,CHILDHOOD LEAD POISONING PREVENTION,41,DEPARTMENT OF PUBLIC HEALTH,2804,CHILDHOOD LEAD POISONING PREV,179,MESSENGER SERVICES,634
GRANTS,0X65,CHILDHOOD LEAD POISONING PREVENTION,41,DEPARTMENT OF PUBLIC HEALTH,2804,CHILDHOOD LEAD POISONING PREV,181,MOBILE COMMUNICATION SERVICES,22716
GRANTS,0X65,CHILDHOOD LEAD POISONING PREVENTION,41,DEPARTMENT OF PUBLIC HEALTH,2804,CHILDHOOD LEAD POISONING PREV,229,TRANSPORTATION AND EXPENSE ALLOWANCE,6210
GRANTS,0X65,CHILDHOOD LEAD POISONING PREVENTION,41,DEPARTMENT OF PUBLIC HEALTH,2804,CHILDHOOD LEAD POISONING PREV,245,REIMBURSEMENT TO TRAVELERS,10914
GRANTS,0X65,CHILDHOOD LEAD POISONING PREVENTION,41,DEPARTMENT OF PUBLIC HEALTH,2804,CHILDHOOD LEAD POISONING PREV,270,LOCAL TRANSPORTATION,5400
GRANTS,0X65,CHILDHOOD LEAD POISONING PREVENTION,41,DEPARTMENT OF PUBLIC HEALTH,2804,CHILDHOOD LEAD POISONING PREV,319,CLOTHING,630
GRANTS,0X65,CHILDHOOD LEAD POISONING PREVENTION,41,DEPARTMENT OF PUBLIC HEALTH,2804,CHILDHOOD LEAD POISONING PREV,350,STATIONERY AND OFFICE SUPPLIES,50000
GRANTS,0X67,DENTAL SEALANT,41,DEPARTMENT OF PUBLIC HEALTH,2871,DENTAL SEALANT GRANT,130,POSTAGE,100
GRANTS,0X67,DENTAL SEALANT,41,DEPARTMENT OF PUBLIC HEALTH,2871,DENTAL SEALANT GRANT,140,PROFESSIONAL AND TECHNICAL SERVICES,15000
GRANTS,0X67,DENTAL SEALANT,41,DEPARTMENT OF PUBLIC HEALTH,2871,DENTAL SEALANT GRANT,150,PUBLICATN & REPRODT-OUT,16600
GRANTS,0X67,DENTAL SEALANT,41,DEPARTMENT OF PUBLIC HEALTH,2871,DENTAL SEALANT GRANT,162,REPAIR/MAINT EQUIPMENT,6776
GRANTS,0X67,DENTAL SEALANT,41,DEPARTMENT OF PUBLIC HEALTH,2871,DENTAL SEALANT GRANT,169,TECHNICAL MEETING COSTS,1000
GRANTS,0X67,DENTAL SEALANT,41,DEPARTMENT OF PUBLIC HEALTH,2871,DENTAL SEALANT GRANT,245,REIMBURSEMENT TO TRAVELERS,1500
GRANTS,0X67,DENTAL SEALANT,41,DEPARTMENT OF PUBLIC HEALTH,2871,DENTAL SEALANT GRANT,270,LOCAL TRANSPORTATION,3300
GRANTS,0X67,DENTAL SEALANT,41,DEPARTMENT OF PUBLIC HEALTH,2871,DENTAL SEALANT GRANT,342,DRUGS  MEDICINE AND CHEMICAL MATERIALS,7000
GRANTS,0X67,DENTAL SEALANT,41,DEPARTMENT OF PUBLIC HEALTH,2871,DENTAL SEALANT GRANT,350,STATIONERY AND OFFICE SUPPLIES,8724
GRANTS,0X68,GENETICS EDUCATION / FOLLOW UP SERVICES,41,DEPARTMENT OF PUBLIC HEALTH,2729,Genetics Education,5,SALARIES AND WAGES - ON PAYROLL,71295
GRANTS,0X68,GENETICS EDUCATION / FOLLOW UP SERVICES,41,DEPARTMENT OF PUBLIC HEALTH,2729,Genetics Education,44,FRINGE BENEFITS,45705
GRANTS,0X70,HEALTHY FAMILIES ILLINOIS,41,DEPARTMENT OF PUBLIC HEALTH,2849,HEALTHY FAMILIES ILLINOIS,5,SALARIES AND WAGES - ON PAYROLL,83308
GRANTS,0X70,HEALTHY FAMILIES ILLINOIS,41,DEPARTMENT OF PUBLIC HEALTH,2849,HEALTHY FAMILIES ILLINOIS,44,FRINGE BENEFITS,36196
GRANTS,0X70,HEALTHY FAMILIES ILLINOIS,41,DEPARTMENT OF PUBLIC HEALTH,2849,HEALTHY FAMILIES ILLINOIS,130,POSTAGE,100
GRANTS,0X70,HEALTHY FAMILIES ILLINOIS,41,DEPARTMENT OF PUBLIC HEALTH,2849,HEALTHY FAMILIES ILLINOIS,135,DELEGATE AGENCIES,120688
GRANTS,0X70,HEALTHY FAMILIES ILLINOIS,41,DEPARTMENT OF PUBLIC HEALTH,2849,HEALTHY FAMILIES ILLINOIS,150,PUBLICATN & REPRODT-OUT,50
GRANTS,0X70,HEALTHY FAMILIES ILLINOIS,41,DEPARTMENT OF PUBLIC HEALTH,2849,HEALTHY FAMILIES ILLINOIS,169,TECHNICAL MEETING COSTS,100
GRANTS,0X70,HEALTHY FAMILIES ILLINOIS,41,DEPARTMENT OF PUBLIC HEALTH,2849,HEALTHY FAMILIES ILLINOIS,181,MOBILE COMMUNICATION SERVICES,50
GRANTS,0X70,HEALTHY FAMILIES ILLINOIS,41,DEPARTMENT OF PUBLIC HEALTH,2849,HEALTHY FAMILIES ILLINOIS,190,TELEPHONE - NON-CENTREX BILLINGS,100
GRANTS,0X70,HEALTHY FAMILIES ILLINOIS,41,DEPARTMENT OF PUBLIC HEALTH,2849,HEALTHY FAMILIES ILLINOIS,270,LOCAL TRANSPORTATION,408
GRANTS,0X71,HIV BEHAVIORAL SURVEILLANCE,41,DEPARTMENT OF PUBLIC HEALTH,2978,HIV BEHAVIORAL SURVEILLANCE,5,SALARIES AND WAGES - ON PAYROLL,147481
GRANTS,0X71,HIV BEHAVIORAL SURVEILLANCE,41,DEPARTMENT OF PUBLIC HEALTH,2978,HIV BEHAVIORAL SURVEILLANCE,44,FRINGE BENEFITS,68632
GRANTS,0X71,HIV BEHAVIORAL SURVEILLANCE,41,DEPARTMENT OF PUBLIC HEALTH,2978,HIV BEHAVIORAL SURVEILLANCE,135,DELEGATE AGENCIES,220000
GRANTS,0X71,HIV BEHAVIORAL SURVEILLANCE,41,DEPARTMENT OF PUBLIC HEALTH,2978,HIV BEHAVIORAL SURVEILLANCE,140,PROFESSIONAL AND TECHNICAL SERVICES,15690
GRANTS,0X71,HIV BEHAVIORAL SURVEILLANCE,41,DEPARTMENT OF PUBLIC HEALTH,2978,HIV BEHAVIORAL SURVEILLANCE,270,LOCAL TRANSPORTATION,4000
GRANTS,0X71,HIV BEHAVIORAL SURVEILLANCE,41,DEPARTMENT OF PUBLIC HEALTH,2978,HIV BEHAVIORAL SURVEILLANCE,342,DRUGS  MEDICINE AND CHEMICAL MATERIALS,4000
GRANTS,0X71,HIV BEHAVIORAL SURVEILLANCE,41,DEPARTMENT OF PUBLIC HEALTH,2978,HIV BEHAVIORAL SURVEILLANCE,350,STATIONERY AND OFFICE SUPPLIES,3697
GRANTS,0X71,HIV BEHAVIORAL SURVEILLANCE,41,DEPARTMENT OF PUBLIC HEALTH,2978,HIV BEHAVIORAL SURVEILLANCE,801,INDIRECT COSTS,54500
GRANTS,0X71,HIV BEHAVIORAL SURVEILLANCE,41,DEPARTMENT OF PUBLIC HEALTH,2978,HIV BEHAVIORAL SURVEILLANCE,999,CULTURAL PROGRAMMING GRANTS,7000
GRANTS,0X72,HIV / AIDS PREVENTION,41,DEPARTMENT OF PUBLIC HEALTH,2812,AIDS PREVENTION,5,SALARIES AND WAGES - ON PAYROLL,3168099
GRANTS,0X72,HIV / AIDS PREVENTION,41,DEPARTMENT OF PUBLIC HEALTH,2812,AIDS PREVENTION,15,SCHEDULE SALARY ADJUSTMENTS,17672
GRANTS,0X72,HIV / AIDS PREVENTION,41,DEPARTMENT OF PUBLIC HEALTH,2812,AIDS PREVENTION,20,OVERTIME,6000
GRANTS,0X72,HIV / AIDS PREVENTION,41,DEPARTMENT OF PUBLIC HEALTH,2812,AIDS PREVENTION,44,FRINGE BENEFITS,1406948
GRANTS,0X72,HIV / AIDS PREVENTION,41,DEPARTMENT OF PUBLIC HEALTH,2812,AIDS PREVENTION,130,POSTAGE,2220
GRANTS,0X72,HIV / AIDS PREVENTION,41,DEPARTMENT OF PUBLIC HEALTH,2812,AIDS PREVENTION,135,DELEGATE AGENCIES,2909236
GRANTS,0X72,HIV / AIDS PREVENTION,41,DEPARTMENT OF PUBLIC HEALTH,2812,AIDS PREVENTION,140,PROFESSIONAL AND TECHNICAL SERVICES,555435
GRANTS,0X72,HIV / AIDS PREVENTION,41,DEPARTMENT OF PUBLIC HEALTH,2812,AIDS PREVENTION,169,TECHNICAL MEETING COSTS,51817
GRANTS,0X72,HIV / AIDS PREVENTION,41,DEPARTMENT OF PUBLIC HEALTH,2812,AIDS PREVENTION,179,MESSENGER SERVICES,3000
GRANTS,0X72,HIV / AIDS PREVENTION,41,DEPARTMENT OF PUBLIC HEALTH,2812,AIDS PREVENTION,190,TELEPHONE - NON-CENTREX BILLINGS,25404
GRANTS,0X72,HIV / AIDS PREVENTION,41,DEPARTMENT OF PUBLIC HEALTH,2812,AIDS PREVENTION,245,REIMBURSEMENT TO TRAVELERS,25728
GRANTS,0X72,HIV / AIDS PREVENTION,41,DEPARTMENT OF PUBLIC HEALTH,2812,AIDS PREVENTION,270,LOCAL TRANSPORTATION,1824
GRANTS,0X72,HIV / AIDS PREVENTION,41,DEPARTMENT OF PUBLIC HEALTH,2812,AIDS PREVENTION,340,MATERIAL AND SUPPLIES,487661
GRANTS,0X72,HIV / AIDS PREVENTION,41,DEPARTMENT OF PUBLIC HEALTH,2812,AIDS PREVENTION,9438,REIMBURSEMENT - 2FM,10182
GRANTS,0X72,HIV / AIDS PREVENTION,41,DEPARTMENT OF PUBLIC HEALTH,2812,AIDS PREVENTION,9651,REIMB - INDIRECT COSTS,995629
GRANTS,0X73,HIV / AIDS SURVEILLANCE,41,DEPARTMENT OF PUBLIC HEALTH,2733,HIV / AIDS Surveillance,5,SALARIES AND WAGES - ON PAYROLL,803620
GRANTS,0X73,HIV / AIDS SURVEILLANCE,41,DEPARTMENT OF PUBLIC HEALTH,2733,HIV / AIDS Surveillance,15,SCHEDULE SALARY ADJUSTMENTS,3920
GRANTS,0X73,HIV / AIDS SURVEILLANCE,41,DEPARTMENT OF PUBLIC HEALTH,2733,HIV / AIDS Surveillance,44,FRINGE BENEFITS,353344
GRANTS,0X73,HIV / AIDS SURVEILLANCE,41,DEPARTMENT OF PUBLIC HEALTH,2733,HIV / AIDS Surveillance,245,REIMBURSEMENT TO TRAVELERS,20000
GRANTS,0X73,HIV / AIDS SURVEILLANCE,41,DEPARTMENT OF PUBLIC HEALTH,2733,HIV / AIDS Surveillance,270,LOCAL TRANSPORTATION,15000
GRANTS,0X73,HIV / AIDS SURVEILLANCE,41,DEPARTMENT OF PUBLIC HEALTH,2733,HIV / AIDS Surveillance,340,MATERIAL AND SUPPLIES,4116
GRANTS,0X73,HIV / AIDS SURVEILLANCE,41,DEPARTMENT OF PUBLIC HEALTH,2733,HIV / AIDS Surveillance,801,INDIRECT COSTS,200000
GRANTS,0X74,HOUSING OPPORTUNITIES FOR PEOPLE W/ AIDS,41,DEPARTMENT OF PUBLIC HEALTH,2932,HOPWA,5,SALARIES AND WAGES - ON PAYROLL,265482
GRANTS,0X74,HOUSING OPPORTUNITIES FOR PEOPLE W/ AIDS,41,DEPARTMENT OF PUBLIC HEALTH,2932,HOPWA,44,FRINGE BENEFITS,115349
GRANTS,0X74,HOUSING OPPORTUNITIES FOR PEOPLE W/ AIDS,41,DEPARTMENT OF PUBLIC HEALTH,2932,HOPWA,50,STIPENDS,1000
GRANTS,0X74,HOUSING OPPORTUNITIES FOR PEOPLE W/ AIDS,41,DEPARTMENT OF PUBLIC HEALTH,2932,HOPWA,135,DELEGATE AGENCIES,5900000
GRANTS,0X74,HOUSING OPPORTUNITIES FOR PEOPLE W/ AIDS,41,DEPARTMENT OF PUBLIC HEALTH,2932,HOPWA,138,IT MAINTENANCE,2277
GRANTS,0X74,HOUSING OPPORTUNITIES FOR PEOPLE W/ AIDS,41,DEPARTMENT OF PUBLIC HEALTH,2932,HOPWA,140,PROFESSIONAL AND TECHNICAL SERVICES,691473
GRANTS,0X74,HOUSING OPPORTUNITIES FOR PEOPLE W/ AIDS,41,DEPARTMENT OF PUBLIC HEALTH,2932,HOPWA,150,PUBLICATN & REPRODT-OUT,515
GRANTS,0X74,HOUSING OPPORTUNITIES FOR PEOPLE W/ AIDS,41,DEPARTMENT OF PUBLIC HEALTH,2932,HOPWA,190,TELEPHONE - NON-CENTREX BILLINGS,1244
GRANTS,0X74,HOUSING OPPORTUNITIES FOR PEOPLE W/ AIDS,41,DEPARTMENT OF PUBLIC HEALTH,2932,HOPWA,350,STATIONERY AND OFFICE SUPPLIES,660
GRANTS,0X74,HOUSING OPPORTUNITIES FOR PEOPLE W/ AIDS,41,DEPARTMENT OF PUBLIC HEALTH,2932,HOPWA,9438,REIMBURSEMENT - 2FM,3000
GRANTS,0X75,IMMUNIZATIONS AND VACCINES FOR CHILDREN,41,DEPARTMENT OF PUBLIC HEALTH,2820,IMMUNIZATIONS,5,SALARIES AND WAGES - ON PAYROLL,2480343
GRANTS,0X75,IMMUNIZATIONS AND VACCINES FOR CHILDREN,41,DEPARTMENT OF PUBLIC HEALTH,2820,IMMUNIZATIONS,15,SCHEDULE SALARY ADJUSTMENTS,2040
GRANTS,0X75,IMMUNIZATIONS AND VACCINES FOR CHILDREN,41,DEPARTMENT OF PUBLIC HEALTH,2820,IMMUNIZATIONS,44,FRINGE BENEFITS,1094522
GRANTS,0X75,IMMUNIZATIONS AND VACCINES FOR CHILDREN,41,DEPARTMENT OF PUBLIC HEALTH,2820,IMMUNIZATIONS,91,UNIFORM ALLOWANCE,2400
GRANTS,0X75,IMMUNIZATIONS AND VACCINES FOR CHILDREN,41,DEPARTMENT OF PUBLIC HEALTH,2820,IMMUNIZATIONS,125,OFFICE AND BUILDING SERVICES,2500
GRANTS,0X75,IMMUNIZATIONS AND VACCINES FOR CHILDREN,41,DEPARTMENT OF PUBLIC HEALTH,2820,IMMUNIZATIONS,130,POSTAGE,8700
GRANTS,0X75,IMMUNIZATIONS AND VACCINES FOR CHILDREN,41,DEPARTMENT OF PUBLIC HEALTH,2820,IMMUNIZATIONS,135,DELEGATE AGENCIES,415000
GRANTS,0X75,IMMUNIZATIONS AND VACCINES FOR CHILDREN,41,DEPARTMENT OF PUBLIC HEALTH,2820,IMMUNIZATIONS,150,PUBLICATN & REPRODT-OUT,33254
GRANTS,0X75,IMMUNIZATIONS AND VACCINES FOR CHILDREN,41,DEPARTMENT OF PUBLIC HEALTH,2820,IMMUNIZATIONS,152,ADVERTISING,13500
GRANTS,0X75,IMMUNIZATIONS AND VACCINES FOR CHILDREN,41,DEPARTMENT OF PUBLIC HEALTH,2820,IMMUNIZATIONS,157,RENTAL EQUIPMENT AND SERVICES,18000
GRANTS,0X75,IMMUNIZATIONS AND VACCINES FOR CHILDREN,41,DEPARTMENT OF PUBLIC HEALTH,2820,IMMUNIZATIONS,162,REPAIR/MAINT EQUIPMENT,10000
GRANTS,0X75,IMMUNIZATIONS AND VACCINES FOR CHILDREN,41,DEPARTMENT OF PUBLIC HEALTH,2820,IMMUNIZATIONS,166,DUES  SUBSC & MEM,5350
GRANTS,0X75,IMMUNIZATIONS AND VACCINES FOR CHILDREN,41,DEPARTMENT OF PUBLIC HEALTH,2820,IMMUNIZATIONS,168,EDUCATION DEVELOPMENT,5000
GRANTS,0X75,IMMUNIZATIONS AND VACCINES FOR CHILDREN,41,DEPARTMENT OF PUBLIC HEALTH,2820,IMMUNIZATIONS,169,TECHNICAL MEETING COSTS,3000
GRANTS,0X75,IMMUNIZATIONS AND VACCINES FOR CHILDREN,41,DEPARTMENT OF PUBLIC HEALTH,2820,IMMUNIZATIONS,181,MOBILE COMMUNICATION SERVICES,7900
GRANTS,0X75,IMMUNIZATIONS AND VACCINES FOR CHILDREN,41,DEPARTMENT OF PUBLIC HEALTH,2820,IMMUNIZATIONS,190,TELEPHONE - NON-CENTREX BILLINGS,9300
GRANTS,0X75,IMMUNIZATIONS AND VACCINES FOR CHILDREN,41,DEPARTMENT OF PUBLIC HEALTH,2820,IMMUNIZATIONS,229,TRANSPORTATION AND EXPENSE ALLOWANCE,13803
GRANTS,0X75,IMMUNIZATIONS AND VACCINES FOR CHILDREN,41,DEPARTMENT OF PUBLIC HEALTH,2820,IMMUNIZATIONS,245,REIMBURSEMENT TO TRAVELERS,11928
GRANTS,0X75,IMMUNIZATIONS AND VACCINES FOR CHILDREN,41,DEPARTMENT OF PUBLIC HEALTH,2820,IMMUNIZATIONS,340,MATERIAL AND SUPPLIES,96080
GRANTS,0X75,IMMUNIZATIONS AND VACCINES FOR CHILDREN,41,DEPARTMENT OF PUBLIC HEALTH,2820,IMMUNIZATIONS,342,DRUGS  MEDICINE AND CHEMICAL MATERIALS,2100
GRANTS,0X75,IMMUNIZATIONS AND VACCINES FOR CHILDREN,41,DEPARTMENT OF PUBLIC HEALTH,2820,IMMUNIZATIONS,345,APPARATUS AND INSTRUMENTS,6200
GRANTS,0X75,IMMUNIZATIONS AND VACCINES FOR CHILDREN,41,DEPARTMENT OF PUBLIC HEALTH,2820,IMMUNIZATIONS,348,BOOKS AND RELATED MATERIAL,39500
GRANTS,0X75,IMMUNIZATIONS AND VACCINES FOR CHILDREN,41,DEPARTMENT OF PUBLIC HEALTH,2820,IMMUNIZATIONS,350,STATIONERY AND OFFICE SUPPLIES,6700
GRANTS,0X75,IMMUNIZATIONS AND VACCINES FOR CHILDREN,41,DEPARTMENT OF PUBLIC HEALTH,2820,IMMUNIZATIONS,801,INDIRECT COSTS,401880
GRANTS,0X76,LEAD BASED PAINT HAZARD CONTROL(TORRENS),41,DEPARTMENT OF PUBLIC HEALTH,2884,LEAD-BASED PAINT HAZARD,140,PROFESSIONAL AND TECHNICAL SERVICES,244000
GRANTS,0X76,LEAD BASED PAINT HAZARD CONTROL(TORRENS),41,DEPARTMENT OF PUBLIC HEALTH,2884,LEAD-BASED PAINT HAZARD,9651,REIMB - INDIRECT COSTS,6000
GRANTS,0X77,LOCAL HEALTH PROTECTION,41,DEPARTMENT OF PUBLIC HEALTH,2730,Local Health Protection,5,SALARIES AND WAGES - ON PAYROLL,1653304
GRANTS,0X88,TUBERCULOSIS CONTROL,41,DEPARTMENT OF PUBLIC HEALTH,2824,TUBERCULOSIS CONTROL,801,INDIRECT COSTS,115000
GRANTS,0X77,LOCAL HEALTH PROTECTION,41,DEPARTMENT OF PUBLIC HEALTH,2730,Local Health Protection,15,SCHEDULE SALARY ADJUSTMENTS,3082
GRANTS,0X77,LOCAL HEALTH PROTECTION,41,DEPARTMENT OF PUBLIC HEALTH,2730,Local Health Protection,20,OVERTIME,6000
GRANTS,0X77,LOCAL HEALTH PROTECTION,41,DEPARTMENT OF PUBLIC HEALTH,2730,Local Health Protection,44,FRINGE BENEFITS,736599
GRANTS,0X77,LOCAL HEALTH PROTECTION,41,DEPARTMENT OF PUBLIC HEALTH,2730,Local Health Protection,91,UNIFORM ALLOWANCE,500
GRANTS,0X77,LOCAL HEALTH PROTECTION,41,DEPARTMENT OF PUBLIC HEALTH,2730,Local Health Protection,135,DELEGATE AGENCIES,75660
GRANTS,0X78,MATERNAL AND CHILD HEALTH BLOCK GRANT,41,DEPARTMENT OF PUBLIC HEALTH,2910,MATERNAL AND CHILD HEALTH,5,SALARIES AND WAGES - ON PAYROLL,2984394
GRANTS,0X78,MATERNAL AND CHILD HEALTH BLOCK GRANT,41,DEPARTMENT OF PUBLIC HEALTH,2910,MATERNAL AND CHILD HEALTH,15,SCHEDULE SALARY ADJUSTMENTS,1734
GRANTS,0X78,MATERNAL AND CHILD HEALTH BLOCK GRANT,41,DEPARTMENT OF PUBLIC HEALTH,2910,MATERNAL AND CHILD HEALTH,44,FRINGE BENEFITS,1345801
GRANTS,0X78,MATERNAL AND CHILD HEALTH BLOCK GRANT,41,DEPARTMENT OF PUBLIC HEALTH,2910,MATERNAL AND CHILD HEALTH,150,PUBLICATN & REPRODT-OUT,15683
GRANTS,0X78,MATERNAL AND CHILD HEALTH BLOCK GRANT,41,DEPARTMENT OF PUBLIC HEALTH,2910,MATERNAL AND CHILD HEALTH,160,REPAIR/MAINT PROPERTY,2500
GRANTS,0X78,MATERNAL AND CHILD HEALTH BLOCK GRANT,41,DEPARTMENT OF PUBLIC HEALTH,2910,MATERNAL AND CHILD HEALTH,166,DUES  SUBSC & MEM,2300
GRANTS,0X78,MATERNAL AND CHILD HEALTH BLOCK GRANT,41,DEPARTMENT OF PUBLIC HEALTH,2910,MATERNAL AND CHILD HEALTH,169,TECHNICAL MEETING COSTS,7500
GRANTS,0X78,MATERNAL AND CHILD HEALTH BLOCK GRANT,41,DEPARTMENT OF PUBLIC HEALTH,2910,MATERNAL AND CHILD HEALTH,186,PAGERS,2248
GRANTS,0X78,MATERNAL AND CHILD HEALTH BLOCK GRANT,41,DEPARTMENT OF PUBLIC HEALTH,2910,MATERNAL AND CHILD HEALTH,229,TRANSPORTATION AND EXPENSE ALLOWANCE,1750
GRANTS,0X78,MATERNAL AND CHILD HEALTH BLOCK GRANT,41,DEPARTMENT OF PUBLIC HEALTH,2910,MATERNAL AND CHILD HEALTH,245,REIMBURSEMENT TO TRAVELERS,6723
GRANTS,0X78,MATERNAL AND CHILD HEALTH BLOCK GRANT,41,DEPARTMENT OF PUBLIC HEALTH,2910,MATERNAL AND CHILD HEALTH,270,LOCAL TRANSPORTATION,8579
GRANTS,0X78,MATERNAL AND CHILD HEALTH BLOCK GRANT,41,DEPARTMENT OF PUBLIC HEALTH,2910,MATERNAL AND CHILD HEALTH,340,MATERIAL AND SUPPLIES,10788
GRANTS,0X78,MATERNAL AND CHILD HEALTH BLOCK GRANT,41,DEPARTMENT OF PUBLIC HEALTH,2910,MATERNAL AND CHILD HEALTH,350,STATIONERY AND OFFICE SUPPLIES,19800
GRANTS,0X78,MATERNAL AND CHILD HEALTH BLOCK GRANT,41,DEPARTMENT OF PUBLIC HEALTH,2910,MATERNAL AND CHILD HEALTH,801,INDIRECT COSTS,90200
GRANTS,0X78,MATERNAL AND CHILD HEALTH BLOCK GRANT,41,DEPARTMENT OF PUBLIC HEALTH,2910,MATERNAL AND CHILD HEALTH,9438,REIMBURSEMENT - 2FM,10000
GRANTS,0X79,MORBIDITY AND RISK BEHAVIOR SURVEILLANCE,41,DEPARTMENT OF PUBLIC HEALTH,2887,MORBIDITY AND RISK BEHAVIOR,5,SALARIES AND WAGES - ON PAYROLL,341463
GRANTS,0X79,MORBIDITY AND RISK BEHAVIOR SURVEILLANCE,41,DEPARTMENT OF PUBLIC HEALTH,2887,MORBIDITY AND RISK BEHAVIOR,44,FRINGE BENEFITS,148363
GRANTS,0X79,MORBIDITY AND RISK BEHAVIOR SURVEILLANCE,41,DEPARTMENT OF PUBLIC HEALTH,2887,MORBIDITY AND RISK BEHAVIOR,245,REIMBURSEMENT TO TRAVELERS,4236
GRANTS,0X79,MORBIDITY AND RISK BEHAVIOR SURVEILLANCE,41,DEPARTMENT OF PUBLIC HEALTH,2887,MORBIDITY AND RISK BEHAVIOR,270,LOCAL TRANSPORTATION,3100
GRANTS,0X79,MORBIDITY AND RISK BEHAVIOR SURVEILLANCE,41,DEPARTMENT OF PUBLIC HEALTH,2887,MORBIDITY AND RISK BEHAVIOR,340,MATERIAL AND SUPPLIES,1030
GRANTS,0X79,MORBIDITY AND RISK BEHAVIOR SURVEILLANCE,41,DEPARTMENT OF PUBLIC HEALTH,2887,MORBIDITY AND RISK BEHAVIOR,801,INDIRECT COSTS,30454
GRANTS,0X79,MORBIDITY AND RISK BEHAVIOR SURVEILLANCE,41,DEPARTMENT OF PUBLIC HEALTH,2887,MORBIDITY AND RISK BEHAVIOR,999,CULTURAL PROGRAMMING GRANTS,11354
GRANTS,0X80,MOSQUITO VECTOR PREVENTION PROGRAM(TIRE),41,DEPARTMENT OF PUBLIC HEALTH,2960,VECTOR CONTROL TIRE FUND,5,SALARIES AND WAGES - ON PAYROLL,83308
GRANTS,0X80,MOSQUITO VECTOR PREVENTION PROGRAM(TIRE),41,DEPARTMENT OF PUBLIC HEALTH,2960,VECTOR CONTROL TIRE FUND,44,FRINGE BENEFITS,36196
GRANTS,0X80,MOSQUITO VECTOR PREVENTION PROGRAM(TIRE),41,DEPARTMENT OF PUBLIC HEALTH,2960,VECTOR CONTROL TIRE FUND,140,PROFESSIONAL AND TECHNICAL SERVICES,253867
GRANTS,0X80,MOSQUITO VECTOR PREVENTION PROGRAM(TIRE),41,DEPARTMENT OF PUBLIC HEALTH,2960,VECTOR CONTROL TIRE FUND,197,TELEPHONE - MAINTENANCE,1499
GRANTS,0X80,MOSQUITO VECTOR PREVENTION PROGRAM(TIRE),41,DEPARTMENT OF PUBLIC HEALTH,2960,VECTOR CONTROL TIRE FUND,245,REIMBURSEMENT TO TRAVELERS,5130
GRANTS,0X81,RYAN WHITE HIV CARE ACT PART A,41,DEPARTMENT OF PUBLIC HEALTH,2731,Ryan White HIV Care Act Part A,5,SALARIES AND WAGES - ON PAYROLL,2537055
GRANTS,0X81,RYAN WHITE HIV CARE ACT PART A,41,DEPARTMENT OF PUBLIC HEALTH,2731,Ryan White HIV Care Act Part A,15,SCHEDULE SALARY ADJUSTMENTS,7583
GRANTS,0X81,RYAN WHITE HIV CARE ACT PART A,41,DEPARTMENT OF PUBLIC HEALTH,2731,Ryan White HIV Care Act Part A,20,OVERTIME,15000
GRANTS,0X81,RYAN WHITE HIV CARE ACT PART A,41,DEPARTMENT OF PUBLIC HEALTH,2731,Ryan White HIV Care Act Part A,44,FRINGE BENEFITS,1114388
GRANTS,0X81,RYAN WHITE HIV CARE ACT PART A,41,DEPARTMENT OF PUBLIC HEALTH,2731,Ryan White HIV Care Act Part A,91,UNIFORM ALLOWANCE,600
GRANTS,0X81,RYAN WHITE HIV CARE ACT PART A,41,DEPARTMENT OF PUBLIC HEALTH,2731,Ryan White HIV Care Act Part A,135,DELEGATE AGENCIES,22558080
GRANTS,0X81,RYAN WHITE HIV CARE ACT PART A,41,DEPARTMENT OF PUBLIC HEALTH,2731,Ryan White HIV Care Act Part A,140,PROFESSIONAL AND TECHNICAL SERVICES,999612
GRANTS,0X81,RYAN WHITE HIV CARE ACT PART A,41,DEPARTMENT OF PUBLIC HEALTH,2731,Ryan White HIV Care Act Part A,245,REIMBURSEMENT TO TRAVELERS,10740
GRANTS,0X81,RYAN WHITE HIV CARE ACT PART A,41,DEPARTMENT OF PUBLIC HEALTH,2731,Ryan White HIV Care Act Part A,270,LOCAL TRANSPORTATION,1895
GRANTS,0X81,RYAN WHITE HIV CARE ACT PART A,41,DEPARTMENT OF PUBLIC HEALTH,2731,Ryan White HIV Care Act Part A,350,STATIONERY AND OFFICE SUPPLIES,14186
GRANTS,0X81,RYAN WHITE HIV CARE ACT PART A,41,DEPARTMENT OF PUBLIC HEALTH,2731,Ryan White HIV Care Act Part A,801,INDIRECT COSTS,402326
GRANTS,0X81,RYAN WHITE HIV CARE ACT PART A,41,DEPARTMENT OF PUBLIC HEALTH,2731,Ryan White HIV Care Act Part A,999,CULTURAL PROGRAMMING GRANTS,67535
GRANTS,0X82,SEXUALLY TRANSMITTED DISEASE PREVENTION,41,DEPARTMENT OF PUBLIC HEALTH,2814,SEXUALLY TRANSMITTED DISEASE C,5,SALARIES AND WAGES - ON PAYROLL,1065524
GRANTS,0X82,SEXUALLY TRANSMITTED DISEASE PREVENTION,41,DEPARTMENT OF PUBLIC HEALTH,2814,SEXUALLY TRANSMITTED DISEASE C,15,SCHEDULE SALARY ADJUSTMENTS,6662
GRANTS,0X82,SEXUALLY TRANSMITTED DISEASE PREVENTION,41,DEPARTMENT OF PUBLIC HEALTH,2814,SEXUALLY TRANSMITTED DISEASE C,44,FRINGE BENEFITS,469538
GRANTS,0X82,SEXUALLY TRANSMITTED DISEASE PREVENTION,41,DEPARTMENT OF PUBLIC HEALTH,2814,SEXUALLY TRANSMITTED DISEASE C,135,DELEGATE AGENCIES,280487
GRANTS,0X82,SEXUALLY TRANSMITTED DISEASE PREVENTION,41,DEPARTMENT OF PUBLIC HEALTH,2814,SEXUALLY TRANSMITTED DISEASE C,149,SOFTWARE MAINTENANCE AND LICENSING,21424
GRANTS,0X82,SEXUALLY TRANSMITTED DISEASE PREVENTION,41,DEPARTMENT OF PUBLIC HEALTH,2814,SEXUALLY TRANSMITTED DISEASE C,9651,REIMB - INDIRECT COSTS,188365
GRANTS,0X83,SOLID WASTE MANAGEMENT,41,DEPARTMENT OF PUBLIC HEALTH,2722,SOLID WASTE MANAGEMENT,5,SALARIES AND WAGES - ON PAYROLL,75934
GRANTS,0X83,SOLID WASTE MANAGEMENT,41,DEPARTMENT OF PUBLIC HEALTH,2722,SOLID WASTE MANAGEMENT,44,FRINGE BENEFITS,32993
GRANTS,0X83,SOLID WASTE MANAGEMENT,41,DEPARTMENT OF PUBLIC HEALTH,2722,SOLID WASTE MANAGEMENT,801,INDIRECT COSTS,34073
GRANTS,0X84,SUMMER FOOD PROGRAM,41,DEPARTMENT OF PUBLIC HEALTH,2984,SUMMER FOOD PROGRAM,140,PROFESSIONAL AND TECHNICAL SERVICES,75000
GRANTS,0X85,TANNING FACILITIES INSPECTIONS,41,DEPARTMENT OF PUBLIC HEALTH,2878,TANNING FACILITIES INSPECTIONS,140,PROFESSIONAL AND TECHNICAL SERVICES,9289
GRANTS,0X85,TANNING FACILITIES INSPECTIONS,41,DEPARTMENT OF PUBLIC HEALTH,2878,TANNING FACILITIES INSPECTIONS,340,MATERIAL AND SUPPLIES,1711
GRANTS,0X86,TATTOO AND BODY ART PIERCING INSPECTION,41,DEPARTMENT OF PUBLIC HEALTH,2998,TATTOO AND BODY ART PIERCING,140,PROFESSIONAL AND TECHNICAL SERVICES,22568
GRANTS,0X86,TATTOO AND BODY ART PIERCING INSPECTION,41,DEPARTMENT OF PUBLIC HEALTH,2998,TATTOO AND BODY ART PIERCING,229,TRANSPORTATION AND EXPENSE ALLOWANCE,1432
GRANTS,0X87,TOBACCO FREE COMMUNITIES,41,DEPARTMENT OF PUBLIC HEALTH,2868,TOBACCO FREE COMMUNITIES,5,SALARIES AND WAGES - ON PAYROLL,451277
GRANTS,0X87,TOBACCO FREE COMMUNITIES,41,DEPARTMENT OF PUBLIC HEALTH,2868,TOBACCO FREE COMMUNITIES,44,FRINGE BENEFITS,200113
GRANTS,0X87,TOBACCO FREE COMMUNITIES,41,DEPARTMENT OF PUBLIC HEALTH,2868,TOBACCO FREE COMMUNITIES,135,DELEGATE AGENCIES,154050
GRANTS,0X87,TOBACCO FREE COMMUNITIES,41,DEPARTMENT OF PUBLIC HEALTH,2868,TOBACCO FREE COMMUNITIES,140,PROFESSIONAL AND TECHNICAL SERVICES,179874
GRANTS,0X87,TOBACCO FREE COMMUNITIES,41,DEPARTMENT OF PUBLIC HEALTH,2868,TOBACCO FREE COMMUNITIES,150,PUBLICATN & REPRODT-OUT,25000
GRANTS,0X87,TOBACCO FREE COMMUNITIES,41,DEPARTMENT OF PUBLIC HEALTH,2868,TOBACCO FREE COMMUNITIES,190,TELEPHONE - NON-CENTREX BILLINGS,10584
GRANTS,0X87,TOBACCO FREE COMMUNITIES,41,DEPARTMENT OF PUBLIC HEALTH,2868,TOBACCO FREE COMMUNITIES,229,TRANSPORTATION AND EXPENSE ALLOWANCE,3540
GRANTS,0X87,TOBACCO FREE COMMUNITIES,41,DEPARTMENT OF PUBLIC HEALTH,2868,TOBACCO FREE COMMUNITIES,350,STATIONERY AND OFFICE SUPPLIES,562
GRANTS,0X88,TUBERCULOSIS CONTROL,41,DEPARTMENT OF PUBLIC HEALTH,2824,TUBERCULOSIS CONTROL,5,SALARIES AND WAGES - ON PAYROLL,514463
GRANTS,0X88,TUBERCULOSIS CONTROL,41,DEPARTMENT OF PUBLIC HEALTH,2824,TUBERCULOSIS CONTROL,44,FRINGE BENEFITS,228686
GRANTS,0X88,TUBERCULOSIS CONTROL,41,DEPARTMENT OF PUBLIC HEALTH,2824,TUBERCULOSIS CONTROL,91,UNIFORM ALLOWANCE,600
GRANTS,0X88,TUBERCULOSIS CONTROL,41,DEPARTMENT OF PUBLIC HEALTH,2824,TUBERCULOSIS CONTROL,140,PROFESSIONAL AND TECHNICAL SERVICES,35537
GRANTS,0X88,TUBERCULOSIS CONTROL,41,DEPARTMENT OF PUBLIC HEALTH,2824,TUBERCULOSIS CONTROL,169,TECHNICAL MEETING COSTS,20000
GRANTS,0X88,TUBERCULOSIS CONTROL,41,DEPARTMENT OF PUBLIC HEALTH,2824,TUBERCULOSIS CONTROL,229,TRANSPORTATION AND EXPENSE ALLOWANCE,35000
GRANTS,0X88,TUBERCULOSIS CONTROL,41,DEPARTMENT OF PUBLIC HEALTH,2824,TUBERCULOSIS CONTROL,245,REIMBURSEMENT TO TRAVELERS,35000
GRANTS,0X88,TUBERCULOSIS CONTROL,41,DEPARTMENT OF PUBLIC HEALTH,2824,TUBERCULOSIS CONTROL,340,MATERIAL AND SUPPLIES,20000
GRANTS,0X88,TUBERCULOSIS CONTROL,41,DEPARTMENT OF PUBLIC HEALTH,2824,TUBERCULOSIS CONTROL,350,STATIONERY AND OFFICE SUPPLIES,5000
GRANTS,0X88,TUBERCULOSIS CONTROL,41,DEPARTMENT OF PUBLIC HEALTH,2824,TUBERCULOSIS CONTROL,999,CULTURAL PROGRAMMING GRANTS,90714
GRANTS,0X89,UNDERGROUND STORAGE TANK INSPECTION,41,DEPARTMENT OF PUBLIC HEALTH,2720,UNDERGROUND STORAGE TANK,5,SALARIES AND WAGES - ON PAYROLL,368225
GRANTS,0X89,UNDERGROUND STORAGE TANK INSPECTION,41,DEPARTMENT OF PUBLIC HEALTH,2720,UNDERGROUND STORAGE TANK,44,FRINGE BENEFITS,181775
GRANTS,0X90,WOMEN INFANTS AND CHILDREN NUTRITION,41,DEPARTMENT OF PUBLIC HEALTH,2808,WIC NUTRITION,5,SALARIES AND WAGES - ON PAYROLL,2092429
GRANTS,0X90,WOMEN INFANTS AND CHILDREN NUTRITION,41,DEPARTMENT OF PUBLIC HEALTH,2808,WIC NUTRITION,15,SCHEDULE SALARY ADJUSTMENTS,1641
GRANTS,0X90,WOMEN INFANTS AND CHILDREN NUTRITION,41,DEPARTMENT OF PUBLIC HEALTH,2808,WIC NUTRITION,44,FRINGE BENEFITS,916647
GRANTS,0X90,WOMEN INFANTS AND CHILDREN NUTRITION,41,DEPARTMENT OF PUBLIC HEALTH,2808,WIC NUTRITION,125,OFFICE AND BUILDING SERVICES,56829
GRANTS,0X90,WOMEN INFANTS AND CHILDREN NUTRITION,41,DEPARTMENT OF PUBLIC HEALTH,2808,WIC NUTRITION,130,POSTAGE,400
GRANTS,0X90,WOMEN INFANTS AND CHILDREN NUTRITION,41,DEPARTMENT OF PUBLIC HEALTH,2808,WIC NUTRITION,135,DELEGATE AGENCIES,1332000
GRANTS,0X90,WOMEN INFANTS AND CHILDREN NUTRITION,41,DEPARTMENT OF PUBLIC HEALTH,2808,WIC NUTRITION,140,PROFESSIONAL AND TECHNICAL SERVICES,192149
GRANTS,0X90,WOMEN INFANTS AND CHILDREN NUTRITION,41,DEPARTMENT OF PUBLIC HEALTH,2808,WIC NUTRITION,150,PUBLICATN & REPRODT-OUT,5733
GRANTS,0X90,WOMEN INFANTS AND CHILDREN NUTRITION,41,DEPARTMENT OF PUBLIC HEALTH,2808,WIC NUTRITION,153,PROMOTIONS,4023
GRANTS,0X90,WOMEN INFANTS AND CHILDREN NUTRITION,41,DEPARTMENT OF PUBLIC HEALTH,2808,WIC NUTRITION,155,RENTAL OF PROPERTY,40949
GRANTS,0X90,WOMEN INFANTS AND CHILDREN NUTRITION,41,DEPARTMENT OF PUBLIC HEALTH,2808,WIC NUTRITION,157,RENTAL EQUIPMENT AND SERVICES,95500
GRANTS,0X90,WOMEN INFANTS AND CHILDREN NUTRITION,41,DEPARTMENT OF PUBLIC HEALTH,2808,WIC NUTRITION,169,TECHNICAL MEETING COSTS,5000
GRANTS,0X90,WOMEN INFANTS AND CHILDREN NUTRITION,41,DEPARTMENT OF PUBLIC HEALTH,2808,WIC NUTRITION,190,TELEPHONE - NON-CENTREX BILLINGS,4100
GRANTS,0X90,WOMEN INFANTS AND CHILDREN NUTRITION,41,DEPARTMENT OF PUBLIC HEALTH,2808,WIC NUTRITION,331,ELECTRICITY,600
GRANTS,0X92,TEEN PREGNANCY PREVENTION EVALUATION,41,DEPARTMENT OF PUBLIC HEALTH,,Teen Pregnancy Prevention Eval,5,SALARIES AND WAGES - ON PAYROLL,66856
GRANTS,0X92,TEEN PREGNANCY PREVENTION EVALUATION,41,DEPARTMENT OF PUBLIC HEALTH,,Teen Pregnancy Prevention Eval,6,SALARY PROVISION,34169
GRANTS,0X92,TEEN PREGNANCY PREVENTION EVALUATION,41,DEPARTMENT OF PUBLIC HEALTH,,Teen Pregnancy Prevention Eval,44,FRINGE BENEFITS,29048
GRANTS,0X92,TEEN PREGNANCY PREVENTION EVALUATION,41,DEPARTMENT OF PUBLIC HEALTH,,Teen Pregnancy Prevention Eval,135,DELEGATE AGENCIES,750048
GRANTS,0X92,TEEN PREGNANCY PREVENTION EVALUATION,41,DEPARTMENT OF PUBLIC HEALTH,,Teen Pregnancy Prevention Eval,245,REIMBURSEMENT TO TRAVELERS,3944
GRANTS,0X92,TEEN PREGNANCY PREVENTION EVALUATION,41,DEPARTMENT OF PUBLIC HEALTH,,Teen Pregnancy Prevention Eval,350,STATIONERY AND OFFICE SUPPLIES,179
GRANTS,0X92,TEEN PREGNANCY PREVENTION EVALUATION,41,DEPARTMENT OF PUBLIC HEALTH,,Teen Pregnancy Prevention Eval,801,INDIRECT COSTS,103702
GRANTS,0X92,TEEN PREGNANCY PREVENTION EVALUATION,41,DEPARTMENT OF PUBLIC HEALTH,,Teen Pregnancy Prevention Eval,999,CULTURAL PROGRAMMING GRANTS,12054
GRANTS,0X95,INCREASING HPV VACCINE COVERAGE,41,DEPARTMENT OF PUBLIC HEALTH,,HPV Vaccine Coverage,140,PROFESSIONAL AND TECHNICAL SERVICES,500000
GRANTS,0X96,HEALTHY CHICAGO 2.0,41,DEPARTMENT OF PUBLIC HEALTH,,Healthy Chicago 2.0,140,PROFESSIONAL AND TECHNICAL SERVICES,65000
GRANTS,0X98,ZIKA SURVEILLANCE,41,DEPARTMENT OF PUBLIC HEALTH,,ZIKA Surveillance,140,PROFESSIONAL AND TECHNICAL SERVICES,200000
GRANTS,0X99,RESILIENCY IN COMMUNITIES,41,DEPARTMENT OF PUBLIC HEALTH,,Resiliency in Communities,5,SALARIES AND WAGES - ON PAYROLL,133312
GRANTS,0T37,CHA FAMILY SUPPORTIVE SERVICES,50,FAMILY AND SUPPORT SERVICES,2896,CHA FAMILY SUPPORTIVE SERVICES,6,SALARY PROVISION,150095
GRANTS,0X99,RESILIENCY IN COMMUNITIES,41,DEPARTMENT OF PUBLIC HEALTH,,Resiliency in Communities,44,FRINGE BENEFITS,57923
GRANTS,0X99,RESILIENCY IN COMMUNITIES,41,DEPARTMENT OF PUBLIC HEALTH,,Resiliency in Communities,140,PROFESSIONAL AND TECHNICAL SERVICES,808765
GRANTS,0819,ACCESS CHICAGO SUP,48,MOPD,2802,ACCESS CHICAGO SUPPORT,140,PROFESSIONAL AND TECHNICAL SERVICES,51000
GRANTS,0819,ACCESS CHICAGO SUP,48,MOPD,2807,HOME MOD - CHGO FUND,140,PROFESSIONAL AND TECHNICAL SERVICES,390000
GRANTS,0833,MOPD PRIVATE FUNDED,48,MOPD,2800,AMPLIFIED PHONES PROGRAM,140,PROFESSIONAL AND TECHNICAL SERVICES,59210
GRANTS,0833,MOPD PRIVATE FUNDED,48,MOPD,2800,AMPLIFIED PHONES PROGRAM,166,DUES  SUBSC & MEM,237
GRANTS,0833,MOPD PRIVATE FUNDED,48,MOPD,2800,AMPLIFIED PHONES PROGRAM,169,TECHNICAL MEETING COSTS,3525
GRANTS,0833,MOPD PRIVATE FUNDED,48,MOPD,2800,AMPLIFIED PHONES PROGRAM,178,FREIGHT AND EXPRESS CHARGES,468
GRANTS,0833,MOPD PRIVATE FUNDED,48,MOPD,2800,AMPLIFIED PHONES PROGRAM,245,REIMBURSEMENT TO TRAVELERS,2060
GRANTS,0833,MOPD PRIVATE FUNDED,48,MOPD,2800,AMPLIFIED PHONES PROGRAM,270,LOCAL TRANSPORTATION,2900
GRANTS,0833,MOPD PRIVATE FUNDED,48,MOPD,2800,AMPLIFIED PHONES PROGRAM,330,FOOD,4000
GRANTS,0833,MOPD PRIVATE FUNDED,48,MOPD,2800,AMPLIFIED PHONES PROGRAM,340,MATERIAL AND SUPPLIES,9600
GRANTS,0833,MOPD PRIVATE FUNDED,48,MOPD,2804,ILLUSTRATED GUIDE,140,PROFESSIONAL AND TECHNICAL SERVICES,25000
GRANTS,0J96,SUBSTANCE ABUSE AND AIDS PREVENTION,48,MOPD,2805,SUBSTANCE ABUSE/AIDS PREV-H.I.,5,SALARIES AND WAGES - ON PAYROLL,135135
GRANTS,0J96,SUBSTANCE ABUSE AND AIDS PREVENTION,48,MOPD,2805,SUBSTANCE ABUSE/AIDS PREV-H.I.,44,FRINGE BENEFITS,62838
GRANTS,0J96,SUBSTANCE ABUSE AND AIDS PREVENTION,48,MOPD,2805,SUBSTANCE ABUSE/AIDS PREV-H.I.,801,INDIRECT COSTS,2027
GRANTS,0J97,WORK INCENTIVE PLANNING AND ASSISTANCE,48,MOPD,2812,WORK INCENTIVE PLANNING,5,SALARIES AND WAGES - ON PAYROLL,136204
GRANTS,0J97,WORK INCENTIVE PLANNING AND ASSISTANCE,48,MOPD,2812,WORK INCENTIVE PLANNING,44,FRINGE BENEFITS,59179
GRANTS,0J97,WORK INCENTIVE PLANNING AND ASSISTANCE,48,MOPD,2812,WORK INCENTIVE PLANNING,801,INDIRECT COSTS,16617
GRANTS,0074,AGING-PRIVATELY FUNDED,50,FAMILY AND SUPPORT SERVICES,2910,SENIOR CITIZENS PICNIC SUPPORT,140,PROFESSIONAL AND TECHNICAL SERVICES,25000
GRANTS,0168,WINTER SHELTER HMLS,50,FAMILY AND SUPPORT SERVICES,2822,SERV TAX FD INVEST INCOME WARM,135,DELEGATE AGENCIES,15000
GRANTS,0869,SHELTER PLUS CARE,50,FAMILY AND SUPPORT SERVICES,2927,SHELTER PLUS CARE,135,DELEGATE AGENCIES,163000
GRANTS,0869,SHELTER PLUS CARE,50,FAMILY AND SUPPORT SERVICES,2936,SHELTER PLUS CARE,135,DELEGATE AGENCIES,110000
GRANTS,0N25,COMMUNITY SERVICES BLOCK GRANT,50,FAMILY AND SUPPORT SERVICES,2805,CSBG,140,PROFESSIONAL AND TECHNICAL SERVICES,2162000
GRANTS,0N84,STED - BRIDGES TO PATHWAYS,50,FAMILY AND SUPPORT SERVICES,2958,STED - Bridges to Pathways,5,SALARIES AND WAGES - ON PAYROLL,51083
GRANTS,0N84,STED - BRIDGES TO PATHWAYS,50,FAMILY AND SUPPORT SERVICES,2958,STED - Bridges to Pathways,15,SCHEDULE SALARY ADJUSTMENTS,1230
GRANTS,0N84,STED - BRIDGES TO PATHWAYS,50,FAMILY AND SUPPORT SERVICES,2958,STED - Bridges to Pathways,44,FRINGE BENEFITS,22217
GRANTS,0N84,STED - BRIDGES TO PATHWAYS,50,FAMILY AND SUPPORT SERVICES,2958,STED - Bridges to Pathways,135,DELEGATE AGENCIES,500000
GRANTS,0N84,STED - BRIDGES TO PATHWAYS,50,FAMILY AND SUPPORT SERVICES,2958,STED - Bridges to Pathways,140,PROFESSIONAL AND TECHNICAL SERVICES,224513
GRANTS,0N84,STED - BRIDGES TO PATHWAYS,50,FAMILY AND SUPPORT SERVICES,2958,STED - Bridges to Pathways,245,REIMBURSEMENT TO TRAVELERS,2000
GRANTS,0N84,STED - BRIDGES TO PATHWAYS,50,FAMILY AND SUPPORT SERVICES,2958,STED - Bridges to Pathways,340,MATERIAL AND SUPPLIES,30946
GRANTS,0N84,STED - BRIDGES TO PATHWAYS,50,FAMILY AND SUPPORT SERVICES,2958,STED - Bridges to Pathways,801,INDIRECT COSTS,45011
GRANTS,0N88,COMMUNITY SERVICES BLOCK GRANT,50,FAMILY AND SUPPORT SERVICES,2805,CSBG,140,PROFESSIONAL AND TECHNICAL SERVICES,1600000
GRANTS,0P36,DFSS - FEDERAL - FGP/SCP,50,FAMILY AND SUPPORT SERVICES,2803,STATE SENIOR COMPANION MATCH,140,PROFESSIONAL AND TECHNICAL SERVICES,3600
GRANTS,0P36,DFSS - FEDERAL - FGP/SCP,50,FAMILY AND SUPPORT SERVICES,2803,STATE SENIOR COMPANION MATCH,168,EDUCATION DEVELOPMENT,3450
GRANTS,0P36,DFSS - FEDERAL - FGP/SCP,50,FAMILY AND SUPPORT SERVICES,2803,STATE SENIOR COMPANION MATCH,229,TRANSPORTATION AND EXPENSE ALLOWANCE,4259
GRANTS,0P36,DFSS - FEDERAL - FGP/SCP,50,FAMILY AND SUPPORT SERVICES,2803,STATE SENIOR COMPANION MATCH,330,FOOD,4000
GRANTS,0P36,DFSS - FEDERAL - FGP/SCP,50,FAMILY AND SUPPORT SERVICES,2803,STATE SENIOR COMPANION MATCH,801,INDIRECT COSTS,691
GRANTS,0P40,AREA AGING PROGRAMS,50,FAMILY AND SUPPORT SERVICES,2801,OAA NUTRITION PGM INCOME,140,PROFESSIONAL AND TECHNICAL SERVICES,445000
GRANTS,0P40,AREA AGING PROGRAMS,50,FAMILY AND SUPPORT SERVICES,2802,OAA NUTRITION PGM INC - HM DEV,140,PROFESSIONAL AND TECHNICAL SERVICES,218000
GRANTS,0P41,AGING PRIVATE GRANTS,50,FAMILY AND SUPPORT SERVICES,2816,SENIOR FITNESS PRIVATE,140,PROFESSIONAL AND TECHNICAL SERVICES,35000
GRANTS,0P41,AGING PRIVATE GRANTS,50,FAMILY AND SUPPORT SERVICES,2901,CHICAGO FUND SUPPORT - SENIOR,140,PROFESSIONAL AND TECHNICAL SERVICES,50000
GRANTS,0P64,SENIOR PROGRAM PRIVATE CONTRIBUTIONS,50,FAMILY AND SUPPORT SERVICES,2837,SENIOR PROGRAM PRIVATE CONTRIB,140,PROFESSIONAL AND TECHNICAL SERVICES,500000
GRANTS,0T09,SHELTER PLUS CARE,50,FAMILY AND SUPPORT SERVICES,2938,SHELTER PLUS CARE,125,OFFICE AND BUILDING SERVICES,1767000
GRANTS,0T23,EHS - CHILD CARE PARTNERSHIP,50,FAMILY AND SUPPORT SERVICES,2956,EHS - Child Care Partnership,140,PROFESSIONAL AND TECHNICAL SERVICES,8503000
GRANTS,0T33,ENUMERATION OF HOMELESS VETERANS,50,FAMILY AND SUPPORT SERVICES,2969,Enumeration -Homeless Veterans,140,PROFESSIONAL AND TECHNICAL SERVICES,48000
GRANTS,0T36,AREA PLAN ON AGING - OLDER AMERICANS ACT,50,FAMILY AND SUPPORT SERVICES,2904,AREA PLAN ON AGING - FEDERAL,5,SALARIES AND WAGES - ON PAYROLL,4943509
GRANTS,0T36,AREA PLAN ON AGING - OLDER AMERICANS ACT,50,FAMILY AND SUPPORT SERVICES,2904,AREA PLAN ON AGING - FEDERAL,15,SCHEDULE SALARY ADJUSTMENTS,12005
GRANTS,0T36,AREA PLAN ON AGING - OLDER AMERICANS ACT,50,FAMILY AND SUPPORT SERVICES,2904,AREA PLAN ON AGING - FEDERAL,44,FRINGE BENEFITS,2146454
GRANTS,0T36,AREA PLAN ON AGING - OLDER AMERICANS ACT,50,FAMILY AND SUPPORT SERVICES,2904,AREA PLAN ON AGING - FEDERAL,130,POSTAGE,5050
GRANTS,0T36,AREA PLAN ON AGING - OLDER AMERICANS ACT,50,FAMILY AND SUPPORT SERVICES,2904,AREA PLAN ON AGING - FEDERAL,135,DELEGATE AGENCIES,5316152
GRANTS,0T36,AREA PLAN ON AGING - OLDER AMERICANS ACT,50,FAMILY AND SUPPORT SERVICES,2904,AREA PLAN ON AGING - FEDERAL,150,PUBLICATN & REPRODT-OUT,7500
GRANTS,0T36,AREA PLAN ON AGING - OLDER AMERICANS ACT,50,FAMILY AND SUPPORT SERVICES,2904,AREA PLAN ON AGING - FEDERAL,159,LEASE/PURCHASE EQUIPMENT,7500
GRANTS,0T36,AREA PLAN ON AGING - OLDER AMERICANS ACT,50,FAMILY AND SUPPORT SERVICES,2904,AREA PLAN ON AGING - FEDERAL,165,GRAPHIC DESIGN SERV,1500
GRANTS,0T36,AREA PLAN ON AGING - OLDER AMERICANS ACT,50,FAMILY AND SUPPORT SERVICES,2904,AREA PLAN ON AGING - FEDERAL,166,DUES  SUBSC & MEM,2435
GRANTS,0T36,AREA PLAN ON AGING - OLDER AMERICANS ACT,50,FAMILY AND SUPPORT SERVICES,2904,AREA PLAN ON AGING - FEDERAL,169,TECHNICAL MEETING COSTS,3299
GRANTS,0T36,AREA PLAN ON AGING - OLDER AMERICANS ACT,50,FAMILY AND SUPPORT SERVICES,2904,AREA PLAN ON AGING - FEDERAL,190,TELEPHONE - NON-CENTREX BILLINGS,63363
GRANTS,0T36,AREA PLAN ON AGING - OLDER AMERICANS ACT,50,FAMILY AND SUPPORT SERVICES,2904,AREA PLAN ON AGING - FEDERAL,197,TELEPHONE - MAINTENANCE,11573
GRANTS,0T36,AREA PLAN ON AGING - OLDER AMERICANS ACT,50,FAMILY AND SUPPORT SERVICES,2904,AREA PLAN ON AGING - FEDERAL,270,LOCAL TRANSPORTATION,1400
GRANTS,0T36,AREA PLAN ON AGING - OLDER AMERICANS ACT,50,FAMILY AND SUPPORT SERVICES,2904,AREA PLAN ON AGING - FEDERAL,340,MATERIAL AND SUPPLIES,17116
GRANTS,0T36,AREA PLAN ON AGING - OLDER AMERICANS ACT,50,FAMILY AND SUPPORT SERVICES,2904,AREA PLAN ON AGING - FEDERAL,350,STATIONERY AND OFFICE SUPPLIES,17500
GRANTS,0T36,AREA PLAN ON AGING - OLDER AMERICANS ACT,50,FAMILY AND SUPPORT SERVICES,2904,AREA PLAN ON AGING - FEDERAL,9651,REIMB - INDIRECT COSTS,703644
GRANTS,0T37,CHA FAMILY SUPPORTIVE SERVICES,50,FAMILY AND SUPPORT SERVICES,2896,CHA FAMILY SUPPORTIVE SERVICES,5,SALARIES AND WAGES - ON PAYROLL,291061
GRANTS,0T37,CHA FAMILY SUPPORTIVE SERVICES,50,FAMILY AND SUPPORT SERVICES,2896,CHA FAMILY SUPPORTIVE SERVICES,44,FRINGE BENEFITS,131219
GRANTS,0T37,CHA FAMILY SUPPORTIVE SERVICES,50,FAMILY AND SUPPORT SERVICES,2896,CHA FAMILY SUPPORTIVE SERVICES,135,DELEGATE AGENCIES,980200
GRANTS,0T37,CHA FAMILY SUPPORTIVE SERVICES,50,FAMILY AND SUPPORT SERVICES,2896,CHA FAMILY SUPPORTIVE SERVICES,340,MATERIAL AND SUPPLIES,3000
GRANTS,0T37,CHA FAMILY SUPPORTIVE SERVICES,50,FAMILY AND SUPPORT SERVICES,2896,CHA FAMILY SUPPORTIVE SERVICES,801,INDIRECT COSTS,26425
GRANTS,0T38,CHICAGO DOMESTIC VIOLENCE HELP LINE,50,FAMILY AND SUPPORT SERVICES,2923,CHICAGO DOM VIOLENCE HELP LINE,135,DELEGATE AGENCIES,455000
GRANTS,0T39,CHILD CARE SERVICES,50,FAMILY AND SUPPORT SERVICES,2943,Child Care Services,5,SALARIES AND WAGES - ON PAYROLL,1409800
GRANTS,0T39,CHILD CARE SERVICES,50,FAMILY AND SUPPORT SERVICES,2943,Child Care Services,15,SCHEDULE SALARY ADJUSTMENTS,2695
GRANTS,0T39,CHILD CARE SERVICES,50,FAMILY AND SUPPORT SERVICES,2943,Child Care Services,44,FRINGE BENEFITS,627358
GRANTS,0T39,CHILD CARE SERVICES,50,FAMILY AND SUPPORT SERVICES,2943,Child Care Services,135,DELEGATE AGENCIES,22976259
GRANTS,0T39,CHILD CARE SERVICES,50,FAMILY AND SUPPORT SERVICES,2943,Child Care Services,140,PROFESSIONAL AND TECHNICAL SERVICES,467222
GRANTS,0T40,COMMUNITY SERVICES BLOCK GRANT,50,FAMILY AND SUPPORT SERVICES,2805,CSBG,5,SALARIES AND WAGES - ON PAYROLL,4278969
GRANTS,0T40,COMMUNITY SERVICES BLOCK GRANT,50,FAMILY AND SUPPORT SERVICES,2805,CSBG,15,SCHEDULE SALARY ADJUSTMENTS,10615
GRANTS,0T40,COMMUNITY SERVICES BLOCK GRANT,50,FAMILY AND SUPPORT SERVICES,2805,CSBG,44,FRINGE BENEFITS,1915597
GRANTS,0T40,COMMUNITY SERVICES BLOCK GRANT,50,FAMILY AND SUPPORT SERVICES,2805,CSBG,125,OFFICE AND BUILDING SERVICES,15108
GRANTS,0T40,COMMUNITY SERVICES BLOCK GRANT,50,FAMILY AND SUPPORT SERVICES,2805,CSBG,135,DELEGATE AGENCIES,4189548
GRANTS,0T40,COMMUNITY SERVICES BLOCK GRANT,50,FAMILY AND SUPPORT SERVICES,2805,CSBG,140,PROFESSIONAL AND TECHNICAL SERVICES,30000
GRANTS,0T40,COMMUNITY SERVICES BLOCK GRANT,50,FAMILY AND SUPPORT SERVICES,2805,CSBG,159,LEASE/PURCHASE EQUIPMENT,20892
GRANTS,0T40,COMMUNITY SERVICES BLOCK GRANT,50,FAMILY AND SUPPORT SERVICES,2805,CSBG,190,TELEPHONE - NON-CENTREX BILLINGS,53520
GRANTS,0T40,COMMUNITY SERVICES BLOCK GRANT,50,FAMILY AND SUPPORT SERVICES,2805,CSBG,197,TELEPHONE - MAINTENANCE,8274
GRANTS,0T40,COMMUNITY SERVICES BLOCK GRANT,50,FAMILY AND SUPPORT SERVICES,2805,CSBG,245,REIMBURSEMENT TO TRAVELERS,7000
GRANTS,0T40,COMMUNITY SERVICES BLOCK GRANT,50,FAMILY AND SUPPORT SERVICES,2805,CSBG,270,LOCAL TRANSPORTATION,5000
GRANTS,0T40,COMMUNITY SERVICES BLOCK GRANT,50,FAMILY AND SUPPORT SERVICES,2805,CSBG,340,MATERIAL AND SUPPLIES,10500
GRANTS,0T40,COMMUNITY SERVICES BLOCK GRANT,50,FAMILY AND SUPPORT SERVICES,2805,CSBG,350,STATIONERY AND OFFICE SUPPLIES,3285
GRANTS,0T40,COMMUNITY SERVICES BLOCK GRANT,50,FAMILY AND SUPPORT SERVICES,2805,CSBG,9438,REIMBURSEMENT - 2FM,7850
GRANTS,0T40,COMMUNITY SERVICES BLOCK GRANT,50,FAMILY AND SUPPORT SERVICES,2805,CSBG,9651,REIMB - INDIRECT COSTS,533842
GRANTS,0T41,EARLY HEAD START INITIATIVE,50,FAMILY AND SUPPORT SERVICES,2857,EARLY HEAD START INITIATIVE,5,SALARIES AND WAGES - ON PAYROLL,237538
GRANTS,0T41,EARLY HEAD START INITIATIVE,50,FAMILY AND SUPPORT SERVICES,2857,EARLY HEAD START INITIATIVE,44,FRINGE BENEFITS,106070
GRANTS,0T41,EARLY HEAD START INITIATIVE,50,FAMILY AND SUPPORT SERVICES,2857,EARLY HEAD START INITIATIVE,130,POSTAGE,365
GRANTS,0T41,EARLY HEAD START INITIATIVE,50,FAMILY AND SUPPORT SERVICES,2857,EARLY HEAD START INITIATIVE,135,DELEGATE AGENCIES,5153331
GRANTS,0T41,EARLY HEAD START INITIATIVE,50,FAMILY AND SUPPORT SERVICES,2857,EARLY HEAD START INITIATIVE,140,PROFESSIONAL AND TECHNICAL SERVICES,761896
GRANTS,0T41,EARLY HEAD START INITIATIVE,50,FAMILY AND SUPPORT SERVICES,2857,EARLY HEAD START INITIATIVE,159,LEASE/PURCHASE EQUIPMENT,1152
GRANTS,0T41,EARLY HEAD START INITIATIVE,50,FAMILY AND SUPPORT SERVICES,2857,EARLY HEAD START INITIATIVE,166,DUES  SUBSC & MEM,22008
GRANTS,0T41,EARLY HEAD START INITIATIVE,50,FAMILY AND SUPPORT SERVICES,2857,EARLY HEAD START INITIATIVE,190,TELEPHONE - NON-CENTREX BILLINGS,3146
GRANTS,0T41,EARLY HEAD START INITIATIVE,50,FAMILY AND SUPPORT SERVICES,2857,EARLY HEAD START INITIATIVE,197,TELEPHONE - MAINTENANCE,425
GRANTS,0T41,EARLY HEAD START INITIATIVE,50,FAMILY AND SUPPORT SERVICES,2857,EARLY HEAD START INITIATIVE,801,INDIRECT COSTS,340069
GRANTS,0T42,EARLY HEAD START-CHILD CARE PARTNERSHIP,50,FAMILY AND SUPPORT SERVICES,2956,EHS - Child Care Partnership,5,SALARIES AND WAGES - ON PAYROLL,278031
GRANTS,0T42,EARLY HEAD START-CHILD CARE PARTNERSHIP,50,FAMILY AND SUPPORT SERVICES,2956,EHS - Child Care Partnership,6,SALARY PROVISION,172567
GRANTS,0T42,EARLY HEAD START-CHILD CARE PARTNERSHIP,50,FAMILY AND SUPPORT SERVICES,2956,EHS - Child Care Partnership,15,SCHEDULE SALARY ADJUSTMENTS,1752
GRANTS,0T42,EARLY HEAD START-CHILD CARE PARTNERSHIP,50,FAMILY AND SUPPORT SERVICES,2956,EHS - Child Care Partnership,44,FRINGE BENEFITS,133525
GRANTS,0T42,EARLY HEAD START-CHILD CARE PARTNERSHIP,50,FAMILY AND SUPPORT SERVICES,2956,EHS - Child Care Partnership,130,POSTAGE,524
GRANTS,0T42,EARLY HEAD START-CHILD CARE PARTNERSHIP,50,FAMILY AND SUPPORT SERVICES,2956,EHS - Child Care Partnership,135,DELEGATE AGENCIES,11889529
GRANTS,0T42,EARLY HEAD START-CHILD CARE PARTNERSHIP,50,FAMILY AND SUPPORT SERVICES,2956,EHS - Child Care Partnership,140,PROFESSIONAL AND TECHNICAL SERVICES,1641035
GRANTS,0T42,EARLY HEAD START-CHILD CARE PARTNERSHIP,50,FAMILY AND SUPPORT SERVICES,2956,EHS - Child Care Partnership,159,LEASE/PURCHASE EQUIPMENT,1730
GRANTS,0T42,EARLY HEAD START-CHILD CARE PARTNERSHIP,50,FAMILY AND SUPPORT SERVICES,2956,EHS - Child Care Partnership,166,DUES  SUBSC & MEM,181033
GRANTS,0T42,EARLY HEAD START-CHILD CARE PARTNERSHIP,50,FAMILY AND SUPPORT SERVICES,2956,EHS - Child Care Partnership,169,TECHNICAL MEETING COSTS,2100
GRANTS,0T42,EARLY HEAD START-CHILD CARE PARTNERSHIP,50,FAMILY AND SUPPORT SERVICES,2956,EHS - Child Care Partnership,190,TELEPHONE - NON-CENTREX BILLINGS,4719
GRANTS,0T42,EARLY HEAD START-CHILD CARE PARTNERSHIP,50,FAMILY AND SUPPORT SERVICES,2956,EHS - Child Care Partnership,197,TELEPHONE - MAINTENANCE,637
GRANTS,0T42,EARLY HEAD START-CHILD CARE PARTNERSHIP,50,FAMILY AND SUPPORT SERVICES,2956,EHS - Child Care Partnership,229,TRANSPORTATION AND EXPENSE ALLOWANCE,200
GRANTS,0T42,EARLY HEAD START-CHILD CARE PARTNERSHIP,50,FAMILY AND SUPPORT SERVICES,2956,EHS - Child Care Partnership,245,REIMBURSEMENT TO TRAVELERS,4800
GRANTS,0T42,EARLY HEAD START-CHILD CARE PARTNERSHIP,50,FAMILY AND SUPPORT SERVICES,2956,EHS - Child Care Partnership,270,LOCAL TRANSPORTATION,200
GRANTS,0T42,EARLY HEAD START-CHILD CARE PARTNERSHIP,50,FAMILY AND SUPPORT SERVICES,2956,EHS - Child Care Partnership,348,BOOKS AND RELATED MATERIAL,50000
GRANTS,0T42,EARLY HEAD START-CHILD CARE PARTNERSHIP,50,FAMILY AND SUPPORT SERVICES,2956,EHS - Child Care Partnership,350,STATIONERY AND OFFICE SUPPLIES,5000
GRANTS,0T42,EARLY HEAD START-CHILD CARE PARTNERSHIP,50,FAMILY AND SUPPORT SERVICES,2956,EHS - Child Care Partnership,801,INDIRECT COSTS,777618
GRANTS,0T44,EMERGENCY AND TRANSITIONAL HOUSING,50,FAMILY AND SUPPORT SERVICES,2942,Emergency /Transitional Housng,5,SALARIES AND WAGES - ON PAYROLL,68690
GRANTS,0T44,EMERGENCY AND TRANSITIONAL HOUSING,50,FAMILY AND SUPPORT SERVICES,2942,Emergency /Transitional Housng,44,FRINGE BENEFITS,29845
GRANTS,0T44,EMERGENCY AND TRANSITIONAL HOUSING,50,FAMILY AND SUPPORT SERVICES,2942,Emergency /Transitional Housng,135,DELEGATE AGENCIES,4156770
GRANTS,0T44,EMERGENCY AND TRANSITIONAL HOUSING,50,FAMILY AND SUPPORT SERVICES,2942,Emergency /Transitional Housng,140,PROFESSIONAL AND TECHNICAL SERVICES,68772
GRANTS,0T44,EMERGENCY AND TRANSITIONAL HOUSING,50,FAMILY AND SUPPORT SERVICES,2942,Emergency /Transitional Housng,159,LEASE/PURCHASE EQUIPMENT,74394
GRANTS,0T44,EMERGENCY AND TRANSITIONAL HOUSING,50,FAMILY AND SUPPORT SERVICES,2942,Emergency /Transitional Housng,162,REPAIR/MAINT EQUIPMENT,73617
GRANTS,0T44,EMERGENCY AND TRANSITIONAL HOUSING,50,FAMILY AND SUPPORT SERVICES,2942,Emergency /Transitional Housng,9651,REIMB - INDIRECT COSTS,241912
GRANTS,0T45,EMERGENCY SOLUTIONS GRANT,50,FAMILY AND SUPPORT SERVICES,2944,Emergency Solutions,5,SALARIES AND WAGES - ON PAYROLL,291624
GRANTS,0T45,EMERGENCY SOLUTIONS GRANT,50,FAMILY AND SUPPORT SERVICES,2944,Emergency Solutions,15,SCHEDULE SALARY ADJUSTMENTS,3608
GRANTS,0T45,EMERGENCY SOLUTIONS GRANT,50,FAMILY AND SUPPORT SERVICES,2944,Emergency Solutions,44,FRINGE BENEFITS,142619
GRANTS,0T45,EMERGENCY SOLUTIONS GRANT,50,FAMILY AND SUPPORT SERVICES,2944,Emergency Solutions,135,DELEGATE AGENCIES,6035107
GRANTS,0T45,EMERGENCY SOLUTIONS GRANT,50,FAMILY AND SUPPORT SERVICES,2944,Emergency Solutions,140,PROFESSIONAL AND TECHNICAL SERVICES,52042
GRANTS,0T46,FOSTER GRANDPARENTS,50,FAMILY AND SUPPORT SERVICES,2815,FOSTER GRANDPARENTS,5,SALARIES AND WAGES - ON PAYROLL,131003
GRANTS,0T46,FOSTER GRANDPARENTS,50,FAMILY AND SUPPORT SERVICES,2815,FOSTER GRANDPARENTS,44,FRINGE BENEFITS,58561
GRANTS,0T46,FOSTER GRANDPARENTS,50,FAMILY AND SUPPORT SERVICES,2815,FOSTER GRANDPARENTS,50,STIPENDS,257913
GRANTS,0T46,FOSTER GRANDPARENTS,50,FAMILY AND SUPPORT SERVICES,2815,FOSTER GRANDPARENTS,140,PROFESSIONAL AND TECHNICAL SERVICES,7541
GRANTS,0T46,FOSTER GRANDPARENTS,50,FAMILY AND SUPPORT SERVICES,2815,FOSTER GRANDPARENTS,229,TRANSPORTATION AND EXPENSE ALLOWANCE,62649
GRANTS,0T46,FOSTER GRANDPARENTS,50,FAMILY AND SUPPORT SERVICES,2815,FOSTER GRANDPARENTS,245,REIMBURSEMENT TO TRAVELERS,300
GRANTS,0T46,FOSTER GRANDPARENTS,50,FAMILY AND SUPPORT SERVICES,2815,FOSTER GRANDPARENTS,270,LOCAL TRANSPORTATION,120
GRANTS,0T46,FOSTER GRANDPARENTS,50,FAMILY AND SUPPORT SERVICES,2815,FOSTER GRANDPARENTS,330,FOOD,22913
GRANTS,0T47,HEAD START,50,FAMILY AND SUPPORT SERVICES,2860,HEAD START,5,SALARIES AND WAGES - ON PAYROLL,6061456
GRANTS,0T47,HEAD START,50,FAMILY AND SUPPORT SERVICES,2860,HEAD START,15,SCHEDULE SALARY ADJUSTMENTS,16289
GRANTS,0T47,HEAD START,50,FAMILY AND SUPPORT SERVICES,2860,HEAD START,44,FRINGE BENEFITS,2678345
GRANTS,0T47,HEAD START,50,FAMILY AND SUPPORT SERVICES,2860,HEAD START,130,POSTAGE,7882
GRANTS,0T47,HEAD START,50,FAMILY AND SUPPORT SERVICES,2860,HEAD START,135,DELEGATE AGENCIES,92760944
GRANTS,0T47,HEAD START,50,FAMILY AND SUPPORT SERVICES,2860,HEAD START,140,PROFESSIONAL AND TECHNICAL SERVICES,11217846
GRANTS,0T47,HEAD START,50,FAMILY AND SUPPORT SERVICES,2860,HEAD START,152,ADVERTISING,500000
GRANTS,0T47,HEAD START,50,FAMILY AND SUPPORT SERVICES,2860,HEAD START,159,LEASE/PURCHASE EQUIPMENT,25920
GRANTS,0T47,HEAD START,50,FAMILY AND SUPPORT SERVICES,2860,HEAD START,166,DUES  SUBSC & MEM,1495198
GRANTS,0T47,HEAD START,50,FAMILY AND SUPPORT SERVICES,2860,HEAD START,169,TECHNICAL MEETING COSTS,50000
GRANTS,0T47,HEAD START,50,FAMILY AND SUPPORT SERVICES,2860,HEAD START,190,TELEPHONE - NON-CENTREX BILLINGS,70797
GRANTS,0T47,HEAD START,50,FAMILY AND SUPPORT SERVICES,2860,HEAD START,197,TELEPHONE - MAINTENANCE,9563
GRANTS,0T47,HEAD START,50,FAMILY AND SUPPORT SERVICES,2860,HEAD START,245,REIMBURSEMENT TO TRAVELERS,10000
GRANTS,0T47,HEAD START,50,FAMILY AND SUPPORT SERVICES,2860,HEAD START,270,LOCAL TRANSPORTATION,5000
GRANTS,0T47,HEAD START,50,FAMILY AND SUPPORT SERVICES,2860,HEAD START,348,BOOKS AND RELATED MATERIAL,500000
GRANTS,0T47,HEAD START,50,FAMILY AND SUPPORT SERVICES,2860,HEAD START,350,STATIONERY AND OFFICE SUPPLIES,50000
GRANTS,0T47,HEAD START,50,FAMILY AND SUPPORT SERVICES,2860,HEAD START,801,INDIRECT COSTS,6338081
GRANTS,0T47,HEAD START,50,FAMILY AND SUPPORT SERVICES,2860,HEAD START,9438,REIMBURSEMENT - 2FM,34368
GRANTS,0T48,MONEY FOLLOWS THE PERSON,50,FAMILY AND SUPPORT SERVICES,2919,MONEY FOLLOWS THE PERSON,6,SALARY PROVISION,34152
GRANTS,0T48,MONEY FOLLOWS THE PERSON,50,FAMILY AND SUPPORT SERVICES,2919,MONEY FOLLOWS THE PERSON,801,INDIRECT COSTS,1848
GRANTS,0T49,LONG TERM CARE OMBUDSMAN PROGRAM - CMP,50,FAMILY AND SUPPORT SERVICES,2836,LONG TERM CARE OMBUDSMAN,5,SALARIES AND WAGES - ON PAYROLL,67420
GRANTS,0T49,LONG TERM CARE OMBUDSMAN PROGRAM - CMP,50,FAMILY AND SUPPORT SERVICES,2836,LONG TERM CARE OMBUDSMAN,6,SALARY PROVISION,19311
GRANTS,0T49,LONG TERM CARE OMBUDSMAN PROGRAM - CMP,50,FAMILY AND SUPPORT SERVICES,2836,LONG TERM CARE OMBUDSMAN,44,FRINGE BENEFITS,29293
GRANTS,0T49,LONG TERM CARE OMBUDSMAN PROGRAM - CMP,50,FAMILY AND SUPPORT SERVICES,2836,LONG TERM CARE OMBUDSMAN,801,INDIRECT COSTS,976
GRANTS,0T50,LONGTERM CARE SYSTEM DEVELOPMENT,50,FAMILY AND SUPPORT SERVICES,2820,LONGTERM CARE SYSTEM DEVELOP,6,SALARY PROVISION,56000
GRANTS,0T51,MEDICARE IMPROVEMENTS FOR PATIENTS/PROV.,50,FAMILY AND SUPPORT SERVICES,2937,MEDICARE IMPROVEMENTS,5,SALARIES AND WAGES - ON PAYROLL,72703
GRANTS,0T51,MEDICARE IMPROVEMENTS FOR PATIENTS/PROV.,50,FAMILY AND SUPPORT SERVICES,2937,MEDICARE IMPROVEMENTS,6,SALARY PROVISION,53317
GRANTS,0T51,MEDICARE IMPROVEMENTS FOR PATIENTS/PROV.,50,FAMILY AND SUPPORT SERVICES,2937,MEDICARE IMPROVEMENTS,44,FRINGE BENEFITS,35859
GRANTS,0T51,MEDICARE IMPROVEMENTS FOR PATIENTS/PROV.,50,FAMILY AND SUPPORT SERVICES,2937,MEDICARE IMPROVEMENTS,270,LOCAL TRANSPORTATION,1293
GRANTS,0T51,MEDICARE IMPROVEMENTS FOR PATIENTS/PROV.,50,FAMILY AND SUPPORT SERVICES,2937,MEDICARE IMPROVEMENTS,801,INDIRECT COSTS,8828
GRANTS,0T52,MEDICARE-MEDICAID ALIGNMENT INITIATIVE,50,FAMILY AND SUPPORT SERVICES,2957,Medicare - Medicaid Alignment,5,SALARIES AND WAGES - ON PAYROLL,65609
GRANTS,0T52,MEDICARE-MEDICAID ALIGNMENT INITIATIVE,50,FAMILY AND SUPPORT SERVICES,2957,Medicare - Medicaid Alignment,6,SALARY PROVISION,58870
GRANTS,0T52,MEDICARE-MEDICAID ALIGNMENT INITIATIVE,50,FAMILY AND SUPPORT SERVICES,2957,Medicare - Medicaid Alignment,44,FRINGE BENEFITS,28506
GRANTS,0T52,MEDICARE-MEDICAID ALIGNMENT INITIATIVE,50,FAMILY AND SUPPORT SERVICES,2957,Medicare - Medicaid Alignment,350,STATIONERY AND OFFICE SUPPLIES,701
GRANTS,0T52,MEDICARE-MEDICAID ALIGNMENT INITIATIVE,50,FAMILY AND SUPPORT SERVICES,2957,Medicare - Medicaid Alignment,801,INDIRECT COSTS,8314
GRANTS,0T54,OAA TITLE V / SENIOR COMMUNITY SERVICE,50,FAMILY AND SUPPORT SERVICES,2807,OAA TITLE V SENIOR EMPLOYMENT,5,SALARIES AND WAGES - ON PAYROLL,68736
GRANTS,0T54,OAA TITLE V / SENIOR COMMUNITY SERVICE,50,FAMILY AND SUPPORT SERVICES,2807,OAA TITLE V SENIOR EMPLOYMENT,44,FRINGE BENEFITS,32272
GRANTS,0T54,OAA TITLE V / SENIOR COMMUNITY SERVICE,50,FAMILY AND SUPPORT SERVICES,2807,OAA TITLE V SENIOR EMPLOYMENT,50,STIPENDS,357570
GRANTS,0T54,OAA TITLE V / SENIOR COMMUNITY SERVICE,50,FAMILY AND SUPPORT SERVICES,2807,OAA TITLE V SENIOR EMPLOYMENT,130,POSTAGE,1000
GRANTS,0T54,OAA TITLE V / SENIOR COMMUNITY SERVICE,50,FAMILY AND SUPPORT SERVICES,2807,OAA TITLE V SENIOR EMPLOYMENT,135,DELEGATE AGENCIES,477065
GRANTS,0T54,OAA TITLE V / SENIOR COMMUNITY SERVICE,50,FAMILY AND SUPPORT SERVICES,2807,OAA TITLE V SENIOR EMPLOYMENT,140,PROFESSIONAL AND TECHNICAL SERVICES,2800
GRANTS,0T54,OAA TITLE V / SENIOR COMMUNITY SERVICE,50,FAMILY AND SUPPORT SERVICES,2807,OAA TITLE V SENIOR EMPLOYMENT,245,REIMBURSEMENT TO TRAVELERS,1270
GRANTS,0T54,OAA TITLE V / SENIOR COMMUNITY SERVICE,50,FAMILY AND SUPPORT SERVICES,2807,OAA TITLE V SENIOR EMPLOYMENT,350,STATIONERY AND OFFICE SUPPLIES,3152
GRANTS,0T54,OAA TITLE V / SENIOR COMMUNITY SERVICE,50,FAMILY AND SUPPORT SERVICES,2807,OAA TITLE V SENIOR EMPLOYMENT,801,INDIRECT COSTS,4135
GRANTS,0T55,RESIDENT SERVICES COORDINATION,50,FAMILY AND SUPPORT SERVICES,2828,RESIDENT SERVICES / CASE MGMT,5,SALARIES AND WAGES - ON PAYROLL,1107879
GRANTS,0T55,RESIDENT SERVICES COORDINATION,50,FAMILY AND SUPPORT SERVICES,2828,RESIDENT SERVICES / CASE MGMT,6,SALARY PROVISION,133627
GRANTS,0T55,RESIDENT SERVICES COORDINATION,50,FAMILY AND SUPPORT SERVICES,2828,RESIDENT SERVICES / CASE MGMT,15,SCHEDULE SALARY ADJUSTMENTS,1584
GRANTS,0T55,RESIDENT SERVICES COORDINATION,50,FAMILY AND SUPPORT SERVICES,2828,RESIDENT SERVICES / CASE MGMT,44,FRINGE BENEFITS,483910
GRANTS,0T57,SENIOR COMPANION PROJECT - ACTION,50,FAMILY AND SUPPORT SERVICES,2868,SENIOR COMPANION PJT - ACTION,5,SALARIES AND WAGES - ON PAYROLL,61841
GRANTS,0T57,SENIOR COMPANION PROJECT - ACTION,50,FAMILY AND SUPPORT SERVICES,2868,SENIOR COMPANION PJT - ACTION,44,FRINGE BENEFITS,30770
GRANTS,0T57,SENIOR COMPANION PROJECT - ACTION,50,FAMILY AND SUPPORT SERVICES,2868,SENIOR COMPANION PJT - ACTION,50,STIPENDS,193389
GRANTS,0T58,SENIOR HEALTH ASSISTANCE PROGRAM,50,FAMILY AND SUPPORT SERVICES,2946,Senior Health Assistance Pgm.,5,SALARIES AND WAGES - ON PAYROLL,202282
GRANTS,0T58,SENIOR HEALTH ASSISTANCE PROGRAM,50,FAMILY AND SUPPORT SERVICES,2946,Senior Health Assistance Pgm.,6,SALARY PROVISION,10299
GRANTS,0T58,SENIOR HEALTH ASSISTANCE PROGRAM,50,FAMILY AND SUPPORT SERVICES,2946,Senior Health Assistance Pgm.,44,FRINGE BENEFITS,89419
GRANTS,0T59,SENIOR HEALTH INSURANCE PROGRAM,50,FAMILY AND SUPPORT SERVICES,2928,SENIOR HEALTH INSURANCE PGM,6,SALARY PROVISION,12814
GRANTS,0T59,SENIOR HEALTH INSURANCE PROGRAM,50,FAMILY AND SUPPORT SERVICES,2928,SENIOR HEALTH INSURANCE PGM,140,PROFESSIONAL AND TECHNICAL SERVICES,10000
GRANTS,0T59,SENIOR HEALTH INSURANCE PROGRAM,50,FAMILY AND SUPPORT SERVICES,2928,SENIOR HEALTH INSURANCE PGM,168,EDUCATION DEVELOPMENT,15000
GRANTS,0T59,SENIOR HEALTH INSURANCE PROGRAM,50,FAMILY AND SUPPORT SERVICES,2928,SENIOR HEALTH INSURANCE PGM,245,REIMBURSEMENT TO TRAVELERS,2979
GRANTS,0T59,SENIOR HEALTH INSURANCE PROGRAM,50,FAMILY AND SUPPORT SERVICES,2928,SENIOR HEALTH INSURANCE PGM,801,INDIRECT COSTS,2207
GRANTS,0T60,SENIOR MEDICARE PROJECTS,50,FAMILY AND SUPPORT SERVICES,2945,Senior Medicare Patrol,140,PROFESSIONAL AND TECHNICAL SERVICES,20000
GRANTS,0T61,SERVICES TO VICTIMS OF DOMESTIC VIOLENCE,50,FAMILY AND SUPPORT SERVICES,2827,SERVICES TO VICTIMS OF DOM VIO,5,SALARIES AND WAGES - ON PAYROLL,77227
GRANTS,0T61,SERVICES TO VICTIMS OF DOMESTIC VIOLENCE,50,FAMILY AND SUPPORT SERVICES,2827,SERVICES TO VICTIMS OF DOM VIO,44,FRINGE BENEFITS,160773
GRANTS,0T62,SHELTER PLUS CARE,50,FAMILY AND SUPPORT SERVICES,2938,SHELTER PLUS CARE,135,DELEGATE AGENCIES,495709
GRANTS,0T62,SHELTER PLUS CARE,50,FAMILY AND SUPPORT SERVICES,2938,SHELTER PLUS CARE,140,PROFESSIONAL AND TECHNICAL SERVICES,1686291
GRANTS,0T63,SPECIAL PROJECTS - PREVENT DOM. VIOLENCE,50,FAMILY AND SUPPORT SERVICES,2968,GENERIC PREVENTION DOM VIOLENC,135,DELEGATE AGENCIES,145000
GRANTS,0T63,SPECIAL PROJECTS - PREVENT DOM. VIOLENCE,50,FAMILY AND SUPPORT SERVICES,2968,GENERIC PREVENTION DOM VIOLENC,140,PROFESSIONAL AND TECHNICAL SERVICES,36000
GRANTS,0T64,STATE FOSTER GRANDPARENTS,50,FAMILY AND SUPPORT SERVICES,2818,STATE FOSTER GRANDPARENTS,140,PROFESSIONAL AND TECHNICAL SERVICES,17864
GRANTS,0T64,STATE FOSTER GRANDPARENTS,50,FAMILY AND SUPPORT SERVICES,2818,STATE FOSTER GRANDPARENTS,165,GRAPHIC DESIGN SERV,1722
GRANTS,0T64,STATE FOSTER GRANDPARENTS,50,FAMILY AND SUPPORT SERVICES,2818,STATE FOSTER GRANDPARENTS,168,EDUCATION DEVELOPMENT,1914
GRANTS,0T64,STATE FOSTER GRANDPARENTS,50,FAMILY AND SUPPORT SERVICES,2818,STATE FOSTER GRANDPARENTS,229,TRANSPORTATION AND EXPENSE ALLOWANCE,4000
GRANTS,0T64,STATE FOSTER GRANDPARENTS,50,FAMILY AND SUPPORT SERVICES,2818,STATE FOSTER GRANDPARENTS,245,REIMBURSEMENT TO TRAVELERS,1000
GRANTS,0T64,STATE FOSTER GRANDPARENTS,50,FAMILY AND SUPPORT SERVICES,2818,STATE FOSTER GRANDPARENTS,330,FOOD,4500
GRANTS,0T64,STATE FOSTER GRANDPARENTS,50,FAMILY AND SUPPORT SERVICES,2818,STATE FOSTER GRANDPARENTS,350,STATIONERY AND OFFICE SUPPLIES,1000
GRANTS,0T65,STATE SENIOR EMPLOYMENT SPECIALIST,50,FAMILY AND SUPPORT SERVICES,2862,STATE SENIOR EMPLOYMENT SPEC,6,SALARY PROVISION,25000
GRANTS,0T66,TITLE XX DONATED FUNDS,50,FAMILY AND SUPPORT SERVICES,2873,TITLE XX DONATED FUNDS,135,DELEGATE AGENCIES,1076863
GRANTS,0T66,TITLE XX DONATED FUNDS,50,FAMILY AND SUPPORT SERVICES,2873,TITLE XX DONATED FUNDS,801,INDIRECT COSTS,24137
GRANTS,0T67,PERFORMANCE PARTNERSHIP PILOTS FOR YOUTH,50,FAMILY AND SUPPORT SERVICES,2961,Performance Partnership-Youth,135,DELEGATE AGENCIES,700000
GRANTS,0T68,SUMMER JOBS CONNECT,50,FAMILY AND SUPPORT SERVICES,2953,Summer Jobs Connect Program,135,DELEGATE AGENCIES,872735
GRANTS,0T68,SUMMER JOBS CONNECT,50,FAMILY AND SUPPORT SERVICES,2953,Summer Jobs Connect Program,140,PROFESSIONAL AND TECHNICAL SERVICES,13265
GRANTS,0T70,EARLY CHILDHOOD BLOCK GRANT,50,FAMILY AND SUPPORT SERVICES,2962,Early Childhood Block Grant,6,SALARY PROVISION,10000000
GRANTS,0T70,EARLY CHILDHOOD BLOCK GRANT,50,FAMILY AND SUPPORT SERVICES,2962,Early Childhood Block Grant,135,DELEGATE AGENCIES,55000000
GRANTS,0T71,AREA PLAN ON AGING - OLDER AMERICANS ACT,50,FAMILY AND SUPPORT SERVICES,2903,AREA PLAN ON AGING - STATE,5,SALARIES AND WAGES - ON PAYROLL,1512948
GRANTS,0T71,AREA PLAN ON AGING - OLDER AMERICANS ACT,50,FAMILY AND SUPPORT SERVICES,2903,AREA PLAN ON AGING - STATE,15,SCHEDULE SALARY ADJUSTMENTS,4064
GRANTS,0T71,AREA PLAN ON AGING - OLDER AMERICANS ACT,50,FAMILY AND SUPPORT SERVICES,2903,AREA PLAN ON AGING - STATE,44,FRINGE BENEFITS,657357
GRANTS,0T71,AREA PLAN ON AGING - OLDER AMERICANS ACT,50,FAMILY AND SUPPORT SERVICES,2903,AREA PLAN ON AGING - STATE,130,POSTAGE,24093
GRANTS,0T71,AREA PLAN ON AGING - OLDER AMERICANS ACT,50,FAMILY AND SUPPORT SERVICES,2903,AREA PLAN ON AGING - STATE,135,DELEGATE AGENCIES,2983038
GRANTS,0T71,AREA PLAN ON AGING - OLDER AMERICANS ACT,50,FAMILY AND SUPPORT SERVICES,2903,AREA PLAN ON AGING - STATE,150,PUBLICATN & REPRODT-OUT,1500
GRANTS,0T71,AREA PLAN ON AGING - OLDER AMERICANS ACT,50,FAMILY AND SUPPORT SERVICES,2903,AREA PLAN ON AGING - STATE,165,GRAPHIC DESIGN SERV,10000
GRANTS,0T71,AREA PLAN ON AGING - OLDER AMERICANS ACT,50,FAMILY AND SUPPORT SERVICES,2903,AREA PLAN ON AGING - STATE,169,TECHNICAL MEETING COSTS,5000
GRANTS,0T71,AREA PLAN ON AGING - OLDER AMERICANS ACT,50,FAMILY AND SUPPORT SERVICES,2903,AREA PLAN ON AGING - STATE,190,TELEPHONE - NON-CENTREX BILLINGS,50000
GRANTS,0T71,AREA PLAN ON AGING - OLDER AMERICANS ACT,50,FAMILY AND SUPPORT SERVICES,2903,AREA PLAN ON AGING - STATE,229,TRANSPORTATION AND EXPENSE ALLOWANCE,1500
GRANTS,0T71,AREA PLAN ON AGING - OLDER AMERICANS ACT,50,FAMILY AND SUPPORT SERVICES,2903,AREA PLAN ON AGING - STATE,270,LOCAL TRANSPORTATION,1500
GRANTS,0293,RENTAL REHABILITATION,54,PLANNING AND DEVELOPMENT,2882,Rental Rehabilitation,140,PROFESSIONAL AND TECHNICAL SERVICES,400000
GRANTS,0J63,CDBG - DISASTER RECOVERY,54,PLANNING AND DEVELOPMENT,2880,CDBG - Disaster Recovery,140,PROFESSIONAL AND TECHNICAL SERVICES,9447000
GRANTS,0K11,HOME INVESTMENT PARTNERSHIP,54,PLANNING AND DEVELOPMENT,2819,HOME INVESTMENT PARTNERSHIP,9103,REHABILITATION LOANS GT,582000
GRANTS,0K14,HOME PROGRAM,54,PLANNING AND DEVELOPMENT,2819,HOME INVESTMENT PARTNERSHIP,9103,REHABILITATION LOANS GT,6038000
GRANTS,0K17,STATE-ILL DEPT OF COMMERCE,54,PLANNING AND DEVELOPMENT,2832,RAVENSWOOD INDUSTRIAL COORIDOR,140,PROFESSIONAL AND TECHNICAL SERVICES,102000
GRANTS,0K32,FORECLOSURE PREVENTION PROGRAM,54,PLANNING AND DEVELOPMENT,2868,FORECLOSURE PREVENTION PROGRAM,135,DELEGATE AGENCIES,700000
GRANTS,0K32,FORECLOSURE PREVENTION PROGRAM,54,PLANNING AND DEVELOPMENT,2868,FORECLOSURE PREVENTION PROGRAM,140,PROFESSIONAL AND TECHNICAL SERVICES,756000
GRANTS,0K43,CHOICE NEIGHBORHOODS IMPLEMENTATION,54,PLANNING AND DEVELOPMENT,2863,CHOICE NEIGHBORHOODS IMPLEM,5,SALARIES AND WAGES - ON PAYROLL,75182
GRANTS,0K43,CHOICE NEIGHBORHOODS IMPLEMENTATION,54,PLANNING AND DEVELOPMENT,2863,CHOICE NEIGHBORHOODS IMPLEM,44,FRINGE BENEFITS,32666
GRANTS,0K43,CHOICE NEIGHBORHOODS IMPLEMENTATION,54,PLANNING AND DEVELOPMENT,2863,CHOICE NEIGHBORHOODS IMPLEM,140,PROFESSIONAL AND TECHNICAL SERVICES,302017
GRANTS,0K43,CHOICE NEIGHBORHOODS IMPLEMENTATION,54,PLANNING AND DEVELOPMENT,2863,CHOICE NEIGHBORHOODS IMPLEM,270,LOCAL TRANSPORTATION,500
GRANTS,0K43,CHOICE NEIGHBORHOODS IMPLEMENTATION,54,PLANNING AND DEVELOPMENT,2863,CHOICE NEIGHBORHOODS IMPLEM,801,INDIRECT COSTS,5635
GRANTS,0K73,HOME PROGRAM,54,PLANNING AND DEVELOPMENT,2819,HOME INVESTMENT PARTNERSHIP,140,PROFESSIONAL AND TECHNICAL SERVICES,804500
GRANTS,0K73,HOME PROGRAM,54,PLANNING AND DEVELOPMENT,2819,HOME INVESTMENT PARTNERSHIP,9103,REHABILITATION LOANS GT,12277500
GRANTS,0K89,HOME PROGRAM,54,PLANNING AND DEVELOPMENT,2819,HOME INVESTMENT PARTNERSHIP,140,PROFESSIONAL AND TECHNICAL SERVICES,350500
GRANTS,0K89,HOME PROGRAM,54,PLANNING AND DEVELOPMENT,2819,HOME INVESTMENT PARTNERSHIP,9103,REHABILITATION LOANS GT,14895500
GRANTS,0K91,LOW INCOME HOUSING TRUST FUND,54,PLANNING AND DEVELOPMENT,2874,Low Income Housing Trust Fund,9103,REHABILITATION LOANS GT,22654000
GRANTS,0S13,ARRA - NEIGHBORHOOD STABILIZATION PGM 3,54,PLANNING AND DEVELOPMENT,2878,NSP PROGRAM INCOME 3,140,PROFESSIONAL AND TECHNICAL SERVICES,656740
GRANTS,0S13,ARRA - NEIGHBORHOOD STABILIZATION PGM 3,54,PLANNING AND DEVELOPMENT,2878,NSP PROGRAM INCOME 3,801,INDIRECT COSTS,56260
GRANTS,0S73,NEIGHBORHOOD STABILIZATION GRANT,54,PLANNING AND DEVELOPMENT,2849,NSP PROGRAM INCOME,140,PROFESSIONAL AND TECHNICAL SERVICES,407000
GRANTS,0S85,NEIGHBORHOOD STABILIZATION PROGRAM,54,PLANNING AND DEVELOPMENT,2850,NSP PROGRAM INCOME,5,SALARIES AND WAGES - ON PAYROLL,91188
GRANTS,0S85,NEIGHBORHOOD STABILIZATION PROGRAM,54,PLANNING AND DEVELOPMENT,2850,NSP PROGRAM INCOME,44,FRINGE BENEFITS,38828
GRANTS,0S85,NEIGHBORHOOD STABILIZATION PROGRAM,54,PLANNING AND DEVELOPMENT,2850,NSP PROGRAM INCOME,140,PROFESSIONAL AND TECHNICAL SERVICES,601984
GRANTS,0V24,HOME PROGRAM,54,PLANNING AND DEVELOPMENT,2819,HOME INVESTMENT PARTNERSHIP,5,SALARIES AND WAGES - ON PAYROLL,759942
GRANTS,0V24,HOME PROGRAM,54,PLANNING AND DEVELOPMENT,2819,HOME INVESTMENT PARTNERSHIP,44,FRINGE BENEFITS,330187
GRANTS,0V24,HOME PROGRAM,54,PLANNING AND DEVELOPMENT,2819,HOME INVESTMENT PARTNERSHIP,140,PROFESSIONAL AND TECHNICAL SERVICES,350500
GRANTS,0V24,HOME PROGRAM,54,PLANNING AND DEVELOPMENT,2819,HOME INVESTMENT PARTNERSHIP,155,RENTAL OF PROPERTY,100000
GRANTS,0V24,HOME PROGRAM,54,PLANNING AND DEVELOPMENT,2819,HOME INVESTMENT PARTNERSHIP,9103,REHABILITATION LOANS GT,13525490
GRANTS,0V24,HOME PROGRAM,54,PLANNING AND DEVELOPMENT,2819,HOME INVESTMENT PARTNERSHIP,9651,REIMB - INDIRECT COSTS,306881
GRANTS,0191,ASSET FORFEITURE - STATE,57,CHICAGO POLICE DEPARTMENT,2817,ASSET FORFEITURE - STATE,140,PROFESSIONAL AND TECHNICAL SERVICES,22000
GRANTS,0191,ASSET FORFEITURE - STATE,57,CHICAGO POLICE DEPARTMENT,2817,ASSET FORFEITURE - STATE,157,RENTAL EQUIPMENT AND SERVICES,1196000
GRANTS,0191,ASSET FORFEITURE - STATE,57,CHICAGO POLICE DEPARTMENT,2817,ASSET FORFEITURE - STATE,340,MATERIAL AND SUPPLIES,5000
GRANTS,0191,ASSET FORFEITURE - STATE,57,CHICAGO POLICE DEPARTMENT,2817,ASSET FORFEITURE - STATE,350,STATIONERY AND OFFICE SUPPLIES,10000
GRANTS,0191,ASSET FORFEITURE - STATE,57,CHICAGO POLICE DEPARTMENT,2817,ASSET FORFEITURE - STATE,445,TECHNICAL AND SCIENTIFIC EQUIPMENT,20000
GRANTS,0191,ASSET FORFEITURE - STATE,57,CHICAGO POLICE DEPARTMENT,2817,ASSET FORFEITURE - STATE,451,VEHICLES - POLICE AND FIRE,662000
GRANTS,0243,TRANSPORTATION SECURITY ADMIN AGRMT,57,CHICAGO POLICE DEPARTMENT,2862,TRANSPORTATION SEC-O'HARE,140,PROFESSIONAL AND TECHNICAL SERVICES,1750000
GRANTS,0243,TRANSPORTATION SECURITY ADMIN AGRMT,57,CHICAGO POLICE DEPARTMENT,2862,TRANSPORTATION SEC-O'HARE,9700,REIMBURSABLE TRANSFERS BETWEEN FUNDS,-1750000
GRANTS,0243,TRANSPORTATION SECURITY ADMIN AGRMT,57,CHICAGO POLICE DEPARTMENT,2863,TRANSPORTATION SEC-MIDWAY,140,PROFESSIONAL AND TECHNICAL SERVICES,537000
GRANTS,0243,TRANSPORTATION SECURITY ADMIN AGRMT,57,CHICAGO POLICE DEPARTMENT,2863,TRANSPORTATION SEC-MIDWAY,9700,REIMBURSABLE TRANSFERS BETWEEN FUNDS,-537000
GRANTS,0657,POLICE PROGRAM,57,CHICAGO POLICE DEPARTMENT,2816,ASSET FORFEITURE - FEDERAL,140,PROFESSIONAL AND TECHNICAL SERVICES,101000
GRANTS,0657,POLICE PROGRAM,57,CHICAGO POLICE DEPARTMENT,2816,ASSET FORFEITURE - FEDERAL,340,MATERIAL AND SUPPLIES,590000
GRANTS,0B17,ASSET FORFEITURE - FEDERAL,57,CHICAGO POLICE DEPARTMENT,2816,ASSET FORFEITURE - FEDERAL,140,PROFESSIONAL AND TECHNICAL SERVICES,1520000
GRANTS,0B17,ASSET FORFEITURE - FEDERAL,57,CHICAGO POLICE DEPARTMENT,2816,ASSET FORFEITURE - FEDERAL,157,RENTAL EQUIPMENT AND SERVICES,134000
GRANTS,0B17,ASSET FORFEITURE - FEDERAL,57,CHICAGO POLICE DEPARTMENT,2816,ASSET FORFEITURE - FEDERAL,176,MAINTENANCE AND OPERATION - VEHICLES,500000
GRANTS,0B17,ASSET FORFEITURE - FEDERAL,57,CHICAGO POLICE DEPARTMENT,2816,ASSET FORFEITURE - FEDERAL,245,REIMBURSEMENT TO TRAVELERS,50000
GRANTS,0B17,ASSET FORFEITURE - FEDERAL,57,CHICAGO POLICE DEPARTMENT,2816,ASSET FORFEITURE - FEDERAL,340,MATERIAL AND SUPPLIES,851000
GRANTS,0J14,EDWARD BYRNE MEMORIAL JUSTICE ASSISTANCE,57,CHICAGO POLICE DEPARTMENT,2996,Edward Byrne Memorial JAG,5,SALARIES AND WAGES - ON PAYROLL,98760
GRANTS,0J14,EDWARD BYRNE MEMORIAL JUSTICE ASSISTANCE,57,CHICAGO POLICE DEPARTMENT,2996,Edward Byrne Memorial JAG,44,FRINGE BENEFITS,42910
GRANTS,0J14,EDWARD BYRNE MEMORIAL JUSTICE ASSISTANCE,57,CHICAGO POLICE DEPARTMENT,2996,Edward Byrne Memorial JAG,135,DELEGATE AGENCIES,702330
GRANTS,0J14,EDWARD BYRNE MEMORIAL JUSTICE ASSISTANCE,57,CHICAGO POLICE DEPARTMENT,2996,Edward Byrne Memorial JAG,801,INDIRECT COSTS,6000
GRANTS,0K62,COPS HIRING PROGRAM,57,CHICAGO POLICE DEPARTMENT,2983,COPS HIRING PROGRAM,5,SALARIES AND WAGES - ON PAYROLL,1688526
GRANTS,0K62,COPS HIRING PROGRAM,57,CHICAGO POLICE DEPARTMENT,2983,COPS HIRING PROGRAM,15,SCHEDULE SALARY ADJUSTMENTS,80008
GRANTS,0K62,COPS HIRING PROGRAM,57,CHICAGO POLICE DEPARTMENT,2983,COPS HIRING PROGRAM,44,FRINGE BENEFITS,761466
GRANTS,0K65,EDWARD BYRNE MEMORIAL JAG,57,CHICAGO POLICE DEPARTMENT,2996,Edward Byrne Memorial JAG,6,SALARY PROVISION,135000
GRANTS,0K65,EDWARD BYRNE MEMORIAL JAG,57,CHICAGO POLICE DEPARTMENT,2996,Edward Byrne Memorial JAG,135,DELEGATE AGENCIES,599000
GRANTS,0K65,EDWARD BYRNE MEMORIAL JAG,57,CHICAGO POLICE DEPARTMENT,2996,Edward Byrne Memorial JAG,450,VEHICLES,678000
GRANTS,0K65,EDWARD BYRNE MEMORIAL JAG,57,CHICAGO POLICE DEPARTMENT,2996,Edward Byrne Memorial JAG,801,INDIRECT COSTS,30000
GRANTS,0K65,EDWARD BYRNE MEMORIAL JAG,57,CHICAGO POLICE DEPARTMENT,2996,Edward Byrne Memorial JAG,999,CULTURAL PROGRAMMING GRANTS,50000
GRANTS,0K76,GET BEHIND THE VEST,57,CHICAGO POLICE DEPARTMENT,2999,Get Behind the Vest,340,MATERIAL AND SUPPLIES,1200000
GRANTS,0K78,ANTITERRORISM AND EMERGENCY ASSISTANCE,57,CHICAGO POLICE DEPARTMENT,,Anti-Terrorism/Emergency Ass.,140,PROFESSIONAL AND TECHNICAL SERVICES,584000
GRANTS,0K79,OPTIMIZING VIDEO TECHNOLOGY,57,CHICAGO POLICE DEPARTMENT,,Optimizing Video Tech.,20,OVERTIME,98000
GRANTS,0K86,COMMUNITY POLICING DEVELOPMENT,57,CHICAGO POLICE DEPARTMENT,2909,Community Policing Development,140,PROFESSIONAL AND TECHNICAL SERVICES,41000
GRANTS,0K86,COMMUNITY POLICING DEVELOPMENT,57,CHICAGO POLICE DEPARTMENT,2909,Community Policing Development,801,INDIRECT COSTS,1000
GRANTS,0K98,TRANSIT SECURITY,57,CHICAGO POLICE DEPARTMENT,2921,TRANSIT SECURITY,6,SALARY PROVISION,576000
GRANTS,0P19,US DEPT OF JUSTICE,57,CHICAGO POLICE DEPARTMENT,2912,SAFE ROUTES TO SCHOOLS,150,PUBLICATN & REPRODT-OUT,14000
GRANTS,0P19,US DEPT OF JUSTICE,57,CHICAGO POLICE DEPARTMENT,2912,SAFE ROUTES TO SCHOOLS,340,MATERIAL AND SUPPLIES,88000
GRANTS,0P19,US DEPT OF JUSTICE,57,CHICAGO POLICE DEPARTMENT,2935,JUSTICE AND MENTAL HEALTH,140,PROFESSIONAL AND TECHNICAL SERVICES,133000
GRANTS,0P19,US DEPT OF JUSTICE,57,CHICAGO POLICE DEPARTMENT,2935,JUSTICE AND MENTAL HEALTH,245,REIMBURSEMENT TO TRAVELERS,2000
GRANTS,0P19,US DEPT OF JUSTICE,57,CHICAGO POLICE DEPARTMENT,2935,JUSTICE AND MENTAL HEALTH,801,INDIRECT COSTS,5000
GRANTS,0P39,FEDERAL U.S. DOJ,57,CHICAGO POLICE DEPARTMENT,2982,SMART POLICING INNOVATION,140,PROFESSIONAL AND TECHNICAL SERVICES,608000
GRANTS,0P39,FEDERAL U.S. DOJ,57,CHICAGO POLICE DEPARTMENT,2982,SMART POLICING INNOVATION,245,REIMBURSEMENT TO TRAVELERS,3000
GRANTS,0P39,FEDERAL U.S. DOJ,57,CHICAGO POLICE DEPARTMENT,2982,SMART POLICING INNOVATION,801,INDIRECT COSTS,20000
GRANTS,0P68,EDWARD BYRNE MEMORIAL JAG,57,CHICAGO POLICE DEPARTMENT,2985,Edward Byrne Memorial JAG,135,DELEGATE AGENCIES,1605000
GRANTS,0P68,EDWARD BYRNE MEMORIAL JAG,57,CHICAGO POLICE DEPARTMENT,2985,Edward Byrne Memorial JAG,450,VEHICLES,23000
GRANTS,0P68,EDWARD BYRNE MEMORIAL JAG,57,CHICAGO POLICE DEPARTMENT,2985,Edward Byrne Memorial JAG,801,INDIRECT COSTS,67000
GRANTS,0P87,PUBLIC SAFETY PRIVATE SUPPORT,57,CHICAGO POLICE DEPARTMENT,2854,PUBLIC SAFETY,140,PROFESSIONAL AND TECHNICAL SERVICES,207000
GRANTS,0V00,COPS HIRING PROGRAM,57,CHICAGO POLICE DEPARTMENT,2983,COPS HIRING PROGRAM,5,SALARIES AND WAGES - ON PAYROLL,1134681
GRANTS,0V00,COPS HIRING PROGRAM,57,CHICAGO POLICE DEPARTMENT,2983,COPS HIRING PROGRAM,44,FRINGE BENEFITS,491319
GRANTS,0V03,EDWARD BYRNE MEMORIAL JAG,57,CHICAGO POLICE DEPARTMENT,2996,Edward Byrne Memorial JAG,6,SALARY PROVISION,133000
GRANTS,0V03,EDWARD BYRNE MEMORIAL JAG,57,CHICAGO POLICE DEPARTMENT,2996,Edward Byrne Memorial JAG,135,DELEGATE AGENCIES,669000
GRANTS,0V03,EDWARD BYRNE MEMORIAL JAG,57,CHICAGO POLICE DEPARTMENT,2996,Edward Byrne Memorial JAG,450,VEHICLES,1449000
GRANTS,0V03,EDWARD BYRNE MEMORIAL JAG,57,CHICAGO POLICE DEPARTMENT,2996,Edward Byrne Memorial JAG,801,INDIRECT COSTS,33000
GRANTS,0V03,EDWARD BYRNE MEMORIAL JAG,57,CHICAGO POLICE DEPARTMENT,2996,Edward Byrne Memorial JAG,999,CULTURAL PROGRAMMING GRANTS,50000
GRANTS,0V08,OPTIMIZING VIDEO TECHNOLOGY,57,CHICAGO POLICE DEPARTMENT,,Optimizing Video Tech.,20,OVERTIME,71000
GRANTS,0V08,OPTIMIZING VIDEO TECHNOLOGY,57,CHICAGO POLICE DEPARTMENT,,Optimizing Video Tech.,140,PROFESSIONAL AND TECHNICAL SERVICES,471000
GRANTS,0V09,EMERGENCY MANAGEMENT PRIVATE SUPPORT,58,OEMC,2898,Emergency Mgmt Private Support,340,MATERIAL AND SUPPLIES,10000
GRANTS,0V10,BJA BODY WORN CAMERAS,57,CHICAGO POLICE DEPARTMENT,,BJA Body Worn Cameras,140,PROFESSIONAL AND TECHNICAL SERVICES,390000
GRANTS,0V10,BJA BODY WORN CAMERAS,57,CHICAGO POLICE DEPARTMENT,,BJA Body Worn Cameras,445,TECHNICAL AND SCIENTIFIC EQUIPMENT,1000000
GRANTS,0V13,NAT. EXPLOSIVES DETECT. CANINE,57,CHICAGO POLICE DEPARTMENT,2882,NAT. EXPLOSIVES DETECT. CANINE,6,SALARY PROVISION,678000
GRANTS,0V13,NAT. EXPLOSIVES DETECT. CANINE,57,CHICAGO POLICE DEPARTMENT,2882,NAT. EXPLOSIVES DETECT. CANINE,140,PROFESSIONAL AND TECHNICAL SERVICES,20000
GRANTS,0V13,NAT. EXPLOSIVES DETECT. CANINE,57,CHICAGO POLICE DEPARTMENT,2882,NAT. EXPLOSIVES DETECT. CANINE,176,MAINTENANCE AND OPERATION - VEHICLES,20000
GRANTS,0V13,NAT. EXPLOSIVES DETECT. CANINE,57,CHICAGO POLICE DEPARTMENT,2882,NAT. EXPLOSIVES DETECT. CANINE,320,GASOLINE,30000
GRANTS,0V13,NAT. EXPLOSIVES DETECT. CANINE,57,CHICAGO POLICE DEPARTMENT,2882,NAT. EXPLOSIVES DETECT. CANINE,330,FOOD,10000
GRANTS,0V14,TRANSIT SECURITY,57,CHICAGO POLICE DEPARTMENT,2921,TRANSIT SECURITY,5,SALARIES AND WAGES - ON PAYROLL,1838742
GRANTS,0V14,TRANSIT SECURITY,57,CHICAGO POLICE DEPARTMENT,2921,TRANSIT SECURITY,6,SALARY PROVISION,1503343
GRANTS,0V14,TRANSIT SECURITY,57,CHICAGO POLICE DEPARTMENT,2921,TRANSIT SECURITY,44,FRINGE BENEFITS,798915
GRANTS,0V18,COPS HIRING PROGRAM,57,CHICAGO POLICE DEPARTMENT,2983,COPS HIRING PROGRAM,6,SALARY PROVISION,3125000
GRANTS,0V19,EDWARD BYRNE MEMORIAL JAG,57,CHICAGO POLICE DEPARTMENT,2996,Edward Byrne Memorial JAG,140,PROFESSIONAL AND TECHNICAL SERVICES,3200000
GRANTS,0V20,IDOT SUSTAINED TRAFFIC ENFORCEMENT PGM,57,CHICAGO POLICE DEPARTMENT,2968,IDOT SUSTAINED TRAFFIC ENFORCE,20,OVERTIME,384000
GRANTS,0V20,IDOT SUSTAINED TRAFFIC ENFORCEMENT PGM,57,CHICAGO POLICE DEPARTMENT,2968,IDOT SUSTAINED TRAFFIC ENFORCE,176,MAINTENANCE AND OPERATION - VEHICLES,9000
GRANTS,0V20,IDOT SUSTAINED TRAFFIC ENFORCEMENT PGM,57,CHICAGO POLICE DEPARTMENT,2968,IDOT SUSTAINED TRAFFIC ENFORCE,9776,TRANSFER FOR SERVICES - DSS,3000
GRANTS,0V21,INJURY PREVENTION,57,CHICAGO POLICE DEPARTMENT,2987,INJURY PREVENTION,20,OVERTIME,150000
GRANTS,0V22,LOCAL ALCOHOL PROGRAM,57,CHICAGO POLICE DEPARTMENT,2995,Local Alcohol Program,6,SALARY PROVISION,72000
GRANTS,0V22,LOCAL ALCOHOL PROGRAM,57,CHICAGO POLICE DEPARTMENT,2995,Local Alcohol Program,20,OVERTIME,429000
GRANTS,0V22,LOCAL ALCOHOL PROGRAM,57,CHICAGO POLICE DEPARTMENT,2995,Local Alcohol Program,176,MAINTENANCE AND OPERATION - VEHICLES,19000
GRANTS,0V22,LOCAL ALCOHOL PROGRAM,57,CHICAGO POLICE DEPARTMENT,2995,Local Alcohol Program,245,REIMBURSEMENT TO TRAVELERS,3000
GRANTS,0V22,LOCAL ALCOHOL PROGRAM,57,CHICAGO POLICE DEPARTMENT,2995,Local Alcohol Program,9776,TRANSFER FOR SERVICES - DSS,30000
GRANTS,0V33,VIOLENCE AGAINST WOMEN,57,CHICAGO POLICE DEPARTMENT,2844,VIOLENCE AGAINST WOMEN - DVP,140,PROFESSIONAL AND TECHNICAL SERVICES,97000
GRANTS,0V34,VIOLENCE AGAINST WOMEN,57,CHICAGO POLICE DEPARTMENT,2842,VIOLENCE AGAINST WOMEN - SAP,140,PROFESSIONAL AND TECHNICAL SERVICES,57000
GRANTS,0783,ILLINOIS DEPARTMENT OF TRANSPORTATION,58,OEMC,2855,TRAFFIC MGMT AUTH CONTROL AIDE,6,SALARY PROVISION,506000
GRANTS,0K68,URBAN AREAS SECURITY INITIATIVE,58,OEMC,2811,URBAN AREA SECURITY INITIATIVE,5,SALARIES AND WAGES - ON PAYROLL,2186198
GRANTS,0K68,URBAN AREAS SECURITY INITIATIVE,58,OEMC,2811,URBAN AREA SECURITY INITIATIVE,15,SCHEDULE SALARY ADJUSTMENTS,6123
GRANTS,0K68,URBAN AREAS SECURITY INITIATIVE,58,OEMC,2811,URBAN AREA SECURITY INITIATIVE,44,FRINGE BENEFITS,984548
GRANTS,0K68,URBAN AREAS SECURITY INITIATIVE,58,OEMC,2811,URBAN AREA SECURITY INITIATIVE,140,PROFESSIONAL AND TECHNICAL SERVICES,31823131
GRANTS,0K94,URBAN AREAS SECURITY INITIATIVE,58,OEMC,2811,URBAN AREA SECURITY INITIATIVE,140,PROFESSIONAL AND TECHNICAL SERVICES,40978000
GRANTS,0M02,OEMC,58,OEMC,2826,COM ED - WEATHERIZATION,140,PROFESSIONAL AND TECHNICAL SERVICES,47000
GRANTS,0M02,OEMC,58,OEMC,2835,NEXTEL FREQUENCY RECONFIG,140,PROFESSIONAL AND TECHNICAL SERVICES,493000
GRANTS,0M11,FEDERAL USEPA,58,OEMC,2888,HAZARD MITIGATION,140,PROFESSIONAL AND TECHNICAL SERVICES,442000
GRANTS,0V25,EMERGENCY MANAGEMENT ASSISTANCE,58,OEMC,2820,EMERGENCY MGMT ASSISTANCE,6,SALARY PROVISION,625000
GRANTS,0V26,PORT SECURITY GRANT,58,OEMC,2831,PORT SECURITY GRANT,140,PROFESSIONAL AND TECHNICAL SERVICES,1500000
GRANTS,0V27,URBAN AREAS SECURITY INITIATIVE,58,OEMC,2811,URBAN AREA SECURITY INITIATIVE,140,PROFESSIONAL AND TECHNICAL SERVICES,45000000
GRANTS,0V31,VIDEO SURVEILLANCE NETWORK,58,OEMC,2893,VIDEO SURVEILLANCE NETWORK,140,PROFESSIONAL AND TECHNICAL SERVICES,1000000
GRANTS,0X69,HAZARDOUS MATERIALS EMERGENCY PREP PLAN,58,OEMC,2825,HAZARDOUS MAT EMER PREP GRANT,140,PROFESSIONAL AND TECHNICAL SERVICES,74000
GRANTS,0J18,ASSISTANCE TO FIREFIGHTERS GRANT,59,CHICAGO FIRE DEPARTMENT,2812,ASSISTANCE TO FIREFIGHTERS,140,PROFESSIONAL AND TECHNICAL SERVICES,3059000
GRANTS,0V29,ASSISTANCE TO FIREFIGHTERS GRANT,59,CHICAGO FIRE DEPARTMENT,2812,ASSISTANCE TO FIREFIGHTERS,140,PROFESSIONAL AND TECHNICAL SERVICES,2750000
GRANTS,0V30,FIRE ACADEMY TRAINING AND IMPROVEMENT,59,CHICAGO FIRE DEPARTMENT,2810,FIRE ACAD TRNG/IMPROVEMENT,5,SALARIES AND WAGES - ON PAYROLL,954484
GRANTS,0V30,FIRE ACADEMY TRAINING AND IMPROVEMENT,59,CHICAGO FIRE DEPARTMENT,2810,FIRE ACAD TRNG/IMPROVEMENT,44,FRINGE BENEFITS,430234
GRANTS,0V30,FIRE ACADEMY TRAINING AND IMPROVEMENT,59,CHICAGO FIRE DEPARTMENT,2810,FIRE ACAD TRNG/IMPROVEMENT,140,PROFESSIONAL AND TECHNICAL SERVICES,1305282
GRANTS,0V35,SECURING THE CITY,59,CHICAGO FIRE DEPARTMENT,2823,Securing the City,5,SALARIES AND WAGES - ON PAYROLL,238797
GRANTS,0V35,SECURING THE CITY,59,CHICAGO FIRE DEPARTMENT,2823,Securing the City,44,FRINGE BENEFITS,119624
GRANTS,0V35,SECURING THE CITY,59,CHICAGO FIRE DEPARTMENT,2823,Securing the City,140,PROFESSIONAL AND TECHNICAL SERVICES,3141579
GRANTS,0V36,PORT SECURITY,59,CHICAGO FIRE DEPARTMENT,2824,Port Security,140,PROFESSIONAL AND TECHNICAL SERVICES,90000
GRANTS,0V37,FIRE ACADEMY TRAINING AND IMPROVEMENT,59,CHICAGO FIRE DEPARTMENT,2810,FIRE ACAD TRNG/IMPROVEMENT,140,PROFESSIONAL AND TECHNICAL SERVICES,2690000
GRANTS,0J94,TOBACCO ENFORCEMENT GRANT,70,BACP,2801,TOBACCO ENFORCEMENT GRANT,5,SALARIES AND WAGES - ON PAYROLL,233217
GRANTS,0J94,TOBACCO ENFORCEMENT GRANT,70,BACP,2801,TOBACCO ENFORCEMENT GRANT,44,FRINGE BENEFITS,139783
GRANTS,0K52,TOBACCO ENFORCEMENT GRANT,70,BACP,2801,TOBACCO ENFORCEMENT GRANT,5,SALARIES AND WAGES - ON PAYROLL,50676
GRANTS,0K52,TOBACCO ENFORCEMENT GRANT,70,BACP,2801,TOBACCO ENFORCEMENT GRANT,6,SALARY PROVISION,19746
GRANTS,0K52,TOBACCO ENFORCEMENT GRANT,70,BACP,2801,TOBACCO ENFORCEMENT GRANT,44,FRINGE BENEFITS,21578
GRANTS,0P20,IL DEPT OF COMMERCE,70,BACP,2815,CABLE LOCAL ORIGINATION,5,SALARIES AND WAGES - ON PAYROLL,327411
GRANTS,0P20,IL DEPT OF COMMERCE,70,BACP,2815,CABLE LOCAL ORIGINATION,44,FRINGE BENEFITS,142257
GRANTS,0P20,IL DEPT OF COMMERCE,70,BACP,2815,CABLE LOCAL ORIGINATION,140,PROFESSIONAL AND TECHNICAL SERVICES,5332
GRANTS,0J63,CDBG - DISASTER RECOVERY,84,CDOT,2999,CDBG - Disaster Recovery,140,PROFESSIONAL AND TECHNICAL SERVICES,13652000
GRANTS,0L35,ROADWAY BEAUTIFICATION AND ENHANCEMENT,84,CDOT,2864,Roadway Beautification,540,CONSTRUCTION OF BUILDINGS AND STRUCTURES,4223000
GRANTS,0L64,MOBILITY OF SENIORS/DISABLED,84,CDOT,2700,Mobility of Seniors/Disabled,140,PROFESSIONAL AND TECHNICAL SERVICES,3073000
GRANTS,0L71,CMAP LOCAL ASSISTANCE PROGRAM,84,CDOT,2968,CMAP LOCAL ASSISTANCE PROGRAM,140,PROFESSIONAL AND TECHNICAL SERVICES,250000
GRANTS,0L72,CTA INFRASTRUCTURE IMPROVEMENT,84,CDOT,2996,CTA Infrastructure Improvement,140,PROFESSIONAL AND TECHNICAL SERVICES,2000000
GRANTS,0L73,CONGESTION MITIGATION AIR QUALITY,84,CDOT,2805,CMAQ - Federal,540,CONSTRUCTION OF BUILDINGS AND STRUCTURES,65000000
GRANTS,0L74,COOK COUNTY HIGHWAY PROGRAM,84,CDOT,2873,COOK COUNTY HIGHWAY PROGRAM,540,CONSTRUCTION OF BUILDINGS AND STRUCTURES,5000000
GRANTS,0L75,CUBS FUND FOR NEIGHBORHOOD IMPROVEMENTS,84,CDOT,2995,Cubs Fund for Neighborhood Imp,140,PROFESSIONAL AND TECHNICAL SERVICES,500000
GRANTS,0L76,HIGH PRIORITY / SAFETEA - LU - FEDERAL,84,CDOT,2869,SAFETEA - LU - FEDERAL,540,CONSTRUCTION OF BUILDINGS AND STRUCTURES,12000000
GRANTS,0L77,HIGHWAY SAFETY IMPROVEMENT PROGRAM,84,CDOT,2925,HIGHWAY SAFETY IMPROVEMENT PGM,140,PROFESSIONAL AND TECHNICAL SERVICES,7500000
GRANTS,0L78,HIGHWAY SAFETY PROGRAM INJURY PREVENTION,84,CDOT,2974,Highway Safety Pgm. Injury Prv,140,PROFESSIONAL AND TECHNICAL SERVICES,385000
GRANTS,0L79,IDOT EMERGENCY REPAIR PROGRAM,84,CDOT,2923,IDOT EMERGENCY REPAIR PROGRAM,540,CONSTRUCTION OF BUILDINGS AND STRUCTURES,1000000
GRANTS,0L80,BRIDGE MAINTENANCE - IDOT,84,CDOT,2880,Bridge Maintenance - IDOT,540,CONSTRUCTION OF BUILDINGS AND STRUCTURES,750000
GRANTS,0L81,IDOT SECTION 408 TRAFFIC SAFETY,84,CDOT,2922,IDOT SECTION 408 TRAFFIC SAFTY,140,PROFESSIONAL AND TECHNICAL SERVICES,1700000
GRANTS,0L82,ILLINOIS TRANSPORTATION ENHANCEMENT,84,CDOT,2993,IL Transportation Enhancement,140,PROFESSIONAL AND TECHNICAL SERVICES,10000000
GRANTS,0L83,MAJOR BRIDGE - FEDERAL,84,CDOT,2906,Major Bridge - Federal,540,CONSTRUCTION OF BUILDINGS AND STRUCTURES,14500000
GRANTS,0L84,SAFE ROUTES TO SCHOOL,84,CDOT,2921,SAFE ROUTES TO SCHOOL,540,CONSTRUCTION OF BUILDINGS AND STRUCTURES,1500000
GRANTS,0L85,STATE ONLY CHICAGO COMMITMENT,84,CDOT,2992,State Only Chicago Commitment,540,CONSTRUCTION OF BUILDINGS AND STRUCTURES,110000000
GRANTS,0L86,STATE PLANNING AND RESEARCH,84,CDOT,2981,State Planning and Research,140,PROFESSIONAL AND TECHNICAL SERVICES,240000
GRANTS,0L87,STP - CONSTRUCTION,84,CDOT,2820,STP FEDERAL CONSTRUCTION,540,CONSTRUCTION OF BUILDINGS AND STRUCTURES,160000000
GRANTS,0L89,TRANSPORTATION ALTERNATIVES,84,CDOT,2994,Transportation Alternatives,140,PROFESSIONAL AND TECHNICAL SERVICES,18286000
GRANTS,0L90,TRANSPORTATION INVESTMENTS ECON RECOVERY,84,CDOT,2919,TIGER,540,CONSTRUCTION OF BUILDINGS AND STRUCTURES,18760000
GRANTS,0L91,TRANSPORTATION PLANNING,84,CDOT,2825,TRANSPORTATION PLANNING,5,SALARIES AND WAGES - ON PAYROLL,223945
GRANTS,0L91,TRANSPORTATION PLANNING,84,CDOT,2825,TRANSPORTATION PLANNING,15,SCHEDULE SALARY ADJUSTMENTS,1950
GRANTS,0L91,TRANSPORTATION PLANNING,84,CDOT,2825,TRANSPORTATION PLANNING,44,FRINGE BENEFITS,97302
GRANTS,0L91,TRANSPORTATION PLANNING,84,CDOT,2825,TRANSPORTATION PLANNING,140,PROFESSIONAL AND TECHNICAL SERVICES,816803
GRANTS,0L93,FEDERAL RAILROAD ADMIN,84,CDOT,,Federal Railroad Admin,140,PROFESSIONAL AND TECHNICAL SERVICES,1250000
GRANTS,0L94,NEW FREEDOM,84,CDOT,,New Freedom,140,PROFESSIONAL AND TECHNICAL SERVICES,1800000
GRANTS,0M07,PRIVATE FUNDED GRANTS,84,CDOT,2901,OUTSIDE FUNDING CONTRIBUTIONS,540,CONSTRUCTION OF BUILDINGS AND STRUCTURES,1000000
GRANTS,0623,AIP-MIDWAY,85,DEPARTMENT OF AVIATION,2805,AIP-MIDWAY,140,PROFESSIONAL AND TECHNICAL SERVICES,27791000
GRANTS,0623,AIP-MIDWAY,85,DEPARTMENT OF AVIATION,2807,MIDWAY TSA,140,PROFESSIONAL AND TECHNICAL SERVICES,45900000
GRANTS,0623,AIP-MIDWAY,85,DEPARTMENT OF AVIATION,2824,Midway - AIP - Noise Program,140,PROFESSIONAL AND TECHNICAL SERVICES,27860000
GRANTS,0624,O'HARE AIRPORT,85,DEPARTMENT OF AVIATION,2800,O'HARE - FAA (MOA) - PHASE II,140,PROFESSIONAL AND TECHNICAL SERVICES,19600000
GRANTS,0624,O'HARE AIRPORT,85,DEPARTMENT OF AVIATION,2810,AIP-O'HARE,140,PROFESSIONAL AND TECHNICAL SERVICES,132000000
GRANTS,0624,O'HARE AIRPORT,85,DEPARTMENT OF AVIATION,2811,O'HARE TRANS SEC ADM,140,PROFESSIONAL AND TECHNICAL SERVICES,52500000
GRANTS,0624,O'HARE AIRPORT,85,DEPARTMENT OF AVIATION,2813,O'HARE - AIP - NOISE PROGRAM,140,PROFESSIONAL AND TECHNICAL SERVICES,38000000
GRANTS,0624,O'HARE AIRPORT,85,DEPARTMENT OF AVIATION,2815,TSA EXPLOSIVES DETECT CANINE,140,PROFESSIONAL AND TECHNICAL SERVICES,1800000
GRANTS,0R11,ELECTRICAL EFFICIENCY PROGRAM,85,DEPARTMENT OF AVIATION,2816,O'HARE ELECTRIC ENERGY EFF.,140,PROFESSIONAL AND TECHNICAL SERVICES,2800000
GRANTS,0J63,CDBG - DISASTER RECOVERY,88,WATER MANAGEMENT,2880,CDBG - Disaster Recovery,140,PROFESSIONAL AND TECHNICAL SERVICES,23594000
GRANTS,0J86,ALBANY PARK FLOOD CONTROL,88,WATER MANAGEMENT,2809,Albany Park Flood Control,140,PROFESSIONAL AND TECHNICAL SERVICES,11000000
GRANTS,0815,CPL CONSTRUCTION,91,CHICAGO PUBLIC LIBRARY,2813,INDEPENDENCE BRANCH CAPITAL,540,CONSTRUCTION OF BUILDINGS AND STRUCTURES,275000
GRANTS,0815,CPL CONSTRUCTION,91,CHICAGO PUBLIC LIBRARY,2842,STATE CAPITAL CONSTRUCTION,540,CONSTRUCTION OF BUILDINGS AND STRUCTURES,7576000
GRANTS,0J66,WOODSON BRANCH CONSTRUCTION,91,CHICAGO PUBLIC LIBRARY,2846,Woodson Branch Construction,540,CONSTRUCTION OF BUILDINGS AND STRUCTURES,832000
GRANTS,0J84,INDEPENDENCE BRANCH CONSTRUCTION,91,CHICAGO PUBLIC LIBRARY,2843,INDEPENDENCE BRANCH - CAPITAL,140,PROFESSIONAL AND TECHNICAL SERVICES,1750000
GRANTS,0J89,ENGAGING LIBRARY PATRONS - DIGITAL SPACE,91,CHICAGO PUBLIC LIBRARY,2847,Engaging Library Patrons,140,PROFESSIONAL AND TECHNICAL SERVICES,1000000
GRANTS,0J95,ILLINOIS LIBRARY DEVELOPMENT-PER CAPITA,91,CHICAGO PUBLIC LIBRARY,2895,ILL LIBRARY DEVEL. PER CAPITA,5,SALARIES AND WAGES - ON PAYROLL,5058340
GRANTS,0J95,ILLINOIS LIBRARY DEVELOPMENT-PER CAPITA,91,CHICAGO PUBLIC LIBRARY,2895,ILL LIBRARY DEVEL. PER CAPITA,6,SALARY PROVISION,594
GRANTS,0J95,ILLINOIS LIBRARY DEVELOPMENT-PER CAPITA,91,CHICAGO PUBLIC LIBRARY,2895,ILL LIBRARY DEVEL. PER CAPITA,15,SCHEDULE SALARY ADJUSTMENTS,7081
GRANTS,0J95,ILLINOIS LIBRARY DEVELOPMENT-PER CAPITA,91,CHICAGO PUBLIC LIBRARY,2895,ILL LIBRARY DEVEL. PER CAPITA,44,FRINGE BENEFITS,2196985
GRANTS,0J98,LIVE AND LEARN CONSTRUCTION - NORTHTOWN,91,CHICAGO PUBLIC LIBRARY,2848,Live & Learn Const.- Northtown,540,CONSTRUCTION OF BUILDINGS AND STRUCTURES,250000
CDBG,0J43,CDBG,5,OBM,2505,ADMINISTRATION AND MONITORING,5,SALARIES AND WAGES - ON PAYROLL,239340
CDBG,0J43,CDBG,5,OBM,2505,ADMINISTRATION AND MONITORING,39,STUDENT AS TRAINEES,10000
CDBG,0J43,CDBG,5,OBM,2505,ADMINISTRATION AND MONITORING,44,FRINGE BENEFITS,101911
CDBG,0J43,CDBG,5,OBM,2505,ADMINISTRATION AND MONITORING,130,POSTAGE,3700
CDBG,0J43,CDBG,5,OBM,2505,ADMINISTRATION AND MONITORING,138,IT MAINTENANCE,4072
CDBG,0J43,CDBG,5,OBM,2505,ADMINISTRATION AND MONITORING,140,PROFESSIONAL AND TECHNICAL SERVICES,838563
CDBG,0J43,CDBG,5,OBM,2505,ADMINISTRATION AND MONITORING,152,ADVERTISING,20000
CDBG,0J43,CDBG,5,OBM,2505,ADMINISTRATION AND MONITORING,157,RENTAL EQUIPMENT AND SERVICES,17000
CDBG,0J43,CDBG,5,OBM,2505,ADMINISTRATION AND MONITORING,159,LEASE/PURCHASE EQUIPMENT,8600
CDBG,0J43,CDBG,5,OBM,2505,ADMINISTRATION AND MONITORING,169,TECHNICAL MEETING COSTS,27408
CDBG,0J43,CDBG,5,OBM,2505,ADMINISTRATION AND MONITORING,181,MOBILE COMMUNICATION SERVICES,927
CDBG,0J43,CDBG,5,OBM,2505,ADMINISTRATION AND MONITORING,190,TELEPHONE - NON-CENTREX BILLINGS,1665
CDBG,0J43,CDBG,5,OBM,2505,ADMINISTRATION AND MONITORING,245,REIMBURSEMENT TO TRAVELERS,3000
CDBG,0J43,CDBG,5,OBM,2505,ADMINISTRATION AND MONITORING,270,LOCAL TRANSPORTATION,3000
CDBG,0J43,CDBG,5,OBM,2505,ADMINISTRATION AND MONITORING,348,BOOKS AND RELATED MATERIAL,1630
CDBG,0J43,CDBG,5,OBM,2505,ADMINISTRATION AND MONITORING,350,STATIONERY AND OFFICE SUPPLIES,3500
CDBG,0J43,CDBG,5,OBM,2505,ADMINISTRATION AND MONITORING,9157,REPAYMENT SECTION 108,2379864
CDBG,0J43,CDBG,5,OBM,2505,ADMINISTRATION AND MONITORING,9438,REIMBURSEMENT - 2FM,20000
CDBG,0J43,CDBG,27,FINANCE,2512,ACCOUNTING FINANCIAL REPORTING,5,SALARIES AND WAGES - ON PAYROLL,521796
CDBG,0J43,CDBG,27,FINANCE,2512,ACCOUNTING FINANCIAL REPORTING,15,SCHEDULE SALARY ADJUSTMENTS,1541
CDBG,0J43,CDBG,27,FINANCE,2512,ACCOUNTING FINANCIAL REPORTING,39,STUDENT AS TRAINEES,20000
CDBG,0J43,CDBG,27,FINANCE,2512,ACCOUNTING FINANCIAL REPORTING,44,FRINGE BENEFITS,222180
CDBG,0J43,CDBG,27,FINANCE,2512,ACCOUNTING FINANCIAL REPORTING,140,PROFESSIONAL AND TECHNICAL SERVICES,79491
CDBG,0J43,CDBG,27,FINANCE,2512,ACCOUNTING FINANCIAL REPORTING,142,ACCOUNTING AND AUDITING,334650
CDBG,0J43,CDBG,27,FINANCE,2512,ACCOUNTING FINANCIAL REPORTING,149,SOFTWARE MAINTENANCE AND LICENSING,37500
CDBG,0J43,CDBG,27,FINANCE,2512,ACCOUNTING FINANCIAL REPORTING,348,BOOKS AND RELATED MATERIAL,12000
CDBG,0J43,CDBG,31,DEPARTMENT OF LAW,2515,CODE ENFORCEMENT,5,SALARIES AND WAGES - ON PAYROLL,1241468
CDBG,0J43,CDBG,31,DEPARTMENT OF LAW,2515,CODE ENFORCEMENT,15,SCHEDULE SALARY ADJUSTMENTS,1872
CDBG,0J43,CDBG,31,DEPARTMENT OF LAW,2515,CODE ENFORCEMENT,20,OVERTIME,100
CDBG,0J43,CDBG,31,DEPARTMENT OF LAW,2515,CODE ENFORCEMENT,44,FRINGE BENEFITS,539404
CDBG,0J43,CDBG,31,DEPARTMENT OF LAW,2515,CODE ENFORCEMENT,130,POSTAGE,100
CDBG,0J43,CDBG,31,DEPARTMENT OF LAW,2515,CODE ENFORCEMENT,140,PROFESSIONAL AND TECHNICAL SERVICES,492
CDBG,0J43,CDBG,31,DEPARTMENT OF LAW,2515,CODE ENFORCEMENT,178,FREIGHT AND EXPRESS CHARGES,144
CDBG,0J43,CDBG,31,DEPARTMENT OF LAW,2515,CODE ENFORCEMENT,270,LOCAL TRANSPORTATION,1305
CDBG,0J43,CDBG,38,FLEET AND FACILITY MANAGEMENT,2505,ENVIRONMENTAL REVIEW,5,SALARIES AND WAGES - ON PAYROLL,110064
CDBG,0J43,CDBG,38,FLEET AND FACILITY MANAGEMENT,2505,ENVIRONMENTAL REVIEW,44,FRINGE BENEFITS,46865
CDBG,0J43,CDBG,41,DEPARTMENT OF PUBLIC HEALTH,2555,LEAD POISONING PREVENTION,5,SALARIES AND WAGES - ON PAYROLL,2299353
CDBG,0J43,CDBG,41,DEPARTMENT OF PUBLIC HEALTH,2555,LEAD POISONING PREVENTION,15,SCHEDULE SALARY ADJUSTMENTS,6797
CDBG,0J43,CDBG,41,DEPARTMENT OF PUBLIC HEALTH,2555,LEAD POISONING PREVENTION,44,FRINGE BENEFITS,1005677
CDBG,0J43,CDBG,41,DEPARTMENT OF PUBLIC HEALTH,2555,LEAD POISONING PREVENTION,91,UNIFORM ALLOWANCE,2200
CDBG,0J43,CDBG,41,DEPARTMENT OF PUBLIC HEALTH,2555,LEAD POISONING PREVENTION,9651,REIMB - INDIRECT COSTS,646204
CDBG,0J43,CDBG,41,DEPARTMENT OF PUBLIC HEALTH,2565,VIOLENCE PREVENTION PROGRAM,135,DELEGATE AGENCIES,371000
CDBG,0J43,CDBG,41,DEPARTMENT OF PUBLIC HEALTH,2597,HIV Prevention Program,135,DELEGATE AGENCIES,355837
CDBG,0J43,CDBG,41,DEPARTMENT OF PUBLIC HEALTH,2598,MENTAL HEALTH CLINICS,5,SALARIES AND WAGES - ON PAYROLL,3940118
CDBG,0J43,CDBG,41,DEPARTMENT OF PUBLIC HEALTH,2598,MENTAL HEALTH CLINICS,15,SCHEDULE SALARY ADJUSTMENTS,3059
CDBG,0J43,CDBG,41,DEPARTMENT OF PUBLIC HEALTH,2598,MENTAL HEALTH CLINICS,44,FRINGE BENEFITS,1716010
CDBG,0J43,CDBG,41,DEPARTMENT OF PUBLIC HEALTH,2598,MENTAL HEALTH CLINICS,135,DELEGATE AGENCIES,350000
CDBG,0J43,CDBG,41,DEPARTMENT OF PUBLIC HEALTH,2598,MENTAL HEALTH CLINICS,140,PROFESSIONAL AND TECHNICAL SERVICES,388952
CDBG,0J43,CDBG,41,DEPARTMENT OF PUBLIC HEALTH,2598,MENTAL HEALTH CLINICS,9651,REIMB - INDIRECT COSTS,646205
CDBG,0J43,CDBG,45,COMMISSION ON HUMAN RELATIONS,2505,EDUCATION  OUTREACH AND INTERG,5,SALARIES AND WAGES - ON PAYROLL,251783
CDBG,0J43,CDBG,45,COMMISSION ON HUMAN RELATIONS,2505,EDUCATION  OUTREACH AND INTERG,44,FRINGE BENEFITS,112728
CDBG,0J43,CDBG,45,COMMISSION ON HUMAN RELATIONS,2505,EDUCATION  OUTREACH AND INTERG,130,POSTAGE,1800
CDBG,0J43,CDBG,45,COMMISSION ON HUMAN RELATIONS,2505,EDUCATION  OUTREACH AND INTERG,159,LEASE/PURCHASE EQUIPMENT,1600
CDBG,0J43,CDBG,45,COMMISSION ON HUMAN RELATIONS,2505,EDUCATION  OUTREACH AND INTERG,169,TECHNICAL MEETING COSTS,1000
CDBG,0J43,CDBG,45,COMMISSION ON HUMAN RELATIONS,2505,EDUCATION  OUTREACH AND INTERG,9438,REIMBURSEMENT - 2FM,10200
CDBG,0J43,CDBG,45,COMMISSION ON HUMAN RELATIONS,2510,FAIR HOUSING,5,SALARIES AND WAGES - ON PAYROLL,423581
CDBG,0J43,CDBG,45,COMMISSION ON HUMAN RELATIONS,2510,FAIR HOUSING,44,FRINGE BENEFITS,186137
CDBG,0J43,CDBG,45,COMMISSION ON HUMAN RELATIONS,2510,FAIR HOUSING,130,POSTAGE,1800
CDBG,0J43,CDBG,45,COMMISSION ON HUMAN RELATIONS,2510,FAIR HOUSING,135,DELEGATE AGENCIES,85335
CDBG,0J43,CDBG,45,COMMISSION ON HUMAN RELATIONS,2510,FAIR HOUSING,140,PROFESSIONAL AND TECHNICAL SERVICES,23803
CDBG,0J43,CDBG,45,COMMISSION ON HUMAN RELATIONS,2510,FAIR HOUSING,143,COURT REPORTING,4325
CDBG,0J43,CDBG,45,COMMISSION ON HUMAN RELATIONS,2510,FAIR HOUSING,159,LEASE/PURCHASE EQUIPMENT,1600
CDBG,0J43,CDBG,45,COMMISSION ON HUMAN RELATIONS,2510,FAIR HOUSING,190,TELEPHONE - NON-CENTREX BILLINGS,4000
CDBG,0J43,CDBG,45,COMMISSION ON HUMAN RELATIONS,2510,FAIR HOUSING,9438,REIMBURSEMENT - 2FM,500
CDBG,0J43,CDBG,45,COMMISSION ON HUMAN RELATIONS,2510,FAIR HOUSING,9651,REIMB - INDIRECT COSTS,158554
CDBG,0J43,CDBG,48,MOPD,2503,ADMINISTRATION,5,SALARIES AND WAGES - ON PAYROLL,221406
CDBG,0J43,CDBG,48,MOPD,2503,ADMINISTRATION,44,FRINGE BENEFITS,96198
CDBG,0J43,CDBG,48,MOPD,2503,ADMINISTRATION,138,IT MAINTENANCE,13410
CDBG,0J43,CDBG,48,MOPD,2503,ADMINISTRATION,9651,REIMB - INDIRECT COSTS,332468
CDBG,0J43,CDBG,48,MOPD,2505,DISABILITY RESOURCES,5,SALARIES AND WAGES - ON PAYROLL,502799
CDBG,0J43,CDBG,48,MOPD,2505,DISABILITY RESOURCES,15,SCHEDULE SALARY ADJUSTMENTS,2583
CDBG,0J43,CDBG,48,MOPD,2505,DISABILITY RESOURCES,39,STUDENT AS TRAINEES,4304
CDBG,0J43,CDBG,48,MOPD,2505,DISABILITY RESOURCES,44,FRINGE BENEFITS,218461
CDBG,0J43,CDBG,48,MOPD,2505,DISABILITY RESOURCES,140,PROFESSIONAL AND TECHNICAL SERVICES,1682
CDBG,0J43,CDBG,48,MOPD,2505,DISABILITY RESOURCES,270,LOCAL TRANSPORTATION,336
CDBG,0J43,CDBG,48,MOPD,2505,DISABILITY RESOURCES,340,MATERIAL AND SUPPLIES,1782
CDBG,0J43,CDBG,48,MOPD,2505,DISABILITY RESOURCES,350,STATIONERY AND OFFICE SUPPLIES,4787
CDBG,0J43,CDBG,48,MOPD,2510,INDEPENDENT LIVING FOR DISABLE,135,DELEGATE AGENCIES,650000
CDBG,0J43,CDBG,48,MOPD,2525,HOME MOD PROGRAM,5,SALARIES AND WAGES - ON PAYROLL,170120
CDBG,0J43,CDBG,48,MOPD,2525,HOME MOD PROGRAM,44,FRINGE BENEFITS,73916
CDBG,0J43,CDBG,48,MOPD,2525,HOME MOD PROGRAM,135,DELEGATE AGENCIES,680000
CDBG,0J43,CDBG,50,FAMILY AND SUPPORT SERVICES,2501,PLANNING AND ADMINISTRATION,125,OFFICE AND BUILDING SERVICES,4500
CDBG,0J43,CDBG,50,FAMILY AND SUPPORT SERVICES,2501,PLANNING AND ADMINISTRATION,140,PROFESSIONAL AND TECHNICAL SERVICES,14000
CDBG,0J43,CDBG,50,FAMILY AND SUPPORT SERVICES,2501,PLANNING AND ADMINISTRATION,152,ADVERTISING,200
CDBG,0J43,CDBG,50,FAMILY AND SUPPORT SERVICES,2501,PLANNING AND ADMINISTRATION,157,RENTAL EQUIPMENT AND SERVICES,200
CDBG,0J43,CDBG,50,FAMILY AND SUPPORT SERVICES,2501,PLANNING AND ADMINISTRATION,159,LEASE/PURCHASE EQUIPMENT,22000
CDBG,0J43,CDBG,50,FAMILY AND SUPPORT SERVICES,2501,PLANNING AND ADMINISTRATION,166,DUES  SUBSC & MEM,1400
CDBG,0J43,CDBG,50,FAMILY AND SUPPORT SERVICES,2501,PLANNING AND ADMINISTRATION,169,TECHNICAL MEETING COSTS,5300
CDBG,0J43,CDBG,50,FAMILY AND SUPPORT SERVICES,2501,PLANNING AND ADMINISTRATION,190,TELEPHONE - NON-CENTREX BILLINGS,26304
CDBG,0J43,CDBG,50,FAMILY AND SUPPORT SERVICES,2501,PLANNING AND ADMINISTRATION,197,TELEPHONE - MAINTENANCE,3528
CDBG,0J43,CDBG,50,FAMILY AND SUPPORT SERVICES,2501,PLANNING AND ADMINISTRATION,270,LOCAL TRANSPORTATION,450
CDBG,0J43,CDBG,50,FAMILY AND SUPPORT SERVICES,2501,PLANNING AND ADMINISTRATION,340,MATERIAL AND SUPPLIES,5200
CDBG,0J43,CDBG,50,FAMILY AND SUPPORT SERVICES,2501,PLANNING AND ADMINISTRATION,350,STATIONERY AND OFFICE SUPPLIES,2400
CDBG,0J43,CDBG,50,FAMILY AND SUPPORT SERVICES,2501,PLANNING AND ADMINISTRATION,9438,REIMBURSEMENT - 2FM,13148
CDBG,0J43,CDBG,50,FAMILY AND SUPPORT SERVICES,2501,PLANNING AND ADMINISTRATION,9651,REIMB - INDIRECT COSTS,963931
CDBG,0J43,CDBG,50,FAMILY AND SUPPORT SERVICES,2510,HUMAN SERVICES,5,SALARIES AND WAGES - ON PAYROLL,244220
CDBG,0J43,CDBG,50,FAMILY AND SUPPORT SERVICES,2510,HUMAN SERVICES,44,FRINGE BENEFITS,106111
CDBG,0J43,CDBG,50,FAMILY AND SUPPORT SERVICES,2510,HUMAN SERVICES,135,DELEGATE AGENCIES,1006000
CDBG,0J43,CDBG,50,FAMILY AND SUPPORT SERVICES,2515,HOMELESS SERVICES,5,SALARIES AND WAGES - ON PAYROLL,697916
CDBG,0J43,CDBG,50,FAMILY AND SUPPORT SERVICES,2515,HOMELESS SERVICES,12,CONTRACT WAGE - PREVAILING RATE,485
CDBG,0J43,CDBG,50,FAMILY AND SUPPORT SERVICES,2515,HOMELESS SERVICES,44,FRINGE BENEFITS,305001
CDBG,0J43,CDBG,50,FAMILY AND SUPPORT SERVICES,2515,HOMELESS SERVICES,135,DELEGATE AGENCIES,8894140
CDBG,0J43,CDBG,50,FAMILY AND SUPPORT SERVICES,2520,WORKFORCE SERVICES,5,SALARIES AND WAGES - ON PAYROLL,319868
CDBG,0J43,CDBG,50,FAMILY AND SUPPORT SERVICES,2520,WORKFORCE SERVICES,44,FRINGE BENEFITS,140335
CDBG,0J43,CDBG,50,FAMILY AND SUPPORT SERVICES,2520,WORKFORCE SERVICES,135,DELEGATE AGENCIES,5468113
CDBG,0J43,CDBG,50,FAMILY AND SUPPORT SERVICES,2525,SENIOR SERVICES,5,SALARIES AND WAGES - ON PAYROLL,401982
CDBG,0J43,CDBG,50,FAMILY AND SUPPORT SERVICES,2525,SENIOR SERVICES,15,SCHEDULE SALARY ADJUSTMENTS,1494
CDBG,0J43,CDBG,50,FAMILY AND SUPPORT SERVICES,2525,SENIOR SERVICES,44,FRINGE BENEFITS,176827
CDBG,0J43,CDBG,50,FAMILY AND SUPPORT SERVICES,2525,SENIOR SERVICES,135,DELEGATE AGENCIES,2464117
CDBG,0J43,CDBG,50,FAMILY AND SUPPORT SERVICES,2525,SENIOR SERVICES,140,PROFESSIONAL AND TECHNICAL SERVICES,303509
CDBG,0J43,CDBG,50,FAMILY AND SUPPORT SERVICES,2530,Domestic Violence Services,5,SALARIES AND WAGES - ON PAYROLL,379777
CDBG,0J43,CDBG,50,FAMILY AND SUPPORT SERVICES,2530,Domestic Violence Services,44,FRINGE BENEFITS,165010
CDBG,0J43,CDBG,50,FAMILY AND SUPPORT SERVICES,2530,Domestic Violence Services,135,DELEGATE AGENCIES,1934220
CDBG,0J43,CDBG,54,PLANNING AND DEVELOPMENT,2505,FINANCE AND ADMINISTRATION,5,SALARIES AND WAGES - ON PAYROLL,1447525
CDBG,0J43,CDBG,54,PLANNING AND DEVELOPMENT,2505,FINANCE AND ADMINISTRATION,15,SCHEDULE SALARY ADJUSTMENTS,591
CDBG,0J43,CDBG,54,PLANNING AND DEVELOPMENT,2505,FINANCE AND ADMINISTRATION,39,STUDENT AS TRAINEES,36741
CDBG,0J43,CDBG,54,PLANNING AND DEVELOPMENT,2505,FINANCE AND ADMINISTRATION,44,FRINGE BENEFITS,628938
CDBG,0J43,CDBG,54,PLANNING AND DEVELOPMENT,2505,FINANCE AND ADMINISTRATION,130,POSTAGE,6347
CDBG,0J43,CDBG,54,PLANNING AND DEVELOPMENT,2505,FINANCE AND ADMINISTRATION,150,PUBLICATN & REPRODT-OUT,2850
CDBG,0J43,CDBG,54,PLANNING AND DEVELOPMENT,2505,FINANCE AND ADMINISTRATION,152,ADVERTISING,20225
CDBG,0J43,CDBG,54,PLANNING AND DEVELOPMENT,2505,FINANCE AND ADMINISTRATION,159,LEASE/PURCHASE EQUIPMENT,53294
CDBG,0J43,CDBG,54,PLANNING AND DEVELOPMENT,2505,FINANCE AND ADMINISTRATION,162,REPAIR/MAINT EQUIPMENT,6249
CDBG,0J43,CDBG,54,PLANNING AND DEVELOPMENT,2505,FINANCE AND ADMINISTRATION,166,DUES  SUBSC & MEM,1650
CDBG,0J43,CDBG,54,PLANNING AND DEVELOPMENT,2505,FINANCE AND ADMINISTRATION,169,TECHNICAL MEETING COSTS,2200
CDBG,0J43,CDBG,54,PLANNING AND DEVELOPMENT,2505,FINANCE AND ADMINISTRATION,179,MESSENGER SERVICES,500
CDBG,0J43,CDBG,54,PLANNING AND DEVELOPMENT,2505,FINANCE AND ADMINISTRATION,190,TELEPHONE - NON-CENTREX BILLINGS,42000
CDBG,0J43,CDBG,54,PLANNING AND DEVELOPMENT,2505,FINANCE AND ADMINISTRATION,245,REIMBURSEMENT TO TRAVELERS,1500
CDBG,0J43,CDBG,54,PLANNING AND DEVELOPMENT,2505,FINANCE AND ADMINISTRATION,340,MATERIAL AND SUPPLIES,7850
CDBG,0J43,CDBG,54,PLANNING AND DEVELOPMENT,2505,FINANCE AND ADMINISTRATION,350,STATIONERY AND OFFICE SUPPLIES,12407
CDBG,0J43,CDBG,54,PLANNING AND DEVELOPMENT,2505,FINANCE AND ADMINISTRATION,9438,REIMBURSEMENT - 2FM,26800
CDBG,0J43,CDBG,54,PLANNING AND DEVELOPMENT,2505,FINANCE AND ADMINISTRATION,9651,REIMB - INDIRECT COSTS,1566322
CDBG,0J43,CDBG,54,PLANNING AND DEVELOPMENT,2515,DEVELOPER SERVICES,5,SALARIES AND WAGES - ON PAYROLL,261460
CDBG,0J43,CDBG,54,PLANNING AND DEVELOPMENT,2515,DEVELOPER SERVICES,44,FRINGE BENEFITS,113602
CDBG,0J43,CDBG,54,PLANNING AND DEVELOPMENT,2515,DEVELOPER SERVICES,169,TECHNICAL MEETING COSTS,2500
CDBG,0J43,CDBG,54,PLANNING AND DEVELOPMENT,2515,DEVELOPER SERVICES,270,LOCAL TRANSPORTATION,100
CDBG,0J43,CDBG,54,PLANNING AND DEVELOPMENT,2515,DEVELOPER SERVICES,340,MATERIAL AND SUPPLIES,1800
CDBG,0J43,CDBG,54,PLANNING AND DEVELOPMENT,2515,DEVELOPER SERVICES,350,STATIONERY AND OFFICE SUPPLIES,1800
CDBG,0J43,CDBG,54,PLANNING AND DEVELOPMENT,2515,DEVELOPER SERVICES,9103,REHABILITATION LOANS GT,943353
CDBG,0J43,CDBG,54,PLANNING AND DEVELOPMENT,2520,HOUSING PRESERVATION,5,SALARIES AND WAGES - ON PAYROLL,285203
CDBG,0J43,CDBG,54,PLANNING AND DEVELOPMENT,2520,HOUSING PRESERVATION,44,FRINGE BENEFITS,123918
CDBG,0J43,CDBG,54,PLANNING AND DEVELOPMENT,2520,HOUSING PRESERVATION,130,POSTAGE,925
CDBG,0J43,CDBG,54,PLANNING AND DEVELOPMENT,2520,HOUSING PRESERVATION,135,DELEGATE AGENCIES,4855000
CDBG,0J43,CDBG,54,PLANNING AND DEVELOPMENT,2520,HOUSING PRESERVATION,157,RENTAL EQUIPMENT AND SERVICES,700
CDBG,0J43,CDBG,54,PLANNING AND DEVELOPMENT,2520,HOUSING PRESERVATION,245,REIMBURSEMENT TO TRAVELERS,300
CDBG,0J43,CDBG,54,PLANNING AND DEVELOPMENT,2520,HOUSING PRESERVATION,340,MATERIAL AND SUPPLIES,3000
CDBG,0J43,CDBG,54,PLANNING AND DEVELOPMENT,2520,HOUSING PRESERVATION,350,STATIONERY AND OFFICE SUPPLIES,3000
CDBG,0J43,CDBG,54,PLANNING AND DEVELOPMENT,2520,HOUSING PRESERVATION,9126,HEAT RECEIVERSHIP PGM,900000
CDBG,0J43,CDBG,54,PLANNING AND DEVELOPMENT,2531,EHRP,5,SALARIES AND WAGES - ON PAYROLL,577521
CDBG,0J43,CDBG,54,PLANNING AND DEVELOPMENT,2531,EHRP,44,FRINGE BENEFITS,250928
CDBG,0J43,CDBG,54,PLANNING AND DEVELOPMENT,2531,EHRP,140,PROFESSIONAL AND TECHNICAL SERVICES,125000
CDBG,0J43,CDBG,54,PLANNING AND DEVELOPMENT,2531,EHRP,9264,EHRP,686000
CDBG,0J43,CDBG,54,PLANNING AND DEVELOPMENT,2531,EHRP,9265,RPRP,5482806
CDBG,0J43,CDBG,54,PLANNING AND DEVELOPMENT,2536,HOUSING SERVICES TECH ASSIST,5,SALARIES AND WAGES - ON PAYROLL,165828
CDBG,0J43,CDBG,54,PLANNING AND DEVELOPMENT,2536,HOUSING SERVICES TECH ASSIST,44,FRINGE BENEFITS,70610
CDBG,0J43,CDBG,54,PLANNING AND DEVELOPMENT,2536,HOUSING SERVICES TECH ASSIST,135,DELEGATE AGENCIES,662875
CDBG,0J43,CDBG,54,PLANNING AND DEVELOPMENT,2541,HOMEOWNERSHIP COUNSELING SVS,5,SALARIES AND WAGES - ON PAYROLL,62820
CDBG,0J43,CDBG,54,PLANNING AND DEVELOPMENT,2541,HOMEOWNERSHIP COUNSELING SVS,15,SCHEDULE SALARY ADJUSTMENTS,1593
CDBG,0J43,CDBG,54,PLANNING AND DEVELOPMENT,2541,HOMEOWNERSHIP COUNSELING SVS,44,FRINGE BENEFITS,26749
CDBG,0J43,CDBG,54,PLANNING AND DEVELOPMENT,2541,HOMEOWNERSHIP COUNSELING SVS,135,DELEGATE AGENCIES,655470
CDBG,0J43,CDBG,54,PLANNING AND DEVELOPMENT,2551,SMALL ACCESS REPAIRS SENIORS,5,SALARIES AND WAGES - ON PAYROLL,248904
CDBG,0J43,CDBG,54,PLANNING AND DEVELOPMENT,2551,SMALL ACCESS REPAIRS SENIORS,15,SCHEDULE SALARY ADJUSTMENTS,1500
CDBG,0J43,CDBG,54,PLANNING AND DEVELOPMENT,2551,SMALL ACCESS REPAIRS SENIORS,44,FRINGE BENEFITS,105984
CDBG,0J43,CDBG,54,PLANNING AND DEVELOPMENT,2551,SMALL ACCESS REPAIRS SENIORS,135,DELEGATE AGENCIES,1641065
CDBG,0J43,CDBG,54,PLANNING AND DEVELOPMENT,2560,NEIGHBORHOOD LENDING PROGRAM,5,SALARIES AND WAGES - ON PAYROLL,185196
CDBG,0J43,CDBG,54,PLANNING AND DEVELOPMENT,2560,NEIGHBORHOOD LENDING PROGRAM,44,FRINGE BENEFITS,78856
CDBG,0J43,CDBG,54,PLANNING AND DEVELOPMENT,2560,NEIGHBORHOOD LENDING PROGRAM,135,DELEGATE AGENCIES,3212520
CDBG,0J43,CDBG,54,PLANNING AND DEVELOPMENT,2566,CONSTRUCTION MONITORING/COMPL,5,SALARIES AND WAGES - ON PAYROLL,927521
CDBG,0J43,CDBG,54,PLANNING AND DEVELOPMENT,2566,CONSTRUCTION MONITORING/COMPL,44,FRINGE BENEFITS,402998
CDBG,0J43,CDBG,54,PLANNING AND DEVELOPMENT,2566,CONSTRUCTION MONITORING/COMPL,130,POSTAGE,1090
CDBG,0J43,CDBG,54,PLANNING AND DEVELOPMENT,2566,CONSTRUCTION MONITORING/COMPL,140,PROFESSIONAL AND TECHNICAL SERVICES,48625
CDBG,0J43,CDBG,54,PLANNING AND DEVELOPMENT,2566,CONSTRUCTION MONITORING/COMPL,155,RENTAL OF PROPERTY,185332
CDBG,0J43,CDBG,54,PLANNING AND DEVELOPMENT,2566,CONSTRUCTION MONITORING/COMPL,157,RENTAL EQUIPMENT AND SERVICES,570
CDBG,0J43,CDBG,54,PLANNING AND DEVELOPMENT,2566,CONSTRUCTION MONITORING/COMPL,159,LEASE/PURCHASE EQUIPMENT,3865
CDBG,0J43,CDBG,54,PLANNING AND DEVELOPMENT,2566,CONSTRUCTION MONITORING/COMPL,169,TECHNICAL MEETING COSTS,1000
CDBG,0J43,CDBG,54,PLANNING AND DEVELOPMENT,2566,CONSTRUCTION MONITORING/COMPL,229,TRANSPORTATION AND EXPENSE ALLOWANCE,31350
CDBG,0J43,CDBG,54,PLANNING AND DEVELOPMENT,2566,CONSTRUCTION MONITORING/COMPL,270,LOCAL TRANSPORTATION,190
CDBG,0J43,CDBG,54,PLANNING AND DEVELOPMENT,2566,CONSTRUCTION MONITORING/COMPL,340,MATERIAL AND SUPPLIES,11312
CDBG,0J43,CDBG,54,PLANNING AND DEVELOPMENT,2566,CONSTRUCTION MONITORING/COMPL,350,STATIONERY AND OFFICE SUPPLIES,6350
CDBG,0J43,CDBG,54,PLANNING AND DEVELOPMENT,2566,CONSTRUCTION MONITORING/COMPL,446,PURCHASE - DATA HARDWARE,9400
CDBG,0J43,CDBG,67,DEPARTMENT OF BUILDINGS,2505,TROUBLED BUILDINGS PROGRAM,5,SALARIES AND WAGES - ON PAYROLL,2544010
CDBG,0J43,CDBG,67,DEPARTMENT OF BUILDINGS,2505,TROUBLED BUILDINGS PROGRAM,15,SCHEDULE SALARY ADJUSTMENTS,4851
CDBG,0J43,CDBG,67,DEPARTMENT OF BUILDINGS,2505,TROUBLED BUILDINGS PROGRAM,44,FRINGE BENEFITS,1106639
CDBG,0J43,CDBG,67,DEPARTMENT OF BUILDINGS,2505,TROUBLED BUILDINGS PROGRAM,140,PROFESSIONAL AND TECHNICAL SERVICES,185000
CDBG,0J43,CDBG,67,DEPARTMENT OF BUILDINGS,2505,TROUBLED BUILDINGS PROGRAM,181,MOBILE COMMUNICATION SERVICES,20000
CDBG,0J43,CDBG,67,DEPARTMENT OF BUILDINGS,2505,TROUBLED BUILDINGS PROGRAM,229,TRANSPORTATION AND EXPENSE ALLOWANCE,58500
CDBG,0J43,CDBG,67,DEPARTMENT OF BUILDINGS,2510,CODE ENFORCEMENT,5,SALARIES AND WAGES - ON PAYROLL,2077011
CDBG,0J43,CDBG,67,DEPARTMENT OF BUILDINGS,2510,CODE ENFORCEMENT,15,SCHEDULE SALARY ADJUSTMENTS,5147
CDBG,0J43,CDBG,67,DEPARTMENT OF BUILDINGS,2510,CODE ENFORCEMENT,44,FRINGE BENEFITS,904966
CDBG,0J43,CDBG,67,DEPARTMENT OF BUILDINGS,2510,CODE ENFORCEMENT,181,MOBILE COMMUNICATION SERVICES,20000
CDBG,0J43,CDBG,67,DEPARTMENT OF BUILDINGS,2510,CODE ENFORCEMENT,229,TRANSPORTATION AND EXPENSE ALLOWANCE,55150
