fund_type,fund_code,fund_description,department_number,department_description,appropriation_authority,appropriation_authority_description,appropriation_account,appropriation_account_description,appropration,revised_appropriation,recommendation
LOCAL,0100,Corporate Fund,1,Office of the Mayor,2005,Office of the Mayor,0005,SALARIES AND WAGES - ON PAYROLL,7028929,7028929,10719426
LOCAL,0100,Corporate Fund,1,Office of the Mayor,2005,Office of the Mayor,0039,STUDENT AS TRAINEES,0,0,298400
LOCAL,0100,Corporate Fund,1,Office of the Mayor,2005,Office of the Mayor,0126,OFFICE CONVENIENCES,1200,1200,1600
LOCAL,0100,Corporate Fund,1,Office of the Mayor,2005,Office of the Mayor,0130,POSTAGE,5000,5000,5500
LOCAL,0100,Corporate Fund,1,Office of the Mayor,2005,Office of the Mayor,0140,PROFESSIONAL AND TECHNICAL SERVICES,0,0,277000
LOCAL,0100,Corporate Fund,1,Office of the Mayor,2005,Office of the Mayor,0149,SOFTWARE MAINTENANCE AND LICENSING,0,0,2500
LOCAL,0100,Corporate Fund,1,Office of the Mayor,2005,Office of the Mayor,0150,OUTSIDE GRAPHIC SERVICES,1300,1300,1600
LOCAL,0100,Corporate Fund,1,Office of the Mayor,2005,Office of the Mayor,0157,RENTAL EQUIPMENT AND SERVICES,40000,40000,40000
LOCAL,0100,Corporate Fund,1,Office of the Mayor,2005,Office of the Mayor,0159,LEASE/PURCHASE EQUIPMENT,52000,52000,52000
LOCAL,0100,Corporate Fund,1,Office of the Mayor,2005,Office of the Mayor,0162,REPAIR/MAINT EQUIPMENT,6984,6984,6984
LOCAL,0100,Corporate Fund,1,Office of the Mayor,2005,Office of the Mayor,0166,"DUES, SUBSCRIPTIONS AND MEMBERSHIPS",22000,22000,192242
LOCAL,0100,Corporate Fund,1,Office of the Mayor,2005,Office of the Mayor,0169,TECHNICAL MEETING COSTS,6000,6000,6000
LOCAL,0100,Corporate Fund,1,Office of the Mayor,2005,Office of the Mayor,0181,MOBILE COMMUNICATION SERVICES,40000,40000,42408
LOCAL,0100,Corporate Fund,1,Office of the Mayor,2005,Office of the Mayor,0190,TELEPHONE - CENTREX BILLINGS,19800,19800,19800
LOCAL,0100,Corporate Fund,1,Office of the Mayor,2005,Office of the Mayor,0197,TELEPHONE - MAINTENANCE,2800,2800,2800
LOCAL,0100,Corporate Fund,1,Office of the Mayor,2005,Office of the Mayor,0229,TRANSPORTATION AND EXPENSE ALLOWANCE,1000,1000,1000
LOCAL,0100,Corporate Fund,1,Office of the Mayor,2005,Office of the Mayor,0245,REIMBURSEMENT TO TRAVELERS,25780,25780,120780
LOCAL,0100,Corporate Fund,1,Office of the Mayor,2005,Office of the Mayor,0270,LOCAL TRANSPORTATION,1050,1050,1500
LOCAL,0100,Corporate Fund,1,Office of the Mayor,2005,Office of the Mayor,0350,STATIONERY AND OFFICE SUPPLIES,30000,30000,30000
LOCAL,0355,Special Events and Municipal Hotel Operators' Occupation Tax Fund,1,Office of the Mayor,2005,Office of the Mayor,0005,SALARIES AND WAGES - ON PAYROLL,436020,436020,363456
LOCAL,0100,Corporate Fund,3,Office of Inspector General,2005,Office of Inspector General,0005,SALARIES AND WAGES - ON PAYROLL,5580739,5580739,5590497
LOCAL,0100,Corporate Fund,3,Office of Inspector General,2005,Office of Inspector General,0015,SCHEDULE SALARY ADJUSTMENTS,63088,63088,55463
LOCAL,0100,Corporate Fund,3,Office of Inspector General,2005,Office of Inspector General,0130,POSTAGE,820,820,1856
LOCAL,0100,Corporate Fund,3,Office of Inspector General,2005,Office of Inspector General,0138,IT MAINTENANCE,63549,63549,34656
LOCAL,0100,Corporate Fund,3,Office of Inspector General,2005,Office of Inspector General,0140,PROFESSIONAL AND TECHNICAL SERVICES,143665,143665,180889
LOCAL,0100,Corporate Fund,3,Office of Inspector General,2005,Office of Inspector General,0143,COURT REPORTING,0,0,42500
LOCAL,0100,Corporate Fund,3,Office of Inspector General,2005,Office of Inspector General,0149,SOFTWARE MAINTENANCE AND LICENSING,420614,420614,463988
LOCAL,0100,Corporate Fund,3,Office of Inspector General,2005,Office of Inspector General,0150,OUTSIDE GRAPHIC SERVICES,0,0,3500
LOCAL,0100,Corporate Fund,3,Office of Inspector General,2005,Office of Inspector General,0157,RENTAL EQUIPMENT AND SERVICES,35185,35185,47810
LOCAL,0100,Corporate Fund,3,Office of Inspector General,2005,Office of Inspector General,0159,LEASE/PURCHASE EQUIPMENT,46700,46700,29884
LOCAL,0100,Corporate Fund,3,Office of Inspector General,2005,Office of Inspector General,0162,REPAIR/MAINT EQUIPMENT,65,65,65
LOCAL,0100,Corporate Fund,3,Office of Inspector General,2005,Office of Inspector General,0166,"DUES, SUBSCRIPTIONS AND MEMBERSHIPS",6760,6760,9526
LOCAL,0100,Corporate Fund,3,Office of Inspector General,2005,Office of Inspector General,0169,TECHNICAL MEETING COSTS,101273,101273,47212
LOCAL,0100,Corporate Fund,3,Office of Inspector General,2005,Office of Inspector General,0181,MOBILE COMMUNICATION SERVICES,20233,20233,20794
LOCAL,0100,Corporate Fund,3,Office of Inspector General,2005,Office of Inspector General,0189,TELEPHONE - NON-CENTREX BILLINGS,26708,26708,43674
LOCAL,0100,Corporate Fund,3,Office of Inspector General,2005,Office of Inspector General,0245,REIMBURSEMENT TO TRAVELERS,558,558,1518
LOCAL,0100,Corporate Fund,3,Office of Inspector General,2005,Office of Inspector General,0270,LOCAL TRANSPORTATION,28467,28467,31036
LOCAL,0100,Corporate Fund,3,Office of Inspector General,2005,Office of Inspector General,0320,GASOLINE,709,709,2506
LOCAL,0100,Corporate Fund,3,Office of Inspector General,2005,Office of Inspector General,0340,MATERIAL AND SUPPLIES,2552,2552,4983
LOCAL,0100,Corporate Fund,3,Office of Inspector General,2005,Office of Inspector General,0348,BOOKS AND RELATED MATERIAL,1200,1200,1571
LOCAL,0100,Corporate Fund,3,Office of Inspector General,2005,Office of Inspector General,0350,STATIONERY AND OFFICE SUPPLIES,12842,12842,17498
LOCAL,0100,Corporate Fund,3,Office of Inspector General,2005,Office of Inspector General,0700,CONTINGENCIES,20000,20000,10000
LOCAL,0100,Corporate Fund,3,Office of Inspector General,2005,Office of Inspector General,9438,REIMBURSEMENT - AIM,3000,3000,3000
LOCAL,0200,Water Fund,3,Office of Inspector General,2005,Office of Inspector General,0005,SALARIES AND WAGES - ON PAYROLL,1028273,1028273,1059600
LOCAL,0200,Water Fund,3,Office of Inspector General,2005,Office of Inspector General,0015,SCHEDULE SALARY ADJUSTMENTS,4967,4967,11149
LOCAL,0200,Water Fund,3,Office of Inspector General,2005,Office of Inspector General,0130,POSTAGE,683,683,308
LOCAL,0200,Water Fund,3,Office of Inspector General,2005,Office of Inspector General,0138,IT MAINTENANCE,7597,7597,7220
LOCAL,0200,Water Fund,3,Office of Inspector General,2005,Office of Inspector General,0140,PROFESSIONAL AND TECHNICAL SERVICES,25281,25281,1268
LOCAL,0200,Water Fund,3,Office of Inspector General,2005,Office of Inspector General,0143,COURT REPORTING,0,0,9808
LOCAL,0200,Water Fund,3,Office of Inspector General,2005,Office of Inspector General,0149,SOFTWARE MAINTENANCE AND LICENSING,8457,8457,24946
LOCAL,0200,Water Fund,3,Office of Inspector General,2005,Office of Inspector General,0154,RENTAL-DATA HARDWARE EQUIPMENT,10031,10031,0
LOCAL,0200,Water Fund,3,Office of Inspector General,2005,Office of Inspector General,0157,RENTAL EQUIPMENT AND SERVICES,10334,10334,7530
LOCAL,0200,Water Fund,3,Office of Inspector General,2005,Office of Inspector General,0159,LEASE/PURCHASE EQUIPMENT,2437,2437,1016
LOCAL,0200,Water Fund,3,Office of Inspector General,2005,Office of Inspector General,0162,REPAIR/MAINT EQUIPMENT,1632,1632,1632
LOCAL,0200,Water Fund,3,Office of Inspector General,2005,Office of Inspector General,0166,"DUES, SUBSCRIPTIONS AND MEMBERSHIPS",5093,5093,2306
LOCAL,0200,Water Fund,3,Office of Inspector General,2005,Office of Inspector General,0169,TECHNICAL MEETING COSTS,7854,7854,14712
LOCAL,0200,Water Fund,3,Office of Inspector General,2005,Office of Inspector General,0181,MOBILE COMMUNICATION SERVICES,2501,2501,3974
LOCAL,0200,Water Fund,3,Office of Inspector General,2005,Office of Inspector General,0189,TELEPHONE - NON-CENTREX BILLINGS,14062,14062,7472
LOCAL,0200,Water Fund,3,Office of Inspector General,2005,Office of Inspector General,0245,REIMBURSEMENT TO TRAVELERS,558,558,252
LOCAL,0200,Water Fund,3,Office of Inspector General,2005,Office of Inspector General,0270,LOCAL TRANSPORTATION,1615,1615,952
LOCAL,0200,Water Fund,3,Office of Inspector General,2005,Office of Inspector General,0320,GASOLINE,1132,1132,386
LOCAL,0200,Water Fund,3,Office of Inspector General,2005,Office of Inspector General,0340,MATERIAL AND SUPPLIES,1608,1608,832
LOCAL,0200,Water Fund,3,Office of Inspector General,2005,Office of Inspector General,0348,BOOKS AND RELATED MATERIAL,1082,1082,131
LOCAL,0200,Water Fund,3,Office of Inspector General,2005,Office of Inspector General,0350,STATIONERY AND OFFICE SUPPLIES,4498,4498,3269
LOCAL,0200,Water Fund,3,Office of Inspector General,2005,Office of Inspector General,0700,CONTINGENCIES,1215,1215,1215
LOCAL,0314,Sewer Fund,3,Office of Inspector General,2005,Office of Inspector General,0005,SALARIES AND WAGES - ON PAYROLL,641078,641078,652316
LOCAL,0314,Sewer Fund,3,Office of Inspector General,2005,Office of Inspector General,0015,SCHEDULE SALARY ADJUSTMENTS,1485,1485,590
LOCAL,0314,Sewer Fund,3,Office of Inspector General,2005,Office of Inspector General,0130,POSTAGE,519,519,181
LOCAL,0314,Sewer Fund,3,Office of Inspector General,2005,Office of Inspector General,0138,IT MAINTENANCE,11612,11612,4904
LOCAL,0314,Sewer Fund,3,Office of Inspector General,2005,Office of Inspector General,0140,PROFESSIONAL AND TECHNICAL SERVICES,30443,30443,1269
LOCAL,0314,Sewer Fund,3,Office of Inspector General,2005,Office of Inspector General,0143,COURT REPORTING,0,0,9808
LOCAL,0314,Sewer Fund,3,Office of Inspector General,2005,Office of Inspector General,0149,SOFTWARE MAINTENANCE AND LICENSING,15267,15267,11818
LOCAL,0314,Sewer Fund,3,Office of Inspector General,2005,Office of Inspector General,0154,RENTAL-DATA HARDWARE EQUIPMENT,9599,9599,0
LOCAL,0314,Sewer Fund,3,Office of Inspector General,2005,Office of Inspector General,0157,RENTAL EQUIPMENT AND SERVICES,9359,9359,6037
LOCAL,0314,Sewer Fund,3,Office of Inspector General,2005,Office of Inspector General,0159,LEASE/PURCHASE EQUIPMENT,1917,1917,590
LOCAL,0314,Sewer Fund,3,Office of Inspector General,2005,Office of Inspector General,0162,REPAIR/MAINT EQUIPMENT,54,54,54
LOCAL,0314,Sewer Fund,3,Office of Inspector General,2005,Office of Inspector General,0166,"DUES, SUBSCRIPTIONS AND MEMBERSHIPS",1611,1611,1504
LOCAL,0314,Sewer Fund,3,Office of Inspector General,2005,Office of Inspector General,0169,TECHNICAL MEETING COSTS,11530,11530,8582
LOCAL,0314,Sewer Fund,3,Office of Inspector General,2005,Office of Inspector General,0181,MOBILE COMMUNICATION SERVICES,6061,6061,2783
LOCAL,0314,Sewer Fund,3,Office of Inspector General,2005,Office of Inspector General,0189,TELEPHONE - NON-CENTREX BILLINGS,21856,21856,4647
LOCAL,0314,Sewer Fund,3,Office of Inspector General,2005,Office of Inspector General,0245,REIMBURSEMENT TO TRAVELERS,558,558,147
LOCAL,0314,Sewer Fund,3,Office of Inspector General,2005,Office of Inspector General,0270,LOCAL TRANSPORTATION,1615,1615,401
LOCAL,0314,Sewer Fund,3,Office of Inspector General,2005,Office of Inspector General,0320,GASOLINE,180,180,386
LOCAL,0314,Sewer Fund,3,Office of Inspector General,2005,Office of Inspector General,0340,MATERIAL AND SUPPLIES,1291,1291,484
LOCAL,0314,Sewer Fund,3,Office of Inspector General,2005,Office of Inspector General,0348,BOOKS AND RELATED MATERIAL,1082,1082,85
LOCAL,0314,Sewer Fund,3,Office of Inspector General,2005,Office of Inspector General,0350,STATIONERY AND OFFICE SUPPLIES,8759,8759,1421
LOCAL,0314,Sewer Fund,3,Office of Inspector General,2005,Office of Inspector General,0700,CONTINGENCIES,1725,1725,1725
LOCAL,0610,Chicago Midway Airport Fund,3,Office of Inspector General,2005,Office of Inspector General,0005,SALARIES AND WAGES - ON PAYROLL,182502,182502,194795
LOCAL,0610,Chicago Midway Airport Fund,3,Office of Inspector General,2005,Office of Inspector General,0015,SCHEDULE SALARY ADJUSTMENTS,2408,2408,1953
LOCAL,0610,Chicago Midway Airport Fund,3,Office of Inspector General,2005,Office of Inspector General,0130,POSTAGE,100,100,78
LOCAL,0610,Chicago Midway Airport Fund,3,Office of Inspector General,2005,Office of Inspector General,0138,IT MAINTENANCE,278,278,2036
LOCAL,0610,Chicago Midway Airport Fund,3,Office of Inspector General,2005,Office of Inspector General,0140,PROFESSIONAL AND TECHNICAL SERVICES,0,0,847
LOCAL,0610,Chicago Midway Airport Fund,3,Office of Inspector General,2005,Office of Inspector General,0143,COURT REPORTING,0,0,6538
LOCAL,0610,Chicago Midway Airport Fund,3,Office of Inspector General,2005,Office of Inspector General,0149,SOFTWARE MAINTENANCE AND LICENSING,0,0,5489
LOCAL,0610,Chicago Midway Airport Fund,3,Office of Inspector General,2005,Office of Inspector General,0154,RENTAL-DATA HARDWARE EQUIPMENT,12000,12000,0
LOCAL,0610,Chicago Midway Airport Fund,3,Office of Inspector General,2005,Office of Inspector General,0157,RENTAL EQUIPMENT AND SERVICES,13030,13030,4025
LOCAL,0610,Chicago Midway Airport Fund,3,Office of Inspector General,2005,Office of Inspector General,0159,LEASE/PURCHASE EQUIPMENT,0,0,254
LOCAL,0610,Chicago Midway Airport Fund,3,Office of Inspector General,2005,Office of Inspector General,0166,"DUES, SUBSCRIPTIONS AND MEMBERSHIPS",0,0,499
LOCAL,0610,Chicago Midway Airport Fund,3,Office of Inspector General,2005,Office of Inspector General,0169,TECHNICAL MEETING COSTS,7396,7396,3678
LOCAL,0610,Chicago Midway Airport Fund,3,Office of Inspector General,2005,Office of Inspector General,0181,MOBILE COMMUNICATION SERVICES,1448,1448,1330
LOCAL,0610,Chicago Midway Airport Fund,3,Office of Inspector General,2005,Office of Inspector General,0189,TELEPHONE - NON-CENTREX BILLINGS,0,0,2157
LOCAL,0610,Chicago Midway Airport Fund,3,Office of Inspector General,2005,Office of Inspector General,0245,REIMBURSEMENT TO TRAVELERS,0,0,63
LOCAL,0610,Chicago Midway Airport Fund,3,Office of Inspector General,2005,Office of Inspector General,0270,LOCAL TRANSPORTATION,300,300,175
LOCAL,0610,Chicago Midway Airport Fund,3,Office of Inspector General,2005,Office of Inspector General,0320,GASOLINE,200,200,257
LOCAL,0610,Chicago Midway Airport Fund,3,Office of Inspector General,2005,Office of Inspector General,0340,MATERIAL AND SUPPLIES,200,200,207
LOCAL,0610,Chicago Midway Airport Fund,3,Office of Inspector General,2005,Office of Inspector General,0348,BOOKS AND RELATED MATERIAL,0,0,16
LOCAL,0610,Chicago Midway Airport Fund,3,Office of Inspector General,2005,Office of Inspector General,0350,STATIONERY AND OFFICE SUPPLIES,100,100,609
LOCAL,0740,Chicago O'Hare Airport Fund,3,Office of Inspector General,2005,Office of Inspector General,0005,SALARIES AND WAGES - ON PAYROLL,968913,968913,962279
LOCAL,0740,Chicago O'Hare Airport Fund,3,Office of Inspector General,2005,Office of Inspector General,0015,SCHEDULE SALARY ADJUSTMENTS,10855,10855,9987
LOCAL,0740,Chicago O'Hare Airport Fund,3,Office of Inspector General,2005,Office of Inspector General,0020,OVERTIME,3000,3000,3000
LOCAL,0740,Chicago O'Hare Airport Fund,3,Office of Inspector General,2005,Office of Inspector General,0130,POSTAGE,610,610,309
LOCAL,0740,Chicago O'Hare Airport Fund,3,Office of Inspector General,2005,Office of Inspector General,0138,IT MAINTENANCE,0,0,7220
LOCAL,0740,Chicago O'Hare Airport Fund,3,Office of Inspector General,2005,Office of Inspector General,0140,PROFESSIONAL AND TECHNICAL SERVICES,0,0,2116
LOCAL,0740,Chicago O'Hare Airport Fund,3,Office of Inspector General,2005,Office of Inspector General,0143,COURT REPORTING,0,0,16346
LOCAL,0740,Chicago O'Hare Airport Fund,3,Office of Inspector General,2005,Office of Inspector General,0149,SOFTWARE MAINTENANCE AND LICENSING,0,0,21111
LOCAL,0740,Chicago O'Hare Airport Fund,3,Office of Inspector General,2005,Office of Inspector General,0154,RENTAL-DATA HARDWARE EQUIPMENT,8691,8691,0
LOCAL,0740,Chicago O'Hare Airport Fund,3,Office of Inspector General,2005,Office of Inspector General,0157,RENTAL EQUIPMENT AND SERVICES,8054,8054,10560
LOCAL,0740,Chicago O'Hare Airport Fund,3,Office of Inspector General,2005,Office of Inspector General,0159,LEASE/PURCHASE EQUIPMENT,206,206,1016
LOCAL,0740,Chicago O'Hare Airport Fund,3,Office of Inspector General,2005,Office of Inspector General,0162,REPAIR/MAINT EQUIPMENT,65,65,65
LOCAL,0740,Chicago O'Hare Airport Fund,3,Office of Inspector General,2005,Office of Inspector General,0166,"DUES, SUBSCRIPTIONS AND MEMBERSHIPS",0,0,2165
LOCAL,0740,Chicago O'Hare Airport Fund,3,Office of Inspector General,2005,Office of Inspector General,0169,TECHNICAL MEETING COSTS,5447,5447,14712
LOCAL,0740,Chicago O'Hare Airport Fund,3,Office of Inspector General,2005,Office of Inspector General,0181,MOBILE COMMUNICATION SERVICES,2757,2757,4119
LOCAL,0740,Chicago O'Hare Airport Fund,3,Office of Inspector General,2005,Office of Inspector General,0189,TELEPHONE - NON-CENTREX BILLINGS,3258,3258,7934
LOCAL,0740,Chicago O'Hare Airport Fund,3,Office of Inspector General,2005,Office of Inspector General,0245,REIMBURSEMENT TO TRAVELERS,558,558,252
LOCAL,0740,Chicago O'Hare Airport Fund,3,Office of Inspector General,2005,Office of Inspector General,0270,LOCAL TRANSPORTATION,1315,1315,748
LOCAL,0740,Chicago O'Hare Airport Fund,3,Office of Inspector General,2005,Office of Inspector General,0320,GASOLINE,1956,1956,642
LOCAL,0740,Chicago O'Hare Airport Fund,3,Office of Inspector General,2005,Office of Inspector General,0340,MATERIAL AND SUPPLIES,1685,1685,830
LOCAL,0740,Chicago O'Hare Airport Fund,3,Office of Inspector General,2005,Office of Inspector General,0348,BOOKS AND RELATED MATERIAL,1082,1082,107
LOCAL,0740,Chicago O'Hare Airport Fund,3,Office of Inspector General,2005,Office of Inspector General,0350,STATIONERY AND OFFICE SUPPLIES,2812,2812,2714
LOCAL,0100,Corporate Fund,5,Office of Budget and Management,2005,Office of Budget and Management,0005,SALARIES AND WAGES - ON PAYROLL,3054769,3054769,3007359
LOCAL,0100,Corporate Fund,5,Office of Budget and Management,2005,Office of Budget and Management,0015,SCHEDULE SALARY ADJUSTMENTS,15013,15013,7036
LOCAL,0100,Corporate Fund,5,Office of Budget and Management,2005,Office of Budget and Management,0039,STUDENT AS TRAINEES,37500,37500,37500
LOCAL,0100,Corporate Fund,5,Office of Budget and Management,2005,Office of Budget and Management,0130,POSTAGE,5000,5000,5000
LOCAL,0100,Corporate Fund,5,Office of Budget and Management,2005,Office of Budget and Management,0140,PROFESSIONAL AND TECHNICAL SERVICES,5500,5500,5500
LOCAL,0100,Corporate Fund,5,Office of Budget and Management,2005,Office of Budget and Management,0152,ADVERTISING,1000,1000,1000
LOCAL,0100,Corporate Fund,5,Office of Budget and Management,2005,Office of Budget and Management,0157,RENTAL EQUIPMENT AND SERVICES,10000,10000,10000
LOCAL,0100,Corporate Fund,5,Office of Budget and Management,2005,Office of Budget and Management,0169,TECHNICAL MEETING COSTS,1000,1000,1000
LOCAL,0100,Corporate Fund,5,Office of Budget and Management,2005,Office of Budget and Management,0181,MOBILE COMMUNICATION SERVICES,5100,5100,5100
LOCAL,0100,Corporate Fund,5,Office of Budget and Management,2005,Office of Budget and Management,0190,TELEPHONE - CENTREX BILLINGS,4500,4500,4500
LOCAL,0100,Corporate Fund,5,Office of Budget and Management,2005,Office of Budget and Management,0197,TELEPHONE - MAINTENANCE,1209,1209,1209
LOCAL,0100,Corporate Fund,5,Office of Budget and Management,2005,Office of Budget and Management,0245,REIMBURSEMENT TO TRAVELERS,500,500,500
LOCAL,0100,Corporate Fund,5,Office of Budget and Management,2005,Office of Budget and Management,0270,LOCAL TRANSPORTATION,500,500,500
LOCAL,0100,Corporate Fund,5,Office of Budget and Management,2005,Office of Budget and Management,0348,BOOKS AND RELATED MATERIAL,400,400,400
LOCAL,0100,Corporate Fund,5,Office of Budget and Management,2005,Office of Budget and Management,0350,STATIONERY AND OFFICE SUPPLIES,5400,5400,5400
LOCAL,0200,Water Fund,5,Office of Budget and Management,2005,Office of Budget and Management,0005,SALARIES AND WAGES - ON PAYROLL,130356,130356,130356
LOCAL,0B21,Tax Increment Financing Administration Fund,5,Office of Budget and Management,2005,Office of Budget and Management,0005,SALARIES AND WAGES - ON PAYROLL,99624,99624,99624
LOCAL,0100,Corporate Fund,6,Department of Innovation and Technology,2005,Department of Innovation and Technology,0005,SALARIES AND WAGES - ON PAYROLL,9793162,9793162,0
LOCAL,0100,Corporate Fund,6,Department of Innovation and Technology,2005,Department of Innovation and Technology,0015,SCHEDULE SALARY ADJUSTMENTS,18255,18255,0
LOCAL,0100,Corporate Fund,6,Department of Innovation and Technology,2005,Department of Innovation and Technology,0039,STUDENT AS TRAINEES,78000,78000,0
LOCAL,0100,Corporate Fund,6,Department of Innovation and Technology,2005,Department of Innovation and Technology,0130,POSTAGE,78,78,0
LOCAL,0100,Corporate Fund,6,Department of Innovation and Technology,2005,Department of Innovation and Technology,0138,IT MAINTENANCE,2524431,2524431,0
LOCAL,0100,Corporate Fund,6,Department of Innovation and Technology,2005,Department of Innovation and Technology,0140,PROFESSIONAL AND TECHNICAL SERVICES,1125262,1125262,0
LOCAL,0100,Corporate Fund,6,Department of Innovation and Technology,2005,Department of Innovation and Technology,0149,SOFTWARE MAINTENANCE AND LICENSING,8352533,8352533,0
LOCAL,0100,Corporate Fund,6,Department of Innovation and Technology,2005,Department of Innovation and Technology,0162,REPAIR/MAINT EQUIPMENT,1098177,1098177,0
LOCAL,0100,Corporate Fund,6,Department of Innovation and Technology,2005,Department of Innovation and Technology,0166,"DUES, SUBSCRIPTIONS AND MEMBERSHIPS",20500,20500,0
LOCAL,0100,Corporate Fund,6,Department of Innovation and Technology,2005,Department of Innovation and Technology,0169,TECHNICAL MEETING COSTS,72700,72700,0
LOCAL,0100,Corporate Fund,6,Department of Innovation and Technology,2005,Department of Innovation and Technology,0181,MOBILE COMMUNICATION SERVICES,30000,30000,0
LOCAL,0100,Corporate Fund,6,Department of Innovation and Technology,2005,Department of Innovation and Technology,0190,TELEPHONE - CENTREX BILLINGS,25190,25190,0
LOCAL,0100,Corporate Fund,6,Department of Innovation and Technology,2005,Department of Innovation and Technology,0196,DATA CIRCUITS,699037,699037,0
LOCAL,0100,Corporate Fund,6,Department of Innovation and Technology,2005,Department of Innovation and Technology,0197,TELEPHONE - MAINTENANCE,9505,9505,0
LOCAL,0100,Corporate Fund,6,Department of Innovation and Technology,2005,Department of Innovation and Technology,0245,REIMBURSEMENT TO TRAVELERS,5000,5422,0
LOCAL,0100,Corporate Fund,6,Department of Innovation and Technology,2005,Department of Innovation and Technology,0270,LOCAL TRANSPORTATION,900,478,0
LOCAL,0100,Corporate Fund,6,Department of Innovation and Technology,2005,Department of Innovation and Technology,0340,MATERIAL AND SUPPLIES,7750,7750,0
LOCAL,0100,Corporate Fund,6,Department of Innovation and Technology,2005,Department of Innovation and Technology,0348,BOOKS AND RELATED MATERIAL,2700,2700,0
LOCAL,0100,Corporate Fund,6,Department of Innovation and Technology,2005,Department of Innovation and Technology,0350,STATIONERY AND OFFICE SUPPLIES,6750,6750,0
LOCAL,0100,Corporate Fund,6,Department of Innovation and Technology,2005,Department of Innovation and Technology,9438,REIMBURSEMENT - AIM,3000,3000,0
LOCAL,0200,Water Fund,6,Department of Innovation and Technology,2005,Department of Innovation and Technology,0138,IT MAINTENANCE,934000,934000,0
LOCAL,0200,Water Fund,6,Department of Innovation and Technology,2005,Department of Innovation and Technology,0139,IT DEVELOPMENT,820000,820000,0
LOCAL,0200,Water Fund,6,Department of Innovation and Technology,2005,Department of Innovation and Technology,0140,PROFESSIONAL AND TECHNICAL SERVICES,4477958,4477958,0
LOCAL,0200,Water Fund,6,Department of Innovation and Technology,2005,Department of Innovation and Technology,0149,SOFTWARE MAINTENANCE AND LICENSING,123827,123827,0
LOCAL,0200,Water Fund,6,Department of Innovation and Technology,2005,Department of Innovation and Technology,0197,TELEPHONE - MAINTENANCE,21593,21593,0
LOCAL,0346,Library Fund,6,Department of Innovation and Technology,2005,Department of Innovation and Technology,0005,SALARIES AND WAGES - ON PAYROLL,1230233,1230233,0
LOCAL,0100,Corporate Fund,15,City Council,2005,City Council,0005,SALARIES AND WAGES - ON PAYROLL,6569719,6569719,6689220
LOCAL,0100,Corporate Fund,15,City Council,2005,City Council,0017,WARD STAFF WAGE ALLOWANCE,9548615,9548615,9548615
LOCAL,0100,Corporate Fund,15,City Council,2005,City Council,0039,STUDENT AS TRAINEES,210000,210000,225000
LOCAL,0100,Corporate Fund,15,City Council,2005,City Council,0126,OFFICE CONVENIENCES,0,0,1000
LOCAL,0100,Corporate Fund,15,City Council,2005,City Council,0157,RENTAL EQUIPMENT AND SERVICES,0,0,27000
LOCAL,0100,Corporate Fund,15,City Council,2005,City Council,0165,GRAPHIC DESIGN SERVICES,0,0,1500
LOCAL,0100,Corporate Fund,15,City Council,2005,City Council,0190,TELEPHONE - CENTREX BILLINGS,38160,38160,38160
LOCAL,0100,Corporate Fund,15,City Council,2005,City Council,0197,TELEPHONE - MAINTENANCE,1760,1760,1760
LOCAL,0100,Corporate Fund,15,City Council,2005,City Council,0245,REIMBURSEMENT TO TRAVELERS,1000,1000,3000
LOCAL,0100,Corporate Fund,15,City Council,2005,City Council,0340,MATERIAL AND SUPPLIES,0,0,7000
LOCAL,0100,Corporate Fund,15,City Council,2005,City Council,0700,CONTINGENCIES,43000,43000,5000
LOCAL,0100,Corporate Fund,15,City Council,2005,City Council,0982,RECOGNITION FOR HEROSIM,1000,1000,1000
LOCAL,0100,Corporate Fund,15,City Council,2005,City Council,9008,ALDERMANIC EXPENSE ALLOWANCE FOR ORDINARY AND NECESSARY EXPENSES INCURRED IN CONNTECTION WITH THE PERFORMANCE OF THE ALERMAN'S OFFICIAL DUTIES,4850000,4850000,4850000
LOCAL,0100,Corporate Fund,15,City Council,2005,City Council,9010,"FOR LEGAL, TECCHNICAL, MEDICAL AND PROFESSIONAL SERVICES,APPRAISALS, CONSULTANTS, PRINTERS, COURT REPORTERS, AND OTHER INCEDENTAL CONTRACTUAL SERVICES.  TO BE EXPENDED AT THE DIRECTION OF THE CHAIRMAN OF THE COMMITTEE ON FINANCE",92072,92072,0
LOCAL,0100,Corporate Fund,15,City Council,2005,City Council,9072,CONTIGENT AND OTHER EXPENSES FOR CORPORATE PURPOSES NOT OTHERWISE PROVIDED FOR.  TO BE EXPENDED UNDER THE DIRECTION OF THE PRESIDENT PRO TEMPORE OF THE CITY COUNCIL,4000,4000,4000
LOCAL,0100,Corporate Fund,15,City Council,2010,Committee on Finance,0000,PERSONNEL SERVICES,0,1041062,737210
LOCAL,0100,Corporate Fund,15,City Council,2010,Committee on Finance,0005,SALARIES AND WAGES - ON PAYROLL,1885500,0,0
LOCAL,0100,Corporate Fund,15,City Council,2010,Committee on Finance,0130,POSTAGE,16000,16000,3000
LOCAL,0100,Corporate Fund,15,City Council,2010,Committee on Finance,0140,PROFESSIONAL AND TECHNICAL SERVICES,12500,18794,61520
LOCAL,0100,Corporate Fund,15,City Council,2010,Committee on Finance,0143,COURT REPORTING,72000,72000,60000
LOCAL,0100,Corporate Fund,15,City Council,2010,Committee on Finance,0157,RENTAL EQUIPMENT AND SERVICES,65000,65000,65000
LOCAL,0100,Corporate Fund,15,City Council,2010,Committee on Finance,0166,"DUES, SUBSCRIPTIONS AND MEMBERSHIPS",2000,2129,3000
LOCAL,0100,Corporate Fund,15,City Council,2010,Committee on Finance,0169,TECHNICAL MEETING COSTS,2500,2500,1500
LOCAL,0100,Corporate Fund,15,City Council,2010,Committee on Finance,0190,TELEPHONE - CENTREX BILLINGS,8800,8800,4000
LOCAL,0200,Water Fund,28,City Treasurer,2005,City Treasurer,0138,IT MAINTENANCE,50000,50000,50000
LOCAL,0100,Corporate Fund,15,City Council,2010,Committee on Finance,0197,TELEPHONE - MAINTENANCE,1120,1120,500
LOCAL,0100,Corporate Fund,15,City Council,2010,Committee on Finance,0229,TRANSPORTATION AND EXPENSE ALLOWANCE,8000,8000,4000
LOCAL,0100,Corporate Fund,15,City Council,2010,Committee on Finance,0340,MATERIAL AND SUPPLIES,3500,3500,3500
LOCAL,0100,Corporate Fund,15,City Council,2010,Committee on Finance,0348,BOOKS AND RELATED MATERIAL,3000,3000,3000
LOCAL,0100,Corporate Fund,15,City Council,2010,Committee on Finance,0350,STATIONERY AND OFFICE SUPPLIES,45000,45000,35000
LOCAL,0100,Corporate Fund,15,City Council,2010,Committee on Finance,0700,CONTINGENCIES,100,100,2000
LOCAL,0100,Corporate Fund,15,City Council,2010,Committee on Finance,9005,LEGAL FEES - COMMITTE ON FINANCE,50000,50000,50000
LOCAL,0100,Corporate Fund,15,City Council,2010,Committee on Finance,9006,LEGAL ASSISTANCE - COMMITTEE ON FINANCE,50000,50000,50000
LOCAL,0100,Corporate Fund,15,City Council,2010,Committee on Finance,9010,"FOR LEGAL, TECCHNICAL, MEDICAL AND PROFESSIONAL SERVICES,APPRAISALS, CONSULTANTS, PRINTERS, COURT REPORTERS, AND OTHER INCEDENTAL CONTRACTUAL SERVICES.  TO BE EXPENDED AT THE DIRECTION OF THE CHAIRMAN OF THE COMMITTEE ON FINANCE",92500,35500,35500
LOCAL,0100,Corporate Fund,15,City Council,2012,Council Office of Financial Analysis,0005,SALARIES AND WAGES - ON PAYROLL,282216,282216,282216
LOCAL,0100,Corporate Fund,15,City Council,2012,Council Office of Financial Analysis,0700,CONTINGENCIES,27160,27160,27160
LOCAL,0100,Corporate Fund,15,City Council,2214,Committee on the Budget and Government Operations,0000,PERSONNEL SERVICES,507242,470815,280000
LOCAL,0100,Corporate Fund,15,City Council,2214,Committee on the Budget and Government Operations,0100,CONTRACTUAL SERVICES,15000,101725,15000
LOCAL,0100,Corporate Fund,15,City Council,2214,Committee on the Budget and Government Operations,0300,COMMODITIES AND MATERIALS,12000,12000,12000
LOCAL,0100,Corporate Fund,15,City Council,2214,Committee on the Budget and Government Operations,0400,EQUIPMENT,9500,9500,9500
LOCAL,0100,Corporate Fund,15,City Council,2214,Committee on the Budget and Government Operations,0700,CONTINGENCIES,15000,15494,15000
LOCAL,0100,Corporate Fund,15,City Council,2216,Committee on Contracting  Oversight  and Equity,0000,PERSONNEL SERVICES,0,190000,190000
LOCAL,0100,Corporate Fund,15,City Council,2216,Committee on Contracting  Oversight  and Equity,0100,CONTRACTUAL SERVICES,0,1500,1500
LOCAL,0100,Corporate Fund,15,City Council,2220,Committee on Aviation,0000,PERSONNEL SERVICES,111287,140000,180000
LOCAL,0100,Corporate Fund,15,City Council,2220,Committee on Aviation,0100,CONTRACTUAL SERVICES,200,200,200
LOCAL,0100,Corporate Fund,15,City Council,2220,Committee on Aviation,0300,COMMODITIES AND MATERIALS,500,500,500
LOCAL,0100,Corporate Fund,15,City Council,2220,Committee on Aviation,0700,CONTINGENCIES,750,750,750
LOCAL,0100,Corporate Fund,15,City Council,2223,Special Legislative Committee on the Census,0000,PERSONNEL SERVICES,0,110000,110000
LOCAL,0100,Corporate Fund,15,City Council,2223,Special Legislative Committee on the Census,0300,COMMODITIES AND MATERIALS,0,1500,1500
LOCAL,0100,Corporate Fund,15,City Council,2225,Committee on License and Consumer Protection,0000,PERSONNEL SERVICES,100463,163500,143500
LOCAL,0100,Corporate Fund,15,City Council,2225,Committee on License and Consumer Protection,0100,CONTRACTUAL SERVICES,26500,26500,46500
LOCAL,0100,Corporate Fund,15,City Council,2225,Committee on License and Consumer Protection,0300,COMMODITIES AND MATERIALS,1500,1500,1500
LOCAL,0100,Corporate Fund,15,City Council,2235,Committee on Public Safety,0000,PERSONNEL SERVICES,164136,166199,166300
LOCAL,0100,Corporate Fund,15,City Council,2235,Committee on Public Safety,0100,CONTRACTUAL SERVICES,1000,1000,1000
LOCAL,0100,Corporate Fund,15,City Council,2235,Committee on Public Safety,0300,COMMODITIES AND MATERIALS,1000,1000,1000
LOCAL,0100,Corporate Fund,15,City Council,2235,Committee on Public Safety,0700,CONTINGENCIES,500,500,500
LOCAL,0100,Corporate Fund,15,City Council,2240,Committee on Health and Environmental Protection,0000,PERSONNEL SERVICES,93609,0,0
LOCAL,0100,Corporate Fund,15,City Council,2240,Committee on Health and Environmental Protection,0100,CONTRACTUAL SERVICES,2506,0,0
LOCAL,0100,Corporate Fund,15,City Council,2240,Committee on Health and Environmental Protection,0300,COMMODITIES AND MATERIALS,800,0,0
LOCAL,0100,Corporate Fund,15,City Council,2245,Committee on Committees and Rules,0000,PERSONNEL SERVICES,128220,128220,128220
LOCAL,0100,Corporate Fund,15,City Council,2245,Committee on Committees and Rules,0100,CONTRACTUAL SERVICES,20000,20000,20000
LOCAL,0100,Corporate Fund,15,City Council,2245,Committee on Committees and Rules,0300,COMMODITIES AND MATERIALS,500,500,500
LOCAL,0100,Corporate Fund,15,City Council,2255,Committee on Economic  Capital and Technology Development,0000,PERSONNEL SERVICES,105652,385000,385000
LOCAL,0100,Corporate Fund,15,City Council,2255,Committee on Economic  Capital and Technology Development,0100,CONTRACTUAL SERVICES,1000,1000,1000
LOCAL,0100,Corporate Fund,15,City Council,2255,Committee on Economic  Capital and Technology Development,0300,COMMODITIES AND MATERIALS,500,500,500
LOCAL,0100,Corporate Fund,15,City Council,2255,Committee on Economic  Capital and Technology Development,0700,CONTINGENCIES,1000,1000,1000
LOCAL,0100,Corporate Fund,15,City Council,2257,Committee on Environmental Protection and Energy,0000,PERSONNEL SERVICES,0,199200,205200
LOCAL,0100,Corporate Fund,15,City Council,2257,Committee on Environmental Protection and Energy,0300,COMMODITIES AND MATERIALS,0,800,800
LOCAL,0100,Corporate Fund,15,City Council,2258,Committee on Ethics and Good Governance,0000,PERSONNEL SERVICES,0,140000,143100
LOCAL,0100,Corporate Fund,15,City Council,2258,Committee on Ethics and Good Governance,0300,COMMODITIES AND MATERIALS,0,1500,1500
LOCAL,0100,Corporate Fund,15,City Council,2260,Committee on Education and Child Development,0000,PERSONNEL SERVICES,168387,172316,168387
LOCAL,0100,Corporate Fund,15,City Council,2260,Committee on Education and Child Development,0100,CONTRACTUAL SERVICES,3000,3000,3000
LOCAL,0100,Corporate Fund,15,City Council,2260,Committee on Education and Child Development,0700,CONTINGENCIES,2000,2000,2000
LOCAL,0100,Corporate Fund,15,City Council,2275,Committee on Zoning  Landmarks and Building Standards,0000,PERSONNEL SERVICES,319891,319891,319891
LOCAL,0100,Corporate Fund,15,City Council,2275,Committee on Zoning  Landmarks and Building Standards,0100,CONTRACTUAL SERVICES,15300,74700,74700
LOCAL,0100,Corporate Fund,15,City Council,2275,Committee on Zoning  Landmarks and Building Standards,0300,COMMODITIES AND MATERIALS,74700,15300,15300
LOCAL,0100,Corporate Fund,15,City Council,2277,Committee on Health and Human Relations,0000,PERSONNEL SERVICES,0,140000,130000
LOCAL,0100,Corporate Fund,15,City Council,2277,Committee on Health and Human Relations,0100,CONTRACTUAL SERVICES,0,0,7000
LOCAL,0100,Corporate Fund,15,City Council,2277,Committee on Health and Human Relations,0300,COMMODITIES AND MATERIALS,0,1000,4000
LOCAL,0100,Corporate Fund,15,City Council,2280,Committee on Housing and Real Estate,0000,PERSONNEL SERVICES,204109,204109,204109
LOCAL,0100,Corporate Fund,15,City Council,2280,Committee on Housing and Real Estate,0300,COMMODITIES AND MATERIALS,8000,8000,8000
LOCAL,0100,Corporate Fund,15,City Council,2286,Committee on Human Relations,0000,PERSONNEL SERVICES,95333,0,0
LOCAL,0100,Corporate Fund,15,City Council,2286,Committee on Human Relations,0300,COMMODITIES AND MATERIALS,1000,0,0
LOCAL,0100,Corporate Fund,15,City Council,2290,Committee on Workforce Development and Audit,0000,PERSONNEL SERVICES,508672,387646,305100
LOCAL,0100,Corporate Fund,15,City Council,2290,Committee on Workforce Development and Audit,0100,CONTRACTUAL SERVICES,40000,5000,5000
LOCAL,0100,Corporate Fund,15,City Council,2290,Committee on Workforce Development and Audit,0300,COMMODITIES AND MATERIALS,5000,5000,5000
LOCAL,0100,Corporate Fund,15,City Council,2295,Legislative Reference Bureau,0000,PERSONNEL SERVICES,373008,373957,373008
LOCAL,0100,Corporate Fund,15,City Council,2295,Legislative Reference Bureau,0300,COMMODITIES AND MATERIALS,4000,4000,4000
LOCAL,0300,Vehicle Tax Fund,15,City Council,2005,City Council,0700,CONTINGENCIES,0,45325,0
LOCAL,0300,Vehicle Tax Fund,15,City Council,2230,Committee on Transportation and Public Way,0000,PERSONNEL SERVICES,450883,370263,280000
LOCAL,0300,Vehicle Tax Fund,15,City Council,2230,Committee on Transportation and Public Way,0100,CONTRACTUAL SERVICES,0,22005,15000
LOCAL,0300,Vehicle Tax Fund,15,City Council,2230,Committee on Transportation and Public Way,0300,COMMODITIES AND MATERIALS,0,1387,15000
LOCAL,0300,Vehicle Tax Fund,15,City Council,2230,Committee on Transportation and Public Way,9000,PURPOSES AS SPECIFIED,16387,0,0
LOCAL,0300,Vehicle Tax Fund,15,City Council,2265,Committee on Pedestrian and Traffic Safety,0000,PERSONNEL SERVICES,251710,280000,280000
LOCAL,0300,Vehicle Tax Fund,15,City Council,2265,Committee on Pedestrian and Traffic Safety,0300,COMMODITIES AND MATERIALS,5000,5000,5000
LOCAL,0355,Special Events and Municipal Hotel Operators' Occupation Tax Fund,15,City Council,2155,Committee on Special Events  Cultural Affairs and Recreation,0000,PERSONNEL SERVICES,162990,162990,162990
LOCAL,0355,Special Events and Municipal Hotel Operators' Occupation Tax Fund,15,City Council,2155,Committee on Special Events  Cultural Affairs and Recreation,0300,COMMODITIES AND MATERIALS,3720,3720,3720
LOCAL,0100,Corporate Fund,21,Department of Housing,2010,Department of Housing,0005,SALARIES AND WAGES - ON PAYROLL,1382165,1382165,1687392
LOCAL,0100,Corporate Fund,21,Department of Housing,2010,Department of Housing,0015,SCHEDULE SALARY ADJUSTMENTS,10755,10755,7210
LOCAL,0100,Corporate Fund,21,Department of Housing,2010,Department of Housing,0135,DELEGATE AGENCIES,1186281,1186281,1186281
LOCAL,0100,Corporate Fund,21,Department of Housing,2010,Department of Housing,0140,PROFESSIONAL AND TECHNICAL SERVICES,270500,270500,570500
LOCAL,0100,Corporate Fund,21,Department of Housing,2010,Department of Housing,0149,SOFTWARE MAINTENANCE AND LICENSING,0,0,127625
LOCAL,0100,Corporate Fund,21,Department of Housing,2010,Department of Housing,0152,ADVERTISING,10000,10000,10000
LOCAL,0100,Corporate Fund,21,Department of Housing,2010,Department of Housing,0169,TECHNICAL MEETING COSTS,3400,3400,23900
LOCAL,0100,Corporate Fund,21,Department of Housing,2010,Department of Housing,0181,MOBILE COMMUNICATION SERVICES,0,0,3630
LOCAL,0100,Corporate Fund,21,Department of Housing,2010,Department of Housing,0190,TELEPHONE - CENTREX BILLINGS,0,0,8125
LOCAL,0100,Corporate Fund,21,Department of Housing,2010,Department of Housing,0197,TELEPHONE - MAINTENANCE,0,0,450
LOCAL,0100,Corporate Fund,21,Department of Housing,2010,Department of Housing,0245,REIMBURSEMENT TO TRAVELERS,3000,3000,9000
LOCAL,0100,Corporate Fund,21,Department of Housing,2010,Department of Housing,0938,LOW INCOME HOUSING,0,0,5000000
LOCAL,0100,Corporate Fund,21,Department of Housing,2010,Department of Housing,9110,PROPERT MANAGEMENT MAIN,50000,50000,50000
LOCAL,0100,Corporate Fund,21,Department of Housing,2010,Department of Housing,9183,FORECLOSURE PREVENTION,482150,482150,482150
LOCAL,0100,Corporate Fund,21,Department of Housing,2010,Department of Housing,9211,SINGLE-FAMILY TROUBLED BUILDING INITIATI,75000,75000,75000
LOCAL,0100,Corporate Fund,21,Department of Housing,2010,Department of Housing,9212,MULTI-FAMILY TROUBLED BUILDING INITIATIV,175000,175000,175000
LOCAL,0100,Corporate Fund,21,Department of Housing,2010,Department of Housing,9224,MICRO MARKET RECOVERY,700000,700000,900000
LOCAL,0100,Corporate Fund,21,Department of Housing,2010,Department of Housing,9267,FLEXIBLE HOUSING POOL,0,0,5000000
LOCAL,0100,Corporate Fund,21,Department of Housing,2010,Department of Housing,9438,REIMBURSEMENT - AIM,0,0,30000
LOCAL,0996,Affordable Housing Opportunity Fund,21,Department of Housing,2010,Department of Housing,0005,SALARIES AND WAGES - ON PAYROLL,1254912,1254912,809245
LOCAL,0996,Affordable Housing Opportunity Fund,21,Department of Housing,2010,Department of Housing,0015,SCHEDULE SALARY ADJUSTMENTS,4257,4257,4668
LOCAL,0996,Affordable Housing Opportunity Fund,21,Department of Housing,2010,Department of Housing,0039,STUDENT AS TRAINEES,15000,15000,0
LOCAL,0996,Affordable Housing Opportunity Fund,21,Department of Housing,2010,Department of Housing,0139,IT DEVELOPMENT,0,0,60000
LOCAL,0996,Affordable Housing Opportunity Fund,21,Department of Housing,2010,Department of Housing,0140,PROFESSIONAL AND TECHNICAL SERVICES,0,0,50000
LOCAL,0996,Affordable Housing Opportunity Fund,21,Department of Housing,2010,Department of Housing,0169,TECHNICAL MEETING COSTS,4000,4000,9000
LOCAL,0996,Affordable Housing Opportunity Fund,21,Department of Housing,2010,Department of Housing,0245,REIMBURSEMENT TO TRAVELERS,4000,4000,9000
LOCAL,0996,Affordable Housing Opportunity Fund,21,Department of Housing,2010,Department of Housing,9213,AFFORDABLE HOUSING DENSITY PROGRAM,26246344,26246344,44338219
LOCAL,0B21,Tax Increment Financing Administration Fund,21,Department of Housing,2010,Department of Housing,0005,SALARIES AND WAGES - ON PAYROLL,209664,209664,495294
LOCAL,0B21,Tax Increment Financing Administration Fund,21,Department of Housing,2010,Department of Housing,0015,SCHEDULE SALARY ADJUSTMENTS,0,0,1548
LOCAL,0B21,Tax Increment Financing Administration Fund,21,Department of Housing,2010,Department of Housing,0139,IT DEVELOPMENT,0,0,120000
LOCAL,0B21,Tax Increment Financing Administration Fund,21,Department of Housing,2010,Department of Housing,0140,PROFESSIONAL AND TECHNICAL SERVICES,0,0,25000
LOCAL,0355,Special Events and Municipal Hotel Operators' Occupation Tax Fund,23,Department of Cultural Affairs and Special Events,2015,Department of Cultural Affairs and Special Events,0005,SALARIES AND WAGES - ON PAYROLL,6465606,6465606,6180967
LOCAL,0355,Special Events and Municipal Hotel Operators' Occupation Tax Fund,23,Department of Cultural Affairs and Special Events,2015,Department of Cultural Affairs and Special Events,0015,SCHEDULE SALARY ADJUSTMENTS,23967,23967,32766
LOCAL,0355,Special Events and Municipal Hotel Operators' Occupation Tax Fund,23,Department of Cultural Affairs and Special Events,2015,Department of Cultural Affairs and Special Events,0039,STUDENT AS TRAINEES,100000,100000,100000
LOCAL,0355,Special Events and Municipal Hotel Operators' Occupation Tax Fund,23,Department of Cultural Affairs and Special Events,2015,Department of Cultural Affairs and Special Events,0125,OFFICE AND BUILDING SERVICES,25000,25000,25000
LOCAL,0355,Special Events and Municipal Hotel Operators' Occupation Tax Fund,23,Department of Cultural Affairs and Special Events,2015,Department of Cultural Affairs and Special Events,0130,POSTAGE,45000,45000,45000
LOCAL,0355,Special Events and Municipal Hotel Operators' Occupation Tax Fund,23,Department of Cultural Affairs and Special Events,2015,Department of Cultural Affairs and Special Events,0135,DELEGATE AGENCIES,742000,742000,0
LOCAL,0355,Special Events and Municipal Hotel Operators' Occupation Tax Fund,23,Department of Cultural Affairs and Special Events,2015,Department of Cultural Affairs and Special Events,0138,IT MAINTENANCE,71550,71550,96550
LOCAL,0355,Special Events and Municipal Hotel Operators' Occupation Tax Fund,23,Department of Cultural Affairs and Special Events,2015,Department of Cultural Affairs and Special Events,0140,PROFESSIONAL AND TECHNICAL SERVICES,1891178,1891178,5130000
LOCAL,0355,Special Events and Municipal Hotel Operators' Occupation Tax Fund,23,Department of Cultural Affairs and Special Events,2015,Department of Cultural Affairs and Special Events,0150,OUTSIDE GRAPHIC SERVICES,80000,80000,80000
LOCAL,0355,Special Events and Municipal Hotel Operators' Occupation Tax Fund,23,Department of Cultural Affairs and Special Events,2015,Department of Cultural Affairs and Special Events,0152,ADVERTISING,189000,189000,189000
LOCAL,0355,Special Events and Municipal Hotel Operators' Occupation Tax Fund,23,Department of Cultural Affairs and Special Events,2015,Department of Cultural Affairs and Special Events,0153,PROMOTIONS,12000,12000,12000
LOCAL,0355,Special Events and Municipal Hotel Operators' Occupation Tax Fund,23,Department of Cultural Affairs and Special Events,2015,Department of Cultural Affairs and Special Events,0159,LEASE/PURCHASE EQUIPMENT,31524,31524,31524
LOCAL,0355,Special Events and Municipal Hotel Operators' Occupation Tax Fund,23,Department of Cultural Affairs and Special Events,2015,Department of Cultural Affairs and Special Events,0161,MAINTENANCE OF FACILITIES,0,0,200000
LOCAL,0355,Special Events and Municipal Hotel Operators' Occupation Tax Fund,23,Department of Cultural Affairs and Special Events,2015,Department of Cultural Affairs and Special Events,0166,"DUES, SUBSCRIPTIONS AND MEMBERSHIPS",39500,39500,39500
LOCAL,0355,Special Events and Municipal Hotel Operators' Occupation Tax Fund,23,Department of Cultural Affairs and Special Events,2015,Department of Cultural Affairs and Special Events,0172,INSURANCE PREMIUMS,404750,404750,464750
LOCAL,0355,Special Events and Municipal Hotel Operators' Occupation Tax Fund,23,Department of Cultural Affairs and Special Events,2015,Department of Cultural Affairs and Special Events,0181,MOBILE COMMUNICATION SERVICES,11450,11450,12180
LOCAL,0355,Special Events and Municipal Hotel Operators' Occupation Tax Fund,23,Department of Cultural Affairs and Special Events,2015,Department of Cultural Affairs and Special Events,0189,TELEPHONE - NON-CENTREX BILLINGS,48600,48600,48600
LOCAL,0355,Special Events and Municipal Hotel Operators' Occupation Tax Fund,23,Department of Cultural Affairs and Special Events,2015,Department of Cultural Affairs and Special Events,0190,TELEPHONE - CENTREX BILLINGS,45200,45200,45200
LOCAL,0355,Special Events and Municipal Hotel Operators' Occupation Tax Fund,23,Department of Cultural Affairs and Special Events,2015,Department of Cultural Affairs and Special Events,0191,TELEPHONE - RELOCATIONS,0,0,45000
LOCAL,0355,Special Events and Municipal Hotel Operators' Occupation Tax Fund,23,Department of Cultural Affairs and Special Events,2015,Department of Cultural Affairs and Special Events,0197,TELEPHONE - MAINTENANCE,5200,5200,5200
LOCAL,0355,Special Events and Municipal Hotel Operators' Occupation Tax Fund,23,Department of Cultural Affairs and Special Events,2015,Department of Cultural Affairs and Special Events,0229,TRANSPORTATION AND EXPENSE ALLOWANCE,4500,4500,4500
LOCAL,0355,Special Events and Municipal Hotel Operators' Occupation Tax Fund,23,Department of Cultural Affairs and Special Events,2015,Department of Cultural Affairs and Special Events,0245,REIMBURSEMENT TO TRAVELERS,6000,6000,6000
LOCAL,0355,Special Events and Municipal Hotel Operators' Occupation Tax Fund,23,Department of Cultural Affairs and Special Events,2015,Department of Cultural Affairs and Special Events,0330,FOOD,0,0,5000
LOCAL,0355,Special Events and Municipal Hotel Operators' Occupation Tax Fund,23,Department of Cultural Affairs and Special Events,2015,Department of Cultural Affairs and Special Events,0340,MATERIAL AND SUPPLIES,50000,50000,50000
LOCAL,0355,Special Events and Municipal Hotel Operators' Occupation Tax Fund,23,Department of Cultural Affairs and Special Events,2015,Department of Cultural Affairs and Special Events,0350,STATIONERY AND OFFICE SUPPLIES,45000,45000,45000
LOCAL,0355,Special Events and Municipal Hotel Operators' Occupation Tax Fund,23,Department of Cultural Affairs and Special Events,2015,Department of Cultural Affairs and Special Events,9188,MILLENNIUM PARK OPERATIONS,8308160,8308160,9618339
LOCAL,0355,Special Events and Municipal Hotel Operators' Occupation Tax Fund,23,Department of Cultural Affairs and Special Events,2015,Department of Cultural Affairs and Special Events,9219,IMPLEMENTATION OF CULTURAL PLAN,1250000,1250000,2325000
LOCAL,0355,Special Events and Municipal Hotel Operators' Occupation Tax Fund,23,Department of Cultural Affairs and Special Events,2015,Department of Cultural Affairs and Special Events,9288,MILLENNIUM PARK PROGRAMMING,1465500,1465500,1465500
LOCAL,0355,Special Events and Municipal Hotel Operators' Occupation Tax Fund,23,Department of Cultural Affairs and Special Events,2015,Department of Cultural Affairs and Special Events,9438,REIMBURSEMENT - AIM,10000,10000,10000
LOCAL,0355,Special Events and Municipal Hotel Operators' Occupation Tax Fund,23,Department of Cultural Affairs and Special Events,2015,Department of Cultural Affairs and Special Events,9803,FOR PROGRAMMING/MARKETG,2400741,2400741,2400741
LOCAL,0355,Special Events and Municipal Hotel Operators' Occupation Tax Fund,23,Department of Cultural Affairs and Special Events,2015,Department of Cultural Affairs and Special Events,9805,FOR FESTIVAL PRODUCTION,7240253,7240253,8139469
LOCAL,0355,Special Events and Municipal Hotel Operators' Occupation Tax Fund,23,Department of Cultural Affairs and Special Events,2015,Department of Cultural Affairs and Special Events,9807,FOR REDEMPTION EXPENSES,2500000,2500000,2500000
LOCAL,0355,Special Events and Municipal Hotel Operators' Occupation Tax Fund,23,Department of Cultural Affairs and Special Events,2015,Department of Cultural Affairs and Special Events,9813,LOCAL PROMOTION/MARKETG,853720,853720,853720
LOCAL,0100,Corporate Fund,25,City Clerk,2005,City Clerk,0005,SALARIES AND WAGES - ON PAYROLL,2791274,2791274,2711592
LOCAL,0100,Corporate Fund,25,City Clerk,2005,City Clerk,0015,SCHEDULE SALARY ADJUSTMENTS,10391,10391,15012
LOCAL,0100,Corporate Fund,25,City Clerk,2005,City Clerk,0020,OVERTIME,60000,60000,60000
LOCAL,0100,Corporate Fund,25,City Clerk,2005,City Clerk,0130,POSTAGE,50243,50243,52755
LOCAL,0100,Corporate Fund,25,City Clerk,2005,City Clerk,0135,DELEGATE AGENCIES,200000,200000,200000
LOCAL,0100,Corporate Fund,25,City Clerk,2005,City Clerk,0140,PROFESSIONAL AND TECHNICAL SERVICES,101976,100726,277530
LOCAL,0100,Corporate Fund,25,City Clerk,2005,City Clerk,0149,SOFTWARE MAINTENANCE AND LICENSING,366323,366323,620706
LOCAL,0100,Corporate Fund,25,City Clerk,2005,City Clerk,0150,OUTSIDE GRAPHIC SERVICES,4000,4000,4000
LOCAL,0100,Corporate Fund,25,City Clerk,2005,City Clerk,0152,ADVERTISING,57780,57780,75000
LOCAL,0100,Corporate Fund,25,City Clerk,2005,City Clerk,0157,RENTAL EQUIPMENT AND SERVICES,20820,20820,21820
LOCAL,0100,Corporate Fund,25,City Clerk,2005,City Clerk,0159,LEASE/PURCHASE EQUIPMENT,215028,215028,105000
LOCAL,0100,Corporate Fund,25,City Clerk,2005,City Clerk,0162,REPAIR/MAINT EQUIPMENT,22406,22406,22406
LOCAL,0100,Corporate Fund,25,City Clerk,2005,City Clerk,0166,"DUES, SUBSCRIPTIONS AND MEMBERSHIPS",10399,10399,12000
LOCAL,0100,Corporate Fund,25,City Clerk,2005,City Clerk,0171,MISCELLANEOUS SUPPLIES,0,0,10500
LOCAL,0100,Corporate Fund,25,City Clerk,2005,City Clerk,0181,MOBILE COMMUNICATION SERVICES,0,1250,2904
LOCAL,0100,Corporate Fund,25,City Clerk,2005,City Clerk,0190,TELEPHONE - CENTREX BILLINGS,14300,14300,14300
LOCAL,0100,Corporate Fund,25,City Clerk,2005,City Clerk,0197,TELEPHONE - MAINTENANCE,4755,4755,4755
LOCAL,0100,Corporate Fund,25,City Clerk,2005,City Clerk,0340,MATERIAL AND SUPPLIES,15690,15690,15956
LOCAL,0100,Corporate Fund,25,City Clerk,2005,City Clerk,0350,STATIONERY AND OFFICE SUPPLIES,161300,161300,91300
LOCAL,0300,Vehicle Tax Fund,25,City Clerk,2005,City Clerk,0005,SALARIES AND WAGES - ON PAYROLL,4084029,4084029,4029544
LOCAL,0300,Vehicle Tax Fund,25,City Clerk,2005,City Clerk,0015,SCHEDULE SALARY ADJUSTMENTS,18420,18420,30220
LOCAL,0300,Vehicle Tax Fund,25,City Clerk,2005,City Clerk,0020,OVERTIME,65000,65000,65000
LOCAL,0300,Vehicle Tax Fund,25,City Clerk,2005,City Clerk,0039,STUDENT AS TRAINEES,100000,100000,40000
LOCAL,0300,Vehicle Tax Fund,25,City Clerk,2005,City Clerk,0130,POSTAGE,724750,724750,886133
LOCAL,0300,Vehicle Tax Fund,25,City Clerk,2005,City Clerk,0139,IT DEVELOPMENT,235000,235000,142000
LOCAL,0300,Vehicle Tax Fund,25,City Clerk,2005,City Clerk,0140,PROFESSIONAL AND TECHNICAL SERVICES,177723,177723,185723
LOCAL,0300,Vehicle Tax Fund,25,City Clerk,2005,City Clerk,0149,SOFTWARE MAINTENANCE AND LICENSING,630300,630300,680000
LOCAL,0300,Vehicle Tax Fund,25,City Clerk,2005,City Clerk,0154,RENTAL-DATA HARDWARE EQUIPMENT,23225,23225,12125
LOCAL,0300,Vehicle Tax Fund,25,City Clerk,2005,City Clerk,0157,RENTAL EQUIPMENT AND SERVICES,74200,74200,90684
LOCAL,0300,Vehicle Tax Fund,25,City Clerk,2005,City Clerk,0159,LEASE/PURCHASE EQUIPMENT,0,0,58409
LOCAL,0300,Vehicle Tax Fund,25,City Clerk,2005,City Clerk,0162,REPAIR/MAINT EQUIPMENT,10275,10275,7750
LOCAL,0300,Vehicle Tax Fund,25,City Clerk,2005,City Clerk,0181,MOBILE COMMUNICATION SERVICES,21500,21500,18180
LOCAL,0300,Vehicle Tax Fund,25,City Clerk,2005,City Clerk,0197,TELEPHONE - MAINTENANCE,2960,2960,2960
LOCAL,0300,Vehicle Tax Fund,25,City Clerk,2005,City Clerk,0229,TRANSPORTATION AND EXPENSE ALLOWANCE,26000,26000,26000
LOCAL,0300,Vehicle Tax Fund,25,City Clerk,2005,City Clerk,0338,LICENSE STICKER TAG AND PLATES,280170,280170,394493
LOCAL,0300,Vehicle Tax Fund,25,City Clerk,2005,City Clerk,0340,MATERIAL AND SUPPLIES,5400,5400,6650
LOCAL,0300,Vehicle Tax Fund,25,City Clerk,2005,City Clerk,0350,STATIONERY AND OFFICE SUPPLIES,142500,142500,142500
LOCAL,0300,Vehicle Tax Fund,25,City Clerk,2005,City Clerk,9438,REIMBURSEMENT - AIM,28750,28750,30000
LOCAL,0100,Corporate Fund,27,Department of Finance,2011,City Comptroller,0005,SALARIES AND WAGES - ON PAYROLL,2898540,2898540,2723607
LOCAL,0100,Corporate Fund,27,Department of Finance,2011,City Comptroller,0015,SCHEDULE SALARY ADJUSTMENTS,2362,2362,9407
LOCAL,0100,Corporate Fund,27,Department of Finance,2011,City Comptroller,0020,OVERTIME,4700,4700,3000
LOCAL,0100,Corporate Fund,27,Department of Finance,2011,City Comptroller,0166,"DUES, SUBSCRIPTIONS AND MEMBERSHIPS",4165,4165,5185
LOCAL,0100,Corporate Fund,27,Department of Finance,2011,City Comptroller,0169,TECHNICAL MEETING COSTS,885,885,885
LOCAL,0100,Corporate Fund,27,Department of Finance,2011,City Comptroller,0181,MOBILE COMMUNICATION SERVICES,5000,5000,6680
LOCAL,0100,Corporate Fund,27,Department of Finance,2011,City Comptroller,0270,LOCAL TRANSPORTATION,500,500,500
LOCAL,0100,Corporate Fund,27,Department of Finance,2011,City Comptroller,0348,BOOKS AND RELATED MATERIAL,100,100,100
LOCAL,0100,Corporate Fund,27,Department of Finance,2011,City Comptroller,0350,STATIONERY AND OFFICE SUPPLIES,11350,11350,9350
LOCAL,0100,Corporate Fund,27,Department of Finance,2012,Accounting and Financial Reporting,0005,SALARIES AND WAGES - ON PAYROLL,4738859,4738859,4695619
LOCAL,0100,Corporate Fund,27,Department of Finance,2012,Accounting and Financial Reporting,0015,SCHEDULE SALARY ADJUSTMENTS,22402,22402,10621
LOCAL,0100,Corporate Fund,27,Department of Finance,2012,Accounting and Financial Reporting,0020,OVERTIME,9000,9000,7000
LOCAL,0100,Corporate Fund,27,Department of Finance,2012,Accounting and Financial Reporting,0140,PROFESSIONAL AND TECHNICAL SERVICES,77500,77500,75000
LOCAL,0100,Corporate Fund,27,Department of Finance,2012,Accounting and Financial Reporting,0142,ACCOUNTING AND AUDITING,583658,583658,567000
LOCAL,0100,Corporate Fund,27,Department of Finance,2012,Accounting and Financial Reporting,0149,SOFTWARE MAINTENANCE AND LICENSING,26000,26000,26000
LOCAL,0100,Corporate Fund,27,Department of Finance,2012,Accounting and Financial Reporting,0166,"DUES, SUBSCRIPTIONS AND MEMBERSHIPS",2250,2250,2250
LOCAL,0100,Corporate Fund,27,Department of Finance,2012,Accounting and Financial Reporting,0169,TECHNICAL MEETING COSTS,15424,15424,15424
LOCAL,0100,Corporate Fund,27,Department of Finance,2012,Accounting and Financial Reporting,0190,TELEPHONE - CENTREX BILLINGS,5700,5700,0
LOCAL,0100,Corporate Fund,27,Department of Finance,2012,Accounting and Financial Reporting,0245,REIMBURSEMENT TO TRAVELERS,3000,3000,3000
LOCAL,0100,Corporate Fund,27,Department of Finance,2012,Accounting and Financial Reporting,0348,BOOKS AND RELATED MATERIAL,600,600,600
LOCAL,0100,Corporate Fund,27,Department of Finance,2012,Accounting and Financial Reporting,0350,STATIONERY AND OFFICE SUPPLIES,9000,9000,9000
LOCAL,0100,Corporate Fund,27,Department of Finance,2015,Financial Strategy and Operations,0005,SALARIES AND WAGES - ON PAYROLL,5849271,6392343,6382482
LOCAL,0100,Corporate Fund,27,Department of Finance,2015,Financial Strategy and Operations,0015,SCHEDULE SALARY ADJUSTMENTS,10778,10778,23720
LOCAL,0100,Corporate Fund,27,Department of Finance,2015,Financial Strategy and Operations,0039,STUDENT AS TRAINEES,20000,20000,20000
LOCAL,0100,Corporate Fund,27,Department of Finance,2015,Financial Strategy and Operations,0130,POSTAGE,110000,110000,110000
LOCAL,0100,Corporate Fund,27,Department of Finance,2015,Financial Strategy and Operations,0140,PROFESSIONAL AND TECHNICAL SERVICES,234326,233476,720000
LOCAL,0100,Corporate Fund,27,Department of Finance,2015,Financial Strategy and Operations,0149,SOFTWARE MAINTENANCE AND LICENSING,187558,187558,187300
LOCAL,0100,Corporate Fund,27,Department of Finance,2015,Financial Strategy and Operations,0150,OUTSIDE GRAPHIC SERVICES,265480,265480,260600
LOCAL,0100,Corporate Fund,27,Department of Finance,2015,Financial Strategy and Operations,0152,ADVERTISING,10500,10500,7500
LOCAL,0100,Corporate Fund,27,Department of Finance,2015,Financial Strategy and Operations,0162,REPAIR/MAINT EQUIPMENT,450,450,400
LOCAL,0100,Corporate Fund,27,Department of Finance,2015,Financial Strategy and Operations,0166,"DUES, SUBSCRIPTIONS AND MEMBERSHIPS",8539,8539,8538
LOCAL,0100,Corporate Fund,27,Department of Finance,2015,Financial Strategy and Operations,0169,TECHNICAL MEETING COSTS,37500,37500,27750
LOCAL,0100,Corporate Fund,27,Department of Finance,2015,Financial Strategy and Operations,0178,FREIGHT AND EXPRESS CHARGES,4300,4300,3500
LOCAL,0100,Corporate Fund,27,Department of Finance,2015,Financial Strategy and Operations,0179,MESSENGER SERVICES,0,0,12000
LOCAL,0100,Corporate Fund,27,Department of Finance,2015,Financial Strategy and Operations,0181,MOBILE COMMUNICATION SERVICES,0,850,0
LOCAL,0100,Corporate Fund,27,Department of Finance,2015,Financial Strategy and Operations,0245,REIMBURSEMENT TO TRAVELERS,3788,3788,3500
LOCAL,0100,Corporate Fund,27,Department of Finance,2015,Financial Strategy and Operations,0340,MATERIAL AND SUPPLIES,12941,12941,12941
LOCAL,0100,Corporate Fund,27,Department of Finance,2015,Financial Strategy and Operations,0348,BOOKS AND RELATED MATERIAL,1600,1600,1300
LOCAL,0100,Corporate Fund,27,Department of Finance,2015,Financial Strategy and Operations,0350,STATIONERY AND OFFICE SUPPLIES,20500,20500,16500
LOCAL,0100,Corporate Fund,27,Department of Finance,2015,Financial Strategy and Operations,0440,MACHINERY AND EQUIPMENT,156750,156750,156750
LOCAL,0100,Corporate Fund,27,Department of Finance,2020,Revenue Services and Operations,0005,SALARIES AND WAGES - ON PAYROLL,23568232,23568232,23383103
LOCAL,0100,Corporate Fund,27,Department of Finance,2020,Revenue Services and Operations,0011,CONTRACT WAGE - SALARY,217359,217359,415747
LOCAL,0100,Corporate Fund,27,Department of Finance,2020,Revenue Services and Operations,0012,CONTRACT WAGE - PREVAILING RATE,33143,33143,34045
LOCAL,0100,Corporate Fund,27,Department of Finance,2020,Revenue Services and Operations,0015,SCHEDULE SALARY ADJUSTMENTS,87900,87900,95990
LOCAL,0100,Corporate Fund,27,Department of Finance,2020,Revenue Services and Operations,0020,OVERTIME,188015,188015,185015
LOCAL,0100,Corporate Fund,27,Department of Finance,2020,Revenue Services and Operations,0039,STUDENT AS TRAINEES,7500,7500,7500
LOCAL,0100,Corporate Fund,27,Department of Finance,2020,Revenue Services and Operations,0091,UNIFORM ALLOWANCE,101275,101275,97900
LOCAL,0100,Corporate Fund,27,Department of Finance,2020,Revenue Services and Operations,0130,POSTAGE,262956,262956,176000
LOCAL,0100,Corporate Fund,27,Department of Finance,2020,Revenue Services and Operations,0138,IT MAINTENANCE,19350000,19350000,19350000
LOCAL,0100,Corporate Fund,27,Department of Finance,2020,Revenue Services and Operations,0140,PROFESSIONAL AND TECHNICAL SERVICES,6927771,6927771,5110639
LOCAL,0100,Corporate Fund,27,Department of Finance,2020,Revenue Services and Operations,0149,SOFTWARE MAINTENANCE AND LICENSING,140540,140540,154840
LOCAL,0100,Corporate Fund,27,Department of Finance,2020,Revenue Services and Operations,0152,ADVERTISING,2500,2500,2500
LOCAL,0100,Corporate Fund,27,Department of Finance,2020,Revenue Services and Operations,0156,LOCK BOX RENTAL,12586,12586,15574
LOCAL,0100,Corporate Fund,27,Department of Finance,2020,Revenue Services and Operations,0157,RENTAL EQUIPMENT AND SERVICES,5000,5000,5000
LOCAL,0100,Corporate Fund,27,Department of Finance,2020,Revenue Services and Operations,0159,LEASE/PURCHASE EQUIPMENT,109500,109500,109500
LOCAL,0100,Corporate Fund,27,Department of Finance,2020,Revenue Services and Operations,0162,REPAIR/MAINT EQUIPMENT,718064,718064,645559
LOCAL,0100,Corporate Fund,27,Department of Finance,2020,Revenue Services and Operations,0169,TECHNICAL MEETING COSTS,11214,11214,11210
LOCAL,0100,Corporate Fund,27,Department of Finance,2020,Revenue Services and Operations,0178,FREIGHT AND EXPRESS CHARGES,1750,1750,1300
LOCAL,0100,Corporate Fund,27,Department of Finance,2020,Revenue Services and Operations,0179,MESSENGER SERVICES,25000,25000,21000
LOCAL,0100,Corporate Fund,27,Department of Finance,2020,Revenue Services and Operations,0181,MOBILE COMMUNICATION SERVICES,190000,190000,175000
LOCAL,0100,Corporate Fund,27,Department of Finance,2020,Revenue Services and Operations,0189,TELEPHONE - NON-CENTREX BILLINGS,23800,23800,23800
LOCAL,0100,Corporate Fund,27,Department of Finance,2020,Revenue Services and Operations,0190,TELEPHONE - CENTREX BILLINGS,94000,94000,107232
LOCAL,0100,Corporate Fund,27,Department of Finance,2020,Revenue Services and Operations,0196,DATA CIRCUITS,25700,25700,25700
LOCAL,0100,Corporate Fund,27,Department of Finance,2020,Revenue Services and Operations,0197,TELEPHONE - MAINTENANCE,180260,180260,180260
LOCAL,0100,Corporate Fund,27,Department of Finance,2020,Revenue Services and Operations,0228,OUT OF TOWN TRAVEL FOR AUDITORS ONLY,2500,2500,2000
LOCAL,0100,Corporate Fund,27,Department of Finance,2020,Revenue Services and Operations,0229,TRANSPORTATION AND EXPENSE ALLOWANCE,2500,2500,2000
LOCAL,0100,Corporate Fund,27,Department of Finance,2020,Revenue Services and Operations,0319,CLOTHING,0,0,3375
LOCAL,0100,Corporate Fund,27,Department of Finance,2020,Revenue Services and Operations,0339,REVENUE STAMPS,45150,45150,45150
LOCAL,0100,Corporate Fund,27,Department of Finance,2020,Revenue Services and Operations,0340,MATERIAL AND SUPPLIES,21500,21500,49100
LOCAL,0100,Corporate Fund,27,Department of Finance,2020,Revenue Services and Operations,0350,STATIONERY AND OFFICE SUPPLIES,143000,143000,104900
LOCAL,0100,Corporate Fund,27,Department of Finance,2020,Revenue Services and Operations,0421,MACHINERY AND EQUIPMENT,160000,160000,11500
LOCAL,0100,Corporate Fund,27,Department of Finance,2020,Revenue Services and Operations,9438,REIMBURSEMENT - AIM,115000,115000,40000
LOCAL,0200,Water Fund,27,Department of Finance,2011,City Comptroller,0140,PROFESSIONAL AND TECHNICAL SERVICES,4552,4552,4552
LOCAL,0200,Water Fund,27,Department of Finance,2012,Accounting and Financial Reporting,0005,SALARIES AND WAGES - ON PAYROLL,420957,420957,269348
LOCAL,0200,Water Fund,27,Department of Finance,2012,Accounting and Financial Reporting,0015,SCHEDULE SALARY ADJUSTMENTS,3624,3624,0
LOCAL,0200,Water Fund,27,Department of Finance,2015,Financial Strategy and Operations,0005,SALARIES AND WAGES - ON PAYROLL,213791,213791,245685
LOCAL,0200,Water Fund,27,Department of Finance,2015,Financial Strategy and Operations,0015,SCHEDULE SALARY ADJUSTMENTS,0,0,1024
LOCAL,0200,Water Fund,27,Department of Finance,2015,Financial Strategy and Operations,0140,PROFESSIONAL AND TECHNICAL SERVICES,20994,20994,20994
LOCAL,0200,Water Fund,27,Department of Finance,2015,Financial Strategy and Operations,0149,SOFTWARE MAINTENANCE AND LICENSING,10640,10640,10640
LOCAL,0200,Water Fund,27,Department of Finance,2015,Financial Strategy and Operations,0154,RENTAL-DATA HARDWARE EQUIPMENT,50000,50000,20000
LOCAL,0200,Water Fund,27,Department of Finance,2015,Financial Strategy and Operations,0166,"DUES, SUBSCRIPTIONS AND MEMBERSHIPS",432,432,432
LOCAL,0200,Water Fund,27,Department of Finance,2015,Financial Strategy and Operations,0245,REIMBURSEMENT TO TRAVELERS,382,382,382
LOCAL,0200,Water Fund,27,Department of Finance,2020,Revenue Services and Operations,0005,SALARIES AND WAGES - ON PAYROLL,2437887,2437887,2533305
LOCAL,0200,Water Fund,27,Department of Finance,2020,Revenue Services and Operations,0015,SCHEDULE SALARY ADJUSTMENTS,6625,6625,16383
LOCAL,0200,Water Fund,27,Department of Finance,2020,Revenue Services and Operations,0020,OVERTIME,1000,1000,0
LOCAL,0200,Water Fund,27,Department of Finance,2020,Revenue Services and Operations,0125,OFFICE AND BUILDING SERVICES,1000,1000,750
LOCAL,0200,Water Fund,27,Department of Finance,2020,Revenue Services and Operations,0130,POSTAGE,1356890,1356890,1350000
LOCAL,0200,Water Fund,27,Department of Finance,2020,Revenue Services and Operations,0140,PROFESSIONAL AND TECHNICAL SERVICES,4955193,4955193,4669193
LOCAL,0200,Water Fund,27,Department of Finance,2020,Revenue Services and Operations,0149,SOFTWARE MAINTENANCE AND LICENSING,11500,11500,7200
LOCAL,0200,Water Fund,27,Department of Finance,2020,Revenue Services and Operations,0156,LOCK BOX RENTAL,1577,1577,1577
LOCAL,0200,Water Fund,27,Department of Finance,2020,Revenue Services and Operations,0159,LEASE/PURCHASE EQUIPMENT,18542,18542,18542
LOCAL,0200,Water Fund,27,Department of Finance,2020,Revenue Services and Operations,0179,MESSENGER SERVICES,445,445,0
LOCAL,0200,Water Fund,27,Department of Finance,2020,Revenue Services and Operations,0340,MATERIAL AND SUPPLIES,3400,3400,3400
LOCAL,0200,Water Fund,27,Department of Finance,2020,Revenue Services and Operations,0348,BOOKS AND RELATED MATERIAL,1400,1400,0
LOCAL,0200,Water Fund,27,Department of Finance,2020,Revenue Services and Operations,0350,STATIONERY AND OFFICE SUPPLIES,27387,27387,25000
LOCAL,0200,Water Fund,27,Department of Finance,2020,Revenue Services and Operations,9438,REIMBURSEMENT - AIM,30000,30000,15000
LOCAL,0300,Vehicle Tax Fund,27,Department of Finance,2015,Financial Strategy and Operations,0005,SALARIES AND WAGES - ON PAYROLL,465566,465566,433356
LOCAL,0300,Vehicle Tax Fund,27,Department of Finance,2015,Financial Strategy and Operations,0015,SCHEDULE SALARY ADJUSTMENTS,1404,1404,0
LOCAL,0300,Vehicle Tax Fund,27,Department of Finance,2020,Revenue Services and Operations,0005,SALARIES AND WAGES - ON PAYROLL,468294,468294,484643
LOCAL,0300,Vehicle Tax Fund,27,Department of Finance,2020,Revenue Services and Operations,0015,SCHEDULE SALARY ADJUSTMENTS,0,0,956
LOCAL,0300,Vehicle Tax Fund,27,Department of Finance,2020,Revenue Services and Operations,0130,POSTAGE,1000,1000,0
LOCAL,0300,Vehicle Tax Fund,27,Department of Finance,2020,Revenue Services and Operations,0140,PROFESSIONAL AND TECHNICAL SERVICES,108000,108000,0
LOCAL,0300,Vehicle Tax Fund,27,Department of Finance,2020,Revenue Services and Operations,0149,SOFTWARE MAINTENANCE AND LICENSING,52500,52500,82800
LOCAL,0300,Vehicle Tax Fund,27,Department of Finance,2020,Revenue Services and Operations,0350,STATIONERY AND OFFICE SUPPLIES,500,500,250
LOCAL,0300,Vehicle Tax Fund,27,Department of Finance,2020,Revenue Services and Operations,0421,MACHINERY AND EQUIPMENT,1177575,1177575,1177575
LOCAL,0314,Sewer Fund,27,Department of Finance,2011,City Comptroller,0140,PROFESSIONAL AND TECHNICAL SERVICES,5100,5100,5100
LOCAL,0314,Sewer Fund,27,Department of Finance,2015,Financial Strategy and Operations,0140,PROFESSIONAL AND TECHNICAL SERVICES,16074,16074,16000
LOCAL,0314,Sewer Fund,27,Department of Finance,2015,Financial Strategy and Operations,0149,SOFTWARE MAINTENANCE AND LICENSING,8146,8146,8000
LOCAL,0314,Sewer Fund,27,Department of Finance,2015,Financial Strategy and Operations,0154,RENTAL-DATA HARDWARE EQUIPMENT,40000,40000,10000
LOCAL,0314,Sewer Fund,27,Department of Finance,2015,Financial Strategy and Operations,0166,"DUES, SUBSCRIPTIONS AND MEMBERSHIPS",330,330,300
LOCAL,0314,Sewer Fund,27,Department of Finance,2015,Financial Strategy and Operations,0245,REIMBURSEMENT TO TRAVELERS,292,292,292
LOCAL,0314,Sewer Fund,27,Department of Finance,2020,Revenue Services and Operations,0140,PROFESSIONAL AND TECHNICAL SERVICES,0,0,77000
LOCAL,0610,Chicago Midway Airport Fund,27,Department of Finance,2011,City Comptroller,0140,PROFESSIONAL AND TECHNICAL SERVICES,6552,6552,6552
LOCAL,0610,Chicago Midway Airport Fund,27,Department of Finance,2012,Accounting and Financial Reporting,0005,SALARIES AND WAGES - ON PAYROLL,153601,153601,159689
LOCAL,0610,Chicago Midway Airport Fund,27,Department of Finance,2012,Accounting and Financial Reporting,0015,SCHEDULE SALARY ADJUSTMENTS,2440,2440,2740
LOCAL,0610,Chicago Midway Airport Fund,27,Department of Finance,2012,Accounting and Financial Reporting,0020,OVERTIME,500,500,500
LOCAL,0610,Chicago Midway Airport Fund,27,Department of Finance,2012,Accounting and Financial Reporting,0039,STUDENT AS TRAINEES,2500,2500,2500
LOCAL,0610,Chicago Midway Airport Fund,27,Department of Finance,2012,Accounting and Financial Reporting,0130,POSTAGE,500,500,0
LOCAL,0610,Chicago Midway Airport Fund,27,Department of Finance,2012,Accounting and Financial Reporting,0140,PROFESSIONAL AND TECHNICAL SERVICES,10000,10000,10000
LOCAL,0610,Chicago Midway Airport Fund,27,Department of Finance,2012,Accounting and Financial Reporting,0166,"DUES, SUBSCRIPTIONS AND MEMBERSHIPS",350,350,300
LOCAL,0610,Chicago Midway Airport Fund,27,Department of Finance,2012,Accounting and Financial Reporting,0169,TECHNICAL MEETING COSTS,420,420,420
LOCAL,0610,Chicago Midway Airport Fund,27,Department of Finance,2012,Accounting and Financial Reporting,0245,REIMBURSEMENT TO TRAVELERS,420,420,0
LOCAL,0610,Chicago Midway Airport Fund,27,Department of Finance,2012,Accounting and Financial Reporting,0270,LOCAL TRANSPORTATION,420,420,420
LOCAL,0610,Chicago Midway Airport Fund,27,Department of Finance,2012,Accounting and Financial Reporting,0348,BOOKS AND RELATED MATERIAL,254,254,0
LOCAL,0610,Chicago Midway Airport Fund,27,Department of Finance,2012,Accounting and Financial Reporting,0350,STATIONERY AND OFFICE SUPPLIES,500,500,500
LOCAL,0610,Chicago Midway Airport Fund,27,Department of Finance,2015,Financial Strategy and Operations,0005,SALARIES AND WAGES - ON PAYROLL,187358,187358,195156
LOCAL,0610,Chicago Midway Airport Fund,27,Department of Finance,2015,Financial Strategy and Operations,0015,SCHEDULE SALARY ADJUSTMENTS,818,818,0
LOCAL,0610,Chicago Midway Airport Fund,27,Department of Finance,2015,Financial Strategy and Operations,0140,PROFESSIONAL AND TECHNICAL SERVICES,26855,26855,26000
LOCAL,0610,Chicago Midway Airport Fund,27,Department of Finance,2015,Financial Strategy and Operations,0149,SOFTWARE MAINTENANCE AND LICENSING,8542,8542,6588
LOCAL,0610,Chicago Midway Airport Fund,27,Department of Finance,2015,Financial Strategy and Operations,0166,"DUES, SUBSCRIPTIONS AND MEMBERSHIPS",347,347,350
LOCAL,0610,Chicago Midway Airport Fund,27,Department of Finance,2015,Financial Strategy and Operations,0245,REIMBURSEMENT TO TRAVELERS,306,306,306
LOCAL,0740,Chicago O'Hare Airport Fund,27,Department of Finance,2011,City Comptroller,0140,PROFESSIONAL AND TECHNICAL SERVICES,6552,6552,6552
LOCAL,0740,Chicago O'Hare Airport Fund,27,Department of Finance,2012,Accounting and Financial Reporting,0005,SALARIES AND WAGES - ON PAYROLL,2060999,2060999,2151742
LOCAL,0740,Chicago O'Hare Airport Fund,27,Department of Finance,2012,Accounting and Financial Reporting,0015,SCHEDULE SALARY ADJUSTMENTS,3916,3916,5673
LOCAL,0740,Chicago O'Hare Airport Fund,27,Department of Finance,2012,Accounting and Financial Reporting,0020,OVERTIME,2000,2000,2000
LOCAL,0740,Chicago O'Hare Airport Fund,27,Department of Finance,2012,Accounting and Financial Reporting,0039,STUDENT AS TRAINEES,7500,7500,7500
LOCAL,0740,Chicago O'Hare Airport Fund,27,Department of Finance,2012,Accounting and Financial Reporting,0130,POSTAGE,1000,1000,0
LOCAL,0740,Chicago O'Hare Airport Fund,27,Department of Finance,2012,Accounting and Financial Reporting,0140,PROFESSIONAL AND TECHNICAL SERVICES,74650,74650,69650
LOCAL,0740,Chicago O'Hare Airport Fund,27,Department of Finance,2012,Accounting and Financial Reporting,0149,SOFTWARE MAINTENANCE AND LICENSING,1500,1500,1500
LOCAL,0740,Chicago O'Hare Airport Fund,27,Department of Finance,2012,Accounting and Financial Reporting,0159,LEASE/PURCHASE EQUIPMENT,15000,15000,15000
LOCAL,0740,Chicago O'Hare Airport Fund,27,Department of Finance,2012,Accounting and Financial Reporting,0166,"DUES, SUBSCRIPTIONS AND MEMBERSHIPS",425,425,425
LOCAL,0740,Chicago O'Hare Airport Fund,27,Department of Finance,2012,Accounting and Financial Reporting,0169,TECHNICAL MEETING COSTS,1500,1500,1500
LOCAL,0740,Chicago O'Hare Airport Fund,27,Department of Finance,2012,Accounting and Financial Reporting,0190,TELEPHONE - CENTREX BILLINGS,1000,1000,1000
LOCAL,0740,Chicago O'Hare Airport Fund,27,Department of Finance,2012,Accounting and Financial Reporting,0348,BOOKS AND RELATED MATERIAL,900,900,500
LOCAL,0740,Chicago O'Hare Airport Fund,27,Department of Finance,2012,Accounting and Financial Reporting,0350,STATIONERY AND OFFICE SUPPLIES,5000,5000,4000
LOCAL,0740,Chicago O'Hare Airport Fund,27,Department of Finance,2015,Financial Strategy and Operations,0005,SALARIES AND WAGES - ON PAYROLL,173983,173983,173983
LOCAL,0740,Chicago O'Hare Airport Fund,27,Department of Finance,2015,Financial Strategy and Operations,0140,PROFESSIONAL AND TECHNICAL SERVICES,78752,78752,78000
LOCAL,0740,Chicago O'Hare Airport Fund,27,Department of Finance,2015,Financial Strategy and Operations,0149,SOFTWARE MAINTENANCE AND LICENSING,39913,39913,38000
LOCAL,0740,Chicago O'Hare Airport Fund,27,Department of Finance,2015,Financial Strategy and Operations,0154,RENTAL-DATA HARDWARE EQUIPMENT,40000,40000,20000
LOCAL,0740,Chicago O'Hare Airport Fund,27,Department of Finance,2015,Financial Strategy and Operations,0166,"DUES, SUBSCRIPTIONS AND MEMBERSHIPS",1624,1624,1500
LOCAL,0740,Chicago O'Hare Airport Fund,27,Department of Finance,2015,Financial Strategy and Operations,0245,REIMBURSEMENT TO TRAVELERS,1432,1432,1400
LOCAL,0B21,Tax Increment Financing Administration Fund,27,Department of Finance,2012,Accounting and Financial Reporting,0005,SALARIES AND WAGES - ON PAYROLL,546732,546732,555468
LOCAL,0B21,Tax Increment Financing Administration Fund,27,Department of Finance,2012,Accounting and Financial Reporting,0015,SCHEDULE SALARY ADJUSTMENTS,2000,2000,0
LOCAL,0B21,Tax Increment Financing Administration Fund,27,Department of Finance,2012,Accounting and Financial Reporting,0142,ACCOUNTING AND AUDITING,220000,220000,210000
LOCAL,0B26,Chicago Parking Meters Fund,27,Department of Finance,2015,Financial Strategy and Operations,0140,PROFESSIONAL AND TECHNICAL SERVICES,0,0,14000000
LOCAL,0100,Corporate Fund,28,City Treasurer,2005,City Treasurer,0005,SALARIES AND WAGES - ON PAYROLL,843373,843373,851695
LOCAL,0100,Corporate Fund,28,City Treasurer,2005,City Treasurer,0015,SCHEDULE SALARY ADJUSTMENTS,5407,5407,3672
LOCAL,0100,Corporate Fund,28,City Treasurer,2005,City Treasurer,0130,POSTAGE,1000,1000,500
LOCAL,0100,Corporate Fund,28,City Treasurer,2005,City Treasurer,0138,IT MAINTENANCE,64000,64000,64000
LOCAL,0100,Corporate Fund,28,City Treasurer,2005,City Treasurer,0139,IT DEVELOPMENT,72161,72161,72161
LOCAL,0100,Corporate Fund,28,City Treasurer,2005,City Treasurer,0140,PROFESSIONAL AND TECHNICAL SERVICES,213591,243591,182484
LOCAL,0100,Corporate Fund,28,City Treasurer,2005,City Treasurer,0142,ACCOUNTING AND AUDITING,100000,100000,100000
LOCAL,0100,Corporate Fund,28,City Treasurer,2005,City Treasurer,0149,SOFTWARE MAINTENANCE AND LICENSING,16000,16000,16000
LOCAL,0100,Corporate Fund,28,City Treasurer,2005,City Treasurer,0157,RENTAL EQUIPMENT AND SERVICES,0,0,22000
LOCAL,0100,Corporate Fund,28,City Treasurer,2005,City Treasurer,0159,LEASE/PURCHASE EQUIPMENT,4440,4440,4440
LOCAL,0100,Corporate Fund,28,City Treasurer,2005,City Treasurer,0166,"DUES, SUBSCRIPTIONS AND MEMBERSHIPS",263995,263995,263995
LOCAL,0100,Corporate Fund,28,City Treasurer,2005,City Treasurer,0169,TECHNICAL MEETING COSTS,37657,7657,37657
LOCAL,0100,Corporate Fund,28,City Treasurer,2005,City Treasurer,0179,MESSENGER SERVICES,500,500,500
LOCAL,0100,Corporate Fund,28,City Treasurer,2005,City Treasurer,0181,MOBILE COMMUNICATION SERVICES,3360,3360,3672
LOCAL,0100,Corporate Fund,28,City Treasurer,2005,City Treasurer,0190,TELEPHONE - CENTREX BILLINGS,1100,1100,3395
LOCAL,0100,Corporate Fund,28,City Treasurer,2005,City Treasurer,0196,DATA CIRCUITS,1810,1810,1810
LOCAL,0100,Corporate Fund,28,City Treasurer,2005,City Treasurer,0197,TELEPHONE - MAINTENANCE,410,410,410
LOCAL,0100,Corporate Fund,28,City Treasurer,2005,City Treasurer,0245,REIMBURSEMENT TO TRAVELERS,14500,14500,14500
LOCAL,0100,Corporate Fund,28,City Treasurer,2005,City Treasurer,0270,LOCAL TRANSPORTATION,500,500,500
LOCAL,0100,Corporate Fund,28,City Treasurer,2005,City Treasurer,0350,STATIONERY AND OFFICE SUPPLIES,6500,6500,6500
LOCAL,0100,Corporate Fund,28,City Treasurer,2005,City Treasurer,9438,REIMBURSEMENT - AIM,6000,6000,13000
LOCAL,0200,Water Fund,28,City Treasurer,2005,City Treasurer,0005,SALARIES AND WAGES - ON PAYROLL,309787,309787,304904
LOCAL,0200,Water Fund,28,City Treasurer,2005,City Treasurer,0139,IT DEVELOPMENT,45238,45238,45238
LOCAL,0200,Water Fund,28,City Treasurer,2005,City Treasurer,0140,PROFESSIONAL AND TECHNICAL SERVICES,51212,51212,51212
LOCAL,0314,Sewer Fund,28,City Treasurer,2005,City Treasurer,0005,SALARIES AND WAGES - ON PAYROLL,145259,145259,146292
LOCAL,0314,Sewer Fund,28,City Treasurer,2005,City Treasurer,0138,IT MAINTENANCE,25000,25000,25000
LOCAL,0314,Sewer Fund,28,City Treasurer,2005,City Treasurer,0139,IT DEVELOPMENT,29207,29207,29207
LOCAL,0314,Sewer Fund,28,City Treasurer,2005,City Treasurer,0140,PROFESSIONAL AND TECHNICAL SERVICES,25358,25358,25358
LOCAL,0610,Chicago Midway Airport Fund,28,City Treasurer,2005,City Treasurer,0005,SALARIES AND WAGES - ON PAYROLL,203225,203225,222312
LOCAL,0610,Chicago Midway Airport Fund,28,City Treasurer,2005,City Treasurer,0015,SCHEDULE SALARY ADJUSTMENTS,0,0,2790
LOCAL,0610,Chicago Midway Airport Fund,28,City Treasurer,2005,City Treasurer,0138,IT MAINTENANCE,50000,50000,50000
LOCAL,0610,Chicago Midway Airport Fund,28,City Treasurer,2005,City Treasurer,0139,IT DEVELOPMENT,15555,15555,15555
LOCAL,0610,Chicago Midway Airport Fund,28,City Treasurer,2005,City Treasurer,0140,PROFESSIONAL AND TECHNICAL SERVICES,49218,49218,49218
LOCAL,0740,Chicago O'Hare Airport Fund,28,City Treasurer,2005,City Treasurer,0005,SALARIES AND WAGES - ON PAYROLL,821446,821446,787111
LOCAL,0740,Chicago O'Hare Airport Fund,28,City Treasurer,2005,City Treasurer,0015,SCHEDULE SALARY ADJUSTMENTS,1666,1666,0
LOCAL,0740,Chicago O'Hare Airport Fund,28,City Treasurer,2005,City Treasurer,0138,IT MAINTENANCE,100000,100000,100000
LOCAL,0740,Chicago O'Hare Airport Fund,28,City Treasurer,2005,City Treasurer,0140,PROFESSIONAL AND TECHNICAL SERVICES,146490,146490,146490
LOCAL,0B21,Tax Increment Financing Administration Fund,28,City Treasurer,2005,City Treasurer,0005,SALARIES AND WAGES - ON PAYROLL,299637,299637,303338
LOCAL,0B21,Tax Increment Financing Administration Fund,28,City Treasurer,2005,City Treasurer,0138,IT MAINTENANCE,75000,75000,75000
LOCAL,0B21,Tax Increment Financing Administration Fund,28,City Treasurer,2005,City Treasurer,0139,IT DEVELOPMENT,10000,10000,10000
LOCAL,0B21,Tax Increment Financing Administration Fund,28,City Treasurer,2005,City Treasurer,0140,PROFESSIONAL AND TECHNICAL SERVICES,25120,25120,25120
LOCAL,0100,Corporate Fund,30,Department of Administrative Hearings,2005,Department of Administrative Hearings,0005,SALARIES AND WAGES - ON PAYROLL,3111425,3111425,3107363
LOCAL,0100,Corporate Fund,30,Department of Administrative Hearings,2005,Department of Administrative Hearings,0015,SCHEDULE SALARY ADJUSTMENTS,12488,12488,12335
LOCAL,0100,Corporate Fund,30,Department of Administrative Hearings,2005,Department of Administrative Hearings,0020,OVERTIME,1480,1480,2450
LOCAL,0100,Corporate Fund,30,Department of Administrative Hearings,2005,Department of Administrative Hearings,0130,POSTAGE,62000,62000,62000
LOCAL,0100,Corporate Fund,30,Department of Administrative Hearings,2005,Department of Administrative Hearings,0138,IT MAINTENANCE,1048075,1115825,1065149
LOCAL,0100,Corporate Fund,30,Department of Administrative Hearings,2005,Department of Administrative Hearings,0140,PROFESSIONAL AND TECHNICAL SERVICES,3991688,3923438,3841838
LOCAL,0100,Corporate Fund,30,Department of Administrative Hearings,2005,Department of Administrative Hearings,0143,COURT REPORTING,65001,65001,64917
LOCAL,0100,Corporate Fund,30,Department of Administrative Hearings,2005,Department of Administrative Hearings,0157,RENTAL EQUIPMENT AND SERVICES,360,360,0
LOCAL,0100,Corporate Fund,30,Department of Administrative Hearings,2005,Department of Administrative Hearings,0159,LEASE/PURCHASE EQUIPMENT,31922,31922,37403
LOCAL,0100,Corporate Fund,30,Department of Administrative Hearings,2005,Department of Administrative Hearings,0162,REPAIR/MAINT EQUIPMENT,2175,2175,600
LOCAL,0100,Corporate Fund,30,Department of Administrative Hearings,2005,Department of Administrative Hearings,0166,"DUES, SUBSCRIPTIONS AND MEMBERSHIPS",2085,2585,2350
LOCAL,0100,Corporate Fund,30,Department of Administrative Hearings,2005,Department of Administrative Hearings,0169,TECHNICAL MEETING COSTS,670,670,470
LOCAL,0100,Corporate Fund,30,Department of Administrative Hearings,2005,Department of Administrative Hearings,0179,MESSENGER SERVICES,3600,3600,2850
LOCAL,0100,Corporate Fund,30,Department of Administrative Hearings,2005,Department of Administrative Hearings,0181,MOBILE COMMUNICATION SERVICES,420,420,420
LOCAL,0100,Corporate Fund,30,Department of Administrative Hearings,2005,Department of Administrative Hearings,0190,TELEPHONE - CENTREX BILLINGS,20000,20000,20000
LOCAL,0100,Corporate Fund,30,Department of Administrative Hearings,2005,Department of Administrative Hearings,0197,TELEPHONE - MAINTENANCE,1180,1180,1180
LOCAL,0100,Corporate Fund,30,Department of Administrative Hearings,2005,Department of Administrative Hearings,0229,TRANSPORTATION AND EXPENSE ALLOWANCE,1500,1500,1750
LOCAL,0100,Corporate Fund,30,Department of Administrative Hearings,2005,Department of Administrative Hearings,0340,MATERIAL AND SUPPLIES,14232,14232,14370
LOCAL,0100,Corporate Fund,30,Department of Administrative Hearings,2005,Department of Administrative Hearings,0348,BOOKS AND RELATED MATERIAL,1930,1930,1000
LOCAL,0100,Corporate Fund,30,Department of Administrative Hearings,2005,Department of Administrative Hearings,0350,STATIONERY AND OFFICE SUPPLIES,12581,12581,12440
LOCAL,0100,Corporate Fund,30,Department of Administrative Hearings,2005,Department of Administrative Hearings,0424,FURNITURE AND FURNISHINGS,6000,6000,1000
LOCAL,0100,Corporate Fund,30,Department of Administrative Hearings,2005,Department of Administrative Hearings,9438,REIMBURSEMENT - AIM,21850,21850,19500
LOCAL,0100,Corporate Fund,31,Department of Law,2005,Department of Law,0005,SALARIES AND WAGES - ON PAYROLL,27446088,27446088,27542731
LOCAL,0100,Corporate Fund,31,Department of Law,2005,Department of Law,0015,SCHEDULE SALARY ADJUSTMENTS,39748,39748,48935
LOCAL,0100,Corporate Fund,31,Department of Law,2005,Department of Law,0020,OVERTIME,15132,15132,15132
LOCAL,0100,Corporate Fund,31,Department of Law,2005,Department of Law,0039,STUDENT AS TRAINEES,7344,7344,0
LOCAL,0100,Corporate Fund,31,Department of Law,2005,Department of Law,0130,POSTAGE,84908,84908,73862
LOCAL,0100,Corporate Fund,31,Department of Law,2005,Department of Law,0138,IT MAINTENANCE,220490,220490,227627
LOCAL,0100,Corporate Fund,31,Department of Law,2005,Department of Law,0140,PROFESSIONAL AND TECHNICAL SERVICES,843424,834024,902339
LOCAL,0100,Corporate Fund,31,Department of Law,2005,Department of Law,0141,APPRAISALS,5570,5570,8070
LOCAL,0100,Corporate Fund,31,Department of Law,2005,Department of Law,0143,COURT REPORTING,971329,971329,943507
LOCAL,0100,Corporate Fund,31,Department of Law,2005,Department of Law,0145,LEGAL EXPENSES,140910,140910,124710
LOCAL,0100,Corporate Fund,31,Department of Law,2005,Department of Law,0149,SOFTWARE MAINTENANCE AND LICENSING,209151,209151,209151
LOCAL,0100,Corporate Fund,31,Department of Law,2005,Department of Law,0150,OUTSIDE GRAPHIC SERVICES,5532,5532,5606
LOCAL,0100,Corporate Fund,31,Department of Law,2005,Department of Law,0157,RENTAL EQUIPMENT AND SERVICES,39819,39819,52853
LOCAL,0100,Corporate Fund,31,Department of Law,2005,Department of Law,0159,LEASE/PURCHASE EQUIPMENT,160583,160583,148792
LOCAL,0100,Corporate Fund,31,Department of Law,2005,Department of Law,0162,REPAIR/MAINT EQUIPMENT,2618,2618,1202
LOCAL,0100,Corporate Fund,31,Department of Law,2005,Department of Law,0166,"DUES, SUBSCRIPTIONS AND MEMBERSHIPS",103638,103638,98924
LOCAL,0100,Corporate Fund,31,Department of Law,2005,Department of Law,0169,TECHNICAL MEETING COSTS,26071,35471,34107
LOCAL,0100,Corporate Fund,31,Department of Law,2005,Department of Law,0178,FREIGHT AND EXPRESS CHARGES,8504,8504,10142
LOCAL,0100,Corporate Fund,31,Department of Law,2005,Department of Law,0181,MOBILE COMMUNICATION SERVICES,21227,21227,21227
LOCAL,0100,Corporate Fund,31,Department of Law,2005,Department of Law,0190,TELEPHONE - CENTREX BILLINGS,61599,61599,61559
LOCAL,0100,Corporate Fund,31,Department of Law,2005,Department of Law,0197,TELEPHONE - MAINTENANCE,4775,4775,4775
LOCAL,0100,Corporate Fund,31,Department of Law,2005,Department of Law,0229,TRANSPORTATION AND EXPENSE ALLOWANCE,5719,5719,5719
LOCAL,0100,Corporate Fund,31,Department of Law,2005,Department of Law,0245,REIMBURSEMENT TO TRAVELERS,40620,40620,33667
LOCAL,0100,Corporate Fund,31,Department of Law,2005,Department of Law,0270,LOCAL TRANSPORTATION,35982,35982,37376
LOCAL,0100,Corporate Fund,31,Department of Law,2005,Department of Law,0348,BOOKS AND RELATED MATERIAL,15728,15728,15219
LOCAL,0100,Corporate Fund,31,Department of Law,2005,Department of Law,0350,STATIONERY AND OFFICE SUPPLIES,77526,77526,65289
LOCAL,0100,Corporate Fund,31,Department of Law,2005,Department of Law,9438,REIMBURSEMENT - AIM,27000,27000,23029
LOCAL,0200,Water Fund,31,Department of Law,2005,Department of Law,0005,SALARIES AND WAGES - ON PAYROLL,1534743,1534743,1449666
LOCAL,0200,Water Fund,31,Department of Law,2005,Department of Law,0015,SCHEDULE SALARY ADJUSTMENTS,0,0,1991
LOCAL,0200,Water Fund,31,Department of Law,2005,Department of Law,0020,OVERTIME,869,869,869
LOCAL,0200,Water Fund,31,Department of Law,2005,Department of Law,0039,STUDENT AS TRAINEES,422,422,422
LOCAL,0200,Water Fund,31,Department of Law,2005,Department of Law,0130,POSTAGE,1746,1746,4235
LOCAL,0200,Water Fund,31,Department of Law,2005,Department of Law,0138,IT MAINTENANCE,12669,12669,13074
LOCAL,0200,Water Fund,31,Department of Law,2005,Department of Law,0140,PROFESSIONAL AND TECHNICAL SERVICES,59873,59873,51130
LOCAL,0200,Water Fund,31,Department of Law,2005,Department of Law,0141,APPRAISALS,1000,1000,1000
LOCAL,0200,Water Fund,31,Department of Law,2005,Department of Law,0143,COURT REPORTING,53160,53160,57583
LOCAL,0200,Water Fund,31,Department of Law,2005,Department of Law,0145,LEGAL EXPENSES,14630,14630,12813
LOCAL,0200,Water Fund,31,Department of Law,2005,Department of Law,0149,SOFTWARE MAINTENANCE AND LICENSING,12011,12011,12011
LOCAL,0200,Water Fund,31,Department of Law,2005,Department of Law,0150,OUTSIDE GRAPHIC SERVICES,350,350,333
LOCAL,0200,Water Fund,31,Department of Law,2005,Department of Law,0157,RENTAL EQUIPMENT AND SERVICES,1201,1201,935
LOCAL,0200,Water Fund,31,Department of Law,2005,Department of Law,0159,LEASE/PURCHASE EQUIPMENT,8418,8418,8832
LOCAL,0200,Water Fund,31,Department of Law,2005,Department of Law,0162,REPAIR/MAINT EQUIPMENT,150,150,1202
LOCAL,0200,Water Fund,31,Department of Law,2005,Department of Law,0166,"DUES, SUBSCRIPTIONS AND MEMBERSHIPS",6092,6092,5689
LOCAL,0200,Water Fund,31,Department of Law,2005,Department of Law,0169,TECHNICAL MEETING COSTS,1497,1497,1959
LOCAL,0200,Water Fund,31,Department of Law,2005,Department of Law,0178,FREIGHT AND EXPRESS CHARGES,629,629,644
LOCAL,0200,Water Fund,31,Department of Law,2005,Department of Law,0181,MOBILE COMMUNICATION SERVICES,1219,1219,1219
LOCAL,0200,Water Fund,31,Department of Law,2005,Department of Law,0190,TELEPHONE - CENTREX BILLINGS,6447,6447,6447
LOCAL,0200,Water Fund,31,Department of Law,2005,Department of Law,0229,TRANSPORTATION AND EXPENSE ALLOWANCE,328,328,327
LOCAL,0200,Water Fund,31,Department of Law,2005,Department of Law,0245,REIMBURSEMENT TO TRAVELERS,2073,2073,1600
LOCAL,0200,Water Fund,31,Department of Law,2005,Department of Law,0270,LOCAL TRANSPORTATION,2064,2064,1970
LOCAL,0200,Water Fund,31,Department of Law,2005,Department of Law,0348,BOOKS AND RELATED MATERIAL,903,903,3358
LOCAL,0200,Water Fund,31,Department of Law,2005,Department of Law,0350,STATIONERY AND OFFICE SUPPLIES,4085,4085,4094
LOCAL,0200,Water Fund,31,Department of Law,2005,Department of Law,9438,REIMBURSEMENT - AIM,350,350,1323
LOCAL,0300,Vehicle Tax Fund,31,Department of Law,2005,Department of Law,0005,SALARIES AND WAGES - ON PAYROLL,1435281,1435281,1469146
LOCAL,0300,Vehicle Tax Fund,31,Department of Law,2005,Department of Law,0020,OVERTIME,661,661,661
LOCAL,0300,Vehicle Tax Fund,31,Department of Law,2005,Department of Law,0039,STUDENT AS TRAINEES,321,321,321
LOCAL,0300,Vehicle Tax Fund,31,Department of Law,2005,Department of Law,0130,POSTAGE,1477,1477,4801
LOCAL,0300,Vehicle Tax Fund,31,Department of Law,2005,Department of Law,0138,IT MAINTENANCE,9663,9663,9977
LOCAL,0300,Vehicle Tax Fund,31,Department of Law,2005,Department of Law,0140,PROFESSIONAL AND TECHNICAL SERVICES,36961,36961,35352
LOCAL,0300,Vehicle Tax Fund,31,Department of Law,2005,Department of Law,0141,APPRAISALS,210,210,210
LOCAL,0300,Vehicle Tax Fund,31,Department of Law,2005,Department of Law,0143,COURT REPORTING,38734,38734,37360
LOCAL,0300,Vehicle Tax Fund,31,Department of Law,2005,Department of Law,0145,LEGAL EXPENSES,4323,4323,3390
LOCAL,0300,Vehicle Tax Fund,31,Department of Law,2005,Department of Law,0149,SOFTWARE MAINTENANCE AND LICENSING,9139,9139,9139
LOCAL,0300,Vehicle Tax Fund,31,Department of Law,2005,Department of Law,0150,OUTSIDE GRAPHIC SERVICES,100,100,100
LOCAL,0300,Vehicle Tax Fund,31,Department of Law,2005,Department of Law,0157,RENTAL EQUIPMENT AND SERVICES,448,448,438
LOCAL,0300,Vehicle Tax Fund,31,Department of Law,2005,Department of Law,0159,LEASE/PURCHASE EQUIPMENT,6405,6405,6720
LOCAL,0300,Vehicle Tax Fund,31,Department of Law,2005,Department of Law,0162,REPAIR/MAINT EQUIPMENT,114,114,100
LOCAL,0300,Vehicle Tax Fund,31,Department of Law,2005,Department of Law,0166,"DUES, SUBSCRIPTIONS AND MEMBERSHIPS",4583,4583,4353
LOCAL,0300,Vehicle Tax Fund,31,Department of Law,2005,Department of Law,0169,TECHNICAL MEETING COSTS,1139,1139,1500
LOCAL,0300,Vehicle Tax Fund,31,Department of Law,2005,Department of Law,0178,FREIGHT AND EXPRESS CHARGES,275,275,310
LOCAL,0300,Vehicle Tax Fund,31,Department of Law,2005,Department of Law,0181,MOBILE COMMUNICATION SERVICES,928,928,928
LOCAL,0300,Vehicle Tax Fund,31,Department of Law,2005,Department of Law,0190,TELEPHONE - CENTREX BILLINGS,4752,4752,4752
LOCAL,0300,Vehicle Tax Fund,31,Department of Law,2005,Department of Law,0229,TRANSPORTATION AND EXPENSE ALLOWANCE,250,250,249
LOCAL,0300,Vehicle Tax Fund,31,Department of Law,2005,Department of Law,0245,REIMBURSEMENT TO TRAVELERS,1659,1659,1652
LOCAL,0300,Vehicle Tax Fund,31,Department of Law,2005,Department of Law,0270,LOCAL TRANSPORTATION,1065,1065,909
LOCAL,0300,Vehicle Tax Fund,31,Department of Law,2005,Department of Law,0348,BOOKS AND RELATED MATERIAL,687,687,665
LOCAL,0300,Vehicle Tax Fund,31,Department of Law,2005,Department of Law,0350,STATIONERY AND OFFICE SUPPLIES,3108,3108,3115
LOCAL,0300,Vehicle Tax Fund,31,Department of Law,2005,Department of Law,9438,REIMBURSEMENT - AIM,300,300,1006
LOCAL,0314,Sewer Fund,31,Department of Law,2005,Department of Law,0005,SALARIES AND WAGES - ON PAYROLL,728759,728759,774898
LOCAL,0314,Sewer Fund,31,Department of Law,2005,Department of Law,0020,OVERTIME,529,529,529
LOCAL,0314,Sewer Fund,31,Department of Law,2005,Department of Law,0039,STUDENT AS TRAINEES,257,257,257
LOCAL,0314,Sewer Fund,31,Department of Law,2005,Department of Law,0130,POSTAGE,644,644,2757
LOCAL,0314,Sewer Fund,31,Department of Law,2005,Department of Law,0138,IT MAINTENANCE,7751,7751,7997
LOCAL,0314,Sewer Fund,31,Department of Law,2005,Department of Law,0140,PROFESSIONAL AND TECHNICAL SERVICES,30599,30599,29311
LOCAL,0314,Sewer Fund,31,Department of Law,2005,Department of Law,0141,APPRAISALS,320,320,320
LOCAL,0314,Sewer Fund,31,Department of Law,2005,Department of Law,0143,COURT REPORTING,23220,23220,22895
LOCAL,0314,Sewer Fund,31,Department of Law,2005,Department of Law,0145,LEGAL EXPENSES,5518,5518,4685
LOCAL,0314,Sewer Fund,31,Department of Law,2005,Department of Law,0149,SOFTWARE MAINTENANCE AND LICENSING,7311,7311,7311
LOCAL,0314,Sewer Fund,31,Department of Law,2005,Department of Law,0150,OUTSIDE GRAPHIC SERVICES,100,100,100
LOCAL,0314,Sewer Fund,31,Department of Law,2005,Department of Law,0157,RENTAL EQUIPMENT AND SERVICES,409,409,350
LOCAL,0314,Sewer Fund,31,Department of Law,2005,Department of Law,0159,LEASE/PURCHASE EQUIPMENT,5124,5124,5376
LOCAL,0314,Sewer Fund,31,Department of Law,2005,Department of Law,0162,REPAIR/MAINT EQUIPMENT,100,100,100
LOCAL,0314,Sewer Fund,31,Department of Law,2005,Department of Law,0166,"DUES, SUBSCRIPTIONS AND MEMBERSHIPS",3686,3686,3504
LOCAL,0314,Sewer Fund,31,Department of Law,2005,Department of Law,0169,TECHNICAL MEETING COSTS,911,911,1220
LOCAL,0314,Sewer Fund,31,Department of Law,2005,Department of Law,0178,FREIGHT AND EXPRESS CHARGES,310,310,331
LOCAL,0314,Sewer Fund,31,Department of Law,2005,Department of Law,0181,MOBILE COMMUNICATION SERVICES,742,742,742
LOCAL,0314,Sewer Fund,31,Department of Law,2005,Department of Law,0190,TELEPHONE - CENTREX BILLINGS,3602,3602,3602
LOCAL,0314,Sewer Fund,31,Department of Law,2005,Department of Law,0229,TRANSPORTATION AND EXPENSE ALLOWANCE,200,200,199
LOCAL,0314,Sewer Fund,31,Department of Law,2005,Department of Law,0245,REIMBURSEMENT TO TRAVELERS,1751,1751,1652
LOCAL,0314,Sewer Fund,31,Department of Law,2005,Department of Law,0270,LOCAL TRANSPORTATION,1214,1214,1073
LOCAL,0314,Sewer Fund,31,Department of Law,2005,Department of Law,0348,BOOKS AND RELATED MATERIAL,550,550,532
LOCAL,0314,Sewer Fund,31,Department of Law,2005,Department of Law,0350,STATIONERY AND OFFICE SUPPLIES,2487,2487,2492
LOCAL,0314,Sewer Fund,31,Department of Law,2005,Department of Law,9438,REIMBURSEMENT - AIM,300,300,805
LOCAL,0610,Chicago Midway Airport Fund,31,Department of Law,2005,Department of Law,0005,SALARIES AND WAGES - ON PAYROLL,373469,373469,333815
LOCAL,0610,Chicago Midway Airport Fund,31,Department of Law,2005,Department of Law,0130,POSTAGE,462,462,2018
LOCAL,0610,Chicago Midway Airport Fund,31,Department of Law,2005,Department of Law,0138,IT MAINTENANCE,8297,8297,8562
LOCAL,0610,Chicago Midway Airport Fund,31,Department of Law,2005,Department of Law,0140,PROFESSIONAL AND TECHNICAL SERVICES,29495,29495,28951
LOCAL,0610,Chicago Midway Airport Fund,31,Department of Law,2005,Department of Law,0141,APPRAISALS,200,200,200
LOCAL,0610,Chicago Midway Airport Fund,31,Department of Law,2005,Department of Law,0143,COURT REPORTING,5180,5180,4998
LOCAL,0610,Chicago Midway Airport Fund,31,Department of Law,2005,Department of Law,0145,LEGAL EXPENSES,4098,4098,3272
LOCAL,0610,Chicago Midway Airport Fund,31,Department of Law,2005,Department of Law,0149,SOFTWARE MAINTENANCE AND LICENSING,7833,7833,7833
LOCAL,0610,Chicago Midway Airport Fund,31,Department of Law,2005,Department of Law,0150,OUTSIDE GRAPHIC SERVICES,100,100,100
LOCAL,0610,Chicago Midway Airport Fund,31,Department of Law,2005,Department of Law,0157,RENTAL EQUIPMENT AND SERVICES,370,370,375
LOCAL,0610,Chicago Midway Airport Fund,31,Department of Law,2005,Department of Law,0159,LEASE/PURCHASE EQUIPMENT,5490,5490,5760
LOCAL,0610,Chicago Midway Airport Fund,31,Department of Law,2005,Department of Law,0162,REPAIR/MAINT EQUIPMENT,100,100,100
LOCAL,0610,Chicago Midway Airport Fund,31,Department of Law,2005,Department of Law,0166,"DUES, SUBSCRIPTIONS AND MEMBERSHIPS",3942,3942,3745
LOCAL,0610,Chicago Midway Airport Fund,31,Department of Law,2005,Department of Law,0169,TECHNICAL MEETING COSTS,976,976,2265
LOCAL,0610,Chicago Midway Airport Fund,31,Department of Law,2005,Department of Law,0178,FREIGHT AND EXPRESS CHARGES,265,265,301
LOCAL,0610,Chicago Midway Airport Fund,31,Department of Law,2005,Department of Law,0181,MOBILE COMMUNICATION SERVICES,795,795,795
LOCAL,0610,Chicago Midway Airport Fund,31,Department of Law,2005,Department of Law,0190,TELEPHONE - CENTREX BILLINGS,4073,4073,4073
LOCAL,0610,Chicago Midway Airport Fund,31,Department of Law,2005,Department of Law,0229,TRANSPORTATION AND EXPENSE ALLOWANCE,214,214,213
LOCAL,0610,Chicago Midway Airport Fund,31,Department of Law,2005,Department of Law,0245,REIMBURSEMENT TO TRAVELERS,6143,6143,4627
LOCAL,0610,Chicago Midway Airport Fund,31,Department of Law,2005,Department of Law,0270,LOCAL TRANSPORTATION,1034,1034,892
LOCAL,0610,Chicago Midway Airport Fund,31,Department of Law,2005,Department of Law,0348,BOOKS AND RELATED MATERIAL,589,589,570
LOCAL,0610,Chicago Midway Airport Fund,31,Department of Law,2005,Department of Law,0350,STATIONERY AND OFFICE SUPPLIES,2664,2664,2670
LOCAL,0610,Chicago Midway Airport Fund,31,Department of Law,2005,Department of Law,9438,REIMBURSEMENT - AIM,300,300,863
LOCAL,0740,Chicago O'Hare Airport Fund,31,Department of Law,2005,Department of Law,0005,SALARIES AND WAGES - ON PAYROLL,1927813,1927813,1991273
LOCAL,0740,Chicago O'Hare Airport Fund,31,Department of Law,2005,Department of Law,0020,OVERTIME,1134,1134,1134
LOCAL,0740,Chicago O'Hare Airport Fund,31,Department of Law,2005,Department of Law,0130,POSTAGE,806,806,2370
LOCAL,0740,Chicago O'Hare Airport Fund,31,Department of Law,2005,Department of Law,0138,IT MAINTENANCE,16516,16516,17051
LOCAL,0740,Chicago O'Hare Airport Fund,31,Department of Law,2005,Department of Law,0140,PROFESSIONAL AND TECHNICAL SERVICES,54203,54203,53007
LOCAL,0740,Chicago O'Hare Airport Fund,31,Department of Law,2005,Department of Law,0141,APPRAISALS,200,200,200
LOCAL,0740,Chicago O'Hare Airport Fund,31,Department of Law,2005,Department of Law,0143,COURT REPORTING,15647,15647,15659
LOCAL,0740,Chicago O'Hare Airport Fund,31,Department of Law,2005,Department of Law,0145,LEGAL EXPENSES,6492,6492,4651
LOCAL,0740,Chicago O'Hare Airport Fund,31,Department of Law,2005,Department of Law,0149,SOFTWARE MAINTENANCE AND LICENSING,15667,15667,15667
LOCAL,0740,Chicago O'Hare Airport Fund,31,Department of Law,2005,Department of Law,0150,OUTSIDE GRAPHIC SERVICES,567,567,534
LOCAL,0740,Chicago O'Hare Airport Fund,31,Department of Law,2005,Department of Law,0157,RENTAL EQUIPMENT AND SERVICES,748,748,750
LOCAL,0740,Chicago O'Hare Airport Fund,31,Department of Law,2005,Department of Law,0159,LEASE/PURCHASE EQUIPMENT,10980,10980,11520
LOCAL,0740,Chicago O'Hare Airport Fund,31,Department of Law,2005,Department of Law,0162,REPAIR/MAINT EQUIPMENT,196,196,100
LOCAL,0740,Chicago O'Hare Airport Fund,31,Department of Law,2005,Department of Law,0166,"DUES, SUBSCRIPTIONS AND MEMBERSHIPS",7785,7785,7410
LOCAL,0740,Chicago O'Hare Airport Fund,31,Department of Law,2005,Department of Law,0169,TECHNICAL MEETING COSTS,1953,1953,10655
LOCAL,0740,Chicago O'Hare Airport Fund,31,Department of Law,2005,Department of Law,0178,FREIGHT AND EXPRESS CHARGES,509,509,597
LOCAL,0740,Chicago O'Hare Airport Fund,31,Department of Law,2005,Department of Law,0181,MOBILE COMMUNICATION SERVICES,1590,1590,1590
LOCAL,0740,Chicago O'Hare Airport Fund,31,Department of Law,2005,Department of Law,0190,TELEPHONE - CENTREX BILLINGS,8147,8147,8147
LOCAL,0740,Chicago O'Hare Airport Fund,31,Department of Law,2005,Department of Law,0229,TRANSPORTATION AND EXPENSE ALLOWANCE,428,428,426
LOCAL,0740,Chicago O'Hare Airport Fund,31,Department of Law,2005,Department of Law,0245,REIMBURSEMENT TO TRAVELERS,10278,10278,2538
LOCAL,0740,Chicago O'Hare Airport Fund,31,Department of Law,2005,Department of Law,0270,LOCAL TRANSPORTATION,1764,1764,1630
LOCAL,0740,Chicago O'Hare Airport Fund,31,Department of Law,2005,Department of Law,0348,BOOKS AND RELATED MATERIAL,1178,1178,1140
LOCAL,0740,Chicago O'Hare Airport Fund,31,Department of Law,2005,Department of Law,0350,STATIONERY AND OFFICE SUPPLIES,5328,5328,5340
LOCAL,0740,Chicago O'Hare Airport Fund,31,Department of Law,2005,Department of Law,9438,REIMBURSEMENT - AIM,500,500,1725
LOCAL,0B21,Tax Increment Financing Administration Fund,31,Department of Law,2005,Department of Law,0005,SALARIES AND WAGES - ON PAYROLL,1177426,1177426,1203003
LOCAL,0100,Corporate Fund,33,Department of Human Resources,2005,Department of Human Resources,0005,SALARIES AND WAGES - ON PAYROLL,6076775,6076775,6039849
LOCAL,0100,Corporate Fund,33,Department of Human Resources,2005,Department of Human Resources,0015,SCHEDULE SALARY ADJUSTMENTS,37298,37298,57988
LOCAL,0100,Corporate Fund,33,Department of Human Resources,2005,Department of Human Resources,0039,STUDENT AS TRAINEES,48000,48000,40000
LOCAL,0100,Corporate Fund,33,Department of Human Resources,2005,Department of Human Resources,0050,STIPENDS,21000,21000,21000
LOCAL,0100,Corporate Fund,33,Department of Human Resources,2005,Department of Human Resources,0130,POSTAGE,14480,14480,17480
LOCAL,0100,Corporate Fund,33,Department of Human Resources,2005,Department of Human Resources,0140,PROFESSIONAL AND TECHNICAL SERVICES,350685,350300,350685
LOCAL,0100,Corporate Fund,33,Department of Human Resources,2005,Department of Human Resources,0143,COURT REPORTING,211575,211575,154552
LOCAL,0100,Corporate Fund,33,Department of Human Resources,2005,Department of Human Resources,0149,SOFTWARE MAINTENANCE AND LICENSING,30470,30470,30470
LOCAL,0100,Corporate Fund,33,Department of Human Resources,2005,Department of Human Resources,0152,ADVERTISING,9000,9000,9000
LOCAL,0100,Corporate Fund,33,Department of Human Resources,2005,Department of Human Resources,0159,LEASE/PURCHASE EQUIPMENT,21154,21154,21154
LOCAL,0100,Corporate Fund,33,Department of Human Resources,2005,Department of Human Resources,0162,REPAIR/MAINT EQUIPMENT,3500,3500,3500
LOCAL,0100,Corporate Fund,33,Department of Human Resources,2005,Department of Human Resources,0166,"DUES, SUBSCRIPTIONS AND MEMBERSHIPS",2040,2040,2040
LOCAL,0100,Corporate Fund,33,Department of Human Resources,2005,Department of Human Resources,0178,FREIGHT AND EXPRESS CHARGES,500,500,500
LOCAL,0100,Corporate Fund,33,Department of Human Resources,2005,Department of Human Resources,0181,MOBILE COMMUNICATION SERVICES,3000,3385,3414
LOCAL,0100,Corporate Fund,33,Department of Human Resources,2005,Department of Human Resources,0190,TELEPHONE - CENTREX BILLINGS,6000,6000,10816
LOCAL,0100,Corporate Fund,33,Department of Human Resources,2005,Department of Human Resources,0197,TELEPHONE - MAINTENANCE,1310,1310,1310
LOCAL,0100,Corporate Fund,33,Department of Human Resources,2005,Department of Human Resources,0245,REIMBURSEMENT TO TRAVELERS,1500,1500,0
LOCAL,0100,Corporate Fund,33,Department of Human Resources,2005,Department of Human Resources,0270,LOCAL TRANSPORTATION,2560,2560,2560
LOCAL,0100,Corporate Fund,33,Department of Human Resources,2005,Department of Human Resources,0340,MATERIAL AND SUPPLIES,18475,18475,18475
LOCAL,0100,Corporate Fund,33,Department of Human Resources,2005,Department of Human Resources,0350,STATIONERY AND OFFICE SUPPLIES,11300,11300,11300
LOCAL,0100,Corporate Fund,33,Department of Human Resources,2005,Department of Human Resources,9438,REIMBURSEMENT - AIM,3000,3000,34500
LOCAL,0200,Water Fund,33,Department of Human Resources,2005,Department of Human Resources,0005,SALARIES AND WAGES - ON PAYROLL,281874,281874,182224
LOCAL,0200,Water Fund,33,Department of Human Resources,2005,Department of Human Resources,0015,SCHEDULE SALARY ADJUSTMENTS,1429,1429,1901
LOCAL,0200,Water Fund,33,Department of Human Resources,2005,Department of Human Resources,0140,PROFESSIONAL AND TECHNICAL SERVICES,3808,3808,3808
LOCAL,0200,Water Fund,33,Department of Human Resources,2005,Department of Human Resources,0350,STATIONERY AND OFFICE SUPPLIES,208,208,208
LOCAL,0610,Chicago Midway Airport Fund,33,Department of Human Resources,2005,Department of Human Resources,0005,SALARIES AND WAGES - ON PAYROLL,100930,100930,107658
LOCAL,0610,Chicago Midway Airport Fund,33,Department of Human Resources,2005,Department of Human Resources,0015,SCHEDULE SALARY ADJUSTMENTS,380,380,507
LOCAL,0740,Chicago O'Hare Airport Fund,33,Department of Human Resources,2005,Department of Human Resources,0005,SALARIES AND WAGES - ON PAYROLL,277289,277289,286926
LOCAL,0740,Chicago O'Hare Airport Fund,33,Department of Human Resources,2005,Department of Human Resources,0015,SCHEDULE SALARY ADJUSTMENTS,497,497,548
LOCAL,0740,Chicago O'Hare Airport Fund,33,Department of Human Resources,2005,Department of Human Resources,0130,POSTAGE,295,295,295
LOCAL,0740,Chicago O'Hare Airport Fund,33,Department of Human Resources,2005,Department of Human Resources,0140,PROFESSIONAL AND TECHNICAL SERVICES,5950,5950,5950
LOCAL,0100,Corporate Fund,35,Department of Procurement Services,2005,Department of Procurement Services,0005,SALARIES AND WAGES - ON PAYROLL,6449134,6449134,6245318
LOCAL,0100,Corporate Fund,35,Department of Procurement Services,2005,Department of Procurement Services,0012,CONTRACT WAGE - PREVAILING RATE,2376,2376,2431
LOCAL,0100,Corporate Fund,35,Department of Procurement Services,2005,Department of Procurement Services,0015,SCHEDULE SALARY ADJUSTMENTS,35203,35203,41955
LOCAL,0100,Corporate Fund,35,Department of Procurement Services,2005,Department of Procurement Services,0039,STUDENT AS TRAINEES,30000,30000,30000
LOCAL,0100,Corporate Fund,35,Department of Procurement Services,2005,Department of Procurement Services,0130,POSTAGE,6018,6018,5500
LOCAL,0100,Corporate Fund,35,Department of Procurement Services,2005,Department of Procurement Services,0140,PROFESSIONAL AND TECHNICAL SERVICES,472400,472400,336400
LOCAL,0100,Corporate Fund,35,Department of Procurement Services,2005,Department of Procurement Services,0149,SOFTWARE MAINTENANCE AND LICENSING,2000,2000,2000
LOCAL,0100,Corporate Fund,35,Department of Procurement Services,2005,Department of Procurement Services,0152,ADVERTISING,29000,29000,34500
LOCAL,0100,Corporate Fund,35,Department of Procurement Services,2005,Department of Procurement Services,0157,RENTAL EQUIPMENT AND SERVICES,26100,26100,26100
LOCAL,0100,Corporate Fund,35,Department of Procurement Services,2005,Department of Procurement Services,0160,REPAIR/MAINT PROPERTY,11356,11356,11576
LOCAL,0100,Corporate Fund,35,Department of Procurement Services,2005,Department of Procurement Services,0162,REPAIR/MAINT EQUIPMENT,41378,41378,41378
LOCAL,0100,Corporate Fund,35,Department of Procurement Services,2005,Department of Procurement Services,0166,"DUES, SUBSCRIPTIONS AND MEMBERSHIPS",10880,10880,10740
LOCAL,0100,Corporate Fund,35,Department of Procurement Services,2005,Department of Procurement Services,0168,EDUCATION DEVELOPMENT,1500,1500,1500
LOCAL,0100,Corporate Fund,35,Department of Procurement Services,2005,Department of Procurement Services,0169,TECHNICAL MEETING COSTS,6300,6300,3500
LOCAL,0100,Corporate Fund,35,Department of Procurement Services,2005,Department of Procurement Services,0171,MISCELLANEOUS SUPPLIES,8000,8000,5000
LOCAL,0100,Corporate Fund,35,Department of Procurement Services,2005,Department of Procurement Services,0178,FREIGHT AND EXPRESS CHARGES,500,500,500
LOCAL,0100,Corporate Fund,35,Department of Procurement Services,2005,Department of Procurement Services,0181,MOBILE COMMUNICATION SERVICES,11589,11589,11202
LOCAL,0100,Corporate Fund,35,Department of Procurement Services,2005,Department of Procurement Services,0188,VEHICLE TRACKING SERVICE,960,960,960
LOCAL,0100,Corporate Fund,35,Department of Procurement Services,2005,Department of Procurement Services,0190,TELEPHONE - CENTREX BILLINGS,5600,5600,11653
LOCAL,0100,Corporate Fund,35,Department of Procurement Services,2005,Department of Procurement Services,0197,TELEPHONE - MAINTENANCE,5640,5640,5640
LOCAL,0100,Corporate Fund,35,Department of Procurement Services,2005,Department of Procurement Services,0229,TRANSPORTATION AND EXPENSE ALLOWANCE,200,200,200
LOCAL,0100,Corporate Fund,35,Department of Procurement Services,2005,Department of Procurement Services,0245,REIMBURSEMENT TO TRAVELERS,5000,5000,6650
LOCAL,0100,Corporate Fund,35,Department of Procurement Services,2005,Department of Procurement Services,0270,LOCAL TRANSPORTATION,290,290,290
LOCAL,0100,Corporate Fund,35,Department of Procurement Services,2005,Department of Procurement Services,0340,MATERIAL AND SUPPLIES,2250,2250,2250
LOCAL,0100,Corporate Fund,35,Department of Procurement Services,2005,Department of Procurement Services,0350,STATIONERY AND OFFICE SUPPLIES,19385,19385,17985
LOCAL,0100,Corporate Fund,35,Department of Procurement Services,2005,Department of Procurement Services,0446,PURCHASE - DATA HARDWARE,3460,3460,2009
LOCAL,0200,Water Fund,35,Department of Procurement Services,2005,Department of Procurement Services,0005,SALARIES AND WAGES - ON PAYROLL,250338,250338,280523
LOCAL,0200,Water Fund,35,Department of Procurement Services,2005,Department of Procurement Services,0015,SCHEDULE SALARY ADJUSTMENTS,1834,1834,7274
LOCAL,0610,Chicago Midway Airport Fund,35,Department of Procurement Services,2005,Department of Procurement Services,0005,SALARIES AND WAGES - ON PAYROLL,355447,355447,389113
LOCAL,0610,Chicago Midway Airport Fund,35,Department of Procurement Services,2005,Department of Procurement Services,0015,SCHEDULE SALARY ADJUSTMENTS,4623,4623,4192
LOCAL,0610,Chicago Midway Airport Fund,35,Department of Procurement Services,2005,Department of Procurement Services,0140,PROFESSIONAL AND TECHNICAL SERVICES,23000,23000,11200
LOCAL,0610,Chicago Midway Airport Fund,35,Department of Procurement Services,2005,Department of Procurement Services,0245,REIMBURSEMENT TO TRAVELERS,400,400,400
LOCAL,0610,Chicago Midway Airport Fund,35,Department of Procurement Services,2005,Department of Procurement Services,0350,STATIONERY AND OFFICE SUPPLIES,200,200,200
LOCAL,0740,Chicago O'Hare Airport Fund,35,Department of Procurement Services,2005,Department of Procurement Services,0005,SALARIES AND WAGES - ON PAYROLL,1486586,1486586,1548397
LOCAL,0740,Chicago O'Hare Airport Fund,35,Department of Procurement Services,2005,Department of Procurement Services,0015,SCHEDULE SALARY ADJUSTMENTS,14177,14177,14440
LOCAL,0740,Chicago O'Hare Airport Fund,35,Department of Procurement Services,2005,Department of Procurement Services,0140,PROFESSIONAL AND TECHNICAL SERVICES,97000,97000,54000
LOCAL,0740,Chicago O'Hare Airport Fund,35,Department of Procurement Services,2005,Department of Procurement Services,0245,REIMBURSEMENT TO TRAVELERS,1600,1600,1600
LOCAL,0740,Chicago O'Hare Airport Fund,35,Department of Procurement Services,2005,Department of Procurement Services,0270,LOCAL TRANSPORTATION,300,300,300
LOCAL,0740,Chicago O'Hare Airport Fund,35,Department of Procurement Services,2005,Department of Procurement Services,0350,STATIONERY AND OFFICE SUPPLIES,600,600,600
LOCAL,0100,Corporate Fund,38,Department of Asset and Information Management,2103,Bureau of Finance and Administration,0005,SALARIES AND WAGES - ON PAYROLL,2998998,2998998,2889469
LOCAL,0100,Corporate Fund,38,Department of Asset and Information Management,2103,Bureau of Finance and Administration,0015,SCHEDULE SALARY ADJUSTMENTS,17998,17998,16021
LOCAL,0100,Corporate Fund,38,Department of Asset and Information Management,2103,Bureau of Finance and Administration,0140,PROFESSIONAL AND TECHNICAL SERVICES,22000,22000,22000
LOCAL,0100,Corporate Fund,38,Department of Asset and Information Management,2103,Bureau of Finance and Administration,0143,COURT REPORTING,2000,2000,2000
LOCAL,0100,Corporate Fund,38,Department of Asset and Information Management,2103,Bureau of Finance and Administration,0148,TESTING AND INSPECTING,1000,1000,1000
LOCAL,0100,Corporate Fund,38,Department of Asset and Information Management,2103,Bureau of Finance and Administration,0152,ADVERTISING,1200,1200,1200
LOCAL,0100,Corporate Fund,38,Department of Asset and Information Management,2103,Bureau of Finance and Administration,0159,LEASE/PURCHASE EQUIPMENT,88238,88238,88238
LOCAL,0100,Corporate Fund,38,Department of Asset and Information Management,2103,Bureau of Finance and Administration,0166,"DUES, SUBSCRIPTIONS AND MEMBERSHIPS",425,425,425
LOCAL,0100,Corporate Fund,38,Department of Asset and Information Management,2103,Bureau of Finance and Administration,0189,TELEPHONE - NON-CENTREX BILLINGS,107200,107200,95600
LOCAL,0100,Corporate Fund,38,Department of Asset and Information Management,2103,Bureau of Finance and Administration,0190,TELEPHONE - CENTREX BILLINGS,193000,193000,168500
LOCAL,0100,Corporate Fund,38,Department of Asset and Information Management,2103,Bureau of Finance and Administration,0196,DATA CIRCUITS,75800,75800,75800
LOCAL,0100,Corporate Fund,38,Department of Asset and Information Management,2103,Bureau of Finance and Administration,0197,TELEPHONE - MAINTENANCE,9325,9325,9325
LOCAL,0100,Corporate Fund,38,Department of Asset and Information Management,2103,Bureau of Finance and Administration,0340,MATERIAL AND SUPPLIES,9500,9500,4500
LOCAL,0100,Corporate Fund,38,Department of Asset and Information Management,2103,Bureau of Finance and Administration,0350,STATIONERY AND OFFICE SUPPLIES,32000,32000,32000
LOCAL,0100,Corporate Fund,38,Department of Asset and Information Management,2103,Bureau of Finance and Administration,0446,PURCHASE - DATA HARDWARE,0,0,2000
LOCAL,0100,Corporate Fund,38,Department of Asset and Information Management,2126,Bureau of Facility Management,0005,SALARIES AND WAGES - ON PAYROLL,34246952,34246952,34080801
LOCAL,0100,Corporate Fund,38,Department of Asset and Information Management,2126,Bureau of Facility Management,0012,CONTRACT WAGE - PREVAILING RATE,395983,395983,390750
LOCAL,0100,Corporate Fund,38,Department of Asset and Information Management,2126,Bureau of Facility Management,0015,SCHEDULE SALARY ADJUSTMENTS,20020,20020,22516
LOCAL,0100,Corporate Fund,38,Department of Asset and Information Management,2126,Bureau of Facility Management,0020,OVERTIME,510000,510000,510000
LOCAL,0100,Corporate Fund,38,Department of Asset and Information Management,2126,Bureau of Facility Management,0125,OFFICE AND BUILDING SERVICES,22945287,22945287,24703510
LOCAL,0100,Corporate Fund,38,Department of Asset and Information Management,2126,Bureau of Facility Management,0130,POSTAGE,12500,12500,15000
LOCAL,0100,Corporate Fund,38,Department of Asset and Information Management,2126,Bureau of Facility Management,0140,PROFESSIONAL AND TECHNICAL SERVICES,6680831,6680831,7275365
LOCAL,0100,Corporate Fund,38,Department of Asset and Information Management,2126,Bureau of Facility Management,0149,SOFTWARE MAINTENANCE AND LICENSING,20000,20000,20000
LOCAL,0100,Corporate Fund,38,Department of Asset and Information Management,2126,Bureau of Facility Management,0157,RENTAL EQUIPMENT AND SERVICES,697425,697425,735145
LOCAL,0100,Corporate Fund,38,Department of Asset and Information Management,2126,Bureau of Facility Management,0160,REPAIR/MAINT PROPERTY,1362000,1362000,1903000
LOCAL,0100,Corporate Fund,38,Department of Asset and Information Management,2126,Bureau of Facility Management,0161,MAINTENANCE OF FACILITIES,825000,825000,825000
LOCAL,0100,Corporate Fund,38,Department of Asset and Information Management,2126,Bureau of Facility Management,0162,REPAIR/MAINT EQUIPMENT,2500000,2500000,3412000
LOCAL,0100,Corporate Fund,38,Department of Asset and Information Management,2126,Bureau of Facility Management,0191,TELEPHONE - RELOCATIONS,9000,9000,9000
LOCAL,0100,Corporate Fund,38,Department of Asset and Information Management,2126,Bureau of Facility Management,0245,REIMBURSEMENT TO TRAVELERS,2500,2500,0
LOCAL,0100,Corporate Fund,38,Department of Asset and Information Management,2126,Bureau of Facility Management,0313,CLEANING AND SANITATION SUPPLIES,745210,745210,767566
LOCAL,0100,Corporate Fund,38,Department of Asset and Information Management,2126,Bureau of Facility Management,0319,CLOTHING,85000,85000,85000
LOCAL,0100,Corporate Fund,38,Department of Asset and Information Management,2126,Bureau of Facility Management,0340,MATERIAL AND SUPPLIES,5675000,5675000,3575000
LOCAL,0100,Corporate Fund,38,Department of Asset and Information Management,2126,Bureau of Facility Management,0342,DRUGS  MEDICINE AND CHEMICAL MATERIALS,1440,1440,1440
LOCAL,0100,Corporate Fund,38,Department of Asset and Information Management,2131,Bureau of Asset Management,0005,SALARIES AND WAGES - ON PAYROLL,4000104,4000104,3944476
LOCAL,0100,Corporate Fund,38,Department of Asset and Information Management,2131,Bureau of Asset Management,0015,SCHEDULE SALARY ADJUSTMENTS,39049,39049,36557
LOCAL,0100,Corporate Fund,38,Department of Asset and Information Management,2131,Bureau of Asset Management,0020,OVERTIME,10000,10000,10000
LOCAL,0100,Corporate Fund,38,Department of Asset and Information Management,2131,Bureau of Asset Management,0140,PROFESSIONAL AND TECHNICAL SERVICES,1543170,1543170,2127560
LOCAL,0100,Corporate Fund,38,Department of Asset and Information Management,2131,Bureau of Asset Management,0141,APPRAISALS,30000,30000,30000
LOCAL,0100,Corporate Fund,38,Department of Asset and Information Management,2131,Bureau of Asset Management,0149,SOFTWARE MAINTENANCE AND LICENSING,114670,114670,115270
LOCAL,0100,Corporate Fund,38,Department of Asset and Information Management,2131,Bureau of Asset Management,0155,RENTAL OF PROPERTY,12593212,12593212,13029965
LOCAL,0100,Corporate Fund,38,Department of Asset and Information Management,2131,Bureau of Asset Management,0159,LEASE/PURCHASE EQUIPMENT,375000,375000,375000
LOCAL,0100,Corporate Fund,38,Department of Asset and Information Management,2131,Bureau of Asset Management,0160,REPAIR/MAINT PROPERTY,240000,240000,590000
LOCAL,0100,Corporate Fund,38,Department of Asset and Information Management,2131,Bureau of Asset Management,0162,REPAIR/MAINT EQUIPMENT,50000,50000,55000
LOCAL,0100,Corporate Fund,38,Department of Asset and Information Management,2131,Bureau of Asset Management,0166,"DUES, SUBSCRIPTIONS AND MEMBERSHIPS",2200,2200,1570
LOCAL,0100,Corporate Fund,38,Department of Asset and Information Management,2131,Bureau of Asset Management,0169,TECHNICAL MEETING COSTS,49145,49145,71049
LOCAL,0100,Corporate Fund,38,Department of Asset and Information Management,2131,Bureau of Asset Management,0179,MESSENGER SERVICES,3000,3000,2000
LOCAL,0100,Corporate Fund,38,Department of Asset and Information Management,2131,Bureau of Asset Management,0181,MOBILE COMMUNICATION SERVICES,139020,139020,180502
LOCAL,0100,Corporate Fund,38,Department of Asset and Information Management,2131,Bureau of Asset Management,0185,WASTE DISPOSAL SERVICES,1000,1000,1500
LOCAL,0100,Corporate Fund,38,Department of Asset and Information Management,2131,Bureau of Asset Management,0315,MOTOR VEHICLE DIESEL FUEL,3437659,3437659,3053312
LOCAL,0100,Corporate Fund,38,Department of Asset and Information Management,2131,Bureau of Asset Management,0318,OTHER FUEL,110000,110000,110000
LOCAL,0100,Corporate Fund,38,Department of Asset and Information Management,2131,Bureau of Asset Management,0319,CLOTHING,45000,45000,45000
LOCAL,0100,Corporate Fund,38,Department of Asset and Information Management,2131,Bureau of Asset Management,0320,GASOLINE,12762449,12762449,13013762
LOCAL,0100,Corporate Fund,38,Department of Asset and Information Management,2131,Bureau of Asset Management,0322,NATURAL GAS,3475222,3475222,3577029
LOCAL,0100,Corporate Fund,38,Department of Asset and Information Management,2131,Bureau of Asset Management,0325,ALTERNATIVE FUEL,305754,305754,250407
LOCAL,0100,Corporate Fund,38,Department of Asset and Information Management,2131,Bureau of Asset Management,0331,ELECTRICITY,11429149,11429149,11519820
LOCAL,0100,Corporate Fund,38,Department of Asset and Information Management,2131,Bureau of Asset Management,0332,ELECTRICITY - STREET LIGHTING,3116513,3116513,0
LOCAL,0100,Corporate Fund,38,Department of Asset and Information Management,2131,Bureau of Asset Management,0340,MATERIAL AND SUPPLIES,253425,253425,258915
LOCAL,0100,Corporate Fund,99,Finance General,2005,Finance General,0145,LEGAL EXPENSES,2850000,2850000,2850000
LOCAL,0100,Corporate Fund,38,Department of Asset and Information Management,2131,Bureau of Asset Management,0350,STATIONERY AND OFFICE SUPPLIES,470000,470000,470000
LOCAL,0100,Corporate Fund,38,Department of Asset and Information Management,2131,Bureau of Asset Management,0446,PURCHASE - DATA HARDWARE,3600,3600,0
LOCAL,0100,Corporate Fund,38,Department of Asset and Information Management,2131,Bureau of Asset Management,9067,PHYSICAL EXAMS,43920,43920,29640
LOCAL,0100,Corporate Fund,38,Department of Asset and Information Management,2131,Bureau of Asset Management,9160,PBC,529106,529106,609234
LOCAL,0100,Corporate Fund,38,Department of Asset and Information Management,2140,Bureau of Fleet Operations,0005,SALARIES AND WAGES - ON PAYROLL,36939075,36939075,37250792
LOCAL,0100,Corporate Fund,38,Department of Asset and Information Management,2140,Bureau of Fleet Operations,0012,CONTRACT WAGE - PREVAILING RATE,376667,376667,380308
LOCAL,0100,Corporate Fund,38,Department of Asset and Information Management,2140,Bureau of Fleet Operations,0015,SCHEDULE SALARY ADJUSTMENTS,42963,42963,45489
LOCAL,0100,Corporate Fund,38,Department of Asset and Information Management,2140,Bureau of Fleet Operations,0020,OVERTIME,945817,945817,945817
LOCAL,0100,Corporate Fund,38,Department of Asset and Information Management,2140,Bureau of Fleet Operations,0140,PROFESSIONAL AND TECHNICAL SERVICES,4101649,4101649,4338567
LOCAL,0100,Corporate Fund,38,Department of Asset and Information Management,2140,Bureau of Fleet Operations,0148,TESTING AND INSPECTING,49970,49970,45200
LOCAL,0100,Corporate Fund,38,Department of Asset and Information Management,2140,Bureau of Fleet Operations,0149,SOFTWARE MAINTENANCE AND LICENSING,372969,372969,345492
LOCAL,0100,Corporate Fund,38,Department of Asset and Information Management,2140,Bureau of Fleet Operations,0157,RENTAL EQUIPMENT AND SERVICES,290375,290375,290375
LOCAL,0100,Corporate Fund,38,Department of Asset and Information Management,2140,Bureau of Fleet Operations,0159,LEASE/PURCHASE EQUIPMENT,2732808,2732808,3099619
LOCAL,0100,Corporate Fund,38,Department of Asset and Information Management,2140,Bureau of Fleet Operations,0161,MAINTENANCE OF FACILITIES,121801,121801,69322
LOCAL,0100,Corporate Fund,38,Department of Asset and Information Management,2140,Bureau of Fleet Operations,0162,REPAIR/MAINT EQUIPMENT,1386036,1386036,1485148
LOCAL,0100,Corporate Fund,38,Department of Asset and Information Management,2140,Bureau of Fleet Operations,0166,"DUES, SUBSCRIPTIONS AND MEMBERSHIPS",5000,5000,5000
LOCAL,0100,Corporate Fund,38,Department of Asset and Information Management,2140,Bureau of Fleet Operations,0176,MAINTENANCE AND OPERATION - VEHICLES,6693452,6693452,9766037
LOCAL,0100,Corporate Fund,38,Department of Asset and Information Management,2140,Bureau of Fleet Operations,0185,WASTE DISPOSAL SERVICES,4704,4704,3275
LOCAL,0100,Corporate Fund,38,Department of Asset and Information Management,2140,Bureau of Fleet Operations,0188,VEHICLE TRACKING SERVICE,105880,105880,106878
LOCAL,0100,Corporate Fund,38,Department of Asset and Information Management,2140,Bureau of Fleet Operations,0245,REIMBURSEMENT TO TRAVELERS,7500,7500,10000
LOCAL,0100,Corporate Fund,38,Department of Asset and Information Management,2140,Bureau of Fleet Operations,0319,CLOTHING,16100,16100,11715
LOCAL,0100,Corporate Fund,38,Department of Asset and Information Management,2140,Bureau of Fleet Operations,0338,LICENSE STICKER TAG AND PLATES,100000,100000,98880
LOCAL,0100,Corporate Fund,38,Department of Asset and Information Management,2140,Bureau of Fleet Operations,0340,MATERIAL AND SUPPLIES,48912,48912,49320
LOCAL,0100,Corporate Fund,38,Department of Asset and Information Management,2140,Bureau of Fleet Operations,0342,DRUGS  MEDICINE AND CHEMICAL MATERIALS,4201,4201,4201
LOCAL,0100,Corporate Fund,38,Department of Asset and Information Management,2140,Bureau of Fleet Operations,0345,APPARATUS AND INSTRUMENTS,47004,47004,45140
LOCAL,0100,Corporate Fund,38,Department of Asset and Information Management,2140,Bureau of Fleet Operations,0348,BOOKS AND RELATED MATERIAL,588,588,0
LOCAL,0100,Corporate Fund,38,Department of Asset and Information Management,2140,Bureau of Fleet Operations,0360,REPAIR PARTS AND MATERIAL,20104703,20104703,21006579
LOCAL,0100,Corporate Fund,38,Department of Asset and Information Management,2145,Bureau of Information Technology,0005,SALARIES AND WAGES - ON PAYROLL,0,0,9533987
LOCAL,0100,Corporate Fund,38,Department of Asset and Information Management,2145,Bureau of Information Technology,0015,SCHEDULE SALARY ADJUSTMENTS,0,0,43619
LOCAL,0100,Corporate Fund,38,Department of Asset and Information Management,2145,Bureau of Information Technology,0039,STUDENT AS TRAINEES,0,0,78000
LOCAL,0100,Corporate Fund,38,Department of Asset and Information Management,2145,Bureau of Information Technology,0130,POSTAGE,0,0,100
LOCAL,0100,Corporate Fund,38,Department of Asset and Information Management,2145,Bureau of Information Technology,0138,IT MAINTENANCE,0,0,2834711
LOCAL,0100,Corporate Fund,38,Department of Asset and Information Management,2145,Bureau of Information Technology,0140,PROFESSIONAL AND TECHNICAL SERVICES,0,0,988354
LOCAL,0100,Corporate Fund,38,Department of Asset and Information Management,2145,Bureau of Information Technology,0149,SOFTWARE MAINTENANCE AND LICENSING,0,0,9527609
LOCAL,0100,Corporate Fund,38,Department of Asset and Information Management,2145,Bureau of Information Technology,0162,REPAIR/MAINT EQUIPMENT,0,0,1518803
LOCAL,0100,Corporate Fund,38,Department of Asset and Information Management,2145,Bureau of Information Technology,0166,"DUES, SUBSCRIPTIONS AND MEMBERSHIPS",0,0,109849
LOCAL,0100,Corporate Fund,38,Department of Asset and Information Management,2145,Bureau of Information Technology,0169,TECHNICAL MEETING COSTS,0,0,80700
LOCAL,0100,Corporate Fund,38,Department of Asset and Information Management,2145,Bureau of Information Technology,0181,MOBILE COMMUNICATION SERVICES,0,0,30000
LOCAL,0100,Corporate Fund,38,Department of Asset and Information Management,2145,Bureau of Information Technology,0190,TELEPHONE - CENTREX BILLINGS,0,0,25190
LOCAL,0100,Corporate Fund,38,Department of Asset and Information Management,2145,Bureau of Information Technology,0196,DATA CIRCUITS,0,0,699037
LOCAL,0100,Corporate Fund,38,Department of Asset and Information Management,2145,Bureau of Information Technology,0197,TELEPHONE - MAINTENANCE,0,0,9505
LOCAL,0100,Corporate Fund,38,Department of Asset and Information Management,2145,Bureau of Information Technology,0245,REIMBURSEMENT TO TRAVELERS,0,0,5000
LOCAL,0100,Corporate Fund,38,Department of Asset and Information Management,2145,Bureau of Information Technology,0270,LOCAL TRANSPORTATION,0,0,900
LOCAL,0100,Corporate Fund,38,Department of Asset and Information Management,2145,Bureau of Information Technology,0340,MATERIAL AND SUPPLIES,0,0,7850
LOCAL,0100,Corporate Fund,38,Department of Asset and Information Management,2145,Bureau of Information Technology,0348,BOOKS AND RELATED MATERIAL,0,0,2700
LOCAL,0100,Corporate Fund,38,Department of Asset and Information Management,2145,Bureau of Information Technology,0350,STATIONERY AND OFFICE SUPPLIES,0,0,6750
LOCAL,0100,Corporate Fund,38,Department of Asset and Information Management,2145,Bureau of Information Technology,9438,REIMBURSEMENT - AIM,0,0,100000
LOCAL,0200,Water Fund,38,Department of Asset and Information Management,2126,Bureau of Facility Management,0125,OFFICE AND BUILDING SERVICES,239361,239361,445780
LOCAL,0200,Water Fund,38,Department of Asset and Information Management,2126,Bureau of Facility Management,0140,PROFESSIONAL AND TECHNICAL SERVICES,0,0,88627
LOCAL,0200,Water Fund,38,Department of Asset and Information Management,2126,Bureau of Facility Management,0313,CLEANING AND SANITATION SUPPLIES,6274,6274,6462
LOCAL,0200,Water Fund,38,Department of Asset and Information Management,2131,Bureau of Asset Management,0140,PROFESSIONAL AND TECHNICAL SERVICES,134427,134427,171104
LOCAL,0200,Water Fund,38,Department of Asset and Information Management,2131,Bureau of Asset Management,0155,RENTAL OF PROPERTY,338559,338559,340191
LOCAL,0200,Water Fund,38,Department of Asset and Information Management,2131,Bureau of Asset Management,0315,MOTOR VEHICLE DIESEL FUEL,1261412,1261412,1192193
LOCAL,0200,Water Fund,38,Department of Asset and Information Management,2131,Bureau of Asset Management,0320,GASOLINE,222268,222268,230156
LOCAL,0200,Water Fund,38,Department of Asset and Information Management,2131,Bureau of Asset Management,0322,NATURAL GAS,9486919,9486919,9484761
LOCAL,0200,Water Fund,38,Department of Asset and Information Management,2131,Bureau of Asset Management,0331,ELECTRICITY,12723877,12723877,12329159
LOCAL,0200,Water Fund,38,Department of Asset and Information Management,2140,Bureau of Fleet Operations,0005,SALARIES AND WAGES - ON PAYROLL,4398671,4398671,4421641
LOCAL,0200,Water Fund,38,Department of Asset and Information Management,2140,Bureau of Fleet Operations,0012,CONTRACT WAGE - PREVAILING RATE,44662,44662,45022
LOCAL,0200,Water Fund,38,Department of Asset and Information Management,2140,Bureau of Fleet Operations,0015,SCHEDULE SALARY ADJUSTMENTS,0,0,2093
LOCAL,0200,Water Fund,38,Department of Asset and Information Management,2140,Bureau of Fleet Operations,0020,OVERTIME,120000,120000,120000
LOCAL,0200,Water Fund,38,Department of Asset and Information Management,2140,Bureau of Fleet Operations,0140,PROFESSIONAL AND TECHNICAL SERVICES,325462,325462,395810
LOCAL,0200,Water Fund,38,Department of Asset and Information Management,2140,Bureau of Fleet Operations,0149,SOFTWARE MAINTENANCE AND LICENSING,20134,20134,24253
LOCAL,0200,Water Fund,38,Department of Asset and Information Management,2140,Bureau of Fleet Operations,0161,MAINTENANCE OF FACILITIES,50000,50000,0
LOCAL,0200,Water Fund,38,Department of Asset and Information Management,2140,Bureau of Fleet Operations,0162,REPAIR/MAINT EQUIPMENT,104469,104469,107000
LOCAL,0200,Water Fund,38,Department of Asset and Information Management,2140,Bureau of Fleet Operations,0176,MAINTENANCE AND OPERATION - VEHICLES,219516,219516,207334
LOCAL,0200,Water Fund,38,Department of Asset and Information Management,2140,Bureau of Fleet Operations,0360,REPAIR PARTS AND MATERIAL,1493346,1493346,1796157
LOCAL,0200,Water Fund,38,Department of Asset and Information Management,2145,Bureau of Information Technology,0138,IT MAINTENANCE,0,0,973000
LOCAL,0200,Water Fund,38,Department of Asset and Information Management,2145,Bureau of Information Technology,0139,IT DEVELOPMENT,0,0,820000
LOCAL,0200,Water Fund,38,Department of Asset and Information Management,2145,Bureau of Information Technology,0140,PROFESSIONAL AND TECHNICAL SERVICES,0,0,4716554
LOCAL,0200,Water Fund,38,Department of Asset and Information Management,2145,Bureau of Information Technology,0149,SOFTWARE MAINTENANCE AND LICENSING,0,0,125257
LOCAL,0200,Water Fund,38,Department of Asset and Information Management,2145,Bureau of Information Technology,0197,TELEPHONE - MAINTENANCE,0,0,21593
LOCAL,0300,Vehicle Tax Fund,38,Department of Asset and Information Management,2126,Bureau of Facility Management,0125,OFFICE AND BUILDING SERVICES,470606,470606,896778
LOCAL,0300,Vehicle Tax Fund,38,Department of Asset and Information Management,2126,Bureau of Facility Management,0140,PROFESSIONAL AND TECHNICAL SERVICES,772628,772628,875330
LOCAL,0300,Vehicle Tax Fund,38,Department of Asset and Information Management,2126,Bureau of Facility Management,0313,CLEANING AND SANITATION SUPPLIES,38426,38426,39579
LOCAL,0300,Vehicle Tax Fund,38,Department of Asset and Information Management,2126,Bureau of Facility Management,0340,MATERIAL AND SUPPLIES,300000,300000,300000
LOCAL,0300,Vehicle Tax Fund,38,Department of Asset and Information Management,2131,Bureau of Asset Management,0140,PROFESSIONAL AND TECHNICAL SERVICES,4577666,4577666,4591418
LOCAL,0300,Vehicle Tax Fund,38,Department of Asset and Information Management,2131,Bureau of Asset Management,0155,RENTAL OF PROPERTY,2679005,2679005,2876002
LOCAL,0300,Vehicle Tax Fund,38,Department of Asset and Information Management,2131,Bureau of Asset Management,0315,MOTOR VEHICLE DIESEL FUEL,6067298,6067298,5804601
LOCAL,0300,Vehicle Tax Fund,38,Department of Asset and Information Management,2131,Bureau of Asset Management,0320,GASOLINE,1000146,1000146,1039952
LOCAL,0300,Vehicle Tax Fund,38,Department of Asset and Information Management,2131,Bureau of Asset Management,0322,NATURAL GAS,918846,918846,939899
LOCAL,0300,Vehicle Tax Fund,38,Department of Asset and Information Management,2131,Bureau of Asset Management,0325,ALTERNATIVE FUEL,418864,418864,343043
LOCAL,0300,Vehicle Tax Fund,38,Department of Asset and Information Management,2131,Bureau of Asset Management,0331,ELECTRICITY,1788469,1788469,1853810
LOCAL,0300,Vehicle Tax Fund,38,Department of Asset and Information Management,2140,Bureau of Fleet Operations,0157,RENTAL EQUIPMENT AND SERVICES,3567876,3567876,0
LOCAL,0300,Vehicle Tax Fund,38,Department of Asset and Information Management,2140,Bureau of Fleet Operations,0159,LEASE/PURCHASE EQUIPMENT,0,0,53040
LOCAL,0300,Vehicle Tax Fund,38,Department of Asset and Information Management,2140,Bureau of Fleet Operations,0162,REPAIR/MAINT EQUIPMENT,56000,56000,56000
LOCAL,0310,Motor Fuel Tax Fund,38,Department of Asset and Information Management,2131,Bureau of Asset Management,0332,ELECTRICITY - STREET LIGHTING,14197447,14197447,14659391
LOCAL,0314,Sewer Fund,38,Department of Asset and Information Management,2131,Bureau of Asset Management,0140,PROFESSIONAL AND TECHNICAL SERVICES,96787,96787,123194
LOCAL,0314,Sewer Fund,38,Department of Asset and Information Management,2131,Bureau of Asset Management,0155,RENTAL OF PROPERTY,414788,414788,414788
LOCAL,0314,Sewer Fund,38,Department of Asset and Information Management,2131,Bureau of Asset Management,0315,MOTOR VEHICLE DIESEL FUEL,621292,621292,587200
LOCAL,0314,Sewer Fund,38,Department of Asset and Information Management,2131,Bureau of Asset Management,0320,GASOLINE,213552,213552,221131
LOCAL,0314,Sewer Fund,38,Department of Asset and Information Management,2131,Bureau of Asset Management,0325,ALTERNATIVE FUEL,25214,25214,20650
LOCAL,0314,Sewer Fund,38,Department of Asset and Information Management,2140,Bureau of Fleet Operations,0005,SALARIES AND WAGES - ON PAYROLL,2652773,2652773,2676115
LOCAL,0314,Sewer Fund,38,Department of Asset and Information Management,2140,Bureau of Fleet Operations,0012,CONTRACT WAGE - PREVAILING RATE,29746,29746,29890
LOCAL,0314,Sewer Fund,38,Department of Asset and Information Management,2140,Bureau of Fleet Operations,0020,OVERTIME,60000,60000,60000
LOCAL,0314,Sewer Fund,38,Department of Asset and Information Management,2140,Bureau of Fleet Operations,0140,PROFESSIONAL AND TECHNICAL SERVICES,203747,203747,199670
LOCAL,0314,Sewer Fund,38,Department of Asset and Information Management,2140,Bureau of Fleet Operations,0149,SOFTWARE MAINTENANCE AND LICENSING,20134,20134,12126
LOCAL,0314,Sewer Fund,38,Department of Asset and Information Management,2140,Bureau of Fleet Operations,0161,MAINTENANCE OF FACILITIES,50000,50000,0
LOCAL,0314,Sewer Fund,38,Department of Asset and Information Management,2140,Bureau of Fleet Operations,0162,REPAIR/MAINT EQUIPMENT,107801,107801,107000
LOCAL,0314,Sewer Fund,38,Department of Asset and Information Management,2140,Bureau of Fleet Operations,0176,MAINTENANCE AND OPERATION - VEHICLES,175416,175416,106808
LOCAL,0314,Sewer Fund,38,Department of Asset and Information Management,2140,Bureau of Fleet Operations,0360,REPAIR PARTS AND MATERIAL,754603,754603,899600
LOCAL,0346,Library Fund,38,Department of Asset and Information Management,2126,Bureau of Facility Management,0020,OVERTIME,0,0,340000
LOCAL,0346,Library Fund,38,Department of Asset and Information Management,2126,Bureau of Facility Management,0125,OFFICE AND BUILDING SERVICES,3223143,3223143,4168805
LOCAL,0346,Library Fund,38,Department of Asset and Information Management,2126,Bureau of Facility Management,0140,PROFESSIONAL AND TECHNICAL SERVICES,4356157,4356157,4789915
LOCAL,0346,Library Fund,38,Department of Asset and Information Management,2126,Bureau of Facility Management,0160,REPAIR/MAINT PROPERTY,625000,625000,631000
LOCAL,0346,Library Fund,38,Department of Asset and Information Management,2126,Bureau of Facility Management,0161,MAINTENANCE OF FACILITIES,100000,100000,100000
LOCAL,0346,Library Fund,38,Department of Asset and Information Management,2126,Bureau of Facility Management,0162,REPAIR/MAINT EQUIPMENT,300000,300000,300000
LOCAL,0346,Library Fund,38,Department of Asset and Information Management,2126,Bureau of Facility Management,0313,CLEANING AND SANITATION SUPPLIES,213490,213490,219895
LOCAL,0346,Library Fund,38,Department of Asset and Information Management,2126,Bureau of Facility Management,0340,MATERIAL AND SUPPLIES,570000,570000,670000
LOCAL,0346,Library Fund,38,Department of Asset and Information Management,2131,Bureau of Asset Management,0155,RENTAL OF PROPERTY,1562549,1562549,1590690
LOCAL,0346,Library Fund,38,Department of Asset and Information Management,2131,Bureau of Asset Management,0315,MOTOR VEHICLE DIESEL FUEL,31127,31127,26645
LOCAL,0346,Library Fund,38,Department of Asset and Information Management,2131,Bureau of Asset Management,0320,GASOLINE,7925,7925,9441
LOCAL,0346,Library Fund,38,Department of Asset and Information Management,2131,Bureau of Asset Management,0322,NATURAL GAS,611095,611095,608202
LOCAL,0346,Library Fund,38,Department of Asset and Information Management,2131,Bureau of Asset Management,0331,ELECTRICITY,3161131,3161131,3173378
LOCAL,0346,Library Fund,38,Department of Asset and Information Management,2140,Bureau of Fleet Operations,0176,MAINTENANCE AND OPERATION - VEHICLES,28185,28185,14485
LOCAL,0346,Library Fund,38,Department of Asset and Information Management,2140,Bureau of Fleet Operations,0360,REPAIR PARTS AND MATERIAL,24300,24300,19035
LOCAL,0346,Library Fund,38,Department of Asset and Information Management,2145,Bureau of Information Technology,0005,SALARIES AND WAGES - ON PAYROLL,0,0,1240434
LOCAL,0346,Library Fund,38,Department of Asset and Information Management,2145,Bureau of Information Technology,0015,SCHEDULE SALARY ADJUSTMENTS,0,0,2936
LOCAL,0610,Chicago Midway Airport Fund,38,Department of Asset and Information Management,2131,Bureau of Asset Management,0140,PROFESSIONAL AND TECHNICAL SERVICES,16132,16132,20533
LOCAL,0610,Chicago Midway Airport Fund,38,Department of Asset and Information Management,2131,Bureau of Asset Management,0315,MOTOR VEHICLE DIESEL FUEL,274351,274351,381267
LOCAL,0610,Chicago Midway Airport Fund,38,Department of Asset and Information Management,2131,Bureau of Asset Management,0320,GASOLINE,368368,368368,288201
LOCAL,0610,Chicago Midway Airport Fund,38,Department of Asset and Information Management,2131,Bureau of Asset Management,0322,NATURAL GAS,764612,764612,775979
LOCAL,0610,Chicago Midway Airport Fund,38,Department of Asset and Information Management,2131,Bureau of Asset Management,0331,ELECTRICITY,5825337,5825337,5717547
LOCAL,0610,Chicago Midway Airport Fund,38,Department of Asset and Information Management,2140,Bureau of Fleet Operations,0005,SALARIES AND WAGES - ON PAYROLL,1453854,1453854,1405493
LOCAL,0610,Chicago Midway Airport Fund,38,Department of Asset and Information Management,2140,Bureau of Fleet Operations,0012,CONTRACT WAGE - PREVAILING RATE,13755,13755,13942
LOCAL,0610,Chicago Midway Airport Fund,38,Department of Asset and Information Management,2140,Bureau of Fleet Operations,0020,OVERTIME,115000,115000,115000
LOCAL,0610,Chicago Midway Airport Fund,38,Department of Asset and Information Management,2140,Bureau of Fleet Operations,0140,PROFESSIONAL AND TECHNICAL SERVICES,214000,214000,208480
LOCAL,0610,Chicago Midway Airport Fund,38,Department of Asset and Information Management,2140,Bureau of Fleet Operations,0148,TESTING AND INSPECTING,5890,5890,3800
LOCAL,0610,Chicago Midway Airport Fund,38,Department of Asset and Information Management,2140,Bureau of Fleet Operations,0149,SOFTWARE MAINTENANCE AND LICENSING,5500,5500,15026
LOCAL,0610,Chicago Midway Airport Fund,38,Department of Asset and Information Management,2140,Bureau of Fleet Operations,0162,REPAIR/MAINT EQUIPMENT,72338,72338,22650
LOCAL,0610,Chicago Midway Airport Fund,38,Department of Asset and Information Management,2140,Bureau of Fleet Operations,0176,MAINTENANCE AND OPERATION - VEHICLES,275050,275050,325006
LOCAL,0610,Chicago Midway Airport Fund,38,Department of Asset and Information Management,2140,Bureau of Fleet Operations,0338,LICENSE STICKER TAG AND PLATES,2014,2014,2500
LOCAL,0610,Chicago Midway Airport Fund,38,Department of Asset and Information Management,2140,Bureau of Fleet Operations,0350,STATIONERY AND OFFICE SUPPLIES,846,846,820
LOCAL,0610,Chicago Midway Airport Fund,38,Department of Asset and Information Management,2140,Bureau of Fleet Operations,0360,REPAIR PARTS AND MATERIAL,657795,657795,717791
LOCAL,0610,Chicago Midway Airport Fund,38,Department of Asset and Information Management,2140,Bureau of Fleet Operations,0440,MACHINERY AND EQUIPMENT,30690,30690,21011
LOCAL,0610,Chicago Midway Airport Fund,38,Department of Asset and Information Management,2140,Bureau of Fleet Operations,0450,VEHICLES,380000,380000,380000
LOCAL,0740,Chicago O'Hare Airport Fund,38,Department of Asset and Information Management,2131,Bureau of Asset Management,0140,PROFESSIONAL AND TECHNICAL SERVICES,32262,32262,41064
LOCAL,0740,Chicago O'Hare Airport Fund,38,Department of Asset and Information Management,2131,Bureau of Asset Management,0155,RENTAL OF PROPERTY,423190,423190,443359
LOCAL,0740,Chicago O'Hare Airport Fund,38,Department of Asset and Information Management,2131,Bureau of Asset Management,0315,MOTOR VEHICLE DIESEL FUEL,1032081,1032081,2446732
LOCAL,0740,Chicago O'Hare Airport Fund,38,Department of Asset and Information Management,2131,Bureau of Asset Management,0320,GASOLINE,859525,859525,928579
LOCAL,0740,Chicago O'Hare Airport Fund,38,Department of Asset and Information Management,2131,Bureau of Asset Management,0322,NATURAL GAS,4596401,4596401,4610668
LOCAL,0740,Chicago O'Hare Airport Fund,38,Department of Asset and Information Management,2131,Bureau of Asset Management,0325,ALTERNATIVE FUEL,23518,23518,19261
LOCAL,0740,Chicago O'Hare Airport Fund,38,Department of Asset and Information Management,2131,Bureau of Asset Management,0331,ELECTRICITY,21021991,21021991,20790354
LOCAL,0740,Chicago O'Hare Airport Fund,38,Department of Asset and Information Management,2140,Bureau of Fleet Operations,0005,SALARIES AND WAGES - ON PAYROLL,6916241,6916241,8235027
LOCAL,0740,Chicago O'Hare Airport Fund,38,Department of Asset and Information Management,2140,Bureau of Fleet Operations,0012,CONTRACT WAGE - PREVAILING RATE,74501,74501,91865
LOCAL,0740,Chicago O'Hare Airport Fund,38,Department of Asset and Information Management,2140,Bureau of Fleet Operations,0015,SCHEDULE SALARY ADJUSTMENTS,3331,3331,6231
LOCAL,0740,Chicago O'Hare Airport Fund,38,Department of Asset and Information Management,2140,Bureau of Fleet Operations,0020,OVERTIME,700000,700000,700000
LOCAL,0740,Chicago O'Hare Airport Fund,38,Department of Asset and Information Management,2140,Bureau of Fleet Operations,0140,PROFESSIONAL AND TECHNICAL SERVICES,765000,765000,925000
LOCAL,0740,Chicago O'Hare Airport Fund,38,Department of Asset and Information Management,2140,Bureau of Fleet Operations,0148,TESTING AND INSPECTING,9670,9670,6800
LOCAL,0740,Chicago O'Hare Airport Fund,38,Department of Asset and Information Management,2140,Bureau of Fleet Operations,0149,SOFTWARE MAINTENANCE AND LICENSING,46244,46244,52722
LOCAL,0740,Chicago O'Hare Airport Fund,38,Department of Asset and Information Management,2140,Bureau of Fleet Operations,0162,REPAIR/MAINT EQUIPMENT,375655,375655,363638
LOCAL,0740,Chicago O'Hare Airport Fund,38,Department of Asset and Information Management,2140,Bureau of Fleet Operations,0176,MAINTENANCE AND OPERATION - VEHICLES,1168127,1168127,1248421
LOCAL,0740,Chicago O'Hare Airport Fund,38,Department of Asset and Information Management,2140,Bureau of Fleet Operations,0338,LICENSE STICKER TAG AND PLATES,10200,10200,6798
LOCAL,0740,Chicago O'Hare Airport Fund,38,Department of Asset and Information Management,2140,Bureau of Fleet Operations,0350,STATIONERY AND OFFICE SUPPLIES,1034,1034,955
LOCAL,0740,Chicago O'Hare Airport Fund,38,Department of Asset and Information Management,2140,Bureau of Fleet Operations,0360,REPAIR PARTS AND MATERIAL,2669850,2669850,3151567
LOCAL,0740,Chicago O'Hare Airport Fund,38,Department of Asset and Information Management,2140,Bureau of Fleet Operations,0440,MACHINERY AND EQUIPMENT,38000,38000,32771
LOCAL,0100,Corporate Fund,39,Board of Election Commissioners,2005,Election and Administration Division,0005,SALARIES AND WAGES - ON PAYROLL,6020740,6020740,5953791
LOCAL,0100,Corporate Fund,39,Board of Election Commissioners,2005,Election and Administration Division,0020,OVERTIME,499800,499800,499800
LOCAL,0100,Corporate Fund,39,Board of Election Commissioners,2005,Election and Administration Division,0055,EXTRA HIRE,12503094,12503094,1356280
LOCAL,0100,Corporate Fund,39,Board of Election Commissioners,2005,Election and Administration Division,0130,POSTAGE,973515,973515,245905
LOCAL,0100,Corporate Fund,39,Board of Election Commissioners,2005,Election and Administration Division,0138,IT MAINTENANCE,1865188,1735188,640084
LOCAL,0100,Corporate Fund,39,Board of Election Commissioners,2005,Election and Administration Division,0140,PROFESSIONAL AND TECHNICAL SERVICES,906388,906388,725760
LOCAL,0100,Corporate Fund,39,Board of Election Commissioners,2005,Election and Administration Division,0143,COURT REPORTING,437000,235000,21480
LOCAL,0100,Corporate Fund,39,Board of Election Commissioners,2005,Election and Administration Division,0145,LEGAL EXPENSES,2612810,2487810,1840090
LOCAL,0100,Corporate Fund,39,Board of Election Commissioners,2005,Election and Administration Division,0149,SOFTWARE MAINTENANCE AND LICENSING,1014453,1104453,1343431
LOCAL,0100,Corporate Fund,39,Board of Election Commissioners,2005,Election and Administration Division,0150,OUTSIDE GRAPHIC SERVICES,971945,1226945,101220
LOCAL,0100,Corporate Fund,39,Board of Election Commissioners,2005,Election and Administration Division,0152,ADVERTISING,210600,210600,28000
LOCAL,0100,Corporate Fund,39,Board of Election Commissioners,2005,Election and Administration Division,0154,RENTAL-DATA HARDWARE EQUIPMENT,94168,94168,102598
LOCAL,0100,Corporate Fund,39,Board of Election Commissioners,2005,Election and Administration Division,0155,RENTAL OF PROPERTY,1106586,1106586,780518
LOCAL,0100,Corporate Fund,39,Board of Election Commissioners,2005,Election and Administration Division,0157,RENTAL EQUIPMENT AND SERVICES,647201,647201,62797
LOCAL,0100,Corporate Fund,39,Board of Election Commissioners,2005,Election and Administration Division,0159,LEASE/PURCHASE EQUIPMENT,333435,333435,2447596
LOCAL,0100,Corporate Fund,39,Board of Election Commissioners,2005,Election and Administration Division,0162,REPAIR/MAINT EQUIPMENT,285484,285484,265419
LOCAL,0100,Corporate Fund,39,Board of Election Commissioners,2005,Election and Administration Division,0166,"DUES, SUBSCRIPTIONS AND MEMBERSHIPS",5841,5841,5925
LOCAL,0100,Corporate Fund,39,Board of Election Commissioners,2005,Election and Administration Division,0169,TECHNICAL MEETING COSTS,55420,55420,55420
LOCAL,0100,Corporate Fund,39,Board of Election Commissioners,2005,Election and Administration Division,0172,INSURANCE PREMIUMS,1350,1350,1410
LOCAL,0100,Corporate Fund,39,Board of Election Commissioners,2005,Election and Administration Division,0178,FREIGHT AND EXPRESS CHARGES,1653200,1765200,4860
LOCAL,0100,Corporate Fund,39,Board of Election Commissioners,2005,Election and Administration Division,0181,MOBILE COMMUNICATION SERVICES,665000,665000,568725
LOCAL,0100,Corporate Fund,39,Board of Election Commissioners,2005,Election and Administration Division,0190,TELEPHONE - CENTREX BILLINGS,539201,539201,582747
LOCAL,0100,Corporate Fund,39,Board of Election Commissioners,2005,Election and Administration Division,0229,TRANSPORTATION AND EXPENSE ALLOWANCE,12350,12350,12970
LOCAL,0100,Corporate Fund,39,Board of Election Commissioners,2005,Election and Administration Division,0245,REIMBURSEMENT TO TRAVELERS,3550,3550,3550
LOCAL,0100,Corporate Fund,39,Board of Election Commissioners,2005,Election and Administration Division,0270,LOCAL TRANSPORTATION,48900,48900,13000
LOCAL,0100,Corporate Fund,39,Board of Election Commissioners,2005,Election and Administration Division,0340,MATERIAL AND SUPPLIES,594550,594550,573910
LOCAL,0100,Corporate Fund,39,Board of Election Commissioners,2005,Election and Administration Division,0350,STATIONERY AND OFFICE SUPPLIES,124600,124600,148380
LOCAL,0100,Corporate Fund,41,Department of Public Health,1005,Department of Public Health,0005,SALARIES AND WAGES - ON PAYROLL,16938725,16938725,18678112
LOCAL,0100,Corporate Fund,41,Department of Public Health,1005,Department of Public Health,0011,CONTRACT WAGE - SALARY,97605,97605,14058
LOCAL,0100,Corporate Fund,41,Department of Public Health,1005,Department of Public Health,0015,SCHEDULE SALARY ADJUSTMENTS,85432,85432,90938
LOCAL,0100,Corporate Fund,41,Department of Public Health,1005,Department of Public Health,0020,OVERTIME,76850,76850,80810
LOCAL,0100,Corporate Fund,41,Department of Public Health,1005,Department of Public Health,0050,STIPENDS,43700,43700,43700
LOCAL,0100,Corporate Fund,41,Department of Public Health,1005,Department of Public Health,0091,UNIFORM ALLOWANCE,12500,12500,11900
LOCAL,0100,Corporate Fund,41,Department of Public Health,1005,Department of Public Health,0125,OFFICE AND BUILDING SERVICES,142090,142090,142090
LOCAL,0100,Corporate Fund,41,Department of Public Health,1005,Department of Public Health,0130,POSTAGE,20099,20099,21000
LOCAL,0100,Corporate Fund,41,Department of Public Health,1005,Department of Public Health,0135,DELEGATE AGENCIES,14212290,14212290,14115370
LOCAL,0100,Corporate Fund,41,Department of Public Health,1005,Department of Public Health,0140,PROFESSIONAL AND TECHNICAL SERVICES,2292794,2292794,12233799
LOCAL,0100,Corporate Fund,41,Department of Public Health,1005,Department of Public Health,0148,TESTING AND INSPECTING,2000,2000,2000
LOCAL,0100,Corporate Fund,41,Department of Public Health,1005,Department of Public Health,0149,SOFTWARE MAINTENANCE AND LICENSING,24315,24315,23475
LOCAL,0100,Corporate Fund,41,Department of Public Health,1005,Department of Public Health,0150,OUTSIDE GRAPHIC SERVICES,70000,70000,70000
LOCAL,0100,Corporate Fund,41,Department of Public Health,1005,Department of Public Health,0152,ADVERTISING,55000,55000,0
LOCAL,0100,Corporate Fund,41,Department of Public Health,1005,Department of Public Health,0159,LEASE/PURCHASE EQUIPMENT,153173,153173,153000
LOCAL,0100,Corporate Fund,41,Department of Public Health,1005,Department of Public Health,0162,REPAIR/MAINT EQUIPMENT,17300,17300,17300
LOCAL,0100,Corporate Fund,41,Department of Public Health,1005,Department of Public Health,0166,"DUES, SUBSCRIPTIONS AND MEMBERSHIPS",82534,82534,84174
LOCAL,0100,Corporate Fund,41,Department of Public Health,1005,Department of Public Health,0169,TECHNICAL MEETING COSTS,18676,18676,99086
LOCAL,0100,Corporate Fund,41,Department of Public Health,1005,Department of Public Health,0179,MESSENGER SERVICES,5000,5000,5000
LOCAL,0100,Corporate Fund,41,Department of Public Health,1005,Department of Public Health,0181,MOBILE COMMUNICATION SERVICES,211884,211884,210840
LOCAL,0100,Corporate Fund,41,Department of Public Health,1005,Department of Public Health,0189,TELEPHONE - NON-CENTREX BILLINGS,12000,12000,12000
LOCAL,0100,Corporate Fund,41,Department of Public Health,1005,Department of Public Health,0190,TELEPHONE - CENTREX BILLINGS,116300,116300,129000
LOCAL,0100,Corporate Fund,41,Department of Public Health,1005,Department of Public Health,0196,DATA CIRCUITS,230000,230000,0
LOCAL,0100,Corporate Fund,41,Department of Public Health,1005,Department of Public Health,0197,TELEPHONE - MAINTENANCE,12235,12235,12235
LOCAL,0100,Corporate Fund,41,Department of Public Health,1005,Department of Public Health,0229,TRANSPORTATION AND EXPENSE ALLOWANCE,0,0,1500
LOCAL,0100,Corporate Fund,41,Department of Public Health,1005,Department of Public Health,0245,REIMBURSEMENT TO TRAVELERS,5400,5400,22629
LOCAL,0100,Corporate Fund,41,Department of Public Health,1005,Department of Public Health,0270,LOCAL TRANSPORTATION,3150,3150,3150
LOCAL,0100,Corporate Fund,41,Department of Public Health,1005,Department of Public Health,0319,CLOTHING,0,0,15750
LOCAL,0100,Corporate Fund,41,Department of Public Health,1005,Department of Public Health,0330,FOOD,5500,5500,5720
LOCAL,0100,Corporate Fund,41,Department of Public Health,1005,Department of Public Health,0340,MATERIAL AND SUPPLIES,18920,18920,28499
LOCAL,0100,Corporate Fund,41,Department of Public Health,1005,Department of Public Health,0342,DRUGS  MEDICINE AND CHEMICAL MATERIALS,1013092,1013092,795192
LOCAL,0100,Corporate Fund,41,Department of Public Health,1005,Department of Public Health,0350,STATIONERY AND OFFICE SUPPLIES,20000,20000,33000
LOCAL,0100,Corporate Fund,41,Department of Public Health,1005,Department of Public Health,0445,TECHNICAL AND SCIENTIFIC EQUIPMENT,3010,3010,3010
LOCAL,0100,Corporate Fund,41,Department of Public Health,1005,Department of Public Health,0446,PURCHASE - DATA HARDWARE,1640,1640,1640
LOCAL,0100,Corporate Fund,41,Department of Public Health,1005,Department of Public Health,9254,VIOLENCE REDUCTION PROGRAM,0,0,8000000
LOCAL,0100,Corporate Fund,41,Department of Public Health,1005,Department of Public Health,9438,REIMBURSEMENT - AIM,0,0,85000
LOCAL,0100,Corporate Fund,45,Commission on Human Relations,2005,Commission on Human Relations,0005,SALARIES AND WAGES - ON PAYROLL,1066589,1066589,1012633
LOCAL,0100,Corporate Fund,45,Commission on Human Relations,2005,Commission on Human Relations,0015,SCHEDULE SALARY ADJUSTMENTS,1404,1404,2691
LOCAL,0100,Corporate Fund,45,Commission on Human Relations,2005,Commission on Human Relations,0130,POSTAGE,3000,3000,3000
LOCAL,0100,Corporate Fund,45,Commission on Human Relations,2005,Commission on Human Relations,0138,IT MAINTENANCE,7200,7200,0
LOCAL,0100,Corporate Fund,45,Commission on Human Relations,2005,Commission on Human Relations,0140,PROFESSIONAL AND TECHNICAL SERVICES,47700,47700,35767
LOCAL,0100,Corporate Fund,45,Commission on Human Relations,2005,Commission on Human Relations,0143,COURT REPORTING,7160,7160,5000
LOCAL,0100,Corporate Fund,45,Commission on Human Relations,2005,Commission on Human Relations,0159,LEASE/PURCHASE EQUIPMENT,4994,4994,4994
LOCAL,0100,Corporate Fund,45,Commission on Human Relations,2005,Commission on Human Relations,0166,"DUES, SUBSCRIPTIONS AND MEMBERSHIPS",5290,5290,14194
LOCAL,0100,Corporate Fund,45,Commission on Human Relations,2005,Commission on Human Relations,0169,TECHNICAL MEETING COSTS,3000,3000,1500
LOCAL,0100,Corporate Fund,45,Commission on Human Relations,2005,Commission on Human Relations,0190,TELEPHONE - CENTREX BILLINGS,3000,3000,1926
LOCAL,0100,Corporate Fund,45,Commission on Human Relations,2005,Commission on Human Relations,0197,TELEPHONE - MAINTENANCE,345,345,345
LOCAL,0100,Corporate Fund,45,Commission on Human Relations,2005,Commission on Human Relations,0245,REIMBURSEMENT TO TRAVELERS,3000,3000,4418
LOCAL,0100,Corporate Fund,45,Commission on Human Relations,2005,Commission on Human Relations,0270,LOCAL TRANSPORTATION,800,800,800
LOCAL,0100,Corporate Fund,45,Commission on Human Relations,2005,Commission on Human Relations,0350,STATIONERY AND OFFICE SUPPLIES,2500,2500,2500
LOCAL,0100,Corporate Fund,45,Commission on Human Relations,2005,Commission on Human Relations,0424,FURNITURE AND FURNISHINGS,0,0,1500
LOCAL,0100,Corporate Fund,48,Mayor's Office for People with Disabilities,2005,Mayor's Office for People with Disabilities,0005,SALARIES AND WAGES - ON PAYROLL,1264115,1264115,1250745
LOCAL,0100,Corporate Fund,48,Mayor's Office for People with Disabilities,2005,Mayor's Office for People with Disabilities,0015,SCHEDULE SALARY ADJUSTMENTS,4265,4265,2662
LOCAL,0100,Corporate Fund,48,Mayor's Office for People with Disabilities,2005,Mayor's Office for People with Disabilities,0039,STUDENT AS TRAINEES,7525,7525,7525
LOCAL,0100,Corporate Fund,48,Mayor's Office for People with Disabilities,2005,Mayor's Office for People with Disabilities,0130,POSTAGE,1683,1683,1200
LOCAL,0100,Corporate Fund,48,Mayor's Office for People with Disabilities,2005,Mayor's Office for People with Disabilities,0135,DELEGATE AGENCIES,200000,200000,400000
LOCAL,0100,Corporate Fund,48,Mayor's Office for People with Disabilities,2005,Mayor's Office for People with Disabilities,0140,PROFESSIONAL AND TECHNICAL SERVICES,25409,25409,105494
LOCAL,0100,Corporate Fund,48,Mayor's Office for People with Disabilities,2005,Mayor's Office for People with Disabilities,0152,ADVERTISING,0,0,25000
LOCAL,0100,Corporate Fund,48,Mayor's Office for People with Disabilities,2005,Mayor's Office for People with Disabilities,0155,RENTAL OF PROPERTY,0,0,13250
LOCAL,0100,Corporate Fund,48,Mayor's Office for People with Disabilities,2005,Mayor's Office for People with Disabilities,0157,RENTAL EQUIPMENT AND SERVICES,14796,14796,14796
LOCAL,0100,Corporate Fund,48,Mayor's Office for People with Disabilities,2005,Mayor's Office for People with Disabilities,0159,LEASE/PURCHASE EQUIPMENT,16572,16572,16572
LOCAL,0100,Corporate Fund,48,Mayor's Office for People with Disabilities,2005,Mayor's Office for People with Disabilities,0162,REPAIR/MAINT EQUIPMENT,775,775,775
LOCAL,0100,Corporate Fund,48,Mayor's Office for People with Disabilities,2005,Mayor's Office for People with Disabilities,0169,TECHNICAL MEETING COSTS,3580,3580,3580
LOCAL,0100,Corporate Fund,48,Mayor's Office for People with Disabilities,2005,Mayor's Office for People with Disabilities,0181,MOBILE COMMUNICATION SERVICES,1868,1868,1872
LOCAL,0100,Corporate Fund,48,Mayor's Office for People with Disabilities,2005,Mayor's Office for People with Disabilities,0190,TELEPHONE - CENTREX BILLINGS,10056,10056,5889
LOCAL,0100,Corporate Fund,48,Mayor's Office for People with Disabilities,2005,Mayor's Office for People with Disabilities,0197,TELEPHONE - MAINTENANCE,920,920,775
LOCAL,0100,Corporate Fund,48,Mayor's Office for People with Disabilities,2005,Mayor's Office for People with Disabilities,0245,REIMBURSEMENT TO TRAVELERS,2234,2234,2234
LOCAL,0100,Corporate Fund,48,Mayor's Office for People with Disabilities,2005,Mayor's Office for People with Disabilities,0270,LOCAL TRANSPORTATION,9774,9774,10874
LOCAL,0100,Corporate Fund,48,Mayor's Office for People with Disabilities,2005,Mayor's Office for People with Disabilities,0312,SOFTWARE PURCHASES,0,0,3000
LOCAL,0100,Corporate Fund,48,Mayor's Office for People with Disabilities,2005,Mayor's Office for People with Disabilities,0340,MATERIAL AND SUPPLIES,1199,1199,8199
LOCAL,0100,Corporate Fund,48,Mayor's Office for People with Disabilities,2005,Mayor's Office for People with Disabilities,0350,STATIONERY AND OFFICE SUPPLIES,7387,7387,7387
LOCAL,0100,Corporate Fund,48,Mayor's Office for People with Disabilities,2005,Mayor's Office for People with Disabilities,9438,REIMBURSEMENT - AIM,23000,23000,46000
LOCAL,0100,Corporate Fund,50,Department of Family and Support Services,2005,Department of Family and Support Services,0005,SALARIES AND WAGES - ON PAYROLL,6955963,6955963,8893408
LOCAL,0100,Corporate Fund,50,Department of Family and Support Services,2005,Department of Family and Support Services,0015,SCHEDULE SALARY ADJUSTMENTS,38989,38989,42340
LOCAL,0100,Corporate Fund,50,Department of Family and Support Services,2005,Department of Family and Support Services,0125,OFFICE AND BUILDING SERVICES,31497,31497,18490
LOCAL,0100,Corporate Fund,50,Department of Family and Support Services,2005,Department of Family and Support Services,0130,POSTAGE,2000,13000,13000
LOCAL,0100,Corporate Fund,50,Department of Family and Support Services,2005,Department of Family and Support Services,0135,DELEGATE AGENCIES,1325000,1314000,1350000
LOCAL,0100,Corporate Fund,50,Department of Family and Support Services,2005,Department of Family and Support Services,0138,IT MAINTENANCE,0,0,25000
LOCAL,0100,Corporate Fund,50,Department of Family and Support Services,2005,Department of Family and Support Services,0140,PROFESSIONAL AND TECHNICAL SERVICES,365466,365466,490000
LOCAL,0100,Corporate Fund,50,Department of Family and Support Services,2005,Department of Family and Support Services,0149,SOFTWARE MAINTENANCE AND LICENSING,0,0,8200
LOCAL,0100,Corporate Fund,50,Department of Family and Support Services,2005,Department of Family and Support Services,0152,ADVERTISING,2136,2136,2180
LOCAL,0100,Corporate Fund,50,Department of Family and Support Services,2005,Department of Family and Support Services,0159,LEASE/PURCHASE EQUIPMENT,45457,45457,30000
LOCAL,0100,Corporate Fund,50,Department of Family and Support Services,2005,Department of Family and Support Services,0166,"DUES, SUBSCRIPTIONS AND MEMBERSHIPS",11479,11479,14824
LOCAL,0100,Corporate Fund,50,Department of Family and Support Services,2005,Department of Family and Support Services,0169,TECHNICAL MEETING COSTS,29560,29560,40000
LOCAL,0100,Corporate Fund,50,Department of Family and Support Services,2005,Department of Family and Support Services,0181,MOBILE COMMUNICATION SERVICES,32220,32220,34698
LOCAL,0100,Corporate Fund,50,Department of Family and Support Services,2005,Department of Family and Support Services,0190,TELEPHONE - CENTREX BILLINGS,40100,40100,37000
LOCAL,0100,Corporate Fund,50,Department of Family and Support Services,2005,Department of Family and Support Services,0196,DATA CIRCUITS,46220,46220,46220
LOCAL,0100,Corporate Fund,50,Department of Family and Support Services,2005,Department of Family and Support Services,0197,TELEPHONE - MAINTENANCE,4300,4300,4300
LOCAL,0100,Corporate Fund,50,Department of Family and Support Services,2005,Department of Family and Support Services,0229,TRANSPORTATION AND EXPENSE ALLOWANCE,0,0,500
LOCAL,0100,Corporate Fund,50,Department of Family and Support Services,2005,Department of Family and Support Services,0245,REIMBURSEMENT TO TRAVELERS,4000,4000,5000
LOCAL,0100,Corporate Fund,50,Department of Family and Support Services,2005,Department of Family and Support Services,0270,LOCAL TRANSPORTATION,800,800,300
LOCAL,0100,Corporate Fund,50,Department of Family and Support Services,2005,Department of Family and Support Services,0340,MATERIAL AND SUPPLIES,5310,5310,14500
LOCAL,0100,Corporate Fund,50,Department of Family and Support Services,2005,Department of Family and Support Services,0350,STATIONERY AND OFFICE SUPPLIES,17150,17150,11399
LOCAL,0100,Corporate Fund,50,Department of Family and Support Services,2005,Department of Family and Support Services,9143,WORKFORCE SERVICES  TARGET POPULATION,1900000,1900000,1796000
LOCAL,0100,Corporate Fund,50,Department of Family and Support Services,2005,Department of Family and Support Services,9204,YOUTH MENTORING PROGRAMS,7414700,7414700,7414700
LOCAL,0100,Corporate Fund,50,Department of Family and Support Services,2005,Department of Family and Support Services,9241,COMMUNITY NAVIGATOR SERVICES,0,0,1000000
LOCAL,0100,Corporate Fund,50,Department of Family and Support Services,2005,Department of Family and Support Services,9253,EARLY CHILDHOOD EDUCATION PROGRAM,15075000,15075000,15075000
LOCAL,0100,Corporate Fund,50,Department of Family and Support Services,2005,Department of Family and Support Services,9254,VIOLENCE REDUCTION PROGRAM,5694025,5694025,6594025
LOCAL,0100,Corporate Fund,50,Department of Family and Support Services,2005,Department of Family and Support Services,9255,HOMELESS SERVICES FOR YOUTH,1540979,1540979,1540979
LOCAL,0100,Corporate Fund,50,Department of Family and Support Services,2005,Department of Family and Support Services,9259,SUMMER PROGRAMS,17663403,17663403,20215635
LOCAL,0100,Corporate Fund,50,Department of Family and Support Services,2005,Department of Family and Support Services,9260,AFTER SCHOOL PROGRAMS,17167176,17167176,15917176
LOCAL,0100,Corporate Fund,50,Department of Family and Support Services,2005,Department of Family and Support Services,9261,CHILDREN'S ADVOCACY CENTER,900000,900000,1050000
LOCAL,0100,Corporate Fund,50,Department of Family and Support Services,2005,Department of Family and Support Services,9262,EITC,850000,850000,850000
LOCAL,0100,Corporate Fund,50,Department of Family and Support Services,2005,Department of Family and Support Services,9263,HOMELESS SERVICES,9593069,9593069,8643069
LOCAL,0100,Corporate Fund,50,Department of Family and Support Services,2005,Department of Family and Support Services,9290,HOMELESS SUPPORTIVE SERVICES,3100000,3100000,0
LOCAL,0100,Corporate Fund,50,Department of Family and Support Services,2005,Department of Family and Support Services,9291,LEGAL PROTECTION FUND,0,0,1550000
LOCAL,0100,Corporate Fund,50,Department of Family and Support Services,2005,Department of Family and Support Services,9438,REIMBURSEMENT - AIM,214856,214856,154105
LOCAL,0B39,Human Capital Innovation Fund,50,Department of Family and Support Services,2005,Department of Family and Support Services,9143,WORKFORCE SERVICES  TARGET POPULATION,177000,177000,0
LOCAL,0B39,Human Capital Innovation Fund,50,Department of Family and Support Services,2005,Department of Family and Support Services,9204,YOUTH MENTORING PROGRAMS,1991000,1991000,1551000
LOCAL,0B39,Human Capital Innovation Fund,50,Department of Family and Support Services,2005,Department of Family and Support Services,9254,VIOLENCE REDUCTION PROGRAM,340000,340000,340000
LOCAL,0B39,Human Capital Innovation Fund,50,Department of Family and Support Services,2005,Department of Family and Support Services,9259,SUMMER PROGRAMS,500000,500000,0
LOCAL,0B39,Human Capital Innovation Fund,50,Department of Family and Support Services,2005,Department of Family and Support Services,9260,AFTER SCHOOL PROGRAMS,1000000,1000000,283000
LOCAL,0B40,Houseshare Surcharge - Homeless Services Fund,50,Department of Family and Support Services,2005,Department of Family and Support Services,9263,HOMELESS SERVICES,0,0,5138000
LOCAL,0B43,Houseshare Surcharge - Domestic Violence Fund,50,Department of Family and Support Services,2005,Department of Family and Support Services,0135,DELEGATE AGENCIES,0,0,3155000
LOCAL,0100,Corporate Fund,51,Office of Public Safety Administration,2005,Office of Public Safety Administration,0005,SALARIES AND WAGES - ON PAYROLL,0,0,19109814
LOCAL,0100,Corporate Fund,51,Office of Public Safety Administration,2005,Office of Public Safety Administration,0011,CONTRACT WAGE - SALARY,0,0,5752
LOCAL,0100,Corporate Fund,51,Office of Public Safety Administration,2005,Office of Public Safety Administration,0012,CONTRACT WAGE - PREVAILING RATE,0,0,2401
LOCAL,0100,Corporate Fund,51,Office of Public Safety Administration,2005,Office of Public Safety Administration,0015,SCHEDULE SALARY ADJUSTMENTS,0,0,108773
LOCAL,0100,Corporate Fund,51,Office of Public Safety Administration,2005,Office of Public Safety Administration,0140,PROFESSIONAL AND TECHNICAL SERVICES,0,0,100000
LOCAL,0100,Corporate Fund,51,Office of Public Safety Administration,2005,Office of Public Safety Administration,0181,MOBILE COMMUNICATION SERVICES,0,0,20000
LOCAL,0100,Corporate Fund,51,Office of Public Safety Administration,2005,Office of Public Safety Administration,0350,STATIONERY AND OFFICE SUPPLIES,0,0,100000
LOCAL,0353,Emergency Communication Fund,51,Office of Public Safety Administration,2005,Office of Public Safety Administration,0005,SALARIES AND WAGES - ON PAYROLL,0,0,11874840
LOCAL,0353,Emergency Communication Fund,51,Office of Public Safety Administration,2005,Office of Public Safety Administration,0012,CONTRACT WAGE - PREVAILING RATE,0,0,141629
LOCAL,0353,Emergency Communication Fund,51,Office of Public Safety Administration,2005,Office of Public Safety Administration,0015,SCHEDULE SALARY ADJUSTMENTS,0,0,8633
LOCAL,0100,Corporate Fund,54,Department of Planning and Development,2005,Department of Planning and Development,0005,SALARIES AND WAGES - ON PAYROLL,8600185,8600185,8148123
LOCAL,0100,Corporate Fund,54,Department of Planning and Development,2005,Department of Planning and Development,0015,SCHEDULE SALARY ADJUSTMENTS,37629,37629,52575
LOCAL,0100,Corporate Fund,54,Department of Planning and Development,2005,Department of Planning and Development,0020,OVERTIME,20000,20000,20000
LOCAL,0100,Corporate Fund,54,Department of Planning and Development,2005,Department of Planning and Development,0039,STUDENT AS TRAINEES,20000,20000,20000
LOCAL,0100,Corporate Fund,54,Department of Planning and Development,2005,Department of Planning and Development,0050,STIPENDS,62000,62000,77600
LOCAL,0100,Corporate Fund,54,Department of Planning and Development,2005,Department of Planning and Development,0130,POSTAGE,27000,27000,27000
LOCAL,0100,Corporate Fund,54,Department of Planning and Development,2005,Department of Planning and Development,0135,DELEGATE AGENCIES,741223,741223,741223
LOCAL,0100,Corporate Fund,54,Department of Planning and Development,2005,Department of Planning and Development,0138,IT MAINTENANCE,19000,19000,19000
LOCAL,0100,Corporate Fund,54,Department of Planning and Development,2005,Department of Planning and Development,0140,PROFESSIONAL AND TECHNICAL SERVICES,783647,783647,1483547
LOCAL,0100,Corporate Fund,54,Department of Planning and Development,2005,Department of Planning and Development,0141,APPRAISALS,80000,80000,80000
LOCAL,0100,Corporate Fund,54,Department of Planning and Development,2005,Department of Planning and Development,0143,COURT REPORTING,64395,71395,68195
LOCAL,0100,Corporate Fund,54,Department of Planning and Development,2005,Department of Planning and Development,0149,SOFTWARE MAINTENANCE AND LICENSING,58228,51228,58228
LOCAL,0100,Corporate Fund,54,Department of Planning and Development,2005,Department of Planning and Development,0150,OUTSIDE GRAPHIC SERVICES,930,930,930
LOCAL,0100,Corporate Fund,54,Department of Planning and Development,2005,Department of Planning and Development,0152,ADVERTISING,41045,41045,36195
LOCAL,0100,Corporate Fund,54,Department of Planning and Development,2005,Department of Planning and Development,0159,LEASE/PURCHASE EQUIPMENT,41107,41107,41107
LOCAL,0100,Corporate Fund,54,Department of Planning and Development,2005,Department of Planning and Development,0166,"DUES, SUBSCRIPTIONS AND MEMBERSHIPS",6652,6652,6652
LOCAL,0100,Corporate Fund,54,Department of Planning and Development,2005,Department of Planning and Development,0169,TECHNICAL MEETING COSTS,22666,22666,25666
LOCAL,0100,Corporate Fund,54,Department of Planning and Development,2005,Department of Planning and Development,0179,MESSENGER SERVICES,1000,1000,1000
LOCAL,0100,Corporate Fund,54,Department of Planning and Development,2005,Department of Planning and Development,0181,MOBILE COMMUNICATION SERVICES,9600,9600,5800
LOCAL,0100,Corporate Fund,54,Department of Planning and Development,2005,Department of Planning and Development,0190,TELEPHONE - CENTREX BILLINGS,18100,18100,14100
LOCAL,0100,Corporate Fund,54,Department of Planning and Development,2005,Department of Planning and Development,0197,TELEPHONE - MAINTENANCE,1310,1310,860
LOCAL,0100,Corporate Fund,54,Department of Planning and Development,2005,Department of Planning and Development,0229,TRANSPORTATION AND EXPENSE ALLOWANCE,1189,1189,1189
LOCAL,0100,Corporate Fund,54,Department of Planning and Development,2005,Department of Planning and Development,0245,REIMBURSEMENT TO TRAVELERS,5383,5383,5383
LOCAL,0100,Corporate Fund,54,Department of Planning and Development,2005,Department of Planning and Development,0340,MATERIAL AND SUPPLIES,9971,9971,9971
LOCAL,0100,Corporate Fund,54,Department of Planning and Development,2005,Department of Planning and Development,0348,BOOKS AND RELATED MATERIAL,2948,2948,2205
LOCAL,0100,Corporate Fund,54,Department of Planning and Development,2005,Department of Planning and Development,0350,STATIONERY AND OFFICE SUPPLIES,10500,10500,10500
LOCAL,0100,Corporate Fund,54,Department of Planning and Development,2005,Department of Planning and Development,0446,PURCHASE - DATA HARDWARE,17510,17510,17510
LOCAL,0100,Corporate Fund,54,Department of Planning and Development,2005,Department of Planning and Development,9438,REIMBURSEMENT - AIM,86250,86250,30000
LOCAL,0B21,Tax Increment Financing Administration Fund,54,Department of Planning and Development,2005,Department of Planning and Development,0005,SALARIES AND WAGES - ON PAYROLL,3500256,3500256,4020354
LOCAL,0B21,Tax Increment Financing Administration Fund,54,Department of Planning and Development,2005,Department of Planning and Development,0015,SCHEDULE SALARY ADJUSTMENTS,19691,19691,29908
LOCAL,0B21,Tax Increment Financing Administration Fund,54,Department of Planning and Development,2005,Department of Planning and Development,0138,IT MAINTENANCE,120000,124500,120000
LOCAL,0B21,Tax Increment Financing Administration Fund,54,Department of Planning and Development,2005,Department of Planning and Development,0139,IT DEVELOPMENT,0,0,440000
LOCAL,0B21,Tax Increment Financing Administration Fund,54,Department of Planning and Development,2005,Department of Planning and Development,0140,PROFESSIONAL AND TECHNICAL SERVICES,10000,5500,1410000
LOCAL,0B21,Tax Increment Financing Administration Fund,54,Department of Planning and Development,2005,Department of Planning and Development,0166,"DUES, SUBSCRIPTIONS AND MEMBERSHIPS",4275,4275,4275
LOCAL,0B21,Tax Increment Financing Administration Fund,54,Department of Planning and Development,2005,Department of Planning and Development,0169,TECHNICAL MEETING COSTS,13800,13800,13800
LOCAL,0B21,Tax Increment Financing Administration Fund,54,Department of Planning and Development,2005,Department of Planning and Development,0446,PURCHASE - DATA HARDWARE,0,0,24300
LOCAL,0B21,Tax Increment Financing Administration Fund,54,Department of Planning and Development,2005,Department of Planning and Development,9454,REIMBURSEMENT - DPD,125000,125000,125000
LOCAL,0B41,Neighborhood Opportunity Fund,54,Department of Planning and Development,2005,Department of Planning and Development,0005,SALARIES AND WAGES - ON PAYROLL,297334,297334,607815
LOCAL,0B41,Neighborhood Opportunity Fund,54,Department of Planning and Development,2005,Department of Planning and Development,0015,SCHEDULE SALARY ADJUSTMENTS,3420,3420,3264
LOCAL,0B41,Neighborhood Opportunity Fund,54,Department of Planning and Development,2005,Department of Planning and Development,0130,POSTAGE,0,0,2500
LOCAL,0B41,Neighborhood Opportunity Fund,54,Department of Planning and Development,2005,Department of Planning and Development,0139,IT DEVELOPMENT,0,0,40000
LOCAL,0B41,Neighborhood Opportunity Fund,54,Department of Planning and Development,2005,Department of Planning and Development,0140,PROFESSIONAL AND TECHNICAL SERVICES,502072,502072,727350
LOCAL,0B41,Neighborhood Opportunity Fund,54,Department of Planning and Development,2005,Department of Planning and Development,0169,TECHNICAL MEETING COSTS,0,0,2000
LOCAL,0B41,Neighborhood Opportunity Fund,54,Department of Planning and Development,2005,Department of Planning and Development,0446,PURCHASE - DATA HARDWARE,0,0,1000
LOCAL,0B41,Neighborhood Opportunity Fund,54,Department of Planning and Development,2005,Department of Planning and Development,9266,NEIGHBORHOOD OPPORTUNITY,14131011,14131011,40892391
LOCAL,0B41,Neighborhood Opportunity Fund,54,Department of Planning and Development,2005,Department of Planning and Development,9438,REIMBURSEMENT - AIM,0,0,9000
LOCAL,0100,Corporate Fund,55,Police Board,2005,Police Board,0005,SALARIES AND WAGES - ON PAYROLL,177432,177432,179568
LOCAL,0100,Corporate Fund,55,Police Board,2005,Police Board,0015,SCHEDULE SALARY ADJUSTMENTS,1903,1903,0
LOCAL,0100,Corporate Fund,55,Police Board,2005,Police Board,0050,STIPENDS,111000,111000,111000
LOCAL,0100,Corporate Fund,55,Police Board,2005,Police Board,0130,POSTAGE,150,150,0
LOCAL,0100,Corporate Fund,55,Police Board,2005,Police Board,0140,PROFESSIONAL AND TECHNICAL SERVICES,100026,100026,156500
LOCAL,0100,Corporate Fund,55,Police Board,2005,Police Board,0143,COURT REPORTING,70000,70000,85000
LOCAL,0100,Corporate Fund,55,Police Board,2005,Police Board,0157,RENTAL EQUIPMENT AND SERVICES,2400,2400,2400
LOCAL,0100,Corporate Fund,55,Police Board,2005,Police Board,0165,GRAPHIC DESIGN SERV,0,0,1500
LOCAL,0100,Corporate Fund,55,Police Board,2005,Police Board,0166,"DUES, SUBSCRIPTIONS AND MEMBERSHIPS",0,0,500
LOCAL,0100,Corporate Fund,55,Police Board,2005,Police Board,0169,TECHNICAL MEETING COSTS,600,600,600
LOCAL,0100,Corporate Fund,55,Police Board,2005,Police Board,0181,MOBILE COMMUNICATION SERVICES,617,617,617
LOCAL,0100,Corporate Fund,55,Police Board,2005,Police Board,0245,REIMBURSEMENT TO TRAVELERS,1200,1200,1200
LOCAL,0100,Corporate Fund,55,Police Board,2005,Police Board,0270,LOCAL TRANSPORTATION,300,300,300
LOCAL,0100,Corporate Fund,55,Police Board,2005,Police Board,0348,BOOKS AND RELATED MATERIAL,100,100,100
LOCAL,0100,Corporate Fund,55,Police Board,2005,Police Board,0350,STATIONERY AND OFFICE SUPPLIES,250,250,1125
LOCAL,0100,Corporate Fund,57,Chicago Police Department,1005,Chicago Police Department,0003,SCHEDULED WAGE ADJUSTMENTS,1762845,1762845,0
LOCAL,0100,Corporate Fund,57,Chicago Police Department,1005,Chicago Police Department,0005,SALARIES AND WAGES - ON PAYROLL,1195012863,1195012863,1230350211
LOCAL,0100,Corporate Fund,57,Chicago Police Department,1005,Chicago Police Department,0008,PAYMENT RETROACTIVE SALARIES,0,0,31898508
LOCAL,0100,Corporate Fund,57,Chicago Police Department,1005,Chicago Police Department,0011,CONTRACT WAGE - SALARY,487458,487458,937758
LOCAL,0100,Corporate Fund,57,Chicago Police Department,1005,Chicago Police Department,0015,SCHEDULE SALARY ADJUSTMENTS,14959949,14959949,10810147
LOCAL,0100,Corporate Fund,57,Chicago Police Department,1005,Chicago Police Department,0020,OVERTIME,95000000,95000000,91360002
LOCAL,0100,Corporate Fund,57,Chicago Police Department,1005,Chicago Police Department,0021,SWORN/CIVILIAN HOLIDAY PREMIUM PAY,3942818,3942818,3950000
LOCAL,0100,Corporate Fund,57,Chicago Police Department,1005,Chicago Police Department,0022,DUTY AVAILABILITY,40250000,40250000,38767800
LOCAL,0100,Corporate Fund,57,Chicago Police Department,1005,Chicago Police Department,0024,COMPENSATORY TIME PAYMENT,16435725,16435725,16435725
LOCAL,0100,Corporate Fund,57,Chicago Police Department,1005,Chicago Police Department,0027,SUPERVISORS QUARTERLY PAYMENT,9209311,9209311,9300000
LOCAL,0100,Corporate Fund,57,Chicago Police Department,1005,Chicago Police Department,0032,REIMBURSABLE OVERTIME,10400000,10400000,12700000
LOCAL,0100,Corporate Fund,57,Chicago Police Department,1005,Chicago Police Department,0060,SPECIALTY PAY,15000000,15000000,14250000
LOCAL,0100,Corporate Fund,57,Chicago Police Department,1005,Chicago Police Department,0070,TUITION REIMBURSEMENT,7500000,7500000,7500000
LOCAL,0100,Corporate Fund,57,Chicago Police Department,1005,Chicago Police Department,0088,FURLOUGH / COMP TIME BUY-BACK,14305886,14305886,14305886
LOCAL,0100,Corporate Fund,57,Chicago Police Department,1005,Chicago Police Department,0091,UNIFORM ALLOWANCE,21701525,21701525,21701525
LOCAL,0100,Corporate Fund,57,Chicago Police Department,1005,Chicago Police Department,0125,OFFICE AND BUILDING SERVICES,500,500,300
LOCAL,0100,Corporate Fund,57,Chicago Police Department,1005,Chicago Police Department,0130,POSTAGE,195000,195000,195000
LOCAL,0100,Corporate Fund,57,Chicago Police Department,1005,Chicago Police Department,0138,IT MAINTENANCE,2111500,2111500,1756000
LOCAL,0100,Corporate Fund,57,Chicago Police Department,1005,Chicago Police Department,0140,PROFESSIONAL AND TECHNICAL SERVICES,14317419,14317419,4871673
LOCAL,0100,Corporate Fund,57,Chicago Police Department,1005,Chicago Police Department,0145,LEGAL EXPENSES,17000,17000,0
LOCAL,0100,Corporate Fund,57,Chicago Police Department,1005,Chicago Police Department,0148,TESTING AND INSPECTING,1200,1200,0
LOCAL,0100,Corporate Fund,57,Chicago Police Department,1005,Chicago Police Department,0149,SOFTWARE MAINTENANCE AND LICENSING,9144475,9144475,11063987
LOCAL,0100,Corporate Fund,57,Chicago Police Department,1005,Chicago Police Department,0152,ADVERTISING,2400,2400,2400
LOCAL,0100,Corporate Fund,57,Chicago Police Department,1005,Chicago Police Department,0154,RENTAL-DATA HARDWARE EQUIPMENT,760357,760357,760357
LOCAL,0100,Corporate Fund,57,Chicago Police Department,1005,Chicago Police Department,0157,RENTAL EQUIPMENT AND SERVICES,6108763,6108763,6111307
LOCAL,0100,Corporate Fund,57,Chicago Police Department,1005,Chicago Police Department,0161,MAINTENANCE OF FACILITIES,170000,170000,170000
LOCAL,0100,Corporate Fund,57,Chicago Police Department,1005,Chicago Police Department,0162,REPAIR/MAINT EQUIPMENT,362499,362499,358804
LOCAL,0100,Corporate Fund,57,Chicago Police Department,1005,Chicago Police Department,0166,"DUES, SUBSCRIPTIONS AND MEMBERSHIPS",141960,141960,68744
LOCAL,0100,Corporate Fund,57,Chicago Police Department,1005,Chicago Police Department,0169,TECHNICAL MEETING COSTS,301015,301015,313663
LOCAL,0100,Corporate Fund,57,Chicago Police Department,1005,Chicago Police Department,0176,MAINTENANCE AND OPERATION - VEHICLES,3000,3000,0
LOCAL,0100,Corporate Fund,57,Chicago Police Department,1005,Chicago Police Department,0178,FREIGHT AND EXPRESS CHARGES,24000,24000,24000
LOCAL,0100,Corporate Fund,57,Chicago Police Department,1005,Chicago Police Department,0181,MOBILE COMMUNICATION SERVICES,3104507,3104507,3504507
LOCAL,0100,Corporate Fund,57,Chicago Police Department,1005,Chicago Police Department,0185,WASTE DISPOSAL SERVICES,33700,33700,38250
LOCAL,0100,Corporate Fund,57,Chicago Police Department,1005,Chicago Police Department,0189,TELEPHONE - NON-CENTREX BILLINGS,455355,455355,455355
LOCAL,0100,Corporate Fund,57,Chicago Police Department,1005,Chicago Police Department,0190,TELEPHONE - CENTREX BILLINGS,595000,595000,595000
LOCAL,0100,Corporate Fund,57,Chicago Police Department,1005,Chicago Police Department,0196,DATA CIRCUITS,750000,750000,750000
LOCAL,0100,Corporate Fund,57,Chicago Police Department,1005,Chicago Police Department,0197,TELEPHONE - MAINTENANCE,27630,27630,20000
LOCAL,0100,Corporate Fund,57,Chicago Police Department,1005,Chicago Police Department,0245,REIMBURSEMENT TO TRAVELERS,227930,227930,121499
LOCAL,0100,Corporate Fund,57,Chicago Police Department,1005,Chicago Police Department,0270,LOCAL TRANSPORTATION,0,0,1200
LOCAL,0100,Corporate Fund,57,Chicago Police Department,1005,Chicago Police Department,0313,CLEANING AND SANITATION SUPPLIES,381,381,381
LOCAL,0100,Corporate Fund,57,Chicago Police Department,1005,Chicago Police Department,0319,CLOTHING,5000,5000,27175
LOCAL,0100,Corporate Fund,57,Chicago Police Department,1005,Chicago Police Department,0320,GASOLINE,40000,40000,40000
LOCAL,0100,Corporate Fund,57,Chicago Police Department,1005,Chicago Police Department,0330,FOOD,181238,181238,252130
LOCAL,0100,Corporate Fund,57,Chicago Police Department,1005,Chicago Police Department,0338,LICENSE STICKER TAG AND PLATES,750,750,750
LOCAL,0100,Corporate Fund,57,Chicago Police Department,1005,Chicago Police Department,0340,MATERIAL AND SUPPLIES,5367555,5367555,4223016
LOCAL,0100,Corporate Fund,57,Chicago Police Department,1005,Chicago Police Department,0342,DRUGS  MEDICINE AND CHEMICAL MATERIALS,9966,9966,9966
LOCAL,0100,Corporate Fund,57,Chicago Police Department,1005,Chicago Police Department,0345,APPARATUS AND INSTRUMENTS,20111,20111,19311
LOCAL,0100,Corporate Fund,57,Chicago Police Department,1005,Chicago Police Department,0348,BOOKS AND RELATED MATERIAL,15907,15907,18371
LOCAL,0100,Corporate Fund,57,Chicago Police Department,1005,Chicago Police Department,0350,STATIONERY AND OFFICE SUPPLIES,430235,430235,429390
LOCAL,0100,Corporate Fund,57,Chicago Police Department,1005,Chicago Police Department,0360,REPAIR PARTS AND MATERIAL,568494,568494,539968
LOCAL,0100,Corporate Fund,57,Chicago Police Department,1005,Chicago Police Department,0430,LIVESTOCK,36600,36600,36600
LOCAL,0100,Corporate Fund,57,Chicago Police Department,1005,Chicago Police Department,0931,TORT/NON-TORT JUDGMENT,35000000,35000000,82558000
LOCAL,0100,Corporate Fund,57,Chicago Police Department,1005,Chicago Police Department,0937,HOSPITAL//MEDICAL - NOT WORKERS' COMP,19000000,19000000,19000000
LOCAL,0100,Corporate Fund,57,Chicago Police Department,1005,Chicago Police Department,9067,PHYSICAL EXAMS,1667870,1667870,1449375
LOCAL,0100,Corporate Fund,57,Chicago Police Department,1005,Chicago Police Department,9295,CONSENT DECREE,0,0,7538197
LOCAL,0100,Corporate Fund,57,Chicago Police Department,1005,Chicago Police Department,9481,REIMBURSEMENT - DSS,0,0,250000
LOCAL,0610,Chicago Midway Airport Fund,57,Chicago Police Department,1005,Chicago Police Department,0005,SALARIES AND WAGES - ON PAYROLL,6887261,6887261,6777777
LOCAL,0610,Chicago Midway Airport Fund,57,Chicago Police Department,1005,Chicago Police Department,0008,PAYMENT RETROACTIVE SALARIES,0,0,160202
LOCAL,0610,Chicago Midway Airport Fund,57,Chicago Police Department,1005,Chicago Police Department,0015,SCHEDULE SALARY ADJUSTMENTS,10409,10409,8930
LOCAL,0610,Chicago Midway Airport Fund,57,Chicago Police Department,1005,Chicago Police Department,0020,OVERTIME,825000,825000,852479
LOCAL,0610,Chicago Midway Airport Fund,57,Chicago Police Department,1005,Chicago Police Department,0021,SWORN/CIVILIAN HOLIDAY PREMIUM PAY,25750,25750,25750
LOCAL,0610,Chicago Midway Airport Fund,57,Chicago Police Department,1005,Chicago Police Department,0022,DUTY AVAILABILITY,180000,180000,187200
LOCAL,0610,Chicago Midway Airport Fund,57,Chicago Police Department,1005,Chicago Police Department,0024,COMPENSATORY TIME PAYMENT,350000,350000,350000
LOCAL,0610,Chicago Midway Airport Fund,57,Chicago Police Department,1005,Chicago Police Department,0027,SUPERVISORS QUARTERLY PAYMENT,60000,60000,60000
LOCAL,0610,Chicago Midway Airport Fund,57,Chicago Police Department,1005,Chicago Police Department,0060,SPECIALTY PAY,103000,103000,103000
LOCAL,0610,Chicago Midway Airport Fund,57,Chicago Police Department,1005,Chicago Police Department,0070,TUITION REIMBURSEMENT,30000,30000,30000
LOCAL,0610,Chicago Midway Airport Fund,57,Chicago Police Department,1005,Chicago Police Department,0088,FURLOUGH / COMP TIME BUY-BACK,75000,75000,75000
LOCAL,0610,Chicago Midway Airport Fund,57,Chicago Police Department,1005,Chicago Police Department,0091,UNIFORM ALLOWANCE,90000,90000,90000
LOCAL,0610,Chicago Midway Airport Fund,57,Chicago Police Department,1005,Chicago Police Department,0937,HOSPITAL//MEDICAL - NOT WORKERS' COMP,65000,65000,65000
LOCAL,0740,Chicago O'Hare Airport Fund,57,Chicago Police Department,1005,Chicago Police Department,0005,SALARIES AND WAGES - ON PAYROLL,20348652,20348652,20299397
LOCAL,0740,Chicago O'Hare Airport Fund,57,Chicago Police Department,1005,Chicago Police Department,0008,PAYMENT RETROACTIVE SALARIES,0,0,277850
LOCAL,0740,Chicago O'Hare Airport Fund,57,Chicago Police Department,1005,Chicago Police Department,0015,SCHEDULE SALARY ADJUSTMENTS,50888,50888,33068
LOCAL,0740,Chicago O'Hare Airport Fund,57,Chicago Police Department,1005,Chicago Police Department,0020,OVERTIME,2060000,2060000,2100317
LOCAL,0740,Chicago O'Hare Airport Fund,57,Chicago Police Department,1005,Chicago Police Department,0021,SWORN/CIVILIAN HOLIDAY PREMIUM PAY,46350,46350,46350
LOCAL,0740,Chicago O'Hare Airport Fund,57,Chicago Police Department,1005,Chicago Police Department,0022,DUTY AVAILABILITY,558000,558000,570800
LOCAL,0740,Chicago O'Hare Airport Fund,57,Chicago Police Department,1005,Chicago Police Department,0024,COMPENSATORY TIME PAYMENT,1000000,1000000,1000000
LOCAL,0740,Chicago O'Hare Airport Fund,57,Chicago Police Department,1005,Chicago Police Department,0027,SUPERVISORS QUARTERLY PAYMENT,87500,87500,87500
LOCAL,0740,Chicago O'Hare Airport Fund,57,Chicago Police Department,1005,Chicago Police Department,0060,SPECIALTY PAY,190550,190550,190550
LOCAL,0740,Chicago O'Hare Airport Fund,57,Chicago Police Department,1005,Chicago Police Department,0070,TUITION REIMBURSEMENT,60000,60000,60000
LOCAL,0740,Chicago O'Hare Airport Fund,57,Chicago Police Department,1005,Chicago Police Department,0088,FURLOUGH / COMP TIME BUY-BACK,160000,160000,160000
LOCAL,0740,Chicago O'Hare Airport Fund,57,Chicago Police Department,1005,Chicago Police Department,0091,UNIFORM ALLOWANCE,234000,234000,234000
LOCAL,0740,Chicago O'Hare Airport Fund,57,Chicago Police Department,1005,Chicago Police Department,0937,HOSPITAL//MEDICAL - NOT WORKERS' COMP,160000,160000,160000
LOCAL,0994,Controlled Substances Fund,57,Chicago Police Department,1005,Chicago Police Department,0140,PROFESSIONAL AND TECHNICAL SERVICES,100000,100000,100000
LOCAL,0B25,Chicago Police CTA Detail Fund,57,Chicago Police Department,1005,Chicago Police Department,0006,SALARY PROVISION,10754000,10754000,10754000
LOCAL,0100,Corporate Fund,58,Office of Emergency Management and Communications,2705,Office of Emergency Management and Communications,0005,SALARIES AND WAGES - ON PAYROLL,23292589,23292589,22001987
LOCAL,0100,Corporate Fund,58,Office of Emergency Management and Communications,2705,Office of Emergency Management and Communications,0011,CONTRACT WAGE - SALARY,535155,535155,1046787
LOCAL,0100,Corporate Fund,58,Office of Emergency Management and Communications,2705,Office of Emergency Management and Communications,0015,SCHEDULE SALARY ADJUSTMENTS,68874,68874,56345
LOCAL,0100,Corporate Fund,58,Office of Emergency Management and Communications,2705,Office of Emergency Management and Communications,0020,OVERTIME,100000,100000,100000
LOCAL,0100,Corporate Fund,58,Office of Emergency Management and Communications,2705,Office of Emergency Management and Communications,0025,CROSSING GUARDS - VACATION PAYOUT,1100000,1100000,1100000
LOCAL,0100,Corporate Fund,58,Office of Emergency Management and Communications,2705,Office of Emergency Management and Communications,0039,STUDENT AS TRAINEES,21000,21000,21000
LOCAL,0100,Corporate Fund,58,Office of Emergency Management and Communications,2705,Office of Emergency Management and Communications,0091,UNIFORM ALLOWANCE,492250,492250,492250
LOCAL,0100,Corporate Fund,58,Office of Emergency Management and Communications,2705,Office of Emergency Management and Communications,0130,POSTAGE,12000,12000,5000
LOCAL,0100,Corporate Fund,58,Office of Emergency Management and Communications,2705,Office of Emergency Management and Communications,0138,IT MAINTENANCE,0,0,452160
LOCAL,0100,Corporate Fund,58,Office of Emergency Management and Communications,2705,Office of Emergency Management and Communications,0140,PROFESSIONAL AND TECHNICAL SERVICES,6800,6800,17800
LOCAL,0100,Corporate Fund,58,Office of Emergency Management and Communications,2705,Office of Emergency Management and Communications,0152,ADVERTISING,900,900,900
LOCAL,0100,Corporate Fund,58,Office of Emergency Management and Communications,2705,Office of Emergency Management and Communications,0153,PROMOTIONS,550,550,550
LOCAL,0100,Corporate Fund,58,Office of Emergency Management and Communications,2705,Office of Emergency Management and Communications,0154,RENTAL-DATA HARDWARE EQUIPMENT,81600,81600,84000
LOCAL,0100,Corporate Fund,58,Office of Emergency Management and Communications,2705,Office of Emergency Management and Communications,0157,RENTAL EQUIPMENT AND SERVICES,54324,54324,54324
LOCAL,0100,Corporate Fund,58,Office of Emergency Management and Communications,2705,Office of Emergency Management and Communications,0162,REPAIR/MAINT EQUIPMENT,91150,91150,94200
LOCAL,0100,Corporate Fund,58,Office of Emergency Management and Communications,2705,Office of Emergency Management and Communications,0166,"DUES, SUBSCRIPTIONS AND MEMBERSHIPS",1087,1087,1505
LOCAL,0100,Corporate Fund,58,Office of Emergency Management and Communications,2705,Office of Emergency Management and Communications,0178,FREIGHT AND EXPRESS CHARGES,215,215,300
LOCAL,0100,Corporate Fund,58,Office of Emergency Management and Communications,2705,Office of Emergency Management and Communications,0181,MOBILE COMMUNICATION SERVICES,459584,459584,459584
LOCAL,0100,Corporate Fund,58,Office of Emergency Management and Communications,2705,Office of Emergency Management and Communications,0197,TELEPHONE - MAINTENANCE,44280,44280,44280
LOCAL,0100,Corporate Fund,58,Office of Emergency Management and Communications,2705,Office of Emergency Management and Communications,0229,TRANSPORTATION AND EXPENSE ALLOWANCE,85000,85000,90000
LOCAL,0100,Corporate Fund,58,Office of Emergency Management and Communications,2705,Office of Emergency Management and Communications,0245,REIMBURSEMENT TO TRAVELERS,4151,4151,4151
LOCAL,0100,Corporate Fund,58,Office of Emergency Management and Communications,2705,Office of Emergency Management and Communications,0270,LOCAL TRANSPORTATION,800,800,400
LOCAL,0100,Corporate Fund,58,Office of Emergency Management and Communications,2705,Office of Emergency Management and Communications,0319,CLOTHING,87400,87400,79348
LOCAL,0100,Corporate Fund,58,Office of Emergency Management and Communications,2705,Office of Emergency Management and Communications,0340,MATERIAL AND SUPPLIES,17365,17365,17365
LOCAL,0100,Corporate Fund,58,Office of Emergency Management and Communications,2705,Office of Emergency Management and Communications,0348,BOOKS AND RELATED MATERIAL,240,240,250
LOCAL,0100,Corporate Fund,58,Office of Emergency Management and Communications,2705,Office of Emergency Management and Communications,0350,STATIONERY AND OFFICE SUPPLIES,21900,21900,21900
LOCAL,0100,Corporate Fund,58,Office of Emergency Management and Communications,2705,Office of Emergency Management and Communications,0423,COMMUNICATION DEVICES,4500,4500,8000
LOCAL,0353,Emergency Communication Fund,58,Office of Emergency Management and Communications,2705,Office of Emergency Management and Communications,0005,SALARIES AND WAGES - ON PAYROLL,54781875,54781875,46257126
LOCAL,0353,Emergency Communication Fund,58,Office of Emergency Management and Communications,2705,Office of Emergency Management and Communications,0011,CONTRACT WAGE - SALARY,1166102,1166102,2146249
LOCAL,0353,Emergency Communication Fund,58,Office of Emergency Management and Communications,2705,Office of Emergency Management and Communications,0012,CONTRACT WAGE - PREVAILING RATE,148289,148289,25931
LOCAL,0353,Emergency Communication Fund,58,Office of Emergency Management and Communications,2705,Office of Emergency Management and Communications,0015,SCHEDULE SALARY ADJUSTMENTS,401943,401943,275465
LOCAL,0353,Emergency Communication Fund,58,Office of Emergency Management and Communications,2705,Office of Emergency Management and Communications,0020,OVERTIME,6020000,6020000,6020000
LOCAL,0353,Emergency Communication Fund,58,Office of Emergency Management and Communications,2705,Office of Emergency Management and Communications,0091,UNIFORM ALLOWANCE,237000,237000,237000
LOCAL,0353,Emergency Communication Fund,58,Office of Emergency Management and Communications,2705,Office of Emergency Management and Communications,0138,IT MAINTENANCE,17041905,17041905,17146905
LOCAL,0353,Emergency Communication Fund,58,Office of Emergency Management and Communications,2705,Office of Emergency Management and Communications,0139,IT DEVELOPMENT,7500000,6949149,11516627
LOCAL,0353,Emergency Communication Fund,58,Office of Emergency Management and Communications,2705,Office of Emergency Management and Communications,0140,PROFESSIONAL AND TECHNICAL SERVICES,4629069,4629069,4983069
LOCAL,0353,Emergency Communication Fund,58,Office of Emergency Management and Communications,2705,Office of Emergency Management and Communications,0142,ACCOUNTING AND AUDITING,75000,75000,75000
LOCAL,0353,Emergency Communication Fund,58,Office of Emergency Management and Communications,2705,Office of Emergency Management and Communications,0154,RENTAL-DATA HARDWARE EQUIPMENT,4000,4000,2000
LOCAL,0353,Emergency Communication Fund,58,Office of Emergency Management and Communications,2705,Office of Emergency Management and Communications,0157,RENTAL EQUIPMENT AND SERVICES,526272,526272,486272
LOCAL,0353,Emergency Communication Fund,58,Office of Emergency Management and Communications,2705,Office of Emergency Management and Communications,0162,REPAIR/MAINT EQUIPMENT,388000,388000,369000
LOCAL,0353,Emergency Communication Fund,58,Office of Emergency Management and Communications,2705,Office of Emergency Management and Communications,0166,"DUES, SUBSCRIPTIONS AND MEMBERSHIPS",19930,19930,19930
LOCAL,0353,Emergency Communication Fund,58,Office of Emergency Management and Communications,2705,Office of Emergency Management and Communications,0169,TECHNICAL MEETING COSTS,400,400,0
LOCAL,0353,Emergency Communication Fund,58,Office of Emergency Management and Communications,2705,Office of Emergency Management and Communications,0181,MOBILE COMMUNICATION SERVICES,355000,355000,355000
LOCAL,0353,Emergency Communication Fund,58,Office of Emergency Management and Communications,2705,Office of Emergency Management and Communications,0189,TELEPHONE - NON-CENTREX BILLINGS,2636100,2636100,2638500
LOCAL,0353,Emergency Communication Fund,58,Office of Emergency Management and Communications,2705,Office of Emergency Management and Communications,0190,TELEPHONE - CENTREX BILLINGS,380000,380000,380000
LOCAL,0353,Emergency Communication Fund,58,Office of Emergency Management and Communications,2705,Office of Emergency Management and Communications,0196,DATA CIRCUITS,1631000,2181851,1531000
LOCAL,0353,Emergency Communication Fund,58,Office of Emergency Management and Communications,2705,Office of Emergency Management and Communications,0197,TELEPHONE - MAINTENANCE,3218612,3218612,3780209
LOCAL,0353,Emergency Communication Fund,58,Office of Emergency Management and Communications,2705,Office of Emergency Management and Communications,0319,CLOTHING,59400,59400,58700
LOCAL,0353,Emergency Communication Fund,58,Office of Emergency Management and Communications,2705,Office of Emergency Management and Communications,0340,MATERIAL AND SUPPLIES,301082,301082,296336
LOCAL,0353,Emergency Communication Fund,58,Office of Emergency Management and Communications,2705,Office of Emergency Management and Communications,0350,STATIONERY AND OFFICE SUPPLIES,22750,22750,22650
LOCAL,0353,Emergency Communication Fund,58,Office of Emergency Management and Communications,2705,Office of Emergency Management and Communications,0360,REPAIR PARTS AND MATERIAL,425100,425100,350100
LOCAL,0353,Emergency Communication Fund,58,Office of Emergency Management and Communications,2705,Office of Emergency Management and Communications,0365,ELECTRICAL SUPPLIES,115000,115000,115000
LOCAL,0353,Emergency Communication Fund,58,Office of Emergency Management and Communications,2705,Office of Emergency Management and Communications,0401,TOOL <= $100 UNIT,40000,40000,43200
LOCAL,0353,Emergency Communication Fund,58,Office of Emergency Management and Communications,2705,Office of Emergency Management and Communications,0423,COMMUNICATION DEVICES,14984,14984,14950
LOCAL,0353,Emergency Communication Fund,58,Office of Emergency Management and Communications,2705,Office of Emergency Management and Communications,9295,CONSENT DECREE,0,0,126200
LOCAL,0610,Chicago Midway Airport Fund,58,Office of Emergency Management and Communications,2705,Office of Emergency Management and Communications,0005,SALARIES AND WAGES - ON PAYROLL,7913371,7913371,6221061
LOCAL,0610,Chicago Midway Airport Fund,58,Office of Emergency Management and Communications,2705,Office of Emergency Management and Communications,0011,CONTRACT WAGE - SALARY,250997,250997,387523
LOCAL,0610,Chicago Midway Airport Fund,58,Office of Emergency Management and Communications,2705,Office of Emergency Management and Communications,0015,SCHEDULE SALARY ADJUSTMENTS,16454,16454,14274
LOCAL,0610,Chicago Midway Airport Fund,58,Office of Emergency Management and Communications,2705,Office of Emergency Management and Communications,0020,OVERTIME,145000,145000,145000
LOCAL,0610,Chicago Midway Airport Fund,58,Office of Emergency Management and Communications,2705,Office of Emergency Management and Communications,0091,UNIFORM ALLOWANCE,6450,6450,6450
LOCAL,0610,Chicago Midway Airport Fund,58,Office of Emergency Management and Communications,2705,Office of Emergency Management and Communications,0157,RENTAL EQUIPMENT AND SERVICES,0,0,16681
LOCAL,0610,Chicago Midway Airport Fund,58,Office of Emergency Management and Communications,2705,Office of Emergency Management and Communications,0319,CLOTHING,56700,56700,57600
LOCAL,0610,Chicago Midway Airport Fund,58,Office of Emergency Management and Communications,2705,Office of Emergency Management and Communications,0340,MATERIAL AND SUPPLIES,25750,25750,25750
LOCAL,0740,Chicago O'Hare Airport Fund,58,Office of Emergency Management and Communications,2705,Office of Emergency Management and Communications,0005,SALARIES AND WAGES - ON PAYROLL,6222241,6222241,3601160
LOCAL,0740,Chicago O'Hare Airport Fund,58,Office of Emergency Management and Communications,2705,Office of Emergency Management and Communications,0011,CONTRACT WAGE - SALARY,170842,170842,186799
LOCAL,0740,Chicago O'Hare Airport Fund,58,Office of Emergency Management and Communications,2705,Office of Emergency Management and Communications,0015,SCHEDULE SALARY ADJUSTMENTS,26764,26764,35611
LOCAL,0740,Chicago O'Hare Airport Fund,58,Office of Emergency Management and Communications,2705,Office of Emergency Management and Communications,0020,OVERTIME,185000,185000,185000
LOCAL,0740,Chicago O'Hare Airport Fund,58,Office of Emergency Management and Communications,2705,Office of Emergency Management and Communications,0091,UNIFORM ALLOWANCE,14550,14550,14550
LOCAL,0740,Chicago O'Hare Airport Fund,58,Office of Emergency Management and Communications,2705,Office of Emergency Management and Communications,0157,RENTAL EQUIPMENT AND SERVICES,0,0,16680
LOCAL,0740,Chicago O'Hare Airport Fund,58,Office of Emergency Management and Communications,2705,Office of Emergency Management and Communications,0319,CLOTHING,13695,13695,15140
LOCAL,0740,Chicago O'Hare Airport Fund,58,Office of Emergency Management and Communications,2705,Office of Emergency Management and Communications,0340,MATERIAL AND SUPPLIES,4500,4500,15750
LOCAL,0740,Chicago O'Hare Airport Fund,58,Office of Emergency Management and Communications,2705,Office of Emergency Management and Communications,0423,COMMUNICATION DEVICES,25000,25000,0
LOCAL,0100,Corporate Fund,59,Chicago Fire Department,2005,Chicago Fire Department,0005,SALARIES AND WAGES - ON PAYROLL,454951359,454951359,448880678
LOCAL,0100,Corporate Fund,59,Chicago Fire Department,2005,Chicago Fire Department,0011,CONTRACT WAGE - SALARY,25810,25810,0
LOCAL,0100,Corporate Fund,59,Chicago Fire Department,2005,Chicago Fire Department,0012,CONTRACT WAGE - PREVAILING RATE,2346,2346,0
LOCAL,0100,Corporate Fund,59,Chicago Fire Department,2005,Chicago Fire Department,0015,SCHEDULE SALARY ADJUSTMENTS,3547956,3547956,3296437
LOCAL,0100,Corporate Fund,59,Chicago Fire Department,2005,Chicago Fire Department,0020,OVERTIME,30000000,30000000,40000000
LOCAL,0100,Corporate Fund,59,Chicago Fire Department,2005,Chicago Fire Department,0021,SWORN/CIVILIAN HOLIDAY PREMIUM PAY,21154251,21154251,24000000
LOCAL,0100,Corporate Fund,59,Chicago Fire Department,2005,Chicago Fire Department,0022,DUTY AVAILABILITY,16801200,16801200,18453600
LOCAL,0100,Corporate Fund,59,Chicago Fire Department,2005,Chicago Fire Department,0024,COMPENSATORY TIME PAYMENT,665523,665523,665000
LOCAL,0100,Corporate Fund,59,Chicago Fire Department,2005,Chicago Fire Department,0028,COOPERATIVE EDUCATION PROGRAM,4525318,4525318,4579701
LOCAL,0100,Corporate Fund,59,Chicago Fire Department,2005,Chicago Fire Department,0060,SPECIALTY PAY,18500000,18500000,17377873
LOCAL,0100,Corporate Fund,59,Chicago Fire Department,2005,Chicago Fire Department,0061,DRIVER'S DIFFERENTIAL,3950000,3950000,3900000
LOCAL,0100,Corporate Fund,59,Chicago Fire Department,2005,Chicago Fire Department,0062,REQUIRED CERTIFICATIONS,50000,50000,30000
LOCAL,0100,Corporate Fund,59,Chicago Fire Department,2005,Chicago Fire Department,0063,FITNESS BENEFIT,900000,900000,900000
LOCAL,0100,Corporate Fund,59,Chicago Fire Department,2005,Chicago Fire Department,0070,TUITION REIMBURSEMENT,595000,595000,490000
LOCAL,0100,Corporate Fund,59,Chicago Fire Department,2005,Chicago Fire Department,0088,FURLOUGH / COMP TIME BUY-BACK,7850000,7850000,7850000
LOCAL,0100,Corporate Fund,59,Chicago Fire Department,2005,Chicago Fire Department,0091,UNIFORM ALLOWANCE,5081750,5081750,5205000
LOCAL,0100,Corporate Fund,59,Chicago Fire Department,2005,Chicago Fire Department,0130,POSTAGE,15360,15360,15360
LOCAL,0100,Corporate Fund,59,Chicago Fire Department,2005,Chicago Fire Department,0138,IT MAINTENANCE,244900,244900,245900
LOCAL,0100,Corporate Fund,59,Chicago Fire Department,2005,Chicago Fire Department,0140,PROFESSIONAL AND TECHNICAL SERVICES,3753465,3753465,4486843
LOCAL,0100,Corporate Fund,59,Chicago Fire Department,2005,Chicago Fire Department,0149,SOFTWARE MAINTENANCE AND LICENSING,16000,16000,16000
LOCAL,0100,Corporate Fund,59,Chicago Fire Department,2005,Chicago Fire Department,0157,RENTAL EQUIPMENT AND SERVICES,91850,91850,91850
LOCAL,0100,Corporate Fund,59,Chicago Fire Department,2005,Chicago Fire Department,0159,LEASE/PURCHASE EQUIPMENT,45000,45000,45000
LOCAL,0100,Corporate Fund,59,Chicago Fire Department,2005,Chicago Fire Department,0160,REPAIR/MAINT PROPERTY,12000,12000,12000
LOCAL,0100,Corporate Fund,59,Chicago Fire Department,2005,Chicago Fire Department,0162,REPAIR/MAINT EQUIPMENT,575910,575910,409713
LOCAL,0100,Corporate Fund,59,Chicago Fire Department,2005,Chicago Fire Department,0166,"DUES, SUBSCRIPTIONS AND MEMBERSHIPS",7685,7685,10835
LOCAL,0100,Corporate Fund,59,Chicago Fire Department,2005,Chicago Fire Department,0169,TECHNICAL MEETING COSTS,12015,12015,12015
LOCAL,0100,Corporate Fund,59,Chicago Fire Department,2005,Chicago Fire Department,0181,MOBILE COMMUNICATION SERVICES,355556,355556,355556
LOCAL,0100,Corporate Fund,59,Chicago Fire Department,2005,Chicago Fire Department,0186,PAGERS,400,400,400
LOCAL,0100,Corporate Fund,59,Chicago Fire Department,2005,Chicago Fire Department,0189,TELEPHONE - NON-CENTREX BILLINGS,148800,148800,148800
LOCAL,0100,Corporate Fund,59,Chicago Fire Department,2005,Chicago Fire Department,0190,TELEPHONE - CENTREX BILLINGS,92000,92000,92000
LOCAL,0100,Corporate Fund,59,Chicago Fire Department,2005,Chicago Fire Department,0196,DATA CIRCUITS,161000,161000,192000
LOCAL,0100,Corporate Fund,59,Chicago Fire Department,2005,Chicago Fire Department,0197,TELEPHONE - MAINTENANCE,7000,7000,7000
LOCAL,0100,Corporate Fund,59,Chicago Fire Department,2005,Chicago Fire Department,0229,TRANSPORTATION AND EXPENSE ALLOWANCE,28000,28000,28000
LOCAL,0100,Corporate Fund,59,Chicago Fire Department,2005,Chicago Fire Department,0245,REIMBURSEMENT TO TRAVELERS,6000,6000,6000
LOCAL,0100,Corporate Fund,59,Chicago Fire Department,2005,Chicago Fire Department,0270,LOCAL TRANSPORTATION,1900,1900,1900
LOCAL,0100,Corporate Fund,59,Chicago Fire Department,2005,Chicago Fire Department,0318,OTHER FUEL,3500,3500,3500
LOCAL,0100,Corporate Fund,59,Chicago Fire Department,2005,Chicago Fire Department,0338,LICENSE STICKER TAG AND PLATES,3915,3915,3915
LOCAL,0100,Corporate Fund,59,Chicago Fire Department,2005,Chicago Fire Department,0340,MATERIAL AND SUPPLIES,1246884,1246884,1296165
LOCAL,0100,Corporate Fund,59,Chicago Fire Department,2005,Chicago Fire Department,0342,DRUGS  MEDICINE AND CHEMICAL MATERIALS,815505,815505,815505
LOCAL,0100,Corporate Fund,59,Chicago Fire Department,2005,Chicago Fire Department,0345,APPARATUS AND INSTRUMENTS,466682,466682,466682
LOCAL,0100,Corporate Fund,59,Chicago Fire Department,2005,Chicago Fire Department,0348,BOOKS AND RELATED MATERIAL,6435,6435,6435
LOCAL,0100,Corporate Fund,59,Chicago Fire Department,2005,Chicago Fire Department,0350,STATIONERY AND OFFICE SUPPLIES,55000,55000,55000
LOCAL,0100,Corporate Fund,59,Chicago Fire Department,2005,Chicago Fire Department,0360,REPAIR PARTS AND MATERIAL,256000,256000,256000
LOCAL,0100,Corporate Fund,59,Chicago Fire Department,2005,Chicago Fire Department,0422,OFFICE MACHINES,2000,2000,2000
LOCAL,0100,Corporate Fund,59,Chicago Fire Department,2005,Chicago Fire Department,0424,FURNITURE AND FURNISHINGS,150000,150000,140000
LOCAL,0100,Corporate Fund,59,Chicago Fire Department,2005,Chicago Fire Department,0931,TORT/NON-TORT JUDGMENT,2702000,2702000,12907000
LOCAL,0100,Corporate Fund,59,Chicago Fire Department,2005,Chicago Fire Department,0937,HOSPITAL//MEDICAL - NOT WORKERS' COMP,6000000,6000000,6000000
LOCAL,0100,Corporate Fund,59,Chicago Fire Department,2005,Chicago Fire Department,9067,PHYSICAL EXAMS,584675,584675,584675
LOCAL,0100,Corporate Fund,59,Chicago Fire Department,2005,Chicago Fire Department,9438,REIMBURSEMENT - AIM,74750,74750,10000
LOCAL,0610,Chicago Midway Airport Fund,59,Chicago Fire Department,2005,Chicago Fire Department,0005,SALARIES AND WAGES - ON PAYROLL,6401152,6401152,6319249
LOCAL,0610,Chicago Midway Airport Fund,59,Chicago Fire Department,2005,Chicago Fire Department,0015,SCHEDULE SALARY ADJUSTMENTS,33879,33879,14543
LOCAL,0610,Chicago Midway Airport Fund,59,Chicago Fire Department,2005,Chicago Fire Department,0020,OVERTIME,192400,192400,192400
LOCAL,0610,Chicago Midway Airport Fund,59,Chicago Fire Department,2005,Chicago Fire Department,0021,SWORN/CIVILIAN HOLIDAY PREMIUM PAY,305000,305000,305000
LOCAL,0610,Chicago Midway Airport Fund,59,Chicago Fire Department,2005,Chicago Fire Department,0022,DUTY AVAILABILITY,205200,205200,212400
LOCAL,0610,Chicago Midway Airport Fund,59,Chicago Fire Department,2005,Chicago Fire Department,0024,COMPENSATORY TIME PAYMENT,70000,70000,60000
LOCAL,0610,Chicago Midway Airport Fund,59,Chicago Fire Department,2005,Chicago Fire Department,0028,COOPERATIVE EDUCATION PROGRAM,72021,72021,57054
LOCAL,0610,Chicago Midway Airport Fund,59,Chicago Fire Department,2005,Chicago Fire Department,0060,SPECIALTY PAY,233438,233438,220935
LOCAL,0610,Chicago Midway Airport Fund,59,Chicago Fire Department,2005,Chicago Fire Department,0061,DRIVER'S DIFFERENTIAL,50450,50450,50450
LOCAL,0610,Chicago Midway Airport Fund,59,Chicago Fire Department,2005,Chicago Fire Department,0062,REQUIRED CERTIFICATIONS,10000,10000,10000
LOCAL,0610,Chicago Midway Airport Fund,59,Chicago Fire Department,2005,Chicago Fire Department,0063,FITNESS BENEFIT,9000,9000,9000
LOCAL,0610,Chicago Midway Airport Fund,59,Chicago Fire Department,2005,Chicago Fire Department,0088,FURLOUGH / COMP TIME BUY-BACK,125000,125000,145000
LOCAL,0610,Chicago Midway Airport Fund,59,Chicago Fire Department,2005,Chicago Fire Department,0091,UNIFORM ALLOWANCE,65000,65000,65000
LOCAL,0610,Chicago Midway Airport Fund,59,Chicago Fire Department,2005,Chicago Fire Department,0140,PROFESSIONAL AND TECHNICAL SERVICES,45000,45000,45000
LOCAL,0610,Chicago Midway Airport Fund,59,Chicago Fire Department,2005,Chicago Fire Department,0937,HOSPITAL//MEDICAL - NOT WORKERS' COMP,157500,157500,157500
LOCAL,0740,Chicago O'Hare Airport Fund,59,Chicago Fire Department,2005,Chicago Fire Department,0005,SALARIES AND WAGES - ON PAYROLL,24101470,24101470,23098597
LOCAL,0740,Chicago O'Hare Airport Fund,59,Chicago Fire Department,2005,Chicago Fire Department,0012,CONTRACT WAGE - PREVAILING RATE,1173,1173,1200
LOCAL,0740,Chicago O'Hare Airport Fund,59,Chicago Fire Department,2005,Chicago Fire Department,0015,SCHEDULE SALARY ADJUSTMENTS,74769,74769,50105
LOCAL,0740,Chicago O'Hare Airport Fund,59,Chicago Fire Department,2005,Chicago Fire Department,0020,OVERTIME,791800,791800,791800
LOCAL,0740,Chicago O'Hare Airport Fund,59,Chicago Fire Department,2005,Chicago Fire Department,0021,SWORN/CIVILIAN HOLIDAY PREMIUM PAY,1225000,1225000,1225000
LOCAL,0740,Chicago O'Hare Airport Fund,59,Chicago Fire Department,2005,Chicago Fire Department,0022,DUTY AVAILABILITY,791400,791400,633600
LOCAL,0740,Chicago O'Hare Airport Fund,59,Chicago Fire Department,2005,Chicago Fire Department,0024,COMPENSATORY TIME PAYMENT,90000,90000,90000
LOCAL,0740,Chicago O'Hare Airport Fund,59,Chicago Fire Department,2005,Chicago Fire Department,0028,COOPERATIVE EDUCATION PROGRAM,236664,236664,195264
LOCAL,0740,Chicago O'Hare Airport Fund,59,Chicago Fire Department,2005,Chicago Fire Department,0060,SPECIALTY PAY,1200000,1200000,962496
LOCAL,0740,Chicago O'Hare Airport Fund,59,Chicago Fire Department,2005,Chicago Fire Department,0061,DRIVER'S DIFFERENTIAL,250000,250000,250000
LOCAL,0740,Chicago O'Hare Airport Fund,59,Chicago Fire Department,2005,Chicago Fire Department,0062,REQUIRED CERTIFICATIONS,10000,10000,10000
LOCAL,0740,Chicago O'Hare Airport Fund,59,Chicago Fire Department,2005,Chicago Fire Department,0063,FITNESS BENEFIT,25000,25000,25000
LOCAL,0740,Chicago O'Hare Airport Fund,59,Chicago Fire Department,2005,Chicago Fire Department,0088,FURLOUGH / COMP TIME BUY-BACK,440000,440000,600000
LOCAL,0740,Chicago O'Hare Airport Fund,59,Chicago Fire Department,2005,Chicago Fire Department,0091,UNIFORM ALLOWANCE,250000,250000,238000
LOCAL,0740,Chicago O'Hare Airport Fund,59,Chicago Fire Department,2005,Chicago Fire Department,0140,PROFESSIONAL AND TECHNICAL SERVICES,176800,176800,176800
LOCAL,0740,Chicago O'Hare Airport Fund,59,Chicago Fire Department,2005,Chicago Fire Department,0937,HOSPITAL//MEDICAL - NOT WORKERS' COMP,247500,247500,247500
LOCAL,0100,Corporate Fund,60,Civilian Office of Police Accountability,2005,Civilian Office of Police Accountability,0005,SALARIES AND WAGES - ON PAYROLL,11148084,11148084,11611117
LOCAL,0100,Corporate Fund,60,Civilian Office of Police Accountability,2005,Civilian Office of Police Accountability,0015,SCHEDULE SALARY ADJUSTMENTS,61397,61397,78228
LOCAL,0100,Corporate Fund,60,Civilian Office of Police Accountability,2005,Civilian Office of Police Accountability,0020,OVERTIME,50000,50000,50000
LOCAL,0100,Corporate Fund,60,Civilian Office of Police Accountability,2005,Civilian Office of Police Accountability,0130,POSTAGE,6000,6000,6000
LOCAL,0100,Corporate Fund,60,Civilian Office of Police Accountability,2005,Civilian Office of Police Accountability,0140,PROFESSIONAL AND TECHNICAL SERVICES,1657162,1657162,708240
LOCAL,0100,Corporate Fund,60,Civilian Office of Police Accountability,2005,Civilian Office of Police Accountability,0149,SOFTWARE MAINTENANCE AND LICENSING,336679,336679,191865
LOCAL,0100,Corporate Fund,60,Civilian Office of Police Accountability,2005,Civilian Office of Police Accountability,0150,OUTSIDE GRAPHIC SERVICES,35000,35000,22500
LOCAL,0100,Corporate Fund,60,Civilian Office of Police Accountability,2005,Civilian Office of Police Accountability,0157,RENTAL EQUIPMENT AND SERVICES,72000,72000,72000
LOCAL,0100,Corporate Fund,60,Civilian Office of Police Accountability,2005,Civilian Office of Police Accountability,0159,LEASE/PURCHASE EQUIPMENT,25420,25420,26500
LOCAL,0100,Corporate Fund,60,Civilian Office of Police Accountability,2005,Civilian Office of Police Accountability,0162,REPAIR/MAINT EQUIPMENT,97944,97944,20300
LOCAL,0100,Corporate Fund,60,Civilian Office of Police Accountability,2005,Civilian Office of Police Accountability,0166,"DUES, SUBSCRIPTIONS AND MEMBERSHIPS",5475,5475,5475
LOCAL,0100,Corporate Fund,60,Civilian Office of Police Accountability,2005,Civilian Office of Police Accountability,0169,TECHNICAL MEETING COSTS,149300,149300,32500
LOCAL,0100,Corporate Fund,60,Civilian Office of Police Accountability,2005,Civilian Office of Police Accountability,0181,MOBILE COMMUNICATION SERVICES,61464,61464,61476
LOCAL,0100,Corporate Fund,60,Civilian Office of Police Accountability,2005,Civilian Office of Police Accountability,0190,TELEPHONE - CENTREX BILLINGS,21000,21000,21000
LOCAL,0100,Corporate Fund,60,Civilian Office of Police Accountability,2005,Civilian Office of Police Accountability,0197,TELEPHONE - MAINTENANCE,160,160,300
LOCAL,0100,Corporate Fund,60,Civilian Office of Police Accountability,2005,Civilian Office of Police Accountability,0245,REIMBURSEMENT TO TRAVELERS,50000,50000,20000
LOCAL,0100,Corporate Fund,60,Civilian Office of Police Accountability,2005,Civilian Office of Police Accountability,0319,CLOTHING,0,0,2000
LOCAL,0100,Corporate Fund,60,Civilian Office of Police Accountability,2005,Civilian Office of Police Accountability,0320,GASOLINE,500,500,500
LOCAL,0100,Corporate Fund,60,Civilian Office of Police Accountability,2005,Civilian Office of Police Accountability,0340,MATERIAL AND SUPPLIES,35700,35700,15000
LOCAL,0100,Corporate Fund,60,Civilian Office of Police Accountability,2005,Civilian Office of Police Accountability,0350,STATIONERY AND OFFICE SUPPLIES,35000,35000,20000
LOCAL,0100,Corporate Fund,60,Civilian Office of Police Accountability,2005,Civilian Office of Police Accountability,9295,CONSENT DECREE,0,0,906500
LOCAL,0100,Corporate Fund,60,Civilian Office of Police Accountability,2005,Civilian Office of Police Accountability,9438,REIMBURSEMENT - AIM,3000,3000,3000
LOCAL,0100,Corporate Fund,67,Department of Buildings,2005,Department of Buildings,0005,SALARIES AND WAGES - ON PAYROLL,19718882,19718882,20305662
LOCAL,0100,Corporate Fund,67,Department of Buildings,2005,Department of Buildings,0012,CONTRACT WAGE - PREVAILING RATE,106697,106697,108541
LOCAL,0100,Corporate Fund,67,Department of Buildings,2005,Department of Buildings,0015,SCHEDULE SALARY ADJUSTMENTS,27548,27548,35862
LOCAL,0100,Corporate Fund,67,Department of Buildings,2005,Department of Buildings,0020,OVERTIME,100000,100000,100000
LOCAL,0100,Corporate Fund,67,Department of Buildings,2005,Department of Buildings,0032,REIMBURSABLE OVERTIME,250000,250000,300000
LOCAL,0100,Corporate Fund,67,Department of Buildings,2005,Department of Buildings,0130,POSTAGE,24000,24000,24000
LOCAL,0100,Corporate Fund,67,Department of Buildings,2005,Department of Buildings,0140,PROFESSIONAL AND TECHNICAL SERVICES,1349575,1349575,1530129
LOCAL,0100,Corporate Fund,67,Department of Buildings,2005,Department of Buildings,0143,COURT REPORTING,1500,1500,750
LOCAL,0100,Corporate Fund,67,Department of Buildings,2005,Department of Buildings,0154,RENTAL-DATA HARDWARE EQUIPMENT,12000,12000,12000
LOCAL,0100,Corporate Fund,67,Department of Buildings,2005,Department of Buildings,0159,LEASE/PURCHASE EQUIPMENT,49236,49236,41000
LOCAL,0100,Corporate Fund,67,Department of Buildings,2005,Department of Buildings,0162,REPAIR/MAINT EQUIPMENT,15000,15000,15000
LOCAL,0100,Corporate Fund,67,Department of Buildings,2005,Department of Buildings,0166,"DUES, SUBSCRIPTIONS AND MEMBERSHIPS",1500,1500,1500
LOCAL,0100,Corporate Fund,67,Department of Buildings,2005,Department of Buildings,0178,FREIGHT AND EXPRESS CHARGES,250,250,250
LOCAL,0100,Corporate Fund,67,Department of Buildings,2005,Department of Buildings,0181,MOBILE COMMUNICATION SERVICES,133000,133000,133000
LOCAL,0100,Corporate Fund,67,Department of Buildings,2005,Department of Buildings,0190,TELEPHONE - CENTREX BILLINGS,54000,54000,54000
LOCAL,0100,Corporate Fund,67,Department of Buildings,2005,Department of Buildings,0191,TELEPHONE - RELOCATIONS,500,500,0
LOCAL,0100,Corporate Fund,67,Department of Buildings,2005,Department of Buildings,0196,DATA CIRCUITS,10100,10100,10100
LOCAL,0100,Corporate Fund,67,Department of Buildings,2005,Department of Buildings,0197,TELEPHONE - MAINTENANCE,5775,5775,5775
LOCAL,0100,Corporate Fund,67,Department of Buildings,2005,Department of Buildings,0229,TRANSPORTATION AND EXPENSE ALLOWANCE,155000,155000,156600
LOCAL,0100,Corporate Fund,67,Department of Buildings,2005,Department of Buildings,0319,CLOTHING,10000,10000,10000
LOCAL,0100,Corporate Fund,67,Department of Buildings,2005,Department of Buildings,0348,BOOKS AND RELATED MATERIAL,1000,1000,2000
LOCAL,0100,Corporate Fund,67,Department of Buildings,2005,Department of Buildings,0350,STATIONERY AND OFFICE SUPPLIES,31000,31000,50000
LOCAL,0100,Corporate Fund,67,Department of Buildings,2005,Department of Buildings,0931,TORT/NON-TORT JUDGMENT,300000,300000,0
LOCAL,0100,Corporate Fund,67,Department of Buildings,2005,Department of Buildings,0989,REFUND - CANCELLED VOUCHER,100000,100000,50000
LOCAL,0100,Corporate Fund,67,Department of Buildings,2005,Department of Buildings,9019,BOARD-UP PROGRAM,3000000,3000000,2000000
LOCAL,0100,Corporate Fund,67,Department of Buildings,2005,Department of Buildings,9438,REIMBURSEMENT - AIM,28750,28750,28750
LOCAL,0200,Water Fund,67,Department of Buildings,2005,Department of Buildings,0005,SALARIES AND WAGES - ON PAYROLL,2711937,2711937,2508008
LOCAL,0200,Water Fund,67,Department of Buildings,2005,Department of Buildings,0012,CONTRACT WAGE - PREVAILING RATE,38170,38170,35629
LOCAL,0200,Water Fund,67,Department of Buildings,2005,Department of Buildings,0015,SCHEDULE SALARY ADJUSTMENTS,1694,1694,0
LOCAL,0200,Water Fund,67,Department of Buildings,2005,Department of Buildings,0020,OVERTIME,0,0,100000
LOCAL,0200,Water Fund,67,Department of Buildings,2005,Department of Buildings,0181,MOBILE COMMUNICATION SERVICES,27000,27000,27000
LOCAL,0200,Water Fund,67,Department of Buildings,2005,Department of Buildings,0229,TRANSPORTATION AND EXPENSE ALLOWANCE,17000,17000,18000
LOCAL,0300,Vehicle Tax Fund,67,Department of Buildings,2005,Department of Buildings,0005,SALARIES AND WAGES - ON PAYROLL,508688,508688,496728
LOCAL,0300,Vehicle Tax Fund,67,Department of Buildings,2005,Department of Buildings,0015,SCHEDULE SALARY ADJUSTMENTS,5328,5328,5408
LOCAL,0314,Sewer Fund,67,Department of Buildings,2005,Department of Buildings,0005,SALARIES AND WAGES - ON PAYROLL,1481158,1481158,1179458
LOCAL,0314,Sewer Fund,67,Department of Buildings,2005,Department of Buildings,0012,CONTRACT WAGE - PREVAILING RATE,4562,4562,3087
LOCAL,0314,Sewer Fund,67,Department of Buildings,2005,Department of Buildings,0015,SCHEDULE SALARY ADJUSTMENTS,0,0,91
LOCAL,0314,Sewer Fund,67,Department of Buildings,2005,Department of Buildings,0020,OVERTIME,0,0,50000
LOCAL,0314,Sewer Fund,67,Department of Buildings,2005,Department of Buildings,0140,PROFESSIONAL AND TECHNICAL SERVICES,690000,690000,690000
LOCAL,0314,Sewer Fund,67,Department of Buildings,2005,Department of Buildings,0181,MOBILE COMMUNICATION SERVICES,14000,14000,14000
LOCAL,0314,Sewer Fund,67,Department of Buildings,2005,Department of Buildings,0229,TRANSPORTATION AND EXPENSE ALLOWANCE,15000,15000,8000
LOCAL,0100,Corporate Fund,70,Department of Business Affairs and Consumer Protection,2005,Department of Business Affairs and Consumer Protection,0005,SALARIES AND WAGES - ON PAYROLL,14469248,14469248,14656080
LOCAL,0100,Corporate Fund,70,Department of Business Affairs and Consumer Protection,2005,Department of Business Affairs and Consumer Protection,0015,SCHEDULE SALARY ADJUSTMENTS,53222,53222,66898
LOCAL,0100,Corporate Fund,70,Department of Business Affairs and Consumer Protection,2005,Department of Business Affairs and Consumer Protection,0020,OVERTIME,24700,24700,0
LOCAL,0100,Corporate Fund,70,Department of Business Affairs and Consumer Protection,2005,Department of Business Affairs and Consumer Protection,0039,STUDENT AS TRAINEES,21800,21800,0
LOCAL,0100,Corporate Fund,70,Department of Business Affairs and Consumer Protection,2005,Department of Business Affairs and Consumer Protection,0124,INVESTIGATION COSTS,93509,93509,180962
LOCAL,0100,Corporate Fund,70,Department of Business Affairs and Consumer Protection,2005,Department of Business Affairs and Consumer Protection,0130,POSTAGE,101615,101615,79170
LOCAL,0100,Corporate Fund,70,Department of Business Affairs and Consumer Protection,2005,Department of Business Affairs and Consumer Protection,0135,DELEGATE AGENCIES,3357039,3357039,3857039
LOCAL,0100,Corporate Fund,70,Department of Business Affairs and Consumer Protection,2005,Department of Business Affairs and Consumer Protection,0138,IT MAINTENANCE,710338,710338,1106230
LOCAL,0100,Corporate Fund,70,Department of Business Affairs and Consumer Protection,2005,Department of Business Affairs and Consumer Protection,0140,PROFESSIONAL AND TECHNICAL SERVICES,263810,263810,162210
LOCAL,0100,Corporate Fund,70,Department of Business Affairs and Consumer Protection,2005,Department of Business Affairs and Consumer Protection,0143,COURT REPORTING,6100,6100,6100
LOCAL,0100,Corporate Fund,70,Department of Business Affairs and Consumer Protection,2005,Department of Business Affairs and Consumer Protection,0148,TESTING AND INSPECTING,31709,31709,31709
LOCAL,0100,Corporate Fund,70,Department of Business Affairs and Consumer Protection,2005,Department of Business Affairs and Consumer Protection,0150,OUTSIDE GRAPHIC SERVICES,10452,10452,7110
LOCAL,0100,Corporate Fund,70,Department of Business Affairs and Consumer Protection,2005,Department of Business Affairs and Consumer Protection,0152,ADVERTISING,49507,49507,50016
LOCAL,0100,Corporate Fund,70,Department of Business Affairs and Consumer Protection,2005,Department of Business Affairs and Consumer Protection,0154,RENTAL-DATA HARDWARE EQUIPMENT,2401,2401,2000
LOCAL,0100,Corporate Fund,70,Department of Business Affairs and Consumer Protection,2005,Department of Business Affairs and Consumer Protection,0157,RENTAL EQUIPMENT AND SERVICES,54821,54821,54821
LOCAL,0100,Corporate Fund,70,Department of Business Affairs and Consumer Protection,2005,Department of Business Affairs and Consumer Protection,0159,LEASE/PURCHASE EQUIPMENT,36124,36124,35964
LOCAL,0100,Corporate Fund,70,Department of Business Affairs and Consumer Protection,2005,Department of Business Affairs and Consumer Protection,0162,REPAIR/MAINT EQUIPMENT,29059,29059,27700
LOCAL,0100,Corporate Fund,70,Department of Business Affairs and Consumer Protection,2005,Department of Business Affairs and Consumer Protection,0166,"DUES, SUBSCRIPTIONS AND MEMBERSHIPS",17065,17065,17040
LOCAL,0100,Corporate Fund,70,Department of Business Affairs and Consumer Protection,2005,Department of Business Affairs and Consumer Protection,0169,TECHNICAL MEETING COSTS,4118,4118,2829
LOCAL,0100,Corporate Fund,70,Department of Business Affairs and Consumer Protection,2005,Department of Business Affairs and Consumer Protection,0179,MESSENGER SERVICES,1000,1000,1000
LOCAL,0100,Corporate Fund,70,Department of Business Affairs and Consumer Protection,2005,Department of Business Affairs and Consumer Protection,0181,MOBILE COMMUNICATION SERVICES,54290,54290,57360
LOCAL,0100,Corporate Fund,70,Department of Business Affairs and Consumer Protection,2005,Department of Business Affairs and Consumer Protection,0188,VEHICLE TRACKING SERVICE,13710,13710,13710
LOCAL,0100,Corporate Fund,70,Department of Business Affairs and Consumer Protection,2005,Department of Business Affairs and Consumer Protection,0190,TELEPHONE - CENTREX BILLINGS,29200,29200,29200
LOCAL,0100,Corporate Fund,70,Department of Business Affairs and Consumer Protection,2005,Department of Business Affairs and Consumer Protection,0196,DATA CIRCUITS,31760,31760,31760
LOCAL,0100,Corporate Fund,70,Department of Business Affairs and Consumer Protection,2005,Department of Business Affairs and Consumer Protection,0197,TELEPHONE - MAINTENANCE,4000,4000,4000
LOCAL,0100,Corporate Fund,70,Department of Business Affairs and Consumer Protection,2005,Department of Business Affairs and Consumer Protection,0229,TRANSPORTATION AND EXPENSE ALLOWANCE,21785,21785,17785
LOCAL,0100,Corporate Fund,70,Department of Business Affairs and Consumer Protection,2005,Department of Business Affairs and Consumer Protection,0245,REIMBURSEMENT TO TRAVELERS,3092,3092,3092
LOCAL,0100,Corporate Fund,70,Department of Business Affairs and Consumer Protection,2005,Department of Business Affairs and Consumer Protection,0270,LOCAL TRANSPORTATION,2466,2466,1000
LOCAL,0100,Corporate Fund,70,Department of Business Affairs and Consumer Protection,2005,Department of Business Affairs and Consumer Protection,0338,LICENSE STICKER TAG AND PLATES,76608,76608,74411
LOCAL,0100,Corporate Fund,70,Department of Business Affairs and Consumer Protection,2005,Department of Business Affairs and Consumer Protection,0340,MATERIAL AND SUPPLIES,26385,26385,24535
LOCAL,0100,Corporate Fund,70,Department of Business Affairs and Consumer Protection,2005,Department of Business Affairs and Consumer Protection,0348,BOOKS AND RELATED MATERIAL,472,472,300
LOCAL,0100,Corporate Fund,70,Department of Business Affairs and Consumer Protection,2005,Department of Business Affairs and Consumer Protection,0350,STATIONERY AND OFFICE SUPPLIES,37686,37686,37686
LOCAL,0100,Corporate Fund,70,Department of Business Affairs and Consumer Protection,2005,Department of Business Affairs and Consumer Protection,0360,REPAIR PARTS AND MATERIAL,3083,3083,3083
LOCAL,0100,Corporate Fund,70,Department of Business Affairs and Consumer Protection,2005,Department of Business Affairs and Consumer Protection,0540,CONSTRUCTION OF BUILDINGS AND STRUCTURES,10000,10000,10000
LOCAL,0100,Corporate Fund,70,Department of Business Affairs and Consumer Protection,2005,Department of Business Affairs and Consumer Protection,9438,REIMBURSEMENT - AIM,103500,103500,0
LOCAL,0B21,Tax Increment Financing Administration Fund,70,Department of Business Affairs and Consumer Protection,2005,Department of Business Affairs and Consumer Protection,9470,REIMBURSEMENT - BACP,375000,375000,375000
LOCAL,0100,Corporate Fund,73,Chicago Animal Care and Control,2005,Chicago Animal Care and Control,0005,SALARIES AND WAGES - ON PAYROLL,5098976,5098976,5242901
LOCAL,0100,Corporate Fund,73,Chicago Animal Care and Control,2005,Chicago Animal Care and Control,0011,CONTRACT WAGE - SALARY,58250,58250,112864
LOCAL,0100,Corporate Fund,73,Chicago Animal Care and Control,2005,Chicago Animal Care and Control,0015,SCHEDULE SALARY ADJUSTMENTS,44771,44771,31462
LOCAL,0100,Corporate Fund,73,Chicago Animal Care and Control,2005,Chicago Animal Care and Control,0020,OVERTIME,145000,145000,145000
LOCAL,0100,Corporate Fund,73,Chicago Animal Care and Control,2005,Chicago Animal Care and Control,0091,UNIFORM ALLOWANCE,32550,32550,32550
LOCAL,0100,Corporate Fund,73,Chicago Animal Care and Control,2005,Chicago Animal Care and Control,0130,POSTAGE,2200,2200,2200
LOCAL,0100,Corporate Fund,73,Chicago Animal Care and Control,2005,Chicago Animal Care and Control,0135,DELEGATE AGENCIES,450000,450000,450000
LOCAL,0100,Corporate Fund,73,Chicago Animal Care and Control,2005,Chicago Animal Care and Control,0140,PROFESSIONAL AND TECHNICAL SERVICES,262271,262271,262271
LOCAL,0100,Corporate Fund,73,Chicago Animal Care and Control,2005,Chicago Animal Care and Control,0150,OUTSIDE GRAPHIC SERVICES,1427,1427,1427
LOCAL,0100,Corporate Fund,73,Chicago Animal Care and Control,2005,Chicago Animal Care and Control,0152,ADVERTISING,2000,2000,2000
LOCAL,0100,Corporate Fund,73,Chicago Animal Care and Control,2005,Chicago Animal Care and Control,0154,RENTAL-DATA HARDWARE EQUIPMENT,2200,2200,2200
LOCAL,0100,Corporate Fund,73,Chicago Animal Care and Control,2005,Chicago Animal Care and Control,0157,RENTAL EQUIPMENT AND SERVICES,2400,2400,2400
LOCAL,0100,Corporate Fund,73,Chicago Animal Care and Control,2005,Chicago Animal Care and Control,0159,LEASE/PURCHASE EQUIPMENT,36000,36000,36000
LOCAL,0100,Corporate Fund,73,Chicago Animal Care and Control,2005,Chicago Animal Care and Control,0162,REPAIR/MAINT EQUIPMENT,5220,5220,5220
LOCAL,0100,Corporate Fund,73,Chicago Animal Care and Control,2005,Chicago Animal Care and Control,0168,EDUCATION DEVELOPMENT,5350,5350,5350
LOCAL,0100,Corporate Fund,73,Chicago Animal Care and Control,2005,Chicago Animal Care and Control,0169,TECHNICAL MEETING COSTS,1068,1068,1068
LOCAL,0100,Corporate Fund,73,Chicago Animal Care and Control,2005,Chicago Animal Care and Control,0181,MOBILE COMMUNICATION SERVICES,16800,16800,16800
LOCAL,0100,Corporate Fund,73,Chicago Animal Care and Control,2005,Chicago Animal Care and Control,0190,TELEPHONE - CENTREX BILLINGS,5300,5300,5300
LOCAL,0100,Corporate Fund,73,Chicago Animal Care and Control,2005,Chicago Animal Care and Control,0196,DATA CIRCUITS,2620,2620,2620
LOCAL,0100,Corporate Fund,73,Chicago Animal Care and Control,2005,Chicago Animal Care and Control,0197,TELEPHONE - MAINTENANCE,925,925,925
LOCAL,0100,Corporate Fund,73,Chicago Animal Care and Control,2005,Chicago Animal Care and Control,0245,REIMBURSEMENT TO TRAVELERS,600,600,600
LOCAL,0100,Corporate Fund,73,Chicago Animal Care and Control,2005,Chicago Animal Care and Control,0313,CLEANING AND SANITATION SUPPLIES,129228,129228,129228
LOCAL,0100,Corporate Fund,73,Chicago Animal Care and Control,2005,Chicago Animal Care and Control,0330,FOOD,113278,113278,113278
LOCAL,0100,Corporate Fund,73,Chicago Animal Care and Control,2005,Chicago Animal Care and Control,0340,MATERIAL AND SUPPLIES,20316,20316,20316
LOCAL,0100,Corporate Fund,73,Chicago Animal Care and Control,2005,Chicago Animal Care and Control,0342,DRUGS  MEDICINE AND CHEMICAL MATERIALS,386400,386400,386400
LOCAL,0100,Corporate Fund,73,Chicago Animal Care and Control,2005,Chicago Animal Care and Control,0350,STATIONERY AND OFFICE SUPPLIES,9164,9164,9164
LOCAL,0100,Corporate Fund,73,Chicago Animal Care and Control,2005,Chicago Animal Care and Control,0360,REPAIR PARTS AND MATERIAL,2093,2093,2093
LOCAL,0100,Corporate Fund,73,Chicago Animal Care and Control,2005,Chicago Animal Care and Control,9438,REIMBURSEMENT - AIM,6900,6900,6900
LOCAL,0100,Corporate Fund,77,License Appeal Commission,2005,License Appeal Commission,0005,SALARIES AND WAGES - ON PAYROLL,88044,88044,93984
LOCAL,0100,Corporate Fund,77,License Appeal Commission,2005,License Appeal Commission,0015,SCHEDULE SALARY ADJUSTMENTS,2780,2780,0
LOCAL,0100,Corporate Fund,77,License Appeal Commission,2005,License Appeal Commission,0130,POSTAGE,90,90,99
LOCAL,0100,Corporate Fund,77,License Appeal Commission,2005,License Appeal Commission,0140,PROFESSIONAL AND TECHNICAL SERVICES,82223,82223,82334
LOCAL,0100,Corporate Fund,77,License Appeal Commission,2005,License Appeal Commission,0143,COURT REPORTING,10000,10000,10000
LOCAL,0100,Corporate Fund,77,License Appeal Commission,2005,License Appeal Commission,0157,RENTAL EQUIPMENT AND SERVICES,884,884,883
LOCAL,0100,Corporate Fund,77,License Appeal Commission,2005,License Appeal Commission,0162,REPAIR/MAINT EQUIPMENT,191,191,191
LOCAL,0100,Corporate Fund,77,License Appeal Commission,2005,License Appeal Commission,0190,TELEPHONE - CENTREX BILLINGS,330,330,330
LOCAL,0100,Corporate Fund,77,License Appeal Commission,2005,License Appeal Commission,0197,TELEPHONE - MAINTENANCE,25,25,25
LOCAL,0100,Corporate Fund,77,License Appeal Commission,2005,License Appeal Commission,0340,MATERIAL AND SUPPLIES,500,500,500
LOCAL,0100,Corporate Fund,78,Board of Ethics,2005,Board of Ethics,0005,SALARIES AND WAGES - ON PAYROLL,796428,796428,798360
LOCAL,0100,Corporate Fund,78,Board of Ethics,2005,Board of Ethics,0015,SCHEDULE SALARY ADJUSTMENTS,0,0,2353
LOCAL,0100,Corporate Fund,78,Board of Ethics,2005,Board of Ethics,0130,POSTAGE,3500,3500,3337
LOCAL,0100,Corporate Fund,78,Board of Ethics,2005,Board of Ethics,0140,PROFESSIONAL AND TECHNICAL SERVICES,40000,40000,39000
LOCAL,0100,Corporate Fund,78,Board of Ethics,2005,Board of Ethics,0149,SOFTWARE MAINTENANCE AND LICENSING,5000,5000,5000
LOCAL,0100,Corporate Fund,78,Board of Ethics,2005,Board of Ethics,0159,LEASE/PURCHASE EQUIPMENT,6540,6540,6540
LOCAL,0100,Corporate Fund,78,Board of Ethics,2005,Board of Ethics,0166,"DUES, SUBSCRIPTIONS AND MEMBERSHIPS",3000,3000,3050
LOCAL,0100,Corporate Fund,78,Board of Ethics,2005,Board of Ethics,0169,TECHNICAL MEETING COSTS,1180,1180,1800
LOCAL,0100,Corporate Fund,78,Board of Ethics,2005,Board of Ethics,0178,FREIGHT AND EXPRESS CHARGES,3644,3644,3644
LOCAL,0100,Corporate Fund,78,Board of Ethics,2005,Board of Ethics,0190,TELEPHONE - CENTREX BILLINGS,2100,2100,1975
LOCAL,0100,Corporate Fund,78,Board of Ethics,2005,Board of Ethics,0197,TELEPHONE - MAINTENANCE,195,195,195
LOCAL,0100,Corporate Fund,78,Board of Ethics,2005,Board of Ethics,0229,TRANSPORTATION AND EXPENSE ALLOWANCE,165,165,165
LOCAL,0100,Corporate Fund,78,Board of Ethics,2005,Board of Ethics,0245,REIMBURSEMENT TO TRAVELERS,420,420,3500
LOCAL,0100,Corporate Fund,78,Board of Ethics,2005,Board of Ethics,0270,LOCAL TRANSPORTATION,1500,1500,1500
LOCAL,0100,Corporate Fund,78,Board of Ethics,2005,Board of Ethics,0348,BOOKS AND RELATED MATERIAL,594,594,594
LOCAL,0100,Corporate Fund,78,Board of Ethics,2005,Board of Ethics,0350,STATIONERY AND OFFICE SUPPLIES,2616,2616,2616
LOCAL,0100,Corporate Fund,81,Department of Streets and Sanitation,2005,Commissioner's Office,0005,SALARIES AND WAGES - ON PAYROLL,2148390,2148390,2154600
LOCAL,0100,Corporate Fund,81,Department of Streets and Sanitation,2005,Commissioner's Office,0012,CONTRACT WAGE - PREVAILING RATE,802,802,824
LOCAL,0100,Corporate Fund,81,Department of Streets and Sanitation,2005,Commissioner's Office,0015,SCHEDULE SALARY ADJUSTMENTS,10244,10244,16791
LOCAL,0100,Corporate Fund,81,Department of Streets and Sanitation,2005,Commissioner's Office,0130,POSTAGE,250,250,4700
LOCAL,0100,Corporate Fund,81,Department of Streets and Sanitation,2005,Commissioner's Office,0140,PROFESSIONAL AND TECHNICAL SERVICES,21800,21800,11800
LOCAL,0100,Corporate Fund,81,Department of Streets and Sanitation,2005,Commissioner's Office,0154,RENTAL-DATA HARDWARE EQUIPMENT,500,500,500
LOCAL,0100,Corporate Fund,81,Department of Streets and Sanitation,2005,Commissioner's Office,0157,RENTAL EQUIPMENT AND SERVICES,350,350,0
LOCAL,0100,Corporate Fund,81,Department of Streets and Sanitation,2005,Commissioner's Office,0166,"DUES, SUBSCRIPTIONS AND MEMBERSHIPS",300,300,0
LOCAL,0100,Corporate Fund,81,Department of Streets and Sanitation,2005,Commissioner's Office,0169,TECHNICAL MEETING COSTS,15,15,0
LOCAL,0100,Corporate Fund,81,Department of Streets and Sanitation,2005,Commissioner's Office,0181,MOBILE COMMUNICATION SERVICES,138398,138398,96500
LOCAL,0100,Corporate Fund,81,Department of Streets and Sanitation,2005,Commissioner's Office,0190,TELEPHONE - CENTREX BILLINGS,40500,40500,58600
LOCAL,0100,Corporate Fund,81,Department of Streets and Sanitation,2005,Commissioner's Office,0197,TELEPHONE - MAINTENANCE,2610,2610,2610
LOCAL,0100,Corporate Fund,81,Department of Streets and Sanitation,2005,Commissioner's Office,0348,BOOKS AND RELATED MATERIAL,150,150,100
LOCAL,0100,Corporate Fund,81,Department of Streets and Sanitation,2005,Commissioner's Office,0350,STATIONERY AND OFFICE SUPPLIES,4500,4500,4500
LOCAL,0100,Corporate Fund,81,Department of Streets and Sanitation,2005,Commissioner's Office,0931,TORT/NON-TORT JUDGMENT,540000,540000,0
LOCAL,0100,Corporate Fund,81,Department of Streets and Sanitation,2005,Commissioner's Office,9067,PHYSICAL EXAMS,50000,50000,25000
LOCAL,0100,Corporate Fund,81,Department of Streets and Sanitation,2006,Administrative Services Division,0005,SALARIES AND WAGES - ON PAYROLL,2018945,2018945,2003818
LOCAL,0100,Corporate Fund,81,Department of Streets and Sanitation,2006,Administrative Services Division,0015,SCHEDULE SALARY ADJUSTMENTS,20329,20329,7694
LOCAL,0100,Corporate Fund,81,Department of Streets and Sanitation,2006,Administrative Services Division,0020,OVERTIME,1000,1000,1000
LOCAL,0100,Corporate Fund,81,Department of Streets and Sanitation,2006,Administrative Services Division,0130,POSTAGE,150,150,0
LOCAL,0100,Corporate Fund,81,Department of Streets and Sanitation,2006,Administrative Services Division,0140,PROFESSIONAL AND TECHNICAL SERVICES,1000,1000,250
LOCAL,0100,Corporate Fund,81,Department of Streets and Sanitation,2006,Administrative Services Division,0159,LEASE/PURCHASE EQUIPMENT,24480,24480,24480
LOCAL,0100,Corporate Fund,81,Department of Streets and Sanitation,2006,Administrative Services Division,0162,REPAIR/MAINT EQUIPMENT,500,500,0
LOCAL,0100,Corporate Fund,81,Department of Streets and Sanitation,2006,Administrative Services Division,0190,TELEPHONE - CENTREX BILLINGS,1800,1800,3800
LOCAL,0100,Corporate Fund,81,Department of Streets and Sanitation,2006,Administrative Services Division,0197,TELEPHONE - MAINTENANCE,25,25,25
LOCAL,0100,Corporate Fund,81,Department of Streets and Sanitation,2006,Administrative Services Division,0350,STATIONERY AND OFFICE SUPPLIES,5250,5250,5250
LOCAL,0100,Corporate Fund,81,Department of Streets and Sanitation,2020,Bureau of Sanitation,0005,SALARIES AND WAGES - ON PAYROLL,33739110,33739110,28999749
LOCAL,0100,Corporate Fund,81,Department of Streets and Sanitation,2020,Bureau of Sanitation,0012,CONTRACT WAGE - PREVAILING RATE,340177,340177,275723
LOCAL,0100,Corporate Fund,81,Department of Streets and Sanitation,2020,Bureau of Sanitation,0015,SCHEDULE SALARY ADJUSTMENTS,1476,1476,9682
LOCAL,0100,Corporate Fund,81,Department of Streets and Sanitation,2020,Bureau of Sanitation,0020,OVERTIME,2377983,2377983,2377983
LOCAL,0100,Corporate Fund,81,Department of Streets and Sanitation,2020,Bureau of Sanitation,0126,OFFICE CONVENIENCES,900,900,500
LOCAL,0100,Corporate Fund,81,Department of Streets and Sanitation,2020,Bureau of Sanitation,0130,POSTAGE,490,1490,1490
LOCAL,0100,Corporate Fund,81,Department of Streets and Sanitation,2020,Bureau of Sanitation,0140,PROFESSIONAL AND TECHNICAL SERVICES,12759716,12759716,17888131
LOCAL,0100,Corporate Fund,81,Department of Streets and Sanitation,2020,Bureau of Sanitation,0157,RENTAL EQUIPMENT AND SERVICES,2928795,2927795,812280
LOCAL,0100,Corporate Fund,81,Department of Streets and Sanitation,2020,Bureau of Sanitation,0159,LEASE/PURCHASE EQUIPMENT,83448,83448,78448
LOCAL,0100,Corporate Fund,81,Department of Streets and Sanitation,2020,Bureau of Sanitation,0162,REPAIR/MAINT EQUIPMENT,13910,13910,9620
LOCAL,0100,Corporate Fund,81,Department of Streets and Sanitation,2020,Bureau of Sanitation,0166,"DUES, SUBSCRIPTIONS AND MEMBERSHIPS",1795,1795,4034
LOCAL,0100,Corporate Fund,81,Department of Streets and Sanitation,2020,Bureau of Sanitation,0181,MOBILE COMMUNICATION SERVICES,18000,18000,15000
LOCAL,0100,Corporate Fund,81,Department of Streets and Sanitation,2020,Bureau of Sanitation,0185,WASTE DISPOSAL SERVICES,43662056,43662056,42910780
LOCAL,0100,Corporate Fund,81,Department of Streets and Sanitation,2020,Bureau of Sanitation,0188,VEHICLE TRACKING SERVICE,178535,178535,198910
LOCAL,0100,Corporate Fund,81,Department of Streets and Sanitation,2020,Bureau of Sanitation,0189,TELEPHONE - NON-CENTREX BILLINGS,9650,9650,9650
LOCAL,0100,Corporate Fund,81,Department of Streets and Sanitation,2020,Bureau of Sanitation,0190,TELEPHONE - CENTREX BILLINGS,0,0,59900
LOCAL,0100,Corporate Fund,81,Department of Streets and Sanitation,2020,Bureau of Sanitation,0196,DATA CIRCUITS,31200,31200,31200
LOCAL,0100,Corporate Fund,81,Department of Streets and Sanitation,2020,Bureau of Sanitation,0197,TELEPHONE - MAINTENANCE,2425,2425,2425
LOCAL,0100,Corporate Fund,81,Department of Streets and Sanitation,2020,Bureau of Sanitation,0313,CLEANING AND SANITATION SUPPLIES,21803,21803,20203
LOCAL,0100,Corporate Fund,81,Department of Streets and Sanitation,2020,Bureau of Sanitation,0319,CLOTHING,74000,74000,67500
LOCAL,0100,Corporate Fund,81,Department of Streets and Sanitation,2020,Bureau of Sanitation,0340,MATERIAL AND SUPPLIES,72474,72474,61442
LOCAL,0100,Corporate Fund,81,Department of Streets and Sanitation,2020,Bureau of Sanitation,0341,CHEMICALS,40000,40000,33464
LOCAL,0100,Corporate Fund,81,Department of Streets and Sanitation,2020,Bureau of Sanitation,0350,STATIONERY AND OFFICE SUPPLIES,10946,10946,10946
LOCAL,0100,Corporate Fund,81,Department of Streets and Sanitation,2020,Bureau of Sanitation,0401,TOOL <= $100 UNIT,33102,33102,33102
LOCAL,0100,Corporate Fund,81,Department of Streets and Sanitation,2020,Bureau of Sanitation,0402,TOOLS > $100 UNIT,13000,13000,0
LOCAL,0100,Corporate Fund,81,Department of Streets and Sanitation,2025,Bureau of Rodent Control,0005,SALARIES AND WAGES - ON PAYROLL,9475174,9475174,9907957
LOCAL,0100,Corporate Fund,81,Department of Streets and Sanitation,2025,Bureau of Rodent Control,0012,CONTRACT WAGE - PREVAILING RATE,73082,73082,75830
LOCAL,0100,Corporate Fund,81,Department of Streets and Sanitation,2025,Bureau of Rodent Control,0015,SCHEDULE SALARY ADJUSTMENTS,0,0,11817
LOCAL,0100,Corporate Fund,81,Department of Streets and Sanitation,2025,Bureau of Rodent Control,0020,OVERTIME,5500,5500,5500
LOCAL,0100,Corporate Fund,81,Department of Streets and Sanitation,2025,Bureau of Rodent Control,0140,PROFESSIONAL AND TECHNICAL SERVICES,2800000,2800000,2800000
LOCAL,0100,Corporate Fund,81,Department of Streets and Sanitation,2025,Bureau of Rodent Control,0157,RENTAL EQUIPMENT AND SERVICES,108814,108814,79814
LOCAL,0100,Corporate Fund,81,Department of Streets and Sanitation,2025,Bureau of Rodent Control,0159,LEASE/PURCHASE EQUIPMENT,2900,2900,2900
LOCAL,0100,Corporate Fund,81,Department of Streets and Sanitation,2025,Bureau of Rodent Control,0181,MOBILE COMMUNICATION SERVICES,61500,61500,57500
LOCAL,0100,Corporate Fund,81,Department of Streets and Sanitation,2025,Bureau of Rodent Control,0188,VEHICLE TRACKING SERVICE,11774,11774,18290
LOCAL,0100,Corporate Fund,81,Department of Streets and Sanitation,2025,Bureau of Rodent Control,0190,TELEPHONE - CENTREX BILLINGS,14600,14600,22300
LOCAL,0100,Corporate Fund,81,Department of Streets and Sanitation,2025,Bureau of Rodent Control,0197,TELEPHONE - MAINTENANCE,700,700,0
LOCAL,0100,Corporate Fund,81,Department of Streets and Sanitation,2025,Bureau of Rodent Control,0313,CLEANING AND SANITATION SUPPLIES,304,304,304
LOCAL,0100,Corporate Fund,81,Department of Streets and Sanitation,2025,Bureau of Rodent Control,0319,CLOTHING,16250,16250,15250
LOCAL,0100,Corporate Fund,81,Department of Streets and Sanitation,2025,Bureau of Rodent Control,0340,MATERIAL AND SUPPLIES,323378,323378,73378
LOCAL,0100,Corporate Fund,81,Department of Streets and Sanitation,2025,Bureau of Rodent Control,0350,STATIONERY AND OFFICE SUPPLIES,4230,4230,4230
LOCAL,0100,Corporate Fund,81,Department of Streets and Sanitation,2025,Bureau of Rodent Control,0401,TOOL <= $100 UNIT,7222,7222,7222
LOCAL,0100,Corporate Fund,81,Department of Streets and Sanitation,2045,Bureau of Street Operations,0005,SALARIES AND WAGES - ON PAYROLL,17363828,17363828,17699844
LOCAL,0100,Corporate Fund,81,Department of Streets and Sanitation,2045,Bureau of Street Operations,0012,CONTRACT WAGE - PREVAILING RATE,123287,123287,125044
LOCAL,0100,Corporate Fund,81,Department of Streets and Sanitation,2045,Bureau of Street Operations,0015,SCHEDULE SALARY ADJUSTMENTS,81402,81402,83757
LOCAL,0100,Corporate Fund,81,Department of Streets and Sanitation,2045,Bureau of Street Operations,0020,OVERTIME,1629000,1629000,1629000
LOCAL,0100,Corporate Fund,81,Department of Streets and Sanitation,2045,Bureau of Street Operations,0135,DELEGATE AGENCIES,825000,825000,825000
LOCAL,0100,Corporate Fund,81,Department of Streets and Sanitation,2045,Bureau of Street Operations,0140,PROFESSIONAL AND TECHNICAL SERVICES,32360,32360,13200
LOCAL,0100,Corporate Fund,81,Department of Streets and Sanitation,2045,Bureau of Street Operations,0157,RENTAL EQUIPMENT AND SERVICES,234688,234688,223775
LOCAL,0100,Corporate Fund,81,Department of Streets and Sanitation,2045,Bureau of Street Operations,0162,REPAIR/MAINT EQUIPMENT,100800,100800,100800
LOCAL,0100,Corporate Fund,81,Department of Streets and Sanitation,2045,Bureau of Street Operations,0188,VEHICLE TRACKING SERVICE,160000,160000,216635
LOCAL,0100,Corporate Fund,81,Department of Streets and Sanitation,2045,Bureau of Street Operations,0319,CLOTHING,7725,7725,4000
LOCAL,0100,Corporate Fund,81,Department of Streets and Sanitation,2045,Bureau of Street Operations,0340,MATERIAL AND SUPPLIES,242400,242400,92400
LOCAL,0100,Corporate Fund,81,Department of Streets and Sanitation,2045,Bureau of Street Operations,0341,CHEMICALS,120000,120000,165000
LOCAL,0100,Corporate Fund,81,Department of Streets and Sanitation,2045,Bureau of Street Operations,0362,PAINTS AND PAINTING SUPPLIES,270000,270000,215000
LOCAL,0100,Corporate Fund,81,Department of Streets and Sanitation,2060,Bureau of Forestry,0005,SALARIES AND WAGES - ON PAYROLL,14851935,14851935,15869749
LOCAL,0100,Corporate Fund,81,Department of Streets and Sanitation,2060,Bureau of Forestry,0012,CONTRACT WAGE - PREVAILING RATE,120933,120933,125871
LOCAL,0100,Corporate Fund,81,Department of Streets and Sanitation,2060,Bureau of Forestry,0015,SCHEDULE SALARY ADJUSTMENTS,2524,2524,4528
LOCAL,0100,Corporate Fund,81,Department of Streets and Sanitation,2060,Bureau of Forestry,0020,OVERTIME,500000,500000,500000
LOCAL,0100,Corporate Fund,81,Department of Streets and Sanitation,2060,Bureau of Forestry,0126,OFFICE CONVENIENCES,1280,1280,1300
LOCAL,0100,Corporate Fund,81,Department of Streets and Sanitation,2060,Bureau of Forestry,0130,POSTAGE,120,1120,120
LOCAL,0100,Corporate Fund,81,Department of Streets and Sanitation,2060,Bureau of Forestry,0140,PROFESSIONAL AND TECHNICAL SERVICES,1030350,1029350,1228200
LOCAL,0100,Corporate Fund,81,Department of Streets and Sanitation,2060,Bureau of Forestry,0154,RENTAL-DATA HARDWARE EQUIPMENT,1500,1500,1500
LOCAL,0100,Corporate Fund,81,Department of Streets and Sanitation,2060,Bureau of Forestry,0157,RENTAL EQUIPMENT AND SERVICES,1059127,1059127,1070664
LOCAL,0100,Corporate Fund,81,Department of Streets and Sanitation,2060,Bureau of Forestry,0159,LEASE/PURCHASE EQUIPMENT,7100,7100,7100
LOCAL,0100,Corporate Fund,81,Department of Streets and Sanitation,2060,Bureau of Forestry,0160,REPAIR/MAINT PROPERTY,400,400,200
LOCAL,0100,Corporate Fund,81,Department of Streets and Sanitation,2060,Bureau of Forestry,0162,REPAIR/MAINT EQUIPMENT,4700,4700,2500
LOCAL,0100,Corporate Fund,81,Department of Streets and Sanitation,2060,Bureau of Forestry,0188,VEHICLE TRACKING SERVICE,52411,52411,62774
LOCAL,0100,Corporate Fund,81,Department of Streets and Sanitation,2060,Bureau of Forestry,0190,TELEPHONE - CENTREX BILLINGS,6100,6100,15200
LOCAL,0100,Corporate Fund,81,Department of Streets and Sanitation,2060,Bureau of Forestry,0197,TELEPHONE - MAINTENANCE,31,31,31
LOCAL,0100,Corporate Fund,81,Department of Streets and Sanitation,2060,Bureau of Forestry,0229,TRANSPORTATION AND EXPENSE ALLOWANCE,3500,3500,2600
LOCAL,0100,Corporate Fund,81,Department of Streets and Sanitation,2060,Bureau of Forestry,0313,CLEANING AND SANITATION SUPPLIES,2530,2530,2530
LOCAL,0100,Corporate Fund,81,Department of Streets and Sanitation,2060,Bureau of Forestry,0319,CLOTHING,68000,68000,38000
LOCAL,0100,Corporate Fund,81,Department of Streets and Sanitation,2060,Bureau of Forestry,0340,MATERIAL AND SUPPLIES,40945,40945,42250
LOCAL,0100,Corporate Fund,81,Department of Streets and Sanitation,2060,Bureau of Forestry,0345,APPARATUS AND INSTRUMENTS,500,500,500
LOCAL,0100,Corporate Fund,81,Department of Streets and Sanitation,2060,Bureau of Forestry,0350,STATIONERY AND OFFICE SUPPLIES,5400,5400,4300
LOCAL,0100,Corporate Fund,81,Department of Streets and Sanitation,2060,Bureau of Forestry,0360,REPAIR PARTS AND MATERIAL,30000,30000,30000
LOCAL,0100,Corporate Fund,81,Department of Streets and Sanitation,2060,Bureau of Forestry,0361,BUILDING MATERIALS AND SUPPLIES,1500,1500,1500
LOCAL,0100,Corporate Fund,81,Department of Streets and Sanitation,2060,Bureau of Forestry,0362,PAINTS AND PAINTING SUPPLIES,800,800,500
LOCAL,0100,Corporate Fund,81,Department of Streets and Sanitation,2060,Bureau of Forestry,0363,STRUCTURAL STEELS  IRON  OTHER MATERIALS,270,270,170
LOCAL,0100,Corporate Fund,81,Department of Streets and Sanitation,2060,Bureau of Forestry,0423,COMMUNICATION DEVICES,900,900,500
LOCAL,0100,Corporate Fund,81,Department of Streets and Sanitation,2060,Bureau of Forestry,0440,MACHINERY AND EQUIPMENT,150150,150150,50000
LOCAL,0300,Vehicle Tax Fund,81,Department of Streets and Sanitation,2020,Bureau of Sanitation,0005,SALARIES AND WAGES - ON PAYROLL,5160237,5160237,5183557
LOCAL,0300,Vehicle Tax Fund,81,Department of Streets and Sanitation,2020,Bureau of Sanitation,0012,CONTRACT WAGE - PREVAILING RATE,48640,48640,48000
LOCAL,0300,Vehicle Tax Fund,81,Department of Streets and Sanitation,2020,Bureau of Sanitation,0020,OVERTIME,20000,20000,20000
LOCAL,0300,Vehicle Tax Fund,81,Department of Streets and Sanitation,2020,Bureau of Sanitation,0150,OUTSIDE GRAPHIC SERVICES,30000,30000,30000
LOCAL,0300,Vehicle Tax Fund,81,Department of Streets and Sanitation,2020,Bureau of Sanitation,0157,RENTAL EQUIPMENT AND SERVICES,2208307,2208307,2208307
LOCAL,0300,Vehicle Tax Fund,81,Department of Streets and Sanitation,2020,Bureau of Sanitation,0423,COMMUNICATION DEVICES,500,500,500
LOCAL,0300,Vehicle Tax Fund,81,Department of Streets and Sanitation,2045,Bureau of Street Operations,0005,SALARIES AND WAGES - ON PAYROLL,5816590,5816590,6072646
LOCAL,0300,Vehicle Tax Fund,81,Department of Streets and Sanitation,2045,Bureau of Street Operations,0012,CONTRACT WAGE - PREVAILING RATE,39143,39143,41760
LOCAL,0300,Vehicle Tax Fund,81,Department of Streets and Sanitation,2045,Bureau of Street Operations,0015,SCHEDULE SALARY ADJUSTMENTS,5540,5540,14235
LOCAL,0300,Vehicle Tax Fund,81,Department of Streets and Sanitation,2045,Bureau of Street Operations,0020,OVERTIME,1000000,1000000,950000
LOCAL,0300,Vehicle Tax Fund,81,Department of Streets and Sanitation,2045,Bureau of Street Operations,0126,OFFICE CONVENIENCES,4500,4500,3000
LOCAL,0300,Vehicle Tax Fund,81,Department of Streets and Sanitation,2045,Bureau of Street Operations,0157,RENTAL EQUIPMENT AND SERVICES,73098,73098,60712
LOCAL,0300,Vehicle Tax Fund,81,Department of Streets and Sanitation,2045,Bureau of Street Operations,0159,LEASE/PURCHASE EQUIPMENT,1000,1000,1000
LOCAL,0300,Vehicle Tax Fund,81,Department of Streets and Sanitation,2045,Bureau of Street Operations,0162,REPAIR/MAINT EQUIPMENT,5000,5000,0
LOCAL,0300,Vehicle Tax Fund,81,Department of Streets and Sanitation,2045,Bureau of Street Operations,0181,MOBILE COMMUNICATION SERVICES,14000,14000,12000
LOCAL,0300,Vehicle Tax Fund,81,Department of Streets and Sanitation,2045,Bureau of Street Operations,0185,WASTE DISPOSAL SERVICES,1745000,1745000,1545000
LOCAL,0300,Vehicle Tax Fund,81,Department of Streets and Sanitation,2045,Bureau of Street Operations,0190,TELEPHONE - CENTREX BILLINGS,15700,15700,18700
LOCAL,0300,Vehicle Tax Fund,81,Department of Streets and Sanitation,2045,Bureau of Street Operations,0196,DATA CIRCUITS,6700,6700,6700
LOCAL,0300,Vehicle Tax Fund,81,Department of Streets and Sanitation,2045,Bureau of Street Operations,0197,TELEPHONE - MAINTENANCE,1678,1678,1678
LOCAL,0300,Vehicle Tax Fund,81,Department of Streets and Sanitation,2045,Bureau of Street Operations,0313,CLEANING AND SANITATION SUPPLIES,1250,1250,1250
LOCAL,0300,Vehicle Tax Fund,81,Department of Streets and Sanitation,2045,Bureau of Street Operations,0340,MATERIAL AND SUPPLIES,190341,190341,150134
LOCAL,0300,Vehicle Tax Fund,81,Department of Streets and Sanitation,2045,Bureau of Street Operations,0350,STATIONERY AND OFFICE SUPPLIES,10000,10000,10000
LOCAL,0300,Vehicle Tax Fund,81,Department of Streets and Sanitation,2045,Bureau of Street Operations,0401,TOOL <= $100 UNIT,22000,22000,21300
LOCAL,0300,Vehicle Tax Fund,81,Department of Streets and Sanitation,2045,Bureau of Street Operations,0402,TOOLS > $100 UNIT,11700,11700,7700
LOCAL,0300,Vehicle Tax Fund,81,Department of Streets and Sanitation,2045,Bureau of Street Operations,0423,COMMUNICATION DEVICES,17450,17450,26450
LOCAL,0300,Vehicle Tax Fund,81,Department of Streets and Sanitation,2045,Bureau of Street Operations,9438,REIMBURSEMENT - AIM,5000,5000,5000
LOCAL,0300,Vehicle Tax Fund,81,Department of Streets and Sanitation,2070,Bureau of Traffic Services,0005,SALARIES AND WAGES - ON PAYROLL,13627019,13627019,13419680
LOCAL,0300,Vehicle Tax Fund,81,Department of Streets and Sanitation,2070,Bureau of Traffic Services,0012,CONTRACT WAGE - PREVAILING RATE,78375,78375,77488
LOCAL,0300,Vehicle Tax Fund,81,Department of Streets and Sanitation,2070,Bureau of Traffic Services,0015,SCHEDULE SALARY ADJUSTMENTS,29835,29835,40189
LOCAL,0300,Vehicle Tax Fund,81,Department of Streets and Sanitation,2070,Bureau of Traffic Services,0020,OVERTIME,600000,600000,600000
LOCAL,0300,Vehicle Tax Fund,81,Department of Streets and Sanitation,2070,Bureau of Traffic Services,0091,UNIFORM ALLOWANCE,22500,22500,22500
LOCAL,0300,Vehicle Tax Fund,81,Department of Streets and Sanitation,2070,Bureau of Traffic Services,0126,OFFICE CONVENIENCES,2350,2350,2350
LOCAL,0300,Vehicle Tax Fund,81,Department of Streets and Sanitation,2070,Bureau of Traffic Services,0130,POSTAGE,488000,488000,600000
LOCAL,0300,Vehicle Tax Fund,81,Department of Streets and Sanitation,2070,Bureau of Traffic Services,0140,PROFESSIONAL AND TECHNICAL SERVICES,9044700,9044700,9248900
LOCAL,0300,Vehicle Tax Fund,81,Department of Streets and Sanitation,2070,Bureau of Traffic Services,0150,OUTSIDE GRAPHIC SERVICES,8000,8000,9000
LOCAL,0300,Vehicle Tax Fund,81,Department of Streets and Sanitation,2070,Bureau of Traffic Services,0157,RENTAL EQUIPMENT AND SERVICES,62450,62450,61250
LOCAL,0300,Vehicle Tax Fund,81,Department of Streets and Sanitation,2070,Bureau of Traffic Services,0162,REPAIR/MAINT EQUIPMENT,32500,32500,24650
LOCAL,0300,Vehicle Tax Fund,81,Department of Streets and Sanitation,2070,Bureau of Traffic Services,0181,MOBILE COMMUNICATION SERVICES,235000,235000,205000
LOCAL,0300,Vehicle Tax Fund,81,Department of Streets and Sanitation,2070,Bureau of Traffic Services,0189,TELEPHONE - NON-CENTREX BILLINGS,2750,2750,2750
LOCAL,0300,Vehicle Tax Fund,81,Department of Streets and Sanitation,2070,Bureau of Traffic Services,0190,TELEPHONE - CENTREX BILLINGS,11800,11800,18800
LOCAL,0300,Vehicle Tax Fund,81,Department of Streets and Sanitation,2070,Bureau of Traffic Services,0313,CLEANING AND SANITATION SUPPLIES,700,700,200
LOCAL,0300,Vehicle Tax Fund,81,Department of Streets and Sanitation,2070,Bureau of Traffic Services,0319,CLOTHING,2500,2500,2500
LOCAL,0300,Vehicle Tax Fund,81,Department of Streets and Sanitation,2070,Bureau of Traffic Services,0340,MATERIAL AND SUPPLIES,94850,94850,94100
LOCAL,0300,Vehicle Tax Fund,81,Department of Streets and Sanitation,2070,Bureau of Traffic Services,0350,STATIONERY AND OFFICE SUPPLIES,33000,33000,33000
LOCAL,0300,Vehicle Tax Fund,81,Department of Streets and Sanitation,2070,Bureau of Traffic Services,0992,TOW STORAGE REFUNDS,400000,400000,400000
LOCAL,0300,Vehicle Tax Fund,81,Department of Streets and Sanitation,2070,Bureau of Traffic Services,9438,REIMBURSEMENT - AIM,28000,28000,50500
LOCAL,0310,Motor Fuel Tax Fund,81,Department of Streets and Sanitation,2045,Bureau of Street Operations,0340,MATERIAL AND SUPPLIES,13052000,13052000,16557500
LOCAL,0B32,Garbage Collection Fund,81,Department of Streets and Sanitation,2020,Bureau of Sanitation,0005,SALARIES AND WAGES - ON PAYROLL,58469491,58469491,62918274
LOCAL,0B32,Garbage Collection Fund,81,Department of Streets and Sanitation,2020,Bureau of Sanitation,0012,CONTRACT WAGE - PREVAILING RATE,392599,392599,453337
LOCAL,0B32,Garbage Collection Fund,81,Department of Streets and Sanitation,2020,Bureau of Sanitation,0015,SCHEDULE SALARY ADJUSTMENTS,90374,90374,95935
LOCAL,0B32,Garbage Collection Fund,81,Department of Streets and Sanitation,2020,Bureau of Sanitation,0020,OVERTIME,1277970,1277970,1277970
LOCAL,0100,Corporate Fund,84,Chicago Department of Transportation,2105,Commissioner's Office,0005,SALARIES AND WAGES - ON PAYROLL,2896263,2896263,2434013
LOCAL,0100,Corporate Fund,84,Chicago Department of Transportation,2105,Commissioner's Office,0015,SCHEDULE SALARY ADJUSTMENTS,6485,6485,15419
LOCAL,0100,Corporate Fund,84,Chicago Department of Transportation,2105,Commissioner's Office,0130,POSTAGE,550,550,700
LOCAL,0100,Corporate Fund,84,Chicago Department of Transportation,2105,Commissioner's Office,0140,PROFESSIONAL AND TECHNICAL SERVICES,66000,64127,50000
LOCAL,0100,Corporate Fund,84,Chicago Department of Transportation,2105,Commissioner's Office,0159,LEASE/PURCHASE EQUIPMENT,15319,17192,15319
LOCAL,0100,Corporate Fund,84,Chicago Department of Transportation,2105,Commissioner's Office,0166,"DUES, SUBSCRIPTIONS AND MEMBERSHIPS",102543,102543,101928
LOCAL,0100,Corporate Fund,84,Chicago Department of Transportation,2105,Commissioner's Office,0168,EDUCATION DEVELOPMENT,8000,8000,0
LOCAL,0100,Corporate Fund,84,Chicago Department of Transportation,2105,Commissioner's Office,0169,TECHNICAL MEETING COSTS,0,0,8000
LOCAL,0100,Corporate Fund,84,Chicago Department of Transportation,2105,Commissioner's Office,0178,FREIGHT AND EXPRESS CHARGES,250,250,0
LOCAL,0100,Corporate Fund,84,Chicago Department of Transportation,2105,Commissioner's Office,0181,MOBILE COMMUNICATION SERVICES,11600,11600,11600
LOCAL,0100,Corporate Fund,84,Chicago Department of Transportation,2105,Commissioner's Office,0190,TELEPHONE - CENTREX BILLINGS,7100,7100,7100
LOCAL,0100,Corporate Fund,84,Chicago Department of Transportation,2105,Commissioner's Office,0191,TELEPHONE - RELOCATIONS,400,400,0
LOCAL,0100,Corporate Fund,84,Chicago Department of Transportation,2105,Commissioner's Office,0197,TELEPHONE - MAINTENANCE,18,18,18
LOCAL,0100,Corporate Fund,84,Chicago Department of Transportation,2105,Commissioner's Office,0245,REIMBURSEMENT TO TRAVELERS,2500,2500,2500
LOCAL,0100,Corporate Fund,84,Chicago Department of Transportation,2105,Commissioner's Office,0270,LOCAL TRANSPORTATION,200,200,200
LOCAL,0100,Corporate Fund,84,Chicago Department of Transportation,2105,Commissioner's Office,0340,MATERIAL AND SUPPLIES,1600,1600,1000
LOCAL,0100,Corporate Fund,84,Chicago Department of Transportation,2105,Commissioner's Office,0350,STATIONERY AND OFFICE SUPPLIES,5500,5500,5500
LOCAL,0100,Corporate Fund,84,Chicago Department of Transportation,2105,Commissioner's Office,0931,TORT/NON-TORT JUDGMENT,1300000,1300000,0
LOCAL,0100,Corporate Fund,84,Chicago Department of Transportation,2115,Division of Administration,0005,SALARIES AND WAGES - ON PAYROLL,4891506,4891506,4985388
LOCAL,0100,Corporate Fund,84,Chicago Department of Transportation,2115,Division of Administration,0012,CONTRACT WAGE - PREVAILING RATE,1173,1173,1200
LOCAL,0100,Corporate Fund,84,Chicago Department of Transportation,2115,Division of Administration,0015,SCHEDULE SALARY ADJUSTMENTS,33289,33289,29135
LOCAL,0100,Corporate Fund,84,Chicago Department of Transportation,2115,Division of Administration,0039,STUDENT AS TRAINEES,5000,5000,0
LOCAL,0100,Corporate Fund,84,Chicago Department of Transportation,2115,Division of Administration,0130,POSTAGE,250,250,250
LOCAL,0100,Corporate Fund,84,Chicago Department of Transportation,2115,Division of Administration,0140,PROFESSIONAL AND TECHNICAL SERVICES,80750,80750,80500
LOCAL,0100,Corporate Fund,84,Chicago Department of Transportation,2115,Division of Administration,0150,OUTSIDE GRAPHIC SERVICES,1000,1000,500
LOCAL,0100,Corporate Fund,84,Chicago Department of Transportation,2115,Division of Administration,0152,ADVERTISING,250,250,250
LOCAL,0100,Corporate Fund,84,Chicago Department of Transportation,2115,Division of Administration,0159,LEASE/PURCHASE EQUIPMENT,17365,17365,17365
LOCAL,0100,Corporate Fund,84,Chicago Department of Transportation,2115,Division of Administration,0166,"DUES, SUBSCRIPTIONS AND MEMBERSHIPS",400,400,0
LOCAL,0100,Corporate Fund,84,Chicago Department of Transportation,2115,Division of Administration,0168,EDUCATION DEVELOPMENT,2400,2400,2800
LOCAL,0100,Corporate Fund,84,Chicago Department of Transportation,2115,Division of Administration,0178,FREIGHT AND EXPRESS CHARGES,300,300,0
LOCAL,0100,Corporate Fund,84,Chicago Department of Transportation,2115,Division of Administration,0181,MOBILE COMMUNICATION SERVICES,15120,15120,15120
LOCAL,0100,Corporate Fund,84,Chicago Department of Transportation,2115,Division of Administration,0190,TELEPHONE - CENTREX BILLINGS,15500,15500,15500
LOCAL,0100,Corporate Fund,84,Chicago Department of Transportation,2115,Division of Administration,0191,TELEPHONE - RELOCATIONS,500,500,250
LOCAL,0100,Corporate Fund,84,Chicago Department of Transportation,2115,Division of Administration,0197,TELEPHONE - MAINTENANCE,655,655,655
LOCAL,0100,Corporate Fund,84,Chicago Department of Transportation,2115,Division of Administration,0270,LOCAL TRANSPORTATION,300,300,150
LOCAL,0100,Corporate Fund,84,Chicago Department of Transportation,2115,Division of Administration,0348,BOOKS AND RELATED MATERIAL,2200,2200,1000
LOCAL,0100,Corporate Fund,84,Chicago Department of Transportation,2115,Division of Administration,0350,STATIONERY AND OFFICE SUPPLIES,12000,12000,13200
LOCAL,0100,Corporate Fund,84,Chicago Department of Transportation,2125,Division of Engineering,0140,PROFESSIONAL AND TECHNICAL SERVICES,1991330,1991330,7969953
LOCAL,0100,Corporate Fund,84,Chicago Department of Transportation,2125,Division of Engineering,0144,ENGINEERING AND ARCHITECTURE,0,0,858642
LOCAL,0100,Corporate Fund,84,Chicago Department of Transportation,2130,Division of Traffic Safety,0005,SALARIES AND WAGES - ON PAYROLL,971163,971163,915923
LOCAL,0100,Corporate Fund,84,Chicago Department of Transportation,2130,Division of Traffic Safety,0015,SCHEDULE SALARY ADJUSTMENTS,3133,3133,1760
LOCAL,0100,Corporate Fund,84,Chicago Department of Transportation,2130,Division of Traffic Safety,0138,IT MAINTENANCE,6000,6000,6000
LOCAL,0100,Corporate Fund,84,Chicago Department of Transportation,2130,Division of Traffic Safety,0140,PROFESSIONAL AND TECHNICAL SERVICES,200300,200300,200300
LOCAL,0100,Corporate Fund,84,Chicago Department of Transportation,2130,Division of Traffic Safety,0149,SOFTWARE MAINTENANCE AND LICENSING,5000,5000,5000
LOCAL,0100,Corporate Fund,84,Chicago Department of Transportation,2130,Division of Traffic Safety,0159,LEASE/PURCHASE EQUIPMENT,1400,1400,1400
LOCAL,0100,Corporate Fund,84,Chicago Department of Transportation,2130,Division of Traffic Safety,0162,REPAIR/MAINT EQUIPMENT,15167117,15167117,15098726
LOCAL,0100,Corporate Fund,84,Chicago Department of Transportation,2130,Division of Traffic Safety,0166,"DUES, SUBSCRIPTIONS AND MEMBERSHIPS",2100,2100,2100
LOCAL,0100,Corporate Fund,84,Chicago Department of Transportation,2130,Division of Traffic Safety,0169,TECHNICAL MEETING COSTS,2000,2000,2000
LOCAL,0100,Corporate Fund,84,Chicago Department of Transportation,2130,Division of Traffic Safety,0181,MOBILE COMMUNICATION SERVICES,3045,3045,23945
LOCAL,0100,Corporate Fund,84,Chicago Department of Transportation,2130,Division of Traffic Safety,0245,REIMBURSEMENT TO TRAVELERS,2500,2500,2500
LOCAL,0100,Corporate Fund,84,Chicago Department of Transportation,2130,Division of Traffic Safety,0348,BOOKS AND RELATED MATERIAL,350,350,350
LOCAL,0100,Corporate Fund,84,Chicago Department of Transportation,2130,Division of Traffic Safety,0350,STATIONERY AND OFFICE SUPPLIES,2000,2000,2000
LOCAL,0100,Corporate Fund,84,Chicago Department of Transportation,2140,Division of Sign Management,0005,SALARIES AND WAGES - ON PAYROLL,3507104,3507104,3806430
LOCAL,0100,Corporate Fund,84,Chicago Department of Transportation,2140,Division of Sign Management,0012,CONTRACT WAGE - PREVAILING RATE,29421,29421,30286
LOCAL,0100,Corporate Fund,84,Chicago Department of Transportation,2140,Division of Sign Management,0015,SCHEDULE SALARY ADJUSTMENTS,8755,8755,9027
LOCAL,0100,Corporate Fund,84,Chicago Department of Transportation,2140,Division of Sign Management,0020,OVERTIME,29442,29442,29442
LOCAL,0100,Corporate Fund,84,Chicago Department of Transportation,2140,Division of Sign Management,0130,POSTAGE,200,200,200
LOCAL,0100,Corporate Fund,84,Chicago Department of Transportation,2140,Division of Sign Management,0140,PROFESSIONAL AND TECHNICAL SERVICES,400000,400000,0
LOCAL,0100,Corporate Fund,84,Chicago Department of Transportation,2140,Division of Sign Management,0149,SOFTWARE MAINTENANCE AND LICENSING,9000,9000,9000
LOCAL,0100,Corporate Fund,84,Chicago Department of Transportation,2140,Division of Sign Management,0159,LEASE/PURCHASE EQUIPMENT,5540,4980,5540
LOCAL,0100,Corporate Fund,84,Chicago Department of Transportation,2140,Division of Sign Management,0160,REPAIR/MAINT PROPERTY,5500,5500,5500
LOCAL,0100,Corporate Fund,84,Chicago Department of Transportation,2140,Division of Sign Management,0162,REPAIR/MAINT EQUIPMENT,4000,4000,4000
LOCAL,0100,Corporate Fund,84,Chicago Department of Transportation,2140,Division of Sign Management,0181,MOBILE COMMUNICATION SERVICES,28200,28760,32556
LOCAL,0100,Corporate Fund,84,Chicago Department of Transportation,2140,Division of Sign Management,0185,WASTE DISPOSAL SERVICES,3000,3000,3000
LOCAL,0100,Corporate Fund,84,Chicago Department of Transportation,2140,Division of Sign Management,0319,CLOTHING,1300,1300,1300
LOCAL,0100,Corporate Fund,84,Chicago Department of Transportation,2140,Division of Sign Management,0340,MATERIAL AND SUPPLIES,486283,486283,840563
LOCAL,0100,Corporate Fund,84,Chicago Department of Transportation,2140,Division of Sign Management,0350,STATIONERY AND OFFICE SUPPLIES,6400,6400,6400
LOCAL,0100,Corporate Fund,84,Chicago Department of Transportation,2140,Division of Sign Management,0362,PAINTS AND PAINTING SUPPLIES,40000,40000,40000
LOCAL,0100,Corporate Fund,84,Chicago Department of Transportation,2140,Division of Sign Management,0440,MACHINERY AND EQUIPMENT,2800,2800,28800
LOCAL,0100,Corporate Fund,84,Chicago Department of Transportation,2140,Division of Sign Management,0446,PURCHASE - DATA HARDWARE,1000,1000,14485
LOCAL,0100,Corporate Fund,84,Chicago Department of Transportation,2145,Division of Project Development,0005,SALARIES AND WAGES - ON PAYROLL,3229587,3229587,3370702
LOCAL,0100,Corporate Fund,84,Chicago Department of Transportation,2145,Division of Project Development,0015,SCHEDULE SALARY ADJUSTMENTS,8139,8139,8544
LOCAL,0100,Corporate Fund,84,Chicago Department of Transportation,2145,Division of Project Development,0130,POSTAGE,250,250,250
LOCAL,0100,Corporate Fund,84,Chicago Department of Transportation,2145,Division of Project Development,0140,PROFESSIONAL AND TECHNICAL SERVICES,872371,872371,3572371
LOCAL,0100,Corporate Fund,84,Chicago Department of Transportation,2145,Division of Project Development,0149,SOFTWARE MAINTENANCE AND LICENSING,20000,20000,26000
LOCAL,0100,Corporate Fund,84,Chicago Department of Transportation,2145,Division of Project Development,0150,OUTSIDE GRAPHIC SERVICES,950,950,100
LOCAL,0100,Corporate Fund,84,Chicago Department of Transportation,2145,Division of Project Development,0152,ADVERTISING,1250,1250,0
LOCAL,0100,Corporate Fund,84,Chicago Department of Transportation,2145,Division of Project Development,0153,PROMOTIONS,2000,2000,0
LOCAL,0100,Corporate Fund,84,Chicago Department of Transportation,2145,Division of Project Development,0157,RENTAL EQUIPMENT AND SERVICES,13500,13500,0
LOCAL,0100,Corporate Fund,84,Chicago Department of Transportation,2145,Division of Project Development,0159,LEASE/PURCHASE EQUIPMENT,23286,23286,23286
LOCAL,0100,Corporate Fund,84,Chicago Department of Transportation,2145,Division of Project Development,0162,REPAIR/MAINT EQUIPMENT,8932,8932,0
LOCAL,0100,Corporate Fund,84,Chicago Department of Transportation,2145,Division of Project Development,0166,"DUES, SUBSCRIPTIONS AND MEMBERSHIPS",37635,37635,41081
LOCAL,0100,Corporate Fund,84,Chicago Department of Transportation,2145,Division of Project Development,0169,TECHNICAL MEETING COSTS,1700,1700,1700
LOCAL,0100,Corporate Fund,84,Chicago Department of Transportation,2145,Division of Project Development,0178,FREIGHT AND EXPRESS CHARGES,200,200,100
LOCAL,0100,Corporate Fund,84,Chicago Department of Transportation,2145,Division of Project Development,0181,MOBILE COMMUNICATION SERVICES,5000,5000,5420
LOCAL,0100,Corporate Fund,84,Chicago Department of Transportation,2145,Division of Project Development,0190,TELEPHONE - CENTREX BILLINGS,8700,8700,8700
LOCAL,0100,Corporate Fund,84,Chicago Department of Transportation,2145,Division of Project Development,0197,TELEPHONE - MAINTENANCE,51,51,51
LOCAL,0100,Corporate Fund,84,Chicago Department of Transportation,2145,Division of Project Development,0245,REIMBURSEMENT TO TRAVELERS,2100,2100,2100
LOCAL,0100,Corporate Fund,84,Chicago Department of Transportation,2145,Division of Project Development,0270,LOCAL TRANSPORTATION,150,150,150
LOCAL,0100,Corporate Fund,84,Chicago Department of Transportation,2145,Division of Project Development,0312,SOFTWARE PURCHASES,22200,22200,21200
LOCAL,0100,Corporate Fund,84,Chicago Department of Transportation,2145,Division of Project Development,0348,BOOKS AND RELATED MATERIAL,400,400,400
LOCAL,0100,Corporate Fund,84,Chicago Department of Transportation,2145,Division of Project Development,0350,STATIONERY AND OFFICE SUPPLIES,7250,7250,7000
LOCAL,0100,Corporate Fund,84,Chicago Department of Transportation,2145,Division of Project Development,0446,PURCHASE - DATA HARDWARE,0,0,2440
LOCAL,0100,Corporate Fund,84,Chicago Department of Transportation,2145,Division of Project Development,9142,X-OFFENDER/RE-ENTRY INITIATIVES,250000,250000,250000
LOCAL,0100,Corporate Fund,84,Chicago Department of Transportation,2150,Division of Electrical Operations,0005,SALARIES AND WAGES - ON PAYROLL,7935111,7935111,7630114
LOCAL,0100,Corporate Fund,84,Chicago Department of Transportation,2150,Division of Electrical Operations,0012,CONTRACT WAGE - PREVAILING RATE,97807,97807,91670
LOCAL,0100,Corporate Fund,84,Chicago Department of Transportation,2150,Division of Electrical Operations,0015,SCHEDULE SALARY ADJUSTMENTS,3156,3156,0
LOCAL,0100,Corporate Fund,84,Chicago Department of Transportation,2150,Division of Electrical Operations,0020,OVERTIME,148775,148775,148775
LOCAL,0100,Corporate Fund,84,Chicago Department of Transportation,2150,Division of Electrical Operations,0130,POSTAGE,200,200,165
LOCAL,0100,Corporate Fund,84,Chicago Department of Transportation,2150,Division of Electrical Operations,0140,PROFESSIONAL AND TECHNICAL SERVICES,0,0,1464770
LOCAL,0100,Corporate Fund,84,Chicago Department of Transportation,2150,Division of Electrical Operations,0149,SOFTWARE MAINTENANCE AND LICENSING,2000,2000,2000
LOCAL,0100,Corporate Fund,84,Chicago Department of Transportation,2150,Division of Electrical Operations,0157,RENTAL EQUIPMENT AND SERVICES,38060,38060,758487
LOCAL,0100,Corporate Fund,84,Chicago Department of Transportation,2150,Division of Electrical Operations,0159,LEASE/PURCHASE EQUIPMENT,25451,25451,23571
LOCAL,0100,Corporate Fund,84,Chicago Department of Transportation,2150,Division of Electrical Operations,0162,REPAIR/MAINT EQUIPMENT,28398,28398,23200
LOCAL,0100,Corporate Fund,84,Chicago Department of Transportation,2150,Division of Electrical Operations,0181,MOBILE COMMUNICATION SERVICES,12000,12000,71340
LOCAL,0100,Corporate Fund,84,Chicago Department of Transportation,2150,Division of Electrical Operations,0188,VEHICLE TRACKING SERVICE,5696,5696,20791
LOCAL,0100,Corporate Fund,84,Chicago Department of Transportation,2150,Division of Electrical Operations,0189,TELEPHONE - NON-CENTREX BILLINGS,2500,2500,2500
LOCAL,0100,Corporate Fund,84,Chicago Department of Transportation,2150,Division of Electrical Operations,0190,TELEPHONE - CENTREX BILLINGS,52800,52800,59200
LOCAL,0100,Corporate Fund,84,Chicago Department of Transportation,2150,Division of Electrical Operations,0196,DATA CIRCUITS,16500,16500,16500
LOCAL,0100,Corporate Fund,84,Chicago Department of Transportation,2150,Division of Electrical Operations,0197,TELEPHONE - MAINTENANCE,162,162,162
LOCAL,0100,Corporate Fund,84,Chicago Department of Transportation,2150,Division of Electrical Operations,0229,TRANSPORTATION AND EXPENSE ALLOWANCE,14000,14000,131560
LOCAL,0100,Corporate Fund,84,Chicago Department of Transportation,2150,Division of Electrical Operations,0319,CLOTHING,5600,5600,11730
LOCAL,0100,Corporate Fund,84,Chicago Department of Transportation,2150,Division of Electrical Operations,0340,MATERIAL AND SUPPLIES,504670,504670,1522950
LOCAL,0100,Corporate Fund,84,Chicago Department of Transportation,2150,Division of Electrical Operations,0350,STATIONERY AND OFFICE SUPPLIES,7900,7900,11800
LOCAL,0100,Corporate Fund,84,Chicago Department of Transportation,2150,Division of Electrical Operations,0440,MACHINERY AND EQUIPMENT,0,0,3250
LOCAL,0100,Corporate Fund,84,Chicago Department of Transportation,2150,Division of Electrical Operations,0446,PURCHASE - DATA HARDWARE,10000,10000,33955
LOCAL,0100,Corporate Fund,84,Chicago Department of Transportation,2155,Division of In-House Construction,0005,SALARIES AND WAGES - ON PAYROLL,11181466,11181466,4065987
LOCAL,0100,Corporate Fund,84,Chicago Department of Transportation,2155,Division of In-House Construction,0012,CONTRACT WAGE - PREVAILING RATE,91244,91244,0
LOCAL,0100,Corporate Fund,84,Chicago Department of Transportation,2155,Division of In-House Construction,0015,SCHEDULE SALARY ADJUSTMENTS,27093,27093,14643
LOCAL,0100,Corporate Fund,84,Chicago Department of Transportation,2155,Division of In-House Construction,0020,OVERTIME,1500000,1500000,1500000
LOCAL,0100,Corporate Fund,84,Chicago Department of Transportation,2155,Division of In-House Construction,0140,PROFESSIONAL AND TECHNICAL SERVICES,16500,16500,16500
LOCAL,0100,Corporate Fund,84,Chicago Department of Transportation,2155,Division of In-House Construction,0157,RENTAL EQUIPMENT AND SERVICES,70195,70195,1144901
LOCAL,0100,Corporate Fund,84,Chicago Department of Transportation,2155,Division of In-House Construction,0159,LEASE/PURCHASE EQUIPMENT,4488,4488,4488
LOCAL,0100,Corporate Fund,84,Chicago Department of Transportation,2155,Division of In-House Construction,0160,REPAIR/MAINT PROPERTY,38000,38000,8800
LOCAL,0100,Corporate Fund,84,Chicago Department of Transportation,2155,Division of In-House Construction,0162,REPAIR/MAINT EQUIPMENT,30149,30149,0
LOCAL,0100,Corporate Fund,84,Chicago Department of Transportation,2155,Division of In-House Construction,0181,MOBILE COMMUNICATION SERVICES,11400,11400,21300
LOCAL,0100,Corporate Fund,84,Chicago Department of Transportation,2155,Division of In-House Construction,0185,WASTE DISPOSAL SERVICES,35365,35365,35365
LOCAL,0100,Corporate Fund,84,Chicago Department of Transportation,2155,Division of In-House Construction,0188,VEHICLE TRACKING SERVICE,12816,12816,12816
LOCAL,0100,Corporate Fund,84,Chicago Department of Transportation,2155,Division of In-House Construction,0190,TELEPHONE - CENTREX BILLINGS,24000,24000,28400
LOCAL,0100,Corporate Fund,84,Chicago Department of Transportation,2155,Division of In-House Construction,0197,TELEPHONE - MAINTENANCE,1575,1575,1575
LOCAL,0100,Corporate Fund,84,Chicago Department of Transportation,2155,Division of In-House Construction,0245,REIMBURSEMENT TO TRAVELERS,50,50,0
LOCAL,0100,Corporate Fund,84,Chicago Department of Transportation,2155,Division of In-House Construction,0313,CLEANING AND SANITATION SUPPLIES,2000,2000,2000
LOCAL,0100,Corporate Fund,84,Chicago Department of Transportation,2155,Division of In-House Construction,0316,GAS - BOTTLED AND PROPANE,16000,16000,0
LOCAL,0100,Corporate Fund,84,Chicago Department of Transportation,2155,Division of In-House Construction,0319,CLOTHING,5900,5900,5400
LOCAL,0100,Corporate Fund,84,Chicago Department of Transportation,2155,Division of In-House Construction,0340,MATERIAL AND SUPPLIES,223537,223537,0
LOCAL,0100,Corporate Fund,84,Chicago Department of Transportation,2155,Division of In-House Construction,0350,STATIONERY AND OFFICE SUPPLIES,2000,2000,2000
LOCAL,0100,Corporate Fund,84,Chicago Department of Transportation,2155,Division of In-House Construction,0365,ELECTRICAL SUPPLIES,21100,21100,0
LOCAL,0100,Corporate Fund,84,Chicago Department of Transportation,2155,Division of In-House Construction,0440,MACHINERY AND EQUIPMENT,6500,6500,6500
LOCAL,0100,Corporate Fund,84,Chicago Department of Transportation,2155,Division of In-House Construction,0446,PURCHASE - DATA HARDWARE,0,0,9220
LOCAL,0300,Vehicle Tax Fund,84,Chicago Department of Transportation,2125,Division of Engineering,0005,SALARIES AND WAGES - ON PAYROLL,7721013,7721013,7406809
LOCAL,0300,Vehicle Tax Fund,84,Chicago Department of Transportation,2125,Division of Engineering,0012,CONTRACT WAGE - PREVAILING RATE,24897,24897,20192
LOCAL,0300,Vehicle Tax Fund,84,Chicago Department of Transportation,2125,Division of Engineering,0015,SCHEDULE SALARY ADJUSTMENTS,17410,17410,11626
LOCAL,0300,Vehicle Tax Fund,84,Chicago Department of Transportation,2125,Division of Engineering,0020,OVERTIME,30000,30000,50000
LOCAL,0300,Vehicle Tax Fund,84,Chicago Department of Transportation,2125,Division of Engineering,0039,STUDENT AS TRAINEES,10000,10000,0
LOCAL,0300,Vehicle Tax Fund,84,Chicago Department of Transportation,2125,Division of Engineering,0140,PROFESSIONAL AND TECHNICAL SERVICES,6578623,6578623,0
LOCAL,0300,Vehicle Tax Fund,84,Chicago Department of Transportation,2125,Division of Engineering,0144,ENGINEERING AND ARCHITECTURE,858642,858642,0
LOCAL,0300,Vehicle Tax Fund,84,Chicago Department of Transportation,2125,Division of Engineering,0149,SOFTWARE MAINTENANCE AND LICENSING,220000,220000,235000
LOCAL,0300,Vehicle Tax Fund,84,Chicago Department of Transportation,2125,Division of Engineering,0150,OUTSIDE GRAPHIC SERVICES,1000,1000,300
LOCAL,0300,Vehicle Tax Fund,84,Chicago Department of Transportation,2125,Division of Engineering,0152,ADVERTISING,1000,1000,1000
LOCAL,0300,Vehicle Tax Fund,84,Chicago Department of Transportation,2125,Division of Engineering,0159,LEASE/PURCHASE EQUIPMENT,21025,21025,30013
LOCAL,0300,Vehicle Tax Fund,84,Chicago Department of Transportation,2125,Division of Engineering,0166,"DUES, SUBSCRIPTIONS AND MEMBERSHIPS",8500,8500,9000
LOCAL,0300,Vehicle Tax Fund,84,Chicago Department of Transportation,2125,Division of Engineering,0169,TECHNICAL MEETING COSTS,4500,4500,4500
LOCAL,0300,Vehicle Tax Fund,84,Chicago Department of Transportation,2125,Division of Engineering,0181,MOBILE COMMUNICATION SERVICES,16400,16400,17984
LOCAL,0300,Vehicle Tax Fund,84,Chicago Department of Transportation,2125,Division of Engineering,0190,TELEPHONE - CENTREX BILLINGS,7000,7000,7000
LOCAL,0300,Vehicle Tax Fund,84,Chicago Department of Transportation,2125,Division of Engineering,0197,TELEPHONE - MAINTENANCE,37,37,37
LOCAL,0300,Vehicle Tax Fund,84,Chicago Department of Transportation,2125,Division of Engineering,0229,TRANSPORTATION AND EXPENSE ALLOWANCE,41378,41378,41378
LOCAL,0300,Vehicle Tax Fund,84,Chicago Department of Transportation,2125,Division of Engineering,0245,REIMBURSEMENT TO TRAVELERS,8500,8500,8500
LOCAL,0300,Vehicle Tax Fund,84,Chicago Department of Transportation,2125,Division of Engineering,0340,MATERIAL AND SUPPLIES,6000,6000,6000
LOCAL,0300,Vehicle Tax Fund,84,Chicago Department of Transportation,2125,Division of Engineering,0350,STATIONERY AND OFFICE SUPPLIES,12310,12310,12310
LOCAL,0300,Vehicle Tax Fund,84,Chicago Department of Transportation,2125,Division of Engineering,0446,PURCHASE - DATA HARDWARE,0,0,22302
LOCAL,0300,Vehicle Tax Fund,84,Chicago Department of Transportation,2135,Division of Infrastructure Management,0005,SALARIES AND WAGES - ON PAYROLL,5554884,5554884,5342041
LOCAL,0300,Vehicle Tax Fund,84,Chicago Department of Transportation,2135,Division of Infrastructure Management,0015,SCHEDULE SALARY ADJUSTMENTS,32188,32188,42293
LOCAL,0300,Vehicle Tax Fund,84,Chicago Department of Transportation,2135,Division of Infrastructure Management,0020,OVERTIME,31424,31424,55747
LOCAL,0300,Vehicle Tax Fund,84,Chicago Department of Transportation,2135,Division of Infrastructure Management,0126,OFFICE CONVENIENCES,300,300,200
LOCAL,0300,Vehicle Tax Fund,84,Chicago Department of Transportation,2135,Division of Infrastructure Management,0130,POSTAGE,23500,23500,23500
LOCAL,0300,Vehicle Tax Fund,84,Chicago Department of Transportation,2135,Division of Infrastructure Management,0140,PROFESSIONAL AND TECHNICAL SERVICES,4795000,4794419,5350000
LOCAL,0300,Vehicle Tax Fund,84,Chicago Department of Transportation,2135,Division of Infrastructure Management,0149,SOFTWARE MAINTENANCE AND LICENSING,107769,107769,281000
LOCAL,0300,Vehicle Tax Fund,84,Chicago Department of Transportation,2135,Division of Infrastructure Management,0150,OUTSIDE GRAPHIC SERVICES,1900,1900,900
LOCAL,0300,Vehicle Tax Fund,84,Chicago Department of Transportation,2135,Division of Infrastructure Management,0152,ADVERTISING,312000,312000,512000
LOCAL,0300,Vehicle Tax Fund,84,Chicago Department of Transportation,2135,Division of Infrastructure Management,0157,RENTAL EQUIPMENT AND SERVICES,7545,7545,7545
LOCAL,0300,Vehicle Tax Fund,84,Chicago Department of Transportation,2135,Division of Infrastructure Management,0159,LEASE/PURCHASE EQUIPMENT,18465,18465,18465
LOCAL,0300,Vehicle Tax Fund,84,Chicago Department of Transportation,2135,Division of Infrastructure Management,0160,REPAIR/MAINT PROPERTY,2600,2600,2600
LOCAL,0300,Vehicle Tax Fund,84,Chicago Department of Transportation,2135,Division of Infrastructure Management,0162,REPAIR/MAINT EQUIPMENT,18628,18628,2500
LOCAL,0300,Vehicle Tax Fund,84,Chicago Department of Transportation,2135,Division of Infrastructure Management,0166,"DUES, SUBSCRIPTIONS AND MEMBERSHIPS",1500,1500,1500
LOCAL,0300,Vehicle Tax Fund,84,Chicago Department of Transportation,2135,Division of Infrastructure Management,0181,MOBILE COMMUNICATION SERVICES,34500,35081,42192
LOCAL,0300,Vehicle Tax Fund,84,Chicago Department of Transportation,2135,Division of Infrastructure Management,0190,TELEPHONE - CENTREX BILLINGS,22500,22500,22500
LOCAL,0300,Vehicle Tax Fund,84,Chicago Department of Transportation,2135,Division of Infrastructure Management,0196,DATA CIRCUITS,5900,5900,5900
LOCAL,0300,Vehicle Tax Fund,84,Chicago Department of Transportation,2135,Division of Infrastructure Management,0197,TELEPHONE - MAINTENANCE,5375,5375,5375
LOCAL,0300,Vehicle Tax Fund,84,Chicago Department of Transportation,2135,Division of Infrastructure Management,0229,TRANSPORTATION AND EXPENSE ALLOWANCE,80000,79885,80000
LOCAL,0300,Vehicle Tax Fund,84,Chicago Department of Transportation,2135,Division of Infrastructure Management,0245,REIMBURSEMENT TO TRAVELERS,7989,8104,26550
LOCAL,0300,Vehicle Tax Fund,84,Chicago Department of Transportation,2135,Division of Infrastructure Management,0313,CLEANING AND SANITATION SUPPLIES,1600,1600,1600
LOCAL,0300,Vehicle Tax Fund,84,Chicago Department of Transportation,2135,Division of Infrastructure Management,0319,CLOTHING,11000,11000,11000
LOCAL,0300,Vehicle Tax Fund,84,Chicago Department of Transportation,2135,Division of Infrastructure Management,0340,MATERIAL AND SUPPLIES,14500,14500,14500
LOCAL,0300,Vehicle Tax Fund,84,Chicago Department of Transportation,2135,Division of Infrastructure Management,0348,BOOKS AND RELATED MATERIAL,1050,1050,1050
LOCAL,0300,Vehicle Tax Fund,84,Chicago Department of Transportation,2135,Division of Infrastructure Management,0350,STATIONERY AND OFFICE SUPPLIES,11000,11000,11000
LOCAL,0300,Vehicle Tax Fund,84,Chicago Department of Transportation,2135,Division of Infrastructure Management,0446,PURCHASE - DATA HARDWARE,0,0,19370
LOCAL,0300,Vehicle Tax Fund,84,Chicago Department of Transportation,2135,Division of Infrastructure Management,9438,REIMBURSEMENT - AIM,4000,4000,4000
LOCAL,0300,Vehicle Tax Fund,84,Chicago Department of Transportation,2150,Division of Electrical Operations,0140,PROFESSIONAL AND TECHNICAL SERVICES,1464770,1464770,0
LOCAL,0300,Vehicle Tax Fund,84,Chicago Department of Transportation,2150,Division of Electrical Operations,0157,RENTAL EQUIPMENT AND SERVICES,4500,4500,0
LOCAL,0300,Vehicle Tax Fund,84,Chicago Department of Transportation,2150,Division of Electrical Operations,0159,LEASE/PURCHASE EQUIPMENT,7060,7060,0
LOCAL,0300,Vehicle Tax Fund,84,Chicago Department of Transportation,2150,Division of Electrical Operations,0162,REPAIR/MAINT EQUIPMENT,12000,4577,0
LOCAL,0300,Vehicle Tax Fund,84,Chicago Department of Transportation,2150,Division of Electrical Operations,0181,MOBILE COMMUNICATION SERVICES,43100,50523,0
LOCAL,0300,Vehicle Tax Fund,84,Chicago Department of Transportation,2150,Division of Electrical Operations,0188,VEHICLE TRACKING SERVICE,15095,15095,0
LOCAL,0300,Vehicle Tax Fund,84,Chicago Department of Transportation,2150,Division of Electrical Operations,0229,TRANSPORTATION AND EXPENSE ALLOWANCE,117560,117560,0
LOCAL,0300,Vehicle Tax Fund,84,Chicago Department of Transportation,2150,Division of Electrical Operations,0319,CLOTHING,5830,5830,0
LOCAL,0300,Vehicle Tax Fund,84,Chicago Department of Transportation,2150,Division of Electrical Operations,0340,MATERIAL AND SUPPLIES,1019880,1019880,0
LOCAL,0300,Vehicle Tax Fund,84,Chicago Department of Transportation,2150,Division of Electrical Operations,0350,STATIONERY AND OFFICE SUPPLIES,8000,8000,0
LOCAL,0300,Vehicle Tax Fund,84,Chicago Department of Transportation,2150,Division of Electrical Operations,0440,MACHINERY AND EQUIPMENT,3250,3250,0
LOCAL,0300,Vehicle Tax Fund,84,Chicago Department of Transportation,2155,Division of In-House Construction,0005,SALARIES AND WAGES - ON PAYROLL,45441914,45441914,25958010
LOCAL,0300,Vehicle Tax Fund,84,Chicago Department of Transportation,2155,Division of In-House Construction,0012,CONTRACT WAGE - PREVAILING RATE,404633,404633,238125
LOCAL,0300,Vehicle Tax Fund,84,Chicago Department of Transportation,2155,Division of In-House Construction,0015,SCHEDULE SALARY ADJUSTMENTS,3685,3685,0
LOCAL,0300,Vehicle Tax Fund,84,Chicago Department of Transportation,2155,Division of In-House Construction,0020,OVERTIME,702000,702000,702000
LOCAL,0300,Vehicle Tax Fund,84,Chicago Department of Transportation,2155,Division of In-House Construction,0040,ADJUSTED SALARAIES - PER DIEM - PR,51407,51407,0
LOCAL,0300,Vehicle Tax Fund,84,Chicago Department of Transportation,2155,Division of In-House Construction,0140,PROFESSIONAL AND TECHNICAL SERVICES,18000,18000,18000
LOCAL,0300,Vehicle Tax Fund,84,Chicago Department of Transportation,2155,Division of In-House Construction,0157,RENTAL EQUIPMENT AND SERVICES,75300,75300,218586
LOCAL,0300,Vehicle Tax Fund,84,Chicago Department of Transportation,2155,Division of In-House Construction,0159,LEASE/PURCHASE EQUIPMENT,12920,12920,12920
LOCAL,0300,Vehicle Tax Fund,84,Chicago Department of Transportation,2155,Division of In-House Construction,0160,REPAIR/MAINT PROPERTY,14000,14000,14000
LOCAL,0300,Vehicle Tax Fund,84,Chicago Department of Transportation,2155,Division of In-House Construction,0162,REPAIR/MAINT EQUIPMENT,8000,8000,7000
LOCAL,0300,Vehicle Tax Fund,84,Chicago Department of Transportation,2155,Division of In-House Construction,0181,MOBILE COMMUNICATION SERVICES,116200,116200,116200
LOCAL,0300,Vehicle Tax Fund,84,Chicago Department of Transportation,2155,Division of In-House Construction,0185,WASTE DISPOSAL SERVICES,98823,98823,98700
LOCAL,0300,Vehicle Tax Fund,84,Chicago Department of Transportation,2155,Division of In-House Construction,0188,VEHICLE TRACKING SERVICE,17658,17658,17658
LOCAL,0300,Vehicle Tax Fund,84,Chicago Department of Transportation,2155,Division of In-House Construction,0190,TELEPHONE - CENTREX BILLINGS,19500,19500,24300
LOCAL,0300,Vehicle Tax Fund,84,Chicago Department of Transportation,2155,Division of In-House Construction,0197,TELEPHONE - MAINTENANCE,70,70,70
LOCAL,0300,Vehicle Tax Fund,84,Chicago Department of Transportation,2155,Division of In-House Construction,0229,TRANSPORTATION AND EXPENSE ALLOWANCE,18500,18500,18500
LOCAL,0300,Vehicle Tax Fund,84,Chicago Department of Transportation,2155,Division of In-House Construction,0319,CLOTHING,0,0,17000
LOCAL,0300,Vehicle Tax Fund,84,Chicago Department of Transportation,2155,Division of In-House Construction,0340,MATERIAL AND SUPPLIES,2301844,2301844,0
LOCAL,0300,Vehicle Tax Fund,84,Chicago Department of Transportation,2155,Division of In-House Construction,0350,STATIONERY AND OFFICE SUPPLIES,10500,10500,10500
LOCAL,0300,Vehicle Tax Fund,84,Chicago Department of Transportation,2155,Division of In-House Construction,9481,REIMBURSEMENT - DSS,35000,35000,35000
LOCAL,0310,Motor Fuel Tax Fund,84,Chicago Department of Transportation,2125,Division of Engineering,0140,PROFESSIONAL AND TECHNICAL SERVICES,0,0,2200000
LOCAL,0310,Motor Fuel Tax Fund,84,Chicago Department of Transportation,2125,Division of Engineering,0144,ENGINEERING AND ARCHITECTURE,900000,900000,900000
LOCAL,0310,Motor Fuel Tax Fund,84,Chicago Department of Transportation,2140,Division of Sign Management,0140,PROFESSIONAL AND TECHNICAL SERVICES,0,0,500000
LOCAL,0310,Motor Fuel Tax Fund,84,Chicago Department of Transportation,2150,Division of Electrical Operations,0005,SALARIES AND WAGES - ON PAYROLL,17768306,17768306,18632279
LOCAL,0310,Motor Fuel Tax Fund,84,Chicago Department of Transportation,2150,Division of Electrical Operations,0012,CONTRACT WAGE - PREVAILING RATE,262564,262564,271562
LOCAL,0310,Motor Fuel Tax Fund,84,Chicago Department of Transportation,2150,Division of Electrical Operations,0020,OVERTIME,1250000,1250000,1250000
LOCAL,0310,Motor Fuel Tax Fund,84,Chicago Department of Transportation,2150,Division of Electrical Operations,0340,MATERIAL AND SUPPLIES,2250825,2250825,2250825
LOCAL,0310,Motor Fuel Tax Fund,84,Chicago Department of Transportation,2155,Division of In-House Construction,0005,SALARIES AND WAGES - ON PAYROLL,7899549,7899549,35652658
LOCAL,0310,Motor Fuel Tax Fund,84,Chicago Department of Transportation,2155,Division of In-House Construction,0012,CONTRACT WAGE - PREVAILING RATE,93318,93318,353227
LOCAL,0310,Motor Fuel Tax Fund,84,Chicago Department of Transportation,2155,Division of In-House Construction,0015,SCHEDULE SALARY ADJUSTMENTS,0,0,1920
LOCAL,0310,Motor Fuel Tax Fund,84,Chicago Department of Transportation,2155,Division of In-House Construction,0140,PROFESSIONAL AND TECHNICAL SERVICES,1088000,1088000,1088000
LOCAL,0310,Motor Fuel Tax Fund,84,Chicago Department of Transportation,2155,Division of In-House Construction,0157,RENTAL EQUIPMENT AND SERVICES,0,0,1654656
LOCAL,0310,Motor Fuel Tax Fund,84,Chicago Department of Transportation,2155,Division of In-House Construction,0160,REPAIR/MAINT PROPERTY,0,0,28000
LOCAL,0310,Motor Fuel Tax Fund,84,Chicago Department of Transportation,2155,Division of In-House Construction,0162,REPAIR/MAINT EQUIPMENT,0,0,29000
LOCAL,0310,Motor Fuel Tax Fund,84,Chicago Department of Transportation,2155,Division of In-House Construction,0316,GAS - BOTTLED AND PROPANE,0,0,16000
LOCAL,0310,Motor Fuel Tax Fund,84,Chicago Department of Transportation,2155,Division of In-House Construction,0340,MATERIAL AND SUPPLIES,3907991,3907991,6841350
LOCAL,0310,Motor Fuel Tax Fund,84,Chicago Department of Transportation,2155,Division of In-House Construction,0365,ELECTRICAL SUPPLIES,0,0,20000
LOCAL,0610,Chicago Midway Airport Fund,85,Chicago Department of Aviation,2010,Chicago Midway Airport,0005,SALARIES AND WAGES - ON PAYROLL,18708655,18708655,21442023
LOCAL,0610,Chicago Midway Airport Fund,85,Chicago Department of Aviation,2010,Chicago Midway Airport,0011,CONTRACT WAGE - SALARY,133742,133742,317297
LOCAL,0610,Chicago Midway Airport Fund,85,Chicago Department of Aviation,2010,Chicago Midway Airport,0012,CONTRACT WAGE - PREVAILING RATE,109306,109306,111966
LOCAL,0610,Chicago Midway Airport Fund,85,Chicago Department of Aviation,2010,Chicago Midway Airport,0015,SCHEDULE SALARY ADJUSTMENTS,42290,42290,116466
LOCAL,0610,Chicago Midway Airport Fund,85,Chicago Department of Aviation,2010,Chicago Midway Airport,0020,OVERTIME,1200000,1200000,1200000
LOCAL,0610,Chicago Midway Airport Fund,85,Chicago Department of Aviation,2010,Chicago Midway Airport,0039,STUDENT AS TRAINEES,10000,10000,10000
LOCAL,0610,Chicago Midway Airport Fund,85,Chicago Department of Aviation,2010,Chicago Midway Airport,0049,WORKERS' COMPENSATION,1050085,1050085,1050085
LOCAL,0610,Chicago Midway Airport Fund,85,Chicago Department of Aviation,2010,Chicago Midway Airport,0091,UNIFORM ALLOWANCE,30500,30500,31900
LOCAL,0610,Chicago Midway Airport Fund,85,Chicago Department of Aviation,2010,Chicago Midway Airport,0130,POSTAGE,200,200,200
LOCAL,0610,Chicago Midway Airport Fund,85,Chicago Department of Aviation,2010,Chicago Midway Airport,0138,IT MAINTENANCE,6404000,6404000,5924200
LOCAL,0610,Chicago Midway Airport Fund,85,Chicago Department of Aviation,2010,Chicago Midway Airport,0140,PROFESSIONAL AND TECHNICAL SERVICES,19642000,19642000,19530000
LOCAL,0610,Chicago Midway Airport Fund,85,Chicago Department of Aviation,2010,Chicago Midway Airport,0141,APPRAISALS,8000,8000,8000
LOCAL,0610,Chicago Midway Airport Fund,85,Chicago Department of Aviation,2010,Chicago Midway Airport,0142,ACCOUNTING AND AUDITING,266300,266300,233200
LOCAL,0610,Chicago Midway Airport Fund,85,Chicago Department of Aviation,2010,Chicago Midway Airport,0144,ENGINEERING AND ARCHITECTURE,40000,40000,40000
LOCAL,0610,Chicago Midway Airport Fund,85,Chicago Department of Aviation,2010,Chicago Midway Airport,0148,TESTING AND INSPECTING,12500,12500,12500
LOCAL,0610,Chicago Midway Airport Fund,85,Chicago Department of Aviation,2010,Chicago Midway Airport,0149,SOFTWARE MAINTENANCE AND LICENSING,110300,110300,117200
LOCAL,0610,Chicago Midway Airport Fund,85,Chicago Department of Aviation,2010,Chicago Midway Airport,0152,ADVERTISING,46800,46800,44400
LOCAL,0610,Chicago Midway Airport Fund,85,Chicago Department of Aviation,2010,Chicago Midway Airport,0154,RENTAL-DATA HARDWARE EQUIPMENT,10000,10000,0
LOCAL,0610,Chicago Midway Airport Fund,85,Chicago Department of Aviation,2010,Chicago Midway Airport,0157,RENTAL EQUIPMENT AND SERVICES,11264800,11264800,11634300
LOCAL,0610,Chicago Midway Airport Fund,85,Chicago Department of Aviation,2010,Chicago Midway Airport,0160,REPAIR/MAINT PROPERTY,1780000,1780000,1800000
LOCAL,0610,Chicago Midway Airport Fund,85,Chicago Department of Aviation,2010,Chicago Midway Airport,0161,MAINTENANCE OF FACILITIES,19970300,19970300,21563000
LOCAL,0610,Chicago Midway Airport Fund,85,Chicago Department of Aviation,2010,Chicago Midway Airport,0162,REPAIR/MAINT EQUIPMENT,21523400,21523400,22468300
LOCAL,0610,Chicago Midway Airport Fund,85,Chicago Department of Aviation,2010,Chicago Midway Airport,0163,MAINTENANCE OF STREETS AND PAVEMENTS,4570000,4570000,4830000
LOCAL,0610,Chicago Midway Airport Fund,85,Chicago Department of Aviation,2010,Chicago Midway Airport,0166,"DUES, SUBSCRIPTIONS AND MEMBERSHIPS",51300,51300,9100
LOCAL,0610,Chicago Midway Airport Fund,85,Chicago Department of Aviation,2010,Chicago Midway Airport,0168,EDUCATION DEVELOPMENT,222600,222600,241000
LOCAL,0610,Chicago Midway Airport Fund,85,Chicago Department of Aviation,2010,Chicago Midway Airport,0169,TECHNICAL MEETING COSTS,39200,39200,38700
LOCAL,0610,Chicago Midway Airport Fund,85,Chicago Department of Aviation,2010,Chicago Midway Airport,0181,MOBILE COMMUNICATION SERVICES,40300,40300,45300
LOCAL,0610,Chicago Midway Airport Fund,85,Chicago Department of Aviation,2010,Chicago Midway Airport,0183,WATER,520000,520000,520000
LOCAL,0610,Chicago Midway Airport Fund,85,Chicago Department of Aviation,2010,Chicago Midway Airport,0185,WASTE DISPOSAL SERVICES,500000,500000,500000
LOCAL,0610,Chicago Midway Airport Fund,85,Chicago Department of Aviation,2010,Chicago Midway Airport,0189,TELEPHONE - NON-CENTREX BILLINGS,13300,13300,15300
LOCAL,0610,Chicago Midway Airport Fund,85,Chicago Department of Aviation,2010,Chicago Midway Airport,0190,TELEPHONE - CENTREX BILLINGS,482000,482000,506000
LOCAL,0610,Chicago Midway Airport Fund,85,Chicago Department of Aviation,2010,Chicago Midway Airport,0191,TELEPHONE - RELOCATIONS,10000,10000,5000
LOCAL,0610,Chicago Midway Airport Fund,85,Chicago Department of Aviation,2010,Chicago Midway Airport,0197,TELEPHONE - MAINTENANCE,8000,8000,8000
LOCAL,0610,Chicago Midway Airport Fund,85,Chicago Department of Aviation,2010,Chicago Midway Airport,0229,TRANSPORTATION AND EXPENSE ALLOWANCE,100,100,100
LOCAL,0610,Chicago Midway Airport Fund,85,Chicago Department of Aviation,2010,Chicago Midway Airport,0245,REIMBURSEMENT TO TRAVELERS,12200,12200,12200
LOCAL,0610,Chicago Midway Airport Fund,85,Chicago Department of Aviation,2010,Chicago Midway Airport,0270,LOCAL TRANSPORTATION,100,100,100
LOCAL,0610,Chicago Midway Airport Fund,85,Chicago Department of Aviation,2010,Chicago Midway Airport,0313,CLEANING AND SANITATION SUPPLIES,39000,39000,39000
LOCAL,0610,Chicago Midway Airport Fund,85,Chicago Department of Aviation,2010,Chicago Midway Airport,0319,CLOTHING,81800,81800,48800
LOCAL,0610,Chicago Midway Airport Fund,85,Chicago Department of Aviation,2010,Chicago Midway Airport,0340,MATERIAL AND SUPPLIES,2538500,2538500,3117100
LOCAL,0610,Chicago Midway Airport Fund,85,Chicago Department of Aviation,2010,Chicago Midway Airport,0345,APPARATUS AND INSTRUMENTS,5300,5300,0
LOCAL,0610,Chicago Midway Airport Fund,85,Chicago Department of Aviation,2010,Chicago Midway Airport,0350,STATIONERY AND OFFICE SUPPLIES,15000,15000,20000
LOCAL,0610,Chicago Midway Airport Fund,85,Chicago Department of Aviation,2010,Chicago Midway Airport,0360,REPAIR PARTS AND MATERIAL,64500,64500,72500
LOCAL,0610,Chicago Midway Airport Fund,85,Chicago Department of Aviation,2010,Chicago Midway Airport,0361,BUILDING MATERIALS AND SUPPLIES,6500,6500,6500
LOCAL,0610,Chicago Midway Airport Fund,85,Chicago Department of Aviation,2010,Chicago Midway Airport,0362,PAINTS AND PAINTING SUPPLIES,70000,70000,70000
LOCAL,0610,Chicago Midway Airport Fund,85,Chicago Department of Aviation,2010,Chicago Midway Airport,0364,PLUMBING SUPPLIES,2000,2000,2000
LOCAL,0610,Chicago Midway Airport Fund,85,Chicago Department of Aviation,2010,Chicago Midway Airport,0365,ELECTRICAL SUPPLIES,697000,697000,697000
LOCAL,0610,Chicago Midway Airport Fund,85,Chicago Department of Aviation,2010,Chicago Midway Airport,0402,TOOLS > $100 UNIT,15000,15000,15000
LOCAL,0610,Chicago Midway Airport Fund,85,Chicago Department of Aviation,2010,Chicago Midway Airport,0423,COMMUNICATION DEVICES,214500,214500,271600
LOCAL,0610,Chicago Midway Airport Fund,85,Chicago Department of Aviation,2010,Chicago Midway Airport,0424,FURNITURE AND FURNISHINGS,50000,50000,50000
LOCAL,0610,Chicago Midway Airport Fund,85,Chicago Department of Aviation,2010,Chicago Midway Airport,0440,MACHINERY AND EQUIPMENT,24600,24600,24300
LOCAL,0610,Chicago Midway Airport Fund,85,Chicago Department of Aviation,2010,Chicago Midway Airport,0446,PURCHASE - DATA HARDWARE,402000,402000,402000
LOCAL,0610,Chicago Midway Airport Fund,85,Chicago Department of Aviation,2010,Chicago Midway Airport,9438,REIMBURSEMENT - AIM,35000,35000,35000
LOCAL,0740,Chicago O'Hare Airport Fund,85,Chicago Department of Aviation,2015,Chicago-O'Hare International Airport,0005,SALARIES AND WAGES - ON PAYROLL,116946046,116946046,127498069
LOCAL,0740,Chicago O'Hare Airport Fund,85,Chicago Department of Aviation,2015,Chicago-O'Hare International Airport,0011,CONTRACT WAGE - SALARY,567556,567556,1177979
LOCAL,0740,Chicago O'Hare Airport Fund,85,Chicago Department of Aviation,2015,Chicago-O'Hare International Airport,0012,CONTRACT WAGE - PREVAILING RATE,977767,977767,892350
LOCAL,0740,Chicago O'Hare Airport Fund,85,Chicago Department of Aviation,2015,Chicago-O'Hare International Airport,0015,SCHEDULE SALARY ADJUSTMENTS,292120,292120,495909
LOCAL,0740,Chicago O'Hare Airport Fund,85,Chicago Department of Aviation,2015,Chicago-O'Hare International Airport,0020,OVERTIME,8000000,8000000,12000000
LOCAL,0740,Chicago O'Hare Airport Fund,85,Chicago Department of Aviation,2015,Chicago-O'Hare International Airport,0039,STUDENT AS TRAINEES,175000,175000,175000
LOCAL,0740,Chicago O'Hare Airport Fund,85,Chicago Department of Aviation,2015,Chicago-O'Hare International Airport,0049,WORKERS' COMPENSATION,7242520,7242520,7242520
LOCAL,0740,Chicago O'Hare Airport Fund,85,Chicago Department of Aviation,2015,Chicago-O'Hare International Airport,0091,UNIFORM ALLOWANCE,153000,153000,161600
LOCAL,0740,Chicago O'Hare Airport Fund,85,Chicago Department of Aviation,2015,Chicago-O'Hare International Airport,0130,POSTAGE,25000,25000,25000
LOCAL,0740,Chicago O'Hare Airport Fund,85,Chicago Department of Aviation,2015,Chicago-O'Hare International Airport,0138,IT MAINTENANCE,15094800,15094800,16226000
LOCAL,0740,Chicago O'Hare Airport Fund,85,Chicago Department of Aviation,2015,Chicago-O'Hare International Airport,0140,PROFESSIONAL AND TECHNICAL SERVICES,101588400,101588400,107998900
LOCAL,0740,Chicago O'Hare Airport Fund,85,Chicago Department of Aviation,2015,Chicago-O'Hare International Airport,0141,APPRAISALS,84000,84000,84000
LOCAL,0740,Chicago O'Hare Airport Fund,85,Chicago Department of Aviation,2015,Chicago-O'Hare International Airport,0142,ACCOUNTING AND AUDITING,1005000,1005000,1033000
LOCAL,0740,Chicago O'Hare Airport Fund,85,Chicago Department of Aviation,2015,Chicago-O'Hare International Airport,0144,ENGINEERING AND ARCHITECTURE,1055000,1055000,1080000
LOCAL,0740,Chicago O'Hare Airport Fund,85,Chicago Department of Aviation,2015,Chicago-O'Hare International Airport,0147,SURVEYS,15000,15000,15000
LOCAL,0740,Chicago O'Hare Airport Fund,85,Chicago Department of Aviation,2015,Chicago-O'Hare International Airport,0148,TESTING AND INSPECTING,26500,26500,52000
LOCAL,0740,Chicago O'Hare Airport Fund,85,Chicago Department of Aviation,2015,Chicago-O'Hare International Airport,0149,SOFTWARE MAINTENANCE AND LICENSING,748900,748900,741100
LOCAL,0740,Chicago O'Hare Airport Fund,85,Chicago Department of Aviation,2015,Chicago-O'Hare International Airport,0152,ADVERTISING,257000,257000,369600
LOCAL,0740,Chicago O'Hare Airport Fund,85,Chicago Department of Aviation,2015,Chicago-O'Hare International Airport,0154,RENTAL-DATA HARDWARE EQUIPMENT,50000,50000,0
LOCAL,0740,Chicago O'Hare Airport Fund,85,Chicago Department of Aviation,2015,Chicago-O'Hare International Airport,0155,RENTAL OF PROPERTY,2349000,2349000,3694000
LOCAL,0740,Chicago O'Hare Airport Fund,85,Chicago Department of Aviation,2015,Chicago-O'Hare International Airport,0157,RENTAL EQUIPMENT AND SERVICES,70213400,70213400,71047400
LOCAL,0740,Chicago O'Hare Airport Fund,85,Chicago Department of Aviation,2015,Chicago-O'Hare International Airport,0160,REPAIR/MAINT PROPERTY,2150000,2150000,2150000
LOCAL,0740,Chicago O'Hare Airport Fund,85,Chicago Department of Aviation,2015,Chicago-O'Hare International Airport,0161,MAINTENANCE OF FACILITIES,36943900,36943900,39302500
LOCAL,0740,Chicago O'Hare Airport Fund,85,Chicago Department of Aviation,2015,Chicago-O'Hare International Airport,0162,REPAIR/MAINT EQUIPMENT,17036000,17036000,17532900
LOCAL,0740,Chicago O'Hare Airport Fund,85,Chicago Department of Aviation,2015,Chicago-O'Hare International Airport,0163,MAINTENANCE OF STREETS AND PAVEMENTS,13091000,13091000,13679000
LOCAL,0740,Chicago O'Hare Airport Fund,85,Chicago Department of Aviation,2015,Chicago-O'Hare International Airport,0166,"DUES, SUBSCRIPTIONS AND MEMBERSHIPS",540700,540700,505900
LOCAL,0740,Chicago O'Hare Airport Fund,85,Chicago Department of Aviation,2015,Chicago-O'Hare International Airport,0168,EDUCATION DEVELOPMENT,2140200,2140200,2354200
LOCAL,0740,Chicago O'Hare Airport Fund,85,Chicago Department of Aviation,2015,Chicago-O'Hare International Airport,0169,TECHNICAL MEETING COSTS,786700,786700,718100
LOCAL,0740,Chicago O'Hare Airport Fund,85,Chicago Department of Aviation,2015,Chicago-O'Hare International Airport,0178,FREIGHT AND EXPRESS CHARGES,20000,20000,20000
LOCAL,0740,Chicago O'Hare Airport Fund,85,Chicago Department of Aviation,2015,Chicago-O'Hare International Airport,0181,MOBILE COMMUNICATION SERVICES,190000,190000,190000
LOCAL,0740,Chicago O'Hare Airport Fund,85,Chicago Department of Aviation,2015,Chicago-O'Hare International Airport,0183,WATER,11000000,11000000,11000000
LOCAL,0740,Chicago O'Hare Airport Fund,85,Chicago Department of Aviation,2015,Chicago-O'Hare International Airport,0185,WASTE DISPOSAL SERVICES,1958000,1958000,1958000
LOCAL,0740,Chicago O'Hare Airport Fund,85,Chicago Department of Aviation,2015,Chicago-O'Hare International Airport,0189,TELEPHONE - NON-CENTREX BILLINGS,476500,476500,438600
LOCAL,0740,Chicago O'Hare Airport Fund,85,Chicago Department of Aviation,2015,Chicago-O'Hare International Airport,0190,TELEPHONE - CENTREX BILLINGS,985000,985000,1083000
LOCAL,0740,Chicago O'Hare Airport Fund,85,Chicago Department of Aviation,2015,Chicago-O'Hare International Airport,0191,TELEPHONE - RELOCATIONS,5000,5000,0
LOCAL,0740,Chicago O'Hare Airport Fund,85,Chicago Department of Aviation,2015,Chicago-O'Hare International Airport,0196,DATA CIRCUITS,430000,430000,410000
LOCAL,0740,Chicago O'Hare Airport Fund,85,Chicago Department of Aviation,2015,Chicago-O'Hare International Airport,0197,TELEPHONE - MAINTENANCE,40000,40000,40000
LOCAL,0740,Chicago O'Hare Airport Fund,85,Chicago Department of Aviation,2015,Chicago-O'Hare International Airport,0229,TRANSPORTATION AND EXPENSE ALLOWANCE,5500,5500,5500
LOCAL,0740,Chicago O'Hare Airport Fund,85,Chicago Department of Aviation,2015,Chicago-O'Hare International Airport,0245,REIMBURSEMENT TO TRAVELERS,171000,171000,171000
LOCAL,0740,Chicago O'Hare Airport Fund,85,Chicago Department of Aviation,2015,Chicago-O'Hare International Airport,0270,LOCAL TRANSPORTATION,6500,6500,6500
LOCAL,0740,Chicago O'Hare Airport Fund,85,Chicago Department of Aviation,2015,Chicago-O'Hare International Airport,0313,CLEANING AND SANITATION SUPPLIES,450000,450000,450000
LOCAL,0740,Chicago O'Hare Airport Fund,85,Chicago Department of Aviation,2015,Chicago-O'Hare International Airport,0314,FUEL OIL,360000,360000,360000
LOCAL,0740,Chicago O'Hare Airport Fund,85,Chicago Department of Aviation,2015,Chicago-O'Hare International Airport,0319,CLOTHING,490000,490000,533000
LOCAL,0740,Chicago O'Hare Airport Fund,85,Chicago Department of Aviation,2015,Chicago-O'Hare International Airport,0340,MATERIAL AND SUPPLIES,10654600,10654600,10955800
LOCAL,0740,Chicago O'Hare Airport Fund,85,Chicago Department of Aviation,2015,Chicago-O'Hare International Airport,0345,APPARATUS AND INSTRUMENTS,61200,61200,41200
LOCAL,0740,Chicago O'Hare Airport Fund,85,Chicago Department of Aviation,2015,Chicago-O'Hare International Airport,0348,BOOKS AND RELATED MATERIAL,23100,23100,23100
LOCAL,0740,Chicago O'Hare Airport Fund,85,Chicago Department of Aviation,2015,Chicago-O'Hare International Airport,0350,STATIONERY AND OFFICE SUPPLIES,200000,200000,200000
LOCAL,0740,Chicago O'Hare Airport Fund,85,Chicago Department of Aviation,2015,Chicago-O'Hare International Airport,0360,REPAIR PARTS AND MATERIAL,1554000,1554000,1554000
LOCAL,0740,Chicago O'Hare Airport Fund,85,Chicago Department of Aviation,2015,Chicago-O'Hare International Airport,0361,BUILDING MATERIALS AND SUPPLIES,573000,573000,573000
LOCAL,0740,Chicago O'Hare Airport Fund,85,Chicago Department of Aviation,2015,Chicago-O'Hare International Airport,0362,PAINTS AND PAINTING SUPPLIES,650000,650000,650000
LOCAL,0740,Chicago O'Hare Airport Fund,85,Chicago Department of Aviation,2015,Chicago-O'Hare International Airport,0364,PLUMBING SUPPLIES,180000,180000,180000
LOCAL,0740,Chicago O'Hare Airport Fund,85,Chicago Department of Aviation,2015,Chicago-O'Hare International Airport,0365,ELECTRICAL SUPPLIES,4100000,4100000,4100000
LOCAL,0740,Chicago O'Hare Airport Fund,85,Chicago Department of Aviation,2015,Chicago-O'Hare International Airport,0402,TOOLS > $100 UNIT,35000,35000,35000
LOCAL,0740,Chicago O'Hare Airport Fund,85,Chicago Department of Aviation,2015,Chicago-O'Hare International Airport,0423,COMMUNICATION DEVICES,1599200,1599200,699200
LOCAL,0740,Chicago O'Hare Airport Fund,85,Chicago Department of Aviation,2015,Chicago-O'Hare International Airport,0424,FURNITURE AND FURNISHINGS,510000,510000,510000
LOCAL,0740,Chicago O'Hare Airport Fund,85,Chicago Department of Aviation,2015,Chicago-O'Hare International Airport,0440,MACHINERY AND EQUIPMENT,1648100,1648100,1836200
LOCAL,0740,Chicago O'Hare Airport Fund,85,Chicago Department of Aviation,2015,Chicago-O'Hare International Airport,0446,PURCHASE - DATA HARDWARE,1739600,1739600,2298600
LOCAL,0740,Chicago O'Hare Airport Fund,85,Chicago Department of Aviation,2015,Chicago-O'Hare International Airport,9438,REIMBURSEMENT - AIM,90000,90000,90000
LOCAL,0200,Water Fund,88,Department of Water Management,2035,Bureau of Meter Services,0450,VEHICLES,61000,61000,61000
LOCAL,0740,Chicago O'Hare Airport Fund,85,Chicago Department of Aviation,2015,Chicago-O'Hare International Airport,9441,REIMBURSEMENT - CDPH,90000,90000,90000
LOCAL,0740,Chicago O'Hare Airport Fund,85,Chicago Department of Aviation,2015,Chicago-O'Hare International Airport,9481,REIMBURSEMENT - DSS,1200000,1200000,1200000
LOCAL,0740,Chicago O'Hare Airport Fund,85,Chicago Department of Aviation,2015,Chicago-O'Hare International Airport,9484,REIMBURSEMENT - CDOT,800000,800000,800000
LOCAL,0200,Water Fund,88,Department of Water Management,2005,Commissioner's Office,0005,SALARIES AND WAGES - ON PAYROLL,4937202,4937202,5014769
LOCAL,0200,Water Fund,88,Department of Water Management,2005,Commissioner's Office,0012,CONTRACT WAGE - PREVAILING RATE,30206,30206,30171
LOCAL,0200,Water Fund,88,Department of Water Management,2005,Commissioner's Office,0015,SCHEDULE SALARY ADJUSTMENTS,11765,11765,5962
LOCAL,0200,Water Fund,88,Department of Water Management,2005,Commissioner's Office,0020,OVERTIME,82000,82000,82000
LOCAL,0200,Water Fund,88,Department of Water Management,2005,Commissioner's Office,0130,POSTAGE,200000,200000,240000
LOCAL,0200,Water Fund,88,Department of Water Management,2005,Commissioner's Office,0140,PROFESSIONAL AND TECHNICAL SERVICES,3204678,3204678,4351678
LOCAL,0200,Water Fund,88,Department of Water Management,2005,Commissioner's Office,0150,OUTSIDE GRAPHIC SERVICES,71900,71900,71900
LOCAL,0200,Water Fund,88,Department of Water Management,2005,Commissioner's Office,0161,MAINTENANCE OF FACILITIES,36000,36000,52000
LOCAL,0200,Water Fund,88,Department of Water Management,2005,Commissioner's Office,0162,REPAIR/MAINT EQUIPMENT,466675,466675,466675
LOCAL,0200,Water Fund,88,Department of Water Management,2005,Commissioner's Office,0166,"DUES, SUBSCRIPTIONS AND MEMBERSHIPS",438000,438000,561000
LOCAL,0200,Water Fund,88,Department of Water Management,2005,Commissioner's Office,0169,TECHNICAL MEETING COSTS,22500,22500,17500
LOCAL,0200,Water Fund,88,Department of Water Management,2005,Commissioner's Office,0181,MOBILE COMMUNICATION SERVICES,12100,12100,18700
LOCAL,0200,Water Fund,88,Department of Water Management,2005,Commissioner's Office,0189,TELEPHONE - NON-CENTREX BILLINGS,17200,17200,17200
LOCAL,0200,Water Fund,88,Department of Water Management,2005,Commissioner's Office,0190,TELEPHONE - CENTREX BILLINGS,195000,195000,195000
LOCAL,0200,Water Fund,88,Department of Water Management,2005,Commissioner's Office,0196,DATA CIRCUITS,542600,542600,542600
LOCAL,0200,Water Fund,88,Department of Water Management,2005,Commissioner's Office,0197,TELEPHONE - MAINTENANCE,40580,40580,40580
LOCAL,0200,Water Fund,88,Department of Water Management,2005,Commissioner's Office,0340,MATERIAL AND SUPPLIES,314100,314100,314100
LOCAL,0200,Water Fund,88,Department of Water Management,2005,Commissioner's Office,0348,BOOKS AND RELATED MATERIAL,500,500,500
LOCAL,0200,Water Fund,88,Department of Water Management,2005,Commissioner's Office,0350,STATIONERY AND OFFICE SUPPLIES,14500,14500,14500
LOCAL,0200,Water Fund,88,Department of Water Management,2005,Commissioner's Office,0424,FURNITURE AND FURNISHINGS,7500,7500,7500
LOCAL,0200,Water Fund,88,Department of Water Management,2005,Commissioner's Office,0440,MACHINERY AND EQUIPMENT,99828,99828,99828
LOCAL,0200,Water Fund,88,Department of Water Management,2010,Bureau of Administrative Support,0005,SALARIES AND WAGES - ON PAYROLL,4124381,4124381,3653135
LOCAL,0200,Water Fund,88,Department of Water Management,2010,Bureau of Administrative Support,0015,SCHEDULE SALARY ADJUSTMENTS,14108,14108,10628
LOCAL,0200,Water Fund,88,Department of Water Management,2010,Bureau of Administrative Support,0020,OVERTIME,800000,800000,400000
LOCAL,0200,Water Fund,88,Department of Water Management,2010,Bureau of Administrative Support,0140,PROFESSIONAL AND TECHNICAL SERVICES,57950,57950,57950
LOCAL,0200,Water Fund,88,Department of Water Management,2010,Bureau of Administrative Support,0149,SOFTWARE MAINTENANCE AND LICENSING,80000,80000,80000
LOCAL,0200,Water Fund,88,Department of Water Management,2010,Bureau of Administrative Support,0154,RENTAL-DATA HARDWARE EQUIPMENT,90000,90000,90000
LOCAL,0200,Water Fund,88,Department of Water Management,2010,Bureau of Administrative Support,0159,LEASE/PURCHASE EQUIPMENT,291200,291200,291200
LOCAL,0200,Water Fund,88,Department of Water Management,2010,Bureau of Administrative Support,0168,EDUCATION DEVELOPMENT,10500,10500,10500
LOCAL,0200,Water Fund,88,Department of Water Management,2010,Bureau of Administrative Support,0169,TECHNICAL MEETING COSTS,5000,5000,5000
LOCAL,0200,Water Fund,88,Department of Water Management,2010,Bureau of Administrative Support,0191,TELEPHONE - RELOCATIONS,5000,5000,5000
LOCAL,0200,Water Fund,88,Department of Water Management,2010,Bureau of Administrative Support,0312,SOFTWARE PURCHASES,6426,6426,6426
LOCAL,0200,Water Fund,88,Department of Water Management,2010,Bureau of Administrative Support,0350,STATIONERY AND OFFICE SUPPLIES,31600,31600,31600
LOCAL,0200,Water Fund,88,Department of Water Management,2010,Bureau of Administrative Support,0446,PURCHASE - DATA HARDWARE,96716,96716,96716
LOCAL,0200,Water Fund,88,Department of Water Management,2010,Bureau of Administrative Support,9438,REIMBURSEMENT - AIM,82500,82500,82500
LOCAL,0200,Water Fund,88,Department of Water Management,2015,Bureau of Engineering Services,0005,SALARIES AND WAGES - ON PAYROLL,4553860,4553860,4844545
LOCAL,0346,Library Fund,91,Chicago Public Library,2005,Chicago Public Library,0157,RENTAL EQUIPMENT AND SERVICES,279980,279980,279980
LOCAL,0200,Water Fund,88,Department of Water Management,2015,Bureau of Engineering Services,0012,CONTRACT WAGE - PREVAILING RATE,37045,37045,37607
LOCAL,0200,Water Fund,88,Department of Water Management,2015,Bureau of Engineering Services,0015,SCHEDULE SALARY ADJUSTMENTS,1210,1210,4359
LOCAL,0200,Water Fund,88,Department of Water Management,2015,Bureau of Engineering Services,0020,OVERTIME,13000,13000,23000
LOCAL,0200,Water Fund,88,Department of Water Management,2015,Bureau of Engineering Services,0140,PROFESSIONAL AND TECHNICAL SERVICES,1800000,1800000,2100000
LOCAL,0200,Water Fund,88,Department of Water Management,2015,Bureau of Engineering Services,0162,REPAIR/MAINT EQUIPMENT,3000,3000,2400
LOCAL,0200,Water Fund,88,Department of Water Management,2015,Bureau of Engineering Services,0169,TECHNICAL MEETING COSTS,10000,10000,10000
LOCAL,0200,Water Fund,88,Department of Water Management,2015,Bureau of Engineering Services,0229,TRANSPORTATION AND EXPENSE ALLOWANCE,40000,40000,30000
LOCAL,0200,Water Fund,88,Department of Water Management,2015,Bureau of Engineering Services,0245,REIMBURSEMENT TO TRAVELERS,0,0,5400
LOCAL,0200,Water Fund,88,Department of Water Management,2015,Bureau of Engineering Services,0340,MATERIAL AND SUPPLIES,30000,30000,30000
LOCAL,0200,Water Fund,88,Department of Water Management,2015,Bureau of Engineering Services,0345,APPARATUS AND INSTRUMENTS,4000,4000,4000
LOCAL,0200,Water Fund,88,Department of Water Management,2015,Bureau of Engineering Services,0348,BOOKS AND RELATED MATERIAL,1250,1250,1250
LOCAL,0200,Water Fund,88,Department of Water Management,2015,Bureau of Engineering Services,0350,STATIONERY AND OFFICE SUPPLIES,19000,19000,19000
LOCAL,0200,Water Fund,88,Department of Water Management,2015,Bureau of Engineering Services,0424,FURNITURE AND FURNISHINGS,3500,3500,3500
LOCAL,0200,Water Fund,88,Department of Water Management,2015,Bureau of Engineering Services,0521,MAINTENANCE AND CONSTRUCTION,0,0,1000000
LOCAL,0200,Water Fund,88,Department of Water Management,2020,Bureau of Water Supply,0005,SALARIES AND WAGES - ON PAYROLL,56271703,56271703,57184842
LOCAL,0200,Water Fund,88,Department of Water Management,2020,Bureau of Water Supply,0012,CONTRACT WAGE - PREVAILING RATE,681274,681274,665148
LOCAL,0200,Water Fund,88,Department of Water Management,2020,Bureau of Water Supply,0015,SCHEDULE SALARY ADJUSTMENTS,52147,52147,48995
LOCAL,0200,Water Fund,88,Department of Water Management,2020,Bureau of Water Supply,0020,OVERTIME,4018673,4018673,4018672
LOCAL,0200,Water Fund,88,Department of Water Management,2020,Bureau of Water Supply,0125,OFFICE AND BUILDING SERVICES,342000,342000,342000
LOCAL,0200,Water Fund,88,Department of Water Management,2020,Bureau of Water Supply,0140,PROFESSIONAL AND TECHNICAL SERVICES,75000,75000,75000
LOCAL,0200,Water Fund,88,Department of Water Management,2020,Bureau of Water Supply,0148,TESTING AND INSPECTING,1323000,1323000,1823000
LOCAL,0200,Water Fund,88,Department of Water Management,2020,Bureau of Water Supply,0157,RENTAL EQUIPMENT AND SERVICES,191000,191000,191000
LOCAL,0200,Water Fund,88,Department of Water Management,2020,Bureau of Water Supply,0159,LEASE/PURCHASE EQUIPMENT,170500,170500,170500
LOCAL,0200,Water Fund,88,Department of Water Management,2020,Bureau of Water Supply,0160,REPAIR/MAINT PROPERTY,1406800,1406800,1406800
LOCAL,0200,Water Fund,88,Department of Water Management,2020,Bureau of Water Supply,0162,REPAIR/MAINT EQUIPMENT,5792500,5792500,5792500
LOCAL,0200,Water Fund,88,Department of Water Management,2020,Bureau of Water Supply,0169,TECHNICAL MEETING COSTS,238800,238800,238800
LOCAL,0200,Water Fund,88,Department of Water Management,2020,Bureau of Water Supply,0245,REIMBURSEMENT TO TRAVELERS,3000,3000,8340
LOCAL,0200,Water Fund,88,Department of Water Management,2020,Bureau of Water Supply,0314,FUEL OIL,600000,600000,690000
LOCAL,0200,Water Fund,88,Department of Water Management,2020,Bureau of Water Supply,0340,MATERIAL AND SUPPLIES,3083800,3083800,4368800
LOCAL,0200,Water Fund,88,Department of Water Management,2020,Bureau of Water Supply,0342,DRUGS  MEDICINE AND CHEMICAL MATERIALS,11472328,11472328,11609203
LOCAL,0200,Water Fund,88,Department of Water Management,2020,Bureau of Water Supply,0345,APPARATUS AND INSTRUMENTS,348000,348000,348000
LOCAL,0200,Water Fund,88,Department of Water Management,2020,Bureau of Water Supply,0348,BOOKS AND RELATED MATERIAL,6000,6000,6000
LOCAL,0200,Water Fund,88,Department of Water Management,2020,Bureau of Water Supply,0350,STATIONERY AND OFFICE SUPPLIES,75000,75000,75000
LOCAL,0200,Water Fund,88,Department of Water Management,2020,Bureau of Water Supply,0360,REPAIR PARTS AND MATERIAL,1485687,1485687,1485687
LOCAL,0200,Water Fund,88,Department of Water Management,2020,Bureau of Water Supply,0401,TOOL <= $100 UNIT,18200,18200,18200
LOCAL,0200,Water Fund,88,Department of Water Management,2020,Bureau of Water Supply,0402,TOOLS > $100 UNIT,15500,15500,15500
LOCAL,0200,Water Fund,88,Department of Water Management,2020,Bureau of Water Supply,0410,EQUIPMENT FOR BUILDINGS,125000,125000,175000
LOCAL,0200,Water Fund,88,Department of Water Management,2020,Bureau of Water Supply,0424,FURNITURE AND FURNISHINGS,2000,2000,2000
LOCAL,0200,Water Fund,88,Department of Water Management,2020,Bureau of Water Supply,0440,MACHINERY AND EQUIPMENT,857800,857800,857800
LOCAL,0200,Water Fund,88,Department of Water Management,2020,Bureau of Water Supply,0445,TECHNICAL AND SCIENTIFIC EQUIPMENT,336000,336000,336000
LOCAL,0200,Water Fund,88,Department of Water Management,2020,Bureau of Water Supply,0446,PURCHASE - DATA HARDWARE,143880,143880,143880
LOCAL,0200,Water Fund,88,Department of Water Management,2020,Bureau of Water Supply,0450,VEHICLES,240000,240000,240000
LOCAL,0200,Water Fund,88,Department of Water Management,2020,Bureau of Water Supply,9484,REIMBURSEMENT - CDOT,100000,100000,100000
LOCAL,0200,Water Fund,88,Department of Water Management,2025,Bureau of Operations and Distribution,0005,SALARIES AND WAGES - ON PAYROLL,66282889,66282889,65168288
LOCAL,0200,Water Fund,88,Department of Water Management,2025,Bureau of Operations and Distribution,0012,CONTRACT WAGE - PREVAILING RATE,812383,812383,797301
LOCAL,0200,Water Fund,88,Department of Water Management,2025,Bureau of Operations and Distribution,0015,SCHEDULE SALARY ADJUSTMENTS,9671,9671,9556
LOCAL,0200,Water Fund,88,Department of Water Management,2025,Bureau of Operations and Distribution,0020,OVERTIME,3062356,3062356,3462356
LOCAL,0200,Water Fund,88,Department of Water Management,2025,Bureau of Operations and Distribution,0140,PROFESSIONAL AND TECHNICAL SERVICES,3341543,3341543,3341543
LOCAL,0200,Water Fund,88,Department of Water Management,2025,Bureau of Operations and Distribution,0157,RENTAL EQUIPMENT AND SERVICES,2574060,2574060,2879760
LOCAL,0200,Water Fund,88,Department of Water Management,2025,Bureau of Operations and Distribution,0160,REPAIR/MAINT PROPERTY,323800,323800,323800
LOCAL,0200,Water Fund,88,Department of Water Management,2025,Bureau of Operations and Distribution,0162,REPAIR/MAINT EQUIPMENT,100000,100000,100000
LOCAL,0200,Water Fund,88,Department of Water Management,2025,Bureau of Operations and Distribution,0169,TECHNICAL MEETING COSTS,1500,1500,1500
LOCAL,0200,Water Fund,88,Department of Water Management,2025,Bureau of Operations and Distribution,0181,MOBILE COMMUNICATION SERVICES,285000,285000,285000
LOCAL,0200,Water Fund,88,Department of Water Management,2025,Bureau of Operations and Distribution,0185,WASTE DISPOSAL SERVICES,2942710,2942710,2942710
LOCAL,0200,Water Fund,88,Department of Water Management,2025,Bureau of Operations and Distribution,0188,VEHICLE TRACKING SERVICE,211321,211321,211321
LOCAL,0200,Water Fund,88,Department of Water Management,2025,Bureau of Operations and Distribution,0316,GAS - BOTTLED AND PROPANE,161440,161440,161400
LOCAL,0200,Water Fund,88,Department of Water Management,2025,Bureau of Operations and Distribution,0340,MATERIAL AND SUPPLIES,1118300,1118300,812600
LOCAL,0200,Water Fund,88,Department of Water Management,2025,Bureau of Operations and Distribution,0350,STATIONERY AND OFFICE SUPPLIES,56930,56930,56930
LOCAL,0200,Water Fund,88,Department of Water Management,2025,Bureau of Operations and Distribution,0360,REPAIR PARTS AND MATERIAL,5861553,5861553,5861553
LOCAL,0200,Water Fund,88,Department of Water Management,2025,Bureau of Operations and Distribution,0401,TOOL <= $100 UNIT,3000,3000,3000
LOCAL,0200,Water Fund,88,Department of Water Management,2025,Bureau of Operations and Distribution,0423,COMMUNICATION DEVICES,1000,1000,1000
LOCAL,0200,Water Fund,88,Department of Water Management,2025,Bureau of Operations and Distribution,0424,FURNITURE AND FURNISHINGS,3000,3000,3000
LOCAL,0200,Water Fund,88,Department of Water Management,2025,Bureau of Operations and Distribution,0440,MACHINERY AND EQUIPMENT,549391,549391,549391
LOCAL,0200,Water Fund,88,Department of Water Management,2025,Bureau of Operations and Distribution,0446,PURCHASE - DATA HARDWARE,100000,100000,100000
LOCAL,0200,Water Fund,88,Department of Water Management,2025,Bureau of Operations and Distribution,0521,MAINTENANCE AND CONSTRUCTION,2946315,2946315,2946315
LOCAL,0200,Water Fund,88,Department of Water Management,2025,Bureau of Operations and Distribution,9481,REIMBURSEMENT - DSS,367919,367919,367919
LOCAL,0200,Water Fund,88,Department of Water Management,2035,Bureau of Meter Services,0005,SALARIES AND WAGES - ON PAYROLL,11363623,11363623,10238428
LOCAL,0200,Water Fund,88,Department of Water Management,2035,Bureau of Meter Services,0012,CONTRACT WAGE - PREVAILING RATE,99668,99668,90282
LOCAL,0200,Water Fund,88,Department of Water Management,2035,Bureau of Meter Services,0015,SCHEDULE SALARY ADJUSTMENTS,13897,13897,11996
LOCAL,0200,Water Fund,88,Department of Water Management,2035,Bureau of Meter Services,0020,OVERTIME,118000,118000,118000
LOCAL,0200,Water Fund,88,Department of Water Management,2035,Bureau of Meter Services,0140,PROFESSIONAL AND TECHNICAL SERVICES,5000,5000,5000
LOCAL,0200,Water Fund,88,Department of Water Management,2035,Bureau of Meter Services,0189,TELEPHONE - NON-CENTREX BILLINGS,9000,9000,9000
LOCAL,0200,Water Fund,88,Department of Water Management,2035,Bureau of Meter Services,0229,TRANSPORTATION AND EXPENSE ALLOWANCE,31500,31500,18500
LOCAL,0200,Water Fund,88,Department of Water Management,2035,Bureau of Meter Services,0340,MATERIAL AND SUPPLIES,40500,40500,30500
LOCAL,0200,Water Fund,88,Department of Water Management,2035,Bureau of Meter Services,0350,STATIONERY AND OFFICE SUPPLIES,12500,12500,12500
LOCAL,0200,Water Fund,88,Department of Water Management,2035,Bureau of Meter Services,0360,REPAIR PARTS AND MATERIAL,104500,104500,104500
LOCAL,0200,Water Fund,88,Department of Water Management,2035,Bureau of Meter Services,0401,TOOL <= $100 UNIT,6000,6000,6000
LOCAL,0200,Water Fund,88,Department of Water Management,2035,Bureau of Meter Services,0424,FURNITURE AND FURNISHINGS,5000,5000,5000
LOCAL,0200,Water Fund,88,Department of Water Management,2035,Bureau of Meter Services,0446,PURCHASE - DATA HARDWARE,0,0,23000
LOCAL,0314,Sewer Fund,88,Department of Water Management,2015,Bureau of Engineering Services,0005,SALARIES AND WAGES - ON PAYROLL,2312710,2312710,2383711
LOCAL,0314,Sewer Fund,88,Department of Water Management,2015,Bureau of Engineering Services,0015,SCHEDULE SALARY ADJUSTMENTS,4686,4686,2992
LOCAL,0314,Sewer Fund,88,Department of Water Management,2015,Bureau of Engineering Services,0020,OVERTIME,0,0,40000
LOCAL,0314,Sewer Fund,88,Department of Water Management,2015,Bureau of Engineering Services,0140,PROFESSIONAL AND TECHNICAL SERVICES,0,0,700000
LOCAL,0314,Sewer Fund,88,Department of Water Management,2015,Bureau of Engineering Services,0150,OUTSIDE GRAPHIC SERVICES,2000,2000,2000
LOCAL,0314,Sewer Fund,88,Department of Water Management,2015,Bureau of Engineering Services,0162,REPAIR/MAINT EQUIPMENT,2800,2800,17910
LOCAL,0314,Sewer Fund,88,Department of Water Management,2015,Bureau of Engineering Services,0169,TECHNICAL MEETING COSTS,5000,5000,5000
LOCAL,0314,Sewer Fund,88,Department of Water Management,2015,Bureau of Engineering Services,0229,TRANSPORTATION AND EXPENSE ALLOWANCE,0,0,74473
LOCAL,0314,Sewer Fund,88,Department of Water Management,2015,Bureau of Engineering Services,0348,BOOKS AND RELATED MATERIAL,500,500,500
LOCAL,0314,Sewer Fund,88,Department of Water Management,2015,Bureau of Engineering Services,0350,STATIONERY AND OFFICE SUPPLIES,6000,6000,6000
LOCAL,0314,Sewer Fund,88,Department of Water Management,2015,Bureau of Engineering Services,0424,FURNITURE AND FURNISHINGS,3000,3000,3000
LOCAL,0314,Sewer Fund,88,Department of Water Management,2015,Bureau of Engineering Services,0446,PURCHASE - DATA HARDWARE,0,0,25000
LOCAL,0314,Sewer Fund,88,Department of Water Management,2025,Bureau of Operations and Distribution,0005,SALARIES AND WAGES - ON PAYROLL,51734962,51734962,49154454
LOCAL,0314,Sewer Fund,88,Department of Water Management,2025,Bureau of Operations and Distribution,0012,CONTRACT WAGE - PREVAILING RATE,616460,616460,574183
LOCAL,0314,Sewer Fund,88,Department of Water Management,2025,Bureau of Operations and Distribution,0015,SCHEDULE SALARY ADJUSTMENTS,14880,14880,8291
LOCAL,0314,Sewer Fund,88,Department of Water Management,2025,Bureau of Operations and Distribution,0020,OVERTIME,3000000,3000000,2960000
LOCAL,0314,Sewer Fund,88,Department of Water Management,2025,Bureau of Operations and Distribution,0140,PROFESSIONAL AND TECHNICAL SERVICES,1298845,1298845,1298845
LOCAL,0314,Sewer Fund,88,Department of Water Management,2025,Bureau of Operations and Distribution,0154,RENTAL-DATA HARDWARE EQUIPMENT,6924,6924,6924
LOCAL,0314,Sewer Fund,88,Department of Water Management,2025,Bureau of Operations and Distribution,0157,RENTAL EQUIPMENT AND SERVICES,1440587,1440587,1440587
LOCAL,0314,Sewer Fund,88,Department of Water Management,2025,Bureau of Operations and Distribution,0185,WASTE DISPOSAL SERVICES,2942918,2942918,2942918
LOCAL,0314,Sewer Fund,88,Department of Water Management,2025,Bureau of Operations and Distribution,0190,TELEPHONE - CENTREX BILLINGS,28000,28000,28000
LOCAL,0314,Sewer Fund,88,Department of Water Management,2025,Bureau of Operations and Distribution,0229,TRANSPORTATION AND EXPENSE ALLOWANCE,104390,104390,104390
LOCAL,0314,Sewer Fund,88,Department of Water Management,2025,Bureau of Operations and Distribution,0340,MATERIAL AND SUPPLIES,4282000,4282000,4282000
LOCAL,0314,Sewer Fund,88,Department of Water Management,2025,Bureau of Operations and Distribution,0345,APPARATUS AND INSTRUMENTS,1500,1500,1500
LOCAL,0314,Sewer Fund,88,Department of Water Management,2025,Bureau of Operations and Distribution,0401,TOOL <= $100 UNIT,50000,50000,50000
LOCAL,0314,Sewer Fund,88,Department of Water Management,2025,Bureau of Operations and Distribution,0402,TOOLS > $100 UNIT,124673,124673,124673
LOCAL,0314,Sewer Fund,88,Department of Water Management,2025,Bureau of Operations and Distribution,0440,MACHINERY AND EQUIPMENT,245923,245923,245923
LOCAL,0314,Sewer Fund,88,Department of Water Management,2025,Bureau of Operations and Distribution,9438,REIMBURSEMENT - AIM,5175000,5175000,5278500
LOCAL,0314,Sewer Fund,88,Department of Water Management,2025,Bureau of Operations and Distribution,9481,REIMBURSEMENT - DSS,7767702,7767702,7767702
LOCAL,0346,Library Fund,91,Chicago Public Library,2005,Chicago Public Library,0005,SALARIES AND WAGES - ON PAYROLL,57262561,57262561,64606483
LOCAL,0346,Library Fund,91,Chicago Public Library,2005,Chicago Public Library,0012,CONTRACT WAGE - PREVAILING RATE,8461,8461,7938
LOCAL,0346,Library Fund,91,Chicago Public Library,2005,Chicago Public Library,0015,SCHEDULE SALARY ADJUSTMENTS,214453,214453,238292
LOCAL,0346,Library Fund,91,Chicago Public Library,2005,Chicago Public Library,0020,OVERTIME,400000,400000,400000
LOCAL,0346,Library Fund,91,Chicago Public Library,2005,Chicago Public Library,0123,SERVICES BY PERFORMERS / EXHIBITORS,86250,86250,88250
LOCAL,0346,Library Fund,91,Chicago Public Library,2005,Chicago Public Library,0130,POSTAGE,20000,20000,20000
LOCAL,0346,Library Fund,91,Chicago Public Library,2005,Chicago Public Library,0140,PROFESSIONAL AND TECHNICAL SERVICES,415429,415429,435429
LOCAL,0346,Library Fund,91,Chicago Public Library,2005,Chicago Public Library,0149,SOFTWARE MAINTENANCE AND LICENSING,432441,432441,1517119
LOCAL,0346,Library Fund,91,Chicago Public Library,2005,Chicago Public Library,0152,ADVERTISING,63092,63092,63092
LOCAL,0346,Library Fund,91,Chicago Public Library,2005,Chicago Public Library,0154,RENTAL-DATA HARDWARE EQUIPMENT,209972,209972,209972
LOCAL,0346,Library Fund,91,Chicago Public Library,2005,Chicago Public Library,0162,REPAIR/MAINT EQUIPMENT,173530,173530,645427
LOCAL,0346,Library Fund,91,Chicago Public Library,2005,Chicago Public Library,0164,BOOKBINDING,56107,56107,56107
LOCAL,0346,Library Fund,91,Chicago Public Library,2005,Chicago Public Library,0165,GRAPHIC DESIGN SERV,13813,13813,13813
LOCAL,0346,Library Fund,91,Chicago Public Library,2005,Chicago Public Library,0166,"DUES, SUBSCRIPTIONS AND MEMBERSHIPS",199732,199732,199732
LOCAL,0346,Library Fund,91,Chicago Public Library,2005,Chicago Public Library,0168,EDUCATION DEVELOPMENT,8000,8000,8000
LOCAL,0346,Library Fund,91,Chicago Public Library,2005,Chicago Public Library,0169,TECHNICAL MEETING COSTS,28000,28000,28000
LOCAL,0346,Library Fund,91,Chicago Public Library,2005,Chicago Public Library,0172,INSURANCE PREMIUMS,0,0,20000
LOCAL,0346,Library Fund,91,Chicago Public Library,2005,Chicago Public Library,0178,FREIGHT AND EXPRESS CHARGES,4001,4001,4001
LOCAL,0346,Library Fund,91,Chicago Public Library,2005,Chicago Public Library,0181,MOBILE COMMUNICATION SERVICES,2000,2000,1494
LOCAL,0346,Library Fund,91,Chicago Public Library,2005,Chicago Public Library,0189,TELEPHONE - NON-CENTREX BILLINGS,92500,92500,86000
LOCAL,0346,Library Fund,91,Chicago Public Library,2005,Chicago Public Library,0190,TELEPHONE - CENTREX BILLINGS,249000,249000,249000
LOCAL,0346,Library Fund,91,Chicago Public Library,2005,Chicago Public Library,0191,TELEPHONE - RELOCATIONS,9100,9100,9100
LOCAL,0346,Library Fund,91,Chicago Public Library,2005,Chicago Public Library,0196,DATA CIRCUITS,1110885,1110885,1110885
LOCAL,0346,Library Fund,91,Chicago Public Library,2005,Chicago Public Library,0197,TELEPHONE - MAINTENANCE,18110,18110,18110
LOCAL,0346,Library Fund,91,Chicago Public Library,2005,Chicago Public Library,0245,REIMBURSEMENT TO TRAVELERS,17880,17880,17880
LOCAL,0346,Library Fund,91,Chicago Public Library,2005,Chicago Public Library,0340,MATERIAL AND SUPPLIES,37988,37988,112988
LOCAL,0346,Library Fund,91,Chicago Public Library,2005,Chicago Public Library,0350,STATIONERY AND OFFICE SUPPLIES,560291,560291,560291
LOCAL,0346,Library Fund,91,Chicago Public Library,2005,Chicago Public Library,0361,BUILDING MATERIALS AND SUPPLIES,1312,1312,1312
LOCAL,0346,Library Fund,91,Chicago Public Library,2005,Chicago Public Library,0365,ELECTRICAL SUPPLIES,1220,1220,1220
LOCAL,0346,Library Fund,91,Chicago Public Library,2005,Chicago Public Library,0410,EQUIPMENT FOR BUILDINGS,0,0,192000
LOCAL,0346,Library Fund,91,Chicago Public Library,2005,Chicago Public Library,0420,FURNITURE AND FIXTURES,0,0,500000
LOCAL,0346,Library Fund,91,Chicago Public Library,2005,Chicago Public Library,0446,PURCHASE - DATA HARDWARE,500000,500000,0
LOCAL,0346,Library Fund,91,Chicago Public Library,2005,Chicago Public Library,9438,REIMBURSEMENT - AIM,20000,20000,20000
LOCAL,0100,Corporate Fund,99,Finance General,2005,Finance General,0003,SCHEDULED WAGE ADJUSTMENTS,0,0,79404586
LOCAL,0100,Corporate Fund,99,Finance General,2005,Finance General,0029,HMO PREMIUMS,93716768,93716768,103081128
LOCAL,0100,Corporate Fund,99,Finance General,2005,Finance General,0039,STUDENT AS TRAINEES,298400,298400,0
LOCAL,0100,Corporate Fund,99,Finance General,2005,Finance General,0042,FOR THE COSTS OF CLAIMS AND ADMINISTRATION FOR HOSPITALS AND MEDICAL CARE PROVIDED TO ELIGIBLE EMPLOYEES,232749404,232617903,249578201
LOCAL,0100,Corporate Fund,99,Finance General,2005,Finance General,0043,FOR HEALTH MAINTENANCE ORGANIZATION PREMIUMS FOR CARE PROVIDED TO POLICE AND FIRE DEPARTMENTS' SWORN PERONNEL,980705,980705,980705
LOCAL,0100,Corporate Fund,99,Finance General,2005,Finance General,0045,PREM TERM LIFE INSURANCE,2490346,2490346,2652651
LOCAL,0100,Corporate Fund,99,Finance General,2005,Finance General,0049,WORKERS' COMPENSATION,39000000,39000000,39000000
LOCAL,0100,Corporate Fund,99,Finance General,2005,Finance General,0051,UNEMPLOYMENT INSURANCE CLAIM,3850673,3850673,3754473
LOCAL,0100,Corporate Fund,99,Finance General,2005,Finance General,0052,MEDICAL CARE CLAIMS,7160130,7160130,5716828
LOCAL,0100,Corporate Fund,99,Finance General,2005,Finance General,0056,DENTAL PLAN PREMIUMS,11116162,11116162,12583187
LOCAL,0100,Corporate Fund,99,Finance General,2005,Finance General,0069,PAR GRANT RECONCILIATION,600000,600000,600000
LOCAL,0100,Corporate Fund,99,Finance General,2005,Finance General,0070,TUITION REIMBURSEMENT,205000,205000,205000
LOCAL,0100,Corporate Fund,99,Finance General,2005,Finance General,0095,PAYMENT TO DEPENDENTS OF POLICE /FIRE,200000,200000,200000
LOCAL,0100,Corporate Fund,99,Finance General,2005,Finance General,0096,FOR PAYING THE SALARY OF ANY SWORN MEMBER OF THE POLICE OR FIRE DEPARTMENT KILLED IN THE LINE OF DUTY FOR A PERIOD OF ONE YEAR,150000,281501,280000
LOCAL,0100,Corporate Fund,99,Finance General,2005,Finance General,0135,DELEGATE AGENCIES,4275000,4275000,2010000
LOCAL,0100,Corporate Fund,99,Finance General,2005,Finance General,0138,IT MAINTENANCE,41799101,41799101,48681746
LOCAL,0100,Corporate Fund,99,Finance General,2005,Finance General,0139,IT DEVELOPMENT,10076527,10066027,9828809
LOCAL,0100,Corporate Fund,99,Finance General,2005,Finance General,0140,PROFESSIONAL AND TECHNICAL SERVICES,56030209,55517095,40423227
LOCAL,0100,Corporate Fund,99,Finance General,2005,Finance General,0142,ACCOUNTING AND AUDITING,1820000,1820000,1850200
LOCAL,0100,Corporate Fund,99,Finance General,2005,Finance General,0170,SURETY BOND PREMIUMS,50000,50000,50000
LOCAL,0100,Corporate Fund,99,Finance General,2005,Finance General,0172,INSURANCE PREMIUMS,2564948,2564948,2564948
LOCAL,0100,Corporate Fund,99,Finance General,2005,Finance General,0181,MOBILE COMMUNICATION SERVICES,0,10500,0
LOCAL,0100,Corporate Fund,99,Finance General,2005,Finance General,0196,DATA CIRCUITS,150000,150000,150000
LOCAL,0100,Corporate Fund,99,Finance General,2005,Finance General,0340,MATERIAL AND SUPPLIES,115000,428000,55000
LOCAL,0100,Corporate Fund,99,Finance General,2005,Finance General,0342,DRUGS  MEDICINE AND CHEMICAL MATERIALS,3125000,2812000,125000
LOCAL,0100,Corporate Fund,99,Finance General,2005,Finance General,0912,PAYMENT OF BONDS,12000000,12000000,1000000
LOCAL,0100,Corporate Fund,99,Finance General,2005,Finance General,0931,TORT/NON-TORT JUDGMENT,15423400,15423400,39535000
LOCAL,0100,Corporate Fund,99,Finance General,2005,Finance General,0934,CLAIMS AGAINST THE CITY,200000,200000,200000
LOCAL,0100,Corporate Fund,99,Finance General,2005,Finance General,0947,FINANCING PAYMENTS,1478572,1478572,1478572
LOCAL,0100,Corporate Fund,99,Finance General,2005,Finance General,0991,MATCHING AND SUPPLEMENTAL GRANTS,8417000,8417000,52976768
LOCAL,0100,Corporate Fund,99,Finance General,2005,Finance General,9027,SOCIAL SECURITY TAX,1057681,1057681,918341
LOCAL,0100,Corporate Fund,99,Finance General,2005,Finance General,9067,PHYSICAL EXAMS,210000,210000,350000
LOCAL,0100,Corporate Fund,99,Finance General,2005,Finance General,9076,CITY CNTB MEDICARE TAX,35342460,35342460,35309800
LOCAL,0100,Corporate Fund,99,Finance General,2005,Finance General,9085,CITY DEFERRED COMPENSATION,0,0,2000000
LOCAL,0100,Corporate Fund,99,Finance General,2005,Finance General,9121,LOBBYIST COSTS,480000,480000,480000
LOCAL,0100,Corporate Fund,99,Finance General,2005,Finance General,9176,WEST NILE VIRUS PROGRAM,425000,425000,0
LOCAL,0100,Corporate Fund,99,Finance General,2005,Finance General,9180,WORLD BUSINESS CHICAGO,1200000,1200000,1200000
LOCAL,0100,Corporate Fund,99,Finance General,2005,Finance General,9222,EMERGENCY MEDICAL TRANSPORTATION,0,0,143000000
LOCAL,0100,Corporate Fund,99,Finance General,2005,Finance General,9240,CTA CAPITAL,16000000,16000000,16000000
LOCAL,0100,Corporate Fund,99,Finance General,2005,Finance General,9241,COMMUNITY NAVIGATOR SERVICES,1000000,1000000,0
LOCAL,0100,Corporate Fund,99,Finance General,2005,Finance General,9291,LEGAL PROTECTION FUND,1300000,1300000,0
LOCAL,0100,Corporate Fund,99,Finance General,2005,Finance General,9297,CENSUS,0,0,2700000
LOCAL,0100,Corporate Fund,99,Finance General,2005,Finance General,9298,GAPA COMMISSION PAYMENTS,0,0,840000
LOCAL,0100,Corporate Fund,99,Finance General,2005,Finance General,9377,TRANSFER TO DEBT SERVICE,16000000,16000000,0
LOCAL,0100,Corporate Fund,99,Finance General,2005,Finance General,9540,PAYT GEN/OB-CERTIFICATE,15702325,15702325,15232758
LOCAL,0100,Corporate Fund,99,Finance General,2005,Finance General,9635,REIMBURSEMENT - FIRE SALARIES TO MIDWAY FUND,2852109,2852109,2852109
LOCAL,0100,Corporate Fund,99,Finance General,2005,Finance General,9636,REIMBURSEMENT - FIRE BENEFITS TO MIDWAY FUND,1467410,1467410,1467410
LOCAL,0100,Corporate Fund,99,Finance General,2005,Finance General,9638,FOR CORPORATE SUBSIDY OF CPL,9508000,9508000,0
LOCAL,0100,Corporate Fund,99,Finance General,2005,Finance General,9980,MUNICIPAL FUND PENSION ALLOCATION,81271000,81271000,81271000
LOCAL,0100,Corporate Fund,99,Finance General,2005,Finance General,9981,LABORERS' FUND PENSION ALLOCATION,27056000,27056000,35202000
LOCAL,0100,Corporate Fund,99,Finance General,2005,Finance General,9982,POLICEMEN'S FUND PENSION ALLOCATION,18872000,18872000,134120000
LOCAL,0100,Corporate Fund,99,Finance General,2005,Finance General,9983,FIREMEN'S FUND PENSION ALLOCATION,9575000,9575000,94902000
LOCAL,0200,Water Fund,99,Finance General,2005,Finance General,0003,SCHEDULED WAGE ADJUSTMENTS,0,0,503205
LOCAL,0200,Water Fund,99,Finance General,2005,Finance General,0029,HMO PREMIUMS,6658567,6658567,6018559
LOCAL,0200,Water Fund,99,Finance General,2005,Finance General,0042,FOR THE COSTS OF CLAIMS AND ADMINISTRATION FOR HOSPITALS AND MEDICAL CARE PROVIDED TO ELIGIBLE EMPLOYEES,16722611,16722611,14572028
LOCAL,0200,Water Fund,99,Finance General,2005,Finance General,0045,PREM TERM LIFE INSURANCE,172447,172447,154879
LOCAL,0200,Water Fund,99,Finance General,2005,Finance General,0049,WORKERS' COMPENSATION,12000000,12000000,12000000
LOCAL,0200,Water Fund,99,Finance General,2005,Finance General,0051,UNEMPLOYMENT INSURANCE CLAIM,483710,483710,483710
LOCAL,0200,Water Fund,99,Finance General,2005,Finance General,0052,MEDICAL CARE CLAIMS,508726,508726,333786
LOCAL,0200,Water Fund,99,Finance General,2005,Finance General,0056,DENTAL PLAN PREMIUMS,789802,789802,734690
LOCAL,0200,Water Fund,99,Finance General,2005,Finance General,0070,TUITION REIMBURSEMENT,40000,40000,40000
LOCAL,0200,Water Fund,99,Finance General,2005,Finance General,0128,INVESTIGATION COSTS - COMPTROLLER,602550,602550,602550
LOCAL,0200,Water Fund,99,Finance General,2005,Finance General,0138,IT MAINTENANCE,3569795,3569795,4074846
LOCAL,0200,Water Fund,99,Finance General,2005,Finance General,0139,IT DEVELOPMENT,2588532,2588532,3309776
LOCAL,0200,Water Fund,99,Finance General,2005,Finance General,0140,PROFESSIONAL AND TECHNICAL SERVICES,4764720,4764720,5810324
LOCAL,0200,Water Fund,99,Finance General,2005,Finance General,0142,ACCOUNTING AND AUDITING,442500,442500,442500
LOCAL,0200,Water Fund,99,Finance General,2005,Finance General,0149,SOFTWARE MAINTENANCE AND LICENSING,0,0,33000
LOCAL,0200,Water Fund,99,Finance General,2005,Finance General,0172,INSURANCE PREMIUMS,1120000,1120000,1120000
LOCAL,0200,Water Fund,99,Finance General,2005,Finance General,0902,INTEREST ON BONDS,112717847,112717847,103931656
LOCAL,0200,Water Fund,99,Finance General,2005,Finance General,0905,MSD USER CHARGES,13000000,13000000,13000000
LOCAL,0200,Water Fund,99,Finance General,2005,Finance General,0912,PAYMENT OF BONDS,78304790,78304790,74675000
LOCAL,0200,Water Fund,99,Finance General,2005,Finance General,0931,TORT/NON-TORT JUDGMENT,6414000,6414000,6805986
LOCAL,0200,Water Fund,99,Finance General,2005,Finance General,0934,CLAIMS AGAINST THE CITY,15000,15000,15000
LOCAL,0200,Water Fund,99,Finance General,2005,Finance General,0943,INTEREST ON LOANS,7168090,7168090,10579164
LOCAL,0200,Water Fund,99,Finance General,2005,Finance General,0944,PAYMENT ON LOANS,18665640,18665640,28089582
LOCAL,0200,Water Fund,99,Finance General,2005,Finance General,0958,WATER PIPE EXTENSION CERTIFICATES,100000,100000,100000
LOCAL,0200,Water Fund,99,Finance General,2005,Finance General,0959,BOND FEES AND COSTS,62000,62000,53600
LOCAL,0200,Water Fund,99,Finance General,2005,Finance General,9027,SOCIAL SECURITY TAX,37191,37191,37191
LOCAL,0200,Water Fund,99,Finance General,2005,Finance General,9067,PHYSICAL EXAMS,28584,28584,28584
LOCAL,0200,Water Fund,99,Finance General,2005,Finance General,9076,CITY CNTB MEDICARE TAX,1574224,1574224,1574224
LOCAL,0200,Water Fund,99,Finance General,2005,Finance General,9097,FOR CAPITAL CONSTRUCTION,76791755,76791755,107256821
LOCAL,0200,Water Fund,99,Finance General,2005,Finance General,9611,REIMBURSEMENT - INDIRECT COSTS TO CORPORATE FUND,68737000,68737000,67626000
LOCAL,0200,Water Fund,99,Finance General,2005,Finance General,9645,REIMBURSEMENT - INDIRECT PENSION TO CORPORATE FUND,16938000,16938000,21728000
LOCAL,0200,Water Fund,99,Finance General,2005,Finance General,9765,TRANSFER FOR CONTRACTUAL SERVICES,625000,625000,625000
LOCAL,0200,Water Fund,99,Finance General,2005,Finance General,9773,TRANSFER FOR SERVICES - CPD,1470301,1470301,1470301
LOCAL,0200,Water Fund,99,Finance General,2005,Finance General,9774,TRANSFER FOR SERVICES - OEMC,325000,325000,325000
LOCAL,0200,Water Fund,99,Finance General,2005,Finance General,9980,MUNICIPAL FUND PENSION ALLOCATION,30353000,30353000,33014000
LOCAL,0200,Water Fund,99,Finance General,2005,Finance General,9981,LABORERS' FUND PENSION ALLOCATION,9722000,9722000,11363000
LOCAL,0300,Vehicle Tax Fund,99,Finance General,2005,Finance General,0029,HMO PREMIUMS,4063763,4063763,4295901
LOCAL,0300,Vehicle Tax Fund,99,Finance General,2005,Finance General,0042,FOR THE COSTS OF CLAIMS AND ADMINISTRATION FOR HOSPITALS AND MEDICAL CARE PROVIDED TO ELIGIBLE EMPLOYEES,10083848,10083848,9663750
LOCAL,0300,Vehicle Tax Fund,99,Finance General,2005,Finance General,0045,PREM TERM LIFE INSURANCE,105245,105245,102712
LOCAL,0300,Vehicle Tax Fund,99,Finance General,2005,Finance General,0049,WORKERS' COMPENSATION,12500000,12500000,12500000
LOCAL,0300,Vehicle Tax Fund,99,Finance General,2005,Finance General,0051,UNEMPLOYMENT INSURANCE CLAIM,291649,291649,291649
LOCAL,0300,Vehicle Tax Fund,99,Finance General,2005,Finance General,0052,MEDICAL CARE CLAIMS,310479,310479,221357
LOCAL,0300,Vehicle Tax Fund,99,Finance General,2005,Finance General,0056,DENTAL PLAN PREMIUMS,482021,482021,487225
LOCAL,0300,Vehicle Tax Fund,99,Finance General,2005,Finance General,0070,TUITION REIMBURSEMENT,20000,20000,20000
LOCAL,0300,Vehicle Tax Fund,99,Finance General,2005,Finance General,0128,INVESTIGATION COSTS - COMPTROLLER,113300,113300,113300
LOCAL,0300,Vehicle Tax Fund,99,Finance General,2005,Finance General,0138,IT MAINTENANCE,2308132,2308132,2540866
LOCAL,0300,Vehicle Tax Fund,99,Finance General,2005,Finance General,0139,IT DEVELOPMENT,13750,13750,157621
LOCAL,0300,Vehicle Tax Fund,99,Finance General,2005,Finance General,0140,PROFESSIONAL AND TECHNICAL SERVICES,5743613,5743613,5550896
LOCAL,0300,Vehicle Tax Fund,99,Finance General,2005,Finance General,0142,ACCOUNTING AND AUDITING,150000,150000,150000
LOCAL,0300,Vehicle Tax Fund,99,Finance General,2005,Finance General,0931,TORT/NON-TORT JUDGMENT,11800,11800,11800
LOCAL,0300,Vehicle Tax Fund,99,Finance General,2005,Finance General,0934,CLAIMS AGAINST THE CITY,375000,375000,375000
LOCAL,0300,Vehicle Tax Fund,99,Finance General,2005,Finance General,0989,REFUND - CANCELLED VOUCHER,765000,765000,765000
LOCAL,0300,Vehicle Tax Fund,99,Finance General,2005,Finance General,0991,MATCHING AND SUPPLEMENTAL GRANTS,1458000,1458000,1285000
LOCAL,0300,Vehicle Tax Fund,99,Finance General,2005,Finance General,9027,SOCIAL SECURITY TAX,22477,22477,22477
LOCAL,0300,Vehicle Tax Fund,99,Finance General,2005,Finance General,9076,CITY CNTB MEDICARE TAX,951419,951419,951419
LOCAL,0300,Vehicle Tax Fund,99,Finance General,2005,Finance General,9581,RESERVE FOR SNOW EVENTS,500000,500000,500000
LOCAL,0300,Vehicle Tax Fund,99,Finance General,2005,Finance General,9610,REIMBURSEMENT - PENSION PAYMENTS,29586000,29586000,24689000
LOCAL,0300,Vehicle Tax Fund,99,Finance General,2005,Finance General,9611,REIMBURSEMENT - INDIRECT COSTS TO CORPORATE FUND,16801000,16801000,13316000
LOCAL,0300,Vehicle Tax Fund,99,Finance General,2005,Finance General,9774,TRANSFER FOR SERVICES - OEMC,10000,10000,10000
LOCAL,0310,Motor Fuel Tax Fund,99,Finance General,2005,Finance General,0003,SCHEDULED WAGE ADJUSTMENTS,0,0,8632
LOCAL,0310,Motor Fuel Tax Fund,99,Finance General,2005,Finance General,9097,FOR CAPITAL CONSTRUCTION,0,0,20000000
LOCAL,0310,Motor Fuel Tax Fund,99,Finance General,2005,Finance General,9189,FOR ANNUAL PAYMENT TO CTA,3000000,3000000,3000000
LOCAL,0314,Sewer Fund,99,Finance General,2005,Finance General,0003,SCHEDULED WAGE ADJUSTMENTS,0,0,145085
LOCAL,0314,Sewer Fund,99,Finance General,2005,Finance General,0029,HMO PREMIUMS,2476858,2476858,2103085
LOCAL,0314,Sewer Fund,99,Finance General,2005,Finance General,0042,FOR THE COSTS OF CLAIMS AND ADMINISTRATION FOR HOSPITALS AND MEDICAL CARE PROVIDED TO ELIGIBLE EMPLOYEES,6146092,6146092,5091952
LOCAL,0314,Sewer Fund,99,Finance General,2005,Finance General,0045,PREM TERM LIFE INSURANCE,64147,64147,54120
LOCAL,0314,Sewer Fund,99,Finance General,2005,Finance General,0049,WORKERS' COMPENSATION,5900000,5900000,5900000
LOCAL,0314,Sewer Fund,99,Finance General,2005,Finance General,0051,UNEMPLOYMENT INSURANCE CLAIM,174278,174278,174278
LOCAL,0314,Sewer Fund,99,Finance General,2005,Finance General,0052,MEDICAL CARE CLAIMS,189236,189236,116636
LOCAL,0314,Sewer Fund,99,Finance General,2005,Finance General,0056,DENTAL PLAN PREMIUMS,293791,293791,256725
LOCAL,0314,Sewer Fund,99,Finance General,2005,Finance General,0070,TUITION REIMBURSEMENT,25000,25000,25000
LOCAL,0314,Sewer Fund,99,Finance General,2005,Finance General,0128,INVESTIGATION COSTS - COMPTROLLER,103000,103000,103000
LOCAL,0314,Sewer Fund,99,Finance General,2005,Finance General,0138,IT MAINTENANCE,1357879,1357879,1627308
LOCAL,0314,Sewer Fund,99,Finance General,2005,Finance General,0139,IT DEVELOPMENT,1192735,1192735,2941151
LOCAL,0314,Sewer Fund,99,Finance General,2005,Finance General,0140,PROFESSIONAL AND TECHNICAL SERVICES,316393,316393,1285989
LOCAL,0314,Sewer Fund,99,Finance General,2005,Finance General,0142,ACCOUNTING AND AUDITING,150000,150000,150000
LOCAL,0314,Sewer Fund,99,Finance General,2005,Finance General,0149,SOFTWARE MAINTENANCE AND LICENSING,0,0,33000
LOCAL,0314,Sewer Fund,99,Finance General,2005,Finance General,0902,INTEREST ON BONDS,89314407,89314407,87929531
LOCAL,0314,Sewer Fund,99,Finance General,2005,Finance General,0912,PAYMENT OF BONDS,47821631,47821631,45397538
LOCAL,0314,Sewer Fund,99,Finance General,2005,Finance General,0931,TORT/NON-TORT JUDGMENT,250000,250000,383133
LOCAL,0314,Sewer Fund,99,Finance General,2005,Finance General,0934,CLAIMS AGAINST THE CITY,25000,25000,25000
LOCAL,0314,Sewer Fund,99,Finance General,2005,Finance General,0943,INTEREST ON LOANS,4074908,4074908,6204573
LOCAL,0314,Sewer Fund,99,Finance General,2005,Finance General,0944,PAYMENT ON LOANS,11731577,11731577,17467696
LOCAL,0314,Sewer Fund,99,Finance General,2005,Finance General,0959,BOND FEES AND COSTS,39000,39000,44000
LOCAL,0314,Sewer Fund,99,Finance General,2005,Finance General,9027,SOCIAL SECURITY TAX,13087,13087,13087
LOCAL,0314,Sewer Fund,99,Finance General,2005,Finance General,9076,CITY CNTB MEDICARE TAX,553951,553951,553951
LOCAL,0314,Sewer Fund,99,Finance General,2005,Finance General,9097,FOR CAPITAL CONSTRUCTION,33593236,33593236,48945559
LOCAL,0314,Sewer Fund,99,Finance General,2005,Finance General,9148,SENIOR CITIZEN SEWER,350000,350000,350000
LOCAL,0314,Sewer Fund,99,Finance General,2005,Finance General,9611,REIMBURSEMENT - INDIRECT COSTS TO CORPORATE FUND,39795000,39795000,36727000
LOCAL,0314,Sewer Fund,99,Finance General,2005,Finance General,9645,REIMBURSEMENT - INDIRECT PENSION TO CORPORATE FUND,10837000,10837000,14024000
LOCAL,0314,Sewer Fund,99,Finance General,2005,Finance General,9710,TRANSFER - WATER FUND FROM SEWER FUND,10000000,10000000,10000000
LOCAL,0314,Sewer Fund,99,Finance General,2005,Finance General,9774,TRANSFER FOR SERVICES - OEMC,120000,120000,120000
LOCAL,0314,Sewer Fund,99,Finance General,2005,Finance General,9980,MUNICIPAL FUND PENSION ALLOCATION,8469000,8469000,8960000
LOCAL,0314,Sewer Fund,99,Finance General,2005,Finance General,9981,LABORERS' FUND PENSION ALLOCATION,7369000,7369000,8159000
LOCAL,0346,Library Fund,99,Finance General,2005,Finance General,0003,SCHEDULED WAGE ADJUSTMENTS,0,0,201596
LOCAL,0346,Library Fund,99,Finance General,2005,Finance General,0029,HMO PREMIUMS,3316774,3316774,2504067
LOCAL,0346,Library Fund,99,Finance General,2005,Finance General,0042,FOR THE COSTS OF CLAIMS AND ADMINISTRATION FOR HOSPITALS AND MEDICAL CARE PROVIDED TO ELIGIBLE EMPLOYEES,8662333,8662333,7242803
LOCAL,0346,Library Fund,99,Finance General,2005,Finance General,0045,PREM TERM LIFE INSURANCE,88832,88832,64439
LOCAL,0346,Library Fund,99,Finance General,2005,Finance General,0049,WORKERS' COMPENSATION,550000,550000,550000
LOCAL,0346,Library Fund,99,Finance General,2005,Finance General,0051,UNEMPLOYMENT INSURANCE CLAIM,248969,248969,248969
LOCAL,0346,Library Fund,99,Finance General,2005,Finance General,0052,MEDICAL CARE CLAIMS,253407,253407,138874
LOCAL,0346,Library Fund,99,Finance General,2005,Finance General,0056,DENTAL PLAN PREMIUMS,393417,393417,305673
LOCAL,0346,Library Fund,99,Finance General,2005,Finance General,0070,TUITION REIMBURSEMENT,85000,85000,85000
LOCAL,0346,Library Fund,99,Finance General,2005,Finance General,0139,IT DEVELOPMENT,0,0,20670
LOCAL,0346,Library Fund,99,Finance General,2005,Finance General,0140,PROFESSIONAL AND TECHNICAL SERVICES,1568355,1568355,259538
LOCAL,0346,Library Fund,99,Finance General,2005,Finance General,0142,ACCOUNTING AND AUDITING,110000,110000,110000
LOCAL,0346,Library Fund,99,Finance General,2005,Finance General,0190,TELEPHONE - CENTREX BILLINGS,144000,144000,26000
LOCAL,0346,Library Fund,99,Finance General,2005,Finance General,0420,FURNITURE AND FIXTURES,402500,402500,600625
LOCAL,0346,Library Fund,99,Finance General,2005,Finance General,0446,PURCHASE - DATA HARDWARE,878000,878000,367000
LOCAL,0346,Library Fund,99,Finance General,2005,Finance General,0450,VEHICLES,100000,100000,110000
LOCAL,0346,Library Fund,99,Finance General,2005,Finance General,0955,INTEREST ON LIBRARY FINANCING,1755000,1755000,2200000
LOCAL,0346,Library Fund,99,Finance General,2005,Finance General,9027,SOCIAL SECURITY TAX,19150,19150,19150
LOCAL,0346,Library Fund,99,Finance General,2005,Finance General,9076,CITY CNTB MEDICARE TAX,810584,810584,810584
LOCAL,0346,Library Fund,99,Finance General,2005,Finance General,9112,PROPERTY MAINTENANCE CONTRACT FOR THE HAROLD WASHINGTON LIBRARY,7835236,7835236,7835236
LOCAL,0346,Library Fund,99,Finance General,2005,Finance General,9199,CPL LIBRARY BOOKS AND MATERIALS,7985000,7985000,8000000
LOCAL,0346,Library Fund,99,Finance General,2005,Finance General,9980,MUNICIPAL FUND PENSION ALLOCATION,3141000,3141000,3141000
LOCAL,0353,Emergency Communication Fund,99,Finance General,2005,Finance General,0003,SCHEDULED WAGE ADJUSTMENTS,0,0,65363
LOCAL,0353,Emergency Communication Fund,99,Finance General,2005,Finance General,0029,HMO PREMIUMS,2648415,2648415,2281583
LOCAL,0353,Emergency Communication Fund,99,Finance General,2005,Finance General,0042,FOR THE COSTS OF CLAIMS AND ADMINISTRATION FOR HOSPITALS AND MEDICAL CARE PROVIDED TO ELIGIBLE EMPLOYEES,6571795,6571795,5524128
LOCAL,0353,Emergency Communication Fund,99,Finance General,2005,Finance General,0045,PREM TERM LIFE INSURANCE,68590,68590,58713
LOCAL,0353,Emergency Communication Fund,99,Finance General,2005,Finance General,0051,UNEMPLOYMENT INSURANCE CLAIM,15063,15063,15063
LOCAL,0353,Emergency Communication Fund,99,Finance General,2005,Finance General,0052,MEDICAL CARE CLAIMS,202344,202344,126535
LOCAL,0353,Emergency Communication Fund,99,Finance General,2005,Finance General,0056,DENTAL PLAN PREMIUMS,314140,314140,278514
LOCAL,0353,Emergency Communication Fund,99,Finance General,2005,Finance General,0138,IT MAINTENANCE,1378016,1378016,1523580
LOCAL,0353,Emergency Communication Fund,99,Finance General,2005,Finance General,0139,IT DEVELOPMENT,8824,8824,0
LOCAL,0353,Emergency Communication Fund,99,Finance General,2005,Finance General,0991,MATCHING AND SUPPLEMENTAL GRANTS,0,0,800000
LOCAL,0353,Emergency Communication Fund,99,Finance General,2005,Finance General,9611,REIMBURSEMENT - INDIRECT COSTS TO CORPORATE FUND,7930000,7930000,7157000
LOCAL,0353,Emergency Communication Fund,99,Finance General,2005,Finance General,9980,MUNICIPAL FUND PENSION ALLOCATION,12972000,12972000,14529000
LOCAL,0355,Special Events and Municipal Hotel Operators' Occupation Tax Fund,99,Finance General,2005,Finance General,0003,SCHEDULED WAGE ADJUSTMENTS,0,0,247186
LOCAL,0355,Special Events and Municipal Hotel Operators' Occupation Tax Fund,99,Finance General,2005,Finance General,0029,HMO PREMIUMS,296651,296651,258184
LOCAL,0355,Special Events and Municipal Hotel Operators' Occupation Tax Fund,99,Finance General,2005,Finance General,0042,FOR THE COSTS OF CLAIMS AND ADMINISTRATION FOR HOSPITALS AND MEDICAL CARE PROVIDED TO ELIGIBLE EMPLOYEES,736112,736112,625111
LOCAL,0355,Special Events and Municipal Hotel Operators' Occupation Tax Fund,99,Finance General,2005,Finance General,0045,PREM TERM LIFE INSURANCE,7683,7683,6644
LOCAL,0355,Special Events and Municipal Hotel Operators' Occupation Tax Fund,99,Finance General,2005,Finance General,0049,WORKERS' COMPENSATION,55000,55000,55000
LOCAL,0355,Special Events and Municipal Hotel Operators' Occupation Tax Fund,99,Finance General,2005,Finance General,0051,UNEMPLOYMENT INSURANCE CLAIM,28454,28454,28454
LOCAL,0355,Special Events and Municipal Hotel Operators' Occupation Tax Fund,99,Finance General,2005,Finance General,0052,MEDICAL CARE CLAIMS,22665,22665,14319
LOCAL,0355,Special Events and Municipal Hotel Operators' Occupation Tax Fund,99,Finance General,2005,Finance General,0056,DENTAL PLAN PREMIUMS,35187,35187,31517
LOCAL,0355,Special Events and Municipal Hotel Operators' Occupation Tax Fund,99,Finance General,2005,Finance General,0138,IT MAINTENANCE,202214,202214,0
LOCAL,0355,Special Events and Municipal Hotel Operators' Occupation Tax Fund,99,Finance General,2005,Finance General,0139,IT DEVELOPMENT,992,992,0
LOCAL,0355,Special Events and Municipal Hotel Operators' Occupation Tax Fund,99,Finance General,2005,Finance General,0140,PROFESSIONAL AND TECHNICAL SERVICES,5020476,5020476,820476
LOCAL,0355,Special Events and Municipal Hotel Operators' Occupation Tax Fund,99,Finance General,2005,Finance General,0160,REPAIR/MAINT PROPERTY,400000,400000,0
LOCAL,0355,Special Events and Municipal Hotel Operators' Occupation Tax Fund,99,Finance General,2005,Finance General,0161,MAINTENANCE OF FACILITIES,200000,200000,0
LOCAL,0355,Special Events and Municipal Hotel Operators' Occupation Tax Fund,99,Finance General,2005,Finance General,0991,MATCHING AND SUPPLEMENTAL GRANTS,248000,248000,882000
LOCAL,0355,Special Events and Municipal Hotel Operators' Occupation Tax Fund,99,Finance General,2005,Finance General,9027,SOCIAL SECURITY TAX,1922,1922,1922
LOCAL,0355,Special Events and Municipal Hotel Operators' Occupation Tax Fund,99,Finance General,2005,Finance General,9076,CITY CNTB MEDICARE TAX,81372,81372,81372
LOCAL,0355,Special Events and Municipal Hotel Operators' Occupation Tax Fund,99,Finance General,2005,Finance General,9124,SISTER CITIES PROGRAM,528643,528643,528643
LOCAL,0355,Special Events and Municipal Hotel Operators' Occupation Tax Fund,99,Finance General,2005,Finance General,9610,REIMBURSEMENT - PENSION PAYMENTS,1645000,1645000,613000
LOCAL,0355,Special Events and Municipal Hotel Operators' Occupation Tax Fund,99,Finance General,2005,Finance General,9611,REIMBURSEMENT - INDIRECT COSTS TO CORPORATE FUND,6669000,6669000,2825000
LOCAL,0355,Special Events and Municipal Hotel Operators' Occupation Tax Fund,99,Finance General,2005,Finance General,9770,TRANSFER FOR SERVICES - FINANCE,80000,80000,80000
LOCAL,0355,Special Events and Municipal Hotel Operators' Occupation Tax Fund,99,Finance General,2005,Finance General,9771,TRANSFER FOR SERVICES - AIM,372000,372000,372000
LOCAL,0355,Special Events and Municipal Hotel Operators' Occupation Tax Fund,99,Finance General,2005,Finance General,9772,TRANSFER FOR SERVICES - CDPH,22000,22000,22000
LOCAL,0355,Special Events and Municipal Hotel Operators' Occupation Tax Fund,99,Finance General,2005,Finance General,9773,TRANSFER FOR SERVICES - CPD,950000,950000,950000
LOCAL,0355,Special Events and Municipal Hotel Operators' Occupation Tax Fund,99,Finance General,2005,Finance General,9774,TRANSFER FOR SERVICES - OEMC,250000,250000,250000
LOCAL,0355,Special Events and Municipal Hotel Operators' Occupation Tax Fund,99,Finance General,2005,Finance General,9775,TRANSFER FOR SERVICES - CFD,165000,165000,165000
LOCAL,0355,Special Events and Municipal Hotel Operators' Occupation Tax Fund,99,Finance General,2005,Finance General,9776,TRANSFER FOR SERVICES - DSS,60500,60500,60500
LOCAL,0355,Special Events and Municipal Hotel Operators' Occupation Tax Fund,99,Finance General,2005,Finance General,9777,TRANSFER FOR SERVICES - CDOT,5000,5000,5000
LOCAL,0355,Special Events and Municipal Hotel Operators' Occupation Tax Fund,99,Finance General,2005,Finance General,9805,FOR FESTIVAL PRODUCTION,175000,175000,0
LOCAL,0355,Special Events and Municipal Hotel Operators' Occupation Tax Fund,99,Finance General,2005,Finance General,9813,LOCAL PROMOTION/MARKETG,25000,25000,0
LOCAL,0383,Motor Fuel Tax Debt Service Fund,99,Finance General,2005,Finance General,0902,INTEREST ON BONDS,7421000,7421000,4130000
LOCAL,0383,Motor Fuel Tax Debt Service Fund,99,Finance General,2005,Finance General,0912,PAYMENT OF BONDS,4740000,4740000,4660000
LOCAL,0383,Motor Fuel Tax Debt Service Fund,99,Finance General,2005,Finance General,0943,INTEREST ON LOANS,3222000,3222000,3219000
LOCAL,0383,Motor Fuel Tax Debt Service Fund,99,Finance General,2005,Finance General,0944,PAYMENT ON LOANS,3035000,3035000,378000
LOCAL,0383,Motor Fuel Tax Debt Service Fund,99,Finance General,2005,Finance General,0959,BOND FEES AND COSTS,18000,18000,18000
LOCAL,0510,Bond Redemption and Interest Series Fund,99,Finance General,2005,Finance General,0902,INTEREST ON BONDS,464929122,464929122,425321895
LOCAL,0510,Bond Redemption and Interest Series Fund,99,Finance General,2005,Finance General,0912,PAYMENT OF BONDS,155144900,155144900,171384600
LOCAL,0510,Bond Redemption and Interest Series Fund,99,Finance General,2005,Finance General,0960,LOSS IN COLLECTION OF TAXES,17078978,17078978,16606505
LOCAL,0516,Library Bond Redemption Fund,99,Finance General,2005,Finance General,0902,INTEREST ON BONDS,2488000,2488000,2405000
LOCAL,0516,Library Bond Redemption Fund,99,Finance General,2005,Finance General,0912,PAYMENT OF BONDS,1680000,1680000,1765000
LOCAL,0516,Library Bond Redemption Fund,99,Finance General,2005,Finance General,0960,LOSS IN COLLECTION OF TAXES,170000,170000,0
LOCAL,0521,"Library Note Redemption and Interest Tender Notes Series ""B"" Fund",99,Finance General,2005,Finance General,0960,LOSS IN COLLECTION OF TAXES,4037000,4037000,4774000
LOCAL,0521,"Library Note Redemption and Interest Tender Notes Series ""B"" Fund",99,Finance General,2005,Finance General,0961,PAYMENT OF TERM NOTES,98087000,98087000,115001000
LOCAL,0525,Emergency Communication Bond Redemption and Interest Fund,99,Finance General,2005,Finance General,0902,INTEREST ON BONDS,4378000,4378000,2438000
LOCAL,0525,Emergency Communication Bond Redemption and Interest Fund,99,Finance General,2005,Finance General,0912,PAYMENT OF BONDS,17945000,17945000,13990000
LOCAL,0549,City Colleges Bond Redemption and Interest Fund,99,Finance General,2005,Finance General,0902,INTEREST ON BONDS,25052000,25052000,25575111
LOCAL,0549,City Colleges Bond Redemption and Interest Fund,99,Finance General,2005,Finance General,0912,PAYMENT OF BONDS,10117000,10117000,9594640
LOCAL,0549,City Colleges Bond Redemption and Interest Fund,99,Finance General,2005,Finance General,0960,LOSS IN COLLECTION OF TAXES,1461000,1461000,1161249
LOCAL,0610,Chicago Midway Airport Fund,99,Finance General,2005,Finance General,0003,SCHEDULED WAGE ADJUSTMENTS,0,0,2968001
LOCAL,0610,Chicago Midway Airport Fund,99,Finance General,2005,Finance General,0029,HMO PREMIUMS,2173059,2173059,1654291
LOCAL,0610,Chicago Midway Airport Fund,99,Finance General,2005,Finance General,0042,FOR THE COSTS OF CLAIMS AND ADMINISTRATION FOR HOSPITALS AND MEDICAL CARE PROVIDED TO ELIGIBLE EMPLOYEES,5392242,5392242,4005340
LOCAL,0610,Chicago Midway Airport Fund,99,Finance General,2005,Finance General,0043,FOR HEALTH MAINTENANCE ORGANIZATION PREMIUMS FOR CARE PROVIDED TO POLICE AND FIRE DEPARTMENTS' SWORN PERONNEL,47917,47917,47917
LOCAL,0610,Chicago Midway Airport Fund,99,Finance General,2005,Finance General,0045,PREM TERM LIFE INSURANCE,56279,56279,42571
LOCAL,0610,Chicago Midway Airport Fund,99,Finance General,2005,Finance General,0049,WORKERS' COMPENSATION,175000,175000,175000
LOCAL,0610,Chicago Midway Airport Fund,99,Finance General,2005,Finance General,0051,UNEMPLOYMENT INSURANCE CLAIM,93185,93185,93185
LOCAL,0610,Chicago Midway Airport Fund,99,Finance General,2005,Finance General,0052,MEDICAL CARE CLAIMS,166026,166026,91746
LOCAL,0610,Chicago Midway Airport Fund,99,Finance General,2005,Finance General,0056,DENTAL PLAN PREMIUMS,257756,257756,201940
LOCAL,0610,Chicago Midway Airport Fund,99,Finance General,2005,Finance General,0138,IT MAINTENANCE,1002838,1002838,1168820
LOCAL,0610,Chicago Midway Airport Fund,99,Finance General,2005,Finance General,0139,IT DEVELOPMENT,7054,7054,0
LOCAL,0610,Chicago Midway Airport Fund,99,Finance General,2005,Finance General,0140,PROFESSIONAL AND TECHNICAL SERVICES,1341783,1341783,1303173
LOCAL,0610,Chicago Midway Airport Fund,99,Finance General,2005,Finance General,0142,ACCOUNTING AND AUDITING,470500,470500,470500
LOCAL,0610,Chicago Midway Airport Fund,99,Finance General,2005,Finance General,0145,LEGAL EXPENSES,847000,847000,847000
LOCAL,0610,Chicago Midway Airport Fund,99,Finance General,2005,Finance General,0161,MAINTENANCE OF FACILITIES,20000,20000,20000
LOCAL,0610,Chicago Midway Airport Fund,99,Finance General,2005,Finance General,0172,INSURANCE PREMIUMS,3224000,3224000,3224000
LOCAL,0610,Chicago Midway Airport Fund,99,Finance General,2005,Finance General,0902,INTEREST ON BONDS,75791162,75791162,77771560
LOCAL,0610,Chicago Midway Airport Fund,99,Finance General,2005,Finance General,0912,PAYMENT OF BONDS,48185000,48185000,53895000
LOCAL,0610,Chicago Midway Airport Fund,99,Finance General,2005,Finance General,0931,TORT/NON-TORT JUDGMENT,4500,4500,4500
LOCAL,0610,Chicago Midway Airport Fund,99,Finance General,2005,Finance General,0959,BOND FEES AND COSTS,2769400,2769400,2677500
LOCAL,0610,Chicago Midway Airport Fund,99,Finance General,2005,Finance General,9027,SOCIAL SECURITY TAX,7025,7025,7025
LOCAL,0610,Chicago Midway Airport Fund,99,Finance General,2005,Finance General,9046,OPERATIONS AND MAINTENANCE RESERVE,1200000,1200000,1200000
LOCAL,0610,Chicago Midway Airport Fund,99,Finance General,2005,Finance General,9076,CITY CNTB MEDICARE TAX,278870,278870,278870
LOCAL,0610,Chicago Midway Airport Fund,99,Finance General,2005,Finance General,9611,REIMBURSEMENT - INDIRECT COSTS TO CORPORATE FUND,7612000,7612000,7316000
LOCAL,0610,Chicago Midway Airport Fund,99,Finance General,2005,Finance General,9711,TRANSFER-O'HARE FUND FOR ADMIN SALARIES,3000000,3000000,3000000
LOCAL,0610,Chicago Midway Airport Fund,99,Finance General,2005,Finance General,9980,MUNICIPAL FUND PENSION ALLOCATION,6283000,6283000,7215000
LOCAL,0610,Chicago Midway Airport Fund,99,Finance General,2005,Finance General,9981,LABORERS' FUND PENSION ALLOCATION,884000,884000,1169000
LOCAL,0610,Chicago Midway Airport Fund,99,Finance General,2005,Finance General,9982,POLICEMEN'S FUND PENSION ALLOCATION,3386000,3386000,4129000
LOCAL,0610,Chicago Midway Airport Fund,99,Finance General,2005,Finance General,9983,FIREMEN'S FUND PENSION ALLOCATION,3351000,3351000,5019000
LOCAL,0681,Municipal Employees' Annuity and Benefit Fund,99,Finance General,2005,Finance General,0976,EMPLOYEE ANNUITY AND BENEFIT,421000000,421000000,499000000
LOCAL,0681,Municipal Employees' Annuity and Benefit Fund,99,Finance General,2005,Finance General,0980,MEABF OBLIGATION FUND,50002000,50002000,25534000
LOCAL,0682,Laborers' and Retirement Board Annuity and Benefit Fund,99,Finance General,2005,Finance General,0976,EMPLOYEE ANNUITY AND BENEFIT,60000000,60000000,72000000
LOCAL,0683,Policemen's Annuity and Benefit Fund,99,Finance General,2005,Finance General,0976,EMPLOYEE ANNUITY AND BENEFIT,579000000,579000000,737527000
LOCAL,0684,Firemen's Annuity and Benefit Fund,99,Finance General,2005,Finance General,0976,EMPLOYEE ANNUITY AND BENEFIT,248544000,248544000,371258000
LOCAL,0740,Chicago O'Hare Airport Fund,99,Finance General,2005,Finance General,0003,SCHEDULED WAGE ADJUSTMENTS,0,0,11903146
LOCAL,0740,Chicago O'Hare Airport Fund,99,Finance General,2005,Finance General,0029,HMO PREMIUMS,8324102,8324102,7511564
LOCAL,0740,Chicago O'Hare Airport Fund,99,Finance General,2005,Finance General,0042,FOR THE COSTS OF CLAIMS AND ADMINISTRATION FOR HOSPITALS AND MEDICAL CARE PROVIDED TO ELIGIBLE EMPLOYEES,20655481,20655481,19456867
LOCAL,0740,Chicago O'Hare Airport Fund,99,Finance General,2005,Finance General,0043,FOR HEALTH MAINTENANCE ORGANIZATION PREMIUMS FOR CARE PROVIDED TO POLICE AND FIRE DEPARTMENTS' SWORN PERONNEL,95833,95833,95833
LOCAL,0740,Chicago O'Hare Airport Fund,99,Finance General,2005,Finance General,0045,PREM TERM LIFE INSURANCE,215582,215582,193300
LOCAL,0740,Chicago O'Hare Airport Fund,99,Finance General,2005,Finance General,0049,WORKERS' COMPENSATION,330000,330000,330000
LOCAL,0740,Chicago O'Hare Airport Fund,99,Finance General,2005,Finance General,0051,UNEMPLOYMENT INSURANCE CLAIM,478731,478731,478731
LOCAL,0740,Chicago O'Hare Airport Fund,99,Finance General,2005,Finance General,0052,MEDICAL CARE CLAIMS,635976,635976,416588
LOCAL,0740,Chicago O'Hare Airport Fund,99,Finance General,2005,Finance General,0056,DENTAL PLAN PREMIUMS,987359,987359,916942
LOCAL,0740,Chicago O'Hare Airport Fund,99,Finance General,2005,Finance General,0070,TUITION REIMBURSEMENT,45000,45000,45000
LOCAL,0740,Chicago O'Hare Airport Fund,99,Finance General,2005,Finance General,0135,DELEGATE AGENCIES,970000,970000,770000
LOCAL,0740,Chicago O'Hare Airport Fund,99,Finance General,2005,Finance General,0138,IT MAINTENANCE,3479824,3479824,4573763
LOCAL,0740,Chicago O'Hare Airport Fund,99,Finance General,2005,Finance General,0139,IT DEVELOPMENT,27345,27345,0
LOCAL,0740,Chicago O'Hare Airport Fund,99,Finance General,2005,Finance General,0140,PROFESSIONAL AND TECHNICAL SERVICES,50979540,50979540,67189594
LOCAL,0740,Chicago O'Hare Airport Fund,99,Finance General,2005,Finance General,0142,ACCOUNTING AND AUDITING,1077000,1077000,1077000
LOCAL,0740,Chicago O'Hare Airport Fund,99,Finance General,2005,Finance General,0145,LEGAL EXPENSES,3530000,3530000,3530000
LOCAL,0740,Chicago O'Hare Airport Fund,99,Finance General,2005,Finance General,0161,MAINTENANCE OF FACILITIES,30000,30000,30000
LOCAL,0740,Chicago O'Hare Airport Fund,99,Finance General,2005,Finance General,0172,INSURANCE PREMIUMS,13846000,13846000,13846000
LOCAL,0740,Chicago O'Hare Airport Fund,99,Finance General,2005,Finance General,0902,INTEREST ON BONDS,324183362,324183362,408519456
LOCAL,0740,Chicago O'Hare Airport Fund,99,Finance General,2005,Finance General,0912,PAYMENT OF BONDS,245735000,245735000,235995000
LOCAL,0740,Chicago O'Hare Airport Fund,99,Finance General,2005,Finance General,0931,TORT/NON-TORT JUDGMENT,8000,8000,8000
LOCAL,0740,Chicago O'Hare Airport Fund,99,Finance General,2005,Finance General,0959,BOND FEES AND COSTS,5924081,5924081,2377054
LOCAL,0740,Chicago O'Hare Airport Fund,99,Finance General,2005,Finance General,9027,SOCIAL SECURITY TAX,36820,36820,36820
LOCAL,0740,Chicago O'Hare Airport Fund,99,Finance General,2005,Finance General,9046,OPERATIONS AND MAINTENANCE RESERVE,3000000,3000000,3000000
LOCAL,0740,Chicago O'Hare Airport Fund,99,Finance General,2005,Finance General,9047,SPECIAL CAPITAL PROJECTS - AIRLINES,2000000,2000000,2000000
LOCAL,0740,Chicago O'Hare Airport Fund,99,Finance General,2005,Finance General,9067,PHYSICAL EXAMS,26416,26416,26416
LOCAL,0740,Chicago O'Hare Airport Fund,99,Finance General,2005,Finance General,9076,CITY CNTB MEDICARE TAX,1558575,1558575,1558575
LOCAL,0740,Chicago O'Hare Airport Fund,99,Finance General,2005,Finance General,9611,REIMBURSEMENT - INDIRECT COSTS TO CORPORATE FUND,31538000,31538000,29690000
LOCAL,0740,Chicago O'Hare Airport Fund,99,Finance General,2005,Finance General,9980,MUNICIPAL FUND PENSION ALLOCATION,29673000,29673000,35130000
LOCAL,0740,Chicago O'Hare Airport Fund,99,Finance General,2005,Finance General,9981,LABORERS' FUND PENSION ALLOCATION,3899000,3899000,5037000
LOCAL,0740,Chicago O'Hare Airport Fund,99,Finance General,2005,Finance General,9982,POLICEMEN'S FUND PENSION ALLOCATION,10120000,10120000,12473000
LOCAL,0740,Chicago O'Hare Airport Fund,99,Finance General,2005,Finance General,9983,FIREMEN'S FUND PENSION ALLOCATION,12502000,12502000,18404000
LOCAL,0996,Affordable Housing Opportunity Fund,99,Finance General,2005,Finance General,0003,SCHEDULED WAGE ADJUSTMENTS,0,0,26203
LOCAL,0996,Affordable Housing Opportunity Fund,99,Finance General,2005,Finance General,0029,HMO PREMIUMS,53612,53612,28050
LOCAL,0996,Affordable Housing Opportunity Fund,99,Finance General,2005,Finance General,0042,FOR THE COSTS OF CLAIMS AND ADMINISTRATION FOR HOSPITALS AND MEDICAL CARE PROVIDED TO ELIGIBLE EMPLOYEES,133032,133032,67913
LOCAL,0996,Affordable Housing Opportunity Fund,99,Finance General,2005,Finance General,0045,PREM TERM LIFE INSURANCE,1388,1388,722
LOCAL,0996,Affordable Housing Opportunity Fund,99,Finance General,2005,Finance General,0052,MEDICAL CARE CLAIMS,4096,4096,1556
LOCAL,0996,Affordable Housing Opportunity Fund,99,Finance General,2005,Finance General,0056,DENTAL PLAN PREMIUMS,6359,6359,3424
LOCAL,0996,Affordable Housing Opportunity Fund,99,Finance General,2005,Finance General,9610,REIMBURSEMENT - PENSION PAYMENTS,283000,283000,215000
LOCAL,0996,Affordable Housing Opportunity Fund,99,Finance General,2005,Finance General,9611,REIMBURSEMENT - INDIRECT COSTS TO CORPORATE FUND,577000,577000,924000
LOCAL,0B09,CTA Real Property Transfer Tax Fund,99,Finance General,2005,Finance General,9205,FOR DISTRIBUTION - CTA,63360000,63360000,60192000
LOCAL,0B09,CTA Real Property Transfer Tax Fund,99,Finance General,2005,Finance General,9640,REIMBURSEMENT - FROM CTA,640000,640000,608000
LOCAL,0B21,Tax Increment Financing Administration Fund,99,Finance General,2005,Finance General,0003,SCHEDULED WAGE ADJUSTMENTS,0,0,222032
LOCAL,0B21,Tax Increment Financing Administration Fund,99,Finance General,2005,Finance General,0029,HMO PREMIUMS,239465,239465,200172
LOCAL,0B21,Tax Increment Financing Administration Fund,99,Finance General,2005,Finance General,0042,FOR THE COSTS OF CLAIMS AND ADMINISTRATION FOR HOSPITALS AND MEDICAL CARE PROVIDED TO ELIGIBLE EMPLOYEES,594211,594211,484654
LOCAL,0B21,Tax Increment Financing Administration Fund,99,Finance General,2005,Finance General,0045,PREM TERM LIFE INSURANCE,6202,6202,5151
LOCAL,0B21,Tax Increment Financing Administration Fund,99,Finance General,2005,Finance General,0052,MEDICAL CARE CLAIMS,18296,18296,11101
LOCAL,0B21,Tax Increment Financing Administration Fund,99,Finance General,2005,Finance General,0056,DENTAL PLAN PREMIUMS,28404,28404,24435
LOCAL,0B21,Tax Increment Financing Administration Fund,99,Finance General,2005,Finance General,0138,IT MAINTENANCE,165196,165196,141423
LOCAL,0B21,Tax Increment Financing Administration Fund,99,Finance General,2005,Finance General,0139,IT DEVELOPMENT,801,801,0
LOCAL,0B21,Tax Increment Financing Administration Fund,99,Finance General,2005,Finance General,0142,ACCOUNTING AND AUDITING,435000,435000,415000
LOCAL,0B21,Tax Increment Financing Administration Fund,99,Finance General,2005,Finance General,0169,TECHNICAL MEETING COSTS,10200,10200,0
LOCAL,0B21,Tax Increment Financing Administration Fund,99,Finance General,2005,Finance General,9610,REIMBURSEMENT - PENSION PAYMENTS,1379000,1379000,1738000
LOCAL,0B21,Tax Increment Financing Administration Fund,99,Finance General,2005,Finance General,9611,REIMBURSEMENT - INDIRECT COSTS TO CORPORATE FUND,513000,513000,511000
LOCAL,0B32,Garbage Collection Fund,99,Finance General,2005,Finance General,0003,SCHEDULED WAGE ADJUSTMENTS,0,0,80496
LOCAL,0B32,Garbage Collection Fund,99,Finance General,2005,Finance General,0139,IT DEVELOPMENT,197406,197406,54748
LOCAL,0B32,Garbage Collection Fund,99,Finance General,2005,Finance General,0140,PROFESSIONAL AND TECHNICAL SERVICES,812160,812160,1048240
LOCAL,0B39,Human Capital Innovation Fund,99,Finance General,2005,Finance General,9254,VIOLENCE REDUCTION PROGRAM,675000,675000,0
LOCAL,0B39,Human Capital Innovation Fund,99,Finance General,2005,Finance General,9713,TRANSFER - ADMINISTRATION,1325000,1325000,447000
LOCAL,0B40,Houseshare Surcharge - Homeless Services Fund,99,Finance General,2005,Finance General,9713,TRANSFER - ADMINISTRATION,0,0,400000
LOCAL,0B41,Neighborhood Opportunity Fund,99,Finance General,2005,Finance General,0003,SCHEDULED WAGE ADJUSTMENTS,0,0,23817
LOCAL,0B41,Neighborhood Opportunity Fund,99,Finance General,2005,Finance General,0029,HMO PREMIUMS,17871,17871,3825
LOCAL,0B41,Neighborhood Opportunity Fund,99,Finance General,2005,Finance General,0042,FOR THE COSTS OF CLAIMS AND ADMINISTRATION FOR HOSPITALS AND MEDICAL CARE PROVIDED TO ELIGIBLE EMPLOYEES,44344,44344,9261
LOCAL,0B41,Neighborhood Opportunity Fund,99,Finance General,2005,Finance General,0045,PREM TERM LIFE INSURANCE,463,463,98
LOCAL,0B41,Neighborhood Opportunity Fund,99,Finance General,2005,Finance General,0052,MEDICAL CARE CLAIMS,1365,1365,212
LOCAL,0B41,Neighborhood Opportunity Fund,99,Finance General,2005,Finance General,0056,DENTAL PLAN PREMIUMS,2120,2120,467
LOCAL,0B41,Neighborhood Opportunity Fund,99,Finance General,2005,Finance General,9610,REIMBURSEMENT - PENSION PAYMENTS,81000,81000,160000
LOCAL,0B41,Neighborhood Opportunity Fund,99,Finance General,2005,Finance General,9611,REIMBURSEMENT - INDIRECT COSTS TO CORPORATE FUND,246000,246000,868000
LOCAL,0B42,Foreign Fire Insurance Tax Fund,99,Finance General,2005,Finance General,0455,EMERGENCY RESPONSE VEHICLE MAINTENANCE,0,0,2759750
LOCAL,0B42,Foreign Fire Insurance Tax Fund,99,Finance General,2005,Finance General,0526,FIRE FACILITIES MAINTENANCE,0,0,5519500
LOCAL,0B42,Foreign Fire Insurance Tax Fund,99,Finance General,2005,Finance General,9287,CFD - OTHER MAINTENANCE / BENEFITS,5500000,5500000,2759750
LOCAL,0B43,Houseshare Surcharge - Domestic Violence Fund,99,Finance General,2005,Finance General,9713,TRANSFER - ADMINISTRATION,0,0,200000
GRANTS,0J83,100 Resilient Cities Initiative,1,Office of the Mayor,2810,100 Resilient Cities Initiative,0005,SALARIES AND WAGES - ON PAYROLL,39419,39419,0
GRANTS,0J83,100 Resilient Cities Initiative,1,Office of the Mayor,2810,100 Resilient Cities Initiative,0044,FRINGE BENEFITS,37581,37581,0
GRANTS,0P71,Innovation Delivery Grant,1,Office of the Mayor,2833,Innovation Delivery,0140,PROFESSIONAL AND TECHNICAL SERVICES,274000,274000,274000
GRANTS,0Z01,Smart Grid / Energy Efficiency Consumer Education,1,Office of the Mayor,2804,Smart Grid / Energy Efficiency Consumer Education,0005,SALARIES AND WAGES - ON PAYROLL,66960,66960,0
GRANTS,0Z01,Smart Grid / Energy Efficiency Consumer Education,1,Office of the Mayor,2804,Smart Grid / Energy Efficiency Consumer Education,0006,SALARY PROVISION,5057,5057,0
GRANTS,0Z01,Smart Grid / Energy Efficiency Consumer Education,1,Office of the Mayor,2804,Smart Grid / Energy Efficiency Consumer Education,0044,FRINGE BENEFITS,27146,27146,0
GRANTS,0Z01,Smart Grid / Energy Efficiency Consumer Education,1,Office of the Mayor,2804,Smart Grid / Energy Efficiency Consumer Education,0140,PROFESSIONAL AND TECHNICAL SERVICES,837,837,0
GRANTS,0Z10,Gun Violence,1,Office of the Mayor,2826,Gun Violence,0005,SALARIES AND WAGES - ON PAYROLL,103008,103008,0
GRANTS,0Z10,Gun Violence,1,Office of the Mayor,2826,Gun Violence,0044,FRINGE BENEFITS,21992,21992,0
GRANTS,0Z11,Police Reform,1,Office of the Mayor,2825,Police Reform,0003,SCHEDULED WAGE ADJUSTMENTS,0,0,3155
GRANTS,0Z11,Police Reform,1,Office of the Mayor,2825,Police Reform,0005,SALARIES AND WAGES - ON PAYROLL,92700,92700,59975
GRANTS,0Z11,Police Reform,1,Office of the Mayor,2825,Police Reform,0044,FRINGE BENEFITS,37581,37581,36870
GRANTS,0Z11,Police Reform,1,Office of the Mayor,2825,Police Reform,0140,PROFESSIONAL AND TECHNICAL SERVICES,133719,133719,0
GRANTS,0Z26,HBS Fellows Program,1,Office of the Mayor,2827,HBS Fellows Program,0005,SALARIES AND WAGES - ON PAYROLL,-15515,-15515,0
GRANTS,0Z26,HBS Fellows Program,1,Office of the Mayor,2827,HBS Fellows Program,0044,FRINGE BENEFITS,38515,38515,0
GRANTS,0Z29,Pathways to Freedom,1,Office of the Mayor,2828,Pathways to Freedom,0005,SALARIES AND WAGES - ON PAYROLL,92700,92700,0
GRANTS,0Z29,Pathways to Freedom,1,Office of the Mayor,2828,Pathways to Freedom,0044,FRINGE BENEFITS,37581,37581,0
GRANTS,0Z29,Pathways to Freedom,1,Office of the Mayor,2828,Pathways to Freedom,0140,PROFESSIONAL AND TECHNICAL SERVICES,154719,154719,254000
GRANTS,0Z49,HBS Fellows,1,Office of the Mayor,2827,HBS Fellows Program,0006,SALARY PROVISION,41000,41000,0
GRANTS,0Z52,Workforce Innovation,1,Office of the Mayor,2831,Workforce Innovation,0003,SCHEDULED WAGE ADJUSTMENTS,0,0,5250
GRANTS,0Z52,Workforce Innovation,1,Office of the Mayor,2831,Workforce Innovation,0005,SALARIES AND WAGES - ON PAYROLL,0,0,118999
GRANTS,0Z52,Workforce Innovation,1,Office of the Mayor,2831,Workforce Innovation,0044,FRINGE BENEFITS,0,0,61358
GRANTS,0Z52,Workforce Innovation,1,Office of the Mayor,2831,Workforce Innovation,0140,PROFESSIONAL AND TECHNICAL SERVICES,400000,400000,90393
GRANTS,0075,Grants Management Fund,5,Office of Budget and Management,2855,Central Grants Management,0003,SCHEDULED WAGE ADJUSTMENTS,0,0,42711
GRANTS,0075,Grants Management Fund,5,Office of Budget and Management,2855,Central Grants Management,0005,SALARIES AND WAGES - ON PAYROLL,1159490,1159490,1138968
GRANTS,0075,Grants Management Fund,5,Office of Budget and Management,2855,Central Grants Management,0015,SCHEDULE SALARY ADJUSTMENTS,8458,8458,0
GRANTS,0075,Grants Management Fund,5,Office of Budget and Management,2855,Central Grants Management,0039,STUDENT AS TRAINEES,26876,26876,26876
GRANTS,0075,Grants Management Fund,5,Office of Budget and Management,2855,Central Grants Management,0044,FRINGE BENEFITS,470435,470435,499210
GRANTS,0075,Grants Management Fund,5,Office of Budget and Management,2855,Central Grants Management,0140,PROFESSIONAL AND TECHNICAL SERVICES,360491,360491,317985
GRANTS,0075,Grants Management Fund,5,Office of Budget and Management,2855,Central Grants Management,0166,"DUES, SUBSCRIPTIONS AND MEMBERSHIPS",500,500,500
GRANTS,0075,Grants Management Fund,5,Office of Budget and Management,2855,Central Grants Management,0190,TELEPHONE - CENTREX BILLINGS,2250,2250,2250
GRANTS,0075,Grants Management Fund,5,Office of Budget and Management,2855,Central Grants Management,0245,REIMBURSEMENT TO TRAVELERS,2500,2500,2500
GRANTS,0J63,Community Development Block Grant - Disaster Recovery,5,Office of Budget and Management,2880,Community Development Block Grant - Disaster Recovery,0140,PROFESSIONAL AND TECHNICAL SERVICES,259000,259000,223000
GRANTS,0Z27,Labor Management Cooperation,5,Office of Budget and Management,2820,Labor Management Cooperation,0140,PROFESSIONAL AND TECHNICAL SERVICES,50000,50000,0
GRANTS,0Z28,Labor Management Cooperation,5,Office of Budget and Management,2820,Labor Management Cooperation,0140,PROFESSIONAL AND TECHNICAL SERVICES,4000,4000,0
GRANTS,0K94,Urban Areas Security Initiative,6,Department of Innovation and Technology,2825,Urban Areas Security Initiative,0140,PROFESSIONAL AND TECHNICAL SERVICES,584000,584000,0
GRANTS,0U10,Public Health Emergency Preparedness (PHEP),6,Department of Innovation and Technology,2829,Public Health Emergency Preparedness (PHEP),0140,PROFESSIONAL AND TECHNICAL SERVICES,496000,496000,0
GRANTS,0V27,Urban Areas Security Initiative,6,Department of Innovation and Technology,2825,Urban Areas Security Initiative,0140,PROFESSIONAL AND TECHNICAL SERVICES,2270000,2270000,0
GRANTS,0V61,Urban Area Security Initiative,6,Department of Innovation and Technology,2825,Urban Areas Security Initiative,0140,PROFESSIONAL AND TECHNICAL SERVICES,4617000,4617000,0
GRANTS,0X61,Public Health Emergency Preparedness (PHEP),6,Department of Innovation and Technology,2829,Public Health Emergency Preparedness (PHEP),0005,SALARIES AND WAGES - ON PAYROLL,94945,94945,0
GRANTS,0X61,Public Health Emergency Preparedness (PHEP),6,Department of Innovation and Technology,2829,Public Health Emergency Preparedness (PHEP),0140,PROFESSIONAL AND TECHNICAL SERVICES,135055,135055,0
GRANTS,0K14,Home Program,21,Department of Housing,2833,Home Investment Partnership,9103,REHABILITATION LOANS GT,1090000,1090000,260000
GRANTS,0K32,Foreclosure Prevention Program,21,Department of Housing,2832,Foreclosure Prevention Program,0135,DELEGATE AGENCIES,719000,719000,527000
GRANTS,0K51,Low Income Housing Trust Fund,21,Department of Housing,2835,Low Income Housing Trust Fund,9103,REHABILITATION LOANS GT,5700000,5700000,5700000
GRANTS,0K73,Home Program,21,Department of Housing,2833,Home Investment Partnership,9103,REHABILITATION LOANS GT,3135000,3135000,230000
GRANTS,0K89,Home Program,21,Department of Housing,2833,Home Investment Partnership,0140,PROFESSIONAL AND TECHNICAL SERVICES,1421000,1421000,0
GRANTS,0K89,Home Program,21,Department of Housing,2833,Home Investment Partnership,9103,REHABILITATION LOANS GT,9655000,9655000,5393000
GRANTS,0V24,Home Program,21,Department of Housing,2833,Home Investment Partnership,9103,REHABILITATION LOANS GT,16718000,16718000,16302000
GRANTS,0V43,Abandoned Residential Property,21,Department of Housing,2834,Abandoned Residential Property Relief,0140,PROFESSIONAL AND TECHNICAL SERVICES,1200000,1200000,0
GRANTS,0V47,Home Investment Partnership,21,Department of Housing,2833,Home Investment Partnership,9103,REHABILITATION LOANS GT,22396000,22396000,22423000
GRANTS,0W74,Home Program,21,Department of Housing,2833,Home Investment Partnership,0003,SCHEDULED WAGE ADJUSTMENTS,0,0,31745
GRANTS,0W74,Home Program,21,Department of Housing,2833,Home Investment Partnership,0005,SALARIES AND WAGES - ON PAYROLL,0,0,1189210
GRANTS,0W74,Home Program,21,Department of Housing,2833,Home Investment Partnership,0015,SCHEDULE SALARY ADJUSTMENTS,0,0,5478
GRANTS,0W74,Home Program,21,Department of Housing,2833,Home Investment Partnership,0044,FRINGE BENEFITS,0,0,548483
GRANTS,0W74,Home Program,21,Department of Housing,2833,Home Investment Partnership,0140,PROFESSIONAL AND TECHNICAL SERVICES,0,0,237586
GRANTS,0W74,Home Program,21,Department of Housing,2833,Home Investment Partnership,0155,RENTAL OF PROPERTY,0,0,120000
GRANTS,0W74,Home Program,21,Department of Housing,2833,Home Investment Partnership,9103,REHABILITATION LOANS GT,0,0,23376868
GRANTS,0W74,Home Program,21,Department of Housing,2833,Home Investment Partnership,9651,REIMBURSEMENT - INDIRECT COSTS,0,0,329630
GRANTS,0W81,Abandoned Residential Property Municipality Relief,21,Department of Housing,2834,Abandoned Residential Property Relief,0140,PROFESSIONAL AND TECHNICAL SERVICES,2579000,2579000,2579000
GRANTS,0W82,Home Investment Partnership,21,Department of Housing,2833,Home Investment Partnership,0005,SALARIES AND WAGES - ON PAYROLL,1123812,1123812,0
GRANTS,0W82,Home Investment Partnership,21,Department of Housing,2833,Home Investment Partnership,0015,SCHEDULE SALARY ADJUSTMENTS,4614,4614,0
GRANTS,0W82,Home Investment Partnership,21,Department of Housing,2833,Home Investment Partnership,0044,FRINGE BENEFITS,455591,455591,0
GRANTS,0W82,Home Investment Partnership,21,Department of Housing,2833,Home Investment Partnership,0140,PROFESSIONAL AND TECHNICAL SERVICES,2374124,2374124,0
GRANTS,0W82,Home Investment Partnership,21,Department of Housing,2833,Home Investment Partnership,9103,REHABILITATION LOANS GT,18020229,18020229,22308000
GRANTS,0W82,Home Investment Partnership,21,Department of Housing,2833,Home Investment Partnership,9651,REIMBURSEMENT - INDIRECT COSTS,329630,329630,0
GRANTS,0Y74,Abandoned Residential Property Relief,21,Department of Housing,2834,Abandoned Residential Property Relief,0140,PROFESSIONAL AND TECHNICAL SERVICES,2184000,2184000,2184000
GRANTS,0P72,DCASE - Private Grants,23,Department of Cultural Affairs and Special Events,2864,Chicago Cultural Center Foundation,0140,PROFESSIONAL AND TECHNICAL SERVICES,163000,0,163000
GRANTS,0P72,DCASE - Private Grants,23,Department of Cultural Affairs and Special Events,2878,Department of Cultural Affairs and Special Events - Private Grants,0140,PROFESSIONAL AND TECHNICAL SERVICES,0,163000,500000
GRANTS,0W75,Community Arts Access Program,23,Department of Cultural Affairs and Special Events,2839,Community Arts Access Program,0140,PROFESSIONAL AND TECHNICAL SERVICES,0,0,177000
GRANTS,0W76,Partners in Excellence,23,Department of Cultural Affairs and Special Events,2838,Partners in Excellence,0140,PROFESSIONAL AND TECHNICAL SERVICES,0,0,108000
GRANTS,0W77,Our Town,23,Department of Cultural Affairs and Special Events,2872,Our Town Program,0140,PROFESSIONAL AND TECHNICAL SERVICES,0,0,400000
GRANTS,0Y55,Cultural Sector Building,23,Department of Cultural Affairs and Special Events,2877,Cultural Sector Building,0140,PROFESSIONAL AND TECHNICAL SERVICES,0,0,1000000
GRANTS,0Z16,Farmer's Market Grant,23,Department of Cultural Affairs and Special Events,2829,Farmers Markets,0140,PROFESSIONAL AND TECHNICAL SERVICES,0,0,207000
GRANTS,0Z17,Art Works,23,Department of Cultural Affairs and Special Events,2865,Art Works,0140,PROFESSIONAL AND TECHNICAL SERVICES,75000,75000,0
GRANTS,0Z31,Community Arts Access Program,23,Department of Cultural Affairs and Special Events,2839,Community Arts Access Program,0140,PROFESSIONAL AND TECHNICAL SERVICES,141000,141000,0
GRANTS,0Z32,Community Arts Access Program,23,Department of Cultural Affairs and Special Events,2839,Community Arts Access Program,0140,PROFESSIONAL AND TECHNICAL SERVICES,42000,42000,0
GRANTS,0Z33,Partners in Excellence,23,Department of Cultural Affairs and Special Events,2838,Partners in Excellence,0140,PROFESSIONAL AND TECHNICAL SERVICES,58000,58000,0
GRANTS,0Z34,Partners in Excellence,23,Department of Cultural Affairs and Special Events,2838,Partners in Excellence,0140,PROFESSIONAL AND TECHNICAL SERVICES,58000,58000,0
GRANTS,0Z35,Chicago Cultural Plan,23,Department of Cultural Affairs and Special Events,2848,Summerdance and World Music Festival,0140,PROFESSIONAL AND TECHNICAL SERVICES,25000,25000,0
GRANTS,0Z35,Chicago Cultural Plan,23,Department of Cultural Affairs and Special Events,2859,Chicago Cultural Plan,0140,PROFESSIONAL AND TECHNICAL SERVICES,461000,461000,0
GRANTS,0Z36,Millennium Park Workouts,23,Department of Cultural Affairs and Special Events,2873,Millennium Park Workouts,0140,PROFESSIONAL AND TECHNICAL SERVICES,125000,125000,0
GRANTS,0Z37,NEA - Art Works,23,Department of Cultural Affairs and Special Events,2865,Art Works,0140,PROFESSIONAL AND TECHNICAL SERVICES,0,0,100000
GRANTS,0Z44,Visual Arts Exhibition,23,Department of Cultural Affairs and Special Events,2855,Visual Arts Exhibition,0140,PROFESSIONAL AND TECHNICAL SERVICES,150000,150000,300000
GRANTS,0Z48,Cultural Fund,23,Department of Cultural Affairs and Special Events,2851,Cultural Fund,0140,PROFESSIONAL AND TECHNICAL SERVICES,0,0,500000
GRANTS,0Z56,Millennium Park Foundation - Art Works Program,23,Department of Cultural Affairs and Special Events,2865,Art Works,0140,PROFESSIONAL AND TECHNICAL SERVICES,50000,50000,0
GRANTS,0Z59,Our Town,23,Department of Cultural Affairs and Special Events,2872,Our Town Program,0140,PROFESSIONAL AND TECHNICAL SERVICES,50000,50000,6000
GRANTS,0Z60,Our Town,23,Department of Cultural Affairs and Special Events,2872,Our Town Program,0140,PROFESSIONAL AND TECHNICAL SERVICES,50000,50000,30000
GRANTS,0075,Grants Management Fund,27,Department of Finance,2855,Central Grants Management,0005,SALARIES AND WAGES - ON PAYROLL,229260,229260,197053
GRANTS,0075,Grants Management Fund,27,Department of Finance,2855,Central Grants Management,0006,SALARY PROVISION,22798,22798,0
GRANTS,0075,Grants Management Fund,27,Department of Finance,2855,Central Grants Management,0044,FRINGE BENEFITS,92942,92942,92947
GRANTS,0Z24,Accelerator's Procurement,35,Department of Procurement Services,2801,Accelerator's Procurement,0140,PROFESSIONAL AND TECHNICAL SERVICES,22000,22000,0
GRANTS,0Z04,Brownfields Assessment,38,Department of Asset and Information Management,2848,Municipal Brownfields Redevelopment,0140,PROFESSIONAL AND TECHNICAL SERVICES,370000,370000,175000
GRANTS,0Z25,Chicago Bee Library Renovation,38,Department of Asset and Information Management,2851,Chicago Bee Library Renovation,0140,PROFESSIONAL AND TECHNICAL SERVICES,817000,817000,0
GRANTS,0Z39,Anadarko / Streeterville Removal,38,Department of Asset and Information Management,2852,Anadarko / Streeterville Removal,0005,SALARIES AND WAGES - ON PAYROLL,0,0,69901
GRANTS,0Z39,Anadarko / Streeterville Removal,38,Department of Asset and Information Management,2852,Anadarko / Streeterville Removal,0044,FRINGE BENEFITS,0,0,36044
GRANTS,0Z39,Anadarko / Streeterville Removal,38,Department of Asset and Information Management,2852,Anadarko / Streeterville Removal,0140,PROFESSIONAL AND TECHNICAL SERVICES,45315000,45315000,45005055
GRANTS,0H12,Summer Food Program,41,Department of Public Health,2984,Summer Food Program,0140,PROFESSIONAL AND TECHNICAL SERVICES,101000,101000,0
GRANTS,0H26,Resource Conservation and Recovery Act - Subtitle D,41,Department of Public Health,2721,Resource Conservation,0003,SCHEDULED WAGE ADJUSTMENTS,0,0,3966
GRANTS,0H26,Resource Conservation and Recovery Act - Subtitle D,41,Department of Public Health,2721,Resource Conservation,0005,SALARIES AND WAGES - ON PAYROLL,105756,105756,102583
GRANTS,0H26,Resource Conservation and Recovery Act - Subtitle D,41,Department of Public Health,2721,Resource Conservation,0006,SALARY PROVISION,74976,74976,71010
GRANTS,0H26,Resource Conservation and Recovery Act - Subtitle D,41,Department of Public Health,2721,Resource Conservation,0044,FRINGE BENEFITS,42873,42873,46353
GRANTS,0H26,Resource Conservation and Recovery Act - Subtitle D,41,Department of Public Health,2721,Resource Conservation,0140,PROFESSIONAL AND TECHNICAL SERVICES,423395,423395,362088
GRANTS,0H86,Summer Food Program,41,Department of Public Health,2984,Summer Food Program,0140,PROFESSIONAL AND TECHNICAL SERVICES,395000,395000,335000
GRANTS,0H86,Summer Food Program,41,Department of Public Health,2984,Summer Food Program,0340,MATERIAL AND SUPPLIES,0,0,60000
GRANTS,0H89,Ebola Preparedness and Response,41,Department of Public Health,280F,Hospital Preparedness Program Ebola Preparedness and Response,0140,PROFESSIONAL AND TECHNICAL SERVICES,1399000,1399000,1385000
GRANTS,0U01,C3 Clinical and Translation Research,41,Department of Public Health,280R,C3 Clinical and Translation Research,0005,SALARIES AND WAGES - ON PAYROLL,67800,67800,0
GRANTS,0U01,C3 Clinical and Translation Research,41,Department of Public Health,280R,C3 Clinical and Translation Research,0015,SCHEDULE SALARY ADJUSTMENTS,1400,1400,0
GRANTS,0U01,C3 Clinical and Translation Research,41,Department of Public Health,280R,C3 Clinical and Translation Research,0044,FRINGE BENEFITS,27486,27486,0
GRANTS,0U01,C3 Clinical and Translation Research,41,Department of Public Health,280R,C3 Clinical and Translation Research,0140,PROFESSIONAL AND TECHNICAL SERVICES,23314,23314,0
GRANTS,0U07,Lead Poisoning Surveillance,41,Department of Public Health,280L,Lead Poisoning Surveillance,0005,SALARIES AND WAGES - ON PAYROLL,0,0,87114
GRANTS,0U07,Lead Poisoning Surveillance,41,Department of Public Health,280L,Lead Poisoning Surveillance,0015,SCHEDULE SALARY ADJUSTMENTS,0,0,1392
GRANTS,0U07,Lead Poisoning Surveillance,41,Department of Public Health,280L,Lead Poisoning Surveillance,0044,FRINGE BENEFITS,0,0,39363
GRANTS,0U07,Lead Poisoning Surveillance,41,Department of Public Health,280L,Lead Poisoning Surveillance,0140,PROFESSIONAL AND TECHNICAL SERVICES,1202000,1202000,473131
GRANTS,0U08,Air Pollution Control Program,41,Department of Public Health,2714,Air Pollution Control Program,0005,SALARIES AND WAGES - ON PAYROLL,229694,229694,0
GRANTS,0U08,Air Pollution Control Program,41,Department of Public Health,2714,Air Pollution Control Program,0006,SALARY PROVISION,0,0,125000
GRANTS,0U08,Air Pollution Control Program,41,Department of Public Health,2714,Air Pollution Control Program,0015,SCHEDULE SALARY ADJUSTMENTS,131,131,0
GRANTS,0U08,Air Pollution Control Program,41,Department of Public Health,2714,Air Pollution Control Program,0044,FRINGE BENEFITS,182175,182175,0
GRANTS,0U09,Hospital Preparedness Program (HPP),41,Department of Public Health,2883,Hospital Preparedness Program (HPP),0003,SCHEDULED WAGE ADJUSTMENTS,0,0,7618
GRANTS,0U09,Hospital Preparedness Program (HPP),41,Department of Public Health,2883,Hospital Preparedness Program (HPP),0005,SALARIES AND WAGES - ON PAYROLL,0,0,428199
GRANTS,0U09,Hospital Preparedness Program (HPP),41,Department of Public Health,2883,Hospital Preparedness Program (HPP),0006,SALARY PROVISION,0,0,292382
GRANTS,0U09,Hospital Preparedness Program (HPP),41,Department of Public Health,2883,Hospital Preparedness Program (HPP),0044,FRINGE BENEFITS,0,0,201594
GRANTS,0U09,Hospital Preparedness Program (HPP),41,Department of Public Health,2883,Hospital Preparedness Program (HPP),0135,DELEGATE AGENCIES,0,0,1937937
CDBG,0J46,Community Development Block Grant Year XLVI,45,Commission on Human Relations,2510,Fair Housing,0130,POSTAGE,1800,1800,1800
GRANTS,0U09,Hospital Preparedness Program (HPP),41,Department of Public Health,2883,Hospital Preparedness Program (HPP),0140,PROFESSIONAL AND TECHNICAL SERVICES,2743000,2743000,2443719
GRANTS,0U09,Hospital Preparedness Program (HPP),41,Department of Public Health,2883,Hospital Preparedness Program (HPP),0801,INDIRECT COSTS,0,0,174551
GRANTS,0U10,Public Health Emergency Preparedness (PHEP),41,Department of Public Health,2829,Emergency Preparedness,0003,SCHEDULED WAGE ADJUSTMENTS,0,0,47993
GRANTS,0U10,Public Health Emergency Preparedness (PHEP),41,Department of Public Health,2829,Emergency Preparedness,0005,SALARIES AND WAGES - ON PAYROLL,0,0,3543088
GRANTS,0U10,Public Health Emergency Preparedness (PHEP),41,Department of Public Health,2829,Emergency Preparedness,0006,SALARY PROVISION,0,0,213443
GRANTS,0U10,Public Health Emergency Preparedness (PHEP),41,Department of Public Health,2829,Emergency Preparedness,0015,SCHEDULE SALARY ADJUSTMENTS,0,0,24142
GRANTS,0U10,Public Health Emergency Preparedness (PHEP),41,Department of Public Health,2829,Emergency Preparedness,0044,FRINGE BENEFITS,0,0,1620668
GRANTS,0U10,Public Health Emergency Preparedness (PHEP),41,Department of Public Health,2829,Emergency Preparedness,0140,PROFESSIONAL AND TECHNICAL SERVICES,9590000,9590000,12915325
GRANTS,0U10,Public Health Emergency Preparedness (PHEP),41,Department of Public Health,2829,Emergency Preparedness,0245,REIMBURSEMENT TO TRAVELERS,0,0,20000
GRANTS,0U10,Public Health Emergency Preparedness (PHEP),41,Department of Public Health,2829,Emergency Preparedness,0270,LOCAL TRANSPORTATION,0,0,11394
GRANTS,0U10,Public Health Emergency Preparedness (PHEP),41,Department of Public Health,2829,Emergency Preparedness,0340,MATERIAL AND SUPPLIES,0,0,165455
GRANTS,0U10,Public Health Emergency Preparedness (PHEP),41,Department of Public Health,2829,Emergency Preparedness,0342,DRUGS  MEDICINE AND CHEMICAL MATERIALS,0,0,17485
GRANTS,0U10,Public Health Emergency Preparedness (PHEP),41,Department of Public Health,2829,Emergency Preparedness,0801,INDIRECT COSTS,0,0,1235007
GRANTS,0U12,Building Epidemiology and Health It Capacity,41,Department of Public Health,2710,Building Epidemiology and Health IT Capacity,0140,PROFESSIONAL AND TECHNICAL SERVICES,1708000,1708000,0
GRANTS,0U13,Care Van Blue Cross,41,Department of Public Health,2700,Care Van Blue Cross,0140,PROFESSIONAL AND TECHNICAL SERVICES,22000,22000,0
GRANTS,0U15,Childhood Lead Poisoning Prevention,41,Department of Public Health,2804,Childhood Lead Poisoning Prevention,0140,PROFESSIONAL AND TECHNICAL SERVICES,1776000,1776000,0
GRANTS,0U16,Dental Sealant Grant,41,Department of Public Health,2871,Dental Sealant,0140,PROFESSIONAL AND TECHNICAL SERVICES,189000,189000,0
GRANTS,0U17,Genetics Education / Follow Up Services,41,Department of Public Health,2729,Genetics Education / Follow Up Services,0140,PROFESSIONAL AND TECHNICAL SERVICES,234000,234000,173000
GRANTS,0U19,Healthy Families Illinois,41,Department of Public Health,2849,Healthy Families Illinois,0006,SALARY PROVISION,68092,68092,0
GRANTS,0U19,Healthy Families Illinois,41,Department of Public Health,2849,Healthy Families Illinois,0130,POSTAGE,29000,29000,0
GRANTS,0U19,Healthy Families Illinois,41,Department of Public Health,2849,Healthy Families Illinois,0135,DELEGATE AGENCIES,52908,52908,0
GRANTS,0U21,Narcan / Opioid Prevention,41,Department of Public Health,280T,Opioid Use Prevention and Treatment Program,0140,PROFESSIONAL AND TECHNICAL SERVICES,70000,70000,70000
GRANTS,0U22,Housing Opportunities for People with AIDS,41,Department of Public Health,2932,Housing Opportunities for People with AIDS (HOPWA),0050,STIPENDS,3154,3154,0
GRANTS,0U22,Housing Opportunities for People with AIDS,41,Department of Public Health,2932,Housing Opportunities for People with AIDS (HOPWA),0135,DELEGATE AGENCIES,4501846,4501846,1166048
GRANTS,0U22,Housing Opportunities for People with AIDS,41,Department of Public Health,2932,Housing Opportunities for People with AIDS (HOPWA),0138,IT MAINTENANCE,0,0,2277
GRANTS,0U22,Housing Opportunities for People with AIDS,41,Department of Public Health,2932,Housing Opportunities for People with AIDS (HOPWA),0140,PROFESSIONAL AND TECHNICAL SERVICES,0,0,46000
GRANTS,0U22,Housing Opportunities for People with AIDS,41,Department of Public Health,2932,Housing Opportunities for People with AIDS (HOPWA),0150,OUTSIDE GRAPHIC SERVICES,0,0,515
GRANTS,0U22,Housing Opportunities for People with AIDS,41,Department of Public Health,2932,Housing Opportunities for People with AIDS (HOPWA),0190,TELEPHONE - CENTREX BILLINGS,0,0,2500
GRANTS,0U22,Housing Opportunities for People with AIDS,41,Department of Public Health,2932,Housing Opportunities for People with AIDS (HOPWA),0350,STATIONERY AND OFFICE SUPPLIES,0,0,5660
GRANTS,0U22,Housing Opportunities for People with AIDS,41,Department of Public Health,2932,Housing Opportunities for People with AIDS (HOPWA),9438,REIMBURSEMENT - AIM,0,0,3000
GRANTS,0U23,Immunizations and Vaccines for Children,41,Department of Public Health,2820,Vaccine Preventable Diseases,0003,SCHEDULED WAGE ADJUSTMENTS,0,0,24002
GRANTS,0U23,Immunizations and Vaccines for Children,41,Department of Public Health,2820,Vaccine Preventable Diseases,0005,SALARIES AND WAGES - ON PAYROLL,2646228,2646228,2669292
GRANTS,0U23,Immunizations and Vaccines for Children,41,Department of Public Health,2820,Vaccine Preventable Diseases,0006,SALARY PROVISION,0,0,1875998
GRANTS,0U23,Immunizations and Vaccines for Children,41,Department of Public Health,2820,Vaccine Preventable Diseases,0011,CONTRACT WAGE - SALARY,27951,27951,3204
GRANTS,0U23,Immunizations and Vaccines for Children,41,Department of Public Health,2820,Vaccine Preventable Diseases,0015,SCHEDULE SALARY ADJUSTMENTS,13678,13678,8492
GRANTS,0U23,Immunizations and Vaccines for Children,41,Department of Public Health,2820,Vaccine Preventable Diseases,0020,OVERTIME,20000,20000,20000
GRANTS,0U23,Immunizations and Vaccines for Children,41,Department of Public Health,2820,Vaccine Preventable Diseases,0044,FRINGE BENEFITS,1142967,1142967,1222327
GRANTS,0U23,Immunizations and Vaccines for Children,41,Department of Public Health,2820,Vaccine Preventable Diseases,0091,UNIFORM ALLOWANCE,2400,2400,2400
GRANTS,0U23,Immunizations and Vaccines for Children,41,Department of Public Health,2820,Vaccine Preventable Diseases,0125,OFFICE AND BUILDING SERVICES,382500,382500,2500
GRANTS,0U23,Immunizations and Vaccines for Children,41,Department of Public Health,2820,Vaccine Preventable Diseases,0130,POSTAGE,8700,8700,8700
GRANTS,0U23,Immunizations and Vaccines for Children,41,Department of Public Health,2820,Vaccine Preventable Diseases,0140,PROFESSIONAL AND TECHNICAL SERVICES,243444,243444,3684207
GRANTS,0U23,Immunizations and Vaccines for Children,41,Department of Public Health,2820,Vaccine Preventable Diseases,0150,OUTSIDE GRAPHIC SERVICES,33254,33254,0
GRANTS,0U23,Immunizations and Vaccines for Children,41,Department of Public Health,2820,Vaccine Preventable Diseases,0152,ADVERTISING,13500,13500,13500
GRANTS,0U23,Immunizations and Vaccines for Children,41,Department of Public Health,2820,Vaccine Preventable Diseases,0157,RENTAL EQUIPMENT AND SERVICES,18000,18000,18000
GRANTS,0U23,Immunizations and Vaccines for Children,41,Department of Public Health,2820,Vaccine Preventable Diseases,0162,REPAIR/MAINT EQUIPMENT,10000,10000,10000
GRANTS,0U23,Immunizations and Vaccines for Children,41,Department of Public Health,2820,Vaccine Preventable Diseases,0166,"DUES, SUBSCRIPTIONS AND MEMBERSHIPS",5350,5350,5350
GRANTS,0U23,Immunizations and Vaccines for Children,41,Department of Public Health,2820,Vaccine Preventable Diseases,0168,EDUCATION DEVELOPMENT,5000,5000,5000
GRANTS,0U23,Immunizations and Vaccines for Children,41,Department of Public Health,2820,Vaccine Preventable Diseases,0169,TECHNICAL MEETING COSTS,4600,4600,4600
GRANTS,0U23,Immunizations and Vaccines for Children,41,Department of Public Health,2820,Vaccine Preventable Diseases,0181,MOBILE COMMUNICATION SERVICES,7900,7900,7900
GRANTS,0U23,Immunizations and Vaccines for Children,41,Department of Public Health,2820,Vaccine Preventable Diseases,0190,TELEPHONE - CENTREX BILLINGS,9300,9300,9300
GRANTS,0U23,Immunizations and Vaccines for Children,41,Department of Public Health,2820,Vaccine Preventable Diseases,0229,TRANSPORTATION AND EXPENSE ALLOWANCE,13803,13803,13803
GRANTS,0U23,Immunizations and Vaccines for Children,41,Department of Public Health,2820,Vaccine Preventable Diseases,0245,REIMBURSEMENT TO TRAVELERS,11928,11928,11928
GRANTS,0U23,Immunizations and Vaccines for Children,41,Department of Public Health,2820,Vaccine Preventable Diseases,0340,MATERIAL AND SUPPLIES,76232,76232,76232
GRANTS,0U23,Immunizations and Vaccines for Children,41,Department of Public Health,2820,Vaccine Preventable Diseases,0342,DRUGS  MEDICINE AND CHEMICAL MATERIALS,2100,2100,2100
GRANTS,0U23,Immunizations and Vaccines for Children,41,Department of Public Health,2820,Vaccine Preventable Diseases,0345,APPARATUS AND INSTRUMENTS,6200,6200,6200
GRANTS,0U23,Immunizations and Vaccines for Children,41,Department of Public Health,2820,Vaccine Preventable Diseases,0348,BOOKS AND RELATED MATERIAL,19500,19500,19500
GRANTS,0U23,Immunizations and Vaccines for Children,41,Department of Public Health,2820,Vaccine Preventable Diseases,0350,STATIONERY AND OFFICE SUPPLIES,56700,56700,56700
GRANTS,0U23,Immunizations and Vaccines for Children,41,Department of Public Health,2820,Vaccine Preventable Diseases,0801,INDIRECT COSTS,1098765,1098765,1098765
GRANTS,0U25,Local Health Protection,41,Department of Public Health,2730,Local Health Protection,0006,SALARY PROVISION,616155,616155,0
GRANTS,0U25,Local Health Protection,41,Department of Public Health,2730,Local Health Protection,0020,OVERTIME,3000,3000,0
GRANTS,0U25,Local Health Protection,41,Department of Public Health,2730,Local Health Protection,0091,UNIFORM ALLOWANCE,250,250,0
GRANTS,0U25,Local Health Protection,41,Department of Public Health,2730,Local Health Protection,0140,PROFESSIONAL AND TECHNICAL SERVICES,1635070,1635070,0
GRANTS,0U25,Local Health Protection,41,Department of Public Health,2730,Local Health Protection,0149,SOFTWARE MAINTENANCE AND LICENSING,400,400,0
GRANTS,0U25,Local Health Protection,41,Department of Public Health,2730,Local Health Protection,0152,ADVERTISING,233,233,0
GRANTS,0U25,Local Health Protection,41,Department of Public Health,2730,Local Health Protection,0169,TECHNICAL MEETING COSTS,4250,4250,0
GRANTS,0U25,Local Health Protection,41,Department of Public Health,2730,Local Health Protection,0181,MOBILE COMMUNICATION SERVICES,20448,20448,0
GRANTS,0U25,Local Health Protection,41,Department of Public Health,2730,Local Health Protection,0189,TELEPHONE - NON-CENTREX BILLINGS,14250,14250,0
GRANTS,0U25,Local Health Protection,41,Department of Public Health,2730,Local Health Protection,0190,TELEPHONE - CENTREX BILLINGS,10969,10969,0
GRANTS,0U25,Local Health Protection,41,Department of Public Health,2730,Local Health Protection,0197,TELEPHONE - MAINTENANCE,750,750,0
GRANTS,0U25,Local Health Protection,41,Department of Public Health,2730,Local Health Protection,0229,TRANSPORTATION AND EXPENSE ALLOWANCE,12500,12500,0
GRANTS,0U25,Local Health Protection,41,Department of Public Health,2730,Local Health Protection,0245,REIMBURSEMENT TO TRAVELERS,7000,7000,0
GRANTS,0U25,Local Health Protection,41,Department of Public Health,2730,Local Health Protection,0270,LOCAL TRANSPORTATION,22500,22500,0
GRANTS,0U25,Local Health Protection,41,Department of Public Health,2730,Local Health Protection,0350,STATIONERY AND OFFICE SUPPLIES,24000,24000,0
GRANTS,0U25,Local Health Protection,41,Department of Public Health,2730,Local Health Protection,0360,REPAIR PARTS AND MATERIAL,2225,2225,0
GRANTS,0U25,Local Health Protection,41,Department of Public Health,2730,Local Health Protection,0801,INDIRECT COSTS,408000,408000,0
GRANTS,0U26,Maternal and Child Health,41,Department of Public Health,2910,Maternal and Child Health Block Grant,0003,SCHEDULED WAGE ADJUSTMENTS,0,0,22411
GRANTS,0U26,Maternal and Child Health,41,Department of Public Health,2910,Maternal and Child Health Block Grant,0005,SALARIES AND WAGES - ON PAYROLL,2622176,2622176,2898106
GRANTS,0U26,Maternal and Child Health,41,Department of Public Health,2910,Maternal and Child Health Block Grant,0011,CONTRACT WAGE - SALARY,94842,94842,14850
GRANTS,0U26,Maternal and Child Health,41,Department of Public Health,2910,Maternal and Child Health Block Grant,0015,SCHEDULE SALARY ADJUSTMENTS,5640,5640,7628
GRANTS,0U26,Maternal and Child Health,41,Department of Public Health,2910,Maternal and Child Health Block Grant,0044,FRINGE BENEFITS,1117133,1117133,1321212
GRANTS,0U26,Maternal and Child Health,41,Department of Public Health,2910,Maternal and Child Health Block Grant,0091,UNIFORM ALLOWANCE,9000,9000,9000
GRANTS,0U26,Maternal and Child Health,41,Department of Public Health,2910,Maternal and Child Health Block Grant,0130,POSTAGE,500,500,500
GRANTS,0U26,Maternal and Child Health,41,Department of Public Health,2910,Maternal and Child Health Block Grant,0140,PROFESSIONAL AND TECHNICAL SERVICES,4868576,4868576,2493160
GRANTS,0U26,Maternal and Child Health,41,Department of Public Health,2910,Maternal and Child Health Block Grant,0150,OUTSIDE GRAPHIC SERVICES,15683,15683,15683
GRANTS,0U26,Maternal and Child Health,41,Department of Public Health,2910,Maternal and Child Health Block Grant,0160,REPAIR/MAINT PROPERTY,2500,2500,2500
GRANTS,0U26,Maternal and Child Health,41,Department of Public Health,2910,Maternal and Child Health Block Grant,0162,REPAIR/MAINT EQUIPMENT,2500,2500,2500
GRANTS,0U26,Maternal and Child Health,41,Department of Public Health,2910,Maternal and Child Health Block Grant,0166,"DUES, SUBSCRIPTIONS AND MEMBERSHIPS",2300,2300,2300
GRANTS,0U26,Maternal and Child Health,41,Department of Public Health,2910,Maternal and Child Health Block Grant,0169,TECHNICAL MEETING COSTS,7500,7500,7500
GRANTS,0U26,Maternal and Child Health,41,Department of Public Health,2910,Maternal and Child Health Block Grant,0186,PAGERS,2248,2248,2248
GRANTS,0U26,Maternal and Child Health,41,Department of Public Health,2910,Maternal and Child Health Block Grant,0229,TRANSPORTATION AND EXPENSE ALLOWANCE,1750,1750,1750
GRANTS,0U26,Maternal and Child Health,41,Department of Public Health,2910,Maternal and Child Health Block Grant,0245,REIMBURSEMENT TO TRAVELERS,6723,6723,6723
GRANTS,0U26,Maternal and Child Health,41,Department of Public Health,2910,Maternal and Child Health Block Grant,0270,LOCAL TRANSPORTATION,8579,8579,8579
GRANTS,0U26,Maternal and Child Health,41,Department of Public Health,2910,Maternal and Child Health Block Grant,0340,MATERIAL AND SUPPLIES,85000,85000,85000
GRANTS,0U26,Maternal and Child Health,41,Department of Public Health,2910,Maternal and Child Health Block Grant,0350,STATIONERY AND OFFICE SUPPLIES,52150,52150,52150
GRANTS,0U26,Maternal and Child Health,41,Department of Public Health,2910,Maternal and Child Health Block Grant,0440,MACHINERY AND EQUIPMENT,15000,15000,15000
GRANTS,0U26,Maternal and Child Health,41,Department of Public Health,2910,Maternal and Child Health Block Grant,0801,INDIRECT COSTS,90200,90200,90200
GRANTS,0U26,Maternal and Child Health,41,Department of Public Health,2910,Maternal and Child Health Block Grant,9438,REIMBURSEMENT - AIM,10000,10000,10000
GRANTS,0U27,Morbidity and Risk Behavior Surveillance / Medical Monitoring Project,41,Department of Public Health,2887,Morbidity and Risk Behavior Surveillance,0005,SALARIES AND WAGES - ON PAYROLL,0,0,287369
GRANTS,0U27,Morbidity and Risk Behavior Surveillance / Medical Monitoring Project,41,Department of Public Health,2887,Morbidity and Risk Behavior Surveillance,0044,FRINGE BENEFITS,0,0,129849
GRANTS,0U27,Morbidity and Risk Behavior Surveillance / Medical Monitoring Project,41,Department of Public Health,2887,Morbidity and Risk Behavior Surveillance,0140,PROFESSIONAL AND TECHNICAL SERVICES,0,0,172782
GRANTS,0U28,Mosquito Vector Prevention (Tire Funds),41,Department of Public Health,2960,Mosquito Vector Prevention Program (Tire Funds),0140,PROFESSIONAL AND TECHNICAL SERVICES,443000,443000,0
GRANTS,0U29,Ryan White HIV Care Act - Part A Emergency Relief,41,Department of Public Health,2731,Ryan White HIV Care Act Part A - Emergency Relief,0140,PROFESSIONAL AND TECHNICAL SERVICES,1500000,1500000,0
GRANTS,0U33,Tanning Facilities Inspections,41,Department of Public Health,2878,Tanning Facilities Inspections,0140,PROFESSIONAL AND TECHNICAL SERVICES,7000,7000,0
GRANTS,0U34,Tattoo and Body Piercing Inspection,41,Department of Public Health,2998,Body Art and Tanning Inspection,0140,PROFESSIONAL AND TECHNICAL SERVICES,77000,77000,0
GRANTS,0U35,Tobacco Free Communities,41,Department of Public Health,2868,Tobacco Free Communities,0006,SALARY PROVISION,287652,287652,0
GRANTS,0U35,Tobacco Free Communities,41,Department of Public Health,2868,Tobacco Free Communities,0801,INDIRECT COSTS,37348,37348,0
GRANTS,0U36,Tuberculosis Control,41,Department of Public Health,2824,Tuberculosis Control,0003,SCHEDULED WAGE ADJUSTMENTS,0,0,5964
GRANTS,0U36,Tuberculosis Control,41,Department of Public Health,2824,Tuberculosis Control,0005,SALARIES AND WAGES - ON PAYROLL,0,0,668571
GRANTS,0U36,Tuberculosis Control,41,Department of Public Health,2824,Tuberculosis Control,0011,CONTRACT WAGE - SALARY,0,0,1139
GRANTS,0U36,Tuberculosis Control,41,Department of Public Health,2824,Tuberculosis Control,0015,SCHEDULE SALARY ADJUSTMENTS,0,0,2976
GRANTS,0U36,Tuberculosis Control,41,Department of Public Health,2824,Tuberculosis Control,0044,FRINGE BENEFITS,0,0,305804
GRANTS,0U36,Tuberculosis Control,41,Department of Public Health,2824,Tuberculosis Control,0140,PROFESSIONAL AND TECHNICAL SERVICES,0,0,315546
GRANTS,0U37,Underground Storage Tank Inspection,41,Department of Public Health,2720,Underground Storage Tank Inspection,0006,SALARY PROVISION,261320,261320,0
GRANTS,0U37,Underground Storage Tank Inspection,41,Department of Public Health,2720,Underground Storage Tank Inspection,0140,PROFESSIONAL AND TECHNICAL SERVICES,51680,51680,0
GRANTS,0U38,Women  Infants and Children Nutrition,41,Department of Public Health,2808,Women  Infants and Children Nutrition,0006,SALARY PROVISION,1352699,1352699,0
GRANTS,0U38,Women  Infants and Children Nutrition,41,Department of Public Health,2808,Women  Infants and Children Nutrition,0125,OFFICE AND BUILDING SERVICES,562415,562415,0
GRANTS,0U38,Women  Infants and Children Nutrition,41,Department of Public Health,2808,Women  Infants and Children Nutrition,0130,POSTAGE,200,200,0
GRANTS,0U38,Women  Infants and Children Nutrition,41,Department of Public Health,2808,Women  Infants and Children Nutrition,0135,DELEGATE AGENCIES,709355,709355,0
GRANTS,0U38,Women  Infants and Children Nutrition,41,Department of Public Health,2808,Women  Infants and Children Nutrition,0138,IT MAINTENANCE,39713,39713,0
GRANTS,0U38,Women  Infants and Children Nutrition,41,Department of Public Health,2808,Women  Infants and Children Nutrition,0140,PROFESSIONAL AND TECHNICAL SERVICES,59164,59164,0
GRANTS,0U38,Women  Infants and Children Nutrition,41,Department of Public Health,2808,Women  Infants and Children Nutrition,0150,OUTSIDE GRAPHIC SERVICES,2867,2867,0
GRANTS,0U38,Women  Infants and Children Nutrition,41,Department of Public Health,2808,Women  Infants and Children Nutrition,0153,PROMOTIONS,2012,2012,0
GRANTS,0U38,Women  Infants and Children Nutrition,41,Department of Public Health,2808,Women  Infants and Children Nutrition,0155,RENTAL OF PROPERTY,20475,20475,0
GRANTS,0U38,Women  Infants and Children Nutrition,41,Department of Public Health,2808,Women  Infants and Children Nutrition,0157,RENTAL EQUIPMENT AND SERVICES,47750,47750,0
GRANTS,0U38,Women  Infants and Children Nutrition,41,Department of Public Health,2808,Women  Infants and Children Nutrition,0169,TECHNICAL MEETING COSTS,2500,2500,0
GRANTS,0U38,Women  Infants and Children Nutrition,41,Department of Public Health,2808,Women  Infants and Children Nutrition,0190,TELEPHONE - CENTREX BILLINGS,2050,2050,0
GRANTS,0U38,Women  Infants and Children Nutrition,41,Department of Public Health,2808,Women  Infants and Children Nutrition,0331,ELECTRICITY,300,300,0
GRANTS,0U38,Women  Infants and Children Nutrition,41,Department of Public Health,2808,Women  Infants and Children Nutrition,0801,INDIRECT COSTS,37500,37500,0
GRANTS,0U40,Integrated HIV Surveillance and Protection,41,Department of Public Health,280Y,HIV Surveillance and Prevention,0003,SCHEDULED WAGE ADJUSTMENTS,0,0,30690
GRANTS,0U40,Integrated HIV Surveillance and Protection,41,Department of Public Health,280Y,HIV Surveillance and Prevention,0005,SALARIES AND WAGES - ON PAYROLL,3117463,3117463,2763914
GRANTS,0U40,Integrated HIV Surveillance and Protection,41,Department of Public Health,280Y,HIV Surveillance and Prevention,0015,SCHEDULE SALARY ADJUSTMENTS,27965,27965,19027
GRANTS,0U40,Integrated HIV Surveillance and Protection,41,Department of Public Health,280Y,HIV Surveillance and Prevention,0020,OVERTIME,6480,6480,6858
GRANTS,0U40,Integrated HIV Surveillance and Protection,41,Department of Public Health,280Y,HIV Surveillance and Prevention,0044,FRINGE BENEFITS,1321892,1321892,1300271
GRANTS,0U40,Integrated HIV Surveillance and Protection,41,Department of Public Health,280Y,HIV Surveillance and Prevention,0135,DELEGATE AGENCIES,4234059,4234059,4038610
GRANTS,0U40,Integrated HIV Surveillance and Protection,41,Department of Public Health,280Y,HIV Surveillance and Prevention,0245,REIMBURSEMENT TO TRAVELERS,0,0,64539
GRANTS,0U40,Integrated HIV Surveillance and Protection,41,Department of Public Health,280Y,HIV Surveillance and Prevention,0340,MATERIAL AND SUPPLIES,0,0,538609
GRANTS,0U40,Integrated HIV Surveillance and Protection,41,Department of Public Health,280Y,HIV Surveillance and Prevention,0801,INDIRECT COSTS,496141,496141,441482
GRANTS,0U44,Lead Hazard Reduction,41,Department of Public Health,2944,Lead Hazard Reduction,0003,SCHEDULED WAGE ADJUSTMENTS,0,0,2211
GRANTS,0U44,Lead Hazard Reduction,41,Department of Public Health,2944,Lead Hazard Reduction,0005,SALARIES AND WAGES - ON PAYROLL,0,0,115821
GRANTS,0U44,Lead Hazard Reduction,41,Department of Public Health,2944,Lead Hazard Reduction,0015,SCHEDULE SALARY ADJUSTMENTS,0,0,1848
GRANTS,0U44,Lead Hazard Reduction,41,Department of Public Health,2944,Lead Hazard Reduction,0044,FRINGE BENEFITS,0,0,59723
GRANTS,0U44,Lead Hazard Reduction,41,Department of Public Health,2944,Lead Hazard Reduction,0135,DELEGATE AGENCIES,200000,200000,0
GRANTS,0U44,Lead Hazard Reduction,41,Department of Public Health,2944,Lead Hazard Reduction,0140,PROFESSIONAL AND TECHNICAL SERVICES,3900000,3900000,3897789
GRANTS,0U44,Lead Hazard Reduction,41,Department of Public Health,2944,Lead Hazard Reduction,0350,STATIONERY AND OFFICE SUPPLIES,0,0,22608
GRANTS,0U46,Dating Matters,41,Department of Public Health,2713,Dating Matters,0140,PROFESSIONAL AND TECHNICAL SERVICES,3000,3000,0
GRANTS,0U48,Healthy Chicago 2.0,41,Department of Public Health,290C,Healthy Chicago 2.0 Survey,0140,PROFESSIONAL AND TECHNICAL SERVICES,186000,186000,0
GRANTS,0U49,C3 Clinical and Translation Research,41,Department of Public Health,280R,C3 Clinical and Translation Research,0003,SCHEDULED WAGE ADJUSTMENTS,0,0,2635
GRANTS,0U49,C3 Clinical and Translation Research,41,Department of Public Health,280R,C3 Clinical and Translation Research,0005,SALARIES AND WAGES - ON PAYROLL,0,0,68164
GRANTS,0U49,C3 Clinical and Translation Research,41,Department of Public Health,280R,C3 Clinical and Translation Research,0015,SCHEDULE SALARY ADJUSTMENTS,0,0,1022
GRANTS,0U49,C3 Clinical and Translation Research,41,Department of Public Health,280R,C3 Clinical and Translation Research,0044,FRINGE BENEFITS,0,0,30800
GRANTS,0U49,C3 Clinical and Translation Research,41,Department of Public Health,280R,C3 Clinical and Translation Research,0140,PROFESSIONAL AND TECHNICAL SERVICES,0,0,17379
GRANTS,0U50,Air Pollution Control Program,41,Department of Public Health,2714,Air Pollution Control Program,0005,SALARIES AND WAGES - ON PAYROLL,0,0,550248
GRANTS,0U50,Air Pollution Control Program,41,Department of Public Health,2714,Air Pollution Control Program,0015,SCHEDULE SALARY ADJUSTMENTS,0,0,146
GRANTS,0U50,Air Pollution Control Program,41,Department of Public Health,2714,Air Pollution Control Program,0044,FRINGE BENEFITS,0,0,269606
GRANTS,0U52,Building Epidemiology and Health It Capacity,41,Department of Public Health,2710,Building Epidemiology and Health IT Capacity,0003,SCHEDULED WAGE ADJUSTMENTS,0,0,26420
GRANTS,0U52,Building Epidemiology and Health It Capacity,41,Department of Public Health,2710,Building Epidemiology and Health IT Capacity,0005,SALARIES AND WAGES - ON PAYROLL,1118775,1118775,1028310
GRANTS,0U52,Building Epidemiology and Health It Capacity,41,Department of Public Health,2710,Building Epidemiology and Health IT Capacity,0006,SALARY PROVISION,0,0,1223580
GRANTS,0U52,Building Epidemiology and Health It Capacity,41,Department of Public Health,2710,Building Epidemiology and Health IT Capacity,0011,CONTRACT WAGE - SALARY,7514,7514,1139
GRANTS,0U52,Building Epidemiology and Health It Capacity,41,Department of Public Health,2710,Building Epidemiology and Health IT Capacity,0015,SCHEDULE SALARY ADJUSTMENTS,1522,1522,570
GRANTS,0U52,Building Epidemiology and Health It Capacity,41,Department of Public Health,2710,Building Epidemiology and Health IT Capacity,0044,FRINGE BENEFITS,493397,493397,485000
GRANTS,0U52,Building Epidemiology and Health It Capacity,41,Department of Public Health,2710,Building Epidemiology and Health IT Capacity,0140,PROFESSIONAL AND TECHNICAL SERVICES,471966,471966,492155
GRANTS,0U52,Building Epidemiology and Health It Capacity,41,Department of Public Health,2710,Building Epidemiology and Health IT Capacity,0340,MATERIAL AND SUPPLIES,4000,4000,4000
GRANTS,0U52,Building Epidemiology and Health It Capacity,41,Department of Public Health,2710,Building Epidemiology and Health IT Capacity,0801,INDIRECT COSTS,195826,195826,195826
GRANTS,0U54,High Risk Infant Follow-Up,41,Department of Public Health,280Z,High Risk Infant Follow-Up,0006,SALARY PROVISION,406000,406000,98000
GRANTS,0U54,High Risk Infant Follow-Up,41,Department of Public Health,280Z,High Risk Infant Follow-Up,0140,PROFESSIONAL AND TECHNICAL SERVICES,0,0,308000
GRANTS,0U55,Strategic Partnership and Planning to Support Ending HIV,41,Department of Public Health,290B,Strategic Partnership and Planning to Support Ending HIV,0140,PROFESSIONAL AND TECHNICAL SERVICES,375000,375000,375000
GRANTS,0U56,Dating Matters,41,Department of Public Health,2713,Dating Matters,0140,PROFESSIONAL AND TECHNICAL SERVICES,20000,20000,20000
GRANTS,0U57,Dental Sealant,41,Department of Public Health,2871,Dental Sealant,0140,PROFESSIONAL AND TECHNICAL SERVICES,60000,60000,60000
GRANTS,0U58,Genetics Education / Follow Up Services,41,Department of Public Health,2729,Genetics Education / Follow Up Services,0005,SALARIES AND WAGES - ON PAYROLL,0,0,110487
GRANTS,0U58,Genetics Education / Follow Up Services,41,Department of Public Health,2729,Genetics Education / Follow Up Services,0011,CONTRACT WAGE - SALARY,0,0,1139
GRANTS,0U58,Genetics Education / Follow Up Services,41,Department of Public Health,2729,Genetics Education / Follow Up Services,0044,FRINGE BENEFITS,0,0,49924
GRANTS,0U58,Genetics Education / Follow Up Services,41,Department of Public Health,2729,Genetics Education / Follow Up Services,0140,PROFESSIONAL AND TECHNICAL SERVICES,0,0,72450
GRANTS,0U60,Housing Opportunities for People with AIDS (HOPWA),41,Department of Public Health,2932,Housing Opportunities for People with AIDS (HOPWA),0005,SALARIES AND WAGES - ON PAYROLL,272538,272538,0
GRANTS,0U60,Housing Opportunities for People with AIDS (HOPWA),41,Department of Public Health,2932,Housing Opportunities for People with AIDS (HOPWA),0015,SCHEDULE SALARY ADJUSTMENTS,953,953,0
GRANTS,0U60,Housing Opportunities for People with AIDS (HOPWA),41,Department of Public Health,2932,Housing Opportunities for People with AIDS (HOPWA),0044,FRINGE BENEFITS,113748,113748,0
GRANTS,0U60,Housing Opportunities for People with AIDS (HOPWA),41,Department of Public Health,2932,Housing Opportunities for People with AIDS (HOPWA),0050,STIPENDS,3154,3154,0
GRANTS,0U60,Housing Opportunities for People with AIDS (HOPWA),41,Department of Public Health,2932,Housing Opportunities for People with AIDS (HOPWA),0135,DELEGATE AGENCIES,9490828,9490828,1100000
GRANTS,0U60,Housing Opportunities for People with AIDS (HOPWA),41,Department of Public Health,2932,Housing Opportunities for People with AIDS (HOPWA),0138,IT MAINTENANCE,2277,2277,0
GRANTS,0U60,Housing Opportunities for People with AIDS (HOPWA),41,Department of Public Health,2932,Housing Opportunities for People with AIDS (HOPWA),0140,PROFESSIONAL AND TECHNICAL SERVICES,46000,46000,0
GRANTS,0U60,Housing Opportunities for People with AIDS (HOPWA),41,Department of Public Health,2932,Housing Opportunities for People with AIDS (HOPWA),0150,OUTSIDE GRAPHIC SERVICES,515,515,0
GRANTS,0U60,Housing Opportunities for People with AIDS (HOPWA),41,Department of Public Health,2932,Housing Opportunities for People with AIDS (HOPWA),0190,TELEPHONE - CENTREX BILLINGS,1244,1244,0
GRANTS,0U60,Housing Opportunities for People with AIDS (HOPWA),41,Department of Public Health,2932,Housing Opportunities for People with AIDS (HOPWA),0350,STATIONERY AND OFFICE SUPPLIES,660,660,0
GRANTS,0U60,Housing Opportunities for People with AIDS (HOPWA),41,Department of Public Health,2932,Housing Opportunities for People with AIDS (HOPWA),0801,INDIRECT COSTS,107083,107083,0
GRANTS,0U61,Local Health Protection,41,Department of Public Health,2730,Local Health Protection,0003,SCHEDULED WAGE ADJUSTMENTS,0,0,9215
GRANTS,0U61,Local Health Protection,41,Department of Public Health,2730,Local Health Protection,0005,SALARIES AND WAGES - ON PAYROLL,2163784,2163784,1837317
GRANTS,0U61,Local Health Protection,41,Department of Public Health,2730,Local Health Protection,0006,SALARY PROVISION,0,0,1352453
GRANTS,0U61,Local Health Protection,41,Department of Public Health,2730,Local Health Protection,0011,CONTRACT WAGE - SALARY,7514,7514,0
GRANTS,0U61,Local Health Protection,41,Department of Public Health,2730,Local Health Protection,0015,SCHEDULE SALARY ADJUSTMENTS,18372,18372,15939
GRANTS,0U61,Local Health Protection,41,Department of Public Health,2730,Local Health Protection,0020,OVERTIME,6000,6000,6000
GRANTS,0U61,Local Health Protection,41,Department of Public Health,2730,Local Health Protection,0044,FRINGE BENEFITS,913224,913224,844706
GRANTS,0U61,Local Health Protection,41,Department of Public Health,2730,Local Health Protection,0091,UNIFORM ALLOWANCE,500,500,500
GRANTS,0U61,Local Health Protection,41,Department of Public Health,2730,Local Health Protection,0135,DELEGATE AGENCIES,195630,195630,25000
GRANTS,0U61,Local Health Protection,41,Department of Public Health,2730,Local Health Protection,0140,PROFESSIONAL AND TECHNICAL SERVICES,1208321,1208321,5000
GRANTS,0U61,Local Health Protection,41,Department of Public Health,2730,Local Health Protection,0149,SOFTWARE MAINTENANCE AND LICENSING,800,800,0
GRANTS,0U61,Local Health Protection,41,Department of Public Health,2730,Local Health Protection,0152,ADVERTISING,465,465,0
GRANTS,0U61,Local Health Protection,41,Department of Public Health,2730,Local Health Protection,0169,TECHNICAL MEETING COSTS,8500,8500,2500
GRANTS,0U61,Local Health Protection,41,Department of Public Health,2730,Local Health Protection,0189,TELEPHONE - NON-CENTREX BILLINGS,28500,28500,5500
GRANTS,0U61,Local Health Protection,41,Department of Public Health,2730,Local Health Protection,0197,TELEPHONE - MAINTENANCE,1499,1499,0
GRANTS,0U61,Local Health Protection,41,Department of Public Health,2730,Local Health Protection,0229,TRANSPORTATION AND EXPENSE ALLOWANCE,25000,25000,7000
GRANTS,0U61,Local Health Protection,41,Department of Public Health,2730,Local Health Protection,0245,REIMBURSEMENT TO TRAVELERS,13746,13746,5000
GRANTS,0U61,Local Health Protection,41,Department of Public Health,2730,Local Health Protection,0270,LOCAL TRANSPORTATION,45000,45000,7000
GRANTS,0U61,Local Health Protection,41,Department of Public Health,2730,Local Health Protection,0350,STATIONERY AND OFFICE SUPPLIES,47870,47870,5870
GRANTS,0U61,Local Health Protection,41,Department of Public Health,2730,Local Health Protection,0360,REPAIR PARTS AND MATERIAL,4500,4500,0
GRANTS,0U61,Local Health Protection,41,Department of Public Health,2730,Local Health Protection,0801,INDIRECT COSTS,815775,815775,0
GRANTS,0U62,Air Pollution Control Program,41,Department of Public Health,2714,Air Pollution Control Program,0006,SALARY PROVISION,412000,412000,125000
GRANTS,0U64,Ryan White HIV Care Act - Part A Emergency Relief,41,Department of Public Health,2731,Ryan White HIV Care Act Part A - Emergency Relief,0005,SALARIES AND WAGES - ON PAYROLL,2342111,2342111,0
GRANTS,0U64,Ryan White HIV Care Act - Part A Emergency Relief,41,Department of Public Health,2731,Ryan White HIV Care Act Part A - Emergency Relief,0015,SCHEDULE SALARY ADJUSTMENTS,7663,7663,0
GRANTS,0U64,Ryan White HIV Care Act - Part A Emergency Relief,41,Department of Public Health,2731,Ryan White HIV Care Act Part A - Emergency Relief,0020,OVERTIME,15000,15000,0
GRANTS,0U64,Ryan White HIV Care Act - Part A Emergency Relief,41,Department of Public Health,2731,Ryan White HIV Care Act Part A - Emergency Relief,0044,FRINGE BENEFITS,988049,988049,0
GRANTS,0U64,Ryan White HIV Care Act - Part A Emergency Relief,41,Department of Public Health,2731,Ryan White HIV Care Act Part A - Emergency Relief,0091,UNIFORM ALLOWANCE,600,600,0
GRANTS,0U64,Ryan White HIV Care Act - Part A Emergency Relief,41,Department of Public Health,2731,Ryan White HIV Care Act Part A - Emergency Relief,0135,DELEGATE AGENCIES,23331561,23331561,8000000
GRANTS,0U64,Ryan White HIV Care Act - Part A Emergency Relief,41,Department of Public Health,2731,Ryan White HIV Care Act Part A - Emergency Relief,0801,INDIRECT COSTS,1003016,1003016,0
GRANTS,0U65,Sexually Transmitted Disease Prevention,41,Department of Public Health,2814,Sexually Transmitted Disease Prevention,0003,SCHEDULED WAGE ADJUSTMENTS,0,0,7330
GRANTS,0U65,Sexually Transmitted Disease Prevention,41,Department of Public Health,2814,Sexually Transmitted Disease Prevention,0005,SALARIES AND WAGES - ON PAYROLL,875205,875205,981457
GRANTS,0U65,Sexually Transmitted Disease Prevention,41,Department of Public Health,2814,Sexually Transmitted Disease Prevention,0015,SCHEDULE SALARY ADJUSTMENTS,6166,6166,2482
GRANTS,0U65,Sexually Transmitted Disease Prevention,41,Department of Public Health,2814,Sexually Transmitted Disease Prevention,0044,FRINGE BENEFITS,367103,367103,451564
GRANTS,0U65,Sexually Transmitted Disease Prevention,41,Department of Public Health,2814,Sexually Transmitted Disease Prevention,0135,DELEGATE AGENCIES,505538,505538,183697
GRANTS,0U65,Sexually Transmitted Disease Prevention,41,Department of Public Health,2814,Sexually Transmitted Disease Prevention,0801,INDIRECT COSTS,145988,145988,178470
GRANTS,0U66,Mosquito Vector Prevention (Tire Funds),41,Department of Public Health,2960,Mosquito Vector Prevention Program (Tire Funds),0005,SALARIES AND WAGES - ON PAYROLL,0,0,104830
GRANTS,0U66,Mosquito Vector Prevention (Tire Funds),41,Department of Public Health,2960,Mosquito Vector Prevention Program (Tire Funds),0015,SCHEDULE SALARY ADJUSTMENTS,0,0,647
GRANTS,0U66,Mosquito Vector Prevention (Tire Funds),41,Department of Public Health,2960,Mosquito Vector Prevention Program (Tire Funds),0044,FRINGE BENEFITS,0,0,47368
GRANTS,0U66,Mosquito Vector Prevention (Tire Funds),41,Department of Public Health,2960,Mosquito Vector Prevention Program (Tire Funds),0140,PROFESSIONAL AND TECHNICAL SERVICES,760000,760000,606286
GRANTS,0U66,Mosquito Vector Prevention (Tire Funds),41,Department of Public Health,2960,Mosquito Vector Prevention Program (Tire Funds),0350,STATIONERY AND OFFICE SUPPLIES,0,0,869
GRANTS,0U67,Tanning Facilities Inspections,41,Department of Public Health,2878,Tanning Facilities Inspections,0140,PROFESSIONAL AND TECHNICAL SERVICES,13000,13000,13000
GRANTS,0U68,Tattoo and Body Art Piercing Inspections,41,Department of Public Health,2998,Body Art and Tanning Inspection,0140,PROFESSIONAL AND TECHNICAL SERVICES,191000,191000,143000
GRANTS,0U69,Dental Sealant,41,Department of Public Health,2871,Dental Sealant,0140,PROFESSIONAL AND TECHNICAL SERVICES,0,0,60000
GRANTS,0U70,High Risk Infant Follow-Up,41,Department of Public Health,280Z,High Risk Infant Follow-Up,0006,SALARY PROVISION,654000,654000,0
GRANTS,0U71,Teen Pregnancy Prevention Evaluation,41,Department of Public Health,280G,Teen Pregnancy Prevention Evaluation,0140,PROFESSIONAL AND TECHNICAL SERVICES,0,0,1000000
GRANTS,0U72,Tobacco Free Communities,41,Department of Public Health,2868,Tobacco Free Communities,0005,SALARIES AND WAGES - ON PAYROLL,407767,407767,0
GRANTS,0U72,Tobacco Free Communities,41,Department of Public Health,2868,Tobacco Free Communities,0006,SALARY PROVISION,0,0,313000
GRANTS,0U72,Tobacco Free Communities,41,Department of Public Health,2868,Tobacco Free Communities,0044,FRINGE BENEFITS,170243,170243,0
GRANTS,0U72,Tobacco Free Communities,41,Department of Public Health,2868,Tobacco Free Communities,0140,PROFESSIONAL AND TECHNICAL SERVICES,46990,46990,0
GRANTS,0U73,Underground Storage Tank Inspection,41,Department of Public Health,2720,Underground Storage Tank Inspection,0005,SALARIES AND WAGES - ON PAYROLL,365131,365131,0
GRANTS,0U73,Underground Storage Tank Inspection,41,Department of Public Health,2720,Underground Storage Tank Inspection,0044,FRINGE BENEFITS,157565,157565,0
GRANTS,0U73,Underground Storage Tank Inspection,41,Department of Public Health,2720,Underground Storage Tank Inspection,0140,PROFESSIONAL AND TECHNICAL SERVICES,27304,27304,550000
GRANTS,0U74,Women Infants and Children Nutrition,41,Department of Public Health,2808,Women  Infants and Children Nutrition,0005,SALARIES AND WAGES - ON PAYROLL,1971381,1971381,0
GRANTS,0U74,Women Infants and Children Nutrition,41,Department of Public Health,2808,Women  Infants and Children Nutrition,0006,SALARY PROVISION,0,0,1400000
GRANTS,0U74,Women Infants and Children Nutrition,41,Department of Public Health,2808,Women  Infants and Children Nutrition,0015,SCHEDULE SALARY ADJUSTMENTS,3895,3895,0
GRANTS,0U74,Women Infants and Children Nutrition,41,Department of Public Health,2808,Women  Infants and Children Nutrition,0044,FRINGE BENEFITS,828407,828407,0
GRANTS,0U74,Women Infants and Children Nutrition,41,Department of Public Health,2808,Women  Infants and Children Nutrition,0125,OFFICE AND BUILDING SERVICES,135829,135829,0
GRANTS,0U74,Women Infants and Children Nutrition,41,Department of Public Health,2808,Women  Infants and Children Nutrition,0130,POSTAGE,400,400,0
GRANTS,0U74,Women Infants and Children Nutrition,41,Department of Public Health,2808,Women  Infants and Children Nutrition,0135,DELEGATE AGENCIES,1401638,1401638,0
GRANTS,0U74,Women Infants and Children Nutrition,41,Department of Public Health,2808,Women  Infants and Children Nutrition,0138,IT MAINTENANCE,79425,79425,0
GRANTS,0U74,Women Infants and Children Nutrition,41,Department of Public Health,2808,Women  Infants and Children Nutrition,0140,PROFESSIONAL AND TECHNICAL SERVICES,112120,112120,3204000
GRANTS,0U74,Women Infants and Children Nutrition,41,Department of Public Health,2808,Women  Infants and Children Nutrition,0150,OUTSIDE GRAPHIC SERVICES,5733,5733,0
GRANTS,0U74,Women Infants and Children Nutrition,41,Department of Public Health,2808,Women  Infants and Children Nutrition,0153,PROMOTIONS,4023,4023,0
GRANTS,0U74,Women Infants and Children Nutrition,41,Department of Public Health,2808,Women  Infants and Children Nutrition,0155,RENTAL OF PROPERTY,40949,40949,0
GRANTS,0U74,Women Infants and Children Nutrition,41,Department of Public Health,2808,Women  Infants and Children Nutrition,0157,RENTAL EQUIPMENT AND SERVICES,95500,95500,0
GRANTS,0U74,Women Infants and Children Nutrition,41,Department of Public Health,2808,Women  Infants and Children Nutrition,0169,TECHNICAL MEETING COSTS,5000,5000,0
GRANTS,0U74,Women Infants and Children Nutrition,41,Department of Public Health,2808,Women  Infants and Children Nutrition,0190,TELEPHONE - CENTREX BILLINGS,4100,4100,0
GRANTS,0U74,Women Infants and Children Nutrition,41,Department of Public Health,2808,Women  Infants and Children Nutrition,0331,ELECTRICITY,600,600,0
GRANTS,0U78,High Risk Infant Follow-Up,41,Department of Public Health,280Z,High Risk Infant Follow-Up,0005,SALARIES AND WAGES - ON PAYROLL,0,0,255247
GRANTS,0U78,High Risk Infant Follow-Up,41,Department of Public Health,280Z,High Risk Infant Follow-Up,0011,CONTRACT WAGE - SALARY,0,0,3363
GRANTS,0U78,High Risk Infant Follow-Up,41,Department of Public Health,280Z,High Risk Infant Follow-Up,0044,FRINGE BENEFITS,0,0,147390
GRANTS,0U81,Lead Poisoning Prevention - Childhood Lead Poisoning Prevention,41,Department of Public Health,2804,Childhood Lead Poisoning Prevention,0003,SCHEDULED WAGE ADJUSTMENTS,0,0,8450
GRANTS,0U81,Lead Poisoning Prevention - Childhood Lead Poisoning Prevention,41,Department of Public Health,2804,Childhood Lead Poisoning Prevention,0005,SALARIES AND WAGES - ON PAYROLL,0,0,758274
GRANTS,0U81,Lead Poisoning Prevention - Childhood Lead Poisoning Prevention,41,Department of Public Health,2804,Childhood Lead Poisoning Prevention,0011,CONTRACT WAGE - SALARY,0,0,4042
GRANTS,0U81,Lead Poisoning Prevention - Childhood Lead Poisoning Prevention,41,Department of Public Health,2804,Childhood Lead Poisoning Prevention,0015,SCHEDULE SALARY ADJUSTMENTS,0,0,13344
GRANTS,0U81,Lead Poisoning Prevention - Childhood Lead Poisoning Prevention,41,Department of Public Health,2804,Childhood Lead Poisoning Prevention,0044,FRINGE BENEFITS,0,0,378007
GRANTS,0U81,Lead Poisoning Prevention - Childhood Lead Poisoning Prevention,41,Department of Public Health,2804,Childhood Lead Poisoning Prevention,0135,DELEGATE AGENCIES,4102000,4102000,0
GRANTS,0U81,Lead Poisoning Prevention - Childhood Lead Poisoning Prevention,41,Department of Public Health,2804,Childhood Lead Poisoning Prevention,0140,PROFESSIONAL AND TECHNICAL SERVICES,0,0,1914883
GRANTS,0U83,Community Health Worker Overdose Prevention,41,Department of Public Health,281A,Community Health Worker Overdose Prevention,0140,PROFESSIONAL AND TECHNICAL SERVICES,225000,225000,0
GRANTS,0U84,Local Opioid Overdose Prevention and Response Program (LOOPRP),41,Department of Public Health,281B,Local Opioid Overdose Prevention and Response Program (LOOPRP),0140,PROFESSIONAL AND TECHNICAL SERVICES,85000,85000,0
GRANTS,0U85,Pre-Exposure Prophylaxis (PREP),41,Department of Public Health,281C,Pre-Exposure Prophylaxis (PREP),0140,PROFESSIONAL AND TECHNICAL SERVICES,500000,500000,0
GRANTS,0U86,Overdose Data to Action,41,Department of Public Health,281D,Injury Prevention and Control Research,0005,SALARIES AND WAGES - ON PAYROLL,0,0,342856
GRANTS,0U86,Overdose Data to Action,41,Department of Public Health,281D,Injury Prevention and Control Research,0044,FRINGE BENEFITS,0,0,172178
GRANTS,0U86,Overdose Data to Action,41,Department of Public Health,281D,Injury Prevention and Control Research,0140,PROFESSIONAL AND TECHNICAL SERVICES,3302000,3302000,5263966
GRANTS,0U87,Local Health Department Overdose Surveillance and Response,41,Department of Public Health,281E,Local Health Department Overdose Surveillance and Response,0140,PROFESSIONAL AND TECHNICAL SERVICES,300000,300000,0
GRANTS,0U90,Housing Opportunities for People With AIDS (HOPWA),41,Department of Public Health,2932,Housing Opportunities for People with AIDS (HOPWA),0003,SCHEDULED WAGE ADJUSTMENTS,0,0,3284
GRANTS,0U90,Housing Opportunities for People With AIDS (HOPWA),41,Department of Public Health,2932,Housing Opportunities for People with AIDS (HOPWA),0005,SALARIES AND WAGES - ON PAYROLL,0,0,285308
GRANTS,0U90,Housing Opportunities for People With AIDS (HOPWA),41,Department of Public Health,2932,Housing Opportunities for People with AIDS (HOPWA),0015,SCHEDULE SALARY ADJUSTMENTS,0,0,996
GRANTS,0U90,Housing Opportunities for People With AIDS (HOPWA),41,Department of Public Health,2932,Housing Opportunities for People with AIDS (HOPWA),0044,FRINGE BENEFITS,0,0,128918
GRANTS,0U90,Housing Opportunities for People With AIDS (HOPWA),41,Department of Public Health,2932,Housing Opportunities for People with AIDS (HOPWA),0050,STIPENDS,0,0,3154
GRANTS,0U90,Housing Opportunities for People With AIDS (HOPWA),41,Department of Public Health,2932,Housing Opportunities for People with AIDS (HOPWA),0135,DELEGATE AGENCIES,0,0,9376716
GRANTS,0U90,Housing Opportunities for People With AIDS (HOPWA),41,Department of Public Health,2932,Housing Opportunities for People with AIDS (HOPWA),0138,IT MAINTENANCE,0,0,2277
GRANTS,0U90,Housing Opportunities for People With AIDS (HOPWA),41,Department of Public Health,2932,Housing Opportunities for People with AIDS (HOPWA),0140,PROFESSIONAL AND TECHNICAL SERVICES,0,0,222845
GRANTS,0U90,Housing Opportunities for People With AIDS (HOPWA),41,Department of Public Health,2932,Housing Opportunities for People with AIDS (HOPWA),0150,OUTSIDE GRAPHIC SERVICES,0,0,515
GRANTS,0U90,Housing Opportunities for People With AIDS (HOPWA),41,Department of Public Health,2932,Housing Opportunities for People with AIDS (HOPWA),0190,TELEPHONE - CENTREX BILLINGS,0,0,1244
GRANTS,0U90,Housing Opportunities for People With AIDS (HOPWA),41,Department of Public Health,2932,Housing Opportunities for People with AIDS (HOPWA),0350,STATIONERY AND OFFICE SUPPLIES,0,0,660
GRANTS,0U90,Housing Opportunities for People With AIDS (HOPWA),41,Department of Public Health,2932,Housing Opportunities for People with AIDS (HOPWA),0801,INDIRECT COSTS,0,0,107083
GRANTS,0Z39,Anadarko / Streeterville Removal,41,Department of Public Health,281F,Anadarko / Streeterville Removal,0005,SALARIES AND WAGES - ON PAYROLL,0,0,138495
GRANTS,0U91,Pre-Exposure Prophylaxis (PREP),41,Department of Public Health,281C,Pre-Exposure Prophylaxis (PREP),0140,PROFESSIONAL AND TECHNICAL SERVICES,190000,190000,143000
GRANTS,0U92,Ryan White HIV Care Act - Part A Emergency Relief,41,Department of Public Health,2731,Ryan White HIV Care Act Part A - Emergency Relief,0003,SCHEDULED WAGE ADJUSTMENTS,0,0,35476
GRANTS,0U92,Ryan White HIV Care Act - Part A Emergency Relief,41,Department of Public Health,2731,Ryan White HIV Care Act Part A - Emergency Relief,0005,SALARIES AND WAGES - ON PAYROLL,0,0,2220258
GRANTS,0U92,Ryan White HIV Care Act - Part A Emergency Relief,41,Department of Public Health,2731,Ryan White HIV Care Act Part A - Emergency Relief,0015,SCHEDULE SALARY ADJUSTMENTS,0,0,15074
GRANTS,0U92,Ryan White HIV Care Act - Part A Emergency Relief,41,Department of Public Health,2731,Ryan White HIV Care Act Part A - Emergency Relief,0020,OVERTIME,0,0,15000
GRANTS,0U92,Ryan White HIV Care Act - Part A Emergency Relief,41,Department of Public Health,2731,Ryan White HIV Care Act Part A - Emergency Relief,0044,FRINGE BENEFITS,0,0,1019990
GRANTS,0U92,Ryan White HIV Care Act - Part A Emergency Relief,41,Department of Public Health,2731,Ryan White HIV Care Act Part A - Emergency Relief,0091,UNIFORM ALLOWANCE,0,0,600
GRANTS,0U92,Ryan White HIV Care Act - Part A Emergency Relief,41,Department of Public Health,2731,Ryan White HIV Care Act Part A - Emergency Relief,0135,DELEGATE AGENCIES,0,0,24183602
GRANTS,0U92,Ryan White HIV Care Act - Part A Emergency Relief,41,Department of Public Health,2731,Ryan White HIV Care Act Part A - Emergency Relief,0801,INDIRECT COSTS,0,0,1010000
GRANTS,0U93,Tobacco Free Communities,41,Department of Public Health,2868,Tobacco Free Communities,0003,SCHEDULED WAGE ADJUSTMENTS,0,0,2813
GRANTS,0U93,Tobacco Free Communities,41,Department of Public Health,2868,Tobacco Free Communities,0005,SALARIES AND WAGES - ON PAYROLL,0,0,309546
GRANTS,0U93,Tobacco Free Communities,41,Department of Public Health,2868,Tobacco Free Communities,0015,SCHEDULE SALARY ADJUSTMENTS,0,0,171
GRANTS,0U93,Tobacco Free Communities,41,Department of Public Health,2868,Tobacco Free Communities,0044,FRINGE BENEFITS,0,0,143913
GRANTS,0U93,Tobacco Free Communities,41,Department of Public Health,2868,Tobacco Free Communities,0140,PROFESSIONAL AND TECHNICAL SERVICES,0,0,168557
GRANTS,0U95,Women Infants and Children Nutrition,41,Department of Public Health,2808,Women  Infants and Children Nutrition,0003,SCHEDULED WAGE ADJUSTMENTS,0,0,16744
GRANTS,0U95,Women Infants and Children Nutrition,41,Department of Public Health,2808,Women  Infants and Children Nutrition,0005,SALARIES AND WAGES - ON PAYROLL,0,0,2028935
GRANTS,0U95,Women Infants and Children Nutrition,41,Department of Public Health,2808,Women  Infants and Children Nutrition,0015,SCHEDULE SALARY ADJUSTMENTS,0,0,342
GRANTS,0U95,Women Infants and Children Nutrition,41,Department of Public Health,2808,Women  Infants and Children Nutrition,0044,FRINGE BENEFITS,0,0,919526
GRANTS,0U95,Women Infants and Children Nutrition,41,Department of Public Health,2808,Women  Infants and Children Nutrition,0125,OFFICE AND BUILDING SERVICES,0,0,40195
GRANTS,0U95,Women Infants and Children Nutrition,41,Department of Public Health,2808,Women  Infants and Children Nutrition,0130,POSTAGE,0,0,400
GRANTS,0U95,Women Infants and Children Nutrition,41,Department of Public Health,2808,Women  Infants and Children Nutrition,0138,IT MAINTENANCE,0,0,99425
GRANTS,0U95,Women Infants and Children Nutrition,41,Department of Public Health,2808,Women  Infants and Children Nutrition,0140,PROFESSIONAL AND TECHNICAL SERVICES,0,0,969080
GRANTS,0U95,Women Infants and Children Nutrition,41,Department of Public Health,2808,Women  Infants and Children Nutrition,0150,OUTSIDE GRAPHIC SERVICES,0,0,155733
GRANTS,0U95,Women Infants and Children Nutrition,41,Department of Public Health,2808,Women  Infants and Children Nutrition,0153,PROMOTIONS,0,0,173471
GRANTS,0U95,Women Infants and Children Nutrition,41,Department of Public Health,2808,Women  Infants and Children Nutrition,0155,RENTAL OF PROPERTY,0,0,140949
GRANTS,0U95,Women Infants and Children Nutrition,41,Department of Public Health,2808,Women  Infants and Children Nutrition,0157,RENTAL EQUIPMENT AND SERVICES,0,0,95500
GRANTS,0U95,Women Infants and Children Nutrition,41,Department of Public Health,2808,Women  Infants and Children Nutrition,0169,TECHNICAL MEETING COSTS,0,0,5000
GRANTS,0U95,Women Infants and Children Nutrition,41,Department of Public Health,2808,Women  Infants and Children Nutrition,0190,TELEPHONE - CENTREX BILLINGS,0,0,4100
GRANTS,0U95,Women Infants and Children Nutrition,41,Department of Public Health,2808,Women  Infants and Children Nutrition,0331,ELECTRICITY,0,0,50600
GRANTS,0U96,Dating Matters,41,Department of Public Health,2713,Dating Matters,0140,PROFESSIONAL AND TECHNICAL SERVICES,0,0,20000
GRANTS,0U97,Adult Viral Hepatitis,41,Department of Public Health,2979,Adult Viral Hepatitis,0003,SCHEDULED WAGE ADJUSTMENTS,0,0,2543
GRANTS,0U97,Adult Viral Hepatitis,41,Department of Public Health,2979,Adult Viral Hepatitis,0005,SALARIES AND WAGES - ON PAYROLL,0,0,65766
GRANTS,0U97,Adult Viral Hepatitis,41,Department of Public Health,2979,Adult Viral Hepatitis,0015,SCHEDULE SALARY ADJUSTMENTS,0,0,2266
GRANTS,0U97,Adult Viral Hepatitis,41,Department of Public Health,2979,Adult Viral Hepatitis,0044,FRINGE BENEFITS,0,0,29717
GRANTS,0U97,Adult Viral Hepatitis,41,Department of Public Health,2979,Adult Viral Hepatitis,0140,PROFESSIONAL AND TECHNICAL SERVICES,0,0,2708
GRANTS,0U98,Underground Storage Tank Inspection,41,Department of Public Health,2720,Underground Storage Tank Inspection,0003,SCHEDULED WAGE ADJUSTMENTS,0,0,4140
GRANTS,0U98,Underground Storage Tank Inspection,41,Department of Public Health,2720,Underground Storage Tank Inspection,0005,SALARIES AND WAGES - ON PAYROLL,0,0,368122
GRANTS,0U98,Underground Storage Tank Inspection,41,Department of Public Health,2720,Underground Storage Tank Inspection,0015,SCHEDULE SALARY ADJUSTMENTS,0,0,2436
GRANTS,0U98,Underground Storage Tank Inspection,41,Department of Public Health,2720,Underground Storage Tank Inspection,0044,FRINGE BENEFITS,0,0,175302
GRANTS,0X16,Solid Waste Management,41,Department of Public Health,2722,Solid Waste Management,0003,SCHEDULED WAGE ADJUSTMENTS,0,0,3136
GRANTS,0X16,Solid Waste Management,41,Department of Public Health,2722,Solid Waste Management,0005,SALARIES AND WAGES - ON PAYROLL,83628,83628,81119
GRANTS,0X16,Solid Waste Management,41,Department of Public Health,2722,Solid Waste Management,0006,SALARY PROVISION,0,0,139864
GRANTS,0X16,Solid Waste Management,41,Department of Public Health,2722,Solid Waste Management,0044,FRINGE BENEFITS,33903,33903,36654
GRANTS,0X16,Solid Waste Management,41,Department of Public Health,2722,Solid Waste Management,0140,PROFESSIONAL AND TECHNICAL SERVICES,72000,72000,0
GRANTS,0X16,Solid Waste Management,41,Department of Public Health,2722,Solid Waste Management,0801,INDIRECT COSTS,25469,25469,25227
GRANTS,0X27,Tuberculosis Control,41,Department of Public Health,2824,Tuberculosis Control,0005,SALARIES AND WAGES - ON PAYROLL,556847,556847,0
GRANTS,0X27,Tuberculosis Control,41,Department of Public Health,2824,Tuberculosis Control,0011,CONTRACT WAGE - SALARY,7155,7155,0
GRANTS,0X27,Tuberculosis Control,41,Department of Public Health,2824,Tuberculosis Control,0015,SCHEDULE SALARY ADJUSTMENTS,3870,3870,0
GRANTS,0X27,Tuberculosis Control,41,Department of Public Health,2824,Tuberculosis Control,0044,FRINGE BENEFITS,232727,232727,0
GRANTS,0X27,Tuberculosis Control,41,Department of Public Health,2824,Tuberculosis Control,0140,PROFESSIONAL AND TECHNICAL SERVICES,227401,227401,0
GRANTS,0X42,HIV Behavioral Surveillance,41,Department of Public Health,2978,HIV Behavioral Surveillance,0005,SALARIES AND WAGES - ON PAYROLL,85403,85403,91164
GRANTS,0X42,HIV Behavioral Surveillance,41,Department of Public Health,2978,HIV Behavioral Surveillance,0015,SCHEDULE SALARY ADJUSTMENTS,2780,2780,0
GRANTS,0X42,HIV Behavioral Surveillance,41,Department of Public Health,2978,HIV Behavioral Surveillance,0044,FRINGE BENEFITS,35693,35693,41193
GRANTS,0X42,HIV Behavioral Surveillance,41,Department of Public Health,2978,HIV Behavioral Surveillance,0140,PROFESSIONAL AND TECHNICAL SERVICES,339124,339124,367643
GRANTS,0X47,Building & Strengthening Epidemiology & Health It Capacity - Ebola Supplement,41,Department of Public Health,280K,Building & Strengthening Epidemiology and Health IT Capacity - Ebola Supplement,0140,PROFESSIONAL AND TECHNICAL SERVICES,750000,750000,0
GRANTS,0X52,Reduce HIV and Improve Care for MSM and Transgender People,41,Department of Public Health,2737,Reduce HIV and Improve Care for MSM and Transgender People,0006,SALARY PROVISION,200000,200000,0
GRANTS,0X52,Reduce HIV and Improve Care for MSM and Transgender People,41,Department of Public Health,2737,Reduce HIV and Improve Care for MSM and Transgender People,0135,DELEGATE AGENCIES,1078000,1078000,0
GRANTS,0X52,Reduce HIV and Improve Care for MSM and Transgender People,41,Department of Public Health,2737,Reduce HIV and Improve Care for MSM and Transgender People,0140,PROFESSIONAL AND TECHNICAL SERVICES,668900,668900,0
GRANTS,0X52,Reduce HIV and Improve Care for MSM and Transgender People,41,Department of Public Health,2737,Reduce HIV and Improve Care for MSM and Transgender People,0801,INDIRECT COSTS,60100,60100,0
GRANTS,0X60,Hospital Preparedness Program (HPP),41,Department of Public Health,2883,Hospital Preparedness Program (HPP),0005,SALARIES AND WAGES - ON PAYROLL,422855,422855,0
GRANTS,0X60,Hospital Preparedness Program (HPP),41,Department of Public Health,2883,Hospital Preparedness Program (HPP),0044,FRINGE BENEFITS,181443,181443,0
GRANTS,0X60,Hospital Preparedness Program (HPP),41,Department of Public Health,2883,Hospital Preparedness Program (HPP),0135,DELEGATE AGENCIES,2790000,2790000,0
GRANTS,0X60,Hospital Preparedness Program (HPP),41,Department of Public Health,2883,Hospital Preparedness Program (HPP),0140,PROFESSIONAL AND TECHNICAL SERVICES,1317110,1317110,469000
GRANTS,0X60,Hospital Preparedness Program (HPP),41,Department of Public Health,2883,Hospital Preparedness Program (HPP),0801,INDIRECT COSTS,181592,181592,0
GRANTS,0X61,Public Health Emergency Preparedness (PHEP),41,Department of Public Health,2829,Emergency Preparedness,0005,SALARIES AND WAGES - ON PAYROLL,3330742,3330742,0
GRANTS,0X61,Public Health Emergency Preparedness (PHEP),41,Department of Public Health,2829,Emergency Preparedness,0015,SCHEDULE SALARY ADJUSTMENTS,18398,18398,0
GRANTS,0X61,Public Health Emergency Preparedness (PHEP),41,Department of Public Health,2829,Emergency Preparedness,0044,FRINGE BENEFITS,10998,10998,0
GRANTS,0X61,Public Health Emergency Preparedness (PHEP),41,Department of Public Health,2829,Emergency Preparedness,0140,PROFESSIONAL AND TECHNICAL SERVICES,5140229,5140229,632000
GRANTS,0X61,Public Health Emergency Preparedness (PHEP),41,Department of Public Health,2829,Emergency Preparedness,0245,REIMBURSEMENT TO TRAVELERS,3021,3021,0
GRANTS,0X61,Public Health Emergency Preparedness (PHEP),41,Department of Public Health,2829,Emergency Preparedness,0270,LOCAL TRANSPORTATION,1290,1290,0
GRANTS,0X61,Public Health Emergency Preparedness (PHEP),41,Department of Public Health,2829,Emergency Preparedness,0340,MATERIAL AND SUPPLIES,33013,33013,0
GRANTS,0X61,Public Health Emergency Preparedness (PHEP),41,Department of Public Health,2829,Emergency Preparedness,0342,DRUGS  MEDICINE AND CHEMICAL MATERIALS,17485,17485,0
GRANTS,0X61,Public Health Emergency Preparedness (PHEP),41,Department of Public Health,2829,Emergency Preparedness,0801,INDIRECT COSTS,697306,697306,0
GRANTS,0X61,Public Health Emergency Preparedness (PHEP),41,Department of Public Health,2829,Emergency Preparedness,0999,CULTURAL PROGRAMMING GRANTS,693518,693518,0
GRANTS,0X63,Building Epidemiology and Health It Capacity,41,Department of Public Health,2710,Building Epidemiology and Health IT Capacity,0006,SALARY PROVISION,522585,522585,0
GRANTS,0X63,Building Epidemiology and Health It Capacity,41,Department of Public Health,2710,Building Epidemiology and Health IT Capacity,0135,DELEGATE AGENCIES,21128,165872,0
GRANTS,0X63,Building Epidemiology and Health It Capacity,41,Department of Public Health,2710,Building Epidemiology and Health IT Capacity,0140,PROFESSIONAL AND TECHNICAL SERVICES,172384,27640,0
GRANTS,0X63,Building Epidemiology and Health It Capacity,41,Department of Public Health,2710,Building Epidemiology and Health IT Capacity,0245,REIMBURSEMENT TO TRAVELERS,18775,18775,0
GRANTS,0X63,Building Epidemiology and Health It Capacity,41,Department of Public Health,2710,Building Epidemiology and Health IT Capacity,0340,MATERIAL AND SUPPLIES,15128,15128,0
GRANTS,0X71,HOPWA Housing and Health Study,41,Department of Public Health,2961,HOPWA Housing and Health Study Program,0135,DELEGATE AGENCIES,1484000,1484000,0
GRANTS,0X71,HOPWA Housing and Health Study,41,Department of Public Health,2961,HOPWA Housing and Health Study Program,0140,PROFESSIONAL AND TECHNICAL SERVICES,0,0,989000
GRANTS,0X74,Housing Opportunities for People with AIDS,41,Department of Public Health,2932,Housing Opportunities for People with AIDS (HOPWA),0140,PROFESSIONAL AND TECHNICAL SERVICES,710000,710000,709000
GRANTS,0X75,Immunizations and Vaccines for Children,41,Department of Public Health,2820,Vaccine Preventable Diseases,0135,DELEGATE AGENCIES,2722000,2722000,0
GRANTS,0X75,Immunizations and Vaccines for Children,41,Department of Public Health,2820,Vaccine Preventable Diseases,0140,PROFESSIONAL AND TECHNICAL SERVICES,543000,543000,0
GRANTS,0X76,Lead Based Paint Hazard Control (Torrens Fund),41,Department of Public Health,2884,Lead Based Paint Hazard Control (Torrens Fund),0140,PROFESSIONAL AND TECHNICAL SERVICES,250000,250000,250000
GRANTS,0X78,Maternal and Child Health Block Grant,41,Department of Public Health,2910,Maternal and Child Health Block Grant,0140,PROFESSIONAL AND TECHNICAL SERVICES,235000,235000,0
GRANTS,0X79,Morbidity and Risk Behavior Surveillance,41,Department of Public Health,2887,Morbidity and Risk Behavior Surveillance,0005,SALARIES AND WAGES - ON PAYROLL,282093,282093,0
GRANTS,0X79,Morbidity and Risk Behavior Surveillance,41,Department of Public Health,2887,Morbidity and Risk Behavior Surveillance,0044,FRINGE BENEFITS,117748,117748,0
GRANTS,0X79,Morbidity and Risk Behavior Surveillance,41,Department of Public Health,2887,Morbidity and Risk Behavior Surveillance,0140,PROFESSIONAL AND TECHNICAL SERVICES,345159,345159,350000
GRANTS,0X84,Summer Food Program,41,Department of Public Health,2984,Summer Food Program,0140,PROFESSIONAL AND TECHNICAL SERVICES,62000,62000,0
GRANTS,0X86,Body Art and Tanning Inspection Program,41,Department of Public Health,2998,Body Art and Tanning Inspection,0140,PROFESSIONAL AND TECHNICAL SERVICES,78000,78000,0
GRANTS,0X92,Teen Pregnancy Prevention Evaluation,41,Department of Public Health,280G,Teen Pregnancy Prevention Evaluation,0135,DELEGATE AGENCIES,1500000,1500000,0
GRANTS,0X92,Teen Pregnancy Prevention Evaluation,41,Department of Public Health,280G,Teen Pregnancy Prevention Evaluation,0140,PROFESSIONAL AND TECHNICAL SERVICES,0,0,1000000
GRANTS,0X95,Increasing HPV Vaccine Coverage,41,Department of Public Health,280N,HPV Vaccine Coverage,0140,PROFESSIONAL AND TECHNICAL SERVICES,193000,193000,0
GRANTS,0X96,Healthy Chicago 2.0,41,Department of Public Health,280M,Healthy Chicago 2.0,0140,PROFESSIONAL AND TECHNICAL SERVICES,20000,20000,0
GRANTS,0X97,Adult Viral Hepatitis,41,Department of Public Health,2979,Adult Viral Hepatitis,0005,SALARIES AND WAGES - ON PAYROLL,57748,57748,0
GRANTS,0X97,Adult Viral Hepatitis,41,Department of Public Health,2979,Adult Viral Hepatitis,0044,FRINGE BENEFITS,26231,26231,0
GRANTS,0X97,Adult Viral Hepatitis,41,Department of Public Health,2979,Adult Viral Hepatitis,0140,PROFESSIONAL AND TECHNICAL SERVICES,172021,172021,52000
GRANTS,0X99,Resiliency in Communities After Stress and Trauma,41,Department of Public Health,280P,Resiliency in Communities After Stress and Trauma,0003,SCHEDULED WAGE ADJUSTMENTS,0,0,3441
GRANTS,0X99,Resiliency in Communities After Stress and Trauma,41,Department of Public Health,280P,Resiliency in Communities After Stress and Trauma,0005,SALARIES AND WAGES - ON PAYROLL,158822,158822,167581
GRANTS,0X99,Resiliency in Communities After Stress and Trauma,41,Department of Public Health,280P,Resiliency in Communities After Stress and Trauma,0015,SCHEDULE SALARY ADJUSTMENTS,1695,1695,2289
GRANTS,0X99,Resiliency in Communities After Stress and Trauma,41,Department of Public Health,280P,Resiliency in Communities After Stress and Trauma,0044,FRINGE BENEFITS,65314,65314,75723
GRANTS,0X99,Resiliency in Communities After Stress and Trauma,41,Department of Public Health,280P,Resiliency in Communities After Stress and Trauma,0140,PROFESSIONAL AND TECHNICAL SERVICES,1481306,1481306,1673966
GRANTS,0X99,Resiliency in Communities After Stress and Trauma,41,Department of Public Health,280P,Resiliency in Communities After Stress and Trauma,0801,INDIRECT COSTS,67863,67863,77000
GRANTS,0Z39,Anadarko / Streeterville Removal,41,Department of Public Health,281F,Anadarko / Streeterville Removal,0003,SCHEDULED WAGE ADJUSTMENTS,0,0,2211
GRANTS,0Z39,Anadarko / Streeterville Removal,41,Department of Public Health,281F,Anadarko / Streeterville Removal,0015,SCHEDULE SALARY ADJUSTMENTS,0,0,1404
GRANTS,0Z39,Anadarko / Streeterville Removal,41,Department of Public Health,281F,Anadarko / Streeterville Removal,0044,FRINGE BENEFITS,0,0,61890
GRANTS,0833,MOPD Private Funded Programs,48,Mayor's Office for People with Disabilities,2800,Amplified Phones Program (ITAC/TTY),0140,PROFESSIONAL AND TECHNICAL SERVICES,0,-27000,0
GRANTS,0833,MOPD Private Funded Programs,48,Mayor's Office for People with Disabilities,2800,Amplified Phones Program (ITAC/TTY),0166,"DUES, SUBSCRIPTIONS AND MEMBERSHIPS",0,200,0
GRANTS,0833,MOPD Private Funded Programs,48,Mayor's Office for People with Disabilities,2800,Amplified Phones Program (ITAC/TTY),0169,TECHNICAL MEETING COSTS,0,4000,0
GRANTS,0833,MOPD Private Funded Programs,48,Mayor's Office for People with Disabilities,2800,Amplified Phones Program (ITAC/TTY),0178,FREIGHT AND EXPRESS CHARGES,0,500,0
GRANTS,0833,MOPD Private Funded Programs,48,Mayor's Office for People with Disabilities,2800,Amplified Phones Program (ITAC/TTY),0245,REIMBURSEMENT TO TRAVELERS,0,1500,0
GRANTS,0833,MOPD Private Funded Programs,48,Mayor's Office for People with Disabilities,2800,Amplified Phones Program (ITAC/TTY),0270,LOCAL TRANSPORTATION,0,2700,0
GRANTS,0833,MOPD Private Funded Programs,48,Mayor's Office for People with Disabilities,2800,Amplified Phones Program (ITAC/TTY),0330,FOOD,0,10000,0
GRANTS,0833,MOPD Private Funded Programs,48,Mayor's Office for People with Disabilities,2800,Amplified Phones Program (ITAC/TTY),0340,MATERIAL AND SUPPLIES,0,8100,0
GRANTS,0833,MOPD Private Funded Programs,48,Mayor's Office for People with Disabilities,2819,MOPD - Private Grants,0140,PROFESSIONAL AND TECHNICAL SERVICES,168000,168000,222000
GRANTS,0833,MOPD Private Funded Programs,48,Mayor's Office for People with Disabilities,2820,Empowered Cities Initiative,0140,PROFESSIONAL AND TECHNICAL SERVICES,0,0,200000
GRANTS,0J87,CHA Home Modification Program,48,Mayor's Office for People with Disabilities,2818,CHA Home Modification Program,0140,PROFESSIONAL AND TECHNICAL SERVICES,92000,92000,184000
GRANTS,0W64,Work Incentive Planning and Assistance,48,Mayor's Office for People with Disabilities,2812,Work Incentive Planning and Assistance,0005,SALARIES AND WAGES - ON PAYROLL,0,0,143428
GRANTS,0W64,Work Incentive Planning and Assistance,48,Mayor's Office for People with Disabilities,2812,Work Incentive Planning and Assistance,0044,FRINGE BENEFITS,0,0,64809
GRANTS,0W64,Work Incentive Planning and Assistance,48,Mayor's Office for People with Disabilities,2812,Work Incentive Planning and Assistance,0801,INDIRECT COSTS,0,0,3763
GRANTS,0W78,RTA - ADA Certification Appeals,48,Mayor's Office for People with Disabilities,2832,RTA - ADA Certification Appeals Program,0140,PROFESSIONAL AND TECHNICAL SERVICES,10000,10000,7950
GRANTS,0W78,RTA - ADA Certification Appeals,48,Mayor's Office for People with Disabilities,2832,RTA - ADA Certification Appeals Program,0270,LOCAL TRANSPORTATION,0,0,2750
GRANTS,0W78,RTA - ADA Certification Appeals,48,Mayor's Office for People with Disabilities,2832,RTA - ADA Certification Appeals Program,0340,MATERIAL AND SUPPLIES,0,0,3300
GRANTS,0W79,Substance Abuse Prevention,48,Mayor's Office for People with Disabilities,2805,Substance Abuse Prevention,0003,SCHEDULED WAGE ADJUSTMENTS,0,0,3136
GRANTS,0W79,Substance Abuse Prevention,48,Mayor's Office for People with Disabilities,2805,Substance Abuse Prevention,0005,SALARIES AND WAGES - ON PAYROLL,0,0,151970
GRANTS,0W79,Substance Abuse Prevention,48,Mayor's Office for People with Disabilities,2805,Substance Abuse Prevention,0044,FRINGE BENEFITS,0,0,70894
GRANTS,0Z19,Substance Abuse Prevention,48,Mayor's Office for People with Disabilities,2805,Substance Abuse Prevention,0006,SALARY PROVISION,55000,55000,0
GRANTS,0Z21,Substance Abuse Prevention,48,Mayor's Office for People with Disabilities,2805,Substance Abuse Prevention,0006,SALARY PROVISION,170000,170000,0
GRANTS,0Z22,Work Incentive Planning and Assistance,48,Mayor's Office for People with Disabilities,2812,Work Incentive Planning and Assistance,0006,SALARY PROVISION,212000,212000,0
GRANTS,0Z40,Work Incentive Planning and Assistance,48,Mayor's Office for People with Disabilities,2812,Work Incentive Planning and Assistance,0005,SALARIES AND WAGES - ON PAYROLL,138298,138298,0
GRANTS,0Z40,Work Incentive Planning and Assistance,48,Mayor's Office for People with Disabilities,2812,Work Incentive Planning and Assistance,0006,SALARY PROVISION,0,0,212000
GRANTS,0Z40,Work Incentive Planning and Assistance,48,Mayor's Office for People with Disabilities,2812,Work Incentive Planning and Assistance,0044,FRINGE BENEFITS,58767,58767,0
GRANTS,0Z40,Work Incentive Planning and Assistance,48,Mayor's Office for People with Disabilities,2812,Work Incentive Planning and Assistance,0801,INDIRECT COSTS,14935,14935,0
GRANTS,0Z41,Substance Abuse Prevention,48,Mayor's Office for People with Disabilities,2805,Substance Abuse Prevention,0005,SALARIES AND WAGES - ON PAYROLL,121050,121050,0
GRANTS,0Z41,Substance Abuse Prevention,48,Mayor's Office for People with Disabilities,2805,Substance Abuse Prevention,0006,SALARY PROVISION,0,0,186000
GRANTS,0Z41,Substance Abuse Prevention,48,Mayor's Office for People with Disabilities,2805,Substance Abuse Prevention,0044,FRINGE BENEFITS,64950,64950,0
GRANTS,0Z47,Substance Abuse Prevention,48,Mayor's Office for People with Disabilities,2805,Substance Abuse Prevention,0006,SALARY PROVISION,40000,40000,40000
GRANTS,0168,Winter Shelter for the Homeless,50,Department of Family and Support Services,2822,Warming Center Program - Service Tax Trust Fund,0135,DELEGATE AGENCIES,15000,15000,35000
GRANTS,0N25,Community Services Block Grant,50,Department of Family and Support Services,2805,Community Services Block Grant,0140,PROFESSIONAL AND TECHNICAL SERVICES,0,0,2662000
GRANTS,0P64,DFSS - Private Grants,50,Department of Family and Support Services,2837,DFSS - Private Grants,0140,PROFESSIONAL AND TECHNICAL SERVICES,200000,200000,250000
GRANTS,0T70,Early Childhood Block Grant,50,Department of Family and Support Services,2962,Early Childhood Block Grant,0135,DELEGATE AGENCIES,2000000,2000000,0
GRANTS,0T73,Area Plan on Aging,50,Department of Family and Support Services,2904,Area Plan on Aging,0006,SALARY PROVISION,5395477,5395477,0
GRANTS,0T73,Area Plan on Aging,50,Department of Family and Support Services,2904,Area Plan on Aging,0130,POSTAGE,5163,5163,0
GRANTS,0T73,Area Plan on Aging,50,Department of Family and Support Services,2904,Area Plan on Aging,0135,DELEGATE AGENCIES,7389000,7389000,0
GRANTS,0T73,Area Plan on Aging,50,Department of Family and Support Services,2904,Area Plan on Aging,0159,LEASE/PURCHASE EQUIPMENT,750,750,0
GRANTS,0T73,Area Plan on Aging,50,Department of Family and Support Services,2904,Area Plan on Aging,0166,"DUES, SUBSCRIPTIONS AND MEMBERSHIPS",1000,1000,0
GRANTS,0T73,Area Plan on Aging,50,Department of Family and Support Services,2904,Area Plan on Aging,0169,TECHNICAL MEETING COSTS,1099,1099,0
GRANTS,0T73,Area Plan on Aging,50,Department of Family and Support Services,2904,Area Plan on Aging,0190,TELEPHONE - CENTREX BILLINGS,10863,10863,0
GRANTS,0T73,Area Plan on Aging,50,Department of Family and Support Services,2904,Area Plan on Aging,0197,TELEPHONE - MAINTENANCE,2573,2573,0
GRANTS,0T73,Area Plan on Aging,50,Department of Family and Support Services,2904,Area Plan on Aging,0245,REIMBURSEMENT TO TRAVELERS,1000,1000,0
GRANTS,0T73,Area Plan on Aging,50,Department of Family and Support Services,2904,Area Plan on Aging,0270,LOCAL TRANSPORTATION,1000,1000,0
GRANTS,0T73,Area Plan on Aging,50,Department of Family and Support Services,2904,Area Plan on Aging,0340,MATERIAL AND SUPPLIES,12116,12116,0
GRANTS,0T73,Area Plan on Aging,50,Department of Family and Support Services,2904,Area Plan on Aging,0350,STATIONERY AND OFFICE SUPPLIES,4500,4500,0
GRANTS,0T73,Area Plan on Aging,50,Department of Family and Support Services,2904,Area Plan on Aging,9651,REIMBURSEMENT - INDIRECT COSTS,621459,621459,0
GRANTS,0T74,Area Plan on Aging - State,50,Department of Family and Support Services,2903,Area Plan on Aging,0006,SALARY PROVISION,1600000,1600000,0
GRANTS,0T74,Area Plan on Aging - State,50,Department of Family and Support Services,2903,Area Plan on Aging,0130,POSTAGE,16819,16819,0
GRANTS,0T74,Area Plan on Aging - State,50,Department of Family and Support Services,2903,Area Plan on Aging,0135,DELEGATE AGENCIES,2678114,2678114,0
GRANTS,0T74,Area Plan on Aging - State,50,Department of Family and Support Services,2903,Area Plan on Aging,0140,PROFESSIONAL AND TECHNICAL SERVICES,1627000,1627000,0
GRANTS,0T74,Area Plan on Aging - State,50,Department of Family and Support Services,2903,Area Plan on Aging,0150,OUTSIDE GRAPHIC SERVICES,1000,1000,0
GRANTS,0T74,Area Plan on Aging - State,50,Department of Family and Support Services,2903,Area Plan on Aging,0165,GRAPHIC DESIGN SERV,8000,8000,0
GRANTS,0T74,Area Plan on Aging - State,50,Department of Family and Support Services,2903,Area Plan on Aging,0169,TECHNICAL MEETING COSTS,4000,4000,0
GRANTS,0T74,Area Plan on Aging - State,50,Department of Family and Support Services,2903,Area Plan on Aging,0190,TELEPHONE - CENTREX BILLINGS,29567,29567,0
GRANTS,0T74,Area Plan on Aging - State,50,Department of Family and Support Services,2903,Area Plan on Aging,0229,TRANSPORTATION AND EXPENSE ALLOWANCE,2000,2000,0
GRANTS,0T74,Area Plan on Aging - State,50,Department of Family and Support Services,2903,Area Plan on Aging,0270,LOCAL TRANSPORTATION,1000,1000,0
GRANTS,0T74,Area Plan on Aging - State,50,Department of Family and Support Services,2903,Area Plan on Aging,0350,STATIONERY AND OFFICE SUPPLIES,32500,32500,0
GRANTS,0T76,Services to Victims of Domestic Violence,50,Department of Family and Support Services,2923,Chicago Domestic Violence Help Line,0135,DELEGATE AGENCIES,304000,304000,0
GRANTS,0T77,Child Care Services,50,Department of Family and Support Services,2943,Child Care Services,0006,SALARY PROVISION,1050000,1050000,0
GRANTS,0T77,Child Care Services,50,Department of Family and Support Services,2943,Child Care Services,0135,DELEGATE AGENCIES,9396000,9396000,0
GRANTS,0T77,Child Care Services,50,Department of Family and Support Services,2943,Child Care Services,0140,PROFESSIONAL AND TECHNICAL SERVICES,50000,50000,0
GRANTS,0T77,Child Care Services,50,Department of Family and Support Services,2943,Child Care Services,0350,STATIONERY AND OFFICE SUPPLIES,4000,4000,0
GRANTS,0T79,Head Start and Early Head Start,50,Department of Family and Support Services,2860,Head Start and Early Head Start,0006,SALARY PROVISION,6650000,6650000,0
GRANTS,0T79,Head Start and Early Head Start,50,Department of Family and Support Services,2860,Head Start and Early Head Start,0130,POSTAGE,10244000,10244000,0
GRANTS,0T79,Head Start and Early Head Start,50,Department of Family and Support Services,2860,Head Start and Early Head Start,0135,DELEGATE AGENCIES,81000000,81000000,0
GRANTS,0T79,Head Start and Early Head Start,50,Department of Family and Support Services,2860,Head Start and Early Head Start,0140,PROFESSIONAL AND TECHNICAL SERVICES,12761413,12761413,0
GRANTS,0T79,Head Start and Early Head Start,50,Department of Family and Support Services,2860,Head Start and Early Head Start,0152,ADVERTISING,485000,485000,0
GRANTS,0T79,Head Start and Early Head Start,50,Department of Family and Support Services,2860,Head Start and Early Head Start,0159,LEASE/PURCHASE EQUIPMENT,40289,40289,0
GRANTS,0T79,Head Start and Early Head Start,50,Department of Family and Support Services,2860,Head Start and Early Head Start,0166,"DUES, SUBSCRIPTIONS AND MEMBERSHIPS",1632030,1632030,0
GRANTS,0T79,Head Start and Early Head Start,50,Department of Family and Support Services,2860,Head Start and Early Head Start,0169,TECHNICAL MEETING COSTS,45000,45000,0
GRANTS,0T79,Head Start and Early Head Start,50,Department of Family and Support Services,2860,Head Start and Early Head Start,0190,TELEPHONE - CENTREX BILLINGS,45797,45797,0
GRANTS,0T79,Head Start and Early Head Start,50,Department of Family and Support Services,2860,Head Start and Early Head Start,0197,TELEPHONE - MAINTENANCE,4563,4563,0
GRANTS,0T79,Head Start and Early Head Start,50,Department of Family and Support Services,2860,Head Start and Early Head Start,0245,REIMBURSEMENT TO TRAVELERS,10000,10000,0
GRANTS,0T79,Head Start and Early Head Start,50,Department of Family and Support Services,2860,Head Start and Early Head Start,0270,LOCAL TRANSPORTATION,5000,5000,0
GRANTS,0T79,Head Start and Early Head Start,50,Department of Family and Support Services,2860,Head Start and Early Head Start,0348,BOOKS AND RELATED MATERIAL,450000,450000,0
GRANTS,0T79,Head Start and Early Head Start,50,Department of Family and Support Services,2860,Head Start and Early Head Start,0350,STATIONERY AND OFFICE SUPPLIES,45000,45000,0
GRANTS,0T79,Head Start and Early Head Start,50,Department of Family and Support Services,2860,Head Start and Early Head Start,0801,INDIRECT COSTS,5809908,5809908,0
GRANTS,0T80,Early Head Start Initiative,50,Department of Family and Support Services,2857,Head Start and Early Head Start,0006,SALARY PROVISION,915000,915000,0
GRANTS,0T80,Early Head Start Initiative,50,Department of Family and Support Services,2857,Head Start and Early Head Start,0130,POSTAGE,2303000,2303000,0
GRANTS,0T80,Early Head Start Initiative,50,Department of Family and Support Services,2857,Head Start and Early Head Start,0135,DELEGATE AGENCIES,12650878,12650878,0
GRANTS,0T80,Early Head Start Initiative,50,Department of Family and Support Services,2857,Head Start and Early Head Start,0140,PROFESSIONAL AND TECHNICAL SERVICES,2923000,2923000,0
GRANTS,0T80,Early Head Start Initiative,50,Department of Family and Support Services,2857,Head Start and Early Head Start,0159,LEASE/PURCHASE EQUIPMENT,1250,1250,0
GRANTS,0T80,Early Head Start Initiative,50,Department of Family and Support Services,2857,Head Start and Early Head Start,0166,"DUES, SUBSCRIPTIONS AND MEMBERSHIPS",208001,208001,0
GRANTS,0T80,Early Head Start Initiative,50,Department of Family and Support Services,2857,Head Start and Early Head Start,0190,TELEPHONE - CENTREX BILLINGS,20146,20146,0
GRANTS,0T80,Early Head Start Initiative,50,Department of Family and Support Services,2857,Head Start and Early Head Start,0197,TELEPHONE - MAINTENANCE,425,425,0
GRANTS,0T80,Early Head Start Initiative,50,Department of Family and Support Services,2857,Head Start and Early Head Start,0801,INDIRECT COSTS,876300,876300,0
GRANTS,0T81,Early Head Start - Child Partnership,50,Department of Family and Support Services,2956,Early Head Start - Child Care Partnership,0006,SALARY PROVISION,301183,301183,0
GRANTS,0T81,Early Head Start - Child Partnership,50,Department of Family and Support Services,2956,Early Head Start - Child Care Partnership,0135,DELEGATE AGENCIES,20648300,20648300,0
GRANTS,0T81,Early Head Start - Child Partnership,50,Department of Family and Support Services,2956,Early Head Start - Child Care Partnership,0140,PROFESSIONAL AND TECHNICAL SERVICES,575847,575847,0
GRANTS,0T81,Early Head Start - Child Partnership,50,Department of Family and Support Services,2956,Early Head Start - Child Care Partnership,0159,LEASE/PURCHASE EQUIPMENT,890,890,0
GRANTS,0T81,Early Head Start - Child Partnership,50,Department of Family and Support Services,2956,Early Head Start - Child Care Partnership,0166,"DUES, SUBSCRIPTIONS AND MEMBERSHIPS",372530,372530,0
GRANTS,0T81,Early Head Start - Child Partnership,50,Department of Family and Support Services,2956,Early Head Start - Child Care Partnership,0169,TECHNICAL MEETING COSTS,1100,1100,0
GRANTS,0T81,Early Head Start - Child Partnership,50,Department of Family and Support Services,2956,Early Head Start - Child Care Partnership,0245,REIMBURSEMENT TO TRAVELERS,2400,2400,0
GRANTS,0T81,Early Head Start - Child Partnership,50,Department of Family and Support Services,2956,Early Head Start - Child Care Partnership,0270,LOCAL TRANSPORTATION,250,250,0
GRANTS,0T81,Early Head Start - Child Partnership,50,Department of Family and Support Services,2956,Early Head Start - Child Care Partnership,0348,BOOKS AND RELATED MATERIAL,25000,25000,0
GRANTS,0T81,Early Head Start - Child Partnership,50,Department of Family and Support Services,2956,Early Head Start - Child Care Partnership,0350,STATIONERY AND OFFICE SUPPLIES,2500,2500,0
GRANTS,0T81,Early Head Start - Child Partnership,50,Department of Family and Support Services,2956,Early Head Start - Child Care Partnership,0801,INDIRECT COSTS,383000,383000,0
GRANTS,0T82,Elder Abuse and Neglect,50,Department of Family and Support Services,2846,Elder Abuse and Neglect,0006,SALARY PROVISION,79000,79000,0
GRANTS,0T83,Emergency and Transitional Housing,50,Department of Family and Support Services,2942,Emergency and Transitional Housing,0006,SALARY PROVISION,106000,106000,0
GRANTS,0T83,Emergency and Transitional Housing,50,Department of Family and Support Services,2942,Emergency and Transitional Housing,0135,DELEGATE AGENCIES,2077935,2077935,0
GRANTS,0T83,Emergency and Transitional Housing,50,Department of Family and Support Services,2942,Emergency and Transitional Housing,0140,PROFESSIONAL AND TECHNICAL SERVICES,1000,1000,0
GRANTS,0T83,Emergency and Transitional Housing,50,Department of Family and Support Services,2942,Emergency and Transitional Housing,0155,RENTAL OF PROPERTY,35000,35000,0
GRANTS,0T83,Emergency and Transitional Housing,50,Department of Family and Support Services,2942,Emergency and Transitional Housing,0157,RENTAL EQUIPMENT AND SERVICES,4195,4195,0
GRANTS,0T83,Emergency and Transitional Housing,50,Department of Family and Support Services,2942,Emergency and Transitional Housing,0159,LEASE/PURCHASE EQUIPMENT,4150,4150,0
GRANTS,0T83,Emergency and Transitional Housing,50,Department of Family and Support Services,2942,Emergency and Transitional Housing,0190,TELEPHONE - CENTREX BILLINGS,6803,6803,0
GRANTS,0T83,Emergency and Transitional Housing,50,Department of Family and Support Services,2942,Emergency and Transitional Housing,9651,REIMBURSEMENT - INDIRECT COSTS,121917,121917,0
GRANTS,0T84,Emergency Solutions,50,Department of Family and Support Services,2944,Emergency Solutions,0135,DELEGATE AGENCIES,3250000,3250000,541000
GRANTS,0T84,Emergency Solutions,50,Department of Family and Support Services,2944,Emergency Solutions,0140,PROFESSIONAL AND TECHNICAL SERVICES,0,0,100000
GRANTS,0T85,Foster Grandparents,50,Department of Family and Support Services,2815,Foster Grandparents,0006,SALARY PROVISION,90717,90717,0
GRANTS,0T85,Foster Grandparents,50,Department of Family and Support Services,2815,Foster Grandparents,0050,STIPENDS,150600,150600,0
GRANTS,0T85,Foster Grandparents,50,Department of Family and Support Services,2815,Foster Grandparents,0140,PROFESSIONAL AND TECHNICAL SERVICES,19034,19034,0
GRANTS,0T85,Foster Grandparents,50,Department of Family and Support Services,2815,Foster Grandparents,0229,TRANSPORTATION AND EXPENSE ALLOWANCE,18736,18736,0
GRANTS,0T85,Foster Grandparents,50,Department of Family and Support Services,2815,Foster Grandparents,0330,FOOD,913,913,0
GRANTS,0T87,Long Term Care Ombudsman Program - CMP,50,Department of Family and Support Services,2836,Long Term Care Ombudsman Program - CMP,0006,SALARY PROVISION,116974,116974,0
GRANTS,0T87,Long Term Care Ombudsman Program - CMP,50,Department of Family and Support Services,2836,Long Term Care Ombudsman Program - CMP,0801,INDIRECT COSTS,3026,3026,0
GRANTS,0T88,Long Term Care System Development,50,Department of Family and Support Services,2820,Long Term Care System Development,0006,SALARY PROVISION,26426,26426,0
GRANTS,0T88,Long Term Care System Development,50,Department of Family and Support Services,2820,Long Term Care System Development,0140,PROFESSIONAL AND TECHNICAL SERVICES,3000,3000,0
GRANTS,0T88,Long Term Care System Development,50,Department of Family and Support Services,2820,Long Term Care System Development,0801,INDIRECT COSTS,1574,1574,0
GRANTS,0T89,Medicare Improvements for Patients and Providers Act,50,Department of Family and Support Services,2937,Medicare Improvements for Patients and Providers Act,0006,SALARY PROVISION,91150,91150,0
GRANTS,0T89,Medicare Improvements for Patients and Providers Act,50,Department of Family and Support Services,2937,Medicare Improvements for Patients and Providers Act,0801,INDIRECT COSTS,2850,2850,0
GRANTS,0T92,OAA Title V Senior Employment Specialist,50,Department of Family and Support Services,2807,OAA Title V / Senior Community Service Employment,0006,SALARY PROVISION,40000,40000,0
GRANTS,0T92,OAA Title V Senior Employment Specialist,50,Department of Family and Support Services,2807,OAA Title V / Senior Community Service Employment,0050,STIPENDS,109950,109950,0
GRANTS,0T92,OAA Title V Senior Employment Specialist,50,Department of Family and Support Services,2807,OAA Title V / Senior Community Service Employment,0135,DELEGATE AGENCIES,170000,170000,0
GRANTS,0T92,OAA Title V Senior Employment Specialist,50,Department of Family and Support Services,2807,OAA Title V / Senior Community Service Employment,0140,PROFESSIONAL AND TECHNICAL SERVICES,1510,1510,0
GRANTS,0T92,OAA Title V Senior Employment Specialist,50,Department of Family and Support Services,2807,OAA Title V / Senior Community Service Employment,0801,INDIRECT COSTS,1540,1540,0
GRANTS,0T95,Senior Companion Project - Action,50,Department of Family and Support Services,2868,Senior Companion Project - Action,0005,SALARIES AND WAGES - ON PAYROLL,80721,80721,87219
GRANTS,0T95,Senior Companion Project - Action,50,Department of Family and Support Services,2868,Senior Companion Project - Action,0006,SALARY PROVISION,166580,166580,25366
GRANTS,0T95,Senior Companion Project - Action,50,Department of Family and Support Services,2868,Senior Companion Project - Action,0044,FRINGE BENEFITS,33694,33694,39410
GRANTS,0T95,Senior Companion Project - Action,50,Department of Family and Support Services,2868,Senior Companion Project - Action,0050,STIPENDS,148005,148005,298005
GRANTS,0T95,Senior Companion Project - Action,50,Department of Family and Support Services,2868,Senior Companion Project - Action,0140,PROFESSIONAL AND TECHNICAL SERVICES,19000,19000,0
GRANTS,0T96,Senior Health Assistance,50,Department of Family and Support Services,2946,Senior Health Assistance Program,0006,SALARY PROVISION,171000,171000,0
GRANTS,0T98,Senior Medicare Patrol,50,Department of Family and Support Services,2945,Senior Medicare Patrol,0135,DELEGATE AGENCIES,10000,10000,0
GRANTS,0Y01,Generic Prevention Domestic Violence,50,Department of Family and Support Services,2968,Generic Prevention Domestic Violence,0135,DELEGATE AGENCIES,91000,91000,0
GRANTS,0Y02,State Foster Grandparents,50,Department of Family and Support Services,2818,State Foster Grandparents,0140,PROFESSIONAL AND TECHNICAL SERVICES,8864,8864,0
GRANTS,0Y02,State Foster Grandparents,50,Department of Family and Support Services,2818,State Foster Grandparents,0168,EDUCATION DEVELOPMENT,894,894,0
GRANTS,0Y02,State Foster Grandparents,50,Department of Family and Support Services,2818,State Foster Grandparents,0229,TRANSPORTATION AND EXPENSE ALLOWANCE,2000,2000,0
GRANTS,0Y02,State Foster Grandparents,50,Department of Family and Support Services,2818,State Foster Grandparents,0245,REIMBURSEMENT TO TRAVELERS,500,500,0
GRANTS,0Y02,State Foster Grandparents,50,Department of Family and Support Services,2818,State Foster Grandparents,0330,FOOD,3242,3242,0
GRANTS,0Y02,State Foster Grandparents,50,Department of Family and Support Services,2818,State Foster Grandparents,0350,STATIONERY AND OFFICE SUPPLIES,500,500,0
GRANTS,0Y03,State Senior Employment Specialist,50,Department of Family and Support Services,2862,State Senior Employment Specialist,0006,SALARY PROVISION,13000,13000,0
GRANTS,0Y05,Title XX Donated Funds,50,Department of Family and Support Services,2873,Title XX Donated Funds,0006,SALARY PROVISION,3778,3778,0
GRANTS,0Y05,Title XX Donated Funds,50,Department of Family and Support Services,2873,Title XX Donated Funds,0135,DELEGATE AGENCIES,626222,626222,0
GRANTS,0Y07,Early Childhood Block Grant,50,Department of Family and Support Services,2962,Early Childhood Block Grant,0006,SALARY PROVISION,1200000,1200000,0
GRANTS,0Y07,Early Childhood Block Grant,50,Department of Family and Support Services,2962,Early Childhood Block Grant,0135,DELEGATE AGENCIES,34040489,34040489,0
GRANTS,0Y07,Early Childhood Block Grant,50,Department of Family and Support Services,2962,Early Childhood Block Grant,0140,PROFESSIONAL AND TECHNICAL SERVICES,1159511,1159511,0
GRANTS,0Y10,Community Services Block Grant,50,Department of Family and Support Services,2805,Community Services Block Grant,0005,SALARIES AND WAGES - ON PAYROLL,4231801,4231801,0
GRANTS,0Y10,Community Services Block Grant,50,Department of Family and Support Services,2805,Community Services Block Grant,0015,SCHEDULE SALARY ADJUSTMENTS,17052,17052,0
GRANTS,0Y10,Community Services Block Grant,50,Department of Family and Support Services,2805,Community Services Block Grant,0044,FRINGE BENEFITS,1790342,1790342,0
GRANTS,0Y10,Community Services Block Grant,50,Department of Family and Support Services,2805,Community Services Block Grant,0125,OFFICE AND BUILDING SERVICES,20629,20629,0
GRANTS,0Y10,Community Services Block Grant,50,Department of Family and Support Services,2805,Community Services Block Grant,0135,DELEGATE AGENCIES,4269316,4269316,0
GRANTS,0Y10,Community Services Block Grant,50,Department of Family and Support Services,2805,Community Services Block Grant,0140,PROFESSIONAL AND TECHNICAL SERVICES,3018000,3018000,0
GRANTS,0Y10,Community Services Block Grant,50,Department of Family and Support Services,2805,Community Services Block Grant,0155,RENTAL OF PROPERTY,56662,56662,0
GRANTS,0Y10,Community Services Block Grant,50,Department of Family and Support Services,2805,Community Services Block Grant,0159,LEASE/PURCHASE EQUIPMENT,20892,20892,0
GRANTS,0Y10,Community Services Block Grant,50,Department of Family and Support Services,2805,Community Services Block Grant,0190,TELEPHONE - CENTREX BILLINGS,23520,23520,0
GRANTS,0Y10,Community Services Block Grant,50,Department of Family and Support Services,2805,Community Services Block Grant,0197,TELEPHONE - MAINTENANCE,3439,3439,0
GRANTS,0Y10,Community Services Block Grant,50,Department of Family and Support Services,2805,Community Services Block Grant,0245,REIMBURSEMENT TO TRAVELERS,7000,7000,0
GRANTS,0Y10,Community Services Block Grant,50,Department of Family and Support Services,2805,Community Services Block Grant,0340,MATERIAL AND SUPPLIES,10500,10500,0
GRANTS,0Y10,Community Services Block Grant,50,Department of Family and Support Services,2805,Community Services Block Grant,0350,STATIONERY AND OFFICE SUPPLIES,3285,3285,0
GRANTS,0Y10,Community Services Block Grant,50,Department of Family and Support Services,2805,Community Services Block Grant,0801,INDIRECT COSTS,705562,705562,0
GRANTS,0Y11,Emergency Solutions,50,Department of Family and Support Services,2944,Emergency Solutions,0005,SALARIES AND WAGES - ON PAYROLL,321646,321646,0
GRANTS,0Y11,Emergency Solutions,50,Department of Family and Support Services,2944,Emergency Solutions,0015,SCHEDULE SALARY ADJUSTMENTS,2826,2826,0
GRANTS,0Y11,Emergency Solutions,50,Department of Family and Support Services,2944,Emergency Solutions,0044,FRINGE BENEFITS,130659,130659,0
GRANTS,0Y11,Emergency Solutions,50,Department of Family and Support Services,2944,Emergency Solutions,0135,DELEGATE AGENCIES,6212096,6212096,3250000
GRANTS,0Y11,Emergency Solutions,50,Department of Family and Support Services,2944,Emergency Solutions,0140,PROFESSIONAL AND TECHNICAL SERVICES,25773,25773,0
GRANTS,0Y11,Emergency Solutions,50,Department of Family and Support Services,2944,Emergency Solutions,0245,REIMBURSEMENT TO TRAVELERS,3000,3000,0
GRANTS,0Y12,Emergency and Transitional Housing,50,Department of Family and Support Services,2942,Emergency and Transitional Housing,0005,SALARIES AND WAGES - ON PAYROLL,176812,176812,0
GRANTS,0Y12,Emergency and Transitional Housing,50,Department of Family and Support Services,2942,Emergency and Transitional Housing,0006,SALARY PROVISION,0,0,150000
GRANTS,0Y12,Emergency and Transitional Housing,50,Department of Family and Support Services,2942,Emergency and Transitional Housing,0015,SCHEDULE SALARY ADJUSTMENTS,2544,2544,0
GRANTS,0Y12,Emergency and Transitional Housing,50,Department of Family and Support Services,2942,Emergency and Transitional Housing,0044,FRINGE BENEFITS,73050,73050,0
GRANTS,0Y12,Emergency and Transitional Housing,50,Department of Family and Support Services,2942,Emergency and Transitional Housing,0135,DELEGATE AGENCIES,3786529,3786529,1907742
GRANTS,0Y12,Emergency and Transitional Housing,50,Department of Family and Support Services,2942,Emergency and Transitional Housing,0140,PROFESSIONAL AND TECHNICAL SERVICES,2000,2000,2000
GRANTS,0Y12,Emergency and Transitional Housing,50,Department of Family and Support Services,2942,Emergency and Transitional Housing,0155,RENTAL OF PROPERTY,70000,70000,35000
GRANTS,0Y12,Emergency and Transitional Housing,50,Department of Family and Support Services,2942,Emergency and Transitional Housing,0157,RENTAL EQUIPMENT AND SERVICES,8195,8195,8195
GRANTS,0Y12,Emergency and Transitional Housing,50,Department of Family and Support Services,2942,Emergency and Transitional Housing,0159,LEASE/PURCHASE EQUIPMENT,8150,8150,0
GRANTS,0Y12,Emergency and Transitional Housing,50,Department of Family and Support Services,2942,Emergency and Transitional Housing,0190,TELEPHONE - CENTREX BILLINGS,12803,12803,12063
GRANTS,0Y12,Emergency and Transitional Housing,50,Department of Family and Support Services,2942,Emergency and Transitional Housing,9651,REIMBURSEMENT - INDIRECT COSTS,241917,241917,75000
GRANTS,0Y13,OAA Title V Senior Employment Specialist,50,Department of Family and Support Services,2807,OAA Title V / Senior Community Service Employment,0005,SALARIES AND WAGES - ON PAYROLL,84099,84099,0
GRANTS,0Y13,OAA Title V Senior Employment Specialist,50,Department of Family and Support Services,2807,OAA Title V / Senior Community Service Employment,0044,FRINGE BENEFITS,35737,35737,0
GRANTS,0Y13,OAA Title V Senior Employment Specialist,50,Department of Family and Support Services,2807,OAA Title V / Senior Community Service Employment,0050,STIPENDS,77164,77164,0
GRANTS,0Y14,OAA Title V Senior Employment Specialist,50,Department of Family and Support Services,2807,OAA Title V / Senior Community Service Employment,0006,SALARY PROVISION,130000,130000,130000
GRANTS,0Y14,OAA Title V Senior Employment Specialist,50,Department of Family and Support Services,2807,OAA Title V / Senior Community Service Employment,0050,STIPENDS,0,0,220000
GRANTS,0Y14,OAA Title V Senior Employment Specialist,50,Department of Family and Support Services,2807,OAA Title V / Senior Community Service Employment,0991,MATCHING AND SUPPLEMENTAL GRANTS,495000,495000,65000
GRANTS,0Y15,State Senior Employment Specialist,50,Department of Family and Support Services,2862,State Senior Employment Specialist,0006,SALARY PROVISION,22000,22000,13000
GRANTS,0Y16,Foster Grandparents,50,Department of Family and Support Services,2815,Foster Grandparents,0005,SALARIES AND WAGES - ON PAYROLL,104735,104735,0
GRANTS,0Y16,Foster Grandparents,50,Department of Family and Support Services,2815,Foster Grandparents,0044,FRINGE BENEFITS,45982,45982,0
GRANTS,0Y16,Foster Grandparents,50,Department of Family and Support Services,2815,Foster Grandparents,0050,STIPENDS,300600,300600,231466
GRANTS,0Y16,Foster Grandparents,50,Department of Family and Support Services,2815,Foster Grandparents,0140,PROFESSIONAL AND TECHNICAL SERVICES,38534,38534,3534
GRANTS,0Y16,Foster Grandparents,50,Department of Family and Support Services,2815,Foster Grandparents,0229,TRANSPORTATION AND EXPENSE ALLOWANCE,56236,56236,26000
GRANTS,0Y16,Foster Grandparents,50,Department of Family and Support Services,2815,Foster Grandparents,0330,FOOD,22913,22913,10000
GRANTS,0Y17,Foster Grandparents,50,Department of Family and Support Services,2815,Foster Grandparents,0006,SALARY PROVISION,216000,216000,122000
GRANTS,0Y18,State Foster Grandparents,50,Department of Family and Support Services,2818,State Foster Grandparents,0140,PROFESSIONAL AND TECHNICAL SERVICES,21864,21864,9399
GRANTS,0Y18,State Foster Grandparents,50,Department of Family and Support Services,2818,State Foster Grandparents,0165,GRAPHIC DESIGN SERV,1722,1722,0
GRANTS,0Y18,State Foster Grandparents,50,Department of Family and Support Services,2818,State Foster Grandparents,0168,EDUCATION DEVELOPMENT,1914,1914,0
GRANTS,0Y18,State Foster Grandparents,50,Department of Family and Support Services,2818,State Foster Grandparents,0229,TRANSPORTATION AND EXPENSE ALLOWANCE,4000,4000,2000
GRANTS,0Y18,State Foster Grandparents,50,Department of Family and Support Services,2818,State Foster Grandparents,0245,REIMBURSEMENT TO TRAVELERS,1000,1000,500
GRANTS,0Y18,State Foster Grandparents,50,Department of Family and Support Services,2818,State Foster Grandparents,0330,FOOD,4500,4500,3101
GRANTS,0Y18,State Foster Grandparents,50,Department of Family and Support Services,2818,State Foster Grandparents,0350,STATIONERY AND OFFICE SUPPLIES,1000,1000,1000
GRANTS,0Y19,Chicago Domestic Violence Help Line - Match,50,Department of Family and Support Services,2923,Chicago Domestic Violence Help Line,0140,PROFESSIONAL AND TECHNICAL SERVICES,152000,152000,0
GRANTS,0Y20,Area Plan on Aging,50,Department of Family and Support Services,2904,Area Plan on Aging,0140,PROFESSIONAL AND TECHNICAL SERVICES,93000,93000,0
GRANTS,0Y21,Area Plan on Aging,50,Department of Family and Support Services,2904,Area Plan on Aging,0005,SALARIES AND WAGES - ON PAYROLL,5108323,5108323,0
GRANTS,0Y21,Area Plan on Aging,50,Department of Family and Support Services,2904,Area Plan on Aging,0006,SALARY PROVISION,0,0,4500000
GRANTS,0Y21,Area Plan on Aging,50,Department of Family and Support Services,2904,Area Plan on Aging,0015,SCHEDULE SALARY ADJUSTMENTS,15072,15072,0
GRANTS,0Y21,Area Plan on Aging,50,Department of Family and Support Services,2904,Area Plan on Aging,0044,FRINGE BENEFITS,2116807,2116807,0
GRANTS,0Y21,Area Plan on Aging,50,Department of Family and Support Services,2904,Area Plan on Aging,0130,POSTAGE,456163,456163,26819
GRANTS,0Y21,Area Plan on Aging,50,Department of Family and Support Services,2904,Area Plan on Aging,0135,DELEGATE AGENCIES,4734890,4734890,2063623
GRANTS,0Y21,Area Plan on Aging,50,Department of Family and Support Services,2904,Area Plan on Aging,0140,PROFESSIONAL AND TECHNICAL SERVICES,0,0,2903227
GRANTS,0Y21,Area Plan on Aging,50,Department of Family and Support Services,2904,Area Plan on Aging,0150,OUTSIDE GRAPHIC SERVICES,0,0,1500
GRANTS,0Y21,Area Plan on Aging,50,Department of Family and Support Services,2904,Area Plan on Aging,0159,LEASE/PURCHASE EQUIPMENT,7500,7500,0
GRANTS,0Y21,Area Plan on Aging,50,Department of Family and Support Services,2904,Area Plan on Aging,0165,GRAPHIC DESIGN SERV,0,0,15000
GRANTS,0Y21,Area Plan on Aging,50,Department of Family and Support Services,2904,Area Plan on Aging,0166,"DUES, SUBSCRIPTIONS AND MEMBERSHIPS",2435,2435,0
GRANTS,0Y21,Area Plan on Aging,50,Department of Family and Support Services,2904,Area Plan on Aging,0169,TECHNICAL MEETING COSTS,3299,3299,5000
GRANTS,0Y21,Area Plan on Aging,50,Department of Family and Support Services,2904,Area Plan on Aging,0190,TELEPHONE - CENTREX BILLINGS,26863,26863,49567
GRANTS,0Y21,Area Plan on Aging,50,Department of Family and Support Services,2904,Area Plan on Aging,0197,TELEPHONE - MAINTENANCE,4573,4573,0
GRANTS,0Y21,Area Plan on Aging,50,Department of Family and Support Services,2904,Area Plan on Aging,0229,TRANSPORTATION AND EXPENSE ALLOWANCE,0,0,5000
GRANTS,0Y21,Area Plan on Aging,50,Department of Family and Support Services,2904,Area Plan on Aging,0245,REIMBURSEMENT TO TRAVELERS,1500,1500,0
GRANTS,0Y21,Area Plan on Aging,50,Department of Family and Support Services,2904,Area Plan on Aging,0270,LOCAL TRANSPORTATION,1500,1500,2500
GRANTS,0Y21,Area Plan on Aging,50,Department of Family and Support Services,2904,Area Plan on Aging,0340,MATERIAL AND SUPPLIES,10116,10116,0
GRANTS,0Y21,Area Plan on Aging,50,Department of Family and Support Services,2904,Area Plan on Aging,0350,STATIONERY AND OFFICE SUPPLIES,4500,4500,52500
GRANTS,0Y21,Area Plan on Aging,50,Department of Family and Support Services,2904,Area Plan on Aging,0801,INDIRECT COSTS,0,0,125264
GRANTS,0Y21,Area Plan on Aging,50,Department of Family and Support Services,2904,Area Plan on Aging,9651,REIMBURSEMENT - INDIRECT COSTS,952459,952459,0
GRANTS,0Y22,Area Plan on Aging,50,Department of Family and Support Services,2904,Area Plan on Aging,0006,SALARY PROVISION,186000,186000,93000
GRANTS,0Y23,Area Plan on Aging,50,Department of Family and Support Services,2903,Area Plan on Aging,0005,SALARIES AND WAGES - ON PAYROLL,1395590,1395590,0
GRANTS,0Y23,Area Plan on Aging,50,Department of Family and Support Services,2903,Area Plan on Aging,0006,SALARY PROVISION,0,0,2500000
GRANTS,0Y23,Area Plan on Aging,50,Department of Family and Support Services,2903,Area Plan on Aging,0015,SCHEDULE SALARY ADJUSTMENTS,2574,2574,0
GRANTS,0Y23,Area Plan on Aging,50,Department of Family and Support Services,2903,Area Plan on Aging,0044,FRINGE BENEFITS,593972,593972,0
GRANTS,0Y23,Area Plan on Aging,50,Department of Family and Support Services,2903,Area Plan on Aging,0130,POSTAGE,26819,26819,5000
GRANTS,0Y23,Area Plan on Aging,50,Department of Family and Support Services,2903,Area Plan on Aging,0135,DELEGATE AGENCIES,3543373,3543373,3000000
GRANTS,0Y23,Area Plan on Aging,50,Department of Family and Support Services,2903,Area Plan on Aging,0140,PROFESSIONAL AND TECHNICAL SERVICES,2189341,2189341,100000
GRANTS,0Y23,Area Plan on Aging,50,Department of Family and Support Services,2903,Area Plan on Aging,0150,OUTSIDE GRAPHIC SERVICES,1500,1500,1000
GRANTS,0Y23,Area Plan on Aging,50,Department of Family and Support Services,2903,Area Plan on Aging,0165,GRAPHIC DESIGN SERV,10000,10000,5000
GRANTS,0Y23,Area Plan on Aging,50,Department of Family and Support Services,2903,Area Plan on Aging,0169,TECHNICAL MEETING COSTS,5000,5000,0
GRANTS,0Y23,Area Plan on Aging,50,Department of Family and Support Services,2903,Area Plan on Aging,0190,TELEPHONE - CENTREX BILLINGS,49567,49567,25000
GRANTS,0Y23,Area Plan on Aging,50,Department of Family and Support Services,2903,Area Plan on Aging,0229,TRANSPORTATION AND EXPENSE ALLOWANCE,3000,3000,0
GRANTS,0Y23,Area Plan on Aging,50,Department of Family and Support Services,2903,Area Plan on Aging,0270,LOCAL TRANSPORTATION,1500,1500,0
GRANTS,0Y23,Area Plan on Aging,50,Department of Family and Support Services,2903,Area Plan on Aging,0350,STATIONERY AND OFFICE SUPPLIES,52500,52500,24000
GRANTS,0Y23,Area Plan on Aging,50,Department of Family and Support Services,2903,Area Plan on Aging,0801,INDIRECT COSTS,125264,125264,340000
GRANTS,0Y24,Medicare Improvements for Patients and Providers Act,50,Department of Family and Support Services,2937,Medicare Improvements for Patients and Providers Act,0005,SALARIES AND WAGES - ON PAYROLL,69747,69747,0
GRANTS,0Y24,Medicare Improvements for Patients and Providers Act,50,Department of Family and Support Services,2937,Medicare Improvements for Patients and Providers Act,0006,SALARY PROVISION,5256,5256,40500
GRANTS,0Y24,Medicare Improvements for Patients and Providers Act,50,Department of Family and Support Services,2937,Medicare Improvements for Patients and Providers Act,0015,SCHEDULE SALARY ADJUSTMENTS,2511,2511,0
GRANTS,0Y24,Medicare Improvements for Patients and Providers Act,50,Department of Family and Support Services,2937,Medicare Improvements for Patients and Providers Act,0044,FRINGE BENEFITS,20486,20486,0
GRANTS,0Y24,Medicare Improvements for Patients and Providers Act,50,Department of Family and Support Services,2937,Medicare Improvements for Patients and Providers Act,0801,INDIRECT COSTS,0,0,33500
GRANTS,0Y25,Senior Medicare Patrol,50,Department of Family and Support Services,2945,Senior Medicare Patrol,0135,DELEGATE AGENCIES,0,0,9000
GRANTS,0Y25,Senior Medicare Patrol,50,Department of Family and Support Services,2945,Senior Medicare Patrol,0140,PROFESSIONAL AND TECHNICAL SERVICES,23000,23000,0
GRANTS,0Y26,Elder Abuse and Neglect,50,Department of Family and Support Services,2846,Elder Abuse and Neglect,0006,SALARY PROVISION,44905,44905,42000
GRANTS,0Y26,Elder Abuse and Neglect,50,Department of Family and Support Services,2846,Elder Abuse and Neglect,0801,INDIRECT COSTS,17095,17095,20000
GRANTS,0Y27,Long Term Care System Development,50,Department of Family and Support Services,2820,Long Term Care System Development,0006,SALARY PROVISION,52826,52826,21000
GRANTS,0Y27,Long Term Care System Development,50,Department of Family and Support Services,2820,Long Term Care System Development,0140,PROFESSIONAL AND TECHNICAL SERVICES,6000,6000,0
GRANTS,0Y27,Long Term Care System Development,50,Department of Family and Support Services,2820,Long Term Care System Development,0801,INDIRECT COSTS,3174,3174,10000
GRANTS,0Y28,Long Term Care Ombudsman Program - CMP,50,Department of Family and Support Services,2836,Long Term Care Ombudsman Program - CMP,0006,SALARY PROVISION,120000,120000,90000
GRANTS,0Y29,OAA Nutrition Program Income - Congregate Meals,50,Department of Family and Support Services,2801,OAA Nutrition Program Income - Congregate Meals,0140,PROFESSIONAL AND TECHNICAL SERVICES,445000,445000,0
GRANTS,0Y29,OAA Nutrition Program Income - Congregate Meals,50,Department of Family and Support Services,2802,OAA Nutrition Program Income - Home Delivered Meals,0140,PROFESSIONAL AND TECHNICAL SERVICES,218000,218000,0
GRANTS,0Y29,OAA Nutrition Program Income - Congregate Meals,50,Department of Family and Support Services,2816,Senior Fitness Private,0140,PROFESSIONAL AND TECHNICAL SERVICES,35000,35000,0
GRANTS,0Y30,Area Plan on Aging - Program Income,50,Department of Family and Support Services,2801,OAA Nutrition Program Income - Congregate Meals,0140,PROFESSIONAL AND TECHNICAL SERVICES,445000,445000,300000
GRANTS,0Y30,Area Plan on Aging - Program Income,50,Department of Family and Support Services,2802,OAA Nutrition Program Income - Home Delivered Meals,0140,PROFESSIONAL AND TECHNICAL SERVICES,218000,218000,164000
GRANTS,0Y30,Area Plan on Aging - Program Income,50,Department of Family and Support Services,2816,Senior Fitness Private,0140,PROFESSIONAL AND TECHNICAL SERVICES,35000,35000,27000
GRANTS,0Y31,Senior Health Assistance,50,Department of Family and Support Services,2946,Senior Health Assistance Program,0005,SALARIES AND WAGES - ON PAYROLL,239609,239609,0
GRANTS,0Y31,Senior Health Assistance,50,Department of Family and Support Services,2946,Senior Health Assistance Program,0006,SALARY PROVISION,0,0,170000
GRANTS,0Y31,Senior Health Assistance,50,Department of Family and Support Services,2946,Senior Health Assistance Program,0044,FRINGE BENEFITS,99391,99391,0
GRANTS,0Y32,State Senior Companion Match,50,Department of Family and Support Services,2803,State Senior Companion MATCH,0140,PROFESSIONAL AND TECHNICAL SERVICES,16000,16000,8000
GRANTS,0Y33,Early Head Start Initiative,50,Department of Family and Support Services,2857,Head Start and Early Head Start,0005,SALARIES AND WAGES - ON PAYROLL,884088,884088,0
GRANTS,0Y33,Early Head Start Initiative,50,Department of Family and Support Services,2857,Head Start and Early Head Start,0006,SALARY PROVISION,0,0,1850000
GRANTS,0Y33,Early Head Start Initiative,50,Department of Family and Support Services,2857,Head Start and Early Head Start,0015,SCHEDULE SALARY ADJUSTMENTS,9377,9377,0
GRANTS,0Y33,Early Head Start Initiative,50,Department of Family and Support Services,2857,Head Start and Early Head Start,0044,FRINGE BENEFITS,370333,370333,0
GRANTS,0Y33,Early Head Start Initiative,50,Department of Family and Support Services,2857,Head Start and Early Head Start,0130,POSTAGE,5093,5093,5093
GRANTS,0Y33,Early Head Start Initiative,50,Department of Family and Support Services,2857,Head Start and Early Head Start,0135,DELEGATE AGENCIES,14940350,14940350,13313861
GRANTS,0Y33,Early Head Start Initiative,50,Department of Family and Support Services,2857,Head Start and Early Head Start,0140,PROFESSIONAL AND TECHNICAL SERVICES,3931854,3931854,2931854
GRANTS,0Y33,Early Head Start Initiative,50,Department of Family and Support Services,2857,Head Start and Early Head Start,0159,LEASE/PURCHASE EQUIPMENT,1500,1500,1500
GRANTS,0Y33,Early Head Start Initiative,50,Department of Family and Support Services,2857,Head Start and Early Head Start,0166,"DUES, SUBSCRIPTIONS AND MEMBERSHIPS",208001,208001,208001
GRANTS,0Y33,Early Head Start Initiative,50,Department of Family and Support Services,2857,Head Start and Early Head Start,0190,TELEPHONE - CENTREX BILLINGS,23146,23146,23146
GRANTS,0Y33,Early Head Start Initiative,50,Department of Family and Support Services,2857,Head Start and Early Head Start,0197,TELEPHONE - MAINTENANCE,425,425,425
GRANTS,0Y33,Early Head Start Initiative,50,Department of Family and Support Services,2857,Head Start and Early Head Start,0801,INDIRECT COSTS,625833,625833,916120
GRANTS,0Y34,Head Start and Early Head Start,50,Department of Family and Support Services,2860,Head Start and Early Head Start,0005,SALARIES AND WAGES - ON PAYROLL,4660432,4660432,0
GRANTS,0Y34,Head Start and Early Head Start,50,Department of Family and Support Services,2860,Head Start and Early Head Start,0006,SALARY PROVISION,0,0,4300000
GRANTS,0Y34,Head Start and Early Head Start,50,Department of Family and Support Services,2860,Head Start and Early Head Start,0015,SCHEDULE SALARY ADJUSTMENTS,46632,46632,0
GRANTS,0Y34,Head Start and Early Head Start,50,Department of Family and Support Services,2860,Head Start and Early Head Start,0044,FRINGE BENEFITS,1982744,1982744,0
GRANTS,0Y34,Head Start and Early Head Start,50,Department of Family and Support Services,2860,Head Start and Early Head Start,0130,POSTAGE,16876,16876,16876
GRANTS,0Y34,Head Start and Early Head Start,50,Department of Family and Support Services,2860,Head Start and Early Head Start,0135,DELEGATE AGENCIES,95222000,95222000,98953822
GRANTS,0Y34,Head Start and Early Head Start,50,Department of Family and Support Services,2860,Head Start and Early Head Start,0140,PROFESSIONAL AND TECHNICAL SERVICES,17974103,17974103,7974103
GRANTS,0Y34,Head Start and Early Head Start,50,Department of Family and Support Services,2860,Head Start and Early Head Start,0152,ADVERTISING,500000,500000,500000
GRANTS,0Y34,Head Start and Early Head Start,50,Department of Family and Support Services,2860,Head Start and Early Head Start,0159,LEASE/PURCHASE EQUIPMENT,46289,46289,46289
GRANTS,0Y34,Head Start and Early Head Start,50,Department of Family and Support Services,2860,Head Start and Early Head Start,0166,"DUES, SUBSCRIPTIONS AND MEMBERSHIPS",1632030,1632030,1632030
GRANTS,0Y34,Head Start and Early Head Start,50,Department of Family and Support Services,2860,Head Start and Early Head Start,0169,TECHNICAL MEETING COSTS,50000,50000,50000
GRANTS,0Y34,Head Start and Early Head Start,50,Department of Family and Support Services,2860,Head Start and Early Head Start,0190,TELEPHONE - CENTREX BILLINGS,50797,50797,50797
GRANTS,0Y34,Head Start and Early Head Start,50,Department of Family and Support Services,2860,Head Start and Early Head Start,0197,TELEPHONE - MAINTENANCE,4563,4563,4563
GRANTS,0Y34,Head Start and Early Head Start,50,Department of Family and Support Services,2860,Head Start and Early Head Start,0245,REIMBURSEMENT TO TRAVELERS,10000,10000,10000
GRANTS,0Y34,Head Start and Early Head Start,50,Department of Family and Support Services,2860,Head Start and Early Head Start,0270,LOCAL TRANSPORTATION,5000,5000,5000
GRANTS,0Y34,Head Start and Early Head Start,50,Department of Family and Support Services,2860,Head Start and Early Head Start,0348,BOOKS AND RELATED MATERIAL,500000,500000,500000
GRANTS,0Y34,Head Start and Early Head Start,50,Department of Family and Support Services,2860,Head Start and Early Head Start,0350,STATIONERY AND OFFICE SUPPLIES,50000,50000,50000
GRANTS,0Y34,Head Start and Early Head Start,50,Department of Family and Support Services,2860,Head Start and Early Head Start,0801,INDIRECT COSTS,3248534,3248534,1906520
GRANTS,0Y35,Early Childhood Block Grant,50,Department of Family and Support Services,2962,Early Childhood Block Grant,0005,SALARIES AND WAGES - ON PAYROLL,1347590,1347590,0
GRANTS,0Y35,Early Childhood Block Grant,50,Department of Family and Support Services,2962,Early Childhood Block Grant,0006,SALARY PROVISION,0,0,1200000
GRANTS,0Y35,Early Childhood Block Grant,50,Department of Family and Support Services,2962,Early Childhood Block Grant,0015,SCHEDULE SALARY ADJUSTMENTS,4436,4436,0
GRANTS,0Y35,Early Childhood Block Grant,50,Department of Family and Support Services,2962,Early Childhood Block Grant,0044,FRINGE BENEFITS,581133,581133,0
GRANTS,0Y35,Early Childhood Block Grant,50,Department of Family and Support Services,2962,Early Childhood Block Grant,0135,DELEGATE AGENCIES,77453106,77453106,37886265
GRANTS,0Y35,Early Childhood Block Grant,50,Department of Family and Support Services,2962,Early Childhood Block Grant,0140,PROFESSIONAL AND TECHNICAL SERVICES,1813735,1813735,1813735
GRANTS,0Y36,Generic Prevention Domestic Violence,50,Department of Family and Support Services,2968,Generic Prevention Domestic Violence,0135,DELEGATE AGENCIES,181000,181000,0
GRANTS,0Y36,Generic Prevention Domestic Violence,50,Department of Family and Support Services,2968,Generic Prevention Domestic Violence,0140,PROFESSIONAL AND TECHNICAL SERVICES,0,0,91000
GRANTS,0Y37,Summer Jobs Connect,50,Department of Family and Support Services,2953,Summer Jobs Connect Program,0135,DELEGATE AGENCIES,1100000,1100000,0
GRANTS,0Y38,Title XX Donated Funds,50,Department of Family and Support Services,2873,Title XX Donated Funds,0006,SALARY PROVISION,6778,6778,6778
GRANTS,0Y38,Title XX Donated Funds,50,Department of Family and Support Services,2873,Title XX Donated Funds,0135,DELEGATE AGENCIES,1214438,1214438,621822
GRANTS,0Y38,Title XX Donated Funds,50,Department of Family and Support Services,2873,Title XX Donated Funds,0801,INDIRECT COSTS,35784,35784,1400
GRANTS,0Y39,Title XX Donated Funds,50,Department of Family and Support Services,2873,Title XX Donated Funds,0135,DELEGATE AGENCIES,271000,271000,137000
GRANTS,0Y40,OAA Title V Senior Employment Specialist - Match,50,Department of Family and Support Services,2807,OAA Title V / Senior Community Service Employment,0140,PROFESSIONAL AND TECHNICAL SERVICES,65000,65000,0
GRANTS,0Y41,Foster Grandparents,50,Department of Family and Support Services,2815,Foster Grandparents,0050,STIPENDS,122000,122000,0
GRANTS,0Y42,Senior Companion Project,50,Department of Family and Support Services,2868,Senior Companion Project - Action,0050,STIPENDS,207000,207000,0
GRANTS,0Y42,Senior Companion Project,50,Department of Family and Support Services,2868,Senior Companion Project - Action,0140,PROFESSIONAL AND TECHNICAL SERVICES,0,0,68000
GRANTS,0Y42,Senior Companion Project,50,Department of Family and Support Services,2868,Senior Companion Project - Action,0991,MATCHING AND SUPPLEMENTAL GRANTS,0,0,139000
GRANTS,0Y43,Title XX Donated Funds,50,Department of Family and Support Services,2873,Title XX Donated Funds,0140,PROFESSIONAL AND TECHNICAL SERVICES,137000,137000,0
GRANTS,0Y44,CHA Family Supportive Services,50,Department of Family and Support Services,2896,CHA Family Supportive Services,0005,SALARIES AND WAGES - ON PAYROLL,355752,355752,283708
GRANTS,0Y44,CHA Family Supportive Services,50,Department of Family and Support Services,2896,CHA Family Supportive Services,0015,SCHEDULE SALARY ADJUSTMENTS,0,0,1480
GRANTS,0V35,Securing the Cities,51,Office of Public Safety Administration,2820,Securing the City,0044,FRINGE BENEFITS,0,0,81219
GRANTS,0Y44,CHA Family Supportive Services,50,Department of Family and Support Services,2896,CHA Family Supportive Services,0044,FRINGE BENEFITS,151154,151154,132452
GRANTS,0Y44,CHA Family Supportive Services,50,Department of Family and Support Services,2896,CHA Family Supportive Services,0135,DELEGATE AGENCIES,2236400,2236400,1127360
GRANTS,0Y44,CHA Family Supportive Services,50,Department of Family and Support Services,2896,CHA Family Supportive Services,0140,PROFESSIONAL AND TECHNICAL SERVICES,361844,361844,0
GRANTS,0Y44,CHA Family Supportive Services,50,Department of Family and Support Services,2896,CHA Family Supportive Services,0801,INDIRECT COSTS,58850,58850,37000
GRANTS,0Y45,Chicago Domestic Violence Help Line,50,Department of Family and Support Services,2923,Chicago Domestic Violence Help Line,0135,DELEGATE AGENCIES,455000,455000,0
GRANTS,0Y45,Chicago Domestic Violence Help Line,50,Department of Family and Support Services,2923,Chicago Domestic Violence Help Line,0140,PROFESSIONAL AND TECHNICAL SERVICES,0,0,304000
GRANTS,0Y46,Chicago Domestic Violence Help Line,50,Department of Family and Support Services,2923,Chicago Domestic Violence Help Line,0135,DELEGATE AGENCIES,370000,370000,0
GRANTS,0Y46,Chicago Domestic Violence Help Line,50,Department of Family and Support Services,2923,Chicago Domestic Violence Help Line,0140,PROFESSIONAL AND TECHNICAL SERVICES,0,0,152000
GRANTS,0Y47,Child Care Services,50,Department of Family and Support Services,2943,Child Care Services,0005,SALARIES AND WAGES - ON PAYROLL,1847343,1847343,0
GRANTS,0Y47,Child Care Services,50,Department of Family and Support Services,2943,Child Care Services,0006,SALARY PROVISION,0,0,2000000
GRANTS,0Y47,Child Care Services,50,Department of Family and Support Services,2943,Child Care Services,0015,SCHEDULE SALARY ADJUSTMENTS,9289,9289,0
GRANTS,0Y47,Child Care Services,50,Department of Family and Support Services,2943,Child Care Services,0044,FRINGE BENEFITS,798750,798750,0
GRANTS,0Y47,Child Care Services,50,Department of Family and Support Services,2943,Child Care Services,0135,DELEGATE AGENCIES,18017980,18017980,8500000
GRANTS,0Y47,Child Care Services,50,Department of Family and Support Services,2943,Child Care Services,0140,PROFESSIONAL AND TECHNICAL SERVICES,258427,258427,0
GRANTS,0Y47,Child Care Services,50,Department of Family and Support Services,2943,Child Care Services,0350,STATIONERY AND OFFICE SUPPLIES,8000,8000,0
GRANTS,0Y47,Child Care Services,50,Department of Family and Support Services,2943,Child Care Services,0801,INDIRECT COSTS,60211,60211,0
GRANTS,0Y48,Early Head Start - Child Care Partnership,50,Department of Family and Support Services,2860,Head Start and Early Head Start,0006,SALARY PROVISION,946670,946670,1000000
GRANTS,0Y48,Early Head Start - Child Care Partnership,50,Department of Family and Support Services,2860,Head Start and Early Head Start,0135,DELEGATE AGENCIES,13295300,13295300,11841970
GRANTS,0Y48,Early Head Start - Child Care Partnership,50,Department of Family and Support Services,2860,Head Start and Early Head Start,0140,PROFESSIONAL AND TECHNICAL SERVICES,1475847,1475847,1475847
GRANTS,0Y48,Early Head Start - Child Care Partnership,50,Department of Family and Support Services,2860,Head Start and Early Head Start,0159,LEASE/PURCHASE EQUIPMENT,1730,1730,1730
GRANTS,0Y48,Early Head Start - Child Care Partnership,50,Department of Family and Support Services,2860,Head Start and Early Head Start,0166,"DUES, SUBSCRIPTIONS AND MEMBERSHIPS",252053,252053,252053
GRANTS,0Y48,Early Head Start - Child Care Partnership,50,Department of Family and Support Services,2860,Head Start and Early Head Start,0169,TECHNICAL MEETING COSTS,2100,2100,2100
GRANTS,0Y48,Early Head Start - Child Care Partnership,50,Department of Family and Support Services,2860,Head Start and Early Head Start,0245,REIMBURSEMENT TO TRAVELERS,4800,4800,4800
GRANTS,0Y48,Early Head Start - Child Care Partnership,50,Department of Family and Support Services,2860,Head Start and Early Head Start,0270,LOCAL TRANSPORTATION,500,500,500
GRANTS,0Y48,Early Head Start - Child Care Partnership,50,Department of Family and Support Services,2860,Head Start and Early Head Start,0348,BOOKS AND RELATED MATERIAL,50000,50000,50000
GRANTS,0Y48,Early Head Start - Child Care Partnership,50,Department of Family and Support Services,2860,Head Start and Early Head Start,0350,STATIONERY AND OFFICE SUPPLIES,5000,5000,5000
GRANTS,0Y48,Early Head Start - Child Care Partnership,50,Department of Family and Support Services,2860,Head Start and Early Head Start,0801,INDIRECT COSTS,766000,766000,766000
GRANTS,0Y50,State Senior Companion Match,50,Department of Family and Support Services,2803,State Senior Companion MATCH,0140,PROFESSIONAL AND TECHNICAL SERVICES,8000,8000,0
GRANTS,0Y51,Early Head Start Expansion,50,Department of Family and Support Services,2860,Head Start and Early Head Start,0006,SALARY PROVISION,0,0,550000
GRANTS,0Y51,Early Head Start Expansion,50,Department of Family and Support Services,2860,Head Start and Early Head Start,0135,DELEGATE AGENCIES,0,0,3482640
GRANTS,0Y51,Early Head Start Expansion,50,Department of Family and Support Services,2860,Head Start and Early Head Start,0140,PROFESSIONAL AND TECHNICAL SERVICES,4588000,4588000,630000
GRANTS,0Y51,Early Head Start Expansion,50,Department of Family and Support Services,2860,Head Start and Early Head Start,0245,REIMBURSEMENT TO TRAVELERS,0,0,5000
GRANTS,0Y51,Early Head Start Expansion,50,Department of Family and Support Services,2860,Head Start and Early Head Start,0340,MATERIAL AND SUPPLIES,0,0,10000
GRANTS,0Y51,Early Head Start Expansion,50,Department of Family and Support Services,2860,Head Start and Early Head Start,0801,INDIRECT COSTS,0,0,272360
GRANTS,0V87,Port Security,57,Chicago Police Department,280N,Port Security,0451,VEHICLES - POLICE AND FIRE,538000,538000,538000
GRANTS,0Y52,Community Services Block Grant,50,Department of Family and Support Services,2805,Community Services Block Grant,0003,SCHEDULED WAGE ADJUSTMENTS,0,0,59940
GRANTS,0Y52,Community Services Block Grant,50,Department of Family and Support Services,2805,Community Services Block Grant,0005,SALARIES AND WAGES - ON PAYROLL,0,0,4121283
GRANTS,0Y52,Community Services Block Grant,50,Department of Family and Support Services,2805,Community Services Block Grant,0015,SCHEDULE SALARY ADJUSTMENTS,0,0,17076
GRANTS,0Y52,Community Services Block Grant,50,Department of Family and Support Services,2805,Community Services Block Grant,0044,FRINGE BENEFITS,0,0,1886826
GRANTS,0Y52,Community Services Block Grant,50,Department of Family and Support Services,2805,Community Services Block Grant,0125,OFFICE AND BUILDING SERVICES,0,0,20629
GRANTS,0Y52,Community Services Block Grant,50,Department of Family and Support Services,2805,Community Services Block Grant,0135,DELEGATE AGENCIES,0,0,7148584
GRANTS,0Y52,Community Services Block Grant,50,Department of Family and Support Services,2805,Community Services Block Grant,0140,PROFESSIONAL AND TECHNICAL SERVICES,0,0,103802
GRANTS,0Y52,Community Services Block Grant,50,Department of Family and Support Services,2805,Community Services Block Grant,0155,RENTAL OF PROPERTY,0,0,56662
GRANTS,0Y52,Community Services Block Grant,50,Department of Family and Support Services,2805,Community Services Block Grant,0159,LEASE/PURCHASE EQUIPMENT,0,0,20892
GRANTS,0Y52,Community Services Block Grant,50,Department of Family and Support Services,2805,Community Services Block Grant,0190,TELEPHONE - CENTREX BILLINGS,0,0,23520
GRANTS,0Y52,Community Services Block Grant,50,Department of Family and Support Services,2805,Community Services Block Grant,0197,TELEPHONE - MAINTENANCE,0,0,3439
GRANTS,0Y52,Community Services Block Grant,50,Department of Family and Support Services,2805,Community Services Block Grant,0245,REIMBURSEMENT TO TRAVELERS,0,0,7000
GRANTS,0Y52,Community Services Block Grant,50,Department of Family and Support Services,2805,Community Services Block Grant,0340,MATERIAL AND SUPPLIES,0,0,10500
GRANTS,0Y52,Community Services Block Grant,50,Department of Family and Support Services,2805,Community Services Block Grant,0350,STATIONERY AND OFFICE SUPPLIES,0,0,3285
GRANTS,0Y52,Community Services Block Grant,50,Department of Family and Support Services,2805,Community Services Block Grant,0801,INDIRECT COSTS,0,0,695562
GRANTS,0Y53,Emergency Solutions,50,Department of Family and Support Services,2944,Emergency Solutions,0003,SCHEDULED WAGE ADJUSTMENTS,0,0,9194
GRANTS,0Y53,Emergency Solutions,50,Department of Family and Support Services,2944,Emergency Solutions,0005,SALARIES AND WAGES - ON PAYROLL,0,0,320938
GRANTS,0Y53,Emergency Solutions,50,Department of Family and Support Services,2944,Emergency Solutions,0015,SCHEDULE SALARY ADJUSTMENTS,0,0,5795
GRANTS,0Y53,Emergency Solutions,50,Department of Family and Support Services,2944,Emergency Solutions,0044,FRINGE BENEFITS,0,0,145018
GRANTS,0Y53,Emergency Solutions,50,Department of Family and Support Services,2944,Emergency Solutions,0135,DELEGATE AGENCIES,0,0,6186282
GRANTS,0Y53,Emergency Solutions,50,Department of Family and Support Services,2944,Emergency Solutions,0140,PROFESSIONAL AND TECHNICAL SERVICES,0,0,25773
GRANTS,0Y53,Emergency Solutions,50,Department of Family and Support Services,2944,Emergency Solutions,0245,REIMBURSEMENT TO TRAVELERS,0,0,3000
GRANTS,0Y54,Early Childhood Block Grant,50,Department of Family and Support Services,2962,Early Childhood Block Grant,0003,SCHEDULED WAGE ADJUSTMENTS,0,0,28469
GRANTS,0Y54,Early Childhood Block Grant,50,Department of Family and Support Services,2962,Early Childhood Block Grant,0005,SALARIES AND WAGES - ON PAYROLL,0,0,1272053
GRANTS,0Y54,Early Childhood Block Grant,50,Department of Family and Support Services,2962,Early Childhood Block Grant,0015,SCHEDULE SALARY ADJUSTMENTS,0,0,9563
GRANTS,0Y54,Early Childhood Block Grant,50,Department of Family and Support Services,2962,Early Childhood Block Grant,0044,FRINGE BENEFITS,0,0,607754
GRANTS,0Y54,Early Childhood Block Grant,50,Department of Family and Support Services,2962,Early Childhood Block Grant,0135,DELEGATE AGENCIES,0,0,78068426
GRANTS,0Y54,Early Childhood Block Grant,50,Department of Family and Support Services,2962,Early Childhood Block Grant,0140,PROFESSIONAL AND TECHNICAL SERVICES,0,0,1813735
GRANTS,0Y56,Emergency and Transitional Housing,50,Department of Family and Support Services,2942,Emergency and Transitional Housing,0003,SCHEDULED WAGE ADJUSTMENTS,0,0,3284
GRANTS,0Y56,Emergency and Transitional Housing,50,Department of Family and Support Services,2942,Emergency and Transitional Housing,0005,SALARIES AND WAGES - ON PAYROLL,0,0,185099
GRANTS,0Y56,Emergency and Transitional Housing,50,Department of Family and Support Services,2942,Emergency and Transitional Housing,0044,FRINGE BENEFITS,0,0,83638
GRANTS,0Y56,Emergency and Transitional Housing,50,Department of Family and Support Services,2942,Emergency and Transitional Housing,0135,DELEGATE AGENCIES,0,0,4198914
GRANTS,0Y56,Emergency and Transitional Housing,50,Department of Family and Support Services,2942,Emergency and Transitional Housing,0140,PROFESSIONAL AND TECHNICAL SERVICES,0,0,2000
GRANTS,0Y56,Emergency and Transitional Housing,50,Department of Family and Support Services,2942,Emergency and Transitional Housing,0155,RENTAL OF PROPERTY,0,0,70000
GRANTS,0Y56,Emergency and Transitional Housing,50,Department of Family and Support Services,2942,Emergency and Transitional Housing,0157,RENTAL EQUIPMENT AND SERVICES,0,0,8195
GRANTS,0Y56,Emergency and Transitional Housing,50,Department of Family and Support Services,2942,Emergency and Transitional Housing,0159,LEASE/PURCHASE EQUIPMENT,0,0,8150
GRANTS,0Y56,Emergency and Transitional Housing,50,Department of Family and Support Services,2942,Emergency and Transitional Housing,0190,TELEPHONE - CENTREX BILLINGS,0,0,12803
GRANTS,0Y56,Emergency and Transitional Housing,50,Department of Family and Support Services,2942,Emergency and Transitional Housing,9651,REIMBURSEMENT - INDIRECT COSTS,0,0,241917
GRANTS,0Y57,Area Plan on Aging,50,Department of Family and Support Services,2904,Area Plan on Aging,0003,SCHEDULED WAGE ADJUSTMENTS,0,0,121521
GRANTS,0Y57,Area Plan on Aging,50,Department of Family and Support Services,2904,Area Plan on Aging,0005,SALARIES AND WAGES - ON PAYROLL,0,0,6208848
GRANTS,0Y57,Area Plan on Aging,50,Department of Family and Support Services,2904,Area Plan on Aging,0006,SALARY PROVISION,0,0,2994286
GRANTS,0Y57,Area Plan on Aging,50,Department of Family and Support Services,2904,Area Plan on Aging,0015,SCHEDULE SALARY ADJUSTMENTS,0,0,26331
GRANTS,0Y57,Area Plan on Aging,50,Department of Family and Support Services,2904,Area Plan on Aging,0044,FRINGE BENEFITS,0,0,2843691
GRANTS,0Y57,Area Plan on Aging,50,Department of Family and Support Services,2904,Area Plan on Aging,0130,POSTAGE,0,0,10163
GRANTS,0Y57,Area Plan on Aging,50,Department of Family and Support Services,2904,Area Plan on Aging,0135,DELEGATE AGENCIES,0,0,5964980
GRANTS,0Y57,Area Plan on Aging,50,Department of Family and Support Services,2904,Area Plan on Aging,0140,PROFESSIONAL AND TECHNICAL SERVICES,0,0,3117911
GRANTS,0Y57,Area Plan on Aging,50,Department of Family and Support Services,2904,Area Plan on Aging,0159,LEASE/PURCHASE EQUIPMENT,0,0,7500
GRANTS,0Y57,Area Plan on Aging,50,Department of Family and Support Services,2904,Area Plan on Aging,0166,"DUES, SUBSCRIPTIONS AND MEMBERSHIPS",0,0,2435
GRANTS,0Y57,Area Plan on Aging,50,Department of Family and Support Services,2904,Area Plan on Aging,0169,TECHNICAL MEETING COSTS,0,0,25000
GRANTS,0Y57,Area Plan on Aging,50,Department of Family and Support Services,2904,Area Plan on Aging,0190,TELEPHONE - CENTREX BILLINGS,0,0,123000
GRANTS,0Y57,Area Plan on Aging,50,Department of Family and Support Services,2904,Area Plan on Aging,0245,REIMBURSEMENT TO TRAVELERS,0,0,1500
GRANTS,0Y57,Area Plan on Aging,50,Department of Family and Support Services,2904,Area Plan on Aging,0270,LOCAL TRANSPORTATION,0,0,1500
GRANTS,0Y57,Area Plan on Aging,50,Department of Family and Support Services,2904,Area Plan on Aging,0340,MATERIAL AND SUPPLIES,0,0,10116
GRANTS,0Y57,Area Plan on Aging,50,Department of Family and Support Services,2904,Area Plan on Aging,0350,STATIONERY AND OFFICE SUPPLIES,0,0,4500
GRANTS,0Y57,Area Plan on Aging,50,Department of Family and Support Services,2904,Area Plan on Aging,0801,INDIRECT COSTS,0,0,575718
GRANTS,0Y57,Area Plan on Aging,50,Department of Family and Support Services,2904,Area Plan on Aging,0991,MATCHING AND SUPPLEMENTAL GRANTS,0,0,186000
GRANTS,0Y58,Domestic Violence Help Line,50,Department of Family and Support Services,2923,Chicago Domestic Violence Help Line,0140,PROFESSIONAL AND TECHNICAL SERVICES,0,0,455000
GRANTS,0Y58,Domestic Violence Help Line,50,Department of Family and Support Services,2923,Chicago Domestic Violence Help Line,0991,MATCHING AND SUPPLEMENTAL GRANTS,0,0,370000
GRANTS,0Y59,State Domestic Violence Help Line - Match,50,Department of Family and Support Services,2923,Chicago Domestic Violence Help Line,0140,PROFESSIONAL AND TECHNICAL SERVICES,0,0,181000
GRANTS,0Y60,Child Care Services,50,Department of Family and Support Services,2943,Child Care Services,0003,SCHEDULED WAGE ADJUSTMENTS,0,0,9087
GRANTS,0Y60,Child Care Services,50,Department of Family and Support Services,2943,Child Care Services,0005,SALARIES AND WAGES - ON PAYROLL,0,0,1200265
GRANTS,0Y60,Child Care Services,50,Department of Family and Support Services,2943,Child Care Services,0015,SCHEDULE SALARY ADJUSTMENTS,0,0,7165
GRANTS,0Y60,Child Care Services,50,Department of Family and Support Services,2943,Child Care Services,0044,FRINGE BENEFITS,0,0,547046
GRANTS,0Y60,Child Care Services,50,Department of Family and Support Services,2943,Child Care Services,0135,DELEGATE AGENCIES,0,0,17632162
GRANTS,0Y60,Child Care Services,50,Department of Family and Support Services,2943,Child Care Services,0140,PROFESSIONAL AND TECHNICAL SERVICES,0,0,258427
GRANTS,0Y60,Child Care Services,50,Department of Family and Support Services,2943,Child Care Services,0350,STATIONERY AND OFFICE SUPPLIES,0,0,8000
GRANTS,0Y60,Child Care Services,50,Department of Family and Support Services,2943,Child Care Services,0801,INDIRECT COSTS,0,0,1337848
GRANTS,0Y61,Head Start and Early Head Start,50,Department of Family and Support Services,2860,Head Start and Early Head Start,0003,SCHEDULED WAGE ADJUSTMENTS,0,0,60194
GRANTS,0Y61,Head Start and Early Head Start,50,Department of Family and Support Services,2860,Head Start and Early Head Start,0005,SALARIES AND WAGES - ON PAYROLL,0,0,4933689
GRANTS,0Y61,Head Start and Early Head Start,50,Department of Family and Support Services,2860,Head Start and Early Head Start,0015,SCHEDULE SALARY ADJUSTMENTS,0,0,43359
GRANTS,0Y61,Head Start and Early Head Start,50,Department of Family and Support Services,2860,Head Start and Early Head Start,0044,FRINGE BENEFITS,0,0,2280741
GRANTS,0Y61,Head Start and Early Head Start,50,Department of Family and Support Services,2860,Head Start and Early Head Start,0130,POSTAGE,0,0,21965
GRANTS,0Y61,Head Start and Early Head Start,50,Department of Family and Support Services,2860,Head Start and Early Head Start,0135,DELEGATE AGENCIES,0,0,109317423
GRANTS,0Y61,Head Start and Early Head Start,50,Department of Family and Support Services,2860,Head Start and Early Head Start,0140,PROFESSIONAL AND TECHNICAL SERVICES,0,0,23094270
GRANTS,0Y61,Head Start and Early Head Start,50,Department of Family and Support Services,2860,Head Start and Early Head Start,0152,ADVERTISING,0,0,500000
GRANTS,0Y61,Head Start and Early Head Start,50,Department of Family and Support Services,2860,Head Start and Early Head Start,0159,LEASE/PURCHASE EQUIPMENT,0,0,47789
GRANTS,0Y61,Head Start and Early Head Start,50,Department of Family and Support Services,2860,Head Start and Early Head Start,0166,"DUES, SUBSCRIPTIONS AND MEMBERSHIPS",0,0,1840031
GRANTS,0Y61,Head Start and Early Head Start,50,Department of Family and Support Services,2860,Head Start and Early Head Start,0169,TECHNICAL MEETING COSTS,0,0,50000
GRANTS,0Y61,Head Start and Early Head Start,50,Department of Family and Support Services,2860,Head Start and Early Head Start,0190,TELEPHONE - CENTREX BILLINGS,0,0,73943
GRANTS,0Y61,Head Start and Early Head Start,50,Department of Family and Support Services,2860,Head Start and Early Head Start,0197,TELEPHONE - MAINTENANCE,0,0,4988
GRANTS,0Y61,Head Start and Early Head Start,50,Department of Family and Support Services,2860,Head Start and Early Head Start,0245,REIMBURSEMENT TO TRAVELERS,0,0,10000
GRANTS,0Y61,Head Start and Early Head Start,50,Department of Family and Support Services,2860,Head Start and Early Head Start,0270,LOCAL TRANSPORTATION,0,0,5000
GRANTS,0Y61,Head Start and Early Head Start,50,Department of Family and Support Services,2860,Head Start and Early Head Start,0348,BOOKS AND RELATED MATERIAL,0,0,500000
GRANTS,0Y61,Head Start and Early Head Start,50,Department of Family and Support Services,2860,Head Start and Early Head Start,0350,STATIONERY AND OFFICE SUPPLIES,0,0,50000
GRANTS,0Y61,Head Start and Early Head Start,50,Department of Family and Support Services,2860,Head Start and Early Head Start,0801,INDIRECT COSTS,0,0,4166608
GRANTS,0Y62,Early Head Start - Child Care Partnership,50,Department of Family and Support Services,2860,Head Start and Early Head Start,0003,SCHEDULED WAGE ADJUSTMENTS,0,0,9872
GRANTS,0Y62,Early Head Start - Child Care Partnership,50,Department of Family and Support Services,2860,Head Start and Early Head Start,0005,SALARIES AND WAGES - ON PAYROLL,0,0,738309
GRANTS,0Y62,Early Head Start - Child Care Partnership,50,Department of Family and Support Services,2860,Head Start and Early Head Start,0015,SCHEDULE SALARY ADJUSTMENTS,0,0,4494
GRANTS,0Y62,Early Head Start - Child Care Partnership,50,Department of Family and Support Services,2860,Head Start and Early Head Start,0044,FRINGE BENEFITS,0,0,340065
GRANTS,0Y62,Early Head Start - Child Care Partnership,50,Department of Family and Support Services,2860,Head Start and Early Head Start,0135,DELEGATE AGENCIES,0,0,13378994
GRANTS,0Y62,Early Head Start - Child Care Partnership,50,Department of Family and Support Services,2860,Head Start and Early Head Start,0140,PROFESSIONAL AND TECHNICAL SERVICES,0,0,1475847
GRANTS,0Y62,Early Head Start - Child Care Partnership,50,Department of Family and Support Services,2860,Head Start and Early Head Start,0159,LEASE/PURCHASE EQUIPMENT,0,0,1730
GRANTS,0Y62,Early Head Start - Child Care Partnership,50,Department of Family and Support Services,2860,Head Start and Early Head Start,0166,"DUES, SUBSCRIPTIONS AND MEMBERSHIPS",0,0,252053
GRANTS,0Y62,Early Head Start - Child Care Partnership,50,Department of Family and Support Services,2860,Head Start and Early Head Start,0169,TECHNICAL MEETING COSTS,0,0,2100
GRANTS,0Y62,Early Head Start - Child Care Partnership,50,Department of Family and Support Services,2860,Head Start and Early Head Start,0245,REIMBURSEMENT TO TRAVELERS,0,0,4800
GRANTS,0Y62,Early Head Start - Child Care Partnership,50,Department of Family and Support Services,2860,Head Start and Early Head Start,0270,LOCAL TRANSPORTATION,0,0,500
GRANTS,0Y62,Early Head Start - Child Care Partnership,50,Department of Family and Support Services,2860,Head Start and Early Head Start,0348,BOOKS AND RELATED MATERIAL,0,0,50000
GRANTS,0Y62,Early Head Start - Child Care Partnership,50,Department of Family and Support Services,2860,Head Start and Early Head Start,0350,STATIONERY AND OFFICE SUPPLIES,0,0,5000
GRANTS,0Y62,Early Head Start - Child Care Partnership,50,Department of Family and Support Services,2860,Head Start and Early Head Start,0801,INDIRECT COSTS,0,0,536236
GRANTS,0Y63,Elder Abuse and Neglect,50,Department of Family and Support Services,2846,Elder Abuse and Neglect,0006,SALARY PROVISION,0,0,45000
GRANTS,0Y63,Elder Abuse and Neglect,50,Department of Family and Support Services,2846,Elder Abuse and Neglect,0801,INDIRECT COSTS,0,0,20000
GRANTS,0Y64,Foster Grandparents,50,Department of Family and Support Services,2815,Foster Grandparents,0005,SALARIES AND WAGES - ON PAYROLL,0,0,114881
GRANTS,0Y64,Foster Grandparents,50,Department of Family and Support Services,2815,Foster Grandparents,0044,FRINGE BENEFITS,0,0,53674
GRANTS,0Y64,Foster Grandparents,50,Department of Family and Support Services,2815,Foster Grandparents,0050,STIPENDS,0,0,311762
GRANTS,0Y64,Foster Grandparents,50,Department of Family and Support Services,2815,Foster Grandparents,0140,PROFESSIONAL AND TECHNICAL SERVICES,0,0,10534
GRANTS,0Y64,Foster Grandparents,50,Department of Family and Support Services,2815,Foster Grandparents,0229,TRANSPORTATION AND EXPENSE ALLOWANCE,0,0,56236
GRANTS,0Y64,Foster Grandparents,50,Department of Family and Support Services,2815,Foster Grandparents,0330,FOOD,0,0,22913
GRANTS,0Y64,Foster Grandparents,50,Department of Family and Support Services,2815,Foster Grandparents,0991,MATCHING AND SUPPLEMENTAL GRANTS,0,0,245000
GRANTS,0Y65,State Foster Grandparents,50,Department of Family and Support Services,2815,Foster Grandparents,0140,PROFESSIONAL AND TECHNICAL SERVICES,0,0,28000
GRANTS,0Y65,State Foster Grandparents,50,Department of Family and Support Services,2815,Foster Grandparents,0330,FOOD,0,0,4000
GRANTS,0Y65,State Foster Grandparents,50,Department of Family and Support Services,2815,Foster Grandparents,0340,MATERIAL AND SUPPLIES,0,0,4000
GRANTS,0Y66,Long Term Care Ombudsman Program - CMP,50,Department of Family and Support Services,2836,Long Term Care Ombudsman Program - CMP,0006,SALARY PROVISION,0,0,120000
GRANTS,0Y67,Long Term Care System Development,50,Department of Family and Support Services,2820,Long Term Care System Development,0006,SALARY PROVISION,0,0,62000
GRANTS,0Y68,Medicare Improvements for Patients and Providers Act,50,Department of Family and Support Services,2937,Medicare Improvements for Patients and Providers Act,0005,SALARIES AND WAGES - ON PAYROLL,0,0,75760
GRANTS,0Y68,Medicare Improvements for Patients and Providers Act,50,Department of Family and Support Services,2937,Medicare Improvements for Patients and Providers Act,0044,FRINGE BENEFITS,0,0,34240
GRANTS,0Y69,Senior Employment Specialist,50,Department of Family and Support Services,2807,OAA Title V / Senior Community Service Employment,0005,SALARIES AND WAGES - ON PAYROLL,0,0,87219
GRANTS,0Y69,Senior Employment Specialist,50,Department of Family and Support Services,2807,OAA Title V / Senior Community Service Employment,0044,FRINGE BENEFITS,0,0,39410
GRANTS,0Y69,Senior Employment Specialist,50,Department of Family and Support Services,2807,OAA Title V / Senior Community Service Employment,0050,STIPENDS,0,0,395881
GRANTS,0Y69,Senior Employment Specialist,50,Department of Family and Support Services,2807,OAA Title V / Senior Community Service Employment,0125,OFFICE AND BUILDING SERVICES,0,0,10000
GRANTS,0Y69,Senior Employment Specialist,50,Department of Family and Support Services,2807,OAA Title V / Senior Community Service Employment,0135,DELEGATE AGENCIES,0,0,130000
GRANTS,0Y69,Senior Employment Specialist,50,Department of Family and Support Services,2807,OAA Title V / Senior Community Service Employment,0140,PROFESSIONAL AND TECHNICAL SERVICES,0,0,2800
GRANTS,0Y69,Senior Employment Specialist,50,Department of Family and Support Services,2807,OAA Title V / Senior Community Service Employment,0801,INDIRECT COSTS,0,0,30690
GRANTS,0Y69,Senior Employment Specialist,50,Department of Family and Support Services,2807,OAA Title V / Senior Community Service Employment,0991,MATCHING AND SUPPLEMENTAL GRANTS,0,0,130000
GRANTS,0Y70,State Senior Employment Specialist,50,Department of Family and Support Services,2807,OAA Title V / Senior Community Service Employment,0006,SALARY PROVISION,0,0,22000
GRANTS,0Y71,State Senior Companion Match,50,Department of Family and Support Services,2868,Senior Companion Project - Action,0050,STIPENDS,0,0,16000
GRANTS,0Y72,Senior Health Assistance,50,Department of Family and Support Services,2946,Senior Health Assistance Program,0005,SALARIES AND WAGES - ON PAYROLL,0,0,209788
GRANTS,0Y72,Senior Health Assistance,50,Department of Family and Support Services,2946,Senior Health Assistance Program,0006,SALARY PROVISION,0,0,37419
GRANTS,0Y72,Senior Health Assistance,50,Department of Family and Support Services,2946,Senior Health Assistance Program,0044,FRINGE BENEFITS,0,0,94793
GRANTS,0Y73,Senior Medicare Patrol,50,Department of Family and Support Services,2945,Senior Medicare Patrol,0135,DELEGATE AGENCIES,0,0,23000
GRANTS,0Y75,Title XX Donated Funds,50,Department of Family and Support Services,2873,Title XX Donated Funds,0006,SALARY PROVISION,0,0,7124
GRANTS,0Y75,Title XX Donated Funds,50,Department of Family and Support Services,2873,Title XX Donated Funds,0135,DELEGATE AGENCIES,0,0,1516635
GRANTS,0Y75,Title XX Donated Funds,50,Department of Family and Support Services,2873,Title XX Donated Funds,0801,INDIRECT COSTS,0,0,4241
GRANTS,0Y78,Alzheimer's Disease Program Initiative,50,Department of Family and Support Services,2964,Alzheimer's Disease Program Initiatiive,0003,SCHEDULED WAGE ADJUSTMENTS,0,0,2635
GRANTS,0Y78,Alzheimer's Disease Program Initiative,50,Department of Family and Support Services,2964,Alzheimer's Disease Program Initiatiive,0005,SALARIES AND WAGES - ON PAYROLL,0,0,156203
GRANTS,0Y78,Alzheimer's Disease Program Initiative,50,Department of Family and Support Services,2964,Alzheimer's Disease Program Initiatiive,0015,SCHEDULE SALARY ADJUSTMENTS,0,0,876
GRANTS,0Y78,Alzheimer's Disease Program Initiative,50,Department of Family and Support Services,2964,Alzheimer's Disease Program Initiatiive,0044,FRINGE BENEFITS,0,0,80545
GRANTS,0Y78,Alzheimer's Disease Program Initiative,50,Department of Family and Support Services,2964,Alzheimer's Disease Program Initiatiive,0140,PROFESSIONAL AND TECHNICAL SERVICES,1000000,1000000,393981
GRANTS,0Y78,Alzheimer's Disease Program Initiative,50,Department of Family and Support Services,2964,Alzheimer's Disease Program Initiatiive,0801,INDIRECT COSTS,0,0,211091
GRANTS,0Y78,Alzheimer's Disease Program Initiative,50,Department of Family and Support Services,2964,Alzheimer's Disease Program Initiatiive,0991,MATCHING AND SUPPLEMENTAL GRANTS,0,0,221669
GRANTS,0V35,Securing the Cities,51,Office of Public Safety Administration,2820,Securing the City,0003,SCHEDULED WAGE ADJUSTMENTS,0,0,6949
GRANTS,0V35,Securing the Cities,51,Office of Public Safety Administration,2820,Securing the City,0005,SALARIES AND WAGES - ON PAYROLL,0,0,172832
GRANTS,0V99,Edward Byrne Memorial Justice Assistance Grant (JAG),51,Office of Public Safety Administration,2810,Edward Byrne Memorial Justice Assistance Grant (JAG),0005,SALARIES AND WAGES - ON PAYROLL,0,0,104011
GRANTS,0V99,Edward Byrne Memorial Justice Assistance Grant (JAG),51,Office of Public Safety Administration,2810,Edward Byrne Memorial Justice Assistance Grant (JAG),0044,FRINGE BENEFITS,0,0,46989
GRANTS,0W96,Urban Areas Security Initiative,51,Office of Public Safety Administration,2815,Urban Areas Security Initiative,0003,SCHEDULED WAGE ADJUSTMENTS,0,0,45047
GRANTS,0W96,Urban Areas Security Initiative,51,Office of Public Safety Administration,2815,Urban Areas Security Initiative,0005,SALARIES AND WAGES - ON PAYROLL,0,0,1657377
GRANTS,0W96,Urban Areas Security Initiative,51,Office of Public Safety Administration,2815,Urban Areas Security Initiative,0015,SCHEDULE SALARY ADJUSTMENTS,0,0,5989
GRANTS,0W96,Urban Areas Security Initiative,51,Office of Public Safety Administration,2815,Urban Areas Security Initiative,0044,FRINGE BENEFITS,0,0,764587
GRANTS,0J63,Community Development Block Grant - Disaster Recovery,54,Department of Planning and Development,2880,Community Development Block Grant - Disaster Recovery,0140,PROFESSIONAL AND TECHNICAL SERVICES,1933000,1933000,0
GRANTS,0V40,Conservation Innovation Program,54,Department of Planning and Development,2884,Conservation Innovation,0003,SCHEDULED WAGE ADJUSTMENTS,0,0,3093
GRANTS,0V40,Conservation Innovation Program,54,Department of Planning and Development,2884,Conservation Innovation,0005,SALARIES AND WAGES - ON PAYROLL,82476,82476,80002
GRANTS,0V40,Conservation Innovation Program,54,Department of Planning and Development,2884,Conservation Innovation,0044,FRINGE BENEFITS,33436,33436,36149
GRANTS,0V40,Conservation Innovation Program,54,Department of Planning and Development,2884,Conservation Innovation,0140,PROFESSIONAL AND TECHNICAL SERVICES,814088,814088,580756
GRANTS,0V78,Corridor Study Technical Assistance,54,Department of Planning and Development,2890,Corridor Study Technical Assistance,0140,PROFESSIONAL AND TECHNICAL SERVICES,143000,143000,0
GRANTS,0V79,Corridor Study Technical Assistance - Match,54,Department of Planning and Development,2891,Corridor Study Technical Assistance - MATCH,0140,PROFESSIONAL AND TECHNICAL SERVICES,8000,8000,0
GRANTS,0W74,Home Program,54,Department of Planning and Development,2819,Home Investment Partnership,0005,SALARIES AND WAGES - ON PAYROLL,0,0,97919
GRANTS,0W74,Home Program,54,Department of Planning and Development,2819,Home Investment Partnership,0044,FRINGE BENEFITS,0,0,43081
GRANTS,0W85,African American Civil Rights Preservation,54,Department of Planning and Development,2888,African American Civil Rights Preservation,0140,PROFESSIONAL AND TECHNICAL SERVICES,446000,446000,446000
GRANTS,0W87,Green Infrastructure Program,54,Department of Planning and Development,2887,Green Infrastructure Program,0140,PROFESSIONAL AND TECHNICAL SERVICES,500000,500000,500000
GRANTS,0191,Asset Forfeiture - State,57,Chicago Police Department,2817,Asset Forfeiture - State,0140,PROFESSIONAL AND TECHNICAL SERVICES,85000,85000,335000
GRANTS,0191,Asset Forfeiture - State,57,Chicago Police Department,2817,Asset Forfeiture - State,0157,RENTAL EQUIPMENT AND SERVICES,1320000,1320000,1800000
GRANTS,0191,Asset Forfeiture - State,57,Chicago Police Department,2817,Asset Forfeiture - State,0445,TECHNICAL AND SCIENTIFIC EQUIPMENT,1673000,1673000,0
GRANTS,0191,Asset Forfeiture - State,57,Chicago Police Department,2817,Asset Forfeiture - State,0451,VEHICLES - POLICE AND FIRE,1030000,1030000,0
GRANTS,0657,Police Program,57,Chicago Police Department,2816,Asset Forfeiture - Federal,0140,PROFESSIONAL AND TECHNICAL SERVICES,827000,827000,300000
GRANTS,0B17,Asset Forfeiture - Federal,57,Chicago Police Department,2816,Asset Forfeiture - Federal,0140,PROFESSIONAL AND TECHNICAL SERVICES,4399000,4399000,4740000
GRANTS,0K76,Get Behind the Vest,57,Chicago Police Department,2999,Get Behind the Vest,0340,MATERIAL AND SUPPLIES,267000,267000,212000
GRANTS,0K79,Optimizing Video Technology in Urban Policing,57,Chicago Police Department,280D,Optimizing Video Technology in Urban Policing,0020,OVERTIME,240000,240000,0
GRANTS,0K94,Urban Areas Security Initiative,57,Chicago Police Department,280V,Urban Areas Security Initiative,0140,PROFESSIONAL AND TECHNICAL SERVICES,2676000,2676000,0
GRANTS,0P87,CPD - Private Grants,57,Chicago Police Department,2854,CPD - Private Grants,0140,PROFESSIONAL AND TECHNICAL SERVICES,4038000,4038000,3788000
GRANTS,0U88,National Explosives Detection Canine Team,57,Chicago Police Department,2882,National Explosives Detection Canine Team Program,0140,PROFESSIONAL AND TECHNICAL SERVICES,0,0,758000
GRANTS,0V03,Edward Byrne Memorial Justice Assistance Grant (JAG),57,Chicago Police Department,2996,Edward Byrne Memorial Justice Assistance Grant (JAG),0135,DELEGATE AGENCIES,600000,600000,0
GRANTS,0V07,Community Policing Development,57,Chicago Police Department,2909,Community Policing Development,0140,PROFESSIONAL AND TECHNICAL SERVICES,80000,80000,80000
GRANTS,0V13,National Explosives Detection Canine Team,57,Chicago Police Department,2882,National Explosives Detection Canine Team Program,0006,SALARY PROVISION,165000,165000,0
GRANTS,0V13,National Explosives Detection Canine Team,57,Chicago Police Department,2882,National Explosives Detection Canine Team Program,0140,PROFESSIONAL AND TECHNICAL SERVICES,8000,8000,0
GRANTS,0V13,National Explosives Detection Canine Team,57,Chicago Police Department,2882,National Explosives Detection Canine Team Program,0176,MAINTENANCE AND OPERATION - VEHICLES,16000,16000,0
GRANTS,0V13,National Explosives Detection Canine Team,57,Chicago Police Department,2882,National Explosives Detection Canine Team Program,0320,GASOLINE,10000,10000,0
GRANTS,0V13,National Explosives Detection Canine Team,57,Chicago Police Department,2882,National Explosives Detection Canine Team Program,0330,FOOD,13000,13000,0
GRANTS,0V13,National Explosives Detection Canine Team,57,Chicago Police Department,2882,National Explosives Detection Canine Team Program,0421,MACHINERY AND EQUIPMENT,109000,109000,0
GRANTS,0V14,Transit Security,57,Chicago Police Department,2921,Transit Security,0020,OVERTIME,120000,120000,0
GRANTS,0V17,Smart Policing Innovation,57,Chicago Police Department,2982,Smart Policing Innovation,0140,PROFESSIONAL AND TECHNICAL SERVICES,260000,260000,0
GRANTS,0V18,Cops Hiring Program,57,Chicago Police Department,2983,COPS Hiring Program,0005,SALARIES AND WAGES - ON PAYROLL,922511,922511,0
GRANTS,0V18,Cops Hiring Program,57,Chicago Police Department,2983,COPS Hiring Program,0015,SCHEDULE SALARY ADJUSTMENTS,62600,62600,0
GRANTS,0V18,Cops Hiring Program,57,Chicago Police Department,2983,COPS Hiring Program,0044,FRINGE BENEFITS,734889,734889,0
GRANTS,0V18,Cops Hiring Program,57,Chicago Police Department,2983,COPS Hiring Program,0140,PROFESSIONAL AND TECHNICAL SERVICES,892000,892000,0
GRANTS,0V19,Edward Byrne Memorial Justice Assistance Grant (JAG),57,Chicago Police Department,2996,Edward Byrne Memorial Justice Assistance Grant (JAG),0140,PROFESSIONAL AND TECHNICAL SERVICES,2202000,2202000,975000
GRANTS,0V27,Urban Areas Security Initiative,57,Chicago Police Department,280V,Urban Areas Security Initiative,0140,PROFESSIONAL AND TECHNICAL SERVICES,5066000,5066000,2750000
GRANTS,0V49,Cops Hiring Program,57,Chicago Police Department,2983,COPS Hiring Program,0005,SALARIES AND WAGES - ON PAYROLL,1021657,1021657,1663938
GRANTS,0V49,Cops Hiring Program,57,Chicago Police Department,2983,COPS Hiring Program,0006,SALARY PROVISION,1616072,1616072,610527
GRANTS,0V49,Cops Hiring Program,57,Chicago Police Department,2983,COPS Hiring Program,0015,SCHEDULE SALARY ADJUSTMENTS,0,0,48675
GRANTS,0V49,Cops Hiring Program,57,Chicago Police Department,2983,COPS Hiring Program,0044,FRINGE BENEFITS,487271,487271,751860
GRANTS,0V50,Edward Byrne Memorial Justice Assistance,57,Chicago Police Department,2996,Edward Byrne Memorial Justice Assistance Grant (JAG),0003,SCHEDULED WAGE ADJUSTMENTS,0,0,18815
GRANTS,0V50,Edward Byrne Memorial Justice Assistance,57,Chicago Police Department,2996,Edward Byrne Memorial Justice Assistance Grant (JAG),0005,SALARIES AND WAGES - ON PAYROLL,0,0,501725
GRANTS,0V50,Edward Byrne Memorial Justice Assistance,57,Chicago Police Department,2996,Edward Byrne Memorial Justice Assistance Grant (JAG),0044,FRINGE BENEFITS,0,0,219906
GRANTS,0V50,Edward Byrne Memorial Justice Assistance,57,Chicago Police Department,2996,Edward Byrne Memorial Justice Assistance Grant (JAG),0140,PROFESSIONAL AND TECHNICAL SERVICES,2269000,2269000,1528554
GRANTS,0V54,Transit Security Program,57,Chicago Police Department,2921,Transit Security,0006,SALARY PROVISION,1036000,1036000,0
GRANTS,0V54,Transit Security Program,57,Chicago Police Department,2921,Transit Security,0020,OVERTIME,0,0,193000
GRANTS,0V54,Transit Security Program,57,Chicago Police Department,2921,Transit Security,0140,PROFESSIONAL AND TECHNICAL SERVICES,0,0,113000
GRANTS,0V58,Body Worn Cameras,57,Chicago Police Department,280H,Body Worn Cameras,0140,PROFESSIONAL AND TECHNICAL SERVICES,99000,99000,0
GRANTS,0V58,Body Worn Cameras,57,Chicago Police Department,280H,Body Worn Cameras,0245,REIMBURSEMENT TO TRAVELERS,3000,3000,0
GRANTS,0V58,Body Worn Cameras,57,Chicago Police Department,280H,Body Worn Cameras,0445,TECHNICAL AND SCIENTIFIC EQUIPMENT,339000,339000,0
GRANTS,0V58,Body Worn Cameras,57,Chicago Police Department,280H,Body Worn Cameras,0801,INDIRECT COSTS,27000,27000,0
GRANTS,0V59,Port Security,57,Chicago Police Department,280N,Port Security,0140,PROFESSIONAL AND TECHNICAL SERVICES,570000,570000,570000
GRANTS,0V61,Urban Area Security Initiative,57,Chicago Police Department,280V,Urban Areas Security Initiative,0140,PROFESSIONAL AND TECHNICAL SERVICES,6914000,6914000,6422000
GRANTS,0V68,Project Safe Neighborhood,57,Chicago Police Department,2859,Project Safe Neighborhoods,0140,PROFESSIONAL AND TECHNICAL SERVICES,473000,473000,450000
GRANTS,0V68,Project Safe Neighborhood,57,Chicago Police Department,2859,Project Safe Neighborhoods,0245,REIMBURSEMENT TO TRAVELERS,3000,3000,0
GRANTS,0V68,Project Safe Neighborhood,57,Chicago Police Department,2859,Project Safe Neighborhoods,0801,INDIRECT COSTS,24000,24000,0
GRANTS,0V69,Technology Innovation for Public Safety,57,Chicago Police Department,2811,Technology Opportunities for Public Safety,0140,PROFESSIONAL AND TECHNICAL SERVICES,445000,445000,445000
GRANTS,0V75,First Responders Comprehensive Addiction and Recovery,57,Chicago Police Department,280Q,First Responders Comprehensive Addiction and Recovery,0140,PROFESSIONAL AND TECHNICAL SERVICES,1000000,1000000,966000
GRANTS,0V80,Body Worn Cameras,57,Chicago Police Department,280H,Body Worn Cameras,0140,PROFESSIONAL AND TECHNICAL SERVICES,464000,464000,0
GRANTS,0V84,Cops Hiring Program,57,Chicago Police Department,2983,COPS Hiring Program,0006,SALARY PROVISION,5912000,5912000,8251000
GRANTS,0V85,Port Security - Match,57,Chicago Police Department,280N,Port Security,0140,PROFESSIONAL AND TECHNICAL SERVICES,199000,199000,199000
GRANTS,0V86,Local Law Enforcement Crime Gun Intelligence Integration,57,Chicago Police Department,280R,Local Law Enforcement Crime Gun Intelligence Integration,0140,PROFESSIONAL AND TECHNICAL SERVICES,0,0,552000
GRANTS,0V87,Port Security,57,Chicago Police Department,280N,Port Security,0340,MATERIAL AND SUPPLIES,243000,243000,243000
GRANTS,0V88,Port Security,57,Chicago Police Department,280N,Port Security,0140,PROFESSIONAL AND TECHNICAL SERVICES,261000,261000,261000
GRANTS,0V89,Justice and Mental Health Collaboration,57,Chicago Police Department,2935,Justice and Mental Health Collaboration,0140,PROFESSIONAL AND TECHNICAL SERVICES,746000,746000,746000
GRANTS,0V91,Transit Security,57,Chicago Police Department,2921,Transit Security,0005,SALARIES AND WAGES - ON PAYROLL,1208159,1208159,2108643
GRANTS,0V91,Transit Security,57,Chicago Police Department,2921,Transit Security,0006,SALARY PROVISION,4487395,4487395,2459149
GRANTS,0V91,Transit Security,57,Chicago Police Department,2921,Transit Security,0015,SCHEDULE SALARY ADJUSTMENTS,4463,4463,0
GRANTS,0V91,Transit Security,57,Chicago Police Department,2921,Transit Security,0044,FRINGE BENEFITS,557983,557983,1080208
GRANTS,0V93,Sustained Traffic Enforcement Program,57,Chicago Police Department,2968,Sustained Traffic Enforcement Program,0140,PROFESSIONAL AND TECHNICAL SERVICES,663000,663000,663000
GRANTS,0V95,Local Alcohol Program,57,Chicago Police Department,2995,Local Alcohol Program,0140,PROFESSIONAL AND TECHNICAL SERVICES,502000,502000,497000
GRANTS,0V97,Injury Prevention,57,Chicago Police Department,2987,Injury Prevention,0140,PROFESSIONAL AND TECHNICAL SERVICES,119000,119000,112000
GRANTS,0V99,Edward Byrne Memorial Justice Assistance Grant (JAG),57,Chicago Police Department,2996,Edward Byrne Memorial Justice Assistance Grant (JAG),0140,PROFESSIONAL AND TECHNICAL SERVICES,0,0,2149000
GRANTS,0W49,Chicago Southside Early Diversion Program,57,Chicago Police Department,280W,Chicago Southside Early Diversion Program,0140,PROFESSIONAL AND TECHNICAL SERVICES,65000,65000,0
GRANTS,0W50,Motor Vehicle Theft Prevention,57,Chicago Police Department,2945,Motor Vehicle Theft Prevention,0006,SALARY PROVISION,0,0,214000
GRANTS,0W50,Motor Vehicle Theft Prevention,57,Chicago Police Department,2945,Motor Vehicle Theft Prevention,0020,OVERTIME,0,0,686000
GRANTS,0W50,Motor Vehicle Theft Prevention,57,Chicago Police Department,2945,Motor Vehicle Theft Prevention,0140,PROFESSIONAL AND TECHNICAL SERVICES,804000,804000,194000
GRANTS,0W50,Motor Vehicle Theft Prevention,57,Chicago Police Department,2945,Motor Vehicle Theft Prevention,0245,REIMBURSEMENT TO TRAVELERS,0,0,6000
GRANTS,0W50,Motor Vehicle Theft Prevention,57,Chicago Police Department,2945,Motor Vehicle Theft Prevention,0340,MATERIAL AND SUPPLIES,0,0,112000
GRANTS,0W50,Motor Vehicle Theft Prevention,57,Chicago Police Department,2945,Motor Vehicle Theft Prevention,0421,MACHINERY AND EQUIPMENT,0,0,352000
GRANTS,0W50,Motor Vehicle Theft Prevention,57,Chicago Police Department,2945,Motor Vehicle Theft Prevention,0801,INDIRECT COSTS,0,0,44000
GRANTS,0W51,National Crime Statistics - Exchange Implementation,57,Chicago Police Department,2881,Special Data Collections and Statistical Studies,0140,PROFESSIONAL AND TECHNICAL SERVICES,503000,503000,503000
GRANTS,0W84,Injury Prevention,57,Chicago Police Department,2987,Injury Prevention,0140,PROFESSIONAL AND TECHNICAL SERVICES,210000,210000,0
GRANTS,0W88,Innovations in Community Based Crime Reduction,57,Chicago Police Department,280S,Byrne Criminal Justice Innovation Program,0020,OVERTIME,324000,324000,325000
GRANTS,0W88,Innovations in Community Based Crime Reduction,57,Chicago Police Department,280S,Byrne Criminal Justice Innovation Program,0245,REIMBURSEMENT TO TRAVELERS,1000,1000,0
GRANTS,0W91,Injury Prevention - Pedestrian Safety,57,Chicago Police Department,2987,Injury Prevention,0140,PROFESSIONAL AND TECHNICAL SERVICES,0,0,119000
GRANTS,0W92,Safe Routes to Schools,57,Chicago Police Department,2912,Safe Routes to Schools,0340,MATERIAL AND SUPPLIES,150000,150000,150000
GRANTS,0W93,Violence Against Women - Domestic Violence Response,57,Chicago Police Department,2844,Violence Against Women - Domestic Violence Protection,0003,SCHEDULED WAGE ADJUSTMENTS,0,0,2828
GRANTS,0W93,Violence Against Women - Domestic Violence Response,57,Chicago Police Department,2844,Violence Against Women - Domestic Violence Protection,0005,SALARIES AND WAGES - ON PAYROLL,0,0,73146
GRANTS,0W93,Violence Against Women - Domestic Violence Response,57,Chicago Police Department,2844,Violence Against Women - Domestic Violence Protection,0015,SCHEDULE SALARY ADJUSTMENTS,0,0,1283
GRANTS,0W93,Violence Against Women - Domestic Violence Response,57,Chicago Police Department,2844,Violence Against Women - Domestic Violence Protection,0044,FRINGE BENEFITS,0,0,33051
GRANTS,0W93,Violence Against Women - Domestic Violence Response,57,Chicago Police Department,2844,Violence Against Women - Domestic Violence Protection,0140,PROFESSIONAL AND TECHNICAL SERVICES,0,0,23692
GRANTS,0W94,Violence Against Women - Sexual Assault,57,Chicago Police Department,2842,Violence Against Women - Sexual Assault Program,0140,PROFESSIONAL AND TECHNICAL SERVICES,0,0,71000
GRANTS,0W96,Urban Areas Security Initiative,57,Chicago Police Department,280V,Urban Areas Security Initiative,0003,SCHEDULED WAGE ADJUSTMENTS,0,0,3485
GRANTS,0W96,Urban Areas Security Initiative,57,Chicago Police Department,280V,Urban Areas Security Initiative,0005,SALARIES AND WAGES - ON PAYROLL,0,0,78989
GRANTS,0W96,Urban Areas Security Initiative,57,Chicago Police Department,280V,Urban Areas Security Initiative,0044,FRINGE BENEFITS,0,0,40730
GRANTS,0W96,Urban Areas Security Initiative,57,Chicago Police Department,280V,Urban Areas Security Initiative,0140,PROFESSIONAL AND TECHNICAL SERVICES,0,0,7093796
GRANTS,0W98,Death Penalty Abolition,57,Chicago Police Department,280X,Death Penalty Abolition,0140,PROFESSIONAL AND TECHNICAL SERVICES,254000,254000,0
GRANTS,0Z66,Cops Hiring Program,57,Chicago Police Department,2983,COPS Hiring Program,0005,SALARIES AND WAGES - ON PAYROLL,0,0,1021657
GRANTS,0Z66,Cops Hiring Program,57,Chicago Police Department,2983,COPS Hiring Program,0006,SALARY PROVISION,0,0,2693528
GRANTS,0Z66,Cops Hiring Program,57,Chicago Police Department,2983,COPS Hiring Program,0044,FRINGE BENEFITS,0,0,526815
GRANTS,0Z67,Cops Hiring Program,57,Chicago Police Department,2983,COPS Hiring Program,0005,SALARIES AND WAGES - ON PAYROLL,0,0,1021657
GRANTS,0Z67,Cops Hiring Program,57,Chicago Police Department,2983,COPS Hiring Program,0006,SALARY PROVISION,0,0,2693528
GRANTS,0Z67,Cops Hiring Program,57,Chicago Police Department,2983,COPS Hiring Program,0044,FRINGE BENEFITS,0,0,526815
GRANTS,0Z69,Transit Security,57,Chicago Police Department,2921,Transit Security,0140,PROFESSIONAL AND TECHNICAL SERVICES,0,0,7945000
GRANTS,0Z70,Paul Coverdell Forensic Science Improvement,57,Chicago Police Department,280A,Paul Coverdell Forensic Science Improvement,0140,PROFESSIONAL AND TECHNICAL SERVICES,0,0,250000
GRANTS,0Z71,BJA Body Worn Cameras,57,Chicago Police Department,280H,Body Worn Cameras,0140,PROFESSIONAL AND TECHNICAL SERVICES,605000,605000,640000
GRANTS,0Z71,BJA Body Worn Cameras,57,Chicago Police Department,280H,Body Worn Cameras,0245,REIMBURSEMENT TO TRAVELERS,3000,3000,0
GRANTS,0Z71,BJA Body Worn Cameras,57,Chicago Police Department,280H,Body Worn Cameras,0801,INDIRECT COSTS,32000,32000,0
GRANTS,0Z72,BJA Body Worn Cameras,57,Chicago Police Department,280H,Body Worn Cameras,0140,PROFESSIONAL AND TECHNICAL SERVICES,640000,640000,640000
GRANTS,0Z73,Port Security,57,Chicago Police Department,280N,Port Security,0140,PROFESSIONAL AND TECHNICAL SERVICES,0,0,1287000
GRANTS,0Z74,Sustained Traffic Enforcement Program,57,Chicago Police Department,2968,Sustained Traffic Enforcement Program,0140,PROFESSIONAL AND TECHNICAL SERVICES,0,0,663000
GRANTS,0Z76,Smart Policing Innovation,57,Chicago Police Department,2982,Smart Policing Innovation,0140,PROFESSIONAL AND TECHNICAL SERVICES,0,0,662000
GRANTS,0Z79,Violence Against Women Act - Domestic Violence Program,57,Chicago Police Department,2844,Violence Against Women - Domestic Violence Protection,0005,SALARIES AND WAGES - ON PAYROLL,69566,69566,0
GRANTS,0Z79,Violence Against Women Act - Domestic Violence Program,57,Chicago Police Department,2844,Violence Against Women - Domestic Violence Protection,0015,SCHEDULE SALARY ADJUSTMENTS,1197,1197,0
GRANTS,0Z79,Violence Against Women Act - Domestic Violence Program,57,Chicago Police Department,2844,Violence Against Women - Domestic Violence Protection,0044,FRINGE BENEFITS,20237,20237,0
GRANTS,0Z80,Violence Against Women Act - Domestic Violence Program,57,Chicago Police Department,2844,Violence Against Women - Domestic Violence Protection,0140,PROFESSIONAL AND TECHNICAL SERVICES,30000,30000,0
GRANTS,0Z81,Violence Against Women Act - Sexual Assault Response,57,Chicago Police Department,2842,Violence Against Women - Sexual Assault Program,0006,SALARY PROVISION,52000,52000,0
GRANTS,0Z82,Violence Against Women Act - Sexual Assault Response,57,Chicago Police Department,2842,Violence Against Women - Sexual Assault Program,0006,SALARY PROVISION,18000,18000,0
GRANTS,0Z83,Sustained Traffic Enforcement Program,57,Chicago Police Department,2968,Sustained Traffic Enforcement Program,0020,OVERTIME,381000,381000,0
GRANTS,0Z84,Injury Prevention - Pedestrian Safety,57,Chicago Police Department,2987,Injury Prevention,0020,OVERTIME,116000,116000,0
GRANTS,0Z85,Local Alcohol Program,57,Chicago Police Department,2995,Local Alcohol Program,0140,PROFESSIONAL AND TECHNICAL SERVICES,0,0,503000
GRANTS,0Z86,Local Alcohol Program,57,Chicago Police Department,2995,Local Alcohol Program,0020,OVERTIME,492000,492000,0
GRANTS,0K94,Urban Areas Security Initiative,58,Office of Emergency Management and Communications,2811,Urban Areas Security Initiative,0140,PROFESSIONAL AND TECHNICAL SERVICES,7265000,7265000,0
GRANTS,0M02,OEMC,58,Office of Emergency Management and Communications,2826,ComEd - Weather Emergency Grant,0140,PROFESSIONAL AND TECHNICAL SERVICES,47000,47000,0
GRANTS,0M02,OEMC,58,Office of Emergency Management and Communications,2835,Nextel Frequency Reconfiguration Project,0140,PROFESSIONAL AND TECHNICAL SERVICES,493000,493000,0
GRANTS,0M11,Federal U.S. Environmental Protection Agency,58,Office of Emergency Management and Communications,2888,Hazard Mitigation,0140,PROFESSIONAL AND TECHNICAL SERVICES,442000,442000,0
GRANTS,0U94,Port Security,58,Office of Emergency Management and Communications,2831,Port Security,0140,PROFESSIONAL AND TECHNICAL SERVICES,435000,435000,435000
GRANTS,0V26,Port Security,58,Office of Emergency Management and Communications,2831,Port Security,0140,PROFESSIONAL AND TECHNICAL SERVICES,547000,547000,547000
GRANTS,0V27,Urban Areas Security Initiative,58,Office of Emergency Management and Communications,2811,Urban Areas Security Initiative,0140,PROFESSIONAL AND TECHNICAL SERVICES,17711000,17711000,16322000
GRANTS,0V61,Urban Area Security Initiative,58,Office of Emergency Management and Communications,2811,Urban Areas Security Initiative,0005,SALARIES AND WAGES - ON PAYROLL,3376765,3376765,0
GRANTS,0V61,Urban Area Security Initiative,58,Office of Emergency Management and Communications,2811,Urban Areas Security Initiative,0015,SCHEDULE SALARY ADJUSTMENTS,18487,18487,0
GRANTS,0V61,Urban Area Security Initiative,58,Office of Emergency Management and Communications,2811,Urban Areas Security Initiative,0044,FRINGE BENEFITS,1435107,1435107,0
GRANTS,0V61,Urban Area Security Initiative,58,Office of Emergency Management and Communications,2811,Urban Areas Security Initiative,0140,PROFESSIONAL AND TECHNICAL SERVICES,19069641,19069641,18397000
GRANTS,0V62,Emergency Management Assistance,58,Office of Emergency Management and Communications,2820,Emergency Management Assistance,0006,SALARY PROVISION,567000,567000,0
GRANTS,0V63,Port Security,58,Office of Emergency Management and Communications,2831,Port Security,0140,PROFESSIONAL AND TECHNICAL SERVICES,1305000,1305000,1305000
GRANTS,0V72,Complex Coordinated Terrorist Attack,58,Office of Emergency Management and Communications,2900,Complex Coordinated Terrorist Attack,0140,PROFESSIONAL AND TECHNICAL SERVICES,700000,700000,700000
GRANTS,0V81,Port Security,58,Office of Emergency Management and Communications,2831,Port Security,0140,PROFESSIONAL AND TECHNICAL SERVICES,183000,183000,183000
GRANTS,0W68,Regional Catastrophic Preparedness,58,Office of Emergency Management and Communications,2885,Regional Catastrophic Preparedness,0140,PROFESSIONAL AND TECHNICAL SERVICES,0,0,1500000
GRANTS,0W95,Port Security,58,Office of Emergency Management and Communications,2831,Port Security,0140,PROFESSIONAL AND TECHNICAL SERVICES,0,0,816000
GRANTS,0W96,Urban Areas Security Initiative,58,Office of Emergency Management and Communications,2811,Urban Areas Security Initiative,0003,SCHEDULED WAGE ADJUSTMENTS,0,0,8538
GRANTS,0W96,Urban Areas Security Initiative,58,Office of Emergency Management and Communications,2811,Urban Areas Security Initiative,0005,SALARIES AND WAGES - ON PAYROLL,0,0,1391847
GRANTS,0W96,Urban Areas Security Initiative,58,Office of Emergency Management and Communications,2811,Urban Areas Security Initiative,0015,SCHEDULE SALARY ADJUSTMENTS,0,0,6025
GRANTS,0W96,Urban Areas Security Initiative,58,Office of Emergency Management and Communications,2811,Urban Areas Security Initiative,0044,FRINGE BENEFITS,0,0,636490
GRANTS,0W96,Urban Areas Security Initiative,58,Office of Emergency Management and Communications,2811,Urban Areas Security Initiative,0140,PROFESSIONAL AND TECHNICAL SERVICES,0,0,23773100
GRANTS,0W99,Hazardous Materials Emergency Preparedness,58,Office of Emergency Management and Communications,2825,Hazardous Materials Emergency Preparedness,0140,PROFESSIONAL AND TECHNICAL SERVICES,0,0,125000
GRANTS,0X69,Hazardous Materials Emergency Preparedness,58,Office of Emergency Management and Communications,2825,Hazardous Materials Emergency Preparedness,0140,PROFESSIONAL AND TECHNICAL SERVICES,80000,80000,0
GRANTS,0Y76,Preparedness and Response,58,Office of Emergency Management and Communications,2902,Preparedness and Response,0140,PROFESSIONAL AND TECHNICAL SERVICES,0,0,1000000
GRANTS,0Y99,Emergency Management Assistance,58,Office of Emergency Management and Communications,2820,Emergency Management Assistance,0140,PROFESSIONAL AND TECHNICAL SERVICES,0,0,625000
GRANTS,0Z94,Emergency Management Assistance,58,Office of Emergency Management and Communications,2820,Emergency Management Assistance,0006,SALARY PROVISION,625000,625000,625000
GRANTS,0Z95,Preparedness and Response,58,Office of Emergency Management and Communications,2902,Preparedness and Response,0140,PROFESSIONAL AND TECHNICAL SERVICES,389000,389000,0
GRANTS,0K94,Urban Areas Security Initiative,59,Chicago Fire Department,2825,Urban Areas Security Initiative,0140,PROFESSIONAL AND TECHNICAL SERVICES,2957000,2957000,0
GRANTS,0V27,Urban Areas Security Initiative,59,Chicago Fire Department,2825,Urban Areas Security Initiative,0140,PROFESSIONAL AND TECHNICAL SERVICES,3747000,3747000,3143000
GRANTS,0V35,Securing the Cities,59,Chicago Fire Department,2823,Securing the City,0005,SALARIES AND WAGES - ON PAYROLL,328459,328459,140838
GRANTS,0V35,Securing the Cities,59,Chicago Fire Department,2823,Securing the City,0044,FRINGE BENEFITS,133984,133984,63639
GRANTS,0V35,Securing the Cities,59,Chicago Fire Department,2823,Securing the City,0140,PROFESSIONAL AND TECHNICAL SERVICES,9460557,9460557,12499523
GRANTS,0V61,Urban Area Security Initiative,59,Chicago Fire Department,2825,Urban Areas Security Initiative,0140,PROFESSIONAL AND TECHNICAL SERVICES,5980000,5980000,5980000
GRANTS,0V64,Port Security,59,Chicago Fire Department,2824,Port Security,0140,PROFESSIONAL AND TECHNICAL SERVICES,207000,207000,194000
GRANTS,0V67,Fire Academy Training and Improvement,59,Chicago Fire Department,2810,Fire Academy Training and Improvement,0140,PROFESSIONAL AND TECHNICAL SERVICES,2802000,2802000,0
GRANTS,0V82,Port Security,59,Chicago Fire Department,2824,Port Security,0140,PROFESSIONAL AND TECHNICAL SERVICES,69000,69000,65000
GRANTS,0W96,Urban Areas Security Initiative,59,Chicago Fire Department,2825,Urban Areas Security Initiative,0140,PROFESSIONAL AND TECHNICAL SERVICES,0,0,6006000
GRANTS,0W97,Fire Academy Training and Improvement,59,Chicago Fire Department,2810,Fire Academy Training and Improvement,0005,SALARIES AND WAGES - ON PAYROLL,0,0,908028
GRANTS,0W97,Fire Academy Training and Improvement,59,Chicago Fire Department,2810,Fire Academy Training and Improvement,0015,SCHEDULE SALARY ADJUSTMENTS,0,0,1443
GRANTS,0W97,Fire Academy Training and Improvement,59,Chicago Fire Department,2810,Fire Academy Training and Improvement,0044,FRINGE BENEFITS,0,0,430858
GRANTS,0W97,Fire Academy Training and Improvement,59,Chicago Fire Department,2810,Fire Academy Training and Improvement,0140,PROFESSIONAL AND TECHNICAL SERVICES,0,0,1859671
GRANTS,0Z87,Fire Academy Training and Improvement,59,Chicago Fire Department,2810,Fire Academy Training and Improvement,0005,SALARIES AND WAGES - ON PAYROLL,998077,998077,0
GRANTS,0Z87,Fire Academy Training and Improvement,59,Chicago Fire Department,2810,Fire Academy Training and Improvement,0015,SCHEDULE SALARY ADJUSTMENTS,2335,2335,0
GRANTS,0Z87,Fire Academy Training and Improvement,59,Chicago Fire Department,2810,Fire Academy Training and Improvement,0044,FRINGE BENEFITS,414891,414891,0
GRANTS,0Z87,Fire Academy Training and Improvement,59,Chicago Fire Department,2810,Fire Academy Training and Improvement,0140,PROFESSIONAL AND TECHNICAL SERVICES,1422697,1422697,2838000
GRANTS,0Z88,Port Security,59,Chicago Fire Department,2824,Port Security,0140,PROFESSIONAL AND TECHNICAL SERVICES,751000,751000,751000
GRANTS,0Z89,Port Security,59,Chicago Fire Department,2824,Port Security,0140,PROFESSIONAL AND TECHNICAL SERVICES,251000,251000,251000
GRANTS,0Z91,Port Security,59,Chicago Fire Department,2824,Port Security,0140,PROFESSIONAL AND TECHNICAL SERVICES,0,0,1100000
GRANTS,0Z92,Assistance to Firefighters,59,Chicago Fire Department,2812,Assistance to Firefighters,0140,PROFESSIONAL AND TECHNICAL SERVICES,236000,236000,236000
GRANTS,0Z93,Assistance to Firefighters,59,Chicago Fire Department,2812,Assistance to Firefighters,0140,PROFESSIONAL AND TECHNICAL SERVICES,37000,37000,37000
GRANTS,0P20,Illinois Department of Commerce and Economic Opportunity,70,Department of Business Affairs and Consumer Protection,2815,Cable Local Origination,0003,SCHEDULED WAGE ADJUSTMENTS,0,0,19574
GRANTS,0P20,Illinois Department of Commerce and Economic Opportunity,70,Department of Business Affairs and Consumer Protection,2815,Cable Local Origination,0005,SALARIES AND WAGES - ON PAYROLL,353748,353748,500918
GRANTS,0P20,Illinois Department of Commerce and Economic Opportunity,70,Department of Business Affairs and Consumer Protection,2815,Cable Local Origination,0015,SCHEDULE SALARY ADJUSTMENTS,2259,2259,3662
GRANTS,0P20,Illinois Department of Commerce and Economic Opportunity,70,Department of Business Affairs and Consumer Protection,2815,Cable Local Origination,0044,FRINGE BENEFITS,143409,143409,228761
GRANTS,0P20,Illinois Department of Commerce and Economic Opportunity,70,Department of Business Affairs and Consumer Protection,2815,Cable Local Origination,0138,IT MAINTENANCE,36833,36833,17259
GRANTS,0P20,Illinois Department of Commerce and Economic Opportunity,70,Department of Business Affairs and Consumer Protection,2815,Cable Local Origination,0140,PROFESSIONAL AND TECHNICAL SERVICES,108978,108978,25978
GRANTS,0P20,Illinois Department of Commerce and Economic Opportunity,70,Department of Business Affairs and Consumer Protection,2815,Cable Local Origination,0446,PURCHASE - DATA HARDWARE,155323,155323,155323
GRANTS,0P20,Illinois Department of Commerce and Economic Opportunity,70,Department of Business Affairs and Consumer Protection,2815,Cable Local Origination,9046,OPERATIONS AND MAINTENANCE RESERVE,0,0,5371000
GRANTS,0P20,Illinois Department of Commerce and Economic Opportunity,70,Department of Business Affairs and Consumer Protection,2815,Cable Local Origination,9470,REIMBURSEMENT - BACP,685450,685450,534525
GRANTS,0W65,Tobacco Enforcement Grant,70,Department of Business Affairs and Consumer Protection,2801,Tobacco Enforcement Grant,0006,SALARY PROVISION,0,0,333000
GRANTS,0Z42,Tobacco Enforcement Grant,70,Department of Business Affairs and Consumer Protection,2801,Tobacco Enforcement Grant,0006,SALARY PROVISION,333000,333000,333000
GRANTS,0Z64,Tobacco Enforcement Grant,70,Department of Business Affairs and Consumer Protection,2801,Tobacco Enforcement Grant,0006,SALARY PROVISION,333000,333000,0
GRANTS,0L98,IDOT Transportation Funds,84,Chicago Department of Transportation,280E,IDOT Transportation Funds,0140,PROFESSIONAL AND TECHNICAL SERVICES,65200000,65200000,79600000
GRANTS,0L99,National Priority Safety,84,Chicago Department of Transportation,280G,National Priority Safety Program,0140,PROFESSIONAL AND TECHNICAL SERVICES,0,0,1033000
GRANTS,0M07,CDOT - Private Grants,84,Chicago Department of Transportation,2901,CDOT - Private Grants,0540,CONSTRUCTION OF BUILDINGS AND STRUCTURES,800000,800000,1000000
GRANTS,0W00,Chicago Metropolitan Agency for Planning (CMAP) Local Assistance Program,84,Chicago Department of Transportation,2968,Chicago Metropolitan Agency for Planning (CMAP) Local Assistance Program,0140,PROFESSIONAL AND TECHNICAL SERVICES,200000,200000,200000
GRANTS,0W01,Chicago Transit Authority Infrastructure Improvement,84,Chicago Department of Transportation,2996,Chicago Transit Authority Infrastructure Improvement,0140,PROFESSIONAL AND TECHNICAL SERVICES,16000,16000,1685000
GRANTS,0W02,Congestion Mitigation Air Quality (CMAQ),84,Chicago Department of Transportation,2805,Congestion Mitigation Air Quality (CMAQ),0540,CONSTRUCTION OF BUILDINGS AND STRUCTURES,21221000,21221000,26052000
GRANTS,0W03,Cook County Highway Program,84,Chicago Department of Transportation,2873,Cook County Highway Program,0540,CONSTRUCTION OF BUILDINGS AND STRUCTURES,6000000,6000000,6000000
GRANTS,0W04,Cubs Fund for Neighborhood Improvements,84,Chicago Department of Transportation,2995,Cubs Fund for Neighborhood Improvements,0140,PROFESSIONAL AND TECHNICAL SERVICES,250000,250000,250000
GRANTS,0W05,High Priority Project Program,84,Chicago Department of Transportation,2869,High Priority Project Program,0540,CONSTRUCTION OF BUILDINGS AND STRUCTURES,920000,920000,1003000
GRANTS,0W06,Highway Safety Improvement Program,84,Chicago Department of Transportation,2925,Highway Safety Improvement Program,0140,PROFESSIONAL AND TECHNICAL SERVICES,1656000,1656000,2633000
GRANTS,0W11,Illinois Transportation Enhancement Program,84,Chicago Department of Transportation,2993,Illinois Transportation Enhancement Program,0140,PROFESSIONAL AND TECHNICAL SERVICES,2000000,2000000,2304000
GRANTS,0W12,Illinois Special Bridge Program (ISPB) / Major Bridge,84,Chicago Department of Transportation,2906,Illinois Special Bridge Program (ISPB) / Major Bridge,0540,CONSTRUCTION OF BUILDINGS AND STRUCTURES,0,0,12260000
GRANTS,0W13,Safe Routes to School,84,Chicago Department of Transportation,2921,Safe Routes to School,0540,CONSTRUCTION OF BUILDINGS AND STRUCTURES,1230000,1230000,0
GRANTS,0W15,State Planning and Research,84,Chicago Department of Transportation,2981,State Planning and Research,0140,PROFESSIONAL AND TECHNICAL SERVICES,3011000,3011000,3000000
GRANTS,0W16,Surface Transportation Program (STP),84,Chicago Department of Transportation,2820,Surface Transportation Program (STP),0540,CONSTRUCTION OF BUILDINGS AND STRUCTURES,77260000,77260000,97000000
GRANTS,0W18,Transportation Alternatives,84,Chicago Department of Transportation,2994,Transportation Alternatives Program,0140,PROFESSIONAL AND TECHNICAL SERVICES,23800000,23800000,28898000
GRANTS,0W20,Transportation Planning,84,Chicago Department of Transportation,280P,Transportation Planning,0140,PROFESSIONAL AND TECHNICAL SERVICES,350000,350000,875000
GRANTS,0W21,Uniform Work Program,84,Chicago Department of Transportation,280H,Uniform Work Program,0003,SCHEDULED WAGE ADJUSTMENTS,0,0,9035
GRANTS,0W21,Uniform Work Program,84,Chicago Department of Transportation,280H,Uniform Work Program,0005,SALARIES AND WAGES - ON PAYROLL,229449,229449,233696
GRANTS,0W21,Uniform Work Program,84,Chicago Department of Transportation,280H,Uniform Work Program,0015,SCHEDULE SALARY ADJUSTMENTS,858,858,3018
GRANTS,0W21,Uniform Work Program,84,Chicago Department of Transportation,280H,Uniform Work Program,0044,FRINGE BENEFITS,94961,94961,105597
GRANTS,0W21,Uniform Work Program,84,Chicago Department of Transportation,280H,Uniform Work Program,0140,PROFESSIONAL AND TECHNICAL SERVICES,687732,687732,848654
GRANTS,0W22,Illinois Secretary of State Grant,84,Chicago Department of Transportation,280K,Illinois Secretary of State Grant,0540,CONSTRUCTION OF BUILDINGS AND STRUCTURES,900000,900000,0
GRANTS,0W23,Illinois Competitive Freight Program,84,Chicago Department of Transportation,280L,Illinois Competitive Freight Program,0140,PROFESSIONAL AND TECHNICAL SERVICES,1360000,1360000,7200000
GRANTS,0W24,Department of Commerce and Economic Opportunity,84,Chicago Department of Transportation,280M,Department of Commerce and Economic Opportunity,0540,CONSTRUCTION OF BUILDINGS AND STRUCTURES,7906000,7906000,8000000
GRANTS,0W26,Pipelines and Hazardous Materials Safety,84,Chicago Department of Transportation,280A,Pipelines and Hazardous Materials Safety,0140,PROFESSIONAL AND TECHNICAL SERVICES,98000,98000,0
GRANTS,0W27,City Colleges Infrastructure Improvements,84,Chicago Department of Transportation,290A,City Colleges Infrastructure Improvements,0140,PROFESSIONAL AND TECHNICAL SERVICES,585000,585000,0
GRANTS,0W28,MWRD Infrastructure Improvements,84,Chicago Department of Transportation,290B,MWRD Infrastructure Improvements,0140,PROFESSIONAL AND TECHNICAL SERVICES,597000,597000,0
GRANTS,0623,Airport Improvement Program-And Tea-21,85,Chicago Department of Aviation,2805,Midway - Airport Improvement Program,0140,PROFESSIONAL AND TECHNICAL SERVICES,33997000,33997000,33906000
GRANTS,0623,Airport Improvement Program-And Tea-21,85,Chicago Department of Aviation,2807,Midway TSA,0140,PROFESSIONAL AND TECHNICAL SERVICES,5526000,5526000,5526000
GRANTS,0623,Airport Improvement Program-And Tea-21,85,Chicago Department of Aviation,2824,Midway - AIP - Noise Program,0140,PROFESSIONAL AND TECHNICAL SERVICES,17500000,17500000,25000000
GRANTS,0624,O'Hare Airport,85,Chicago Department of Aviation,2800,O'Hare Airport - FAA (MOA) - Phase II,0140,PROFESSIONAL AND TECHNICAL SERVICES,7600000,7600000,7600000
GRANTS,0624,O'Hare Airport,85,Chicago Department of Aviation,2810,O'Hare - Airport Improvement Program,0140,PROFESSIONAL AND TECHNICAL SERVICES,44818000,44818000,70218000
GRANTS,0624,O'Hare Airport,85,Chicago Department of Aviation,2811,O'Hare - Transportation Security Administration,0140,PROFESSIONAL AND TECHNICAL SERVICES,72380000,72380000,51306000
GRANTS,0624,O'Hare Airport,85,Chicago Department of Aviation,2813,O'Hare - Airport Improvement Program (AIP) - Noise Program,0140,PROFESSIONAL AND TECHNICAL SERVICES,30718000,30718000,21418000
GRANTS,0624,O'Hare Airport,85,Chicago Department of Aviation,2815,O'Hare / Midway - TSA National Explosives Detection Canine Team Program,0140,PROFESSIONAL AND TECHNICAL SERVICES,1263000,1263000,1263000
GRANTS,0624,O'Hare Airport,85,Chicago Department of Aviation,2825,AIP - Letter of Intent (LOI) Funding,0140,PROFESSIONAL AND TECHNICAL SERVICES,65000000,65000000,65000000
GRANTS,0J63,Community Development Block Grant - Disaster Recovery,88,Department of Water Management,2880,Community Development Block Grant - Disaster Recovery,0140,PROFESSIONAL AND TECHNICAL SERVICES,7938000,7938000,7938000
GRANTS,0L69,Albany Park Flood Control,88,Department of Water Management,2809,Albany Park Flood Control Project 1,0140,PROFESSIONAL AND TECHNICAL SERVICES,7762000,7762000,3704000
GRANTS,0J66,Woodson Branch Construction,91,Chicago Public Library,2846,Woodson Branch Construction,0140,PROFESSIONAL AND TECHNICAL SERVICES,0,0,832000
GRANTS,0J84,Independence Branch Construction,91,Chicago Public Library,2843,Independence Branch Capital Construction - Build Illinois Program,0140,PROFESSIONAL AND TECHNICAL SERVICES,0,0,500000
GRANTS,0W66,Project Next Generation,91,Chicago Public Library,2849,Project Next Generation,0140,PROFESSIONAL AND TECHNICAL SERVICES,40000,40000,40000
GRANTS,0W72,Illinois Library Development - Per Capita and Area,91,Chicago Public Library,2895,Illinois Library Development - Per Capita and Area,0006,SALARY PROVISION,7303000,7303000,0
GRANTS,0W73,Legler Library Branch Renovation,91,Chicago Public Library,2853,Legler Library Branch Renovation,0140,PROFESSIONAL AND TECHNICAL SERVICES,4000000,4000000,4000000
GRANTS,0Z43,Project Next Generation,91,Chicago Public Library,2849,Project Next Generation,0140,PROFESSIONAL AND TECHNICAL SERVICES,20000,20000,0
GRANTS,0Z54,Increasing Access through Digitization,91,Chicago Public Library,2851,Increasing Access through Digitization,0140,PROFESSIONAL AND TECHNICAL SERVICES,19000,19000,0
GRANTS,0Z57,Illinois Library Development - Per Capita and Area,91,Chicago Public Library,2895,Illinois Library Development - Per Capita and Area,0003,SCHEDULED WAGE ADJUSTMENTS,0,0,2993
CDBG,0J46,Community Development Block Grant Year XLVI,21,Department of Housing,2557,Housing Preservation,0015,SCHEDULE SALARY ADJUSTMENTS,2907,2907,3645
GRANTS,0Z57,Illinois Library Development - Per Capita and Area,91,Chicago Public Library,2895,Illinois Library Development - Per Capita and Area,0005,SALARIES AND WAGES - ON PAYROLL,1114096,1114096,4966439
GRANTS,0Z57,Illinois Library Development - Per Capita and Area,91,Chicago Public Library,2895,Illinois Library Development - Per Capita and Area,0015,SCHEDULE SALARY ADJUSTMENTS,17904,17904,16708
GRANTS,0Z57,Illinois Library Development - Per Capita and Area,91,Chicago Public Library,2895,Illinois Library Development - Per Capita and Area,0044,FRINGE BENEFITS,1000000,1000000,2316860
GRANTS,0Z58,Live and Learn Construction,91,Chicago Public Library,2852,Live and Learn Construction,0140,PROFESSIONAL AND TECHNICAL SERVICES,0,0,125000
CDBG,0J46,Community Development Block Grant Year XLVI,5,Office of Budget and Management,2505,Administration and Monitoring,0003,SCHEDULED WAGE ADJUSTMENTS,0,0,6002
CDBG,0J46,Community Development Block Grant Year XLVI,5,Office of Budget and Management,2505,Administration and Monitoring,0005,SALARIES AND WAGES - ON PAYROLL,231046,231046,160056
CDBG,0J46,Community Development Block Grant Year XLVI,5,Office of Budget and Management,2505,Administration and Monitoring,0015,SCHEDULE SALARY ADJUSTMENTS,0,0,1572
CDBG,0J46,Community Development Block Grant Year XLVI,5,Office of Budget and Management,2505,Administration and Monitoring,0039,STUDENT AS TRAINEES,10000,10000,3472
CDBG,0J46,Community Development Block Grant Year XLVI,5,Office of Budget and Management,2505,Administration and Monitoring,0044,FRINGE BENEFITS,93665,93665,70152
CDBG,0J46,Community Development Block Grant Year XLVI,5,Office of Budget and Management,2505,Administration and Monitoring,0140,PROFESSIONAL AND TECHNICAL SERVICES,1740027,1740027,1449962
CDBG,0J46,Community Development Block Grant Year XLVI,5,Office of Budget and Management,2505,Administration and Monitoring,0152,ADVERTISING,10000,10000,30000
CDBG,0J46,Community Development Block Grant Year XLVI,5,Office of Budget and Management,2505,Administration and Monitoring,0157,RENTAL EQUIPMENT AND SERVICES,10000,10000,20000
CDBG,0J46,Community Development Block Grant Year XLVI,5,Office of Budget and Management,2505,Administration and Monitoring,0159,LEASE/PURCHASE EQUIPMENT,8600,8600,8600
CDBG,0J46,Community Development Block Grant Year XLVI,5,Office of Budget and Management,2505,Administration and Monitoring,0169,TECHNICAL MEETING COSTS,5000,5000,30000
CDBG,0J46,Community Development Block Grant Year XLVI,5,Office of Budget and Management,2505,Administration and Monitoring,0190,TELEPHONE - CENTREX BILLINGS,1650,1650,1650
CDBG,0J46,Community Development Block Grant Year XLVI,5,Office of Budget and Management,2505,Administration and Monitoring,0245,REIMBURSEMENT TO TRAVELERS,6000,6000,20000
CDBG,0J46,Community Development Block Grant Year XLVI,5,Office of Budget and Management,2505,Administration and Monitoring,0270,LOCAL TRANSPORTATION,150,150,150
CDBG,0J46,Community Development Block Grant Year XLVI,5,Office of Budget and Management,2505,Administration and Monitoring,0348,BOOKS AND RELATED MATERIAL,1630,1630,1630
CDBG,0J46,Community Development Block Grant Year XLVI,5,Office of Budget and Management,2505,Administration and Monitoring,0350,STATIONERY AND OFFICE SUPPLIES,3500,3500,3500
CDBG,0J46,Community Development Block Grant Year XLVI,5,Office of Budget and Management,2505,Administration and Monitoring,9157,REPAYMENT SECTION 108,979743,979743,0
CDBG,0J46,Community Development Block Grant Year XLVI,5,Office of Budget and Management,2505,Administration and Monitoring,9438,REIMBURSEMENT - AIM,5000,5000,5000
CDBG,0J46,Community Development Block Grant Year XLVI,21,Department of Housing,2556,Developer Services,0003,SCHEDULED WAGE ADJUSTMENTS,0,0,11668
CDBG,0J46,Community Development Block Grant Year XLVI,21,Department of Housing,2556,Developer Services,0005,SALARIES AND WAGES - ON PAYROLL,285295,285295,301814
CDBG,0J46,Community Development Block Grant Year XLVI,21,Department of Housing,2556,Developer Services,0044,FRINGE BENEFITS,119187,119187,136376
CDBG,0J46,Community Development Block Grant Year XLVI,21,Department of Housing,2556,Developer Services,0139,IT DEVELOPMENT,0,0,300000
CDBG,0J46,Community Development Block Grant Year XLVI,21,Department of Housing,2556,Developer Services,0140,PROFESSIONAL AND TECHNICAL SERVICES,150000,150000,205980
CDBG,0J46,Community Development Block Grant Year XLVI,21,Department of Housing,2556,Developer Services,0169,TECHNICAL MEETING COSTS,14500,14500,27000
CDBG,0J46,Community Development Block Grant Year XLVI,21,Department of Housing,2556,Developer Services,0245,REIMBURSEMENT TO TRAVELERS,15000,15000,27000
CDBG,0J46,Community Development Block Grant Year XLVI,21,Department of Housing,2556,Developer Services,0270,LOCAL TRANSPORTATION,100,100,100
CDBG,0J46,Community Development Block Grant Year XLVI,21,Department of Housing,2556,Developer Services,0340,MATERIAL AND SUPPLIES,1800,1800,1800
CDBG,0J46,Community Development Block Grant Year XLVI,21,Department of Housing,2556,Developer Services,0350,STATIONERY AND OFFICE SUPPLIES,1800,1800,1800
CDBG,0J46,Community Development Block Grant Year XLVI,21,Department of Housing,2556,Developer Services,0801,INDIRECT COSTS,0,0,212350
CDBG,0J46,Community Development Block Grant Year XLVI,21,Department of Housing,2556,Developer Services,9103,REHABILITATION LOANS GT,6000000,6000000,8000000
CDBG,0J46,Community Development Block Grant Year XLVI,21,Department of Housing,2557,Housing Preservation,0003,SCHEDULED WAGE ADJUSTMENTS,0,0,3555
CDBG,0J46,Community Development Block Grant Year XLVI,21,Department of Housing,2557,Housing Preservation,0005,SALARIES AND WAGES - ON PAYROLL,435534,435534,282002
CDBG,0J46,Community Development Block Grant Year XLVI,21,Department of Housing,2557,Housing Preservation,0044,FRINGE BENEFITS,186463,186463,127425
CDBG,0J46,Community Development Block Grant Year XLVI,21,Department of Housing,2557,Housing Preservation,0130,POSTAGE,925,925,925
CDBG,0J46,Community Development Block Grant Year XLVI,21,Department of Housing,2557,Housing Preservation,0135,DELEGATE AGENCIES,4855000,4855000,4855000
CDBG,0J46,Community Development Block Grant Year XLVI,21,Department of Housing,2557,Housing Preservation,0157,RENTAL EQUIPMENT AND SERVICES,700,700,700
CDBG,0J46,Community Development Block Grant Year XLVI,21,Department of Housing,2557,Housing Preservation,0169,TECHNICAL MEETING COSTS,1000,1000,3000
CDBG,0J46,Community Development Block Grant Year XLVI,21,Department of Housing,2557,Housing Preservation,0245,REIMBURSEMENT TO TRAVELERS,3000,3000,3000
CDBG,0J46,Community Development Block Grant Year XLVI,21,Department of Housing,2557,Housing Preservation,0340,MATERIAL AND SUPPLIES,3000,3000,3000
CDBG,0J46,Community Development Block Grant Year XLVI,21,Department of Housing,2557,Housing Preservation,0350,STATIONERY AND OFFICE SUPPLIES,3000,3000,3000
CDBG,0J46,Community Development Block Grant Year XLVI,21,Department of Housing,2557,Housing Preservation,0801,INDIRECT COSTS,0,0,173090
CDBG,0J46,Community Development Block Grant Year XLVI,21,Department of Housing,2557,Housing Preservation,9126,HEAT RECEIVERSHIP PGM,1200000,1200000,1200000
CDBG,0J46,Community Development Block Grant Year XLVI,21,Department of Housing,2558,Emergency Repair,0003,SCHEDULED WAGE ADJUSTMENTS,0,0,3953
CDBG,0J46,Community Development Block Grant Year XLVI,21,Department of Housing,2558,Emergency Repair,0005,SALARIES AND WAGES - ON PAYROLL,785880,785880,517827
CDBG,0J46,Community Development Block Grant Year XLVI,21,Department of Housing,2558,Emergency Repair,0015,SCHEDULE SALARY ADJUSTMENTS,14031,14031,1316
CDBG,0J46,Community Development Block Grant Year XLVI,21,Department of Housing,2558,Emergency Repair,0044,FRINGE BENEFITS,330213,330213,233984
CDBG,0J46,Community Development Block Grant Year XLVI,21,Department of Housing,2558,Emergency Repair,0140,PROFESSIONAL AND TECHNICAL SERVICES,149500,149500,109317
CDBG,0J46,Community Development Block Grant Year XLVI,21,Department of Housing,2558,Emergency Repair,0801,INDIRECT COSTS,0,0,408626
CDBG,0J46,Community Development Block Grant Year XLVI,21,Department of Housing,2558,Emergency Repair,9264,EHRP,900000,900000,900000
CDBG,0J46,Community Development Block Grant Year XLVI,21,Department of Housing,2558,Emergency Repair,9265,ROOF AND PORCH REPAIR PROGRAM (RPRP),5268806,5268806,5268806
CDBG,0J46,Community Development Block Grant Year XLVI,21,Department of Housing,2559,Housing Services and Technical Assistance,0003,SCHEDULED WAGE ADJUSTMENTS,0,0,2211
CDBG,0J46,Community Development Block Grant Year XLVI,21,Department of Housing,2559,Housing Services and Technical Assistance,0005,SALARIES AND WAGES - ON PAYROLL,83628,83628,57199
CDBG,0J46,Community Development Block Grant Year XLVI,21,Department of Housing,2559,Housing Services and Technical Assistance,0015,SCHEDULE SALARY ADJUSTMENTS,636,636,1404
CDBG,0J46,Community Development Block Grant Year XLVI,21,Department of Housing,2559,Housing Services and Technical Assistance,0044,FRINGE BENEFITS,33903,33903,25846
CDBG,0J46,Community Development Block Grant Year XLVI,21,Department of Housing,2559,Housing Services and Technical Assistance,0135,DELEGATE AGENCIES,593875,593875,593875
CDBG,0J46,Community Development Block Grant Year XLVI,21,Department of Housing,2559,Housing Services and Technical Assistance,0140,PROFESSIONAL AND TECHNICAL SERVICES,1045,1045,1045
CDBG,0J46,Community Development Block Grant Year XLVI,21,Department of Housing,2559,Housing Services and Technical Assistance,0801,INDIRECT COSTS,0,0,3634
CDBG,0J46,Community Development Block Grant Year XLVI,21,Department of Housing,2560,Homeownership Counseling Services,0003,SCHEDULED WAGE ADJUSTMENTS,0,0,2211
CDBG,0J46,Community Development Block Grant Year XLVI,21,Department of Housing,2560,Homeownership Counseling Services,0005,SALARIES AND WAGES - ON PAYROLL,67800,67800,57199
CDBG,0J46,Community Development Block Grant Year XLVI,21,Department of Housing,2560,Homeownership Counseling Services,0044,FRINGE BENEFITS,27486,27486,25846
CDBG,0J46,Community Development Block Grant Year XLVI,21,Department of Housing,2560,Homeownership Counseling Services,0135,DELEGATE AGENCIES,728120,728120,728120
CDBG,0J46,Community Development Block Grant Year XLVI,21,Department of Housing,2560,Homeownership Counseling Services,0169,TECHNICAL MEETING COSTS,3848,3848,3848
CDBG,0J46,Community Development Block Grant Year XLVI,21,Department of Housing,2560,Homeownership Counseling Services,0801,INDIRECT COSTS,0,0,42150
CDBG,0J46,Community Development Block Grant Year XLVI,21,Department of Housing,2561,Small Accessible Repairs for Seniors,0003,SCHEDULED WAGE ADJUSTMENTS,0,0,3441
CDBG,0J46,Community Development Block Grant Year XLVI,21,Department of Housing,2561,Small Accessible Repairs for Seniors,0005,SALARIES AND WAGES - ON PAYROLL,251041,251041,184540
CDBG,0J46,Community Development Block Grant Year XLVI,21,Department of Housing,2561,Small Accessible Repairs for Seniors,0015,SCHEDULE SALARY ADJUSTMENTS,1548,1548,0
CDBG,0J46,Community Development Block Grant Year XLVI,21,Department of Housing,2561,Small Accessible Repairs for Seniors,0044,FRINGE BENEFITS,108115,108115,83386
CDBG,0J46,Community Development Block Grant Year XLVI,21,Department of Housing,2561,Small Accessible Repairs for Seniors,0135,DELEGATE AGENCIES,2011065,2011065,2011065
CDBG,0J46,Community Development Block Grant Year XLVI,21,Department of Housing,2561,Small Accessible Repairs for Seniors,0140,PROFESSIONAL AND TECHNICAL SERVICES,0,0,105543
CDBG,0J46,Community Development Block Grant Year XLVI,21,Department of Housing,2561,Small Accessible Repairs for Seniors,0801,INDIRECT COSTS,0,0,106487
CDBG,0J46,Community Development Block Grant Year XLVI,21,Department of Housing,2562,Neighborhood Lending,0003,SCHEDULED WAGE ADJUSTMENTS,0,0,4337
CDBG,0J46,Community Development Block Grant Year XLVI,21,Department of Housing,2562,Neighborhood Lending,0005,SALARIES AND WAGES - ON PAYROLL,102085,102085,216178
CDBG,0J46,Community Development Block Grant Year XLVI,21,Department of Housing,2562,Neighborhood Lending,0044,FRINGE BENEFITS,42611,42611,97681
CDBG,0J46,Community Development Block Grant Year XLVI,21,Department of Housing,2562,Neighborhood Lending,0135,DELEGATE AGENCIES,3069370,3069370,3069370
CDBG,0J46,Community Development Block Grant Year XLVI,21,Department of Housing,2562,Neighborhood Lending,0140,PROFESSIONAL AND TECHNICAL SERVICES,0,0,135467
CDBG,0J46,Community Development Block Grant Year XLVI,21,Department of Housing,2562,Neighborhood Lending,0801,INDIRECT COSTS,0,0,89356
CDBG,0J46,Community Development Block Grant Year XLVI,21,Department of Housing,2563,Construction and Compliance,0003,SCHEDULED WAGE ADJUSTMENTS,0,0,10714
CDBG,0J46,Community Development Block Grant Year XLVI,21,Department of Housing,2563,Construction and Compliance,0005,SALARIES AND WAGES - ON PAYROLL,956822,956822,1252162
CDBG,0J46,Community Development Block Grant Year XLVI,21,Department of Housing,2563,Construction and Compliance,0015,SCHEDULE SALARY ADJUSTMENTS,1764,1764,7015
CDBG,0J46,Community Development Block Grant Year XLVI,21,Department of Housing,2563,Construction and Compliance,0044,FRINGE BENEFITS,402504,402504,565797
CDBG,0J46,Community Development Block Grant Year XLVI,21,Department of Housing,2563,Construction and Compliance,0130,POSTAGE,1090,1090,1090
CDBG,0J46,Community Development Block Grant Year XLVI,21,Department of Housing,2563,Construction and Compliance,0140,PROFESSIONAL AND TECHNICAL SERVICES,27625,27625,89877
CDBG,0J46,Community Development Block Grant Year XLVI,21,Department of Housing,2563,Construction and Compliance,0149,SOFTWARE MAINTENANCE AND LICENSING,130000,130000,80000
CDBG,0J46,Community Development Block Grant Year XLVI,21,Department of Housing,2563,Construction and Compliance,0155,RENTAL OF PROPERTY,133065,133065,133065
CDBG,0J46,Community Development Block Grant Year XLVI,21,Department of Housing,2563,Construction and Compliance,0157,RENTAL EQUIPMENT AND SERVICES,570,570,570
CDBG,0J46,Community Development Block Grant Year XLVI,21,Department of Housing,2563,Construction and Compliance,0159,LEASE/PURCHASE EQUIPMENT,3865,3865,3865
CDBG,0J46,Community Development Block Grant Year XLVI,21,Department of Housing,2563,Construction and Compliance,0169,TECHNICAL MEETING COSTS,28000,28000,11800
CDBG,0J46,Community Development Block Grant Year XLVI,21,Department of Housing,2563,Construction and Compliance,0229,TRANSPORTATION AND EXPENSE ALLOWANCE,18650,18650,18650
CDBG,0J46,Community Development Block Grant Year XLVI,21,Department of Housing,2563,Construction and Compliance,0245,REIMBURSEMENT TO TRAVELERS,1500,1500,15003
CDBG,0J46,Community Development Block Grant Year XLVI,21,Department of Housing,2563,Construction and Compliance,0270,LOCAL TRANSPORTATION,190,190,190
CDBG,0J46,Community Development Block Grant Year XLVI,21,Department of Housing,2563,Construction and Compliance,0340,MATERIAL AND SUPPLIES,11312,11312,11312
CDBG,0J46,Community Development Block Grant Year XLVI,21,Department of Housing,2563,Construction and Compliance,0350,STATIONERY AND OFFICE SUPPLIES,6350,6350,6350
CDBG,0J46,Community Development Block Grant Year XLVI,21,Department of Housing,2563,Construction and Compliance,0446,PURCHASE - DATA HARDWARE,9400,9400,9400
CDBG,0J46,Community Development Block Grant Year XLVI,21,Department of Housing,2563,Construction and Compliance,0801,INDIRECT COSTS,0,0,708083
CDBG,0J46,Community Development Block Grant Year XLVI,27,Department of Finance,2512,Accounting and Financial Reporting,0003,SCHEDULED WAGE ADJUSTMENTS,0,0,4140
CDBG,0J46,Community Development Block Grant Year XLVI,27,Department of Finance,2512,Accounting and Financial Reporting,0005,SALARIES AND WAGES - ON PAYROLL,539700,539700,424320
CDBG,0J46,Community Development Block Grant Year XLVI,27,Department of Finance,2512,Accounting and Financial Reporting,0015,SCHEDULE SALARY ADJUSTMENTS,279,279,0
CDBG,0J46,Community Development Block Grant Year XLVI,27,Department of Finance,2512,Accounting and Financial Reporting,0039,STUDENT AS TRAINEES,20000,20000,20000
CDBG,0J46,Community Development Block Grant Year XLVI,27,Department of Finance,2512,Accounting and Financial Reporting,0044,FRINGE BENEFITS,218795,218795,185979
CDBG,0J46,Community Development Block Grant Year XLVI,27,Department of Finance,2512,Accounting and Financial Reporting,0140,PROFESSIONAL AND TECHNICAL SERVICES,79491,79491,79491
CDBG,0J46,Community Development Block Grant Year XLVI,27,Department of Finance,2512,Accounting and Financial Reporting,0142,ACCOUNTING AND AUDITING,324895,324895,324895
CDBG,0J46,Community Development Block Grant Year XLVI,27,Department of Finance,2512,Accounting and Financial Reporting,0149,SOFTWARE MAINTENANCE AND LICENSING,37500,37500,37500
CDBG,0J46,Community Development Block Grant Year XLVI,27,Department of Finance,2512,Accounting and Financial Reporting,0348,BOOKS AND RELATED MATERIAL,12000,12000,12000
CDBG,0J46,Community Development Block Grant Year XLVI,31,Department of Law,2515,Code Enforcement,0003,SCHEDULED WAGE ADJUSTMENTS,0,0,54450
CDBG,0J46,Community Development Block Grant Year XLVI,31,Department of Law,2515,Code Enforcement,0005,SALARIES AND WAGES - ON PAYROLL,1313256,1313256,2026032
CDBG,0J46,Community Development Block Grant Year XLVI,31,Department of Law,2515,Code Enforcement,0015,SCHEDULE SALARY ADJUSTMENTS,242,242,0
CDBG,0J46,Community Development Block Grant Year XLVI,31,Department of Law,2515,Code Enforcement,0044,FRINGE BENEFITS,532394,532394,888010
CDBG,0J46,Community Development Block Grant Year XLVI,38,Department of Asset and Information Management,2505,Environmental Review,0005,SALARIES AND WAGES - ON PAYROLL,191364,191364,199308
CDBG,0J46,Community Development Block Grant Year XLVI,38,Department of Asset and Information Management,2505,Environmental Review,0044,FRINGE BENEFITS,77579,77579,87357
CDBG,0J46,Community Development Block Grant Year XLVI,41,Department of Public Health,2555,Lead Poisoning Prevention,0005,SALARIES AND WAGES - ON PAYROLL,2320115,2320115,2361138
CDBG,0J46,Community Development Block Grant Year XLVI,41,Department of Public Health,2555,Lead Poisoning Prevention,0011,CONTRACT WAGE - SALARY,7514,7514,1139
CDBG,0J46,Community Development Block Grant Year XLVI,41,Department of Public Health,2555,Lead Poisoning Prevention,0015,SCHEDULE SALARY ADJUSTMENTS,11630,11630,23944
CDBG,0J46,Community Development Block Grant Year XLVI,41,Department of Public Health,2555,Lead Poisoning Prevention,0044,FRINGE BENEFITS,981245,981245,1066893
CDBG,0J46,Community Development Block Grant Year XLVI,41,Department of Public Health,2555,Lead Poisoning Prevention,0091,UNIFORM ALLOWANCE,2200,2200,2200
CDBG,0J46,Community Development Block Grant Year XLVI,41,Department of Public Health,2555,Lead Poisoning Prevention,0345,APPARATUS AND INSTRUMENTS,41073,41073,41073
CDBG,0J46,Community Development Block Grant Year XLVI,41,Department of Public Health,2555,Lead Poisoning Prevention,0801,INDIRECT COSTS,0,0,1223333
CDBG,0J46,Community Development Block Grant Year XLVI,41,Department of Public Health,2555,Lead Poisoning Prevention,9651,REIMBURSEMENT - INDIRECT COSTS,718623,718623,0
CDBG,0J46,Community Development Block Grant Year XLVI,41,Department of Public Health,2565,Violence Prevention Program,0135,DELEGATE AGENCIES,500000,500000,500000
CDBG,0J46,Community Development Block Grant Year XLVI,41,Department of Public Health,2597,HIV Prevention Program,0135,DELEGATE AGENCIES,355837,355837,355837
CDBG,0J46,Community Development Block Grant Year XLVI,41,Department of Public Health,2598,Mental Health Clinics,0003,SCHEDULED WAGE ADJUSTMENTS,0,0,14883
CDBG,0J46,Community Development Block Grant Year XLVI,41,Department of Public Health,2598,Mental Health Clinics,0005,SALARIES AND WAGES - ON PAYROLL,4004758,4004758,4035455
CDBG,0J46,Community Development Block Grant Year XLVI,41,Department of Public Health,2598,Mental Health Clinics,0015,SCHEDULE SALARY ADJUSTMENTS,8669,8669,9461
CDBG,0J46,Community Development Block Grant Year XLVI,41,Department of Public Health,2598,Mental Health Clinics,0044,FRINGE BENEFITS,1695853,1695853,1820260
CDBG,0J46,Community Development Block Grant Year XLVI,41,Department of Public Health,2598,Mental Health Clinics,0135,DELEGATE AGENCIES,221000,221000,221000
CDBG,0J46,Community Development Block Grant Year XLVI,41,Department of Public Health,2598,Mental Health Clinics,0140,PROFESSIONAL AND TECHNICAL SERVICES,1002970,1002970,388952
CDBG,0J46,Community Development Block Grant Year XLVI,41,Department of Public Health,2598,Mental Health Clinics,0342,DRUGS  MEDICINE AND CHEMICAL MATERIALS,96927,96927,96927
CDBG,0J46,Community Development Block Grant Year XLVI,41,Department of Public Health,2598,Mental Health Clinics,0801,INDIRECT COSTS,0,0,1956164
CDBG,0J46,Community Development Block Grant Year XLVI,41,Department of Public Health,2598,Mental Health Clinics,9651,REIMBURSEMENT - INDIRECT COSTS,646205,646205,0
CDBG,0J46,Community Development Block Grant Year XLVI,45,Commission on Human Relations,2505,Education  Outreach & Intergroup Relations,0005,SALARIES AND WAGES - ON PAYROLL,225078,225078,278112
CDBG,0J46,Community Development Block Grant Year XLVI,45,Commission on Human Relations,2505,Education  Outreach & Intergroup Relations,0015,SCHEDULE SALARY ADJUSTMENTS,2247,2247,696
CDBG,0J46,Community Development Block Grant Year XLVI,45,Commission on Human Relations,2505,Education  Outreach & Intergroup Relations,0044,FRINGE BENEFITS,96736,96736,121897
CDBG,0J46,Community Development Block Grant Year XLVI,45,Commission on Human Relations,2505,Education  Outreach & Intergroup Relations,0130,POSTAGE,1800,1800,1800
CDBG,0J46,Community Development Block Grant Year XLVI,45,Commission on Human Relations,2505,Education  Outreach & Intergroup Relations,0159,LEASE/PURCHASE EQUIPMENT,1600,1600,1600
CDBG,0J46,Community Development Block Grant Year XLVI,45,Commission on Human Relations,2505,Education  Outreach & Intergroup Relations,0169,TECHNICAL MEETING COSTS,1000,1000,1000
CDBG,0J46,Community Development Block Grant Year XLVI,45,Commission on Human Relations,2505,Education  Outreach & Intergroup Relations,0801,INDIRECT COSTS,0,0,229645
CDBG,0J46,Community Development Block Grant Year XLVI,45,Commission on Human Relations,2505,Education  Outreach & Intergroup Relations,9438,REIMBURSEMENT - AIM,17250,17250,12000
CDBG,0J46,Community Development Block Grant Year XLVI,45,Commission on Human Relations,2510,Fair Housing,0003,SCHEDULED WAGE ADJUSTMENTS,0,0,3849
CDBG,0J46,Community Development Block Grant Year XLVI,45,Commission on Human Relations,2510,Fair Housing,0005,SALARIES AND WAGES - ON PAYROLL,434179,434179,458832
CDBG,0J46,Community Development Block Grant Year XLVI,45,Commission on Human Relations,2510,Fair Housing,0044,FRINGE BENEFITS,184303,184303,201106
CDBG,0J46,Community Development Block Grant Year XLVI,45,Commission on Human Relations,2510,Fair Housing,0135,DELEGATE AGENCIES,119991,119991,119991
CDBG,0J46,Community Development Block Grant Year XLVI,45,Commission on Human Relations,2510,Fair Housing,0140,PROFESSIONAL AND TECHNICAL SERVICES,42303,42303,27360
CDBG,0J46,Community Development Block Grant Year XLVI,45,Commission on Human Relations,2510,Fair Housing,0143,COURT REPORTING,4325,4325,4000
CDBG,0J46,Community Development Block Grant Year XLVI,45,Commission on Human Relations,2510,Fair Housing,0159,LEASE/PURCHASE EQUIPMENT,1600,1600,1600
CDBG,0J46,Community Development Block Grant Year XLVI,45,Commission on Human Relations,2510,Fair Housing,0169,TECHNICAL MEETING COSTS,1200,1200,1500
CDBG,0J46,Community Development Block Grant Year XLVI,45,Commission on Human Relations,2510,Fair Housing,0190,TELEPHONE - CENTREX BILLINGS,3000,3000,1926
CDBG,0J46,Community Development Block Grant Year XLVI,45,Commission on Human Relations,2510,Fair Housing,0801,INDIRECT COSTS,0,0,383993
CDBG,0J46,Community Development Block Grant Year XLVI,45,Commission on Human Relations,2510,Fair Housing,9438,REIMBURSEMENT - AIM,17250,17250,12000
CDBG,0J46,Community Development Block Grant Year XLVI,45,Commission on Human Relations,2510,Fair Housing,9651,REIMBURSEMENT - INDIRECT COSTS,158554,158554,0
CDBG,0J46,Community Development Block Grant Year XLVI,48,Mayor's Office for People with Disabilities,2503,Administration,0005,SALARIES AND WAGES - ON PAYROLL,262272,262272,271296
CDBG,0J46,Community Development Block Grant Year XLVI,48,Mayor's Office for People with Disabilities,2503,Administration,0015,SCHEDULE SALARY ADJUSTMENTS,1360,1360,0
CDBG,0J46,Community Development Block Grant Year XLVI,48,Mayor's Office for People with Disabilities,2503,Administration,0044,FRINGE BENEFITS,106325,106325,118909
CDBG,0J46,Community Development Block Grant Year XLVI,48,Mayor's Office for People with Disabilities,2503,Administration,0138,IT MAINTENANCE,13410,13410,13410
CDBG,0J46,Community Development Block Grant Year XLVI,48,Mayor's Office for People with Disabilities,2503,Administration,0801,INDIRECT COSTS,0,0,232388
CDBG,0J46,Community Development Block Grant Year XLVI,48,Mayor's Office for People with Disabilities,2503,Administration,9651,REIMBURSEMENT - INDIRECT COSTS,332468,332468,0
CDBG,0J46,Community Development Block Grant Year XLVI,48,Mayor's Office for People with Disabilities,2505,Disability Resources,0003,SCHEDULED WAGE ADJUSTMENTS,0,0,6362
CDBG,0J46,Community Development Block Grant Year XLVI,48,Mayor's Office for People with Disabilities,2505,Disability Resources,0005,SALARIES AND WAGES - ON PAYROLL,550128,550128,520020
CDBG,0J46,Community Development Block Grant Year XLVI,48,Mayor's Office for People with Disabilities,2505,Disability Resources,0015,SCHEDULE SALARY ADJUSTMENTS,0,0,995
CDBG,0J46,Community Development Block Grant Year XLVI,48,Mayor's Office for People with Disabilities,2505,Disability Resources,0039,STUDENT AS TRAINEES,4304,4304,4304
CDBG,0J46,Community Development Block Grant Year XLVI,48,Mayor's Office for People with Disabilities,2505,Disability Resources,0044,FRINGE BENEFITS,223021,223021,227925
CDBG,0J46,Community Development Block Grant Year XLVI,48,Mayor's Office for People with Disabilities,2505,Disability Resources,0140,PROFESSIONAL AND TECHNICAL SERVICES,6682,6682,6682
CDBG,0J46,Community Development Block Grant Year XLVI,48,Mayor's Office for People with Disabilities,2505,Disability Resources,0270,LOCAL TRANSPORTATION,336,336,336
CDBG,0J46,Community Development Block Grant Year XLVI,48,Mayor's Office for People with Disabilities,2505,Disability Resources,0340,MATERIAL AND SUPPLIES,1782,1782,1382
CDBG,0J46,Community Development Block Grant Year XLVI,48,Mayor's Office for People with Disabilities,2505,Disability Resources,0350,STATIONERY AND OFFICE SUPPLIES,4787,4787,3787
CDBG,0J46,Community Development Block Grant Year XLVI,48,Mayor's Office for People with Disabilities,2505,Disability Resources,0801,INDIRECT COSTS,0,0,447795
CDBG,0J46,Community Development Block Grant Year XLVI,48,Mayor's Office for People with Disabilities,2510,Independent Living for Disabled Persons,0135,DELEGATE AGENCIES,650000,650000,650000
CDBG,0J46,Community Development Block Grant Year XLVI,48,Mayor's Office for People with Disabilities,2525,Home Mod Program,0003,SCHEDULED WAGE ADJUSTMENTS,0,0,3775
CDBG,0J46,Community Development Block Grant Year XLVI,48,Mayor's Office for People with Disabilities,2525,Home Mod Program,0005,SALARIES AND WAGES - ON PAYROLL,184248,184248,256920
CDBG,0J46,Community Development Block Grant Year XLVI,48,Mayor's Office for People with Disabilities,2525,Home Mod Program,0015,SCHEDULE SALARY ADJUSTMENTS,1110,1110,685
CDBG,0J46,Community Development Block Grant Year XLVI,48,Mayor's Office for People with Disabilities,2525,Home Mod Program,0044,FRINGE BENEFITS,74694,74694,112608
CDBG,0J46,Community Development Block Grant Year XLVI,48,Mayor's Office for People with Disabilities,2525,Home Mod Program,0135,DELEGATE AGENCIES,680000,680000,1100000
CDBG,0J46,Community Development Block Grant Year XLVI,48,Mayor's Office for People with Disabilities,2525,Home Mod Program,0140,PROFESSIONAL AND TECHNICAL SERVICES,0,0,20000
CDBG,0J46,Community Development Block Grant Year XLVI,48,Mayor's Office for People with Disabilities,2525,Home Mod Program,0801,INDIRECT COSTS,0,0,221236
CDBG,0J46,Community Development Block Grant Year XLVI,50,Department of Family and Support Services,2501,Planning and Administration,0005,SALARIES AND WAGES - ON PAYROLL,290173,290173,0
CDBG,0J46,Community Development Block Grant Year XLVI,50,Department of Family and Support Services,2501,Planning and Administration,0044,FRINGE BENEFITS,119742,119742,0
CDBG,0J46,Community Development Block Grant Year XLVI,50,Department of Family and Support Services,2501,Planning and Administration,0125,OFFICE AND BUILDING SERVICES,4500,4500,4500
CDBG,0J46,Community Development Block Grant Year XLVI,50,Department of Family and Support Services,2501,Planning and Administration,0140,PROFESSIONAL AND TECHNICAL SERVICES,14000,14000,11500
CDBG,0J46,Community Development Block Grant Year XLVI,50,Department of Family and Support Services,2501,Planning and Administration,0152,ADVERTISING,200,200,500
CDBG,0J46,Community Development Block Grant Year XLVI,50,Department of Family and Support Services,2501,Planning and Administration,0157,RENTAL EQUIPMENT AND SERVICES,200,200,200
CDBG,0J46,Community Development Block Grant Year XLVI,50,Department of Family and Support Services,2501,Planning and Administration,0159,LEASE/PURCHASE EQUIPMENT,23425,23425,22625
CDBG,0J46,Community Development Block Grant Year XLVI,50,Department of Family and Support Services,2501,Planning and Administration,0166,"DUES, SUBSCRIPTIONS AND MEMBERSHIPS",1400,1400,1400
CDBG,0J46,Community Development Block Grant Year XLVI,50,Department of Family and Support Services,2501,Planning and Administration,0169,TECHNICAL MEETING COSTS,5026,5026,5026
CDBG,0J46,Community Development Block Grant Year XLVI,50,Department of Family and Support Services,2501,Planning and Administration,0190,TELEPHONE - CENTREX BILLINGS,24304,24304,24304
CDBG,0J46,Community Development Block Grant Year XLVI,50,Department of Family and Support Services,2501,Planning and Administration,0197,TELEPHONE - MAINTENANCE,3000,3000,3000
CDBG,0J46,Community Development Block Grant Year XLVI,50,Department of Family and Support Services,2501,Planning and Administration,0245,REIMBURSEMENT TO TRAVELERS,0,0,3000
CDBG,0J46,Community Development Block Grant Year XLVI,50,Department of Family and Support Services,2501,Planning and Administration,0270,LOCAL TRANSPORTATION,450,450,450
CDBG,0J46,Community Development Block Grant Year XLVI,50,Department of Family and Support Services,2501,Planning and Administration,0340,MATERIAL AND SUPPLIES,3775,3775,3775
CDBG,0J46,Community Development Block Grant Year XLVI,50,Department of Family and Support Services,2501,Planning and Administration,0350,STATIONERY AND OFFICE SUPPLIES,2400,2400,2400
CDBG,0J46,Community Development Block Grant Year XLVI,50,Department of Family and Support Services,2501,Planning and Administration,0801,INDIRECT COSTS,0,0,285817
CDBG,0J46,Community Development Block Grant Year XLVI,50,Department of Family and Support Services,2501,Planning and Administration,9438,REIMBURSEMENT - AIM,13148,13148,13148
CDBG,0J46,Community Development Block Grant Year XLVI,50,Department of Family and Support Services,2501,Planning and Administration,9651,REIMBURSEMENT - INDIRECT COSTS,963931,963931,0
CDBG,0J46,Community Development Block Grant Year XLVI,50,Department of Family and Support Services,2510,Human Services,0005,SALARIES AND WAGES - ON PAYROLL,78828,78828,0
CDBG,0J46,Community Development Block Grant Year XLVI,50,Department of Family and Support Services,2510,Human Services,0044,FRINGE BENEFITS,31957,31957,0
CDBG,0J46,Community Development Block Grant Year XLVI,50,Department of Family and Support Services,2510,Human Services,0135,DELEGATE AGENCIES,1006000,1006000,1006000
CDBG,0J46,Community Development Block Grant Year XLVI,50,Department of Family and Support Services,2510,Human Services,0801,INDIRECT COSTS,0,0,61436
CDBG,0J46,Community Development Block Grant Year XLVI,50,Department of Family and Support Services,2515,Homeless Services,0003,SCHEDULED WAGE ADJUSTMENTS,0,0,11645
CDBG,0J46,Community Development Block Grant Year XLVI,50,Department of Family and Support Services,2515,Homeless Services,0005,SALARIES AND WAGES - ON PAYROLL,772079,772079,1020095
CDBG,0J46,Community Development Block Grant Year XLVI,50,Department of Family and Support Services,2515,Homeless Services,0012,CONTRACT WAGE - PREVAILING RATE,495,495,623
CDBG,0J46,Community Development Block Grant Year XLVI,50,Department of Family and Support Services,2515,Homeless Services,0015,SCHEDULE SALARY ADJUSTMENTS,785,785,2736
CDBG,0J46,Community Development Block Grant Year XLVI,50,Department of Family and Support Services,2515,Homeless Services,0044,FRINGE BENEFITS,329196,329196,460936
CDBG,0J46,Community Development Block Grant Year XLVI,50,Department of Family and Support Services,2515,Homeless Services,0135,DELEGATE AGENCIES,8894140,8894140,8894140
CDBG,0J46,Community Development Block Grant Year XLVI,50,Department of Family and Support Services,2515,Homeless Services,0801,INDIRECT COSTS,0,0,537803
CDBG,0J46,Community Development Block Grant Year XLVI,50,Department of Family and Support Services,2520,Workforce Services,0003,SCHEDULED WAGE ADJUSTMENTS,0,0,14257
CDBG,0J46,Community Development Block Grant Year XLVI,50,Department of Family and Support Services,2520,Workforce Services,0005,SALARIES AND WAGES - ON PAYROLL,293550,293550,451923
CDBG,0J46,Community Development Block Grant Year XLVI,50,Department of Family and Support Services,2520,Workforce Services,0015,SCHEDULE SALARY ADJUSTMENTS,1404,1404,2907
CDBG,0J46,Community Development Block Grant Year XLVI,50,Department of Family and Support Services,2520,Workforce Services,0044,FRINGE BENEFITS,125643,125643,204204
CDBG,0J46,Community Development Block Grant Year XLVI,50,Department of Family and Support Services,2520,Workforce Services,0135,DELEGATE AGENCIES,5468113,5468113,5468113
CDBG,0J46,Community Development Block Grant Year XLVI,50,Department of Family and Support Services,2520,Workforce Services,0801,INDIRECT COSTS,0,0,226519
CDBG,0J46,Community Development Block Grant Year XLVI,50,Department of Family and Support Services,2525,Senior Services,0003,SCHEDULED WAGE ADJUSTMENTS,0,0,14763
CDBG,0J46,Community Development Block Grant Year XLVI,50,Department of Family and Support Services,2525,Senior Services,0005,SALARIES AND WAGES - ON PAYROLL,365103,365103,381862
CDBG,0J46,Community Development Block Grant Year XLVI,50,Department of Family and Support Services,2525,Senior Services,0015,SCHEDULE SALARY ADJUSTMENTS,4420,4420,2196
CDBG,0J46,Community Development Block Grant Year XLVI,50,Department of Family and Support Services,2525,Senior Services,0044,FRINGE BENEFITS,158504,158504,172546
CDBG,0J46,Community Development Block Grant Year XLVI,50,Department of Family and Support Services,2525,Senior Services,0135,DELEGATE AGENCIES,2456597,2456597,2456597
CDBG,0J46,Community Development Block Grant Year XLVI,50,Department of Family and Support Services,2525,Senior Services,0140,PROFESSIONAL AND TECHNICAL SERVICES,303024,303024,303024
CDBG,0J46,Community Development Block Grant Year XLVI,50,Department of Family and Support Services,2525,Senior Services,0801,INDIRECT COSTS,0,0,415687
CDBG,0J46,Community Development Block Grant Year XLVI,50,Department of Family and Support Services,2530,Domestic Violence Services,0003,SCHEDULED WAGE ADJUSTMENTS,0,0,10009
CDBG,0J46,Community Development Block Grant Year XLVI,50,Department of Family and Support Services,2530,Domestic Violence Services,0005,SALARIES AND WAGES - ON PAYROLL,411962,411962,354414
CDBG,0J46,Community Development Block Grant Year XLVI,50,Department of Family and Support Services,2530,Domestic Violence Services,0015,SCHEDULE SALARY ADJUSTMENTS,3359,3359,3077
CDBG,0J46,Community Development Block Grant Year XLVI,50,Department of Family and Support Services,2530,Domestic Violence Services,0044,FRINGE BENEFITS,172087,172087,160144
CDBG,0J46,Community Development Block Grant Year XLVI,50,Department of Family and Support Services,2530,Domestic Violence Services,0135,DELEGATE AGENCIES,2055590,2055590,2055590
CDBG,0J46,Community Development Block Grant Year XLVI,50,Department of Family and Support Services,2530,Domestic Violence Services,0166,"DUES, SUBSCRIPTIONS AND MEMBERSHIPS",50379,50379,50379
CDBG,0J46,Community Development Block Grant Year XLVI,50,Department of Family and Support Services,2530,Domestic Violence Services,0801,INDIRECT COSTS,0,0,261026
CDBG,0J46,Community Development Block Grant Year XLVI,54,Department of Planning and Development,2505,Finance and Administration,0003,SCHEDULED WAGE ADJUSTMENTS,0,0,14953
CDBG,0J46,Community Development Block Grant Year XLVI,54,Department of Planning and Development,2505,Finance and Administration,0005,SALARIES AND WAGES - ON PAYROLL,1535602,1535602,1743072
CDBG,0J46,Community Development Block Grant Year XLVI,54,Department of Planning and Development,2505,Finance and Administration,0015,SCHEDULE SALARY ADJUSTMENTS,6091,6091,4780
CDBG,0J46,Community Development Block Grant Year XLVI,54,Department of Planning and Development,2505,Finance and Administration,0039,STUDENT AS TRAINEES,36741,36741,36741
CDBG,0J46,Community Development Block Grant Year XLVI,54,Department of Planning and Development,2505,Finance and Administration,0044,FRINGE BENEFITS,641136,641136,763989
CDBG,0J46,Community Development Block Grant Year XLVI,54,Department of Planning and Development,2505,Finance and Administration,0130,POSTAGE,7966,7966,7966
CDBG,0J46,Community Development Block Grant Year XLVI,54,Department of Planning and Development,2505,Finance and Administration,0150,OUTSIDE GRAPHIC SERVICES,2850,2850,2850
CDBG,0J46,Community Development Block Grant Year XLVI,54,Department of Planning and Development,2505,Finance and Administration,0152,ADVERTISING,21225,21225,21225
CDBG,0J46,Community Development Block Grant Year XLVI,54,Department of Planning and Development,2505,Finance and Administration,0159,LEASE/PURCHASE EQUIPMENT,74013,74013,74013
CDBG,0J46,Community Development Block Grant Year XLVI,54,Department of Planning and Development,2505,Finance and Administration,0162,REPAIR/MAINT EQUIPMENT,6249,6249,6249
CDBG,0J46,Community Development Block Grant Year XLVI,54,Department of Planning and Development,2505,Finance and Administration,0166,"DUES, SUBSCRIPTIONS AND MEMBERSHIPS",1650,1650,1650
CDBG,0J46,Community Development Block Grant Year XLVI,54,Department of Planning and Development,2505,Finance and Administration,0169,TECHNICAL MEETING COSTS,1000,1000,1000
CDBG,0J46,Community Development Block Grant Year XLVI,54,Department of Planning and Development,2505,Finance and Administration,0179,MESSENGER SERVICES,500,500,500
CDBG,0J46,Community Development Block Grant Year XLVI,54,Department of Planning and Development,2505,Finance and Administration,0190,TELEPHONE - CENTREX BILLINGS,16900,16900,12900
CDBG,0J46,Community Development Block Grant Year XLVI,54,Department of Planning and Development,2505,Finance and Administration,0245,REIMBURSEMENT TO TRAVELERS,1500,1500,1500
CDBG,0J46,Community Development Block Grant Year XLVI,54,Department of Planning and Development,2505,Finance and Administration,0340,MATERIAL AND SUPPLIES,10951,10951,10951
CDBG,0J46,Community Development Block Grant Year XLVI,54,Department of Planning and Development,2505,Finance and Administration,0350,STATIONERY AND OFFICE SUPPLIES,12045,12045,12045
CDBG,0J46,Community Development Block Grant Year XLVI,54,Department of Planning and Development,2505,Finance and Administration,0801,INDIRECT COSTS,0,0,1061299
CDBG,0J46,Community Development Block Grant Year XLVI,54,Department of Planning and Development,2505,Finance and Administration,9438,REIMBURSEMENT - AIM,86250,86250,30000
CDBG,0J46,Community Development Block Grant Year XLVI,54,Department of Planning and Development,2505,Finance and Administration,9651,REIMBURSEMENT - INDIRECT COSTS,1566322,1566322,0
CDBG,0J46,Community Development Block Grant Year XLVI,67,Department of Buildings,2505,Troubled Buildings Program,0005,SALARIES AND WAGES - ON PAYROLL,2567322,2567322,0
CDBG,0J46,Community Development Block Grant Year XLVI,67,Department of Buildings,2505,Troubled Buildings Program,0015,SCHEDULE SALARY ADJUSTMENTS,24252,24252,0
CDBG,0J46,Community Development Block Grant Year XLVI,67,Department of Buildings,2505,Troubled Buildings Program,0044,FRINGE BENEFITS,1072936,1072936,0
CDBG,0J46,Community Development Block Grant Year XLVI,67,Department of Buildings,2505,Troubled Buildings Program,0140,PROFESSIONAL AND TECHNICAL SERVICES,175000,175000,0
CDBG,0J46,Community Development Block Grant Year XLVI,67,Department of Buildings,2505,Troubled Buildings Program,0181,MOBILE COMMUNICATION SERVICES,12750,12750,0
CDBG,0J46,Community Development Block Grant Year XLVI,67,Department of Buildings,2505,Troubled Buildings Program,0229,TRANSPORTATION AND EXPENSE ALLOWANCE,51825,51825,0
CDBG,0J46,Community Development Block Grant Year XLVI,67,Department of Buildings,2510,Code Enforcement,0003,SCHEDULED WAGE ADJUSTMENTS,0,0,12358
CDBG,0J46,Community Development Block Grant Year XLVI,67,Department of Buildings,2510,Code Enforcement,0005,SALARIES AND WAGES - ON PAYROLL,2204483,2204483,3610364
CDBG,0J46,Community Development Block Grant Year XLVI,67,Department of Buildings,2510,Code Enforcement,0015,SCHEDULE SALARY ADJUSTMENTS,17148,17148,12259
CDBG,0J46,Community Development Block Grant Year XLVI,67,Department of Buildings,2510,Code Enforcement,0020,OVERTIME,0,0,100000
CDBG,0J46,Community Development Block Grant Year XLVI,67,Department of Buildings,2510,Code Enforcement,0044,FRINGE BENEFITS,928938,928938,1633714
CDBG,0J46,Community Development Block Grant Year XLVI,67,Department of Buildings,2510,Code Enforcement,0181,MOBILE COMMUNICATION SERVICES,12750,12750,25500
CDBG,0J46,Community Development Block Grant Year XLVI,67,Department of Buildings,2510,Code Enforcement,0229,TRANSPORTATION AND EXPENSE ALLOWANCE,51825,51825,130000
CDBG,0J46,Community Development Block Grant Year XLVI,67,Department of Buildings,2515,Strategic Task Force,0003,SCHEDULED WAGE ADJUSTMENTS,0,0,4209
CDBG,0J46,Community Development Block Grant Year XLVI,67,Department of Buildings,2515,Strategic Task Force,0005,SALARIES AND WAGES - ON PAYROLL,0,0,1006838
CDBG,0J46,Community Development Block Grant Year XLVI,67,Department of Buildings,2515,Strategic Task Force,0015,SCHEDULE SALARY ADJUSTMENTS,0,0,4234
CDBG,0J46,Community Development Block Grant Year XLVI,67,Department of Buildings,2515,Strategic Task Force,0020,OVERTIME,0,0,100000
CDBG,0J46,Community Development Block Grant Year XLVI,67,Department of Buildings,2515,Strategic Task Force,0044,FRINGE BENEFITS,0,0,454945
CDBG,0J46,Community Development Block Grant Year XLVI,67,Department of Buildings,2515,Strategic Task Force,0162,REPAIR/MAINT EQUIPMENT,0,0,35000
CDBG,0J46,Community Development Block Grant Year XLVI,67,Department of Buildings,2515,Strategic Task Force,0181,MOBILE COMMUNICATION SERVICES,0,0,12750
CDBG,0J46,Community Development Block Grant Year XLVI,84,Chicago Department of Transportation,2535,Infrastructure Improvements,0140,PROFESSIONAL AND TECHNICAL SERVICES,3320099,3320099,5000000
CDBG,0J46,Community Development Block Grant Year XLVI,88,Department of Water Management,2505,Lead Service Line Replacement,0140,PROFESSIONAL AND TECHNICAL SERVICES,0,0,5000000
